Starting…
Gating variable for step 'Verilator.Lint' set to 'False'- the step will be skipped.
Skipping step 'Verilator Lint'…
Gating variable for step 'Checker.LintTimingConstructs' set to 'False'- the step will be skipped.
Skipping step 'Lint Timing Error Checker'…
Gating variable for step 'Checker.LintErrors' set to 'False'- the step will be skipped.
Skipping step 'Lint Errors Checker'…
Gating variable for step 'Checker.LintWarnings' set to 'False'- the step will be skipped.
Skipping step 'Lint Warnings Checker'…
Running 'Yosys.JsonHeader' at 'fft_ctrl_tlul/runs/26_04_20_00_38/01-yosys-jsonheader'…
Logging subprocess to [repr.filename]'fft_ctrl_tlul/runs/26_04_20_00_38/01-yosys-jsonheader/yosys-jsonheader.log'[/repr.filename]…
Running 'Yosys.Synthesis' at 'fft_ctrl_tlul/runs/26_04_20_00_38/02-yosys-synthesis'…
Logging subprocess to [repr.filename]'fft_ctrl_tlul/runs/26_04_20_00_38/02-yosys-synthesis/yosys-synthesis.log'[/repr.filename]…
Parsing synthesis checks…
Running 'Checker.YosysUnmappedCells' at 'fft_ctrl_tlul/runs/26_04_20_00_38/03-checker-yosysunmappedcells'…
Check for Unmapped Yosys instances clear.
Running 'Checker.YosysSynthChecks' at 'fft_ctrl_tlul/runs/26_04_20_00_38/04-checker-yosyssynthchecks'…
Check for Yosys check errors clear.
Running 'Checker.NetlistAssignStatements' at 'fft_ctrl_tlul/runs/26_04_20_00_38/05-checker-netlistassignstatements'…
Running 'OpenROAD.CheckSDCFiles' at 'fft_ctrl_tlul/runs/26_04_20_00_38/06-openroad-checksdcfiles'…
'PNR_SDC_FILE' is not defined. Using generic fallback SDC for OpenROAD PnR steps.
'SIGNOFF_SDC_FILE' is not defined. Using generic fallback SDC for OpenROAD PnR steps.
Running 'OpenROAD.CheckMacroInstances' at 'fft_ctrl_tlul/runs/26_04_20_00_38/07-openroad-checkmacroinstances'…
No macros found, skipping instance check…
Running 'OpenROAD.STAPrePNR' at 'fft_ctrl_tlul/runs/26_04_20_00_38/08-openroad-staprepnr'…
Starting STA for the nom_tt_025C_1v80 timing corner…
Starting STA for the nom_ss_100C_1v60 timing corner…
Starting STA for the nom_ff_n40C_1v95 timing corner…
Skipping corner min_tt_025C_1v80 for STA (identical to nom_tt_025C_1v80 at this stage)…
Skipping corner min_ss_100C_1v60 for STA (identical to nom_ss_100C_1v60 at this stage)…
Skipping corner min_ff_n40C_1v95 for STA (identical to nom_ff_n40C_1v95 at this stage)…
Skipping corner max_tt_025C_1v80 for STA (identical to nom_tt_025C_1v80 at this stage)…
Skipping corner max_ss_100C_1v60 for STA (identical to nom_ss_100C_1v60 at this stage)…
Logging subprocess to [repr.filename]'fft_ctrl_tlul/runs/26_04_20_00_38/08-openroad-staprepnr/nom_tt_025C_1v80/sta.log'[/repr.filename]…
Logging subprocess to [repr.filename]'fft_ctrl_tlul/runs/26_04_20_00_38/08-openroad-staprepnr/nom_ss_100C_1v60/sta.log'[/repr.filename]…
Logging subprocess to [repr.filename]'fft_ctrl_tlul/runs/26_04_20_00_38/08-openroad-staprepnr/nom_ff_n40C_1v95/sta.log'[/repr.filename]…
Skipping corner max_ff_n40C_1v95 for STA (identical to nom_ff_n40C_1v95 at this stage)…
Finished STA for the nom_ss_100C_1v60 timing corner.
Finished STA for the nom_tt_025C_1v80 timing corner.
Finished STA for the nom_ff_n40C_1v95 timing corner.
Running 'OpenROAD.Floorplan' at 'fft_ctrl_tlul/runs/26_04_20_00_38/09-openroad-floorplan'…
Logging subprocess to [repr.filename]'fft_ctrl_tlul/runs/26_04_20_00_38/09-openroad-floorplan/openroad-floorplan.log'[/repr.filename]…
[STA-1173] /home/ovs/vyges-test/vyges-edge-sensor-soc/openlane/fft_ctrl_tlul/cf_sram/lib/CF_SRAM_1024x32_tt_180V_25C.lib line 62, default_fanout_load is 0.0.
Running 'Odb.CheckMacroAntennaProperties' at 'fft_ctrl_tlul/runs/26_04_20_00_38/10-odb-checkmacroantennaproperties'…
No cells provided, skipping…
Running 'Odb.SetPowerConnections' at 'fft_ctrl_tlul/runs/26_04_20_00_38/11-odb-setpowerconnections'…
Logging subprocess to [repr.filename]'fft_ctrl_tlul/runs/26_04_20_00_38/11-odb-setpowerconnections/odb-setpowerconnections.log'[/repr.filename]…
Running 'Odb.ManualMacroPlacement' at 'fft_ctrl_tlul/runs/26_04_20_00_38/12-odb-manualmacroplacement'…
Using 'MACRO_PLACEMENT_CFG' is deprecated. It is recommended to use the new 'MACROS' configuration variable.
Logging subprocess to [repr.filename]'fft_ctrl_tlul/runs/26_04_20_00_38/12-odb-manualmacroplacement/odb-manualmacroplacement.log'[/repr.filename]…
Running 'OpenROAD.CutRows' at 'fft_ctrl_tlul/runs/26_04_20_00_38/13-openroad-cutrows'…
Logging subprocess to [repr.filename]'fft_ctrl_tlul/runs/26_04_20_00_38/13-openroad-cutrows/openroad-cutrows.log'[/repr.filename]…
[STA-1173] /home/ovs/vyges-test/vyges-edge-sensor-soc/openlane/fft_ctrl_tlul/cf_sram/lib/CF_SRAM_1024x32_tt_180V_25C.lib line 62, default_fanout_load is 0.0.
Running 'OpenROAD.TapEndcapInsertion' at 'fft_ctrl_tlul/runs/26_04_20_00_38/14-openroad-tapendcapinsertion'…
Logging subprocess to [repr.filename]'fft_ctrl_tlul/runs/26_04_20_00_38/14-openroad-tapendcapinsertion/openroad-tapendcapinsertion.log'[/repr.filename]…
[STA-1173] /home/ovs/vyges-test/vyges-edge-sensor-soc/openlane/fft_ctrl_tlul/cf_sram/lib/CF_SRAM_1024x32_tt_180V_25C.lib line 62, default_fanout_load is 0.0.
Running 'Odb.AddPDNObstructions' at 'fft_ctrl_tlul/runs/26_04_20_00_38/15-odb-addpdnobstructions'…
'PDN_OBSTRUCTIONS' is not defined. Skipping 'Odb.AddPDNObstructions'…
Running 'OpenROAD.GeneratePDN' at 'fft_ctrl_tlul/runs/26_04_20_00_38/16-openroad-generatepdn'…
'FP_PDN_CFG' not explicitly set, setting it to /nix/store/iah2c26wzpgdvqc1jv2xxg55xq5km74d-python3-3.11.9-env/lib/python3.11/site-packages/librelane/scripts/openroad/common/pdn_cfg.tcl…
Logging subprocess to [repr.filename]'fft_ctrl_tlul/runs/26_04_20_00_38/16-openroad-generatepdn/openroad-generatepdn.log'[/repr.filename]…
[STA-1173] /home/ovs/vyges-test/vyges-edge-sensor-soc/openlane/fft_ctrl_tlul/cf_sram/lib/CF_SRAM_1024x32_tt_180V_25C.lib line 62, default_fanout_load is 0.0.
[PDN-0231] u_fft_top.memory_interface_inst.u_fft_mem.u_bank0 is not connected to any power/ground nets.
[PDN-0231] u_fft_top.memory_interface_inst.u_fft_mem.u_bank1 is not connected to any power/ground nets.
[PDN-0189] Supply pin u_fft_top.memory_interface_inst.u_fft_mem.u_bank0/vnb is not connected to any net.
[PDN-0189] Supply pin u_fft_top.memory_interface_inst.u_fft_mem.u_bank0/vpwrm is not connected to any net.
[PDN-0189] Supply pin u_fft_top.memory_interface_inst.u_fft_mem.u_bank0/vpwra is not connected to any net.
[PDN-0189] Supply pin u_fft_top.memory_interface_inst.u_fft_mem.u_bank0/vpwrp is not connected to any net.
[PDN-0189] Supply pin u_fft_top.memory_interface_inst.u_fft_mem.u_bank0/vgnd is not connected to any net.
[PDN-0189] Supply pin u_fft_top.memory_interface_inst.u_fft_mem.u_bank0/vpb is not connected to any net.
[PDN-0189] Supply pin u_fft_top.memory_interface_inst.u_fft_mem.u_bank1/vnb is not connected to any net.
[PDN-0189] Supply pin u_fft_top.memory_interface_inst.u_fft_mem.u_bank1/vpwrm is not connected to any net.
[PDN-0189] Supply pin u_fft_top.memory_interface_inst.u_fft_mem.u_bank1/vpwra is not connected to any net.
[PDN-0189] Supply pin u_fft_top.memory_interface_inst.u_fft_mem.u_bank1/vpwrp is not connected to any net.
[PDN-0189] Supply pin u_fft_top.memory_interface_inst.u_fft_mem.u_bank1/vgnd is not connected to any net.
[PDN-0189] Supply pin u_fft_top.memory_interface_inst.u_fft_mem.u_bank1/vpb is not connected to any net.
Running 'Odb.RemovePDNObstructions' at 'fft_ctrl_tlul/runs/26_04_20_00_38/17-odb-removepdnobstructions'…
'PDN_OBSTRUCTIONS' is not defined. Skipping 'Odb.RemovePDNObstructions'…
Running 'Odb.AddRoutingObstructions' at 'fft_ctrl_tlul/runs/26_04_20_00_38/18-odb-addroutingobstructions'…
'ROUTING_OBSTRUCTIONS' is not defined. Skipping 'Odb.AddRoutingObstructions'…
Running 'OpenROAD.GlobalPlacementSkipIO' at 'fft_ctrl_tlul/runs/26_04_20_00_38/19-openroad-globalplacementskipio'…
Logging subprocess to [repr.filename]'fft_ctrl_tlul/runs/26_04_20_00_38/19-openroad-globalplacementskipio/openroad-globalplacementskipio.log'[/repr.filename]…
[STA-1173] /home/ovs/vyges-test/vyges-edge-sensor-soc/openlane/fft_ctrl_tlul/cf_sram/lib/CF_SRAM_1024x32_tt_180V_25C.lib line 62, default_fanout_load is 0.0.
Running 'OpenROAD.IOPlacement' at 'fft_ctrl_tlul/runs/26_04_20_00_38/20-openroad-ioplacement'…
Logging subprocess to [repr.filename]'fft_ctrl_tlul/runs/26_04_20_00_38/20-openroad-ioplacement/openroad-ioplacement.log'[/repr.filename]…
[STA-1173] /home/ovs/vyges-test/vyges-edge-sensor-soc/openlane/fft_ctrl_tlul/cf_sram/lib/CF_SRAM_1024x32_tt_180V_25C.lib line 62, default_fanout_load is 0.0.
Running 'Odb.CustomIOPlacement' at 'fft_ctrl_tlul/runs/26_04_20_00_38/21-odb-customioplacement'…
No custom floorplan file configured, skipping…
Running 'Odb.ApplyDEFTemplate' at 'fft_ctrl_tlul/runs/26_04_20_00_38/22-odb-applydeftemplate'…
No DEF template provided, skipping…
Running 'OpenROAD.GlobalPlacement' at 'fft_ctrl_tlul/runs/26_04_20_00_38/23-openroad-globalplacement'…
Logging subprocess to [repr.filename]'fft_ctrl_tlul/runs/26_04_20_00_38/23-openroad-globalplacement/openroad-globalplacement.log'[/repr.filename]…
[STA-1173] /home/ovs/vyges-test/vyges-edge-sensor-soc/openlane/fft_ctrl_tlul/cf_sram/lib/CF_SRAM_1024x32_tt_180V_25C.lib line 62, default_fanout_load is 0.0.
Running 'Odb.WriteVerilogHeader' at 'fft_ctrl_tlul/runs/26_04_20_00_38/24-odb-writeverilogheader'…
Logging subprocess to [repr.filename]'fft_ctrl_tlul/runs/26_04_20_00_38/24-odb-writeverilogheader/odb-writeverilogheader.log'[/repr.filename]…
Running 'Checker.PowerGridViolations' at 'fft_ctrl_tlul/runs/26_04_20_00_38/25-checker-powergridviolations'…
Check for power grid violations (as reported by OpenROAD PSM- you may ignore these if LVS passes) clear.
Running 'OpenROAD.STAMidPNR' at 'fft_ctrl_tlul/runs/26_04_20_00_38/26-openroad-stamidpnr'…
Logging subprocess to [repr.filename]'fft_ctrl_tlul/runs/26_04_20_00_38/26-openroad-stamidpnr/openroad-stamidpnr.log'[/repr.filename]…
[STA-1173] /home/ovs/vyges-test/vyges-edge-sensor-soc/openlane/fft_ctrl_tlul/cf_sram/lib/CF_SRAM_1024x32_tt_180V_25C.lib line 62, default_fanout_load is 0.0.
[GRT-0097] No global routing found for nets.
Running 'OpenROAD.RepairDesignPostGPL' at 'fft_ctrl_tlul/runs/26_04_20_00_38/27-openroad-repairdesignpostgpl'…
Logging subprocess to [repr.filename]'fft_ctrl_tlul/runs/26_04_20_00_38/27-openroad-repairdesignpostgpl/openroad-repairdesignpostgpl.log'[/repr.filename]…
[STA-1173] /home/ovs/vyges-test/vyges-edge-sensor-soc/openlane/fft_ctrl_tlul/cf_sram/lib/CF_SRAM_1024x32_tt_180V_25C.lib line 62, default_fanout_load is 0.0.
[STA-1140] /home/ovs/vyges-test/vyges-edge-sensor-soc/openlane/fft_ctrl_tlul/cf_sram/lib/CF_SRAM_1024x32_tt_180V_25C.lib line 29, library CF_SRAM_1024x32_tt_180V_25C already exists.
[STA-1173] /home/ovs/vyges-test/vyges-edge-sensor-soc/openlane/fft_ctrl_tlul/cf_sram/lib/CF_SRAM_1024x32_tt_180V_25C.lib line 62, default_fanout_load is 0.0.
[STA-1140] /home/ovs/vyges-test/vyges-edge-sensor-soc/openlane/fft_ctrl_tlul/cf_sram/lib/CF_SRAM_1024x32_tt_180V_25C.lib line 29, library CF_SRAM_1024x32_tt_180V_25C already exists.
[STA-1173] /home/ovs/vyges-test/vyges-edge-sensor-soc/openlane/fft_ctrl_tlul/cf_sram/lib/CF_SRAM_1024x32_tt_180V_25C.lib line 62, default_fanout_load is 0.0.
[RSZ-0095] found 4 floating pins.
Running 'Odb.ManualGlobalPlacement' at 'fft_ctrl_tlul/runs/26_04_20_00_38/28-odb-manualglobalplacement'…
'MANUAL_GLOBAL_PLACEMENTS' not set, skipping…
Running 'OpenROAD.DetailedPlacement' at 'fft_ctrl_tlul/runs/26_04_20_00_38/29-openroad-detailedplacement'…
Logging subprocess to [repr.filename]'fft_ctrl_tlul/runs/26_04_20_00_38/29-openroad-detailedplacement/openroad-detailedplacement.log'[/repr.filename]…
[STA-1173] /home/ovs/vyges-test/vyges-edge-sensor-soc/openlane/fft_ctrl_tlul/cf_sram/lib/CF_SRAM_1024x32_tt_180V_25C.lib line 62, default_fanout_load is 0.0.
Running 'OpenROAD.CTS' at 'fft_ctrl_tlul/runs/26_04_20_00_38/30-openroad-cts'…
Logging subprocess to [repr.filename]'fft_ctrl_tlul/runs/26_04_20_00_38/30-openroad-cts/openroad-cts.log'[/repr.filename]…
[STA-1173] /home/ovs/vyges-test/vyges-edge-sensor-soc/openlane/fft_ctrl_tlul/cf_sram/lib/CF_SRAM_1024x32_tt_180V_25C.lib line 62, default_fanout_load is 0.0.
[STA-1140] /home/ovs/vyges-test/vyges-edge-sensor-soc/openlane/fft_ctrl_tlul/cf_sram/lib/CF_SRAM_1024x32_tt_180V_25C.lib line 29, library CF_SRAM_1024x32_tt_180V_25C already exists.
[STA-1173] /home/ovs/vyges-test/vyges-edge-sensor-soc/openlane/fft_ctrl_tlul/cf_sram/lib/CF_SRAM_1024x32_tt_180V_25C.lib line 62, default_fanout_load is 0.0.
[STA-1140] /home/ovs/vyges-test/vyges-edge-sensor-soc/openlane/fft_ctrl_tlul/cf_sram/lib/CF_SRAM_1024x32_tt_180V_25C.lib line 29, library CF_SRAM_1024x32_tt_180V_25C already exists.
[STA-1173] /home/ovs/vyges-test/vyges-edge-sensor-soc/openlane/fft_ctrl_tlul/cf_sram/lib/CF_SRAM_1024x32_tt_180V_25C.lib line 62, default_fanout_load is 0.0.
[RSZ-0065] max wire length less than 6335u increases wire delays.
Running 'OpenROAD.STAMidPNR-1' at 'fft_ctrl_tlul/runs/26_04_20_00_38/31-openroad-stamidpnr-1'…
Logging subprocess to [repr.filename]'fft_ctrl_tlul/runs/26_04_20_00_38/31-openroad-stamidpnr-1/openroad-stamidpnr-1.log'[/repr.filename]…
[STA-1173] /home/ovs/vyges-test/vyges-edge-sensor-soc/openlane/fft_ctrl_tlul/cf_sram/lib/CF_SRAM_1024x32_tt_180V_25C.lib line 62, default_fanout_load is 0.0.
[GRT-0097] No global routing found for nets.
Running 'OpenROAD.ResizerTimingPostCTS' at 'fft_ctrl_tlul/runs/26_04_20_00_38/32-openroad-resizertimingpostcts'…
Logging subprocess to [repr.filename]'fft_ctrl_tlul/runs/26_04_20_00_38/32-openroad-resizertimingpostcts/openroad-resizertimingpostcts.log'[/repr.filename]…
[STA-1173] /home/ovs/vyges-test/vyges-edge-sensor-soc/openlane/fft_ctrl_tlul/cf_sram/lib/CF_SRAM_1024x32_tt_180V_25C.lib line 62, default_fanout_load is 0.0.
[STA-1140] /home/ovs/vyges-test/vyges-edge-sensor-soc/openlane/fft_ctrl_tlul/cf_sram/lib/CF_SRAM_1024x32_tt_180V_25C.lib line 29, library CF_SRAM_1024x32_tt_180V_25C already exists.
[STA-1173] /home/ovs/vyges-test/vyges-edge-sensor-soc/openlane/fft_ctrl_tlul/cf_sram/lib/CF_SRAM_1024x32_tt_180V_25C.lib line 62, default_fanout_load is 0.0.
[STA-1140] /home/ovs/vyges-test/vyges-edge-sensor-soc/openlane/fft_ctrl_tlul/cf_sram/lib/CF_SRAM_1024x32_tt_180V_25C.lib line 29, library CF_SRAM_1024x32_tt_180V_25C already exists.
[STA-1173] /home/ovs/vyges-test/vyges-edge-sensor-soc/openlane/fft_ctrl_tlul/cf_sram/lib/CF_SRAM_1024x32_tt_180V_25C.lib line 62, default_fanout_load is 0.0.
Running 'OpenROAD.STAMidPNR-2' at 'fft_ctrl_tlul/runs/26_04_20_00_38/33-openroad-stamidpnr-2'…
Logging subprocess to [repr.filename]'fft_ctrl_tlul/runs/26_04_20_00_38/33-openroad-stamidpnr-2/openroad-stamidpnr-2.log'[/repr.filename]…
[STA-1173] /home/ovs/vyges-test/vyges-edge-sensor-soc/openlane/fft_ctrl_tlul/cf_sram/lib/CF_SRAM_1024x32_tt_180V_25C.lib line 62, default_fanout_load is 0.0.
[GRT-0097] No global routing found for nets.
Running 'OpenROAD.GlobalRouting' at 'fft_ctrl_tlul/runs/26_04_20_00_38/34-openroad-globalrouting'…
Logging subprocess to [repr.filename]'fft_ctrl_tlul/runs/26_04_20_00_38/34-openroad-globalrouting/openroad-globalrouting.log'[/repr.filename]…
[STA-1173] /home/ovs/vyges-test/vyges-edge-sensor-soc/openlane/fft_ctrl_tlul/cf_sram/lib/CF_SRAM_1024x32_tt_180V_25C.lib line 62, default_fanout_load is 0.0.
Running 'OpenROAD.CheckAntennas' at 'fft_ctrl_tlul/runs/26_04_20_00_38/35-openroad-checkantennas'…
Logging subprocess to [repr.filename]'fft_ctrl_tlul/runs/26_04_20_00_38/35-openroad-checkantennas/openroad-checkantennas.log'[/repr.filename]…
[STA-1173] /home/ovs/vyges-test/vyges-edge-sensor-soc/openlane/fft_ctrl_tlul/cf_sram/lib/CF_SRAM_1024x32_tt_180V_25C.lib line 62, default_fanout_load is 0.0.
Running 'OpenROAD.RepairDesignPostGRT' at 'fft_ctrl_tlul/runs/26_04_20_00_38/36-openroad-repairdesignpostgrt'…
Logging subprocess to [repr.filename]'fft_ctrl_tlul/runs/26_04_20_00_38/36-openroad-repairdesignpostgrt/openroad-repairdesignpostgrt.log'[/repr.filename]…
[STA-1173] /home/ovs/vyges-test/vyges-edge-sensor-soc/openlane/fft_ctrl_tlul/cf_sram/lib/CF_SRAM_1024x32_tt_180V_25C.lib line 62, default_fanout_load is 0.0.
[STA-1140] /home/ovs/vyges-test/vyges-edge-sensor-soc/openlane/fft_ctrl_tlul/cf_sram/lib/CF_SRAM_1024x32_tt_180V_25C.lib line 29, library CF_SRAM_1024x32_tt_180V_25C already exists.
[STA-1173] /home/ovs/vyges-test/vyges-edge-sensor-soc/openlane/fft_ctrl_tlul/cf_sram/lib/CF_SRAM_1024x32_tt_180V_25C.lib line 62, default_fanout_load is 0.0.
[STA-1140] /home/ovs/vyges-test/vyges-edge-sensor-soc/openlane/fft_ctrl_tlul/cf_sram/lib/CF_SRAM_1024x32_tt_180V_25C.lib line 29, library CF_SRAM_1024x32_tt_180V_25C already exists.
[STA-1173] /home/ovs/vyges-test/vyges-edge-sensor-soc/openlane/fft_ctrl_tlul/cf_sram/lib/CF_SRAM_1024x32_tt_180V_25C.lib line 62, default_fanout_load is 0.0.
Running 'Odb.DiodesOnPorts' at 'fft_ctrl_tlul/runs/26_04_20_00_38/37-odb-diodesonports'…
'DIODE_ON_PORTS' is set to 'none': skipping…
Running 'Odb.HeuristicDiodeInsertion' at 'fft_ctrl_tlul/runs/26_04_20_00_38/38-odb-heuristicdiodeinsertion'…
Running 'Odb.FuzzyDiodePlacement' at 'fft_ctrl_tlul/runs/26_04_20_00_38/38-odb-heuristicdiodeinsertion/1-odb-fuzzydiodeplacement'…
Logging subprocess to [repr.filename]'fft_ctrl_tlul/runs/26_04_20_00_38/38-odb-heuristicdiodeinsertion/1-odb-fuzzydiodeplacement/odb-fuzzydiodeplacement.log'[/repr.filename]…
Running 'OpenROAD.DetailedPlacement' at 'fft_ctrl_tlul/runs/26_04_20_00_38/38-odb-heuristicdiodeinsertion/2-openroad-detailedplacement'…
Logging subprocess to [repr.filename]'fft_ctrl_tlul/runs/26_04_20_00_38/38-odb-heuristicdiodeinsertion/2-openroad-detailedplacement/openroad-detailedplacement.log'[/repr.filename]…
[STA-1173] /home/ovs/vyges-test/vyges-edge-sensor-soc/openlane/fft_ctrl_tlul/cf_sram/lib/CF_SRAM_1024x32_tt_180V_25C.lib line 62, default_fanout_load is 0.0.
Running 'OpenROAD.GlobalRouting' at 'fft_ctrl_tlul/runs/26_04_20_00_38/38-odb-heuristicdiodeinsertion/3-openroad-globalrouting'…
Logging subprocess to [repr.filename]'fft_ctrl_tlul/runs/26_04_20_00_38/38-odb-heuristicdiodeinsertion/3-openroad-globalrouting/openroad-globalrouting.log'[/repr.filename]…
[STA-1173] /home/ovs/vyges-test/vyges-edge-sensor-soc/openlane/fft_ctrl_tlul/cf_sram/lib/CF_SRAM_1024x32_tt_180V_25C.lib line 62, default_fanout_load is 0.0.
Running 'OpenROAD.RepairAntennas' at 'fft_ctrl_tlul/runs/26_04_20_00_38/39-openroad-repairantennas'…
Running 'DiodeInsertion' at 'fft_ctrl_tlul/runs/26_04_20_00_38/39-openroad-repairantennas/1-diodeinsertion'…
Logging subprocess to [repr.filename]'fft_ctrl_tlul/runs/26_04_20_00_38/39-openroad-repairantennas/1-diodeinsertion/diodeinsertion.log'[/repr.filename]…
[STA-1173] /home/ovs/vyges-test/vyges-edge-sensor-soc/openlane/fft_ctrl_tlul/cf_sram/lib/CF_SRAM_1024x32_tt_180V_25C.lib line 62, default_fanout_load is 0.0.
Running 'OpenROAD.CheckAntennas' at 'fft_ctrl_tlul/runs/26_04_20_00_38/39-openroad-repairantennas/2-openroad-checkantennas'…
Logging subprocess to [repr.filename]'fft_ctrl_tlul/runs/26_04_20_00_38/39-openroad-repairantennas/2-openroad-checkantennas/openroad-checkantennas.log'[/repr.filename]…
[STA-1173] /home/ovs/vyges-test/vyges-edge-sensor-soc/openlane/fft_ctrl_tlul/cf_sram/lib/CF_SRAM_1024x32_tt_180V_25C.lib line 62, default_fanout_load is 0.0.
Running 'OpenROAD.ResizerTimingPostGRT' at 'fft_ctrl_tlul/runs/26_04_20_00_38/40-openroad-resizertimingpostgrt'…
Logging subprocess to [repr.filename]'fft_ctrl_tlul/runs/26_04_20_00_38/40-openroad-resizertimingpostgrt/openroad-resizertimingpostgrt.log'[/repr.filename]…
[STA-1173] /home/ovs/vyges-test/vyges-edge-sensor-soc/openlane/fft_ctrl_tlul/cf_sram/lib/CF_SRAM_1024x32_tt_180V_25C.lib line 62, default_fanout_load is 0.0.
[STA-1140] /home/ovs/vyges-test/vyges-edge-sensor-soc/openlane/fft_ctrl_tlul/cf_sram/lib/CF_SRAM_1024x32_tt_180V_25C.lib line 29, library CF_SRAM_1024x32_tt_180V_25C already exists.
[STA-1173] /home/ovs/vyges-test/vyges-edge-sensor-soc/openlane/fft_ctrl_tlul/cf_sram/lib/CF_SRAM_1024x32_tt_180V_25C.lib line 62, default_fanout_load is 0.0.
[STA-1140] /home/ovs/vyges-test/vyges-edge-sensor-soc/openlane/fft_ctrl_tlul/cf_sram/lib/CF_SRAM_1024x32_tt_180V_25C.lib line 29, library CF_SRAM_1024x32_tt_180V_25C already exists.
[STA-1173] /home/ovs/vyges-test/vyges-edge-sensor-soc/openlane/fft_ctrl_tlul/cf_sram/lib/CF_SRAM_1024x32_tt_180V_25C.lib line 62, default_fanout_load is 0.0.
Running 'OpenROAD.STAMidPNR-3' at 'fft_ctrl_tlul/runs/26_04_20_00_38/41-openroad-stamidpnr-3'…
Logging subprocess to [repr.filename]'fft_ctrl_tlul/runs/26_04_20_00_38/41-openroad-stamidpnr-3/openroad-stamidpnr-3.log'[/repr.filename]…
[STA-1173] /home/ovs/vyges-test/vyges-edge-sensor-soc/openlane/fft_ctrl_tlul/cf_sram/lib/CF_SRAM_1024x32_tt_180V_25C.lib line 62, default_fanout_load is 0.0.
Running 'OpenROAD.DetailedRouting' at 'fft_ctrl_tlul/runs/26_04_20_00_38/42-openroad-detailedrouting'…
Running TritonRoute with 88 threads…
Logging subprocess to [repr.filename]'fft_ctrl_tlul/runs/26_04_20_00_38/42-openroad-detailedrouting/openroad-detailedrouting.log'[/repr.filename]…
[STA-1173] /home/ovs/vyges-test/vyges-edge-sensor-soc/openlane/fft_ctrl_tlul/cf_sram/lib/CF_SRAM_1024x32_tt_180V_25C.lib line 62, default_fanout_load is 0.0.
[DRT-0349] LEF58_ENCLOSURE with no CUTCLASS is not supported. Skipping for layer mcon
[DRT-0349] LEF58_ENCLOSURE with no CUTCLASS is not supported. Skipping for layer mcon
[DRT-0349] LEF58_ENCLOSURE with no CUTCLASS is not supported. Skipping for layer via
[DRT-0349] LEF58_ENCLOSURE with no CUTCLASS is not supported. Skipping for layer via
[DRT-0349] LEF58_ENCLOSURE with no CUTCLASS is not supported. Skipping for layer via2
[DRT-0349] LEF58_ENCLOSURE with no CUTCLASS is not supported. Skipping for layer via2
[DRT-0349] LEF58_ENCLOSURE with no CUTCLASS is not supported. Skipping for layer via3
[DRT-0349] LEF58_ENCLOSURE with no CUTCLASS is not supported. Skipping for layer via3
[DRT-0349] LEF58_ENCLOSURE with no CUTCLASS is not supported. Skipping for layer via4
[DRT-0349] LEF58_ENCLOSURE with no CUTCLASS is not supported. Skipping for layer via4
Running 'Odb.RemoveRoutingObstructions' at 'fft_ctrl_tlul/runs/26_04_20_00_38/43-odb-removeroutingobstructions'…
'ROUTING_OBSTRUCTIONS' is not defined. Skipping 'Odb.RemoveRoutingObstructions'…
Running 'OpenROAD.CheckAntennas-1' at 'fft_ctrl_tlul/runs/26_04_20_00_38/44-openroad-checkantennas-1'…
Logging subprocess to [repr.filename]'fft_ctrl_tlul/runs/26_04_20_00_38/44-openroad-checkantennas-1/openroad-checkantennas-1.log'[/repr.filename]…
[STA-1173] /home/ovs/vyges-test/vyges-edge-sensor-soc/openlane/fft_ctrl_tlul/cf_sram/lib/CF_SRAM_1024x32_tt_180V_25C.lib line 62, default_fanout_load is 0.0.
Running 'Checker.TrDRC' at 'fft_ctrl_tlul/runs/26_04_20_00_38/45-checker-trdrc'…
Check for Routing DRC errors clear.
Running 'Odb.ReportDisconnectedPins' at 'fft_ctrl_tlul/runs/26_04_20_00_38/46-odb-reportdisconnectedpins'…
Logging subprocess to [repr.filename]'fft_ctrl_tlul/runs/26_04_20_00_38/46-odb-reportdisconnectedpins/odb-reportdisconnectedpins.log'[/repr.filename]…
Running 'Checker.DisconnectedPins' at 'fft_ctrl_tlul/runs/26_04_20_00_38/47-checker-disconnectedpins'…
Check for critical disconnected pins clear.
Running 'Odb.ReportWireLength' at 'fft_ctrl_tlul/runs/26_04_20_00_38/48-odb-reportwirelength'…
Logging subprocess to [repr.filename]'fft_ctrl_tlul/runs/26_04_20_00_38/48-odb-reportwirelength/odb-reportwirelength.log'[/repr.filename]…
Running 'Checker.WireLength' at 'fft_ctrl_tlul/runs/26_04_20_00_38/49-checker-wirelength'…
Threshold for Threshold-surpassing long wires is not set. The checker will be skipped.
Running 'OpenROAD.FillInsertion' at 'fft_ctrl_tlul/runs/26_04_20_00_38/50-openroad-fillinsertion'…
Logging subprocess to [repr.filename]'fft_ctrl_tlul/runs/26_04_20_00_38/50-openroad-fillinsertion/openroad-fillinsertion.log'[/repr.filename]…
[STA-1173] /home/ovs/vyges-test/vyges-edge-sensor-soc/openlane/fft_ctrl_tlul/cf_sram/lib/CF_SRAM_1024x32_tt_180V_25C.lib line 62, default_fanout_load is 0.0.
Running 'Odb.CellFrequencyTables' at 'fft_ctrl_tlul/runs/26_04_20_00_38/51-odb-cellfrequencytables'…
Logging subprocess to [repr.filename]'fft_ctrl_tlul/runs/26_04_20_00_38/51-odb-cellfrequencytables/buffer_list.txt'[/repr.filename]…
Logging subprocess to [repr.filename]'fft_ctrl_tlul/runs/26_04_20_00_38/51-odb-cellfrequencytables/odb-cellfrequencytables.log'[/repr.filename]…
Running 'OpenROAD.RCX' at 'fft_ctrl_tlul/runs/26_04_20_00_38/52-openroad-rcx'…
Running RCX for corners matching nom_* (/home/ovs/vyges-test/vyges-edge-sensor-soc/openlane/fft_ctrl_tlul/runs/26_04_20_00_38/52-openroad-rcx/nom/rcx.log)…
Running RCX for corners matching min_* (/home/ovs/vyges-test/vyges-edge-sensor-soc/openlane/fft_ctrl_tlul/runs/26_04_20_00_38/52-openroad-rcx/min/rcx.log)…
Running RCX for corners matching max_* (/home/ovs/vyges-test/vyges-edge-sensor-soc/openlane/fft_ctrl_tlul/runs/26_04_20_00_38/52-openroad-rcx/max/rcx.log)…
Logging subprocess to [repr.filename]'fft_ctrl_tlul/runs/26_04_20_00_38/52-openroad-rcx/max/rcx.log'[/repr.filename]…
Logging subprocess to [repr.filename]'fft_ctrl_tlul/runs/26_04_20_00_38/52-openroad-rcx/nom/rcx.log'[/repr.filename]…
Logging subprocess to [repr.filename]'fft_ctrl_tlul/runs/26_04_20_00_38/52-openroad-rcx/min/rcx.log'[/repr.filename]…
Finished RCX for corners matching max_*.
Finished RCX for corners matching nom_*.
Finished RCX for corners matching min_*.
Running 'OpenROAD.STAPostPNR' at 'fft_ctrl_tlul/runs/26_04_20_00_38/53-openroad-stapostpnr'…
Starting STA for the nom_tt_025C_1v80 timing corner…
Starting STA for the nom_ss_100C_1v60 timing corner…
Starting STA for the nom_ff_n40C_1v95 timing corner…
Logging subprocess to [repr.filename]'fft_ctrl_tlul/runs/26_04_20_00_38/53-openroad-stapostpnr/nom_ss_100C_1v60/sta.log'[/repr.filename]…
Logging subprocess to [repr.filename]'fft_ctrl_tlul/runs/26_04_20_00_38/53-openroad-stapostpnr/nom_tt_025C_1v80/sta.log'[/repr.filename]…
Starting STA for the min_tt_025C_1v80 timing corner…
Logging subprocess to [repr.filename]'fft_ctrl_tlul/runs/26_04_20_00_38/53-openroad-stapostpnr/nom_ff_n40C_1v95/sta.log'[/repr.filename]…
Starting STA for the min_ss_100C_1v60 timing corner…
Starting STA for the min_ff_n40C_1v95 timing corner…
Starting STA for the max_tt_025C_1v80 timing corner…
Logging subprocess to [repr.filename]'fft_ctrl_tlul/runs/26_04_20_00_38/53-openroad-stapostpnr/min_ss_100C_1v60/sta.log'[/repr.filename]…
Starting STA for the max_ss_100C_1v60 timing corner…
Logging subprocess to [repr.filename]'fft_ctrl_tlul/runs/26_04_20_00_38/53-openroad-stapostpnr/min_tt_025C_1v80/sta.log'[/repr.filename]…
Starting STA for the max_ff_n40C_1v95 timing corner…
Logging subprocess to [repr.filename]'fft_ctrl_tlul/runs/26_04_20_00_38/53-openroad-stapostpnr/max_ss_100C_1v60/sta.log'[/repr.filename]…
Logging subprocess to [repr.filename]'fft_ctrl_tlul/runs/26_04_20_00_38/53-openroad-stapostpnr/max_tt_025C_1v80/sta.log'[/repr.filename]…
Logging subprocess to [repr.filename]'fft_ctrl_tlul/runs/26_04_20_00_38/53-openroad-stapostpnr/min_ff_n40C_1v95/sta.log'[/repr.filename]…
Logging subprocess to [repr.filename]'fft_ctrl_tlul/runs/26_04_20_00_38/53-openroad-stapostpnr/max_ff_n40C_1v95/sta.log'[/repr.filename]…
Finished STA for the nom_tt_025C_1v80 timing corner.
Logging subprocess to [repr.filename]'fft_ctrl_tlul/runs/26_04_20_00_38/53-openroad-stapostpnr/nom_tt_025C_1v80/filter_unannotated.log'[/repr.filename]…
Finished STA for the min_ss_100C_1v60 timing corner.
Logging subprocess to [repr.filename]'fft_ctrl_tlul/runs/26_04_20_00_38/53-openroad-stapostpnr/min_ss_100C_1v60/filter_unannotated.log'[/repr.filename]…
Finished STA for the min_ff_n40C_1v95 timing corner.
Logging subprocess to [repr.filename]'fft_ctrl_tlul/runs/26_04_20_00_38/53-openroad-stapostpnr/min_ff_n40C_1v95/filter_unannotated.log'[/repr.filename]…
Finished STA for the max_tt_025C_1v80 timing corner.
Logging subprocess to [repr.filename]'fft_ctrl_tlul/runs/26_04_20_00_38/53-openroad-stapostpnr/max_tt_025C_1v80/filter_unannotated.log'[/repr.filename]…
Finished STA for the nom_ff_n40C_1v95 timing corner.
Logging subprocess to [repr.filename]'fft_ctrl_tlul/runs/26_04_20_00_38/53-openroad-stapostpnr/nom_ff_n40C_1v95/filter_unannotated.log'[/repr.filename]…
Finished STA for the max_ss_100C_1v60 timing corner.
Logging subprocess to [repr.filename]'fft_ctrl_tlul/runs/26_04_20_00_38/53-openroad-stapostpnr/max_ss_100C_1v60/filter_unannotated.log'[/repr.filename]…
Finished STA for the min_tt_025C_1v80 timing corner.
Logging subprocess to [repr.filename]'fft_ctrl_tlul/runs/26_04_20_00_38/53-openroad-stapostpnr/min_tt_025C_1v80/filter_unannotated.log'[/repr.filename]…
Finished STA for the max_ff_n40C_1v95 timing corner.
Logging subprocess to [repr.filename]'fft_ctrl_tlul/runs/26_04_20_00_38/53-openroad-stapostpnr/max_ff_n40C_1v95/filter_unannotated.log'[/repr.filename]…
Finished STA for the nom_ss_100C_1v60 timing corner.
Logging subprocess to [repr.filename]'fft_ctrl_tlul/runs/26_04_20_00_38/53-openroad-stapostpnr/nom_ss_100C_1v60/filter_unannotated.log'[/repr.filename]…
Running 'OpenROAD.IRDropReport' at 'fft_ctrl_tlul/runs/26_04_20_00_38/54-openroad-irdropreport'…
'VSRC_LOC_FILES' was not given a value, which may make the results of IR drop analysis inaccurate. If you are not integrating a top-level chip for manufacture, you may ignore this warning, otherwise, see the documentation for 'VSRC_LOC_FILES'.
Logging subprocess to [repr.filename]'fft_ctrl_tlul/runs/26_04_20_00_38/54-openroad-irdropreport/openroad-irdropreport.log'[/repr.filename]…
[STA-1173] /home/ovs/vyges-test/vyges-edge-sensor-soc/openlane/fft_ctrl_tlul/cf_sram/lib/CF_SRAM_1024x32_tt_180V_25C.lib line 62, default_fanout_load is 0.0.
[STA-1650] /home/ovs/vyges-test/vyges-edge-sensor-soc/openlane/fft_ctrl_tlul/runs/26_04_20_00_38/52-openroad-rcx/nom/fft_ctrl_tlul.nom.spef line 487132, net ANTENNA_u_fft_top.memory_interface_inst.u_fft_mem.u_bank0_DI\[22\] not found.
[STA-1650] /home/ovs/vyges-test/vyges-edge-sensor-soc/openlane/fft_ctrl_tlul/runs/26_04_20_00_38/52-openroad-rcx/nom/fft_ctrl_tlul.nom.spef line 507244, net ANTENNA_u_fft_top.memory_interface_inst.u_fft_mem.u_bank0_DI\[17\] not found.
[STA-1650] /home/ovs/vyges-test/vyges-edge-sensor-soc/openlane/fft_ctrl_tlul/runs/26_04_20_00_38/52-openroad-rcx/nom/fft_ctrl_tlul.nom.spef line 507245, net ANTENNA_u_fft_top.memory_interface_inst.u_fft_mem.u_bank0_DO\[17\] not found.
[STA-1650] /home/ovs/vyges-test/vyges-edge-sensor-soc/openlane/fft_ctrl_tlul/runs/26_04_20_00_38/52-openroad-rcx/nom/fft_ctrl_tlul.nom.spef line 576760, net ANTENNA_u_fft_top.memory_interface_inst.u_fft_mem.u_bank1_DI\[7\] not found.
[STA-1650] /home/ovs/vyges-test/vyges-edge-sensor-soc/openlane/fft_ctrl_tlul/runs/26_04_20_00_38/52-openroad-rcx/nom/fft_ctrl_tlul.nom.spef line 577201, net ANTENNA_u_fft_top.memory_interface_inst.u_fft_mem.u_bank0_DI\[23\] not found.
[STA-1650] /home/ovs/vyges-test/vyges-edge-sensor-soc/openlane/fft_ctrl_tlul/runs/26_04_20_00_38/52-openroad-rcx/nom/fft_ctrl_tlul.nom.spef line 595879, net ANTENNA_u_fft_top.memory_interface_inst.u_fft_mem.u_bank0_AD\[3\] not found.
[STA-1650] /home/ovs/vyges-test/vyges-edge-sensor-soc/openlane/fft_ctrl_tlul/runs/26_04_20_00_38/52-openroad-rcx/nom/fft_ctrl_tlul.nom.spef line 595880, net ANTENNA_u_fft_top.memory_interface_inst.u_fft_mem.u_bank0_DI\[0\] not found.
[STA-1650] /home/ovs/vyges-test/vyges-edge-sensor-soc/openlane/fft_ctrl_tlul/runs/26_04_20_00_38/52-openroad-rcx/nom/fft_ctrl_tlul.nom.spef line 595881, net ANTENNA_u_fft_top.memory_interface_inst.u_fft_mem.u_bank0_DO\[0\] not found.
[STA-1650] /home/ovs/vyges-test/vyges-edge-sensor-soc/openlane/fft_ctrl_tlul/runs/26_04_20_00_38/52-openroad-rcx/nom/fft_ctrl_tlul.nom.spef line 595895, net ANTENNA_u_fft_top.memory_interface_inst.u_fft_mem.u_bank0_DI\[0\] not found.
[STA-1650] /home/ovs/vyges-test/vyges-edge-sensor-soc/openlane/fft_ctrl_tlul/runs/26_04_20_00_38/52-openroad-rcx/nom/fft_ctrl_tlul.nom.spef line 595909, net ANTENNA_u_fft_top.memory_interface_inst.u_fft_mem.u_bank0_DI\[16\] not found.
[STA-1650] /home/ovs/vyges-test/vyges-edge-sensor-soc/openlane/fft_ctrl_tlul/runs/26_04_20_00_38/52-openroad-rcx/nom/fft_ctrl_tlul.nom.spef line 595923, net ANTENNA_u_fft_top.memory_interface_inst.u_fft_mem.u_bank0_DO\[17\] not found.
[STA-1650] /home/ovs/vyges-test/vyges-edge-sensor-soc/openlane/fft_ctrl_tlul/runs/26_04_20_00_38/52-openroad-rcx/nom/fft_ctrl_tlul.nom.spef line 596089, net ANTENNA_u_fft_top.memory_interface_inst.u_fft_mem.u_bank0_DO\[17\] not found.
[STA-1650] /home/ovs/vyges-test/vyges-edge-sensor-soc/openlane/fft_ctrl_tlul/runs/26_04_20_00_38/52-openroad-rcx/nom/fft_ctrl_tlul.nom.spef line 596736, net ANTENNA_u_fft_top.memory_interface_inst.u_fft_mem.u_bank0_DO\[1\] not found.
[STA-1650] /home/ovs/vyges-test/vyges-edge-sensor-soc/openlane/fft_ctrl_tlul/runs/26_04_20_00_38/52-openroad-rcx/nom/fft_ctrl_tlul.nom.spef line 596749, net ANTENNA_u_fft_top.memory_interface_inst.u_fft_mem.u_bank0_DI\[2\] not found.
[STA-1650] /home/ovs/vyges-test/vyges-edge-sensor-soc/openlane/fft_ctrl_tlul/runs/26_04_20_00_38/52-openroad-rcx/nom/fft_ctrl_tlul.nom.spef line 596761, net ANTENNA_u_fft_top.memory_interface_inst.u_fft_mem.u_bank0_DI\[3\] not found.
[STA-1650] /home/ovs/vyges-test/vyges-edge-sensor-soc/openlane/fft_ctrl_tlul/runs/26_04_20_00_38/52-openroad-rcx/nom/fft_ctrl_tlul.nom.spef line 596762, net ANTENNA_u_fft_top.memory_interface_inst.u_fft_mem.u_bank0_DO\[2\] not found.
[STA-1650] /home/ovs/vyges-test/vyges-edge-sensor-soc/openlane/fft_ctrl_tlul/runs/26_04_20_00_38/52-openroad-rcx/nom/fft_ctrl_tlul.nom.spef line 596785, net ANTENNA_u_fft_top.memory_interface_inst.u_fft_mem.u_bank0_DI\[4\] not found.
[STA-1650] /home/ovs/vyges-test/vyges-edge-sensor-soc/openlane/fft_ctrl_tlul/runs/26_04_20_00_38/52-openroad-rcx/nom/fft_ctrl_tlul.nom.spef line 596797, net ANTENNA_u_fft_top.memory_interface_inst.u_fft_mem.u_bank0_DI\[5\] not found.
[STA-1650] /home/ovs/vyges-test/vyges-edge-sensor-soc/openlane/fft_ctrl_tlul/runs/26_04_20_00_38/52-openroad-rcx/nom/fft_ctrl_tlul.nom.spef line 596798, net ANTENNA_u_fft_top.memory_interface_inst.u_fft_mem.u_bank0_DO\[6\] not found.
[STA-1650] /home/ovs/vyges-test/vyges-edge-sensor-soc/openlane/fft_ctrl_tlul/runs/26_04_20_00_38/52-openroad-rcx/nom/fft_ctrl_tlul.nom.spef line 596810, net ANTENNA_u_fft_top.memory_interface_inst.u_fft_mem.u_bank0_DI\[7\] not found.
[STA-1650] /home/ovs/vyges-test/vyges-edge-sensor-soc/openlane/fft_ctrl_tlul/runs/26_04_20_00_38/52-openroad-rcx/nom/fft_ctrl_tlul.nom.spef line 596822, net ANTENNA_u_fft_top.memory_interface_inst.u_fft_mem.u_bank0_DI\[8\] not found.
[STA-1650] /home/ovs/vyges-test/vyges-edge-sensor-soc/openlane/fft_ctrl_tlul/runs/26_04_20_00_38/52-openroad-rcx/nom/fft_ctrl_tlul.nom.spef line 596834, net ANTENNA_u_fft_top.memory_interface_inst.u_fft_mem.u_bank0_DO\[8\] not found.
[STA-1650] /home/ovs/vyges-test/vyges-edge-sensor-soc/openlane/fft_ctrl_tlul/runs/26_04_20_00_38/52-openroad-rcx/nom/fft_ctrl_tlul.nom.spef line 597034, net ANTENNA_u_fft_top.memory_interface_inst.u_fft_mem.u_bank0_DI\[10\] not found.
[STA-1650] /home/ovs/vyges-test/vyges-edge-sensor-soc/openlane/fft_ctrl_tlul/runs/26_04_20_00_38/52-openroad-rcx/nom/fft_ctrl_tlul.nom.spef line 597035, net ANTENNA_u_fft_top.memory_interface_inst.u_fft_mem.u_bank0_DI\[9\] not found.
[STA-1650] /home/ovs/vyges-test/vyges-edge-sensor-soc/openlane/fft_ctrl_tlul/runs/26_04_20_00_38/52-openroad-rcx/nom/fft_ctrl_tlul.nom.spef line 597047, net ANTENNA_u_fft_top.memory_interface_inst.u_fft_mem.u_bank0_DI\[11\] not found.
[STA-1650] /home/ovs/vyges-test/vyges-edge-sensor-soc/openlane/fft_ctrl_tlul/runs/26_04_20_00_38/52-openroad-rcx/nom/fft_ctrl_tlul.nom.spef line 597060, net ANTENNA_u_fft_top.memory_interface_inst.u_fft_mem.u_bank0_DO\[12\] not found.
[STA-1650] /home/ovs/vyges-test/vyges-edge-sensor-soc/openlane/fft_ctrl_tlul/runs/26_04_20_00_38/52-openroad-rcx/nom/fft_ctrl_tlul.nom.spef line 597073, net ANTENNA_u_fft_top.memory_interface_inst.u_fft_mem.u_bank0_DO\[13\] not found.
[STA-1650] /home/ovs/vyges-test/vyges-edge-sensor-soc/openlane/fft_ctrl_tlul/runs/26_04_20_00_38/52-openroad-rcx/nom/fft_ctrl_tlul.nom.spef line 597086, net ANTENNA_u_fft_top.memory_interface_inst.u_fft_mem.u_bank0_DI\[14\] not found.
[STA-1650] /home/ovs/vyges-test/vyges-edge-sensor-soc/openlane/fft_ctrl_tlul/runs/26_04_20_00_38/52-openroad-rcx/nom/fft_ctrl_tlul.nom.spef line 597099, net ANTENNA_u_fft_top.memory_interface_inst.u_fft_mem.u_bank0_DI\[15\] not found.
[STA-1650] /home/ovs/vyges-test/vyges-edge-sensor-soc/openlane/fft_ctrl_tlul/runs/26_04_20_00_38/52-openroad-rcx/nom/fft_ctrl_tlul.nom.spef line 597112, net ANTENNA_u_fft_top.memory_interface_inst.u_fft_mem.u_bank0_DO\[15\] not found.
[STA-1650] /home/ovs/vyges-test/vyges-edge-sensor-soc/openlane/fft_ctrl_tlul/runs/26_04_20_00_38/52-openroad-rcx/nom/fft_ctrl_tlul.nom.spef line 597125, net ANTENNA_u_fft_top.memory_interface_inst.u_fft_mem.u_bank0_DI\[16\] not found.
[STA-1650] /home/ovs/vyges-test/vyges-edge-sensor-soc/openlane/fft_ctrl_tlul/runs/26_04_20_00_38/52-openroad-rcx/nom/fft_ctrl_tlul.nom.spef line 597126, net ANTENNA_u_fft_top.memory_interface_inst.u_fft_mem.u_bank0_DO\[16\] not found.
[STA-1650] /home/ovs/vyges-test/vyges-edge-sensor-soc/openlane/fft_ctrl_tlul/runs/26_04_20_00_38/52-openroad-rcx/nom/fft_ctrl_tlul.nom.spef line 597140, net ANTENNA_u_fft_top.memory_interface_inst.u_fft_mem.u_bank0_DI\[17\] not found.
[STA-1650] /home/ovs/vyges-test/vyges-edge-sensor-soc/openlane/fft_ctrl_tlul/runs/26_04_20_00_38/52-openroad-rcx/nom/fft_ctrl_tlul.nom.spef line 597153, net ANTENNA_u_fft_top.memory_interface_inst.u_fft_mem.u_bank0_DO\[18\] not found.
[STA-1650] /home/ovs/vyges-test/vyges-edge-sensor-soc/openlane/fft_ctrl_tlul/runs/26_04_20_00_38/52-openroad-rcx/nom/fft_ctrl_tlul.nom.spef line 597284, net ANTENNA_u_fft_top.memory_interface_inst.u_fft_mem.u_bank0_DI\[20\] not found.
[STA-1650] /home/ovs/vyges-test/vyges-edge-sensor-soc/openlane/fft_ctrl_tlul/runs/26_04_20_00_38/52-openroad-rcx/nom/fft_ctrl_tlul.nom.spef line 597310, net ANTENNA_u_fft_top.memory_interface_inst.u_fft_mem.u_bank0_DI\[21\] not found.
[STA-1650] /home/ovs/vyges-test/vyges-edge-sensor-soc/openlane/fft_ctrl_tlul/runs/26_04_20_00_38/52-openroad-rcx/nom/fft_ctrl_tlul.nom.spef line 597337, net ANTENNA_u_fft_top.memory_interface_inst.u_fft_mem.u_bank0_DO\[23\] not found.
[STA-1650] /home/ovs/vyges-test/vyges-edge-sensor-soc/openlane/fft_ctrl_tlul/runs/26_04_20_00_38/52-openroad-rcx/nom/fft_ctrl_tlul.nom.spef line 597350, net ANTENNA_u_fft_top.memory_interface_inst.u_fft_mem.u_bank0_DO\[24\] not found.
[STA-1650] /home/ovs/vyges-test/vyges-edge-sensor-soc/openlane/fft_ctrl_tlul/runs/26_04_20_00_38/52-openroad-rcx/nom/fft_ctrl_tlul.nom.spef line 597351, net ANTENNA_u_fft_top.memory_interface_inst.u_fft_mem.u_bank0_DO\[25\] not found.
[STA-1650] /home/ovs/vyges-test/vyges-edge-sensor-soc/openlane/fft_ctrl_tlul/runs/26_04_20_00_38/52-openroad-rcx/nom/fft_ctrl_tlul.nom.spef line 597363, net ANTENNA_u_fft_top.memory_interface_inst.u_fft_mem.u_bank0_DI\[26\] not found.
[STA-1650] /home/ovs/vyges-test/vyges-edge-sensor-soc/openlane/fft_ctrl_tlul/runs/26_04_20_00_38/52-openroad-rcx/nom/fft_ctrl_tlul.nom.spef line 597376, net ANTENNA_u_fft_top.memory_interface_inst.u_fft_mem.u_bank0_DO\[26\] not found.
[STA-1650] /home/ovs/vyges-test/vyges-edge-sensor-soc/openlane/fft_ctrl_tlul/runs/26_04_20_00_38/52-openroad-rcx/nom/fft_ctrl_tlul.nom.spef line 597401, net ANTENNA_u_fft_top.memory_interface_inst.u_fft_mem.u_bank0_DI\[28\] not found.
[STA-1650] /home/ovs/vyges-test/vyges-edge-sensor-soc/openlane/fft_ctrl_tlul/runs/26_04_20_00_38/52-openroad-rcx/nom/fft_ctrl_tlul.nom.spef line 597402, net ANTENNA_u_fft_top.memory_interface_inst.u_fft_mem.u_bank0_DO\[28\] not found.
[STA-1650] /home/ovs/vyges-test/vyges-edge-sensor-soc/openlane/fft_ctrl_tlul/runs/26_04_20_00_38/52-openroad-rcx/nom/fft_ctrl_tlul.nom.spef line 597403, net ANTENNA_u_fft_top.memory_interface_inst.u_fft_mem.u_bank0_DO\[29\] not found.
[STA-1650] /home/ovs/vyges-test/vyges-edge-sensor-soc/openlane/fft_ctrl_tlul/runs/26_04_20_00_38/52-openroad-rcx/nom/fft_ctrl_tlul.nom.spef line 597578, net ANTENNA_u_fft_top.memory_interface_inst.u_fft_mem.u_bank0_DI\[29\] not found.
[STA-1650] /home/ovs/vyges-test/vyges-edge-sensor-soc/openlane/fft_ctrl_tlul/runs/26_04_20_00_38/52-openroad-rcx/nom/fft_ctrl_tlul.nom.spef line 597579, net ANTENNA_u_fft_top.memory_interface_inst.u_fft_mem.u_bank0_DO\[30\] not found.
[STA-1650] /home/ovs/vyges-test/vyges-edge-sensor-soc/openlane/fft_ctrl_tlul/runs/26_04_20_00_38/52-openroad-rcx/nom/fft_ctrl_tlul.nom.spef line 600215, net ANTENNA_u_fft_top.memory_interface_inst.u_fft_mem.u_bank1_DO\[10\] not found.
[STA-1648] /home/ovs/vyges-test/vyges-edge-sensor-soc/openlane/fft_ctrl_tlul/runs/26_04_20_00_38/52-openroad-rcx/nom/fft_ctrl_tlul.nom.spef line 600225, instance ANTENNA_u_fft_top.memory_interface_inst.u_fft_mem.u_bank1_DI\[11\] not found.
[STA-1648] /home/ovs/vyges-test/vyges-edge-sensor-soc/openlane/fft_ctrl_tlul/runs/26_04_20_00_38/52-openroad-rcx/nom/fft_ctrl_tlul.nom.spef line 600227, instance ANTENNA_u_fft_top.memory_interface_inst.u_fft_mem.u_bank0_DI\[11\] not found.
[STA-1650] /home/ovs/vyges-test/vyges-edge-sensor-soc/openlane/fft_ctrl_tlul/runs/26_04_20_00_38/52-openroad-rcx/nom/fft_ctrl_tlul.nom.spef line 600233, net ANTENNA_u_fft_top.memory_interface_inst.u_fft_mem.u_bank1_DI\[11\] not found.
[STA-1650] /home/ovs/vyges-test/vyges-edge-sensor-soc/openlane/fft_ctrl_tlul/runs/26_04_20_00_38/52-openroad-rcx/nom/fft_ctrl_tlul.nom.spef line 600235, net ANTENNA_u_fft_top.memory_interface_inst.u_fft_mem.u_bank0_DI\[11\] not found.
[STA-1650] /home/ovs/vyges-test/vyges-edge-sensor-soc/openlane/fft_ctrl_tlul/runs/26_04_20_00_38/52-openroad-rcx/nom/fft_ctrl_tlul.nom.spef line 600250, net ANTENNA_u_fft_top.memory_interface_inst.u_fft_mem.u_bank0_DI\[11\] not found.
[STA-1650] /home/ovs/vyges-test/vyges-edge-sensor-soc/openlane/fft_ctrl_tlul/runs/26_04_20_00_38/52-openroad-rcx/nom/fft_ctrl_tlul.nom.spef line 600250, net ANTENNA_u_fft_top.memory_interface_inst.u_fft_mem.u_bank0_DO\[11\] not found.
[STA-1650] /home/ovs/vyges-test/vyges-edge-sensor-soc/openlane/fft_ctrl_tlul/runs/26_04_20_00_38/52-openroad-rcx/nom/fft_ctrl_tlul.nom.spef line 600302, net ANTENNA_u_fft_top.memory_interface_inst.u_fft_mem.u_bank0_DI\[11\] not found.
[STA-1650] /home/ovs/vyges-test/vyges-edge-sensor-soc/openlane/fft_ctrl_tlul/runs/26_04_20_00_38/52-openroad-rcx/nom/fft_ctrl_tlul.nom.spef line 600322, net ANTENNA_u_fft_top.memory_interface_inst.u_fft_mem.u_bank0_DI\[11\] not found.
[STA-1650] /home/ovs/vyges-test/vyges-edge-sensor-soc/openlane/fft_ctrl_tlul/runs/26_04_20_00_38/52-openroad-rcx/nom/fft_ctrl_tlul.nom.spef line 600331, net ANTENNA_u_fft_top.memory_interface_inst.u_fft_mem.u_bank1_DI\[11\] not found.
[STA-1648] /home/ovs/vyges-test/vyges-edge-sensor-soc/openlane/fft_ctrl_tlul/runs/26_04_20_00_38/52-openroad-rcx/nom/fft_ctrl_tlul.nom.spef line 602460, instance ANTENNA_u_fft_top.memory_interface_inst.u_fft_mem.u_bank1_DI\[25\] not found.
[STA-1648] /home/ovs/vyges-test/vyges-edge-sensor-soc/openlane/fft_ctrl_tlul/runs/26_04_20_00_38/52-openroad-rcx/nom/fft_ctrl_tlul.nom.spef line 602462, instance ANTENNA_u_fft_top.memory_interface_inst.u_fft_mem.u_bank0_DI\[25\] not found.
[STA-1650] /home/ovs/vyges-test/vyges-edge-sensor-soc/openlane/fft_ctrl_tlul/runs/26_04_20_00_38/52-openroad-rcx/nom/fft_ctrl_tlul.nom.spef line 602468, net ANTENNA_u_fft_top.memory_interface_inst.u_fft_mem.u_bank1_DI\[25\] not found.
[STA-1650] /home/ovs/vyges-test/vyges-edge-sensor-soc/openlane/fft_ctrl_tlul/runs/26_04_20_00_38/52-openroad-rcx/nom/fft_ctrl_tlul.nom.spef line 602470, net ANTENNA_u_fft_top.memory_interface_inst.u_fft_mem.u_bank0_DI\[25\] not found.
[STA-1650] /home/ovs/vyges-test/vyges-edge-sensor-soc/openlane/fft_ctrl_tlul/runs/26_04_20_00_38/52-openroad-rcx/nom/fft_ctrl_tlul.nom.spef line 602476, net ANTENNA_u_fft_top.memory_interface_inst.u_fft_mem.u_bank0_DI\[25\] not found.
[STA-1650] /home/ovs/vyges-test/vyges-edge-sensor-soc/openlane/fft_ctrl_tlul/runs/26_04_20_00_38/52-openroad-rcx/nom/fft_ctrl_tlul.nom.spef line 602476, net ANTENNA_u_fft_top.memory_interface_inst.u_fft_mem.u_bank0_DO\[25\] not found.
[STA-1650] /home/ovs/vyges-test/vyges-edge-sensor-soc/openlane/fft_ctrl_tlul/runs/26_04_20_00_38/52-openroad-rcx/nom/fft_ctrl_tlul.nom.spef line 602477, net ANTENNA_u_fft_top.memory_interface_inst.u_fft_mem.u_bank0_DI\[25\] not found.
[STA-1650] /home/ovs/vyges-test/vyges-edge-sensor-soc/openlane/fft_ctrl_tlul/runs/26_04_20_00_38/52-openroad-rcx/nom/fft_ctrl_tlul.nom.spef line 602507, net ANTENNA_u_fft_top.memory_interface_inst.u_fft_mem.u_bank0_DI\[25\] not found.
[STA-1650] /home/ovs/vyges-test/vyges-edge-sensor-soc/openlane/fft_ctrl_tlul/runs/26_04_20_00_38/52-openroad-rcx/nom/fft_ctrl_tlul.nom.spef line 602510, net ANTENNA_u_fft_top.memory_interface_inst.u_fft_mem.u_bank1_DI\[25\] not found.
[STA-1648] /home/ovs/vyges-test/vyges-edge-sensor-soc/openlane/fft_ctrl_tlul/runs/26_04_20_00_38/52-openroad-rcx/nom/fft_ctrl_tlul.nom.spef line 602986, instance ANTENNA_u_fft_top.memory_interface_inst.u_fft_mem.u_bank1_DI\[28\] not found.
[STA-1648] /home/ovs/vyges-test/vyges-edge-sensor-soc/openlane/fft_ctrl_tlul/runs/26_04_20_00_38/52-openroad-rcx/nom/fft_ctrl_tlul.nom.spef line 602989, instance ANTENNA_u_fft_top.memory_interface_inst.u_fft_mem.u_bank0_DI\[28\] not found.
[STA-1650] /home/ovs/vyges-test/vyges-edge-sensor-soc/openlane/fft_ctrl_tlul/runs/26_04_20_00_38/52-openroad-rcx/nom/fft_ctrl_tlul.nom.spef line 602994, net ANTENNA_u_fft_top.memory_interface_inst.u_fft_mem.u_bank1_DI\[28\] not found.
[STA-1650] /home/ovs/vyges-test/vyges-edge-sensor-soc/openlane/fft_ctrl_tlul/runs/26_04_20_00_38/52-openroad-rcx/nom/fft_ctrl_tlul.nom.spef line 602997, net ANTENNA_u_fft_top.memory_interface_inst.u_fft_mem.u_bank0_DI\[28\] not found.
[STA-1650] /home/ovs/vyges-test/vyges-edge-sensor-soc/openlane/fft_ctrl_tlul/runs/26_04_20_00_38/52-openroad-rcx/nom/fft_ctrl_tlul.nom.spef line 603006, net ANTENNA_u_fft_top.memory_interface_inst.u_fft_mem.u_bank0_DI\[28\] not found.
[STA-1650] /home/ovs/vyges-test/vyges-edge-sensor-soc/openlane/fft_ctrl_tlul/runs/26_04_20_00_38/52-openroad-rcx/nom/fft_ctrl_tlul.nom.spef line 603006, net ANTENNA_u_fft_top.memory_interface_inst.u_fft_mem.u_bank0_DO\[28\] not found.
[STA-1650] /home/ovs/vyges-test/vyges-edge-sensor-soc/openlane/fft_ctrl_tlul/runs/26_04_20_00_38/52-openroad-rcx/nom/fft_ctrl_tlul.nom.spef line 603007, net ANTENNA_u_fft_top.memory_interface_inst.u_fft_mem.u_bank0_DI\[28\] not found.
[STA-1650] /home/ovs/vyges-test/vyges-edge-sensor-soc/openlane/fft_ctrl_tlul/runs/26_04_20_00_38/52-openroad-rcx/nom/fft_ctrl_tlul.nom.spef line 603012, net ANTENNA_u_fft_top.memory_interface_inst.u_fft_mem.u_bank0_DO\[28\] not found.
[STA-1650] /home/ovs/vyges-test/vyges-edge-sensor-soc/openlane/fft_ctrl_tlul/runs/26_04_20_00_38/52-openroad-rcx/nom/fft_ctrl_tlul.nom.spef line 603056, net ANTENNA_u_fft_top.memory_interface_inst.u_fft_mem.u_bank0_DI\[28\] not found.
[STA-1650] /home/ovs/vyges-test/vyges-edge-sensor-soc/openlane/fft_ctrl_tlul/runs/26_04_20_00_38/52-openroad-rcx/nom/fft_ctrl_tlul.nom.spef line 603066, net ANTENNA_u_fft_top.memory_interface_inst.u_fft_mem.u_bank0_DI\[28\] not found.
[STA-1650] /home/ovs/vyges-test/vyges-edge-sensor-soc/openlane/fft_ctrl_tlul/runs/26_04_20_00_38/52-openroad-rcx/nom/fft_ctrl_tlul.nom.spef line 603071, net ANTENNA_u_fft_top.memory_interface_inst.u_fft_mem.u_bank1_DI\[28\] not found.
[STA-1648] /home/ovs/vyges-test/vyges-edge-sensor-soc/openlane/fft_ctrl_tlul/runs/26_04_20_00_38/52-openroad-rcx/nom/fft_ctrl_tlul.nom.spef line 603235, instance ANTENNA_u_fft_top.memory_interface_inst.u_fft_mem.u_bank1_DI\[27\] not found.
[STA-1648] /home/ovs/vyges-test/vyges-edge-sensor-soc/openlane/fft_ctrl_tlul/runs/26_04_20_00_38/52-openroad-rcx/nom/fft_ctrl_tlul.nom.spef line 603238, instance ANTENNA_u_fft_top.memory_interface_inst.u_fft_mem.u_bank0_DI\[27\] not found.
[STA-1650] /home/ovs/vyges-test/vyges-edge-sensor-soc/openlane/fft_ctrl_tlul/runs/26_04_20_00_38/52-openroad-rcx/nom/fft_ctrl_tlul.nom.spef line 603243, net ANTENNA_u_fft_top.memory_interface_inst.u_fft_mem.u_bank1_DI\[27\] not found.
[STA-1650] /home/ovs/vyges-test/vyges-edge-sensor-soc/openlane/fft_ctrl_tlul/runs/26_04_20_00_38/52-openroad-rcx/nom/fft_ctrl_tlul.nom.spef line 603246, net ANTENNA_u_fft_top.memory_interface_inst.u_fft_mem.u_bank0_DI\[27\] not found.
[STA-1650] /home/ovs/vyges-test/vyges-edge-sensor-soc/openlane/fft_ctrl_tlul/runs/26_04_20_00_38/52-openroad-rcx/nom/fft_ctrl_tlul.nom.spef line 603256, net ANTENNA_u_fft_top.memory_interface_inst.u_fft_mem.u_bank0_DI\[27\] not found.
[STA-1650] /home/ovs/vyges-test/vyges-edge-sensor-soc/openlane/fft_ctrl_tlul/runs/26_04_20_00_38/52-openroad-rcx/nom/fft_ctrl_tlul.nom.spef line 603256, net ANTENNA_u_fft_top.memory_interface_inst.u_fft_mem.u_bank0_DO\[27\] not found.
[STA-1650] /home/ovs/vyges-test/vyges-edge-sensor-soc/openlane/fft_ctrl_tlul/runs/26_04_20_00_38/52-openroad-rcx/nom/fft_ctrl_tlul.nom.spef line 603257, net ANTENNA_u_fft_top.memory_interface_inst.u_fft_mem.u_bank0_DI\[27\] not found.
[STA-1650] /home/ovs/vyges-test/vyges-edge-sensor-soc/openlane/fft_ctrl_tlul/runs/26_04_20_00_38/52-openroad-rcx/nom/fft_ctrl_tlul.nom.spef line 603326, net ANTENNA_u_fft_top.memory_interface_inst.u_fft_mem.u_bank0_DI\[27\] not found.
[STA-1650] /home/ovs/vyges-test/vyges-edge-sensor-soc/openlane/fft_ctrl_tlul/runs/26_04_20_00_38/52-openroad-rcx/nom/fft_ctrl_tlul.nom.spef line 603332, net ANTENNA_u_fft_top.memory_interface_inst.u_fft_mem.u_bank1_DI\[27\] not found.
[STA-1648] /home/ovs/vyges-test/vyges-edge-sensor-soc/openlane/fft_ctrl_tlul/runs/26_04_20_00_38/52-openroad-rcx/nom/fft_ctrl_tlul.nom.spef line 603523, instance ANTENNA_u_fft_top.memory_interface_inst.u_fft_mem.u_bank1_DI\[31\] not found.
[STA-1648] /home/ovs/vyges-test/vyges-edge-sensor-soc/openlane/fft_ctrl_tlul/runs/26_04_20_00_38/52-openroad-rcx/nom/fft_ctrl_tlul.nom.spef line 603526, instance ANTENNA_u_fft_top.memory_interface_inst.u_fft_mem.u_bank0_DI\[31\] not found.
[STA-1650] /home/ovs/vyges-test/vyges-edge-sensor-soc/openlane/fft_ctrl_tlul/runs/26_04_20_00_38/52-openroad-rcx/nom/fft_ctrl_tlul.nom.spef line 603531, net ANTENNA_u_fft_top.memory_interface_inst.u_fft_mem.u_bank1_DI\[31\] not found.
[STA-1650] /home/ovs/vyges-test/vyges-edge-sensor-soc/openlane/fft_ctrl_tlul/runs/26_04_20_00_38/52-openroad-rcx/nom/fft_ctrl_tlul.nom.spef line 603534, net ANTENNA_u_fft_top.memory_interface_inst.u_fft_mem.u_bank0_DI\[31\] not found.
[STA-1650] /home/ovs/vyges-test/vyges-edge-sensor-soc/openlane/fft_ctrl_tlul/runs/26_04_20_00_38/52-openroad-rcx/nom/fft_ctrl_tlul.nom.spef line 603543, net ANTENNA_u_fft_top.memory_interface_inst.u_fft_mem.u_bank0_DI\[31\] not found.
[STA-1650] /home/ovs/vyges-test/vyges-edge-sensor-soc/openlane/fft_ctrl_tlul/runs/26_04_20_00_38/52-openroad-rcx/nom/fft_ctrl_tlul.nom.spef line 603543, net ANTENNA_u_fft_top.memory_interface_inst.u_fft_mem.u_bank0_DO\[31\] not found.
[STA-1650] /home/ovs/vyges-test/vyges-edge-sensor-soc/openlane/fft_ctrl_tlul/runs/26_04_20_00_38/52-openroad-rcx/nom/fft_ctrl_tlul.nom.spef line 603544, net ANTENNA_u_fft_top.memory_interface_inst.u_fft_mem.u_bank0_DI\[31\] not found.
[STA-1650] /home/ovs/vyges-test/vyges-edge-sensor-soc/openlane/fft_ctrl_tlul/runs/26_04_20_00_38/52-openroad-rcx/nom/fft_ctrl_tlul.nom.spef line 603545, net ANTENNA_u_fft_top.memory_interface_inst.u_fft_mem.u_bank0_DO\[31\] not found.
[STA-1650] /home/ovs/vyges-test/vyges-edge-sensor-soc/openlane/fft_ctrl_tlul/runs/26_04_20_00_38/52-openroad-rcx/nom/fft_ctrl_tlul.nom.spef line 603601, net ANTENNA_u_fft_top.memory_interface_inst.u_fft_mem.u_bank0_DI\[31\] not found.
[STA-1650] /home/ovs/vyges-test/vyges-edge-sensor-soc/openlane/fft_ctrl_tlul/runs/26_04_20_00_38/52-openroad-rcx/nom/fft_ctrl_tlul.nom.spef line 603606, net ANTENNA_u_fft_top.memory_interface_inst.u_fft_mem.u_bank1_DI\[31\] not found.
[STA-1648] /home/ovs/vyges-test/vyges-edge-sensor-soc/openlane/fft_ctrl_tlul/runs/26_04_20_00_38/52-openroad-rcx/nom/fft_ctrl_tlul.nom.spef line 603872, instance ANTENNA_u_fft_top.memory_interface_inst.u_fft_mem.u_bank1_DI\[26\] not found.
[STA-1648] /home/ovs/vyges-test/vyges-edge-sensor-soc/openlane/fft_ctrl_tlul/runs/26_04_20_00_38/52-openroad-rcx/nom/fft_ctrl_tlul.nom.spef line 603874, instance ANTENNA_u_fft_top.memory_interface_inst.u_fft_mem.u_bank0_DI\[26\] not found.
[STA-1650] /home/ovs/vyges-test/vyges-edge-sensor-soc/openlane/fft_ctrl_tlul/runs/26_04_20_00_38/52-openroad-rcx/nom/fft_ctrl_tlul.nom.spef line 603880, net ANTENNA_u_fft_top.memory_interface_inst.u_fft_mem.u_bank1_DI\[26\] not found.
[STA-1650] /home/ovs/vyges-test/vyges-edge-sensor-soc/openlane/fft_ctrl_tlul/runs/26_04_20_00_38/52-openroad-rcx/nom/fft_ctrl_tlul.nom.spef line 603882, net ANTENNA_u_fft_top.memory_interface_inst.u_fft_mem.u_bank0_DI\[26\] not found.
[STA-1650] /home/ovs/vyges-test/vyges-edge-sensor-soc/openlane/fft_ctrl_tlul/runs/26_04_20_00_38/52-openroad-rcx/nom/fft_ctrl_tlul.nom.spef line 603895, net ANTENNA_u_fft_top.memory_interface_inst.u_fft_mem.u_bank0_DI\[26\] not found.
[STA-1650] /home/ovs/vyges-test/vyges-edge-sensor-soc/openlane/fft_ctrl_tlul/runs/26_04_20_00_38/52-openroad-rcx/nom/fft_ctrl_tlul.nom.spef line 603895, net ANTENNA_u_fft_top.memory_interface_inst.u_fft_mem.u_bank0_DO\[26\] not found.
[STA-1650] /home/ovs/vyges-test/vyges-edge-sensor-soc/openlane/fft_ctrl_tlul/runs/26_04_20_00_38/52-openroad-rcx/nom/fft_ctrl_tlul.nom.spef line 603896, net ANTENNA_u_fft_top.memory_interface_inst.u_fft_mem.u_bank0_DI\[26\] not found.
[STA-1650] /home/ovs/vyges-test/vyges-edge-sensor-soc/openlane/fft_ctrl_tlul/runs/26_04_20_00_38/52-openroad-rcx/nom/fft_ctrl_tlul.nom.spef line 603897, net ANTENNA_u_fft_top.memory_interface_inst.u_fft_mem.u_bank0_DO\[26\] not found.
[STA-1650] /home/ovs/vyges-test/vyges-edge-sensor-soc/openlane/fft_ctrl_tlul/runs/26_04_20_00_38/52-openroad-rcx/nom/fft_ctrl_tlul.nom.spef line 603947, net ANTENNA_u_fft_top.memory_interface_inst.u_fft_mem.u_bank0_DI\[26\] not found.
[STA-1650] /home/ovs/vyges-test/vyges-edge-sensor-soc/openlane/fft_ctrl_tlul/runs/26_04_20_00_38/52-openroad-rcx/nom/fft_ctrl_tlul.nom.spef line 603957, net ANTENNA_u_fft_top.memory_interface_inst.u_fft_mem.u_bank0_DI\[26\] not found.
[STA-1650] /home/ovs/vyges-test/vyges-edge-sensor-soc/openlane/fft_ctrl_tlul/runs/26_04_20_00_38/52-openroad-rcx/nom/fft_ctrl_tlul.nom.spef line 603961, net ANTENNA_u_fft_top.memory_interface_inst.u_fft_mem.u_bank1_DI\[26\] not found.
[STA-1648] /home/ovs/vyges-test/vyges-edge-sensor-soc/openlane/fft_ctrl_tlul/runs/26_04_20_00_38/52-openroad-rcx/nom/fft_ctrl_tlul.nom.spef line 604126, instance ANTENNA_u_fft_top.memory_interface_inst.u_fft_mem.u_bank1_DI\[29\] not found.
[STA-1648] /home/ovs/vyges-test/vyges-edge-sensor-soc/openlane/fft_ctrl_tlul/runs/26_04_20_00_38/52-openroad-rcx/nom/fft_ctrl_tlul.nom.spef line 604129, instance ANTENNA_u_fft_top.memory_interface_inst.u_fft_mem.u_bank0_DI\[29\] not found.
[STA-1650] /home/ovs/vyges-test/vyges-edge-sensor-soc/openlane/fft_ctrl_tlul/runs/26_04_20_00_38/52-openroad-rcx/nom/fft_ctrl_tlul.nom.spef line 604134, net ANTENNA_u_fft_top.memory_interface_inst.u_fft_mem.u_bank1_DI\[29\] not found.
[STA-1650] /home/ovs/vyges-test/vyges-edge-sensor-soc/openlane/fft_ctrl_tlul/runs/26_04_20_00_38/52-openroad-rcx/nom/fft_ctrl_tlul.nom.spef line 604137, net ANTENNA_u_fft_top.memory_interface_inst.u_fft_mem.u_bank0_DI\[29\] not found.
[STA-1650] /home/ovs/vyges-test/vyges-edge-sensor-soc/openlane/fft_ctrl_tlul/runs/26_04_20_00_38/52-openroad-rcx/nom/fft_ctrl_tlul.nom.spef line 604148, net ANTENNA_u_fft_top.memory_interface_inst.u_fft_mem.u_bank0_DI\[29\] not found.
[STA-1650] /home/ovs/vyges-test/vyges-edge-sensor-soc/openlane/fft_ctrl_tlul/runs/26_04_20_00_38/52-openroad-rcx/nom/fft_ctrl_tlul.nom.spef line 604148, net ANTENNA_u_fft_top.memory_interface_inst.u_fft_mem.u_bank0_DO\[29\] not found.
[STA-1650] /home/ovs/vyges-test/vyges-edge-sensor-soc/openlane/fft_ctrl_tlul/runs/26_04_20_00_38/52-openroad-rcx/nom/fft_ctrl_tlul.nom.spef line 604178, net ANTENNA_u_fft_top.memory_interface_inst.u_fft_mem.u_bank0_DI\[29\] not found.
[STA-1650] /home/ovs/vyges-test/vyges-edge-sensor-soc/openlane/fft_ctrl_tlul/runs/26_04_20_00_38/52-openroad-rcx/nom/fft_ctrl_tlul.nom.spef line 604193, net ANTENNA_u_fft_top.memory_interface_inst.u_fft_mem.u_bank0_DI\[29\] not found.
[STA-1650] /home/ovs/vyges-test/vyges-edge-sensor-soc/openlane/fft_ctrl_tlul/runs/26_04_20_00_38/52-openroad-rcx/nom/fft_ctrl_tlul.nom.spef line 604198, net ANTENNA_u_fft_top.memory_interface_inst.u_fft_mem.u_bank1_DI\[29\] not found.
[STA-1648] /home/ovs/vyges-test/vyges-edge-sensor-soc/openlane/fft_ctrl_tlul/runs/26_04_20_00_38/52-openroad-rcx/nom/fft_ctrl_tlul.nom.spef line 604662, instance ANTENNA_u_fft_top.memory_interface_inst.u_fft_mem.u_bank1_DI\[24\] not found.
[STA-1648] /home/ovs/vyges-test/vyges-edge-sensor-soc/openlane/fft_ctrl_tlul/runs/26_04_20_00_38/52-openroad-rcx/nom/fft_ctrl_tlul.nom.spef line 604664, instance ANTENNA_u_fft_top.memory_interface_inst.u_fft_mem.u_bank0_DI\[24\] not found.
[STA-1650] /home/ovs/vyges-test/vyges-edge-sensor-soc/openlane/fft_ctrl_tlul/runs/26_04_20_00_38/52-openroad-rcx/nom/fft_ctrl_tlul.nom.spef line 604670, net ANTENNA_u_fft_top.memory_interface_inst.u_fft_mem.u_bank1_DI\[24\] not found.
[STA-1650] /home/ovs/vyges-test/vyges-edge-sensor-soc/openlane/fft_ctrl_tlul/runs/26_04_20_00_38/52-openroad-rcx/nom/fft_ctrl_tlul.nom.spef line 604672, net ANTENNA_u_fft_top.memory_interface_inst.u_fft_mem.u_bank0_DI\[24\] not found.
[STA-1650] /home/ovs/vyges-test/vyges-edge-sensor-soc/openlane/fft_ctrl_tlul/runs/26_04_20_00_38/52-openroad-rcx/nom/fft_ctrl_tlul.nom.spef line 604678, net ANTENNA_u_fft_top.memory_interface_inst.u_fft_mem.u_bank0_DI\[24\] not found.
[STA-1650] /home/ovs/vyges-test/vyges-edge-sensor-soc/openlane/fft_ctrl_tlul/runs/26_04_20_00_38/52-openroad-rcx/nom/fft_ctrl_tlul.nom.spef line 604678, net ANTENNA_u_fft_top.memory_interface_inst.u_fft_mem.u_bank0_DO\[24\] not found.
[STA-1650] /home/ovs/vyges-test/vyges-edge-sensor-soc/openlane/fft_ctrl_tlul/runs/26_04_20_00_38/52-openroad-rcx/nom/fft_ctrl_tlul.nom.spef line 604679, net ANTENNA_u_fft_top.memory_interface_inst.u_fft_mem.u_bank0_DI\[24\] not found.
[STA-1650] /home/ovs/vyges-test/vyges-edge-sensor-soc/openlane/fft_ctrl_tlul/runs/26_04_20_00_38/52-openroad-rcx/nom/fft_ctrl_tlul.nom.spef line 604680, net ANTENNA_u_fft_top.memory_interface_inst.u_fft_mem.u_bank0_DO\[24\] not found.
[STA-1650] /home/ovs/vyges-test/vyges-edge-sensor-soc/openlane/fft_ctrl_tlul/runs/26_04_20_00_38/52-openroad-rcx/nom/fft_ctrl_tlul.nom.spef line 604700, net ANTENNA_u_fft_top.memory_interface_inst.u_fft_mem.u_bank0_DI\[24\] not found.
[STA-1650] /home/ovs/vyges-test/vyges-edge-sensor-soc/openlane/fft_ctrl_tlul/runs/26_04_20_00_38/52-openroad-rcx/nom/fft_ctrl_tlul.nom.spef line 604703, net ANTENNA_u_fft_top.memory_interface_inst.u_fft_mem.u_bank1_DI\[24\] not found.
[STA-1650] /home/ovs/vyges-test/vyges-edge-sensor-soc/openlane/fft_ctrl_tlul/runs/26_04_20_00_38/52-openroad-rcx/nom/fft_ctrl_tlul.nom.spef line 604785, net ANTENNA_u_fft_top.memory_interface_inst.u_fft_mem.u_bank1_DI\[12\] not found.
[STA-1650] /home/ovs/vyges-test/vyges-edge-sensor-soc/openlane/fft_ctrl_tlul/runs/26_04_20_00_38/52-openroad-rcx/nom/fft_ctrl_tlul.nom.spef line 604786, net ANTENNA_u_fft_top.memory_interface_inst.u_fft_mem.u_bank1_DO\[7\] not found.
[STA-1648] /home/ovs/vyges-test/vyges-edge-sensor-soc/openlane/fft_ctrl_tlul/runs/26_04_20_00_38/52-openroad-rcx/nom/fft_ctrl_tlul.nom.spef line 604988, instance ANTENNA_u_fft_top.memory_interface_inst.u_fft_mem.u_bank1_DI\[20\] not found.
[STA-1648] /home/ovs/vyges-test/vyges-edge-sensor-soc/openlane/fft_ctrl_tlul/runs/26_04_20_00_38/52-openroad-rcx/nom/fft_ctrl_tlul.nom.spef line 604991, instance ANTENNA_u_fft_top.memory_interface_inst.u_fft_mem.u_bank0_DI\[20\] not found.
[STA-1650] /home/ovs/vyges-test/vyges-edge-sensor-soc/openlane/fft_ctrl_tlul/runs/26_04_20_00_38/52-openroad-rcx/nom/fft_ctrl_tlul.nom.spef line 604996, net ANTENNA_u_fft_top.memory_interface_inst.u_fft_mem.u_bank1_DI\[20\] not found.
[STA-1650] /home/ovs/vyges-test/vyges-edge-sensor-soc/openlane/fft_ctrl_tlul/runs/26_04_20_00_38/52-openroad-rcx/nom/fft_ctrl_tlul.nom.spef line 604999, net ANTENNA_u_fft_top.memory_interface_inst.u_fft_mem.u_bank0_DI\[20\] not found.
[STA-1650] /home/ovs/vyges-test/vyges-edge-sensor-soc/openlane/fft_ctrl_tlul/runs/26_04_20_00_38/52-openroad-rcx/nom/fft_ctrl_tlul.nom.spef line 605010, net ANTENNA_u_fft_top.memory_interface_inst.u_fft_mem.u_bank0_DI\[20\] not found.
[STA-1650] /home/ovs/vyges-test/vyges-edge-sensor-soc/openlane/fft_ctrl_tlul/runs/26_04_20_00_38/52-openroad-rcx/nom/fft_ctrl_tlul.nom.spef line 605011, net ANTENNA_u_fft_top.memory_interface_inst.u_fft_mem.u_bank0_DI\[20\] not found.
[STA-1650] /home/ovs/vyges-test/vyges-edge-sensor-soc/openlane/fft_ctrl_tlul/runs/26_04_20_00_38/52-openroad-rcx/nom/fft_ctrl_tlul.nom.spef line 605058, net ANTENNA_u_fft_top.memory_interface_inst.u_fft_mem.u_bank0_DI\[20\] not found.
[STA-1650] /home/ovs/vyges-test/vyges-edge-sensor-soc/openlane/fft_ctrl_tlul/runs/26_04_20_00_38/52-openroad-rcx/nom/fft_ctrl_tlul.nom.spef line 605069, net ANTENNA_u_fft_top.memory_interface_inst.u_fft_mem.u_bank0_DI\[20\] not found.
[STA-1650] /home/ovs/vyges-test/vyges-edge-sensor-soc/openlane/fft_ctrl_tlul/runs/26_04_20_00_38/52-openroad-rcx/nom/fft_ctrl_tlul.nom.spef line 605074, net ANTENNA_u_fft_top.memory_interface_inst.u_fft_mem.u_bank1_DI\[20\] not found.
[STA-1648] /home/ovs/vyges-test/vyges-edge-sensor-soc/openlane/fft_ctrl_tlul/runs/26_04_20_00_38/52-openroad-rcx/nom/fft_ctrl_tlul.nom.spef line 605400, instance ANTENNA_u_fft_top.memory_interface_inst.u_fft_mem.u_bank0_DI\[3\] not found.
[STA-1648] /home/ovs/vyges-test/vyges-edge-sensor-soc/openlane/fft_ctrl_tlul/runs/26_04_20_00_38/52-openroad-rcx/nom/fft_ctrl_tlul.nom.spef line 605402, instance ANTENNA_u_fft_top.memory_interface_inst.u_fft_mem.u_bank1_DI\[3\] not found.
[STA-1650] /home/ovs/vyges-test/vyges-edge-sensor-soc/openlane/fft_ctrl_tlul/runs/26_04_20_00_38/52-openroad-rcx/nom/fft_ctrl_tlul.nom.spef line 605408, net ANTENNA_u_fft_top.memory_interface_inst.u_fft_mem.u_bank0_DI\[3\] not found.
[STA-1650] /home/ovs/vyges-test/vyges-edge-sensor-soc/openlane/fft_ctrl_tlul/runs/26_04_20_00_38/52-openroad-rcx/nom/fft_ctrl_tlul.nom.spef line 605410, net ANTENNA_u_fft_top.memory_interface_inst.u_fft_mem.u_bank1_DI\[3\] not found.
[STA-1650] /home/ovs/vyges-test/vyges-edge-sensor-soc/openlane/fft_ctrl_tlul/runs/26_04_20_00_38/52-openroad-rcx/nom/fft_ctrl_tlul.nom.spef line 605420, net ANTENNA_u_fft_top.memory_interface_inst.u_fft_mem.u_bank0_DI\[3\] not found.
[STA-1650] /home/ovs/vyges-test/vyges-edge-sensor-soc/openlane/fft_ctrl_tlul/runs/26_04_20_00_38/52-openroad-rcx/nom/fft_ctrl_tlul.nom.spef line 605420, net ANTENNA_u_fft_top.memory_interface_inst.u_fft_mem.u_bank0_DO\[3\] not found.
[STA-1650] /home/ovs/vyges-test/vyges-edge-sensor-soc/openlane/fft_ctrl_tlul/runs/26_04_20_00_38/52-openroad-rcx/nom/fft_ctrl_tlul.nom.spef line 605451, net ANTENNA_u_fft_top.memory_interface_inst.u_fft_mem.u_bank0_DI\[3\] not found.
[STA-1650] /home/ovs/vyges-test/vyges-edge-sensor-soc/openlane/fft_ctrl_tlul/runs/26_04_20_00_38/52-openroad-rcx/nom/fft_ctrl_tlul.nom.spef line 605463, net ANTENNA_u_fft_top.memory_interface_inst.u_fft_mem.u_bank1_DI\[3\] not found.
[STA-1650] /home/ovs/vyges-test/vyges-edge-sensor-soc/openlane/fft_ctrl_tlul/runs/26_04_20_00_38/52-openroad-rcx/nom/fft_ctrl_tlul.nom.spef line 605469, net ANTENNA_u_fft_top.memory_interface_inst.u_fft_mem.u_bank0_DI\[3\] not found.
[STA-1648] /home/ovs/vyges-test/vyges-edge-sensor-soc/openlane/fft_ctrl_tlul/runs/26_04_20_00_38/52-openroad-rcx/nom/fft_ctrl_tlul.nom.spef line 605519, instance ANTENNA_u_fft_top.memory_interface_inst.u_fft_mem.u_bank0_DI\[30\] not found.
[STA-1650] /home/ovs/vyges-test/vyges-edge-sensor-soc/openlane/fft_ctrl_tlul/runs/26_04_20_00_38/52-openroad-rcx/nom/fft_ctrl_tlul.nom.spef line 605527, net ANTENNA_u_fft_top.memory_interface_inst.u_fft_mem.u_bank0_DI\[30\] not found.
[STA-1650] /home/ovs/vyges-test/vyges-edge-sensor-soc/openlane/fft_ctrl_tlul/runs/26_04_20_00_38/52-openroad-rcx/nom/fft_ctrl_tlul.nom.spef line 605538, net ANTENNA_u_fft_top.memory_interface_inst.u_fft_mem.u_bank0_DI\[30\] not found.
[STA-1650] /home/ovs/vyges-test/vyges-edge-sensor-soc/openlane/fft_ctrl_tlul/runs/26_04_20_00_38/52-openroad-rcx/nom/fft_ctrl_tlul.nom.spef line 605538, net ANTENNA_u_fft_top.memory_interface_inst.u_fft_mem.u_bank0_DO\[30\] not found.
[STA-1650] /home/ovs/vyges-test/vyges-edge-sensor-soc/openlane/fft_ctrl_tlul/runs/26_04_20_00_38/52-openroad-rcx/nom/fft_ctrl_tlul.nom.spef line 605539, net ANTENNA_u_fft_top.memory_interface_inst.u_fft_mem.u_bank0_DI\[30\] not found.
[STA-1650] /home/ovs/vyges-test/vyges-edge-sensor-soc/openlane/fft_ctrl_tlul/runs/26_04_20_00_38/52-openroad-rcx/nom/fft_ctrl_tlul.nom.spef line 605572, net ANTENNA_u_fft_top.memory_interface_inst.u_fft_mem.u_bank0_DI\[30\] not found.
[STA-1648] /home/ovs/vyges-test/vyges-edge-sensor-soc/openlane/fft_ctrl_tlul/runs/26_04_20_00_38/52-openroad-rcx/nom/fft_ctrl_tlul.nom.spef line 605715, instance ANTENNA_u_fft_top.memory_interface_inst.u_fft_mem.u_bank1_DI\[4\] not found.
[STA-1648] /home/ovs/vyges-test/vyges-edge-sensor-soc/openlane/fft_ctrl_tlul/runs/26_04_20_00_38/52-openroad-rcx/nom/fft_ctrl_tlul.nom.spef line 605718, instance ANTENNA_u_fft_top.memory_interface_inst.u_fft_mem.u_bank0_DI\[4\] not found.
[STA-1650] /home/ovs/vyges-test/vyges-edge-sensor-soc/openlane/fft_ctrl_tlul/runs/26_04_20_00_38/52-openroad-rcx/nom/fft_ctrl_tlul.nom.spef line 605723, net ANTENNA_u_fft_top.memory_interface_inst.u_fft_mem.u_bank1_DI\[4\] not found.
[STA-1650] /home/ovs/vyges-test/vyges-edge-sensor-soc/openlane/fft_ctrl_tlul/runs/26_04_20_00_38/52-openroad-rcx/nom/fft_ctrl_tlul.nom.spef line 605726, net ANTENNA_u_fft_top.memory_interface_inst.u_fft_mem.u_bank0_DI\[4\] not found.
[STA-1650] /home/ovs/vyges-test/vyges-edge-sensor-soc/openlane/fft_ctrl_tlul/runs/26_04_20_00_38/52-openroad-rcx/nom/fft_ctrl_tlul.nom.spef line 605735, net ANTENNA_u_fft_top.memory_interface_inst.u_fft_mem.u_bank0_DI\[4\] not found.
[STA-1650] /home/ovs/vyges-test/vyges-edge-sensor-soc/openlane/fft_ctrl_tlul/runs/26_04_20_00_38/52-openroad-rcx/nom/fft_ctrl_tlul.nom.spef line 605735, net ANTENNA_u_fft_top.memory_interface_inst.u_fft_mem.u_bank0_DO\[4\] not found.
[STA-1650] /home/ovs/vyges-test/vyges-edge-sensor-soc/openlane/fft_ctrl_tlul/runs/26_04_20_00_38/52-openroad-rcx/nom/fft_ctrl_tlul.nom.spef line 605736, net ANTENNA_u_fft_top.memory_interface_inst.u_fft_mem.u_bank0_DO\[4\] not found.
[STA-1650] /home/ovs/vyges-test/vyges-edge-sensor-soc/openlane/fft_ctrl_tlul/runs/26_04_20_00_38/52-openroad-rcx/nom/fft_ctrl_tlul.nom.spef line 605761, net ANTENNA_u_fft_top.memory_interface_inst.u_fft_mem.u_bank0_DI\[4\] not found.
[STA-1650] /home/ovs/vyges-test/vyges-edge-sensor-soc/openlane/fft_ctrl_tlul/runs/26_04_20_00_38/52-openroad-rcx/nom/fft_ctrl_tlul.nom.spef line 605770, net ANTENNA_u_fft_top.memory_interface_inst.u_fft_mem.u_bank0_DI\[4\] not found.
[STA-1650] /home/ovs/vyges-test/vyges-edge-sensor-soc/openlane/fft_ctrl_tlul/runs/26_04_20_00_38/52-openroad-rcx/nom/fft_ctrl_tlul.nom.spef line 605775, net ANTENNA_u_fft_top.memory_interface_inst.u_fft_mem.u_bank1_DI\[4\] not found.
[STA-1648] /home/ovs/vyges-test/vyges-edge-sensor-soc/openlane/fft_ctrl_tlul/runs/26_04_20_00_38/52-openroad-rcx/nom/fft_ctrl_tlul.nom.spef line 606162, instance ANTENNA_u_fft_top.memory_interface_inst.u_fft_mem.u_bank0_DI\[2\] not found.
[STA-1648] /home/ovs/vyges-test/vyges-edge-sensor-soc/openlane/fft_ctrl_tlul/runs/26_04_20_00_38/52-openroad-rcx/nom/fft_ctrl_tlul.nom.spef line 606164, instance ANTENNA_u_fft_top.memory_interface_inst.u_fft_mem.u_bank1_DI\[2\] not found.
[STA-1650] /home/ovs/vyges-test/vyges-edge-sensor-soc/openlane/fft_ctrl_tlul/runs/26_04_20_00_38/52-openroad-rcx/nom/fft_ctrl_tlul.nom.spef line 606170, net ANTENNA_u_fft_top.memory_interface_inst.u_fft_mem.u_bank0_DI\[2\] not found.
[STA-1650] /home/ovs/vyges-test/vyges-edge-sensor-soc/openlane/fft_ctrl_tlul/runs/26_04_20_00_38/52-openroad-rcx/nom/fft_ctrl_tlul.nom.spef line 606172, net ANTENNA_u_fft_top.memory_interface_inst.u_fft_mem.u_bank1_DI\[2\] not found.
[STA-1650] /home/ovs/vyges-test/vyges-edge-sensor-soc/openlane/fft_ctrl_tlul/runs/26_04_20_00_38/52-openroad-rcx/nom/fft_ctrl_tlul.nom.spef line 606180, net ANTENNA_u_fft_top.memory_interface_inst.u_fft_mem.u_bank0_DI\[2\] not found.
[STA-1650] /home/ovs/vyges-test/vyges-edge-sensor-soc/openlane/fft_ctrl_tlul/runs/26_04_20_00_38/52-openroad-rcx/nom/fft_ctrl_tlul.nom.spef line 606180, net ANTENNA_u_fft_top.memory_interface_inst.u_fft_mem.u_bank0_DO\[2\] not found.
[STA-1650] /home/ovs/vyges-test/vyges-edge-sensor-soc/openlane/fft_ctrl_tlul/runs/26_04_20_00_38/52-openroad-rcx/nom/fft_ctrl_tlul.nom.spef line 606203, net ANTENNA_u_fft_top.memory_interface_inst.u_fft_mem.u_bank0_DI\[2\] not found.
[STA-1650] /home/ovs/vyges-test/vyges-edge-sensor-soc/openlane/fft_ctrl_tlul/runs/26_04_20_00_38/52-openroad-rcx/nom/fft_ctrl_tlul.nom.spef line 606214, net ANTENNA_u_fft_top.memory_interface_inst.u_fft_mem.u_bank1_DI\[2\] not found.
[STA-1650] /home/ovs/vyges-test/vyges-edge-sensor-soc/openlane/fft_ctrl_tlul/runs/26_04_20_00_38/52-openroad-rcx/nom/fft_ctrl_tlul.nom.spef line 606219, net ANTENNA_u_fft_top.memory_interface_inst.u_fft_mem.u_bank0_DI\[2\] not found.
[STA-1648] /home/ovs/vyges-test/vyges-edge-sensor-soc/openlane/fft_ctrl_tlul/runs/26_04_20_00_38/52-openroad-rcx/nom/fft_ctrl_tlul.nom.spef line 606476, instance ANTENNA_u_fft_top.memory_interface_inst.u_fft_mem.u_bank1_DI\[12\] not found.
[STA-1648] /home/ovs/vyges-test/vyges-edge-sensor-soc/openlane/fft_ctrl_tlul/runs/26_04_20_00_38/52-openroad-rcx/nom/fft_ctrl_tlul.nom.spef line 606478, instance ANTENNA_u_fft_top.memory_interface_inst.u_fft_mem.u_bank0_DI\[12\] not found.
[STA-1650] /home/ovs/vyges-test/vyges-edge-sensor-soc/openlane/fft_ctrl_tlul/runs/26_04_20_00_38/52-openroad-rcx/nom/fft_ctrl_tlul.nom.spef line 606484, net ANTENNA_u_fft_top.memory_interface_inst.u_fft_mem.u_bank1_DI\[12\] not found.
[STA-1650] /home/ovs/vyges-test/vyges-edge-sensor-soc/openlane/fft_ctrl_tlul/runs/26_04_20_00_38/52-openroad-rcx/nom/fft_ctrl_tlul.nom.spef line 606486, net ANTENNA_u_fft_top.memory_interface_inst.u_fft_mem.u_bank0_DI\[12\] not found.
[STA-1650] /home/ovs/vyges-test/vyges-edge-sensor-soc/openlane/fft_ctrl_tlul/runs/26_04_20_00_38/52-openroad-rcx/nom/fft_ctrl_tlul.nom.spef line 606497, net ANTENNA_u_fft_top.memory_interface_inst.u_fft_mem.u_bank0_DI\[12\] not found.
[STA-1650] /home/ovs/vyges-test/vyges-edge-sensor-soc/openlane/fft_ctrl_tlul/runs/26_04_20_00_38/52-openroad-rcx/nom/fft_ctrl_tlul.nom.spef line 606497, net ANTENNA_u_fft_top.memory_interface_inst.u_fft_mem.u_bank0_DO\[12\] not found.
[STA-1650] /home/ovs/vyges-test/vyges-edge-sensor-soc/openlane/fft_ctrl_tlul/runs/26_04_20_00_38/52-openroad-rcx/nom/fft_ctrl_tlul.nom.spef line 606498, net ANTENNA_u_fft_top.memory_interface_inst.u_fft_mem.u_bank0_DI\[12\] not found.
[STA-1650] /home/ovs/vyges-test/vyges-edge-sensor-soc/openlane/fft_ctrl_tlul/runs/26_04_20_00_38/52-openroad-rcx/nom/fft_ctrl_tlul.nom.spef line 606538, net ANTENNA_u_fft_top.memory_interface_inst.u_fft_mem.u_bank1_DI\[12\] not found.
[STA-1650] /home/ovs/vyges-test/vyges-edge-sensor-soc/openlane/fft_ctrl_tlul/runs/26_04_20_00_38/52-openroad-rcx/nom/fft_ctrl_tlul.nom.spef line 606545, net ANTENNA_u_fft_top.memory_interface_inst.u_fft_mem.u_bank0_DI\[12\] not found.
[STA-1650] /home/ovs/vyges-test/vyges-edge-sensor-soc/openlane/fft_ctrl_tlul/runs/26_04_20_00_38/52-openroad-rcx/nom/fft_ctrl_tlul.nom.spef line 606549, net ANTENNA_u_fft_top.memory_interface_inst.u_fft_mem.u_bank1_DI\[12\] not found.
[STA-1648] /home/ovs/vyges-test/vyges-edge-sensor-soc/openlane/fft_ctrl_tlul/runs/26_04_20_00_38/52-openroad-rcx/nom/fft_ctrl_tlul.nom.spef line 606989, instance ANTENNA_u_fft_top.memory_interface_inst.u_fft_mem.u_bank1_DI\[5\] not found.
[STA-1648] /home/ovs/vyges-test/vyges-edge-sensor-soc/openlane/fft_ctrl_tlul/runs/26_04_20_00_38/52-openroad-rcx/nom/fft_ctrl_tlul.nom.spef line 606991, instance ANTENNA_u_fft_top.memory_interface_inst.u_fft_mem.u_bank0_DI\[5\] not found.
[STA-1650] /home/ovs/vyges-test/vyges-edge-sensor-soc/openlane/fft_ctrl_tlul/runs/26_04_20_00_38/52-openroad-rcx/nom/fft_ctrl_tlul.nom.spef line 606997, net ANTENNA_u_fft_top.memory_interface_inst.u_fft_mem.u_bank1_DI\[5\] not found.
[STA-1650] /home/ovs/vyges-test/vyges-edge-sensor-soc/openlane/fft_ctrl_tlul/runs/26_04_20_00_38/52-openroad-rcx/nom/fft_ctrl_tlul.nom.spef line 606999, net ANTENNA_u_fft_top.memory_interface_inst.u_fft_mem.u_bank0_DI\[5\] not found.
[STA-1650] /home/ovs/vyges-test/vyges-edge-sensor-soc/openlane/fft_ctrl_tlul/runs/26_04_20_00_38/52-openroad-rcx/nom/fft_ctrl_tlul.nom.spef line 607013, net ANTENNA_u_fft_top.memory_interface_inst.u_fft_mem.u_bank0_DO\[5\] not found.
[STA-1650] /home/ovs/vyges-test/vyges-edge-sensor-soc/openlane/fft_ctrl_tlul/runs/26_04_20_00_38/52-openroad-rcx/nom/fft_ctrl_tlul.nom.spef line 607034, net ANTENNA_u_fft_top.memory_interface_inst.u_fft_mem.u_bank0_DI\[5\] not found.
[STA-1650] /home/ovs/vyges-test/vyges-edge-sensor-soc/openlane/fft_ctrl_tlul/runs/26_04_20_00_38/52-openroad-rcx/nom/fft_ctrl_tlul.nom.spef line 607046, net ANTENNA_u_fft_top.memory_interface_inst.u_fft_mem.u_bank0_DI\[5\] not found.
[STA-1650] /home/ovs/vyges-test/vyges-edge-sensor-soc/openlane/fft_ctrl_tlul/runs/26_04_20_00_38/52-openroad-rcx/nom/fft_ctrl_tlul.nom.spef line 607049, net ANTENNA_u_fft_top.memory_interface_inst.u_fft_mem.u_bank1_DI\[5\] not found.
[STA-1648] /home/ovs/vyges-test/vyges-edge-sensor-soc/openlane/fft_ctrl_tlul/runs/26_04_20_00_38/52-openroad-rcx/nom/fft_ctrl_tlul.nom.spef line 607229, instance ANTENNA_u_fft_top.memory_interface_inst.u_fft_mem.u_bank1_DI\[22\] not found.
[STA-1648] /home/ovs/vyges-test/vyges-edge-sensor-soc/openlane/fft_ctrl_tlul/runs/26_04_20_00_38/52-openroad-rcx/nom/fft_ctrl_tlul.nom.spef line 607231, instance ANTENNA_u_fft_top.memory_interface_inst.u_fft_mem.u_bank0_DI\[22\] not found.
[STA-1650] /home/ovs/vyges-test/vyges-edge-sensor-soc/openlane/fft_ctrl_tlul/runs/26_04_20_00_38/52-openroad-rcx/nom/fft_ctrl_tlul.nom.spef line 607237, net ANTENNA_u_fft_top.memory_interface_inst.u_fft_mem.u_bank1_DI\[22\] not found.
[STA-1650] /home/ovs/vyges-test/vyges-edge-sensor-soc/openlane/fft_ctrl_tlul/runs/26_04_20_00_38/52-openroad-rcx/nom/fft_ctrl_tlul.nom.spef line 607239, net ANTENNA_u_fft_top.memory_interface_inst.u_fft_mem.u_bank0_DI\[22\] not found.
[STA-1650] /home/ovs/vyges-test/vyges-edge-sensor-soc/openlane/fft_ctrl_tlul/runs/26_04_20_00_38/52-openroad-rcx/nom/fft_ctrl_tlul.nom.spef line 607248, net ANTENNA_u_fft_top.memory_interface_inst.u_fft_mem.u_bank0_DI\[22\] not found.
[STA-1650] /home/ovs/vyges-test/vyges-edge-sensor-soc/openlane/fft_ctrl_tlul/runs/26_04_20_00_38/52-openroad-rcx/nom/fft_ctrl_tlul.nom.spef line 607249, net ANTENNA_u_fft_top.memory_interface_inst.u_fft_mem.u_bank1_DI\[22\] not found.
[STA-1650] /home/ovs/vyges-test/vyges-edge-sensor-soc/openlane/fft_ctrl_tlul/runs/26_04_20_00_38/52-openroad-rcx/nom/fft_ctrl_tlul.nom.spef line 607268, net ANTENNA_u_fft_top.memory_interface_inst.u_fft_mem.u_bank0_DI\[22\] not found.
[STA-1650] /home/ovs/vyges-test/vyges-edge-sensor-soc/openlane/fft_ctrl_tlul/runs/26_04_20_00_38/52-openroad-rcx/nom/fft_ctrl_tlul.nom.spef line 607281, net ANTENNA_u_fft_top.memory_interface_inst.u_fft_mem.u_bank0_DI\[22\] not found.
[STA-1650] /home/ovs/vyges-test/vyges-edge-sensor-soc/openlane/fft_ctrl_tlul/runs/26_04_20_00_38/52-openroad-rcx/nom/fft_ctrl_tlul.nom.spef line 607284, net ANTENNA_u_fft_top.memory_interface_inst.u_fft_mem.u_bank1_DI\[22\] not found.
[STA-1648] /home/ovs/vyges-test/vyges-edge-sensor-soc/openlane/fft_ctrl_tlul/runs/26_04_20_00_38/52-openroad-rcx/nom/fft_ctrl_tlul.nom.spef line 607647, instance ANTENNA_u_fft_top.memory_interface_inst.u_fft_mem.u_bank1_DI\[21\] not found.
[STA-1648] /home/ovs/vyges-test/vyges-edge-sensor-soc/openlane/fft_ctrl_tlul/runs/26_04_20_00_38/52-openroad-rcx/nom/fft_ctrl_tlul.nom.spef line 607650, instance ANTENNA_u_fft_top.memory_interface_inst.u_fft_mem.u_bank0_DI\[21\] not found.
[STA-1650] /home/ovs/vyges-test/vyges-edge-sensor-soc/openlane/fft_ctrl_tlul/runs/26_04_20_00_38/52-openroad-rcx/nom/fft_ctrl_tlul.nom.spef line 607655, net ANTENNA_u_fft_top.memory_interface_inst.u_fft_mem.u_bank1_DI\[21\] not found.
[STA-1650] /home/ovs/vyges-test/vyges-edge-sensor-soc/openlane/fft_ctrl_tlul/runs/26_04_20_00_38/52-openroad-rcx/nom/fft_ctrl_tlul.nom.spef line 607658, net ANTENNA_u_fft_top.memory_interface_inst.u_fft_mem.u_bank0_DI\[21\] not found.
[STA-1650] /home/ovs/vyges-test/vyges-edge-sensor-soc/openlane/fft_ctrl_tlul/runs/26_04_20_00_38/52-openroad-rcx/nom/fft_ctrl_tlul.nom.spef line 607671, net ANTENNA_u_fft_top.memory_interface_inst.u_fft_mem.u_bank0_DI\[21\] not found.
[STA-1650] /home/ovs/vyges-test/vyges-edge-sensor-soc/openlane/fft_ctrl_tlul/runs/26_04_20_00_38/52-openroad-rcx/nom/fft_ctrl_tlul.nom.spef line 607672, net ANTENNA_u_fft_top.memory_interface_inst.u_fft_mem.u_bank0_DI\[21\] not found.
[STA-1650] /home/ovs/vyges-test/vyges-edge-sensor-soc/openlane/fft_ctrl_tlul/runs/26_04_20_00_38/52-openroad-rcx/nom/fft_ctrl_tlul.nom.spef line 607715, net ANTENNA_u_fft_top.memory_interface_inst.u_fft_mem.u_bank0_DI\[21\] not found.
[STA-1650] /home/ovs/vyges-test/vyges-edge-sensor-soc/openlane/fft_ctrl_tlul/runs/26_04_20_00_38/52-openroad-rcx/nom/fft_ctrl_tlul.nom.spef line 607737, net ANTENNA_u_fft_top.memory_interface_inst.u_fft_mem.u_bank0_DI\[21\] not found.
[STA-1650] /home/ovs/vyges-test/vyges-edge-sensor-soc/openlane/fft_ctrl_tlul/runs/26_04_20_00_38/52-openroad-rcx/nom/fft_ctrl_tlul.nom.spef line 607743, net ANTENNA_u_fft_top.memory_interface_inst.u_fft_mem.u_bank1_DI\[21\] not found.
[STA-1648] /home/ovs/vyges-test/vyges-edge-sensor-soc/openlane/fft_ctrl_tlul/runs/26_04_20_00_38/52-openroad-rcx/nom/fft_ctrl_tlul.nom.spef line 607907, instance ANTENNA_u_fft_top.memory_interface_inst.u_fft_mem.u_bank1_DI\[23\] not found.
[STA-1648] /home/ovs/vyges-test/vyges-edge-sensor-soc/openlane/fft_ctrl_tlul/runs/26_04_20_00_38/52-openroad-rcx/nom/fft_ctrl_tlul.nom.spef line 607909, instance ANTENNA_u_fft_top.memory_interface_inst.u_fft_mem.u_bank0_DI\[23\] not found.
[STA-1650] /home/ovs/vyges-test/vyges-edge-sensor-soc/openlane/fft_ctrl_tlul/runs/26_04_20_00_38/52-openroad-rcx/nom/fft_ctrl_tlul.nom.spef line 607915, net ANTENNA_u_fft_top.memory_interface_inst.u_fft_mem.u_bank1_DI\[23\] not found.
[STA-1650] /home/ovs/vyges-test/vyges-edge-sensor-soc/openlane/fft_ctrl_tlul/runs/26_04_20_00_38/52-openroad-rcx/nom/fft_ctrl_tlul.nom.spef line 607917, net ANTENNA_u_fft_top.memory_interface_inst.u_fft_mem.u_bank0_DI\[23\] not found.
[STA-1650] /home/ovs/vyges-test/vyges-edge-sensor-soc/openlane/fft_ctrl_tlul/runs/26_04_20_00_38/52-openroad-rcx/nom/fft_ctrl_tlul.nom.spef line 607923, net ANTENNA_u_fft_top.memory_interface_inst.u_fft_mem.u_bank0_DI\[23\] not found.
[STA-1650] /home/ovs/vyges-test/vyges-edge-sensor-soc/openlane/fft_ctrl_tlul/runs/26_04_20_00_38/52-openroad-rcx/nom/fft_ctrl_tlul.nom.spef line 607923, net ANTENNA_u_fft_top.memory_interface_inst.u_fft_mem.u_bank0_DO\[23\] not found.
[STA-1650] /home/ovs/vyges-test/vyges-edge-sensor-soc/openlane/fft_ctrl_tlul/runs/26_04_20_00_38/52-openroad-rcx/nom/fft_ctrl_tlul.nom.spef line 607945, net ANTENNA_u_fft_top.memory_interface_inst.u_fft_mem.u_bank0_DI\[23\] not found.
[STA-1650] /home/ovs/vyges-test/vyges-edge-sensor-soc/openlane/fft_ctrl_tlul/runs/26_04_20_00_38/52-openroad-rcx/nom/fft_ctrl_tlul.nom.spef line 607953, net ANTENNA_u_fft_top.memory_interface_inst.u_fft_mem.u_bank0_DI\[23\] not found.
[STA-1650] /home/ovs/vyges-test/vyges-edge-sensor-soc/openlane/fft_ctrl_tlul/runs/26_04_20_00_38/52-openroad-rcx/nom/fft_ctrl_tlul.nom.spef line 607956, net ANTENNA_u_fft_top.memory_interface_inst.u_fft_mem.u_bank1_DI\[23\] not found.
[STA-1648] /home/ovs/vyges-test/vyges-edge-sensor-soc/openlane/fft_ctrl_tlul/runs/26_04_20_00_38/52-openroad-rcx/nom/fft_ctrl_tlul.nom.spef line 608236, instance ANTENNA_u_fft_top.memory_interface_inst.u_fft_mem.u_bank1_DI\[19\] not found.
[STA-1648] /home/ovs/vyges-test/vyges-edge-sensor-soc/openlane/fft_ctrl_tlul/runs/26_04_20_00_38/52-openroad-rcx/nom/fft_ctrl_tlul.nom.spef line 608238, instance ANTENNA_u_fft_top.memory_interface_inst.u_fft_mem.u_bank0_DI\[19\] not found.
[STA-1650] /home/ovs/vyges-test/vyges-edge-sensor-soc/openlane/fft_ctrl_tlul/runs/26_04_20_00_38/52-openroad-rcx/nom/fft_ctrl_tlul.nom.spef line 608244, net ANTENNA_u_fft_top.memory_interface_inst.u_fft_mem.u_bank1_DI\[19\] not found.
[STA-1650] /home/ovs/vyges-test/vyges-edge-sensor-soc/openlane/fft_ctrl_tlul/runs/26_04_20_00_38/52-openroad-rcx/nom/fft_ctrl_tlul.nom.spef line 608246, net ANTENNA_u_fft_top.memory_interface_inst.u_fft_mem.u_bank0_DI\[19\] not found.
[STA-1650] /home/ovs/vyges-test/vyges-edge-sensor-soc/openlane/fft_ctrl_tlul/runs/26_04_20_00_38/52-openroad-rcx/nom/fft_ctrl_tlul.nom.spef line 608255, net ANTENNA_u_fft_top.memory_interface_inst.u_fft_mem.u_bank0_DI\[19\] not found.
[STA-1650] /home/ovs/vyges-test/vyges-edge-sensor-soc/openlane/fft_ctrl_tlul/runs/26_04_20_00_38/52-openroad-rcx/nom/fft_ctrl_tlul.nom.spef line 608282, net ANTENNA_u_fft_top.memory_interface_inst.u_fft_mem.u_bank0_DI\[19\] not found.
[STA-1650] /home/ovs/vyges-test/vyges-edge-sensor-soc/openlane/fft_ctrl_tlul/runs/26_04_20_00_38/52-openroad-rcx/nom/fft_ctrl_tlul.nom.spef line 608285, net ANTENNA_u_fft_top.memory_interface_inst.u_fft_mem.u_bank1_DI\[19\] not found.
[STA-1648] /home/ovs/vyges-test/vyges-edge-sensor-soc/openlane/fft_ctrl_tlul/runs/26_04_20_00_38/52-openroad-rcx/nom/fft_ctrl_tlul.nom.spef line 608698, instance ANTENNA_u_fft_top.memory_interface_inst.u_fft_mem.u_bank1_DI\[17\] not found.
[STA-1648] /home/ovs/vyges-test/vyges-edge-sensor-soc/openlane/fft_ctrl_tlul/runs/26_04_20_00_38/52-openroad-rcx/nom/fft_ctrl_tlul.nom.spef line 608700, instance ANTENNA_u_fft_top.memory_interface_inst.u_fft_mem.u_bank0_DI\[17\] not found.
[STA-1650] /home/ovs/vyges-test/vyges-edge-sensor-soc/openlane/fft_ctrl_tlul/runs/26_04_20_00_38/52-openroad-rcx/nom/fft_ctrl_tlul.nom.spef line 608706, net ANTENNA_u_fft_top.memory_interface_inst.u_fft_mem.u_bank1_DI\[17\] not found.
[STA-1650] /home/ovs/vyges-test/vyges-edge-sensor-soc/openlane/fft_ctrl_tlul/runs/26_04_20_00_38/52-openroad-rcx/nom/fft_ctrl_tlul.nom.spef line 608708, net ANTENNA_u_fft_top.memory_interface_inst.u_fft_mem.u_bank0_DI\[17\] not found.
[STA-1650] /home/ovs/vyges-test/vyges-edge-sensor-soc/openlane/fft_ctrl_tlul/runs/26_04_20_00_38/52-openroad-rcx/nom/fft_ctrl_tlul.nom.spef line 608744, net ANTENNA_u_fft_top.memory_interface_inst.u_fft_mem.u_bank0_DI\[17\] not found.
[STA-1650] /home/ovs/vyges-test/vyges-edge-sensor-soc/openlane/fft_ctrl_tlul/runs/26_04_20_00_38/52-openroad-rcx/nom/fft_ctrl_tlul.nom.spef line 608748, net ANTENNA_u_fft_top.memory_interface_inst.u_fft_mem.u_bank0_DI\[17\] not found.
[STA-1650] /home/ovs/vyges-test/vyges-edge-sensor-soc/openlane/fft_ctrl_tlul/runs/26_04_20_00_38/52-openroad-rcx/nom/fft_ctrl_tlul.nom.spef line 608766, net ANTENNA_u_fft_top.memory_interface_inst.u_fft_mem.u_bank0_DI\[17\] not found.
[STA-1650] /home/ovs/vyges-test/vyges-edge-sensor-soc/openlane/fft_ctrl_tlul/runs/26_04_20_00_38/52-openroad-rcx/nom/fft_ctrl_tlul.nom.spef line 608771, net ANTENNA_u_fft_top.memory_interface_inst.u_fft_mem.u_bank1_DI\[17\] not found.
[STA-1648] /home/ovs/vyges-test/vyges-edge-sensor-soc/openlane/fft_ctrl_tlul/runs/26_04_20_00_38/52-openroad-rcx/nom/fft_ctrl_tlul.nom.spef line 608914, instance ANTENNA_u_fft_top.memory_interface_inst.u_fft_mem.u_bank1_DI\[16\] not found.
[STA-1648] /home/ovs/vyges-test/vyges-edge-sensor-soc/openlane/fft_ctrl_tlul/runs/26_04_20_00_38/52-openroad-rcx/nom/fft_ctrl_tlul.nom.spef line 608916, instance ANTENNA_u_fft_top.memory_interface_inst.u_fft_mem.u_bank0_DI\[16\] not found.
[STA-1650] /home/ovs/vyges-test/vyges-edge-sensor-soc/openlane/fft_ctrl_tlul/runs/26_04_20_00_38/52-openroad-rcx/nom/fft_ctrl_tlul.nom.spef line 608922, net ANTENNA_u_fft_top.memory_interface_inst.u_fft_mem.u_bank1_DI\[16\] not found.
[STA-1650] /home/ovs/vyges-test/vyges-edge-sensor-soc/openlane/fft_ctrl_tlul/runs/26_04_20_00_38/52-openroad-rcx/nom/fft_ctrl_tlul.nom.spef line 608924, net ANTENNA_u_fft_top.memory_interface_inst.u_fft_mem.u_bank0_DI\[16\] not found.
[STA-1650] /home/ovs/vyges-test/vyges-edge-sensor-soc/openlane/fft_ctrl_tlul/runs/26_04_20_00_38/52-openroad-rcx/nom/fft_ctrl_tlul.nom.spef line 608935, net ANTENNA_u_fft_top.memory_interface_inst.u_fft_mem.u_bank0_DI\[16\] not found.
[STA-1650] /home/ovs/vyges-test/vyges-edge-sensor-soc/openlane/fft_ctrl_tlul/runs/26_04_20_00_38/52-openroad-rcx/nom/fft_ctrl_tlul.nom.spef line 608958, net ANTENNA_u_fft_top.memory_interface_inst.u_fft_mem.u_bank0_DI\[16\] not found.
[STA-1650] /home/ovs/vyges-test/vyges-edge-sensor-soc/openlane/fft_ctrl_tlul/runs/26_04_20_00_38/52-openroad-rcx/nom/fft_ctrl_tlul.nom.spef line 608959, net ANTENNA_u_fft_top.memory_interface_inst.u_fft_mem.u_bank0_DI\[16\] not found.
[STA-1650] /home/ovs/vyges-test/vyges-edge-sensor-soc/openlane/fft_ctrl_tlul/runs/26_04_20_00_38/52-openroad-rcx/nom/fft_ctrl_tlul.nom.spef line 608973, net ANTENNA_u_fft_top.memory_interface_inst.u_fft_mem.u_bank0_DI\[16\] not found.
[STA-1650] /home/ovs/vyges-test/vyges-edge-sensor-soc/openlane/fft_ctrl_tlul/runs/26_04_20_00_38/52-openroad-rcx/nom/fft_ctrl_tlul.nom.spef line 608976, net ANTENNA_u_fft_top.memory_interface_inst.u_fft_mem.u_bank1_DI\[16\] not found.
[STA-1648] /home/ovs/vyges-test/vyges-edge-sensor-soc/openlane/fft_ctrl_tlul/runs/26_04_20_00_38/52-openroad-rcx/nom/fft_ctrl_tlul.nom.spef line 609296, instance ANTENNA_u_fft_top.memory_interface_inst.u_fft_mem.u_bank0_DI\[15\] not found.
[STA-1648] /home/ovs/vyges-test/vyges-edge-sensor-soc/openlane/fft_ctrl_tlul/runs/26_04_20_00_38/52-openroad-rcx/nom/fft_ctrl_tlul.nom.spef line 609297, instance ANTENNA_u_fft_top.memory_interface_inst.u_fft_mem.u_bank1_DI\[15\] not found.
[STA-1650] /home/ovs/vyges-test/vyges-edge-sensor-soc/openlane/fft_ctrl_tlul/runs/26_04_20_00_38/52-openroad-rcx/nom/fft_ctrl_tlul.nom.spef line 609304, net ANTENNA_u_fft_top.memory_interface_inst.u_fft_mem.u_bank0_DI\[15\] not found.
[STA-1650] /home/ovs/vyges-test/vyges-edge-sensor-soc/openlane/fft_ctrl_tlul/runs/26_04_20_00_38/52-openroad-rcx/nom/fft_ctrl_tlul.nom.spef line 609305, net ANTENNA_u_fft_top.memory_interface_inst.u_fft_mem.u_bank1_DI\[15\] not found.
[STA-1650] /home/ovs/vyges-test/vyges-edge-sensor-soc/openlane/fft_ctrl_tlul/runs/26_04_20_00_38/52-openroad-rcx/nom/fft_ctrl_tlul.nom.spef line 609316, net ANTENNA_u_fft_top.memory_interface_inst.u_fft_mem.u_bank0_DI\[15\] not found.
[STA-1650] /home/ovs/vyges-test/vyges-edge-sensor-soc/openlane/fft_ctrl_tlul/runs/26_04_20_00_38/52-openroad-rcx/nom/fft_ctrl_tlul.nom.spef line 609316, net ANTENNA_u_fft_top.memory_interface_inst.u_fft_mem.u_bank0_DO\[15\] not found.
[STA-1650] /home/ovs/vyges-test/vyges-edge-sensor-soc/openlane/fft_ctrl_tlul/runs/26_04_20_00_38/52-openroad-rcx/nom/fft_ctrl_tlul.nom.spef line 609317, net ANTENNA_u_fft_top.memory_interface_inst.u_fft_mem.u_bank1_DI\[15\] not found.
[STA-1650] /home/ovs/vyges-test/vyges-edge-sensor-soc/openlane/fft_ctrl_tlul/runs/26_04_20_00_38/52-openroad-rcx/nom/fft_ctrl_tlul.nom.spef line 609358, net ANTENNA_u_fft_top.memory_interface_inst.u_fft_mem.u_bank0_DI\[15\] not found.
[STA-1650] /home/ovs/vyges-test/vyges-edge-sensor-soc/openlane/fft_ctrl_tlul/runs/26_04_20_00_38/52-openroad-rcx/nom/fft_ctrl_tlul.nom.spef line 609375, net ANTENNA_u_fft_top.memory_interface_inst.u_fft_mem.u_bank1_DI\[15\] not found.
[STA-1650] /home/ovs/vyges-test/vyges-edge-sensor-soc/openlane/fft_ctrl_tlul/runs/26_04_20_00_38/52-openroad-rcx/nom/fft_ctrl_tlul.nom.spef line 609380, net ANTENNA_u_fft_top.memory_interface_inst.u_fft_mem.u_bank0_DI\[15\] not found.
[STA-1648] /home/ovs/vyges-test/vyges-edge-sensor-soc/openlane/fft_ctrl_tlul/runs/26_04_20_00_38/52-openroad-rcx/nom/fft_ctrl_tlul.nom.spef line 609562, instance ANTENNA_u_fft_top.memory_interface_inst.u_fft_mem.u_bank1_DI\[13\] not found.
[STA-1648] /home/ovs/vyges-test/vyges-edge-sensor-soc/openlane/fft_ctrl_tlul/runs/26_04_20_00_38/52-openroad-rcx/nom/fft_ctrl_tlul.nom.spef line 609565, instance ANTENNA_u_fft_top.memory_interface_inst.u_fft_mem.u_bank0_DI\[13\] not found.
[STA-1650] /home/ovs/vyges-test/vyges-edge-sensor-soc/openlane/fft_ctrl_tlul/runs/26_04_20_00_38/52-openroad-rcx/nom/fft_ctrl_tlul.nom.spef line 609570, net ANTENNA_u_fft_top.memory_interface_inst.u_fft_mem.u_bank1_DI\[13\] not found.
[STA-1650] /home/ovs/vyges-test/vyges-edge-sensor-soc/openlane/fft_ctrl_tlul/runs/26_04_20_00_38/52-openroad-rcx/nom/fft_ctrl_tlul.nom.spef line 609573, net ANTENNA_u_fft_top.memory_interface_inst.u_fft_mem.u_bank0_DI\[13\] not found.
[STA-1650] /home/ovs/vyges-test/vyges-edge-sensor-soc/openlane/fft_ctrl_tlul/runs/26_04_20_00_38/52-openroad-rcx/nom/fft_ctrl_tlul.nom.spef line 609582, net ANTENNA_u_fft_top.memory_interface_inst.u_fft_mem.u_bank0_DI\[13\] not found.
[STA-1650] /home/ovs/vyges-test/vyges-edge-sensor-soc/openlane/fft_ctrl_tlul/runs/26_04_20_00_38/52-openroad-rcx/nom/fft_ctrl_tlul.nom.spef line 609582, net ANTENNA_u_fft_top.memory_interface_inst.u_fft_mem.u_bank0_DO\[13\] not found.
[STA-1650] /home/ovs/vyges-test/vyges-edge-sensor-soc/openlane/fft_ctrl_tlul/runs/26_04_20_00_38/52-openroad-rcx/nom/fft_ctrl_tlul.nom.spef line 609583, net ANTENNA_u_fft_top.memory_interface_inst.u_fft_mem.u_bank1_DI\[13\] not found.
[STA-1650] /home/ovs/vyges-test/vyges-edge-sensor-soc/openlane/fft_ctrl_tlul/runs/26_04_20_00_38/52-openroad-rcx/nom/fft_ctrl_tlul.nom.spef line 609584, net ANTENNA_u_fft_top.memory_interface_inst.u_fft_mem.u_bank0_DO\[13\] not found.
[STA-1650] /home/ovs/vyges-test/vyges-edge-sensor-soc/openlane/fft_ctrl_tlul/runs/26_04_20_00_38/52-openroad-rcx/nom/fft_ctrl_tlul.nom.spef line 609629, net ANTENNA_u_fft_top.memory_interface_inst.u_fft_mem.u_bank0_DI\[13\] not found.
[STA-1650] /home/ovs/vyges-test/vyges-edge-sensor-soc/openlane/fft_ctrl_tlul/runs/26_04_20_00_38/52-openroad-rcx/nom/fft_ctrl_tlul.nom.spef line 609634, net ANTENNA_u_fft_top.memory_interface_inst.u_fft_mem.u_bank1_DI\[13\] not found.
[STA-1648] /home/ovs/vyges-test/vyges-edge-sensor-soc/openlane/fft_ctrl_tlul/runs/26_04_20_00_38/52-openroad-rcx/nom/fft_ctrl_tlul.nom.spef line 609854, instance ANTENNA_u_fft_top.memory_interface_inst.u_fft_mem.u_bank1_DI\[8\] not found.
[STA-1648] /home/ovs/vyges-test/vyges-edge-sensor-soc/openlane/fft_ctrl_tlul/runs/26_04_20_00_38/52-openroad-rcx/nom/fft_ctrl_tlul.nom.spef line 609858, instance ANTENNA_u_fft_top.memory_interface_inst.u_fft_mem.u_bank0_DI\[8\] not found.
[STA-1650] /home/ovs/vyges-test/vyges-edge-sensor-soc/openlane/fft_ctrl_tlul/runs/26_04_20_00_38/52-openroad-rcx/nom/fft_ctrl_tlul.nom.spef line 609862, net ANTENNA_u_fft_top.memory_interface_inst.u_fft_mem.u_bank1_DI\[8\] not found.
[STA-1650] /home/ovs/vyges-test/vyges-edge-sensor-soc/openlane/fft_ctrl_tlul/runs/26_04_20_00_38/52-openroad-rcx/nom/fft_ctrl_tlul.nom.spef line 609866, net ANTENNA_u_fft_top.memory_interface_inst.u_fft_mem.u_bank0_DI\[8\] not found.
[STA-1650] /home/ovs/vyges-test/vyges-edge-sensor-soc/openlane/fft_ctrl_tlul/runs/26_04_20_00_38/52-openroad-rcx/nom/fft_ctrl_tlul.nom.spef line 609880, net ANTENNA_u_fft_top.memory_interface_inst.u_fft_mem.u_bank0_DI\[8\] not found.
[STA-1650] /home/ovs/vyges-test/vyges-edge-sensor-soc/openlane/fft_ctrl_tlul/runs/26_04_20_00_38/52-openroad-rcx/nom/fft_ctrl_tlul.nom.spef line 609880, net ANTENNA_u_fft_top.memory_interface_inst.u_fft_mem.u_bank0_DO\[8\] not found.
[STA-1650] /home/ovs/vyges-test/vyges-edge-sensor-soc/openlane/fft_ctrl_tlul/runs/26_04_20_00_38/52-openroad-rcx/nom/fft_ctrl_tlul.nom.spef line 609881, net ANTENNA_u_fft_top.memory_interface_inst.u_fft_mem.u_bank1_DI\[8\] not found.
[STA-1650] /home/ovs/vyges-test/vyges-edge-sensor-soc/openlane/fft_ctrl_tlul/runs/26_04_20_00_38/52-openroad-rcx/nom/fft_ctrl_tlul.nom.spef line 609937, net ANTENNA_u_fft_top.memory_interface_inst.u_fft_mem.u_bank0_DI\[8\] not found.
[STA-1650] /home/ovs/vyges-test/vyges-edge-sensor-soc/openlane/fft_ctrl_tlul/runs/26_04_20_00_38/52-openroad-rcx/nom/fft_ctrl_tlul.nom.spef line 609963, net ANTENNA_u_fft_top.memory_interface_inst.u_fft_mem.u_bank0_DI\[8\] not found.
[STA-1650] /home/ovs/vyges-test/vyges-edge-sensor-soc/openlane/fft_ctrl_tlul/runs/26_04_20_00_38/52-openroad-rcx/nom/fft_ctrl_tlul.nom.spef line 609974, net ANTENNA_u_fft_top.memory_interface_inst.u_fft_mem.u_bank1_DI\[8\] not found.
[STA-1648] /home/ovs/vyges-test/vyges-edge-sensor-soc/openlane/fft_ctrl_tlul/runs/26_04_20_00_38/52-openroad-rcx/nom/fft_ctrl_tlul.nom.spef line 610299, instance ANTENNA_u_fft_top.memory_interface_inst.u_fft_mem.u_bank1_DI\[14\] not found.
[STA-1648] /home/ovs/vyges-test/vyges-edge-sensor-soc/openlane/fft_ctrl_tlul/runs/26_04_20_00_38/52-openroad-rcx/nom/fft_ctrl_tlul.nom.spef line 610301, instance ANTENNA_u_fft_top.memory_interface_inst.u_fft_mem.u_bank0_DI\[14\] not found.
[STA-1650] /home/ovs/vyges-test/vyges-edge-sensor-soc/openlane/fft_ctrl_tlul/runs/26_04_20_00_38/52-openroad-rcx/nom/fft_ctrl_tlul.nom.spef line 610307, net ANTENNA_u_fft_top.memory_interface_inst.u_fft_mem.u_bank1_DI\[14\] not found.
[STA-1650] /home/ovs/vyges-test/vyges-edge-sensor-soc/openlane/fft_ctrl_tlul/runs/26_04_20_00_38/52-openroad-rcx/nom/fft_ctrl_tlul.nom.spef line 610309, net ANTENNA_u_fft_top.memory_interface_inst.u_fft_mem.u_bank0_DI\[14\] not found.
[STA-1650] /home/ovs/vyges-test/vyges-edge-sensor-soc/openlane/fft_ctrl_tlul/runs/26_04_20_00_38/52-openroad-rcx/nom/fft_ctrl_tlul.nom.spef line 610318, net ANTENNA_u_fft_top.memory_interface_inst.u_fft_mem.u_bank0_DI\[14\] not found.
[STA-1650] /home/ovs/vyges-test/vyges-edge-sensor-soc/openlane/fft_ctrl_tlul/runs/26_04_20_00_38/52-openroad-rcx/nom/fft_ctrl_tlul.nom.spef line 610318, net ANTENNA_u_fft_top.memory_interface_inst.u_fft_mem.u_bank0_DO\[14\] not found.
[STA-1650] /home/ovs/vyges-test/vyges-edge-sensor-soc/openlane/fft_ctrl_tlul/runs/26_04_20_00_38/52-openroad-rcx/nom/fft_ctrl_tlul.nom.spef line 610352, net ANTENNA_u_fft_top.memory_interface_inst.u_fft_mem.u_bank0_DI\[14\] not found.
[STA-1650] /home/ovs/vyges-test/vyges-edge-sensor-soc/openlane/fft_ctrl_tlul/runs/26_04_20_00_38/52-openroad-rcx/nom/fft_ctrl_tlul.nom.spef line 610367, net ANTENNA_u_fft_top.memory_interface_inst.u_fft_mem.u_bank0_DI\[14\] not found.
[STA-1650] /home/ovs/vyges-test/vyges-edge-sensor-soc/openlane/fft_ctrl_tlul/runs/26_04_20_00_38/52-openroad-rcx/nom/fft_ctrl_tlul.nom.spef line 610371, net ANTENNA_u_fft_top.memory_interface_inst.u_fft_mem.u_bank1_DI\[14\] not found.
[STA-1648] /home/ovs/vyges-test/vyges-edge-sensor-soc/openlane/fft_ctrl_tlul/runs/26_04_20_00_38/52-openroad-rcx/nom/fft_ctrl_tlul.nom.spef line 610616, instance ANTENNA_u_fft_top.memory_interface_inst.u_fft_mem.u_bank0_DI\[7\] not found.
[STA-1648] /home/ovs/vyges-test/vyges-edge-sensor-soc/openlane/fft_ctrl_tlul/runs/26_04_20_00_38/52-openroad-rcx/nom/fft_ctrl_tlul.nom.spef line 610618, instance ANTENNA_u_fft_top.memory_interface_inst.u_fft_mem.u_bank1_DI\[7\] not found.
[STA-1650] /home/ovs/vyges-test/vyges-edge-sensor-soc/openlane/fft_ctrl_tlul/runs/26_04_20_00_38/52-openroad-rcx/nom/fft_ctrl_tlul.nom.spef line 610624, net ANTENNA_u_fft_top.memory_interface_inst.u_fft_mem.u_bank0_DI\[7\] not found.
[STA-1650] /home/ovs/vyges-test/vyges-edge-sensor-soc/openlane/fft_ctrl_tlul/runs/26_04_20_00_38/52-openroad-rcx/nom/fft_ctrl_tlul.nom.spef line 610626, net ANTENNA_u_fft_top.memory_interface_inst.u_fft_mem.u_bank1_DI\[7\] not found.
[STA-1650] /home/ovs/vyges-test/vyges-edge-sensor-soc/openlane/fft_ctrl_tlul/runs/26_04_20_00_38/52-openroad-rcx/nom/fft_ctrl_tlul.nom.spef line 610635, net ANTENNA_u_fft_top.memory_interface_inst.u_fft_mem.u_bank0_DI\[7\] not found.
[STA-1650] /home/ovs/vyges-test/vyges-edge-sensor-soc/openlane/fft_ctrl_tlul/runs/26_04_20_00_38/52-openroad-rcx/nom/fft_ctrl_tlul.nom.spef line 610635, net ANTENNA_u_fft_top.memory_interface_inst.u_fft_mem.u_bank0_DO\[7\] not found.
[STA-1650] /home/ovs/vyges-test/vyges-edge-sensor-soc/openlane/fft_ctrl_tlul/runs/26_04_20_00_38/52-openroad-rcx/nom/fft_ctrl_tlul.nom.spef line 610636, net ANTENNA_u_fft_top.memory_interface_inst.u_fft_mem.u_bank0_DI\[7\] not found.
[STA-1650] /home/ovs/vyges-test/vyges-edge-sensor-soc/openlane/fft_ctrl_tlul/runs/26_04_20_00_38/52-openroad-rcx/nom/fft_ctrl_tlul.nom.spef line 610637, net ANTENNA_u_fft_top.memory_interface_inst.u_fft_mem.u_bank1_DI\[7\] not found.
[STA-1650] /home/ovs/vyges-test/vyges-edge-sensor-soc/openlane/fft_ctrl_tlul/runs/26_04_20_00_38/52-openroad-rcx/nom/fft_ctrl_tlul.nom.spef line 610638, net ANTENNA_u_fft_top.memory_interface_inst.u_fft_mem.u_bank1_DI\[7\] not found.
[STA-1650] /home/ovs/vyges-test/vyges-edge-sensor-soc/openlane/fft_ctrl_tlul/runs/26_04_20_00_38/52-openroad-rcx/nom/fft_ctrl_tlul.nom.spef line 610639, net ANTENNA_u_fft_top.memory_interface_inst.u_fft_mem.u_bank0_DO\[7\] not found.
[STA-1650] /home/ovs/vyges-test/vyges-edge-sensor-soc/openlane/fft_ctrl_tlul/runs/26_04_20_00_38/52-openroad-rcx/nom/fft_ctrl_tlul.nom.spef line 610657, net ANTENNA_u_fft_top.memory_interface_inst.u_fft_mem.u_bank0_DI\[7\] not found.
[STA-1650] /home/ovs/vyges-test/vyges-edge-sensor-soc/openlane/fft_ctrl_tlul/runs/26_04_20_00_38/52-openroad-rcx/nom/fft_ctrl_tlul.nom.spef line 610659, net ANTENNA_u_fft_top.memory_interface_inst.u_fft_mem.u_bank1_DI\[7\] not found.
[STA-1650] /home/ovs/vyges-test/vyges-edge-sensor-soc/openlane/fft_ctrl_tlul/runs/26_04_20_00_38/52-openroad-rcx/nom/fft_ctrl_tlul.nom.spef line 610671, net ANTENNA_u_fft_top.memory_interface_inst.u_fft_mem.u_bank1_DI\[7\] not found.
[STA-1650] /home/ovs/vyges-test/vyges-edge-sensor-soc/openlane/fft_ctrl_tlul/runs/26_04_20_00_38/52-openroad-rcx/nom/fft_ctrl_tlul.nom.spef line 610674, net ANTENNA_u_fft_top.memory_interface_inst.u_fft_mem.u_bank0_DI\[7\] not found.
[STA-1648] /home/ovs/vyges-test/vyges-edge-sensor-soc/openlane/fft_ctrl_tlul/runs/26_04_20_00_38/52-openroad-rcx/nom/fft_ctrl_tlul.nom.spef line 611120, instance ANTENNA_u_fft_top.memory_interface_inst.u_fft_mem.u_bank1_DI\[1\] not found.
[STA-1648] /home/ovs/vyges-test/vyges-edge-sensor-soc/openlane/fft_ctrl_tlul/runs/26_04_20_00_38/52-openroad-rcx/nom/fft_ctrl_tlul.nom.spef line 611123, instance ANTENNA_u_fft_top.memory_interface_inst.u_fft_mem.u_bank0_DI\[1\] not found.
[STA-1650] /home/ovs/vyges-test/vyges-edge-sensor-soc/openlane/fft_ctrl_tlul/runs/26_04_20_00_38/52-openroad-rcx/nom/fft_ctrl_tlul.nom.spef line 611128, net ANTENNA_u_fft_top.memory_interface_inst.u_fft_mem.u_bank1_DI\[1\] not found.
[STA-1650] /home/ovs/vyges-test/vyges-edge-sensor-soc/openlane/fft_ctrl_tlul/runs/26_04_20_00_38/52-openroad-rcx/nom/fft_ctrl_tlul.nom.spef line 611131, net ANTENNA_u_fft_top.memory_interface_inst.u_fft_mem.u_bank0_DI\[1\] not found.
[STA-1650] /home/ovs/vyges-test/vyges-edge-sensor-soc/openlane/fft_ctrl_tlul/runs/26_04_20_00_38/52-openroad-rcx/nom/fft_ctrl_tlul.nom.spef line 611139, net ANTENNA_u_fft_top.memory_interface_inst.u_fft_mem.u_bank0_DI\[1\] not found.
[STA-1650] /home/ovs/vyges-test/vyges-edge-sensor-soc/openlane/fft_ctrl_tlul/runs/26_04_20_00_38/52-openroad-rcx/nom/fft_ctrl_tlul.nom.spef line 611139, net ANTENNA_u_fft_top.memory_interface_inst.u_fft_mem.u_bank0_DO\[1\] not found.
[STA-1650] /home/ovs/vyges-test/vyges-edge-sensor-soc/openlane/fft_ctrl_tlul/runs/26_04_20_00_38/52-openroad-rcx/nom/fft_ctrl_tlul.nom.spef line 611140, net ANTENNA_u_fft_top.memory_interface_inst.u_fft_mem.u_bank0_DO\[1\] not found.
[STA-1650] /home/ovs/vyges-test/vyges-edge-sensor-soc/openlane/fft_ctrl_tlul/runs/26_04_20_00_38/52-openroad-rcx/nom/fft_ctrl_tlul.nom.spef line 611187, net ANTENNA_u_fft_top.memory_interface_inst.u_fft_mem.u_bank0_DI\[1\] not found.
[STA-1650] /home/ovs/vyges-test/vyges-edge-sensor-soc/openlane/fft_ctrl_tlul/runs/26_04_20_00_38/52-openroad-rcx/nom/fft_ctrl_tlul.nom.spef line 611192, net ANTENNA_u_fft_top.memory_interface_inst.u_fft_mem.u_bank1_DI\[1\] not found.
[STA-1648] /home/ovs/vyges-test/vyges-edge-sensor-soc/openlane/fft_ctrl_tlul/runs/26_04_20_00_38/52-openroad-rcx/nom/fft_ctrl_tlul.nom.spef line 611418, instance ANTENNA_u_fft_top.memory_interface_inst.u_fft_mem.u_bank1_DI\[9\] not found.
[STA-1648] /home/ovs/vyges-test/vyges-edge-sensor-soc/openlane/fft_ctrl_tlul/runs/26_04_20_00_38/52-openroad-rcx/nom/fft_ctrl_tlul.nom.spef line 611421, instance ANTENNA_u_fft_top.memory_interface_inst.u_fft_mem.u_bank0_DI\[9\] not found.
[STA-1650] /home/ovs/vyges-test/vyges-edge-sensor-soc/openlane/fft_ctrl_tlul/runs/26_04_20_00_38/52-openroad-rcx/nom/fft_ctrl_tlul.nom.spef line 611426, net ANTENNA_u_fft_top.memory_interface_inst.u_fft_mem.u_bank1_DI\[9\] not found.
[STA-1650] /home/ovs/vyges-test/vyges-edge-sensor-soc/openlane/fft_ctrl_tlul/runs/26_04_20_00_38/52-openroad-rcx/nom/fft_ctrl_tlul.nom.spef line 611429, net ANTENNA_u_fft_top.memory_interface_inst.u_fft_mem.u_bank0_DI\[9\] not found.
[STA-1650] /home/ovs/vyges-test/vyges-edge-sensor-soc/openlane/fft_ctrl_tlul/runs/26_04_20_00_38/52-openroad-rcx/nom/fft_ctrl_tlul.nom.spef line 611437, net ANTENNA_u_fft_top.memory_interface_inst.u_fft_mem.u_bank0_DI\[9\] not found.
[STA-1650] /home/ovs/vyges-test/vyges-edge-sensor-soc/openlane/fft_ctrl_tlul/runs/26_04_20_00_38/52-openroad-rcx/nom/fft_ctrl_tlul.nom.spef line 611437, net ANTENNA_u_fft_top.memory_interface_inst.u_fft_mem.u_bank0_DO\[9\] not found.
[STA-1650] /home/ovs/vyges-test/vyges-edge-sensor-soc/openlane/fft_ctrl_tlul/runs/26_04_20_00_38/52-openroad-rcx/nom/fft_ctrl_tlul.nom.spef line 611438, net ANTENNA_u_fft_top.memory_interface_inst.u_fft_mem.u_bank0_DO\[9\] not found.
[STA-1650] /home/ovs/vyges-test/vyges-edge-sensor-soc/openlane/fft_ctrl_tlul/runs/26_04_20_00_38/52-openroad-rcx/nom/fft_ctrl_tlul.nom.spef line 611454, net ANTENNA_u_fft_top.memory_interface_inst.u_fft_mem.u_bank0_DI\[9\] not found.
[STA-1650] /home/ovs/vyges-test/vyges-edge-sensor-soc/openlane/fft_ctrl_tlul/runs/26_04_20_00_38/52-openroad-rcx/nom/fft_ctrl_tlul.nom.spef line 611468, net ANTENNA_u_fft_top.memory_interface_inst.u_fft_mem.u_bank0_DI\[9\] not found.
[STA-1650] /home/ovs/vyges-test/vyges-edge-sensor-soc/openlane/fft_ctrl_tlul/runs/26_04_20_00_38/52-openroad-rcx/nom/fft_ctrl_tlul.nom.spef line 611472, net ANTENNA_u_fft_top.memory_interface_inst.u_fft_mem.u_bank1_DI\[9\] not found.
[STA-1648] /home/ovs/vyges-test/vyges-edge-sensor-soc/openlane/fft_ctrl_tlul/runs/26_04_20_00_38/52-openroad-rcx/nom/fft_ctrl_tlul.nom.spef line 611600, instance ANTENNA_u_fft_top.memory_interface_inst.u_fft_mem.u_bank1_DI\[0\] not found.
[STA-1648] /home/ovs/vyges-test/vyges-edge-sensor-soc/openlane/fft_ctrl_tlul/runs/26_04_20_00_38/52-openroad-rcx/nom/fft_ctrl_tlul.nom.spef line 611602, instance ANTENNA_u_fft_top.memory_interface_inst.u_fft_mem.u_bank0_DI\[0\] not found.
[STA-1650] /home/ovs/vyges-test/vyges-edge-sensor-soc/openlane/fft_ctrl_tlul/runs/26_04_20_00_38/52-openroad-rcx/nom/fft_ctrl_tlul.nom.spef line 611608, net ANTENNA_u_fft_top.memory_interface_inst.u_fft_mem.u_bank1_DI\[0\] not found.
[STA-1650] /home/ovs/vyges-test/vyges-edge-sensor-soc/openlane/fft_ctrl_tlul/runs/26_04_20_00_38/52-openroad-rcx/nom/fft_ctrl_tlul.nom.spef line 611610, net ANTENNA_u_fft_top.memory_interface_inst.u_fft_mem.u_bank0_DI\[0\] not found.
[STA-1650] /home/ovs/vyges-test/vyges-edge-sensor-soc/openlane/fft_ctrl_tlul/runs/26_04_20_00_38/52-openroad-rcx/nom/fft_ctrl_tlul.nom.spef line 611621, net ANTENNA_u_fft_top.memory_interface_inst.u_fft_mem.u_bank0_DI\[0\] not found.
[STA-1650] /home/ovs/vyges-test/vyges-edge-sensor-soc/openlane/fft_ctrl_tlul/runs/26_04_20_00_38/52-openroad-rcx/nom/fft_ctrl_tlul.nom.spef line 611621, net ANTENNA_u_fft_top.memory_interface_inst.u_fft_mem.u_bank0_AD\[3\] not found.
[STA-1650] /home/ovs/vyges-test/vyges-edge-sensor-soc/openlane/fft_ctrl_tlul/runs/26_04_20_00_38/52-openroad-rcx/nom/fft_ctrl_tlul.nom.spef line 611622, net ANTENNA_u_fft_top.memory_interface_inst.u_fft_mem.u_bank0_DI\[0\] not found.
[STA-1650] /home/ovs/vyges-test/vyges-edge-sensor-soc/openlane/fft_ctrl_tlul/runs/26_04_20_00_38/52-openroad-rcx/nom/fft_ctrl_tlul.nom.spef line 611622, net ANTENNA_u_fft_top.memory_interface_inst.u_fft_mem.u_bank0_DO\[0\] not found.
[STA-1650] /home/ovs/vyges-test/vyges-edge-sensor-soc/openlane/fft_ctrl_tlul/runs/26_04_20_00_38/52-openroad-rcx/nom/fft_ctrl_tlul.nom.spef line 611623, net ANTENNA_u_fft_top.memory_interface_inst.u_fft_mem.u_bank0_DO\[0\] not found.
[STA-1650] /home/ovs/vyges-test/vyges-edge-sensor-soc/openlane/fft_ctrl_tlul/runs/26_04_20_00_38/52-openroad-rcx/nom/fft_ctrl_tlul.nom.spef line 611658, net ANTENNA_u_fft_top.memory_interface_inst.u_fft_mem.u_bank0_DI\[0\] not found.
[STA-1650] /home/ovs/vyges-test/vyges-edge-sensor-soc/openlane/fft_ctrl_tlul/runs/26_04_20_00_38/52-openroad-rcx/nom/fft_ctrl_tlul.nom.spef line 611660, net ANTENNA_u_fft_top.memory_interface_inst.u_fft_mem.u_bank0_DI\[0\] not found.
[STA-1650] /home/ovs/vyges-test/vyges-edge-sensor-soc/openlane/fft_ctrl_tlul/runs/26_04_20_00_38/52-openroad-rcx/nom/fft_ctrl_tlul.nom.spef line 611675, net ANTENNA_u_fft_top.memory_interface_inst.u_fft_mem.u_bank0_DI\[0\] not found.
[STA-1650] /home/ovs/vyges-test/vyges-edge-sensor-soc/openlane/fft_ctrl_tlul/runs/26_04_20_00_38/52-openroad-rcx/nom/fft_ctrl_tlul.nom.spef line 611679, net ANTENNA_u_fft_top.memory_interface_inst.u_fft_mem.u_bank1_DI\[0\] not found.
[STA-1648] /home/ovs/vyges-test/vyges-edge-sensor-soc/openlane/fft_ctrl_tlul/runs/26_04_20_00_38/52-openroad-rcx/nom/fft_ctrl_tlul.nom.spef line 612092, instance ANTENNA_u_fft_top.memory_interface_inst.u_fft_mem.u_bank1_DI\[6\] not found.
[STA-1648] /home/ovs/vyges-test/vyges-edge-sensor-soc/openlane/fft_ctrl_tlul/runs/26_04_20_00_38/52-openroad-rcx/nom/fft_ctrl_tlul.nom.spef line 612095, instance ANTENNA_u_fft_top.memory_interface_inst.u_fft_mem.u_bank0_DI\[6\] not found.
[STA-1650] /home/ovs/vyges-test/vyges-edge-sensor-soc/openlane/fft_ctrl_tlul/runs/26_04_20_00_38/52-openroad-rcx/nom/fft_ctrl_tlul.nom.spef line 612100, net ANTENNA_u_fft_top.memory_interface_inst.u_fft_mem.u_bank1_DI\[6\] not found.
[STA-1650] /home/ovs/vyges-test/vyges-edge-sensor-soc/openlane/fft_ctrl_tlul/runs/26_04_20_00_38/52-openroad-rcx/nom/fft_ctrl_tlul.nom.spef line 612103, net ANTENNA_u_fft_top.memory_interface_inst.u_fft_mem.u_bank0_DI\[6\] not found.
[STA-1650] /home/ovs/vyges-test/vyges-edge-sensor-soc/openlane/fft_ctrl_tlul/runs/26_04_20_00_38/52-openroad-rcx/nom/fft_ctrl_tlul.nom.spef line 612112, net ANTENNA_u_fft_top.memory_interface_inst.u_fft_mem.u_bank0_DI\[6\] not found.
[STA-1650] /home/ovs/vyges-test/vyges-edge-sensor-soc/openlane/fft_ctrl_tlul/runs/26_04_20_00_38/52-openroad-rcx/nom/fft_ctrl_tlul.nom.spef line 612112, net ANTENNA_u_fft_top.memory_interface_inst.u_fft_mem.u_bank0_DO\[6\] not found.
[STA-1650] /home/ovs/vyges-test/vyges-edge-sensor-soc/openlane/fft_ctrl_tlul/runs/26_04_20_00_38/52-openroad-rcx/nom/fft_ctrl_tlul.nom.spef line 612113, net ANTENNA_u_fft_top.memory_interface_inst.u_fft_mem.u_bank0_DO\[6\] not found.
[STA-1650] /home/ovs/vyges-test/vyges-edge-sensor-soc/openlane/fft_ctrl_tlul/runs/26_04_20_00_38/52-openroad-rcx/nom/fft_ctrl_tlul.nom.spef line 612153, net ANTENNA_u_fft_top.memory_interface_inst.u_fft_mem.u_bank0_DI\[6\] not found.
[STA-1650] /home/ovs/vyges-test/vyges-edge-sensor-soc/openlane/fft_ctrl_tlul/runs/26_04_20_00_38/52-openroad-rcx/nom/fft_ctrl_tlul.nom.spef line 612158, net ANTENNA_u_fft_top.memory_interface_inst.u_fft_mem.u_bank1_DI\[6\] not found.
[STA-1648] /home/ovs/vyges-test/vyges-edge-sensor-soc/openlane/fft_ctrl_tlul/runs/26_04_20_00_38/52-openroad-rcx/nom/fft_ctrl_tlul.nom.spef line 612191, instance ANTENNA_u_fft_top.memory_interface_inst.u_fft_mem.u_bank1_DI\[18\] not found.
[STA-1648] /home/ovs/vyges-test/vyges-edge-sensor-soc/openlane/fft_ctrl_tlul/runs/26_04_20_00_38/52-openroad-rcx/nom/fft_ctrl_tlul.nom.spef line 612193, instance ANTENNA_u_fft_top.memory_interface_inst.u_fft_mem.u_bank0_DI\[18\] not found.
[STA-1650] /home/ovs/vyges-test/vyges-edge-sensor-soc/openlane/fft_ctrl_tlul/runs/26_04_20_00_38/52-openroad-rcx/nom/fft_ctrl_tlul.nom.spef line 612199, net ANTENNA_u_fft_top.memory_interface_inst.u_fft_mem.u_bank1_DI\[18\] not found.
[STA-1650] /home/ovs/vyges-test/vyges-edge-sensor-soc/openlane/fft_ctrl_tlul/runs/26_04_20_00_38/52-openroad-rcx/nom/fft_ctrl_tlul.nom.spef line 612201, net ANTENNA_u_fft_top.memory_interface_inst.u_fft_mem.u_bank0_DI\[18\] not found.
[STA-1650] /home/ovs/vyges-test/vyges-edge-sensor-soc/openlane/fft_ctrl_tlul/runs/26_04_20_00_38/52-openroad-rcx/nom/fft_ctrl_tlul.nom.spef line 612212, net ANTENNA_u_fft_top.memory_interface_inst.u_fft_mem.u_bank0_DI\[18\] not found.
[STA-1650] /home/ovs/vyges-test/vyges-edge-sensor-soc/openlane/fft_ctrl_tlul/runs/26_04_20_00_38/52-openroad-rcx/nom/fft_ctrl_tlul.nom.spef line 612212, net ANTENNA_u_fft_top.memory_interface_inst.u_fft_mem.u_bank0_DO\[18\] not found.
[STA-1650] /home/ovs/vyges-test/vyges-edge-sensor-soc/openlane/fft_ctrl_tlul/runs/26_04_20_00_38/52-openroad-rcx/nom/fft_ctrl_tlul.nom.spef line 612257, net ANTENNA_u_fft_top.memory_interface_inst.u_fft_mem.u_bank0_DI\[18\] not found.
[STA-1650] /home/ovs/vyges-test/vyges-edge-sensor-soc/openlane/fft_ctrl_tlul/runs/26_04_20_00_38/52-openroad-rcx/nom/fft_ctrl_tlul.nom.spef line 612263, net ANTENNA_u_fft_top.memory_interface_inst.u_fft_mem.u_bank1_DI\[18\] not found.
[STA-1648] /home/ovs/vyges-test/vyges-edge-sensor-soc/openlane/fft_ctrl_tlul/runs/26_04_20_00_38/52-openroad-rcx/nom/fft_ctrl_tlul.nom.spef line 612675, instance ANTENNA_u_fft_top.memory_interface_inst.u_fft_mem.u_bank0_DI\[10\] not found.
[STA-1648] /home/ovs/vyges-test/vyges-edge-sensor-soc/openlane/fft_ctrl_tlul/runs/26_04_20_00_38/52-openroad-rcx/nom/fft_ctrl_tlul.nom.spef line 612678, instance ANTENNA_u_fft_top.memory_interface_inst.u_fft_mem.u_bank1_DI\[10\] not found.
[STA-1650] /home/ovs/vyges-test/vyges-edge-sensor-soc/openlane/fft_ctrl_tlul/runs/26_04_20_00_38/52-openroad-rcx/nom/fft_ctrl_tlul.nom.spef line 612683, net ANTENNA_u_fft_top.memory_interface_inst.u_fft_mem.u_bank0_DI\[10\] not found.
[STA-1650] /home/ovs/vyges-test/vyges-edge-sensor-soc/openlane/fft_ctrl_tlul/runs/26_04_20_00_38/52-openroad-rcx/nom/fft_ctrl_tlul.nom.spef line 612686, net ANTENNA_u_fft_top.memory_interface_inst.u_fft_mem.u_bank1_DI\[10\] not found.
[STA-1650] /home/ovs/vyges-test/vyges-edge-sensor-soc/openlane/fft_ctrl_tlul/runs/26_04_20_00_38/52-openroad-rcx/nom/fft_ctrl_tlul.nom.spef line 612700, net ANTENNA_u_fft_top.memory_interface_inst.u_fft_mem.u_bank0_DI\[10\] not found.
[STA-1650] /home/ovs/vyges-test/vyges-edge-sensor-soc/openlane/fft_ctrl_tlul/runs/26_04_20_00_38/52-openroad-rcx/nom/fft_ctrl_tlul.nom.spef line 612700, net ANTENNA_u_fft_top.memory_interface_inst.u_fft_mem.u_bank0_DO\[10\] not found.
[STA-1650] /home/ovs/vyges-test/vyges-edge-sensor-soc/openlane/fft_ctrl_tlul/runs/26_04_20_00_38/52-openroad-rcx/nom/fft_ctrl_tlul.nom.spef line 612701, net ANTENNA_u_fft_top.memory_interface_inst.u_fft_mem.u_bank0_DI\[10\] not found.
[STA-1650] /home/ovs/vyges-test/vyges-edge-sensor-soc/openlane/fft_ctrl_tlul/runs/26_04_20_00_38/52-openroad-rcx/nom/fft_ctrl_tlul.nom.spef line 612703, net ANTENNA_u_fft_top.memory_interface_inst.u_fft_mem.u_bank1_DO\[10\] not found.
[STA-1650] /home/ovs/vyges-test/vyges-edge-sensor-soc/openlane/fft_ctrl_tlul/runs/26_04_20_00_38/52-openroad-rcx/nom/fft_ctrl_tlul.nom.spef line 612747, net ANTENNA_u_fft_top.memory_interface_inst.u_fft_mem.u_bank0_DI\[10\] not found.
[STA-1650] /home/ovs/vyges-test/vyges-edge-sensor-soc/openlane/fft_ctrl_tlul/runs/26_04_20_00_38/52-openroad-rcx/nom/fft_ctrl_tlul.nom.spef line 612787, net ANTENNA_u_fft_top.memory_interface_inst.u_fft_mem.u_bank1_DI\[10\] not found.
[STA-1650] /home/ovs/vyges-test/vyges-edge-sensor-soc/openlane/fft_ctrl_tlul/runs/26_04_20_00_38/52-openroad-rcx/nom/fft_ctrl_tlul.nom.spef line 612794, net ANTENNA_u_fft_top.memory_interface_inst.u_fft_mem.u_bank0_DI\[10\] not found.
[STA-1648] /home/ovs/vyges-test/vyges-edge-sensor-soc/openlane/fft_ctrl_tlul/runs/26_04_20_00_38/52-openroad-rcx/nom/fft_ctrl_tlul.nom.spef line 613469, instance ANTENNA_u_fft_top.memory_interface_inst.u_fft_mem.u_bank1_AD\[9\] not found.
[STA-1648] /home/ovs/vyges-test/vyges-edge-sensor-soc/openlane/fft_ctrl_tlul/runs/26_04_20_00_38/52-openroad-rcx/nom/fft_ctrl_tlul.nom.spef line 613471, instance ANTENNA_u_fft_top.memory_interface_inst.u_fft_mem.u_bank0_AD\[9\] not found.
[STA-1650] /home/ovs/vyges-test/vyges-edge-sensor-soc/openlane/fft_ctrl_tlul/runs/26_04_20_00_38/52-openroad-rcx/nom/fft_ctrl_tlul.nom.spef line 613477, net ANTENNA_u_fft_top.memory_interface_inst.u_fft_mem.u_bank1_AD\[9\] not found.
[STA-1650] /home/ovs/vyges-test/vyges-edge-sensor-soc/openlane/fft_ctrl_tlul/runs/26_04_20_00_38/52-openroad-rcx/nom/fft_ctrl_tlul.nom.spef line 613479, net ANTENNA_u_fft_top.memory_interface_inst.u_fft_mem.u_bank0_AD\[9\] not found.
[STA-1650] /home/ovs/vyges-test/vyges-edge-sensor-soc/openlane/fft_ctrl_tlul/runs/26_04_20_00_38/52-openroad-rcx/nom/fft_ctrl_tlul.nom.spef line 613489, net ANTENNA_u_fft_top.memory_interface_inst.u_fft_mem.u_bank0_AD\[9\] not found.
[STA-1650] /home/ovs/vyges-test/vyges-edge-sensor-soc/openlane/fft_ctrl_tlul/runs/26_04_20_00_38/52-openroad-rcx/nom/fft_ctrl_tlul.nom.spef line 613489, net ANTENNA_u_fft_top.memory_interface_inst.u_fft_mem.u_bank0_AD\[3\] not found.
[STA-1650] /home/ovs/vyges-test/vyges-edge-sensor-soc/openlane/fft_ctrl_tlul/runs/26_04_20_00_38/52-openroad-rcx/nom/fft_ctrl_tlul.nom.spef line 613490, net ANTENNA_u_fft_top.memory_interface_inst.u_fft_mem.u_bank0_AD\[9\] not found.
[STA-1650] /home/ovs/vyges-test/vyges-edge-sensor-soc/openlane/fft_ctrl_tlul/runs/26_04_20_00_38/52-openroad-rcx/nom/fft_ctrl_tlul.nom.spef line 613490, net ANTENNA_u_fft_top.memory_interface_inst.u_fft_mem.u_bank0_AD\[8\] not found.
[STA-1650] /home/ovs/vyges-test/vyges-edge-sensor-soc/openlane/fft_ctrl_tlul/runs/26_04_20_00_38/52-openroad-rcx/nom/fft_ctrl_tlul.nom.spef line 613491, net ANTENNA_u_fft_top.memory_interface_inst.u_fft_mem.u_bank0_AD\[3\] not found.
[STA-1650] /home/ovs/vyges-test/vyges-edge-sensor-soc/openlane/fft_ctrl_tlul/runs/26_04_20_00_38/52-openroad-rcx/nom/fft_ctrl_tlul.nom.spef line 613492, net ANTENNA_u_fft_top.memory_interface_inst.u_fft_mem.u_bank0_AD\[8\] not found.
[STA-1650] /home/ovs/vyges-test/vyges-edge-sensor-soc/openlane/fft_ctrl_tlul/runs/26_04_20_00_38/52-openroad-rcx/nom/fft_ctrl_tlul.nom.spef line 613548, net ANTENNA_u_fft_top.memory_interface_inst.u_fft_mem.u_bank0_AD\[9\] not found.
[STA-1650] /home/ovs/vyges-test/vyges-edge-sensor-soc/openlane/fft_ctrl_tlul/runs/26_04_20_00_38/52-openroad-rcx/nom/fft_ctrl_tlul.nom.spef line 613552, net ANTENNA_u_fft_top.memory_interface_inst.u_fft_mem.u_bank1_AD\[9\] not found.
[STA-1648] /home/ovs/vyges-test/vyges-edge-sensor-soc/openlane/fft_ctrl_tlul/runs/26_04_20_00_38/52-openroad-rcx/nom/fft_ctrl_tlul.nom.spef line 613601, instance ANTENNA_u_fft_top.memory_interface_inst.u_fft_mem.u_bank1_AD\[0\] not found.
[STA-1648] /home/ovs/vyges-test/vyges-edge-sensor-soc/openlane/fft_ctrl_tlul/runs/26_04_20_00_38/52-openroad-rcx/nom/fft_ctrl_tlul.nom.spef line 613604, instance ANTENNA_u_fft_top.memory_interface_inst.u_fft_mem.u_bank0_AD\[0\] not found.
[STA-1650] /home/ovs/vyges-test/vyges-edge-sensor-soc/openlane/fft_ctrl_tlul/runs/26_04_20_00_38/52-openroad-rcx/nom/fft_ctrl_tlul.nom.spef line 613609, net ANTENNA_u_fft_top.memory_interface_inst.u_fft_mem.u_bank1_AD\[0\] not found.
[STA-1650] /home/ovs/vyges-test/vyges-edge-sensor-soc/openlane/fft_ctrl_tlul/runs/26_04_20_00_38/52-openroad-rcx/nom/fft_ctrl_tlul.nom.spef line 613612, net ANTENNA_u_fft_top.memory_interface_inst.u_fft_mem.u_bank0_AD\[0\] not found.
[STA-1650] /home/ovs/vyges-test/vyges-edge-sensor-soc/openlane/fft_ctrl_tlul/runs/26_04_20_00_38/52-openroad-rcx/nom/fft_ctrl_tlul.nom.spef line 613621, net ANTENNA_u_fft_top.memory_interface_inst.u_fft_mem.u_bank0_AD\[0\] not found.
[STA-1650] /home/ovs/vyges-test/vyges-edge-sensor-soc/openlane/fft_ctrl_tlul/runs/26_04_20_00_38/52-openroad-rcx/nom/fft_ctrl_tlul.nom.spef line 613621, net ANTENNA_u_fft_top.memory_interface_inst.u_fft_mem.u_bank0_AD\[1\] not found.
[STA-1650] /home/ovs/vyges-test/vyges-edge-sensor-soc/openlane/fft_ctrl_tlul/runs/26_04_20_00_38/52-openroad-rcx/nom/fft_ctrl_tlul.nom.spef line 613622, net ANTENNA_u_fft_top.memory_interface_inst.u_fft_mem.u_bank0_AD\[0\] not found.
[STA-1650] /home/ovs/vyges-test/vyges-edge-sensor-soc/openlane/fft_ctrl_tlul/runs/26_04_20_00_38/52-openroad-rcx/nom/fft_ctrl_tlul.nom.spef line 613623, net ANTENNA_u_fft_top.memory_interface_inst.u_fft_mem.u_bank0_AD\[0\] not found.
[STA-1650] /home/ovs/vyges-test/vyges-edge-sensor-soc/openlane/fft_ctrl_tlul/runs/26_04_20_00_38/52-openroad-rcx/nom/fft_ctrl_tlul.nom.spef line 613624, net ANTENNA_u_fft_top.memory_interface_inst.u_fft_mem.u_bank1_AD\[0\] not found.
[STA-1650] /home/ovs/vyges-test/vyges-edge-sensor-soc/openlane/fft_ctrl_tlul/runs/26_04_20_00_38/52-openroad-rcx/nom/fft_ctrl_tlul.nom.spef line 613676, net ANTENNA_u_fft_top.memory_interface_inst.u_fft_mem.u_bank0_AD\[0\] not found.
[STA-1650] /home/ovs/vyges-test/vyges-edge-sensor-soc/openlane/fft_ctrl_tlul/runs/26_04_20_00_38/52-openroad-rcx/nom/fft_ctrl_tlul.nom.spef line 613681, net ANTENNA_u_fft_top.memory_interface_inst.u_fft_mem.u_bank1_AD\[0\] not found.
[STA-1648] /home/ovs/vyges-test/vyges-edge-sensor-soc/openlane/fft_ctrl_tlul/runs/26_04_20_00_38/52-openroad-rcx/nom/fft_ctrl_tlul.nom.spef line 613962, instance ANTENNA_u_fft_top.memory_interface_inst.u_fft_mem.u_bank1_AD\[5\] not found.
[STA-1648] /home/ovs/vyges-test/vyges-edge-sensor-soc/openlane/fft_ctrl_tlul/runs/26_04_20_00_38/52-openroad-rcx/nom/fft_ctrl_tlul.nom.spef line 613965, instance ANTENNA_u_fft_top.memory_interface_inst.u_fft_mem.u_bank0_AD\[5\] not found.
[STA-1650] /home/ovs/vyges-test/vyges-edge-sensor-soc/openlane/fft_ctrl_tlul/runs/26_04_20_00_38/52-openroad-rcx/nom/fft_ctrl_tlul.nom.spef line 613970, net ANTENNA_u_fft_top.memory_interface_inst.u_fft_mem.u_bank1_AD\[5\] not found.
[STA-1650] /home/ovs/vyges-test/vyges-edge-sensor-soc/openlane/fft_ctrl_tlul/runs/26_04_20_00_38/52-openroad-rcx/nom/fft_ctrl_tlul.nom.spef line 613973, net ANTENNA_u_fft_top.memory_interface_inst.u_fft_mem.u_bank0_AD\[5\] not found.
[STA-1650] /home/ovs/vyges-test/vyges-edge-sensor-soc/openlane/fft_ctrl_tlul/runs/26_04_20_00_38/52-openroad-rcx/nom/fft_ctrl_tlul.nom.spef line 613983, net ANTENNA_u_fft_top.memory_interface_inst.u_fft_mem.u_bank0_AD\[5\] not found.
[STA-1650] /home/ovs/vyges-test/vyges-edge-sensor-soc/openlane/fft_ctrl_tlul/runs/26_04_20_00_38/52-openroad-rcx/nom/fft_ctrl_tlul.nom.spef line 613983, net ANTENNA_u_fft_top.memory_interface_inst.u_fft_mem.u_bank0_AD\[2\] not found.
[STA-1650] /home/ovs/vyges-test/vyges-edge-sensor-soc/openlane/fft_ctrl_tlul/runs/26_04_20_00_38/52-openroad-rcx/nom/fft_ctrl_tlul.nom.spef line 613984, net ANTENNA_u_fft_top.memory_interface_inst.u_fft_mem.u_bank0_AD\[5\] not found.
[STA-1650] /home/ovs/vyges-test/vyges-edge-sensor-soc/openlane/fft_ctrl_tlul/runs/26_04_20_00_38/52-openroad-rcx/nom/fft_ctrl_tlul.nom.spef line 613984, net ANTENNA_u_fft_top.memory_interface_inst.u_fft_mem.u_bank0_AD\[4\] not found.
[STA-1650] /home/ovs/vyges-test/vyges-edge-sensor-soc/openlane/fft_ctrl_tlul/runs/26_04_20_00_38/52-openroad-rcx/nom/fft_ctrl_tlul.nom.spef line 613985, net ANTENNA_u_fft_top.memory_interface_inst.u_fft_mem.u_bank0_AD\[5\] not found.
[STA-1650] /home/ovs/vyges-test/vyges-edge-sensor-soc/openlane/fft_ctrl_tlul/runs/26_04_20_00_38/52-openroad-rcx/nom/fft_ctrl_tlul.nom.spef line 614038, net ANTENNA_u_fft_top.memory_interface_inst.u_fft_mem.u_bank0_AD\[5\] not found.
[STA-1650] /home/ovs/vyges-test/vyges-edge-sensor-soc/openlane/fft_ctrl_tlul/runs/26_04_20_00_38/52-openroad-rcx/nom/fft_ctrl_tlul.nom.spef line 614044, net ANTENNA_u_fft_top.memory_interface_inst.u_fft_mem.u_bank1_AD\[5\] not found.
[STA-1648] /home/ovs/vyges-test/vyges-edge-sensor-soc/openlane/fft_ctrl_tlul/runs/26_04_20_00_38/52-openroad-rcx/nom/fft_ctrl_tlul.nom.spef line 614102, instance ANTENNA_u_fft_top.memory_interface_inst.u_fft_mem.u_bank1_AD\[8\] not found.
[STA-1648] /home/ovs/vyges-test/vyges-edge-sensor-soc/openlane/fft_ctrl_tlul/runs/26_04_20_00_38/52-openroad-rcx/nom/fft_ctrl_tlul.nom.spef line 614104, instance ANTENNA_u_fft_top.memory_interface_inst.u_fft_mem.u_bank0_AD\[8\] not found.
[STA-1650] /home/ovs/vyges-test/vyges-edge-sensor-soc/openlane/fft_ctrl_tlul/runs/26_04_20_00_38/52-openroad-rcx/nom/fft_ctrl_tlul.nom.spef line 614110, net ANTENNA_u_fft_top.memory_interface_inst.u_fft_mem.u_bank1_AD\[8\] not found.
[STA-1650] /home/ovs/vyges-test/vyges-edge-sensor-soc/openlane/fft_ctrl_tlul/runs/26_04_20_00_38/52-openroad-rcx/nom/fft_ctrl_tlul.nom.spef line 614112, net ANTENNA_u_fft_top.memory_interface_inst.u_fft_mem.u_bank0_AD\[8\] not found.
[STA-1650] /home/ovs/vyges-test/vyges-edge-sensor-soc/openlane/fft_ctrl_tlul/runs/26_04_20_00_38/52-openroad-rcx/nom/fft_ctrl_tlul.nom.spef line 614121, net ANTENNA_u_fft_top.memory_interface_inst.u_fft_mem.u_bank0_AD\[8\] not found.
[STA-1650] /home/ovs/vyges-test/vyges-edge-sensor-soc/openlane/fft_ctrl_tlul/runs/26_04_20_00_38/52-openroad-rcx/nom/fft_ctrl_tlul.nom.spef line 614121, net ANTENNA_u_fft_top.memory_interface_inst.u_fft_mem.u_bank0_AD\[7\] not found.
[STA-1650] /home/ovs/vyges-test/vyges-edge-sensor-soc/openlane/fft_ctrl_tlul/runs/26_04_20_00_38/52-openroad-rcx/nom/fft_ctrl_tlul.nom.spef line 614122, net ANTENNA_u_fft_top.memory_interface_inst.u_fft_mem.u_bank0_AD\[8\] not found.
[STA-1650] /home/ovs/vyges-test/vyges-edge-sensor-soc/openlane/fft_ctrl_tlul/runs/26_04_20_00_38/52-openroad-rcx/nom/fft_ctrl_tlul.nom.spef line 614137, net ANTENNA_u_fft_top.memory_interface_inst.u_fft_mem.u_bank0_AD\[9\] not found.
[STA-1650] /home/ovs/vyges-test/vyges-edge-sensor-soc/openlane/fft_ctrl_tlul/runs/26_04_20_00_38/52-openroad-rcx/nom/fft_ctrl_tlul.nom.spef line 614137, net ANTENNA_u_fft_top.memory_interface_inst.u_fft_mem.u_bank0_AD\[8\] not found.
[STA-1650] /home/ovs/vyges-test/vyges-edge-sensor-soc/openlane/fft_ctrl_tlul/runs/26_04_20_00_38/52-openroad-rcx/nom/fft_ctrl_tlul.nom.spef line 614144, net ANTENNA_u_fft_top.memory_interface_inst.u_fft_mem.u_bank0_AD\[8\] not found.
[STA-1650] /home/ovs/vyges-test/vyges-edge-sensor-soc/openlane/fft_ctrl_tlul/runs/26_04_20_00_38/52-openroad-rcx/nom/fft_ctrl_tlul.nom.spef line 614183, net ANTENNA_u_fft_top.memory_interface_inst.u_fft_mem.u_bank0_AD\[8\] not found.
[STA-1650] /home/ovs/vyges-test/vyges-edge-sensor-soc/openlane/fft_ctrl_tlul/runs/26_04_20_00_38/52-openroad-rcx/nom/fft_ctrl_tlul.nom.spef line 614187, net ANTENNA_u_fft_top.memory_interface_inst.u_fft_mem.u_bank1_AD\[8\] not found.
[STA-1648] /home/ovs/vyges-test/vyges-edge-sensor-soc/openlane/fft_ctrl_tlul/runs/26_04_20_00_38/52-openroad-rcx/nom/fft_ctrl_tlul.nom.spef line 614235, instance ANTENNA_u_fft_top.memory_interface_inst.u_fft_mem.u_bank1_AD\[7\] not found.
[STA-1648] /home/ovs/vyges-test/vyges-edge-sensor-soc/openlane/fft_ctrl_tlul/runs/26_04_20_00_38/52-openroad-rcx/nom/fft_ctrl_tlul.nom.spef line 614238, instance ANTENNA_u_fft_top.memory_interface_inst.u_fft_mem.u_bank0_AD\[7\] not found.
[STA-1650] /home/ovs/vyges-test/vyges-edge-sensor-soc/openlane/fft_ctrl_tlul/runs/26_04_20_00_38/52-openroad-rcx/nom/fft_ctrl_tlul.nom.spef line 614243, net ANTENNA_u_fft_top.memory_interface_inst.u_fft_mem.u_bank1_AD\[7\] not found.
[STA-1650] /home/ovs/vyges-test/vyges-edge-sensor-soc/openlane/fft_ctrl_tlul/runs/26_04_20_00_38/52-openroad-rcx/nom/fft_ctrl_tlul.nom.spef line 614246, net ANTENNA_u_fft_top.memory_interface_inst.u_fft_mem.u_bank0_AD\[7\] not found.
[STA-1650] /home/ovs/vyges-test/vyges-edge-sensor-soc/openlane/fft_ctrl_tlul/runs/26_04_20_00_38/52-openroad-rcx/nom/fft_ctrl_tlul.nom.spef line 614255, net ANTENNA_u_fft_top.memory_interface_inst.u_fft_mem.u_bank0_AD\[7\] not found.
[STA-1650] /home/ovs/vyges-test/vyges-edge-sensor-soc/openlane/fft_ctrl_tlul/runs/26_04_20_00_38/52-openroad-rcx/nom/fft_ctrl_tlul.nom.spef line 614255, net ANTENNA_u_fft_top.memory_interface_inst.u_fft_mem.u_bank0_AD\[6\] not found.
[STA-1650] /home/ovs/vyges-test/vyges-edge-sensor-soc/openlane/fft_ctrl_tlul/runs/26_04_20_00_38/52-openroad-rcx/nom/fft_ctrl_tlul.nom.spef line 614256, net ANTENNA_u_fft_top.memory_interface_inst.u_fft_mem.u_bank0_AD\[6\] not found.
[STA-1650] /home/ovs/vyges-test/vyges-edge-sensor-soc/openlane/fft_ctrl_tlul/runs/26_04_20_00_38/52-openroad-rcx/nom/fft_ctrl_tlul.nom.spef line 614273, net ANTENNA_u_fft_top.memory_interface_inst.u_fft_mem.u_bank0_AD\[8\] not found.
[STA-1650] /home/ovs/vyges-test/vyges-edge-sensor-soc/openlane/fft_ctrl_tlul/runs/26_04_20_00_38/52-openroad-rcx/nom/fft_ctrl_tlul.nom.spef line 614273, net ANTENNA_u_fft_top.memory_interface_inst.u_fft_mem.u_bank0_AD\[7\] not found.
[STA-1650] /home/ovs/vyges-test/vyges-edge-sensor-soc/openlane/fft_ctrl_tlul/runs/26_04_20_00_38/52-openroad-rcx/nom/fft_ctrl_tlul.nom.spef line 614274, net ANTENNA_u_fft_top.memory_interface_inst.u_fft_mem.u_bank0_AD\[8\] not found.
[STA-1650] /home/ovs/vyges-test/vyges-edge-sensor-soc/openlane/fft_ctrl_tlul/runs/26_04_20_00_38/52-openroad-rcx/nom/fft_ctrl_tlul.nom.spef line 614301, net ANTENNA_u_fft_top.memory_interface_inst.u_fft_mem.u_bank0_AD\[7\] not found.
[STA-1650] /home/ovs/vyges-test/vyges-edge-sensor-soc/openlane/fft_ctrl_tlul/runs/26_04_20_00_38/52-openroad-rcx/nom/fft_ctrl_tlul.nom.spef line 614306, net ANTENNA_u_fft_top.memory_interface_inst.u_fft_mem.u_bank1_AD\[7\] not found.
[STA-1648] /home/ovs/vyges-test/vyges-edge-sensor-soc/openlane/fft_ctrl_tlul/runs/26_04_20_00_38/52-openroad-rcx/nom/fft_ctrl_tlul.nom.spef line 614364, instance ANTENNA_u_fft_top.memory_interface_inst.u_fft_mem.u_bank1_AD\[1\] not found.
[STA-1648] /home/ovs/vyges-test/vyges-edge-sensor-soc/openlane/fft_ctrl_tlul/runs/26_04_20_00_38/52-openroad-rcx/nom/fft_ctrl_tlul.nom.spef line 614367, instance ANTENNA_u_fft_top.memory_interface_inst.u_fft_mem.u_bank0_AD\[1\] not found.
[STA-1650] /home/ovs/vyges-test/vyges-edge-sensor-soc/openlane/fft_ctrl_tlul/runs/26_04_20_00_38/52-openroad-rcx/nom/fft_ctrl_tlul.nom.spef line 614372, net ANTENNA_u_fft_top.memory_interface_inst.u_fft_mem.u_bank1_AD\[1\] not found.
[STA-1650] /home/ovs/vyges-test/vyges-edge-sensor-soc/openlane/fft_ctrl_tlul/runs/26_04_20_00_38/52-openroad-rcx/nom/fft_ctrl_tlul.nom.spef line 614375, net ANTENNA_u_fft_top.memory_interface_inst.u_fft_mem.u_bank0_AD\[1\] not found.
[STA-1650] /home/ovs/vyges-test/vyges-edge-sensor-soc/openlane/fft_ctrl_tlul/runs/26_04_20_00_38/52-openroad-rcx/nom/fft_ctrl_tlul.nom.spef line 614385, net ANTENNA_u_fft_top.memory_interface_inst.u_fft_mem.u_bank0_AD\[1\] not found.
[STA-1650] /home/ovs/vyges-test/vyges-edge-sensor-soc/openlane/fft_ctrl_tlul/runs/26_04_20_00_38/52-openroad-rcx/nom/fft_ctrl_tlul.nom.spef line 614385, net ANTENNA_u_fft_top.memory_interface_inst.u_fft_mem.u_bank0_AD\[2\] not found.
[STA-1650] /home/ovs/vyges-test/vyges-edge-sensor-soc/openlane/fft_ctrl_tlul/runs/26_04_20_00_38/52-openroad-rcx/nom/fft_ctrl_tlul.nom.spef line 614386, net ANTENNA_u_fft_top.memory_interface_inst.u_fft_mem.u_bank0_AD\[1\] not found.
[STA-1650] /home/ovs/vyges-test/vyges-edge-sensor-soc/openlane/fft_ctrl_tlul/runs/26_04_20_00_38/52-openroad-rcx/nom/fft_ctrl_tlul.nom.spef line 614405, net ANTENNA_u_fft_top.memory_interface_inst.u_fft_mem.u_bank0_AD\[0\] not found.
[STA-1650] /home/ovs/vyges-test/vyges-edge-sensor-soc/openlane/fft_ctrl_tlul/runs/26_04_20_00_38/52-openroad-rcx/nom/fft_ctrl_tlul.nom.spef line 614405, net ANTENNA_u_fft_top.memory_interface_inst.u_fft_mem.u_bank0_AD\[1\] not found.
[STA-1650] /home/ovs/vyges-test/vyges-edge-sensor-soc/openlane/fft_ctrl_tlul/runs/26_04_20_00_38/52-openroad-rcx/nom/fft_ctrl_tlul.nom.spef line 614439, net ANTENNA_u_fft_top.memory_interface_inst.u_fft_mem.u_bank0_AD\[1\] not found.
[STA-1650] /home/ovs/vyges-test/vyges-edge-sensor-soc/openlane/fft_ctrl_tlul/runs/26_04_20_00_38/52-openroad-rcx/nom/fft_ctrl_tlul.nom.spef line 614444, net ANTENNA_u_fft_top.memory_interface_inst.u_fft_mem.u_bank1_AD\[1\] not found.
[STA-1648] /home/ovs/vyges-test/vyges-edge-sensor-soc/openlane/fft_ctrl_tlul/runs/26_04_20_00_38/52-openroad-rcx/nom/fft_ctrl_tlul.nom.spef line 614661, instance ANTENNA_u_fft_top.memory_interface_inst.u_fft_mem.u_bank1_AD\[6\] not found.
[STA-1648] /home/ovs/vyges-test/vyges-edge-sensor-soc/openlane/fft_ctrl_tlul/runs/26_04_20_00_38/52-openroad-rcx/nom/fft_ctrl_tlul.nom.spef line 614663, instance ANTENNA_u_fft_top.memory_interface_inst.u_fft_mem.u_bank0_AD\[6\] not found.
[STA-1650] /home/ovs/vyges-test/vyges-edge-sensor-soc/openlane/fft_ctrl_tlul/runs/26_04_20_00_38/52-openroad-rcx/nom/fft_ctrl_tlul.nom.spef line 614669, net ANTENNA_u_fft_top.memory_interface_inst.u_fft_mem.u_bank1_AD\[6\] not found.
[STA-1650] /home/ovs/vyges-test/vyges-edge-sensor-soc/openlane/fft_ctrl_tlul/runs/26_04_20_00_38/52-openroad-rcx/nom/fft_ctrl_tlul.nom.spef line 614671, net ANTENNA_u_fft_top.memory_interface_inst.u_fft_mem.u_bank0_AD\[6\] not found.
[STA-1650] /home/ovs/vyges-test/vyges-edge-sensor-soc/openlane/fft_ctrl_tlul/runs/26_04_20_00_38/52-openroad-rcx/nom/fft_ctrl_tlul.nom.spef line 614680, net ANTENNA_u_fft_top.memory_interface_inst.u_fft_mem.u_bank0_AD\[6\] not found.
[STA-1650] /home/ovs/vyges-test/vyges-edge-sensor-soc/openlane/fft_ctrl_tlul/runs/26_04_20_00_38/52-openroad-rcx/nom/fft_ctrl_tlul.nom.spef line 614680, net ANTENNA_u_fft_top.memory_interface_inst.u_fft_mem.u_bank0_AD\[4\] not found.
[STA-1650] /home/ovs/vyges-test/vyges-edge-sensor-soc/openlane/fft_ctrl_tlul/runs/26_04_20_00_38/52-openroad-rcx/nom/fft_ctrl_tlul.nom.spef line 614694, net ANTENNA_u_fft_top.memory_interface_inst.u_fft_mem.u_bank0_AD\[7\] not found.
[STA-1650] /home/ovs/vyges-test/vyges-edge-sensor-soc/openlane/fft_ctrl_tlul/runs/26_04_20_00_38/52-openroad-rcx/nom/fft_ctrl_tlul.nom.spef line 614694, net ANTENNA_u_fft_top.memory_interface_inst.u_fft_mem.u_bank0_AD\[6\] not found.
[STA-1650] /home/ovs/vyges-test/vyges-edge-sensor-soc/openlane/fft_ctrl_tlul/runs/26_04_20_00_38/52-openroad-rcx/nom/fft_ctrl_tlul.nom.spef line 614696, net ANTENNA_u_fft_top.memory_interface_inst.u_fft_mem.u_bank0_AD\[6\] not found.
[STA-1650] /home/ovs/vyges-test/vyges-edge-sensor-soc/openlane/fft_ctrl_tlul/runs/26_04_20_00_38/52-openroad-rcx/nom/fft_ctrl_tlul.nom.spef line 614719, net ANTENNA_u_fft_top.memory_interface_inst.u_fft_mem.u_bank0_AD\[6\] not found.
[STA-1650] /home/ovs/vyges-test/vyges-edge-sensor-soc/openlane/fft_ctrl_tlul/runs/26_04_20_00_38/52-openroad-rcx/nom/fft_ctrl_tlul.nom.spef line 614723, net ANTENNA_u_fft_top.memory_interface_inst.u_fft_mem.u_bank1_AD\[6\] not found.
[STA-1648] /home/ovs/vyges-test/vyges-edge-sensor-soc/openlane/fft_ctrl_tlul/runs/26_04_20_00_38/52-openroad-rcx/nom/fft_ctrl_tlul.nom.spef line 614810, instance ANTENNA_u_fft_top.memory_interface_inst.u_fft_mem.u_bank0_AD\[2\] not found.
[STA-1648] /home/ovs/vyges-test/vyges-edge-sensor-soc/openlane/fft_ctrl_tlul/runs/26_04_20_00_38/52-openroad-rcx/nom/fft_ctrl_tlul.nom.spef line 614812, instance ANTENNA_u_fft_top.memory_interface_inst.u_fft_mem.u_bank1_AD\[2\] not found.
[STA-1650] /home/ovs/vyges-test/vyges-edge-sensor-soc/openlane/fft_ctrl_tlul/runs/26_04_20_00_38/52-openroad-rcx/nom/fft_ctrl_tlul.nom.spef line 614818, net ANTENNA_u_fft_top.memory_interface_inst.u_fft_mem.u_bank0_AD\[2\] not found.
[STA-1650] /home/ovs/vyges-test/vyges-edge-sensor-soc/openlane/fft_ctrl_tlul/runs/26_04_20_00_38/52-openroad-rcx/nom/fft_ctrl_tlul.nom.spef line 614820, net ANTENNA_u_fft_top.memory_interface_inst.u_fft_mem.u_bank1_AD\[2\] not found.
[STA-1650] /home/ovs/vyges-test/vyges-edge-sensor-soc/openlane/fft_ctrl_tlul/runs/26_04_20_00_38/52-openroad-rcx/nom/fft_ctrl_tlul.nom.spef line 614847, net ANTENNA_u_fft_top.memory_interface_inst.u_fft_mem.u_bank0_AD\[1\] not found.
[STA-1650] /home/ovs/vyges-test/vyges-edge-sensor-soc/openlane/fft_ctrl_tlul/runs/26_04_20_00_38/52-openroad-rcx/nom/fft_ctrl_tlul.nom.spef line 614847, net ANTENNA_u_fft_top.memory_interface_inst.u_fft_mem.u_bank0_AD\[2\] not found.
[STA-1650] /home/ovs/vyges-test/vyges-edge-sensor-soc/openlane/fft_ctrl_tlul/runs/26_04_20_00_38/52-openroad-rcx/nom/fft_ctrl_tlul.nom.spef line 614848, net ANTENNA_u_fft_top.memory_interface_inst.u_fft_mem.u_bank0_AD\[1\] not found.
[STA-1650] /home/ovs/vyges-test/vyges-edge-sensor-soc/openlane/fft_ctrl_tlul/runs/26_04_20_00_38/52-openroad-rcx/nom/fft_ctrl_tlul.nom.spef line 614849, net ANTENNA_u_fft_top.memory_interface_inst.u_fft_mem.u_bank0_AD\[5\] not found.
[STA-1650] /home/ovs/vyges-test/vyges-edge-sensor-soc/openlane/fft_ctrl_tlul/runs/26_04_20_00_38/52-openroad-rcx/nom/fft_ctrl_tlul.nom.spef line 614849, net ANTENNA_u_fft_top.memory_interface_inst.u_fft_mem.u_bank0_AD\[2\] not found.
[STA-1650] /home/ovs/vyges-test/vyges-edge-sensor-soc/openlane/fft_ctrl_tlul/runs/26_04_20_00_38/52-openroad-rcx/nom/fft_ctrl_tlul.nom.spef line 614850, net ANTENNA_u_fft_top.memory_interface_inst.u_fft_mem.u_bank0_AD\[5\] not found.
[STA-1650] /home/ovs/vyges-test/vyges-edge-sensor-soc/openlane/fft_ctrl_tlul/runs/26_04_20_00_38/52-openroad-rcx/nom/fft_ctrl_tlul.nom.spef line 614884, net ANTENNA_u_fft_top.memory_interface_inst.u_fft_mem.u_bank1_AD\[2\] not found.
[STA-1650] /home/ovs/vyges-test/vyges-edge-sensor-soc/openlane/fft_ctrl_tlul/runs/26_04_20_00_38/52-openroad-rcx/nom/fft_ctrl_tlul.nom.spef line 614890, net ANTENNA_u_fft_top.memory_interface_inst.u_fft_mem.u_bank0_AD\[2\] not found.
[STA-1648] /home/ovs/vyges-test/vyges-edge-sensor-soc/openlane/fft_ctrl_tlul/runs/26_04_20_00_38/52-openroad-rcx/nom/fft_ctrl_tlul.nom.spef line 614957, instance ANTENNA_u_fft_top.memory_interface_inst.u_fft_mem.u_bank1_AD\[4\] not found.
[STA-1648] /home/ovs/vyges-test/vyges-edge-sensor-soc/openlane/fft_ctrl_tlul/runs/26_04_20_00_38/52-openroad-rcx/nom/fft_ctrl_tlul.nom.spef line 614960, instance ANTENNA_u_fft_top.memory_interface_inst.u_fft_mem.u_bank0_AD\[4\] not found.
[STA-1650] /home/ovs/vyges-test/vyges-edge-sensor-soc/openlane/fft_ctrl_tlul/runs/26_04_20_00_38/52-openroad-rcx/nom/fft_ctrl_tlul.nom.spef line 614965, net ANTENNA_u_fft_top.memory_interface_inst.u_fft_mem.u_bank1_AD\[4\] not found.
[STA-1650] /home/ovs/vyges-test/vyges-edge-sensor-soc/openlane/fft_ctrl_tlul/runs/26_04_20_00_38/52-openroad-rcx/nom/fft_ctrl_tlul.nom.spef line 614968, net ANTENNA_u_fft_top.memory_interface_inst.u_fft_mem.u_bank0_AD\[4\] not found.
[STA-1650] /home/ovs/vyges-test/vyges-edge-sensor-soc/openlane/fft_ctrl_tlul/runs/26_04_20_00_38/52-openroad-rcx/nom/fft_ctrl_tlul.nom.spef line 614990, net ANTENNA_u_fft_top.memory_interface_inst.u_fft_mem.u_bank0_AD\[5\] not found.
[STA-1650] /home/ovs/vyges-test/vyges-edge-sensor-soc/openlane/fft_ctrl_tlul/runs/26_04_20_00_38/52-openroad-rcx/nom/fft_ctrl_tlul.nom.spef line 614990, net ANTENNA_u_fft_top.memory_interface_inst.u_fft_mem.u_bank0_AD\[4\] not found.
[STA-1650] /home/ovs/vyges-test/vyges-edge-sensor-soc/openlane/fft_ctrl_tlul/runs/26_04_20_00_38/52-openroad-rcx/nom/fft_ctrl_tlul.nom.spef line 614991, net ANTENNA_u_fft_top.memory_interface_inst.u_fft_mem.u_bank0_AD\[6\] not found.
[STA-1650] /home/ovs/vyges-test/vyges-edge-sensor-soc/openlane/fft_ctrl_tlul/runs/26_04_20_00_38/52-openroad-rcx/nom/fft_ctrl_tlul.nom.spef line 614991, net ANTENNA_u_fft_top.memory_interface_inst.u_fft_mem.u_bank0_AD\[4\] not found.
[STA-1650] /home/ovs/vyges-test/vyges-edge-sensor-soc/openlane/fft_ctrl_tlul/runs/26_04_20_00_38/52-openroad-rcx/nom/fft_ctrl_tlul.nom.spef line 615017, net ANTENNA_u_fft_top.memory_interface_inst.u_fft_mem.u_bank0_AD\[4\] not found.
[STA-1650] /home/ovs/vyges-test/vyges-edge-sensor-soc/openlane/fft_ctrl_tlul/runs/26_04_20_00_38/52-openroad-rcx/nom/fft_ctrl_tlul.nom.spef line 615023, net ANTENNA_u_fft_top.memory_interface_inst.u_fft_mem.u_bank1_AD\[4\] not found.
[STA-1650] /home/ovs/vyges-test/vyges-edge-sensor-soc/openlane/fft_ctrl_tlul/runs/26_04_20_00_38/52-openroad-rcx/nom/fft_ctrl_tlul.nom.spef line 615301, net ANTENNA_u_fft_top.memory_interface_inst.u_fft_mem.u_bank1_AD\[0\] not found.
[STA-1650] /home/ovs/vyges-test/vyges-edge-sensor-soc/openlane/fft_ctrl_tlul/runs/26_04_20_00_38/52-openroad-rcx/nom/fft_ctrl_tlul.nom.spef line 615327, net ANTENNA_u_fft_top.memory_interface_inst.u_fft_mem.u_bank0_AD\[0\] not found.
[STA-1650] /home/ovs/vyges-test/vyges-edge-sensor-soc/openlane/fft_ctrl_tlul/runs/26_04_20_00_38/52-openroad-rcx/nom/fft_ctrl_tlul.nom.spef line 615328, net ANTENNA_u_fft_top.memory_interface_inst.u_fft_mem.u_bank0_AD\[0\] not found.
[STA-1648] /home/ovs/vyges-test/vyges-edge-sensor-soc/openlane/fft_ctrl_tlul/runs/26_04_20_00_38/52-openroad-rcx/nom/fft_ctrl_tlul.nom.spef line 615398, instance ANTENNA_u_fft_top.memory_interface_inst.u_fft_mem.u_bank1_AD\[3\] not found.
[STA-1648] /home/ovs/vyges-test/vyges-edge-sensor-soc/openlane/fft_ctrl_tlul/runs/26_04_20_00_38/52-openroad-rcx/nom/fft_ctrl_tlul.nom.spef line 615400, instance ANTENNA_u_fft_top.memory_interface_inst.u_fft_mem.u_bank0_AD\[3\] not found.
[STA-1650] /home/ovs/vyges-test/vyges-edge-sensor-soc/openlane/fft_ctrl_tlul/runs/26_04_20_00_38/52-openroad-rcx/nom/fft_ctrl_tlul.nom.spef line 615406, net ANTENNA_u_fft_top.memory_interface_inst.u_fft_mem.u_bank1_AD\[3\] not found.
[STA-1650] /home/ovs/vyges-test/vyges-edge-sensor-soc/openlane/fft_ctrl_tlul/runs/26_04_20_00_38/52-openroad-rcx/nom/fft_ctrl_tlul.nom.spef line 615408, net ANTENNA_u_fft_top.memory_interface_inst.u_fft_mem.u_bank0_AD\[3\] not found.
[STA-1650] /home/ovs/vyges-test/vyges-edge-sensor-soc/openlane/fft_ctrl_tlul/runs/26_04_20_00_38/52-openroad-rcx/nom/fft_ctrl_tlul.nom.spef line 615418, net ANTENNA_u_fft_top.memory_interface_inst.u_fft_mem.u_bank0_AD\[3\] not found.
[STA-1650] /home/ovs/vyges-test/vyges-edge-sensor-soc/openlane/fft_ctrl_tlul/runs/26_04_20_00_38/52-openroad-rcx/nom/fft_ctrl_tlul.nom.spef line 615418, net ANTENNA_u_fft_top.memory_interface_inst.u_fft_mem.u_bank0_DO\[0\] not found.
[STA-1650] /home/ovs/vyges-test/vyges-edge-sensor-soc/openlane/fft_ctrl_tlul/runs/26_04_20_00_38/52-openroad-rcx/nom/fft_ctrl_tlul.nom.spef line 615440, net ANTENNA_u_fft_top.memory_interface_inst.u_fft_mem.u_bank0_AD\[9\] not found.
[STA-1650] /home/ovs/vyges-test/vyges-edge-sensor-soc/openlane/fft_ctrl_tlul/runs/26_04_20_00_38/52-openroad-rcx/nom/fft_ctrl_tlul.nom.spef line 615440, net ANTENNA_u_fft_top.memory_interface_inst.u_fft_mem.u_bank0_AD\[3\] not found.
[STA-1650] /home/ovs/vyges-test/vyges-edge-sensor-soc/openlane/fft_ctrl_tlul/runs/26_04_20_00_38/52-openroad-rcx/nom/fft_ctrl_tlul.nom.spef line 615441, net ANTENNA_u_fft_top.memory_interface_inst.u_fft_mem.u_bank0_DI\[0\] not found.
[STA-1650] /home/ovs/vyges-test/vyges-edge-sensor-soc/openlane/fft_ctrl_tlul/runs/26_04_20_00_38/52-openroad-rcx/nom/fft_ctrl_tlul.nom.spef line 615441, net ANTENNA_u_fft_top.memory_interface_inst.u_fft_mem.u_bank0_AD\[3\] not found.
[STA-1650] /home/ovs/vyges-test/vyges-edge-sensor-soc/openlane/fft_ctrl_tlul/runs/26_04_20_00_38/52-openroad-rcx/nom/fft_ctrl_tlul.nom.spef line 615450, net ANTENNA_u_fft_top.memory_interface_inst.u_fft_mem.u_bank0_AD\[3\] not found.
[STA-1650] /home/ovs/vyges-test/vyges-edge-sensor-soc/openlane/fft_ctrl_tlul/runs/26_04_20_00_38/52-openroad-rcx/nom/fft_ctrl_tlul.nom.spef line 615452, net ANTENNA_u_fft_top.memory_interface_inst.u_fft_mem.u_bank0_AD\[3\] not found.
[STA-1650] /home/ovs/vyges-test/vyges-edge-sensor-soc/openlane/fft_ctrl_tlul/runs/26_04_20_00_38/52-openroad-rcx/nom/fft_ctrl_tlul.nom.spef line 615474, net ANTENNA_u_fft_top.memory_interface_inst.u_fft_mem.u_bank0_AD\[3\] not found.
[STA-1650] /home/ovs/vyges-test/vyges-edge-sensor-soc/openlane/fft_ctrl_tlul/runs/26_04_20_00_38/52-openroad-rcx/nom/fft_ctrl_tlul.nom.spef line 615479, net ANTENNA_u_fft_top.memory_interface_inst.u_fft_mem.u_bank1_AD\[3\] not found.
[STA-1650] /home/ovs/vyges-test/vyges-edge-sensor-soc/openlane/fft_ctrl_tlul/runs/26_04_20_00_38/52-openroad-rcx/nom/fft_ctrl_tlul.nom.spef line 615583, net ANTENNA_u_fft_top.memory_interface_inst.u_fft_mem.u_bank0_DO\[16\] not found.
[STA-1650] /home/ovs/vyges-test/vyges-edge-sensor-soc/openlane/fft_ctrl_tlul/runs/26_04_20_00_38/52-openroad-rcx/nom/fft_ctrl_tlul.nom.spef line 615584, net ANTENNA_u_fft_top.memory_interface_inst.u_fft_mem.u_bank0_DO\[17\] not found.
[STA-1650] /home/ovs/vyges-test/vyges-edge-sensor-soc/openlane/fft_ctrl_tlul/runs/26_04_20_00_38/52-openroad-rcx/nom/fft_ctrl_tlul.nom.spef line 615587, net ANTENNA_u_fft_top.memory_interface_inst.u_fft_mem.u_bank0_DO\[16\] not found.
[STA-1650] /home/ovs/vyges-test/vyges-edge-sensor-soc/openlane/fft_ctrl_tlul/runs/26_04_20_00_38/52-openroad-rcx/nom/fft_ctrl_tlul.nom.spef line 622516, net ANTENNA_u_fft_top.memory_interface_inst.u_fft_mem.u_bank1_DI\[7\] not found.
[STA-1650] /home/ovs/vyges-test/vyges-edge-sensor-soc/openlane/fft_ctrl_tlul/runs/26_04_20_00_38/52-openroad-rcx/nom/fft_ctrl_tlul.nom.spef line 680493, net ANTENNA_u_fft_top.memory_interface_inst.u_fft_mem.u_bank1_DO\[10\] not found.
[STA-1650] /home/ovs/vyges-test/vyges-edge-sensor-soc/openlane/fft_ctrl_tlul/runs/26_04_20_00_38/52-openroad-rcx/nom/fft_ctrl_tlul.nom.spef line 680497, net ANTENNA_u_fft_top.memory_interface_inst.u_fft_mem.u_bank1_DO\[10\] not found.
[STA-1650] /home/ovs/vyges-test/vyges-edge-sensor-soc/openlane/fft_ctrl_tlul/runs/26_04_20_00_38/52-openroad-rcx/nom/fft_ctrl_tlul.nom.spef line 684685, net ANTENNA_u_fft_top.memory_interface_inst.u_fft_mem.u_bank1_DI\[13\] not found.
[STA-1650] /home/ovs/vyges-test/vyges-edge-sensor-soc/openlane/fft_ctrl_tlul/runs/26_04_20_00_38/52-openroad-rcx/nom/fft_ctrl_tlul.nom.spef line 684686, net ANTENNA_u_fft_top.memory_interface_inst.u_fft_mem.u_bank1_DI\[15\] not found.
[STA-1650] /home/ovs/vyges-test/vyges-edge-sensor-soc/openlane/fft_ctrl_tlul/runs/26_04_20_00_38/52-openroad-rcx/nom/fft_ctrl_tlul.nom.spef line 696202, net ANTENNA_u_fft_top.memory_interface_inst.u_fft_mem.u_bank1_DO\[10\] not found.
[STA-1650] /home/ovs/vyges-test/vyges-edge-sensor-soc/openlane/fft_ctrl_tlul/runs/26_04_20_00_38/52-openroad-rcx/nom/fft_ctrl_tlul.nom.spef line 696245, net ANTENNA_u_fft_top.memory_interface_inst.u_fft_mem.u_bank1_DI\[7\] not found.
[STA-1650] /home/ovs/vyges-test/vyges-edge-sensor-soc/openlane/fft_ctrl_tlul/runs/26_04_20_00_38/52-openroad-rcx/nom/fft_ctrl_tlul.nom.spef line 696246, net ANTENNA_u_fft_top.memory_interface_inst.u_fft_mem.u_bank1_DI\[8\] not found.
[STA-1648] /home/ovs/vyges-test/vyges-edge-sensor-soc/openlane/fft_ctrl_tlul/runs/26_04_20_00_38/52-openroad-rcx/nom/fft_ctrl_tlul.nom.spef line 827430, instance ANTENNA_u_fft_top.memory_interface_inst.u_fft_mem.u_bank0_DO\[0\] not found.
[STA-1650] /home/ovs/vyges-test/vyges-edge-sensor-soc/openlane/fft_ctrl_tlul/runs/26_04_20_00_38/52-openroad-rcx/nom/fft_ctrl_tlul.nom.spef line 827436, net ANTENNA_u_fft_top.memory_interface_inst.u_fft_mem.u_bank0_DO\[0\] not found.
[STA-1650] /home/ovs/vyges-test/vyges-edge-sensor-soc/openlane/fft_ctrl_tlul/runs/26_04_20_00_38/52-openroad-rcx/nom/fft_ctrl_tlul.nom.spef line 827442, net ANTENNA_u_fft_top.memory_interface_inst.u_fft_mem.u_bank0_AD\[3\] not found.
[STA-1650] /home/ovs/vyges-test/vyges-edge-sensor-soc/openlane/fft_ctrl_tlul/runs/26_04_20_00_38/52-openroad-rcx/nom/fft_ctrl_tlul.nom.spef line 827442, net ANTENNA_u_fft_top.memory_interface_inst.u_fft_mem.u_bank0_DO\[0\] not found.
[STA-1650] /home/ovs/vyges-test/vyges-edge-sensor-soc/openlane/fft_ctrl_tlul/runs/26_04_20_00_38/52-openroad-rcx/nom/fft_ctrl_tlul.nom.spef line 827443, net ANTENNA_u_fft_top.memory_interface_inst.u_fft_mem.u_bank0_DI\[0\] not found.
[STA-1650] /home/ovs/vyges-test/vyges-edge-sensor-soc/openlane/fft_ctrl_tlul/runs/26_04_20_00_38/52-openroad-rcx/nom/fft_ctrl_tlul.nom.spef line 827443, net ANTENNA_u_fft_top.memory_interface_inst.u_fft_mem.u_bank0_DO\[0\] not found.
[STA-1650] /home/ovs/vyges-test/vyges-edge-sensor-soc/openlane/fft_ctrl_tlul/runs/26_04_20_00_38/52-openroad-rcx/nom/fft_ctrl_tlul.nom.spef line 827447, net ANTENNA_u_fft_top.memory_interface_inst.u_fft_mem.u_bank0_DO\[0\] not found.
[STA-1650] /home/ovs/vyges-test/vyges-edge-sensor-soc/openlane/fft_ctrl_tlul/runs/26_04_20_00_38/52-openroad-rcx/nom/fft_ctrl_tlul.nom.spef line 827449, net ANTENNA_u_fft_top.memory_interface_inst.u_fft_mem.u_bank0_DO\[0\] not found.
[STA-1650] /home/ovs/vyges-test/vyges-edge-sensor-soc/openlane/fft_ctrl_tlul/runs/26_04_20_00_38/52-openroad-rcx/nom/fft_ctrl_tlul.nom.spef line 827467, net ANTENNA_u_fft_top.memory_interface_inst.u_fft_mem.u_bank0_DO\[0\] not found.
[STA-1648] /home/ovs/vyges-test/vyges-edge-sensor-soc/openlane/fft_ctrl_tlul/runs/26_04_20_00_38/52-openroad-rcx/nom/fft_ctrl_tlul.nom.spef line 827478, instance ANTENNA_u_fft_top.memory_interface_inst.u_fft_mem.u_bank0_DO\[10\] not found.
[STA-1650] /home/ovs/vyges-test/vyges-edge-sensor-soc/openlane/fft_ctrl_tlul/runs/26_04_20_00_38/52-openroad-rcx/nom/fft_ctrl_tlul.nom.spef line 827484, net ANTENNA_u_fft_top.memory_interface_inst.u_fft_mem.u_bank0_DO\[10\] not found.
[STA-1650] /home/ovs/vyges-test/vyges-edge-sensor-soc/openlane/fft_ctrl_tlul/runs/26_04_20_00_38/52-openroad-rcx/nom/fft_ctrl_tlul.nom.spef line 827494, net ANTENNA_u_fft_top.memory_interface_inst.u_fft_mem.u_bank0_DI\[10\] not found.
[STA-1650] /home/ovs/vyges-test/vyges-edge-sensor-soc/openlane/fft_ctrl_tlul/runs/26_04_20_00_38/52-openroad-rcx/nom/fft_ctrl_tlul.nom.spef line 827494, net ANTENNA_u_fft_top.memory_interface_inst.u_fft_mem.u_bank0_DO\[10\] not found.
[STA-1650] /home/ovs/vyges-test/vyges-edge-sensor-soc/openlane/fft_ctrl_tlul/runs/26_04_20_00_38/52-openroad-rcx/nom/fft_ctrl_tlul.nom.spef line 827495, net ANTENNA_u_fft_top.memory_interface_inst.u_fft_mem.u_bank0_DI\[10\] not found.
[STA-1650] /home/ovs/vyges-test/vyges-edge-sensor-soc/openlane/fft_ctrl_tlul/runs/26_04_20_00_38/52-openroad-rcx/nom/fft_ctrl_tlul.nom.spef line 827501, net ANTENNA_u_fft_top.memory_interface_inst.u_fft_mem.u_bank0_DO\[10\] not found.
[STA-1648] /home/ovs/vyges-test/vyges-edge-sensor-soc/openlane/fft_ctrl_tlul/runs/26_04_20_00_38/52-openroad-rcx/nom/fft_ctrl_tlul.nom.spef line 827512, instance ANTENNA_u_fft_top.memory_interface_inst.u_fft_mem.u_bank0_DO\[11\] not found.
[STA-1650] /home/ovs/vyges-test/vyges-edge-sensor-soc/openlane/fft_ctrl_tlul/runs/26_04_20_00_38/52-openroad-rcx/nom/fft_ctrl_tlul.nom.spef line 827518, net ANTENNA_u_fft_top.memory_interface_inst.u_fft_mem.u_bank0_DO\[11\] not found.
[STA-1650] /home/ovs/vyges-test/vyges-edge-sensor-soc/openlane/fft_ctrl_tlul/runs/26_04_20_00_38/52-openroad-rcx/nom/fft_ctrl_tlul.nom.spef line 827524, net ANTENNA_u_fft_top.memory_interface_inst.u_fft_mem.u_bank0_DI\[11\] not found.
[STA-1650] /home/ovs/vyges-test/vyges-edge-sensor-soc/openlane/fft_ctrl_tlul/runs/26_04_20_00_38/52-openroad-rcx/nom/fft_ctrl_tlul.nom.spef line 827524, net ANTENNA_u_fft_top.memory_interface_inst.u_fft_mem.u_bank0_DO\[11\] not found.
[STA-1650] /home/ovs/vyges-test/vyges-edge-sensor-soc/openlane/fft_ctrl_tlul/runs/26_04_20_00_38/52-openroad-rcx/nom/fft_ctrl_tlul.nom.spef line 827548, net ANTENNA_u_fft_top.memory_interface_inst.u_fft_mem.u_bank0_DO\[11\] not found.
[STA-1648] /home/ovs/vyges-test/vyges-edge-sensor-soc/openlane/fft_ctrl_tlul/runs/26_04_20_00_38/52-openroad-rcx/nom/fft_ctrl_tlul.nom.spef line 827557, instance ANTENNA_u_fft_top.memory_interface_inst.u_fft_mem.u_bank0_DO\[12\] not found.
[STA-1650] /home/ovs/vyges-test/vyges-edge-sensor-soc/openlane/fft_ctrl_tlul/runs/26_04_20_00_38/52-openroad-rcx/nom/fft_ctrl_tlul.nom.spef line 827563, net ANTENNA_u_fft_top.memory_interface_inst.u_fft_mem.u_bank0_DO\[12\] not found.
[STA-1650] /home/ovs/vyges-test/vyges-edge-sensor-soc/openlane/fft_ctrl_tlul/runs/26_04_20_00_38/52-openroad-rcx/nom/fft_ctrl_tlul.nom.spef line 827571, net ANTENNA_u_fft_top.memory_interface_inst.u_fft_mem.u_bank0_DI\[12\] not found.
[STA-1650] /home/ovs/vyges-test/vyges-edge-sensor-soc/openlane/fft_ctrl_tlul/runs/26_04_20_00_38/52-openroad-rcx/nom/fft_ctrl_tlul.nom.spef line 827571, net ANTENNA_u_fft_top.memory_interface_inst.u_fft_mem.u_bank0_DO\[12\] not found.
[STA-1650] /home/ovs/vyges-test/vyges-edge-sensor-soc/openlane/fft_ctrl_tlul/runs/26_04_20_00_38/52-openroad-rcx/nom/fft_ctrl_tlul.nom.spef line 827572, net ANTENNA_u_fft_top.memory_interface_inst.u_fft_mem.u_bank0_DI\[12\] not found.
[STA-1650] /home/ovs/vyges-test/vyges-edge-sensor-soc/openlane/fft_ctrl_tlul/runs/26_04_20_00_38/52-openroad-rcx/nom/fft_ctrl_tlul.nom.spef line 827574, net ANTENNA_u_fft_top.memory_interface_inst.u_fft_mem.u_bank0_DO\[12\] not found.
[STA-1650] /home/ovs/vyges-test/vyges-edge-sensor-soc/openlane/fft_ctrl_tlul/runs/26_04_20_00_38/52-openroad-rcx/nom/fft_ctrl_tlul.nom.spef line 827595, net ANTENNA_u_fft_top.memory_interface_inst.u_fft_mem.u_bank0_DO\[12\] not found.
[STA-1648] /home/ovs/vyges-test/vyges-edge-sensor-soc/openlane/fft_ctrl_tlul/runs/26_04_20_00_38/52-openroad-rcx/nom/fft_ctrl_tlul.nom.spef line 827601, instance ANTENNA_u_fft_top.memory_interface_inst.u_fft_mem.u_bank0_DO\[13\] not found.
[STA-1650] /home/ovs/vyges-test/vyges-edge-sensor-soc/openlane/fft_ctrl_tlul/runs/26_04_20_00_38/52-openroad-rcx/nom/fft_ctrl_tlul.nom.spef line 827607, net ANTENNA_u_fft_top.memory_interface_inst.u_fft_mem.u_bank0_DO\[13\] not found.
[STA-1650] /home/ovs/vyges-test/vyges-edge-sensor-soc/openlane/fft_ctrl_tlul/runs/26_04_20_00_38/52-openroad-rcx/nom/fft_ctrl_tlul.nom.spef line 827614, net ANTENNA_u_fft_top.memory_interface_inst.u_fft_mem.u_bank0_DI\[13\] not found.
[STA-1650] /home/ovs/vyges-test/vyges-edge-sensor-soc/openlane/fft_ctrl_tlul/runs/26_04_20_00_38/52-openroad-rcx/nom/fft_ctrl_tlul.nom.spef line 827614, net ANTENNA_u_fft_top.memory_interface_inst.u_fft_mem.u_bank0_DO\[13\] not found.
[STA-1650] /home/ovs/vyges-test/vyges-edge-sensor-soc/openlane/fft_ctrl_tlul/runs/26_04_20_00_38/52-openroad-rcx/nom/fft_ctrl_tlul.nom.spef line 827618, net ANTENNA_u_fft_top.memory_interface_inst.u_fft_mem.u_bank0_DO\[13\] not found.
[STA-1650] /home/ovs/vyges-test/vyges-edge-sensor-soc/openlane/fft_ctrl_tlul/runs/26_04_20_00_38/52-openroad-rcx/nom/fft_ctrl_tlul.nom.spef line 827619, net ANTENNA_u_fft_top.memory_interface_inst.u_fft_mem.u_bank0_DO\[13\] not found.
[STA-1650] /home/ovs/vyges-test/vyges-edge-sensor-soc/openlane/fft_ctrl_tlul/runs/26_04_20_00_38/52-openroad-rcx/nom/fft_ctrl_tlul.nom.spef line 827637, net ANTENNA_u_fft_top.memory_interface_inst.u_fft_mem.u_bank0_DO\[13\] not found.
[STA-1648] /home/ovs/vyges-test/vyges-edge-sensor-soc/openlane/fft_ctrl_tlul/runs/26_04_20_00_38/52-openroad-rcx/nom/fft_ctrl_tlul.nom.spef line 827648, instance ANTENNA_u_fft_top.memory_interface_inst.u_fft_mem.u_bank0_DO\[14\] not found.
[STA-1650] /home/ovs/vyges-test/vyges-edge-sensor-soc/openlane/fft_ctrl_tlul/runs/26_04_20_00_38/52-openroad-rcx/nom/fft_ctrl_tlul.nom.spef line 827654, net ANTENNA_u_fft_top.memory_interface_inst.u_fft_mem.u_bank0_DO\[14\] not found.
[STA-1650] /home/ovs/vyges-test/vyges-edge-sensor-soc/openlane/fft_ctrl_tlul/runs/26_04_20_00_38/52-openroad-rcx/nom/fft_ctrl_tlul.nom.spef line 827665, net ANTENNA_u_fft_top.memory_interface_inst.u_fft_mem.u_bank0_DI\[14\] not found.
[STA-1650] /home/ovs/vyges-test/vyges-edge-sensor-soc/openlane/fft_ctrl_tlul/runs/26_04_20_00_38/52-openroad-rcx/nom/fft_ctrl_tlul.nom.spef line 827665, net ANTENNA_u_fft_top.memory_interface_inst.u_fft_mem.u_bank0_DO\[14\] not found.
[STA-1650] /home/ovs/vyges-test/vyges-edge-sensor-soc/openlane/fft_ctrl_tlul/runs/26_04_20_00_38/52-openroad-rcx/nom/fft_ctrl_tlul.nom.spef line 827711, net ANTENNA_u_fft_top.memory_interface_inst.u_fft_mem.u_bank0_DO\[14\] not found.
[STA-1648] /home/ovs/vyges-test/vyges-edge-sensor-soc/openlane/fft_ctrl_tlul/runs/26_04_20_00_38/52-openroad-rcx/nom/fft_ctrl_tlul.nom.spef line 827725, instance ANTENNA_u_fft_top.memory_interface_inst.u_fft_mem.u_bank0_DO\[15\] not found.
[STA-1650] /home/ovs/vyges-test/vyges-edge-sensor-soc/openlane/fft_ctrl_tlul/runs/26_04_20_00_38/52-openroad-rcx/nom/fft_ctrl_tlul.nom.spef line 827731, net ANTENNA_u_fft_top.memory_interface_inst.u_fft_mem.u_bank0_DO\[15\] not found.
[STA-1650] /home/ovs/vyges-test/vyges-edge-sensor-soc/openlane/fft_ctrl_tlul/runs/26_04_20_00_38/52-openroad-rcx/nom/fft_ctrl_tlul.nom.spef line 827739, net ANTENNA_u_fft_top.memory_interface_inst.u_fft_mem.u_bank0_DI\[15\] not found.
[STA-1650] /home/ovs/vyges-test/vyges-edge-sensor-soc/openlane/fft_ctrl_tlul/runs/26_04_20_00_38/52-openroad-rcx/nom/fft_ctrl_tlul.nom.spef line 827739, net ANTENNA_u_fft_top.memory_interface_inst.u_fft_mem.u_bank0_DO\[15\] not found.
[STA-1650] /home/ovs/vyges-test/vyges-edge-sensor-soc/openlane/fft_ctrl_tlul/runs/26_04_20_00_38/52-openroad-rcx/nom/fft_ctrl_tlul.nom.spef line 827753, net ANTENNA_u_fft_top.memory_interface_inst.u_fft_mem.u_bank0_DO\[15\] not found.
[STA-1650] /home/ovs/vyges-test/vyges-edge-sensor-soc/openlane/fft_ctrl_tlul/runs/26_04_20_00_38/52-openroad-rcx/nom/fft_ctrl_tlul.nom.spef line 827781, net ANTENNA_u_fft_top.memory_interface_inst.u_fft_mem.u_bank0_DO\[15\] not found.
[STA-1648] /home/ovs/vyges-test/vyges-edge-sensor-soc/openlane/fft_ctrl_tlul/runs/26_04_20_00_38/52-openroad-rcx/nom/fft_ctrl_tlul.nom.spef line 827794, instance ANTENNA_u_fft_top.memory_interface_inst.u_fft_mem.u_bank0_DO\[16\] not found.
[STA-1650] /home/ovs/vyges-test/vyges-edge-sensor-soc/openlane/fft_ctrl_tlul/runs/26_04_20_00_38/52-openroad-rcx/nom/fft_ctrl_tlul.nom.spef line 827800, net ANTENNA_u_fft_top.memory_interface_inst.u_fft_mem.u_bank0_DO\[16\] not found.
[STA-1650] /home/ovs/vyges-test/vyges-edge-sensor-soc/openlane/fft_ctrl_tlul/runs/26_04_20_00_38/52-openroad-rcx/nom/fft_ctrl_tlul.nom.spef line 827808, net ANTENNA_u_fft_top.memory_interface_inst.u_fft_mem.u_bank0_DI\[16\] not found.
[STA-1650] /home/ovs/vyges-test/vyges-edge-sensor-soc/openlane/fft_ctrl_tlul/runs/26_04_20_00_38/52-openroad-rcx/nom/fft_ctrl_tlul.nom.spef line 827810, net ANTENNA_u_fft_top.memory_interface_inst.u_fft_mem.u_bank0_DO\[16\] not found.
[STA-1650] /home/ovs/vyges-test/vyges-edge-sensor-soc/openlane/fft_ctrl_tlul/runs/26_04_20_00_38/52-openroad-rcx/nom/fft_ctrl_tlul.nom.spef line 827815, net ANTENNA_u_fft_top.memory_interface_inst.u_fft_mem.u_bank0_DO\[16\] not found.
[STA-1650] /home/ovs/vyges-test/vyges-edge-sensor-soc/openlane/fft_ctrl_tlul/runs/26_04_20_00_38/52-openroad-rcx/nom/fft_ctrl_tlul.nom.spef line 827817, net ANTENNA_u_fft_top.memory_interface_inst.u_fft_mem.u_bank0_DO\[16\] not found.
[STA-1650] /home/ovs/vyges-test/vyges-edge-sensor-soc/openlane/fft_ctrl_tlul/runs/26_04_20_00_38/52-openroad-rcx/nom/fft_ctrl_tlul.nom.spef line 827820, net ANTENNA_u_fft_top.memory_interface_inst.u_fft_mem.u_bank0_DO\[16\] not found.
[STA-1648] /home/ovs/vyges-test/vyges-edge-sensor-soc/openlane/fft_ctrl_tlul/runs/26_04_20_00_38/52-openroad-rcx/nom/fft_ctrl_tlul.nom.spef line 827830, instance ANTENNA_u_fft_top.memory_interface_inst.u_fft_mem.u_bank0_DO\[17\] not found.
[STA-1650] /home/ovs/vyges-test/vyges-edge-sensor-soc/openlane/fft_ctrl_tlul/runs/26_04_20_00_38/52-openroad-rcx/nom/fft_ctrl_tlul.nom.spef line 827836, net ANTENNA_u_fft_top.memory_interface_inst.u_fft_mem.u_bank0_DO\[17\] not found.
[STA-1650] /home/ovs/vyges-test/vyges-edge-sensor-soc/openlane/fft_ctrl_tlul/runs/26_04_20_00_38/52-openroad-rcx/nom/fft_ctrl_tlul.nom.spef line 827844, net ANTENNA_u_fft_top.memory_interface_inst.u_fft_mem.u_bank0_DO\[17\] not found.
[STA-1650] /home/ovs/vyges-test/vyges-edge-sensor-soc/openlane/fft_ctrl_tlul/runs/26_04_20_00_38/52-openroad-rcx/nom/fft_ctrl_tlul.nom.spef line 827845, net ANTENNA_u_fft_top.memory_interface_inst.u_fft_mem.u_bank0_DO\[17\] not found.
[STA-1650] /home/ovs/vyges-test/vyges-edge-sensor-soc/openlane/fft_ctrl_tlul/runs/26_04_20_00_38/52-openroad-rcx/nom/fft_ctrl_tlul.nom.spef line 827847, net ANTENNA_u_fft_top.memory_interface_inst.u_fft_mem.u_bank0_DO\[17\] not found.
[STA-1650] /home/ovs/vyges-test/vyges-edge-sensor-soc/openlane/fft_ctrl_tlul/runs/26_04_20_00_38/52-openroad-rcx/nom/fft_ctrl_tlul.nom.spef line 827850, net ANTENNA_u_fft_top.memory_interface_inst.u_fft_mem.u_bank0_DO\[17\] not found.
[STA-1650] /home/ovs/vyges-test/vyges-edge-sensor-soc/openlane/fft_ctrl_tlul/runs/26_04_20_00_38/52-openroad-rcx/nom/fft_ctrl_tlul.nom.spef line 827856, net ANTENNA_u_fft_top.memory_interface_inst.u_fft_mem.u_bank0_DO\[17\] not found.
[STA-1648] /home/ovs/vyges-test/vyges-edge-sensor-soc/openlane/fft_ctrl_tlul/runs/26_04_20_00_38/52-openroad-rcx/nom/fft_ctrl_tlul.nom.spef line 827867, instance ANTENNA_u_fft_top.memory_interface_inst.u_fft_mem.u_bank0_DO\[18\] not found.
[STA-1650] /home/ovs/vyges-test/vyges-edge-sensor-soc/openlane/fft_ctrl_tlul/runs/26_04_20_00_38/52-openroad-rcx/nom/fft_ctrl_tlul.nom.spef line 827873, net ANTENNA_u_fft_top.memory_interface_inst.u_fft_mem.u_bank0_DO\[18\] not found.
[STA-1650] /home/ovs/vyges-test/vyges-edge-sensor-soc/openlane/fft_ctrl_tlul/runs/26_04_20_00_38/52-openroad-rcx/nom/fft_ctrl_tlul.nom.spef line 827890, net ANTENNA_u_fft_top.memory_interface_inst.u_fft_mem.u_bank0_DI\[18\] not found.
[STA-1650] /home/ovs/vyges-test/vyges-edge-sensor-soc/openlane/fft_ctrl_tlul/runs/26_04_20_00_38/52-openroad-rcx/nom/fft_ctrl_tlul.nom.spef line 827890, net ANTENNA_u_fft_top.memory_interface_inst.u_fft_mem.u_bank0_DO\[18\] not found.
[STA-1650] /home/ovs/vyges-test/vyges-edge-sensor-soc/openlane/fft_ctrl_tlul/runs/26_04_20_00_38/52-openroad-rcx/nom/fft_ctrl_tlul.nom.spef line 827892, net ANTENNA_u_fft_top.memory_interface_inst.u_fft_mem.u_bank0_DO\[18\] not found.
[STA-1650] /home/ovs/vyges-test/vyges-edge-sensor-soc/openlane/fft_ctrl_tlul/runs/26_04_20_00_38/52-openroad-rcx/nom/fft_ctrl_tlul.nom.spef line 827912, net ANTENNA_u_fft_top.memory_interface_inst.u_fft_mem.u_bank0_DO\[18\] not found.
[STA-1650] /home/ovs/vyges-test/vyges-edge-sensor-soc/openlane/fft_ctrl_tlul/runs/26_04_20_00_38/52-openroad-rcx/nom/fft_ctrl_tlul.nom.spef line 827929, net ANTENNA_u_fft_top.memory_interface_inst.u_fft_mem.u_bank0_DI\[19\] not found.
[STA-1648] /home/ovs/vyges-test/vyges-edge-sensor-soc/openlane/fft_ctrl_tlul/runs/26_04_20_00_38/52-openroad-rcx/nom/fft_ctrl_tlul.nom.spef line 827939, instance ANTENNA_u_fft_top.memory_interface_inst.u_fft_mem.u_bank0_DO\[1\] not found.
[STA-1650] /home/ovs/vyges-test/vyges-edge-sensor-soc/openlane/fft_ctrl_tlul/runs/26_04_20_00_38/52-openroad-rcx/nom/fft_ctrl_tlul.nom.spef line 827945, net ANTENNA_u_fft_top.memory_interface_inst.u_fft_mem.u_bank0_DO\[1\] not found.
[STA-1650] /home/ovs/vyges-test/vyges-edge-sensor-soc/openlane/fft_ctrl_tlul/runs/26_04_20_00_38/52-openroad-rcx/nom/fft_ctrl_tlul.nom.spef line 827951, net ANTENNA_u_fft_top.memory_interface_inst.u_fft_mem.u_bank0_DI\[1\] not found.
[STA-1650] /home/ovs/vyges-test/vyges-edge-sensor-soc/openlane/fft_ctrl_tlul/runs/26_04_20_00_38/52-openroad-rcx/nom/fft_ctrl_tlul.nom.spef line 827951, net ANTENNA_u_fft_top.memory_interface_inst.u_fft_mem.u_bank0_DO\[1\] not found.
[STA-1650] /home/ovs/vyges-test/vyges-edge-sensor-soc/openlane/fft_ctrl_tlul/runs/26_04_20_00_38/52-openroad-rcx/nom/fft_ctrl_tlul.nom.spef line 827952, net ANTENNA_u_fft_top.memory_interface_inst.u_fft_mem.u_bank0_DO\[1\] not found.
[STA-1650] /home/ovs/vyges-test/vyges-edge-sensor-soc/openlane/fft_ctrl_tlul/runs/26_04_20_00_38/52-openroad-rcx/nom/fft_ctrl_tlul.nom.spef line 827953, net ANTENNA_u_fft_top.memory_interface_inst.u_fft_mem.u_bank0_DO\[1\] not found.
[STA-1650] /home/ovs/vyges-test/vyges-edge-sensor-soc/openlane/fft_ctrl_tlul/runs/26_04_20_00_38/52-openroad-rcx/nom/fft_ctrl_tlul.nom.spef line 827964, net ANTENNA_u_fft_top.memory_interface_inst.u_fft_mem.u_bank0_DO\[1\] not found.
[STA-1650] /home/ovs/vyges-test/vyges-edge-sensor-soc/openlane/fft_ctrl_tlul/runs/26_04_20_00_38/52-openroad-rcx/nom/fft_ctrl_tlul.nom.spef line 827981, net ANTENNA_u_fft_top.memory_interface_inst.u_fft_mem.u_bank0_DI\[20\] not found.
[STA-1650] /home/ovs/vyges-test/vyges-edge-sensor-soc/openlane/fft_ctrl_tlul/runs/26_04_20_00_38/52-openroad-rcx/nom/fft_ctrl_tlul.nom.spef line 827997, net ANTENNA_u_fft_top.memory_interface_inst.u_fft_mem.u_bank0_DI\[21\] not found.
[STA-1650] /home/ovs/vyges-test/vyges-edge-sensor-soc/openlane/fft_ctrl_tlul/runs/26_04_20_00_38/52-openroad-rcx/nom/fft_ctrl_tlul.nom.spef line 828013, net ANTENNA_u_fft_top.memory_interface_inst.u_fft_mem.u_bank0_DI\[22\] not found.
[STA-1648] /home/ovs/vyges-test/vyges-edge-sensor-soc/openlane/fft_ctrl_tlul/runs/26_04_20_00_38/52-openroad-rcx/nom/fft_ctrl_tlul.nom.spef line 828025, instance ANTENNA_u_fft_top.memory_interface_inst.u_fft_mem.u_bank0_DO\[23\] not found.
[STA-1650] /home/ovs/vyges-test/vyges-edge-sensor-soc/openlane/fft_ctrl_tlul/runs/26_04_20_00_38/52-openroad-rcx/nom/fft_ctrl_tlul.nom.spef line 828031, net ANTENNA_u_fft_top.memory_interface_inst.u_fft_mem.u_bank0_DO\[23\] not found.
[STA-1650] /home/ovs/vyges-test/vyges-edge-sensor-soc/openlane/fft_ctrl_tlul/runs/26_04_20_00_38/52-openroad-rcx/nom/fft_ctrl_tlul.nom.spef line 828037, net ANTENNA_u_fft_top.memory_interface_inst.u_fft_mem.u_bank0_DO\[24\] not found.
[STA-1650] /home/ovs/vyges-test/vyges-edge-sensor-soc/openlane/fft_ctrl_tlul/runs/26_04_20_00_38/52-openroad-rcx/nom/fft_ctrl_tlul.nom.spef line 828038, net ANTENNA_u_fft_top.memory_interface_inst.u_fft_mem.u_bank0_DO\[26\] not found.
[STA-1650] /home/ovs/vyges-test/vyges-edge-sensor-soc/openlane/fft_ctrl_tlul/runs/26_04_20_00_38/52-openroad-rcx/nom/fft_ctrl_tlul.nom.spef line 828039, net ANTENNA_u_fft_top.memory_interface_inst.u_fft_mem.u_bank0_DO\[31\] not found.
[STA-1650] /home/ovs/vyges-test/vyges-edge-sensor-soc/openlane/fft_ctrl_tlul/runs/26_04_20_00_38/52-openroad-rcx/nom/fft_ctrl_tlul.nom.spef line 828050, net ANTENNA_u_fft_top.memory_interface_inst.u_fft_mem.u_bank0_DI\[23\] not found.
[STA-1650] /home/ovs/vyges-test/vyges-edge-sensor-soc/openlane/fft_ctrl_tlul/runs/26_04_20_00_38/52-openroad-rcx/nom/fft_ctrl_tlul.nom.spef line 828050, net ANTENNA_u_fft_top.memory_interface_inst.u_fft_mem.u_bank0_DO\[23\] not found.
[STA-1650] /home/ovs/vyges-test/vyges-edge-sensor-soc/openlane/fft_ctrl_tlul/runs/26_04_20_00_38/52-openroad-rcx/nom/fft_ctrl_tlul.nom.spef line 828055, net ANTENNA_u_fft_top.memory_interface_inst.u_fft_mem.u_bank0_DO\[23\] not found.
[STA-1650] /home/ovs/vyges-test/vyges-edge-sensor-soc/openlane/fft_ctrl_tlul/runs/26_04_20_00_38/52-openroad-rcx/nom/fft_ctrl_tlul.nom.spef line 828080, net ANTENNA_u_fft_top.memory_interface_inst.u_fft_mem.u_bank0_DO\[23\] not found.
[STA-1648] /home/ovs/vyges-test/vyges-edge-sensor-soc/openlane/fft_ctrl_tlul/runs/26_04_20_00_38/52-openroad-rcx/nom/fft_ctrl_tlul.nom.spef line 828089, instance ANTENNA_u_fft_top.memory_interface_inst.u_fft_mem.u_bank0_DO\[24\] not found.
[STA-1650] /home/ovs/vyges-test/vyges-edge-sensor-soc/openlane/fft_ctrl_tlul/runs/26_04_20_00_38/52-openroad-rcx/nom/fft_ctrl_tlul.nom.spef line 828095, net ANTENNA_u_fft_top.memory_interface_inst.u_fft_mem.u_bank0_DO\[24\] not found.
[STA-1650] /home/ovs/vyges-test/vyges-edge-sensor-soc/openlane/fft_ctrl_tlul/runs/26_04_20_00_38/52-openroad-rcx/nom/fft_ctrl_tlul.nom.spef line 828106, net ANTENNA_u_fft_top.memory_interface_inst.u_fft_mem.u_bank0_DI\[24\] not found.
[STA-1650] /home/ovs/vyges-test/vyges-edge-sensor-soc/openlane/fft_ctrl_tlul/runs/26_04_20_00_38/52-openroad-rcx/nom/fft_ctrl_tlul.nom.spef line 828106, net ANTENNA_u_fft_top.memory_interface_inst.u_fft_mem.u_bank0_DO\[24\] not found.
[STA-1650] /home/ovs/vyges-test/vyges-edge-sensor-soc/openlane/fft_ctrl_tlul/runs/26_04_20_00_38/52-openroad-rcx/nom/fft_ctrl_tlul.nom.spef line 828107, net ANTENNA_u_fft_top.memory_interface_inst.u_fft_mem.u_bank0_DI\[24\] not found.
[STA-1650] /home/ovs/vyges-test/vyges-edge-sensor-soc/openlane/fft_ctrl_tlul/runs/26_04_20_00_38/52-openroad-rcx/nom/fft_ctrl_tlul.nom.spef line 828110, net ANTENNA_u_fft_top.memory_interface_inst.u_fft_mem.u_bank0_DO\[24\] not found.
[STA-1650] /home/ovs/vyges-test/vyges-edge-sensor-soc/openlane/fft_ctrl_tlul/runs/26_04_20_00_38/52-openroad-rcx/nom/fft_ctrl_tlul.nom.spef line 828111, net ANTENNA_u_fft_top.memory_interface_inst.u_fft_mem.u_bank0_DO\[24\] not found.
[STA-1650] /home/ovs/vyges-test/vyges-edge-sensor-soc/openlane/fft_ctrl_tlul/runs/26_04_20_00_38/52-openroad-rcx/nom/fft_ctrl_tlul.nom.spef line 828126, net ANTENNA_u_fft_top.memory_interface_inst.u_fft_mem.u_bank0_DO\[24\] not found.
[STA-1650] /home/ovs/vyges-test/vyges-edge-sensor-soc/openlane/fft_ctrl_tlul/runs/26_04_20_00_38/52-openroad-rcx/nom/fft_ctrl_tlul.nom.spef line 828135, net ANTENNA_u_fft_top.memory_interface_inst.u_fft_mem.u_bank0_DO\[24\] not found.
[STA-1648] /home/ovs/vyges-test/vyges-edge-sensor-soc/openlane/fft_ctrl_tlul/runs/26_04_20_00_38/52-openroad-rcx/nom/fft_ctrl_tlul.nom.spef line 828141, instance ANTENNA_u_fft_top.memory_interface_inst.u_fft_mem.u_bank0_DO\[25\] not found.
[STA-1650] /home/ovs/vyges-test/vyges-edge-sensor-soc/openlane/fft_ctrl_tlul/runs/26_04_20_00_38/52-openroad-rcx/nom/fft_ctrl_tlul.nom.spef line 828147, net ANTENNA_u_fft_top.memory_interface_inst.u_fft_mem.u_bank0_DO\[25\] not found.
[STA-1650] /home/ovs/vyges-test/vyges-edge-sensor-soc/openlane/fft_ctrl_tlul/runs/26_04_20_00_38/52-openroad-rcx/nom/fft_ctrl_tlul.nom.spef line 828154, net ANTENNA_u_fft_top.memory_interface_inst.u_fft_mem.u_bank0_DI\[25\] not found.
[STA-1650] /home/ovs/vyges-test/vyges-edge-sensor-soc/openlane/fft_ctrl_tlul/runs/26_04_20_00_38/52-openroad-rcx/nom/fft_ctrl_tlul.nom.spef line 828154, net ANTENNA_u_fft_top.memory_interface_inst.u_fft_mem.u_bank0_DO\[25\] not found.
[STA-1650] /home/ovs/vyges-test/vyges-edge-sensor-soc/openlane/fft_ctrl_tlul/runs/26_04_20_00_38/52-openroad-rcx/nom/fft_ctrl_tlul.nom.spef line 828155, net ANTENNA_u_fft_top.memory_interface_inst.u_fft_mem.u_bank0_DI\[25\] not found.
[STA-1650] /home/ovs/vyges-test/vyges-edge-sensor-soc/openlane/fft_ctrl_tlul/runs/26_04_20_00_38/52-openroad-rcx/nom/fft_ctrl_tlul.nom.spef line 828159, net ANTENNA_u_fft_top.memory_interface_inst.u_fft_mem.u_bank0_DO\[25\] not found.
[STA-1650] /home/ovs/vyges-test/vyges-edge-sensor-soc/openlane/fft_ctrl_tlul/runs/26_04_20_00_38/52-openroad-rcx/nom/fft_ctrl_tlul.nom.spef line 828175, net ANTENNA_u_fft_top.memory_interface_inst.u_fft_mem.u_bank0_DO\[25\] not found.
[STA-1648] /home/ovs/vyges-test/vyges-edge-sensor-soc/openlane/fft_ctrl_tlul/runs/26_04_20_00_38/52-openroad-rcx/nom/fft_ctrl_tlul.nom.spef line 828186, instance ANTENNA_u_fft_top.memory_interface_inst.u_fft_mem.u_bank0_DO\[26\] not found.
[STA-1650] /home/ovs/vyges-test/vyges-edge-sensor-soc/openlane/fft_ctrl_tlul/runs/26_04_20_00_38/52-openroad-rcx/nom/fft_ctrl_tlul.nom.spef line 828192, net ANTENNA_u_fft_top.memory_interface_inst.u_fft_mem.u_bank0_DO\[26\] not found.
[STA-1650] /home/ovs/vyges-test/vyges-edge-sensor-soc/openlane/fft_ctrl_tlul/runs/26_04_20_00_38/52-openroad-rcx/nom/fft_ctrl_tlul.nom.spef line 828198, net ANTENNA_u_fft_top.memory_interface_inst.u_fft_mem.u_bank0_DI\[26\] not found.
[STA-1650] /home/ovs/vyges-test/vyges-edge-sensor-soc/openlane/fft_ctrl_tlul/runs/26_04_20_00_38/52-openroad-rcx/nom/fft_ctrl_tlul.nom.spef line 828198, net ANTENNA_u_fft_top.memory_interface_inst.u_fft_mem.u_bank0_DO\[26\] not found.
[STA-1650] /home/ovs/vyges-test/vyges-edge-sensor-soc/openlane/fft_ctrl_tlul/runs/26_04_20_00_38/52-openroad-rcx/nom/fft_ctrl_tlul.nom.spef line 828199, net ANTENNA_u_fft_top.memory_interface_inst.u_fft_mem.u_bank0_DI\[26\] not found.
[STA-1650] /home/ovs/vyges-test/vyges-edge-sensor-soc/openlane/fft_ctrl_tlul/runs/26_04_20_00_38/52-openroad-rcx/nom/fft_ctrl_tlul.nom.spef line 828200, net ANTENNA_u_fft_top.memory_interface_inst.u_fft_mem.u_bank0_DO\[26\] not found.
[STA-1650] /home/ovs/vyges-test/vyges-edge-sensor-soc/openlane/fft_ctrl_tlul/runs/26_04_20_00_38/52-openroad-rcx/nom/fft_ctrl_tlul.nom.spef line 828201, net ANTENNA_u_fft_top.memory_interface_inst.u_fft_mem.u_bank0_DO\[26\] not found.
[STA-1650] /home/ovs/vyges-test/vyges-edge-sensor-soc/openlane/fft_ctrl_tlul/runs/26_04_20_00_38/52-openroad-rcx/nom/fft_ctrl_tlul.nom.spef line 828222, net ANTENNA_u_fft_top.memory_interface_inst.u_fft_mem.u_bank0_DO\[26\] not found.
[STA-1650] /home/ovs/vyges-test/vyges-edge-sensor-soc/openlane/fft_ctrl_tlul/runs/26_04_20_00_38/52-openroad-rcx/nom/fft_ctrl_tlul.nom.spef line 828225, net ANTENNA_u_fft_top.memory_interface_inst.u_fft_mem.u_bank0_DO\[26\] not found.
[STA-1648] /home/ovs/vyges-test/vyges-edge-sensor-soc/openlane/fft_ctrl_tlul/runs/26_04_20_00_38/52-openroad-rcx/nom/fft_ctrl_tlul.nom.spef line 828236, instance ANTENNA_u_fft_top.memory_interface_inst.u_fft_mem.u_bank0_DO\[27\] not found.
[STA-1650] /home/ovs/vyges-test/vyges-edge-sensor-soc/openlane/fft_ctrl_tlul/runs/26_04_20_00_38/52-openroad-rcx/nom/fft_ctrl_tlul.nom.spef line 828242, net ANTENNA_u_fft_top.memory_interface_inst.u_fft_mem.u_bank0_DO\[27\] not found.
[STA-1650] /home/ovs/vyges-test/vyges-edge-sensor-soc/openlane/fft_ctrl_tlul/runs/26_04_20_00_38/52-openroad-rcx/nom/fft_ctrl_tlul.nom.spef line 828248, net ANTENNA_u_fft_top.memory_interface_inst.u_fft_mem.u_bank0_DI\[27\] not found.
[STA-1650] /home/ovs/vyges-test/vyges-edge-sensor-soc/openlane/fft_ctrl_tlul/runs/26_04_20_00_38/52-openroad-rcx/nom/fft_ctrl_tlul.nom.spef line 828248, net ANTENNA_u_fft_top.memory_interface_inst.u_fft_mem.u_bank0_DO\[27\] not found.
[STA-1650] /home/ovs/vyges-test/vyges-edge-sensor-soc/openlane/fft_ctrl_tlul/runs/26_04_20_00_38/52-openroad-rcx/nom/fft_ctrl_tlul.nom.spef line 828249, net ANTENNA_u_fft_top.memory_interface_inst.u_fft_mem.u_bank0_DI\[27\] not found.
[STA-1650] /home/ovs/vyges-test/vyges-edge-sensor-soc/openlane/fft_ctrl_tlul/runs/26_04_20_00_38/52-openroad-rcx/nom/fft_ctrl_tlul.nom.spef line 828268, net ANTENNA_u_fft_top.memory_interface_inst.u_fft_mem.u_bank0_DO\[27\] not found.
[STA-1648] /home/ovs/vyges-test/vyges-edge-sensor-soc/openlane/fft_ctrl_tlul/runs/26_04_20_00_38/52-openroad-rcx/nom/fft_ctrl_tlul.nom.spef line 828279, instance ANTENNA_u_fft_top.memory_interface_inst.u_fft_mem.u_bank0_DO\[28\] not found.
[STA-1650] /home/ovs/vyges-test/vyges-edge-sensor-soc/openlane/fft_ctrl_tlul/runs/26_04_20_00_38/52-openroad-rcx/nom/fft_ctrl_tlul.nom.spef line 828285, net ANTENNA_u_fft_top.memory_interface_inst.u_fft_mem.u_bank0_DO\[28\] not found.
[STA-1650] /home/ovs/vyges-test/vyges-edge-sensor-soc/openlane/fft_ctrl_tlul/runs/26_04_20_00_38/52-openroad-rcx/nom/fft_ctrl_tlul.nom.spef line 828292, net ANTENNA_u_fft_top.memory_interface_inst.u_fft_mem.u_bank0_DI\[28\] not found.
[STA-1650] /home/ovs/vyges-test/vyges-edge-sensor-soc/openlane/fft_ctrl_tlul/runs/26_04_20_00_38/52-openroad-rcx/nom/fft_ctrl_tlul.nom.spef line 828292, net ANTENNA_u_fft_top.memory_interface_inst.u_fft_mem.u_bank0_DO\[28\] not found.
[STA-1650] /home/ovs/vyges-test/vyges-edge-sensor-soc/openlane/fft_ctrl_tlul/runs/26_04_20_00_38/52-openroad-rcx/nom/fft_ctrl_tlul.nom.spef line 828293, net ANTENNA_u_fft_top.memory_interface_inst.u_fft_mem.u_bank0_DI\[28\] not found.
[STA-1650] /home/ovs/vyges-test/vyges-edge-sensor-soc/openlane/fft_ctrl_tlul/runs/26_04_20_00_38/52-openroad-rcx/nom/fft_ctrl_tlul.nom.spef line 828294, net ANTENNA_u_fft_top.memory_interface_inst.u_fft_mem.u_bank0_DO\[28\] not found.
[STA-1650] /home/ovs/vyges-test/vyges-edge-sensor-soc/openlane/fft_ctrl_tlul/runs/26_04_20_00_38/52-openroad-rcx/nom/fft_ctrl_tlul.nom.spef line 828298, net ANTENNA_u_fft_top.memory_interface_inst.u_fft_mem.u_bank0_DO\[28\] not found.
[STA-1650] /home/ovs/vyges-test/vyges-edge-sensor-soc/openlane/fft_ctrl_tlul/runs/26_04_20_00_38/52-openroad-rcx/nom/fft_ctrl_tlul.nom.spef line 828313, net ANTENNA_u_fft_top.memory_interface_inst.u_fft_mem.u_bank0_DO\[28\] not found.
[STA-1648] /home/ovs/vyges-test/vyges-edge-sensor-soc/openlane/fft_ctrl_tlul/runs/26_04_20_00_38/52-openroad-rcx/nom/fft_ctrl_tlul.nom.spef line 828323, instance ANTENNA_u_fft_top.memory_interface_inst.u_fft_mem.u_bank0_DO\[29\] not found.
[STA-1650] /home/ovs/vyges-test/vyges-edge-sensor-soc/openlane/fft_ctrl_tlul/runs/26_04_20_00_38/52-openroad-rcx/nom/fft_ctrl_tlul.nom.spef line 828329, net ANTENNA_u_fft_top.memory_interface_inst.u_fft_mem.u_bank0_DO\[29\] not found.
[STA-1650] /home/ovs/vyges-test/vyges-edge-sensor-soc/openlane/fft_ctrl_tlul/runs/26_04_20_00_38/52-openroad-rcx/nom/fft_ctrl_tlul.nom.spef line 828336, net ANTENNA_u_fft_top.memory_interface_inst.u_fft_mem.u_bank0_DI\[29\] not found.
[STA-1650] /home/ovs/vyges-test/vyges-edge-sensor-soc/openlane/fft_ctrl_tlul/runs/26_04_20_00_38/52-openroad-rcx/nom/fft_ctrl_tlul.nom.spef line 828336, net ANTENNA_u_fft_top.memory_interface_inst.u_fft_mem.u_bank0_DO\[29\] not found.
[STA-1650] /home/ovs/vyges-test/vyges-edge-sensor-soc/openlane/fft_ctrl_tlul/runs/26_04_20_00_38/52-openroad-rcx/nom/fft_ctrl_tlul.nom.spef line 828341, net ANTENNA_u_fft_top.memory_interface_inst.u_fft_mem.u_bank0_DO\[29\] not found.
[STA-1650] /home/ovs/vyges-test/vyges-edge-sensor-soc/openlane/fft_ctrl_tlul/runs/26_04_20_00_38/52-openroad-rcx/nom/fft_ctrl_tlul.nom.spef line 828356, net ANTENNA_u_fft_top.memory_interface_inst.u_fft_mem.u_bank0_DO\[29\] not found.
[STA-1648] /home/ovs/vyges-test/vyges-edge-sensor-soc/openlane/fft_ctrl_tlul/runs/26_04_20_00_38/52-openroad-rcx/nom/fft_ctrl_tlul.nom.spef line 828367, instance ANTENNA_u_fft_top.memory_interface_inst.u_fft_mem.u_bank0_DO\[2\] not found.
[STA-1650] /home/ovs/vyges-test/vyges-edge-sensor-soc/openlane/fft_ctrl_tlul/runs/26_04_20_00_38/52-openroad-rcx/nom/fft_ctrl_tlul.nom.spef line 828373, net ANTENNA_u_fft_top.memory_interface_inst.u_fft_mem.u_bank0_DO\[2\] not found.
[STA-1650] /home/ovs/vyges-test/vyges-edge-sensor-soc/openlane/fft_ctrl_tlul/runs/26_04_20_00_38/52-openroad-rcx/nom/fft_ctrl_tlul.nom.spef line 828379, net ANTENNA_u_fft_top.memory_interface_inst.u_fft_mem.u_bank0_DI\[2\] not found.
[STA-1650] /home/ovs/vyges-test/vyges-edge-sensor-soc/openlane/fft_ctrl_tlul/runs/26_04_20_00_38/52-openroad-rcx/nom/fft_ctrl_tlul.nom.spef line 828379, net ANTENNA_u_fft_top.memory_interface_inst.u_fft_mem.u_bank0_DO\[2\] not found.
[STA-1650] /home/ovs/vyges-test/vyges-edge-sensor-soc/openlane/fft_ctrl_tlul/runs/26_04_20_00_38/52-openroad-rcx/nom/fft_ctrl_tlul.nom.spef line 828382, net ANTENNA_u_fft_top.memory_interface_inst.u_fft_mem.u_bank0_DO\[2\] not found.
[STA-1650] /home/ovs/vyges-test/vyges-edge-sensor-soc/openlane/fft_ctrl_tlul/runs/26_04_20_00_38/52-openroad-rcx/nom/fft_ctrl_tlul.nom.spef line 828397, net ANTENNA_u_fft_top.memory_interface_inst.u_fft_mem.u_bank0_DO\[2\] not found.
[STA-1648] /home/ovs/vyges-test/vyges-edge-sensor-soc/openlane/fft_ctrl_tlul/runs/26_04_20_00_38/52-openroad-rcx/nom/fft_ctrl_tlul.nom.spef line 828408, instance ANTENNA_u_fft_top.memory_interface_inst.u_fft_mem.u_bank0_DO\[30\] not found.
[STA-1650] /home/ovs/vyges-test/vyges-edge-sensor-soc/openlane/fft_ctrl_tlul/runs/26_04_20_00_38/52-openroad-rcx/nom/fft_ctrl_tlul.nom.spef line 828414, net ANTENNA_u_fft_top.memory_interface_inst.u_fft_mem.u_bank0_DO\[30\] not found.
[STA-1650] /home/ovs/vyges-test/vyges-edge-sensor-soc/openlane/fft_ctrl_tlul/runs/26_04_20_00_38/52-openroad-rcx/nom/fft_ctrl_tlul.nom.spef line 828421, net ANTENNA_u_fft_top.memory_interface_inst.u_fft_mem.u_bank0_DI\[30\] not found.
[STA-1650] /home/ovs/vyges-test/vyges-edge-sensor-soc/openlane/fft_ctrl_tlul/runs/26_04_20_00_38/52-openroad-rcx/nom/fft_ctrl_tlul.nom.spef line 828421, net ANTENNA_u_fft_top.memory_interface_inst.u_fft_mem.u_bank0_DO\[30\] not found.
[STA-1650] /home/ovs/vyges-test/vyges-edge-sensor-soc/openlane/fft_ctrl_tlul/runs/26_04_20_00_38/52-openroad-rcx/nom/fft_ctrl_tlul.nom.spef line 828422, net ANTENNA_u_fft_top.memory_interface_inst.u_fft_mem.u_bank0_DI\[30\] not found.
[STA-1650] /home/ovs/vyges-test/vyges-edge-sensor-soc/openlane/fft_ctrl_tlul/runs/26_04_20_00_38/52-openroad-rcx/nom/fft_ctrl_tlul.nom.spef line 828424, net ANTENNA_u_fft_top.memory_interface_inst.u_fft_mem.u_bank0_DO\[30\] not found.
[STA-1650] /home/ovs/vyges-test/vyges-edge-sensor-soc/openlane/fft_ctrl_tlul/runs/26_04_20_00_38/52-openroad-rcx/nom/fft_ctrl_tlul.nom.spef line 828439, net ANTENNA_u_fft_top.memory_interface_inst.u_fft_mem.u_bank0_DO\[30\] not found.
[STA-1648] /home/ovs/vyges-test/vyges-edge-sensor-soc/openlane/fft_ctrl_tlul/runs/26_04_20_00_38/52-openroad-rcx/nom/fft_ctrl_tlul.nom.spef line 828450, instance ANTENNA_u_fft_top.memory_interface_inst.u_fft_mem.u_bank0_DO\[31\] not found.
[STA-1650] /home/ovs/vyges-test/vyges-edge-sensor-soc/openlane/fft_ctrl_tlul/runs/26_04_20_00_38/52-openroad-rcx/nom/fft_ctrl_tlul.nom.spef line 828456, net ANTENNA_u_fft_top.memory_interface_inst.u_fft_mem.u_bank0_DO\[31\] not found.
[STA-1650] /home/ovs/vyges-test/vyges-edge-sensor-soc/openlane/fft_ctrl_tlul/runs/26_04_20_00_38/52-openroad-rcx/nom/fft_ctrl_tlul.nom.spef line 828463, net ANTENNA_u_fft_top.memory_interface_inst.u_fft_mem.u_bank0_DI\[31\] not found.
[STA-1650] /home/ovs/vyges-test/vyges-edge-sensor-soc/openlane/fft_ctrl_tlul/runs/26_04_20_00_38/52-openroad-rcx/nom/fft_ctrl_tlul.nom.spef line 828463, net ANTENNA_u_fft_top.memory_interface_inst.u_fft_mem.u_bank0_DO\[31\] not found.
[STA-1650] /home/ovs/vyges-test/vyges-edge-sensor-soc/openlane/fft_ctrl_tlul/runs/26_04_20_00_38/52-openroad-rcx/nom/fft_ctrl_tlul.nom.spef line 828464, net ANTENNA_u_fft_top.memory_interface_inst.u_fft_mem.u_bank0_DI\[31\] not found.
[STA-1650] /home/ovs/vyges-test/vyges-edge-sensor-soc/openlane/fft_ctrl_tlul/runs/26_04_20_00_38/52-openroad-rcx/nom/fft_ctrl_tlul.nom.spef line 828465, net ANTENNA_u_fft_top.memory_interface_inst.u_fft_mem.u_bank0_DO\[31\] not found.
[STA-1650] /home/ovs/vyges-test/vyges-edge-sensor-soc/openlane/fft_ctrl_tlul/runs/26_04_20_00_38/52-openroad-rcx/nom/fft_ctrl_tlul.nom.spef line 828475, net ANTENNA_u_fft_top.memory_interface_inst.u_fft_mem.u_bank0_DO\[31\] not found.
[STA-1650] /home/ovs/vyges-test/vyges-edge-sensor-soc/openlane/fft_ctrl_tlul/runs/26_04_20_00_38/52-openroad-rcx/nom/fft_ctrl_tlul.nom.spef line 828478, net ANTENNA_u_fft_top.memory_interface_inst.u_fft_mem.u_bank0_DO\[31\] not found.
[STA-1648] /home/ovs/vyges-test/vyges-edge-sensor-soc/openlane/fft_ctrl_tlul/runs/26_04_20_00_38/52-openroad-rcx/nom/fft_ctrl_tlul.nom.spef line 828489, instance ANTENNA_u_fft_top.memory_interface_inst.u_fft_mem.u_bank0_DO\[3\] not found.
[STA-1650] /home/ovs/vyges-test/vyges-edge-sensor-soc/openlane/fft_ctrl_tlul/runs/26_04_20_00_38/52-openroad-rcx/nom/fft_ctrl_tlul.nom.spef line 828495, net ANTENNA_u_fft_top.memory_interface_inst.u_fft_mem.u_bank0_DO\[3\] not found.
[STA-1650] /home/ovs/vyges-test/vyges-edge-sensor-soc/openlane/fft_ctrl_tlul/runs/26_04_20_00_38/52-openroad-rcx/nom/fft_ctrl_tlul.nom.spef line 828501, net ANTENNA_u_fft_top.memory_interface_inst.u_fft_mem.u_bank0_DI\[3\] not found.
[STA-1650] /home/ovs/vyges-test/vyges-edge-sensor-soc/openlane/fft_ctrl_tlul/runs/26_04_20_00_38/52-openroad-rcx/nom/fft_ctrl_tlul.nom.spef line 828501, net ANTENNA_u_fft_top.memory_interface_inst.u_fft_mem.u_bank0_DO\[3\] not found.
[STA-1650] /home/ovs/vyges-test/vyges-edge-sensor-soc/openlane/fft_ctrl_tlul/runs/26_04_20_00_38/52-openroad-rcx/nom/fft_ctrl_tlul.nom.spef line 828516, net ANTENNA_u_fft_top.memory_interface_inst.u_fft_mem.u_bank0_DO\[3\] not found.
[STA-1648] /home/ovs/vyges-test/vyges-edge-sensor-soc/openlane/fft_ctrl_tlul/runs/26_04_20_00_38/52-openroad-rcx/nom/fft_ctrl_tlul.nom.spef line 828527, instance ANTENNA_u_fft_top.memory_interface_inst.u_fft_mem.u_bank0_DO\[4\] not found.
[STA-1650] /home/ovs/vyges-test/vyges-edge-sensor-soc/openlane/fft_ctrl_tlul/runs/26_04_20_00_38/52-openroad-rcx/nom/fft_ctrl_tlul.nom.spef line 828533, net ANTENNA_u_fft_top.memory_interface_inst.u_fft_mem.u_bank0_DO\[4\] not found.
[STA-1650] /home/ovs/vyges-test/vyges-edge-sensor-soc/openlane/fft_ctrl_tlul/runs/26_04_20_00_38/52-openroad-rcx/nom/fft_ctrl_tlul.nom.spef line 828539, net ANTENNA_u_fft_top.memory_interface_inst.u_fft_mem.u_bank0_DI\[4\] not found.
[STA-1650] /home/ovs/vyges-test/vyges-edge-sensor-soc/openlane/fft_ctrl_tlul/runs/26_04_20_00_38/52-openroad-rcx/nom/fft_ctrl_tlul.nom.spef line 828539, net ANTENNA_u_fft_top.memory_interface_inst.u_fft_mem.u_bank0_DO\[4\] not found.
[STA-1650] /home/ovs/vyges-test/vyges-edge-sensor-soc/openlane/fft_ctrl_tlul/runs/26_04_20_00_38/52-openroad-rcx/nom/fft_ctrl_tlul.nom.spef line 828540, net ANTENNA_u_fft_top.memory_interface_inst.u_fft_mem.u_bank0_DO\[4\] not found.
[STA-1650] /home/ovs/vyges-test/vyges-edge-sensor-soc/openlane/fft_ctrl_tlul/runs/26_04_20_00_38/52-openroad-rcx/nom/fft_ctrl_tlul.nom.spef line 828549, net ANTENNA_u_fft_top.memory_interface_inst.u_fft_mem.u_bank0_DO\[4\] not found.
[STA-1648] /home/ovs/vyges-test/vyges-edge-sensor-soc/openlane/fft_ctrl_tlul/runs/26_04_20_00_38/52-openroad-rcx/nom/fft_ctrl_tlul.nom.spef line 828560, instance ANTENNA_u_fft_top.memory_interface_inst.u_fft_mem.u_bank0_DO\[5\] not found.
[STA-1650] /home/ovs/vyges-test/vyges-edge-sensor-soc/openlane/fft_ctrl_tlul/runs/26_04_20_00_38/52-openroad-rcx/nom/fft_ctrl_tlul.nom.spef line 828566, net ANTENNA_u_fft_top.memory_interface_inst.u_fft_mem.u_bank0_DO\[5\] not found.
[STA-1650] /home/ovs/vyges-test/vyges-edge-sensor-soc/openlane/fft_ctrl_tlul/runs/26_04_20_00_38/52-openroad-rcx/nom/fft_ctrl_tlul.nom.spef line 828576, net ANTENNA_u_fft_top.memory_interface_inst.u_fft_mem.u_bank0_DO\[5\] not found.
[STA-1650] /home/ovs/vyges-test/vyges-edge-sensor-soc/openlane/fft_ctrl_tlul/runs/26_04_20_00_38/52-openroad-rcx/nom/fft_ctrl_tlul.nom.spef line 828583, net ANTENNA_u_fft_top.memory_interface_inst.u_fft_mem.u_bank0_DO\[5\] not found.
[STA-1648] /home/ovs/vyges-test/vyges-edge-sensor-soc/openlane/fft_ctrl_tlul/runs/26_04_20_00_38/52-openroad-rcx/nom/fft_ctrl_tlul.nom.spef line 828593, instance ANTENNA_u_fft_top.memory_interface_inst.u_fft_mem.u_bank0_DO\[6\] not found.
[STA-1650] /home/ovs/vyges-test/vyges-edge-sensor-soc/openlane/fft_ctrl_tlul/runs/26_04_20_00_38/52-openroad-rcx/nom/fft_ctrl_tlul.nom.spef line 828599, net ANTENNA_u_fft_top.memory_interface_inst.u_fft_mem.u_bank0_DO\[6\] not found.
[STA-1650] /home/ovs/vyges-test/vyges-edge-sensor-soc/openlane/fft_ctrl_tlul/runs/26_04_20_00_38/52-openroad-rcx/nom/fft_ctrl_tlul.nom.spef line 828606, net ANTENNA_u_fft_top.memory_interface_inst.u_fft_mem.u_bank0_DI\[6\] not found.
[STA-1650] /home/ovs/vyges-test/vyges-edge-sensor-soc/openlane/fft_ctrl_tlul/runs/26_04_20_00_38/52-openroad-rcx/nom/fft_ctrl_tlul.nom.spef line 828606, net ANTENNA_u_fft_top.memory_interface_inst.u_fft_mem.u_bank0_DO\[6\] not found.
[STA-1650] /home/ovs/vyges-test/vyges-edge-sensor-soc/openlane/fft_ctrl_tlul/runs/26_04_20_00_38/52-openroad-rcx/nom/fft_ctrl_tlul.nom.spef line 828609, net ANTENNA_u_fft_top.memory_interface_inst.u_fft_mem.u_bank0_DO\[6\] not found.
[STA-1650] /home/ovs/vyges-test/vyges-edge-sensor-soc/openlane/fft_ctrl_tlul/runs/26_04_20_00_38/52-openroad-rcx/nom/fft_ctrl_tlul.nom.spef line 828610, net ANTENNA_u_fft_top.memory_interface_inst.u_fft_mem.u_bank0_DO\[6\] not found.
[STA-1650] /home/ovs/vyges-test/vyges-edge-sensor-soc/openlane/fft_ctrl_tlul/runs/26_04_20_00_38/52-openroad-rcx/nom/fft_ctrl_tlul.nom.spef line 828617, net ANTENNA_u_fft_top.memory_interface_inst.u_fft_mem.u_bank0_DO\[6\] not found.
[STA-1648] /home/ovs/vyges-test/vyges-edge-sensor-soc/openlane/fft_ctrl_tlul/runs/26_04_20_00_38/52-openroad-rcx/nom/fft_ctrl_tlul.nom.spef line 828628, instance ANTENNA_u_fft_top.memory_interface_inst.u_fft_mem.u_bank0_DO\[7\] not found.
[STA-1650] /home/ovs/vyges-test/vyges-edge-sensor-soc/openlane/fft_ctrl_tlul/runs/26_04_20_00_38/52-openroad-rcx/nom/fft_ctrl_tlul.nom.spef line 828634, net ANTENNA_u_fft_top.memory_interface_inst.u_fft_mem.u_bank0_DO\[7\] not found.
[STA-1650] /home/ovs/vyges-test/vyges-edge-sensor-soc/openlane/fft_ctrl_tlul/runs/26_04_20_00_38/52-openroad-rcx/nom/fft_ctrl_tlul.nom.spef line 828641, net ANTENNA_u_fft_top.memory_interface_inst.u_fft_mem.u_bank0_DI\[7\] not found.
[STA-1650] /home/ovs/vyges-test/vyges-edge-sensor-soc/openlane/fft_ctrl_tlul/runs/26_04_20_00_38/52-openroad-rcx/nom/fft_ctrl_tlul.nom.spef line 828641, net ANTENNA_u_fft_top.memory_interface_inst.u_fft_mem.u_bank0_DO\[7\] not found.
[STA-1650] /home/ovs/vyges-test/vyges-edge-sensor-soc/openlane/fft_ctrl_tlul/runs/26_04_20_00_38/52-openroad-rcx/nom/fft_ctrl_tlul.nom.spef line 828642, net ANTENNA_u_fft_top.memory_interface_inst.u_fft_mem.u_bank0_DI\[7\] not found.
[STA-1650] /home/ovs/vyges-test/vyges-edge-sensor-soc/openlane/fft_ctrl_tlul/runs/26_04_20_00_38/52-openroad-rcx/nom/fft_ctrl_tlul.nom.spef line 828643, net ANTENNA_u_fft_top.memory_interface_inst.u_fft_mem.u_bank0_DO\[7\] not found.
[STA-1650] /home/ovs/vyges-test/vyges-edge-sensor-soc/openlane/fft_ctrl_tlul/runs/26_04_20_00_38/52-openroad-rcx/nom/fft_ctrl_tlul.nom.spef line 828649, net ANTENNA_u_fft_top.memory_interface_inst.u_fft_mem.u_bank0_DO\[7\] not found.
[STA-1648] /home/ovs/vyges-test/vyges-edge-sensor-soc/openlane/fft_ctrl_tlul/runs/26_04_20_00_38/52-openroad-rcx/nom/fft_ctrl_tlul.nom.spef line 828660, instance ANTENNA_u_fft_top.memory_interface_inst.u_fft_mem.u_bank0_DO\[8\] not found.
[STA-1650] /home/ovs/vyges-test/vyges-edge-sensor-soc/openlane/fft_ctrl_tlul/runs/26_04_20_00_38/52-openroad-rcx/nom/fft_ctrl_tlul.nom.spef line 828666, net ANTENNA_u_fft_top.memory_interface_inst.u_fft_mem.u_bank0_DO\[8\] not found.
[STA-1650] /home/ovs/vyges-test/vyges-edge-sensor-soc/openlane/fft_ctrl_tlul/runs/26_04_20_00_38/52-openroad-rcx/nom/fft_ctrl_tlul.nom.spef line 828673, net ANTENNA_u_fft_top.memory_interface_inst.u_fft_mem.u_bank0_DI\[8\] not found.
[STA-1650] /home/ovs/vyges-test/vyges-edge-sensor-soc/openlane/fft_ctrl_tlul/runs/26_04_20_00_38/52-openroad-rcx/nom/fft_ctrl_tlul.nom.spef line 828673, net ANTENNA_u_fft_top.memory_interface_inst.u_fft_mem.u_bank0_DO\[8\] not found.
[STA-1650] /home/ovs/vyges-test/vyges-edge-sensor-soc/openlane/fft_ctrl_tlul/runs/26_04_20_00_38/52-openroad-rcx/nom/fft_ctrl_tlul.nom.spef line 828674, net ANTENNA_u_fft_top.memory_interface_inst.u_fft_mem.u_bank0_DO\[8\] not found.
[STA-1650] /home/ovs/vyges-test/vyges-edge-sensor-soc/openlane/fft_ctrl_tlul/runs/26_04_20_00_38/52-openroad-rcx/nom/fft_ctrl_tlul.nom.spef line 828681, net ANTENNA_u_fft_top.memory_interface_inst.u_fft_mem.u_bank0_DO\[8\] not found.
[STA-1648] /home/ovs/vyges-test/vyges-edge-sensor-soc/openlane/fft_ctrl_tlul/runs/26_04_20_00_38/52-openroad-rcx/nom/fft_ctrl_tlul.nom.spef line 828692, instance ANTENNA_u_fft_top.memory_interface_inst.u_fft_mem.u_bank0_DO\[9\] not found.
[STA-1650] /home/ovs/vyges-test/vyges-edge-sensor-soc/openlane/fft_ctrl_tlul/runs/26_04_20_00_38/52-openroad-rcx/nom/fft_ctrl_tlul.nom.spef line 828698, net ANTENNA_u_fft_top.memory_interface_inst.u_fft_mem.u_bank0_DO\[9\] not found.
[STA-1650] /home/ovs/vyges-test/vyges-edge-sensor-soc/openlane/fft_ctrl_tlul/runs/26_04_20_00_38/52-openroad-rcx/nom/fft_ctrl_tlul.nom.spef line 828705, net ANTENNA_u_fft_top.memory_interface_inst.u_fft_mem.u_bank0_DI\[9\] not found.
[STA-1650] /home/ovs/vyges-test/vyges-edge-sensor-soc/openlane/fft_ctrl_tlul/runs/26_04_20_00_38/52-openroad-rcx/nom/fft_ctrl_tlul.nom.spef line 828705, net ANTENNA_u_fft_top.memory_interface_inst.u_fft_mem.u_bank0_DO\[9\] not found.
[STA-1650] /home/ovs/vyges-test/vyges-edge-sensor-soc/openlane/fft_ctrl_tlul/runs/26_04_20_00_38/52-openroad-rcx/nom/fft_ctrl_tlul.nom.spef line 828706, net ANTENNA_u_fft_top.memory_interface_inst.u_fft_mem.u_bank0_DO\[9\] not found.
[STA-1650] /home/ovs/vyges-test/vyges-edge-sensor-soc/openlane/fft_ctrl_tlul/runs/26_04_20_00_38/52-openroad-rcx/nom/fft_ctrl_tlul.nom.spef line 828716, net ANTENNA_u_fft_top.memory_interface_inst.u_fft_mem.u_bank0_DO\[9\] not found.
[STA-1648] /home/ovs/vyges-test/vyges-edge-sensor-soc/openlane/fft_ctrl_tlul/runs/26_04_20_00_38/52-openroad-rcx/nom/fft_ctrl_tlul.nom.spef line 828746, instance ANTENNA_u_fft_top.memory_interface_inst.u_fft_mem.u_bank1_DO\[10\] not found.
[STA-1650] /home/ovs/vyges-test/vyges-edge-sensor-soc/openlane/fft_ctrl_tlul/runs/26_04_20_00_38/52-openroad-rcx/nom/fft_ctrl_tlul.nom.spef line 828752, net ANTENNA_u_fft_top.memory_interface_inst.u_fft_mem.u_bank1_DO\[10\] not found.
[STA-1650] /home/ovs/vyges-test/vyges-edge-sensor-soc/openlane/fft_ctrl_tlul/runs/26_04_20_00_38/52-openroad-rcx/nom/fft_ctrl_tlul.nom.spef line 828775, net ANTENNA_u_fft_top.memory_interface_inst.u_fft_mem.u_bank1_DO\[10\] not found.
[STA-1650] /home/ovs/vyges-test/vyges-edge-sensor-soc/openlane/fft_ctrl_tlul/runs/26_04_20_00_38/52-openroad-rcx/nom/fft_ctrl_tlul.nom.spef line 828778, net ANTENNA_u_fft_top.memory_interface_inst.u_fft_mem.u_bank1_DO\[10\] not found.
[STA-1650] /home/ovs/vyges-test/vyges-edge-sensor-soc/openlane/fft_ctrl_tlul/runs/26_04_20_00_38/52-openroad-rcx/nom/fft_ctrl_tlul.nom.spef line 828786, net ANTENNA_u_fft_top.memory_interface_inst.u_fft_mem.u_bank1_DO\[10\] not found.
[STA-1650] /home/ovs/vyges-test/vyges-edge-sensor-soc/openlane/fft_ctrl_tlul/runs/26_04_20_00_38/52-openroad-rcx/nom/fft_ctrl_tlul.nom.spef line 828801, net ANTENNA_u_fft_top.memory_interface_inst.u_fft_mem.u_bank1_DO\[10\] not found.
[STA-1650] /home/ovs/vyges-test/vyges-edge-sensor-soc/openlane/fft_ctrl_tlul/runs/26_04_20_00_38/52-openroad-rcx/nom/fft_ctrl_tlul.nom.spef line 828802, net ANTENNA_u_fft_top.memory_interface_inst.u_fft_mem.u_bank1_DO\[10\] not found.
[STA-1650] /home/ovs/vyges-test/vyges-edge-sensor-soc/openlane/fft_ctrl_tlul/runs/26_04_20_00_38/52-openroad-rcx/nom/fft_ctrl_tlul.nom.spef line 828813, net ANTENNA_u_fft_top.memory_interface_inst.u_fft_mem.u_bank1_DO\[10\] not found.
[STA-1648] /home/ovs/vyges-test/vyges-edge-sensor-soc/openlane/fft_ctrl_tlul/runs/26_04_20_00_38/52-openroad-rcx/nom/fft_ctrl_tlul.nom.spef line 828912, instance ANTENNA_u_fft_top.memory_interface_inst.u_fft_mem.u_bank1_DO\[16\] not found.
[STA-1650] /home/ovs/vyges-test/vyges-edge-sensor-soc/openlane/fft_ctrl_tlul/runs/26_04_20_00_38/52-openroad-rcx/nom/fft_ctrl_tlul.nom.spef line 828918, net ANTENNA_u_fft_top.memory_interface_inst.u_fft_mem.u_bank1_DO\[16\] not found.
[STA-1650] /home/ovs/vyges-test/vyges-edge-sensor-soc/openlane/fft_ctrl_tlul/runs/26_04_20_00_38/52-openroad-rcx/nom/fft_ctrl_tlul.nom.spef line 828962, net ANTENNA_u_fft_top.memory_interface_inst.u_fft_mem.u_bank1_DO\[16\] not found.
[STA-1648] /home/ovs/vyges-test/vyges-edge-sensor-soc/openlane/fft_ctrl_tlul/runs/26_04_20_00_38/52-openroad-rcx/nom/fft_ctrl_tlul.nom.spef line 828966, instance ANTENNA_u_fft_top.memory_interface_inst.u_fft_mem.u_bank1_DO\[17\] not found.
[STA-1650] /home/ovs/vyges-test/vyges-edge-sensor-soc/openlane/fft_ctrl_tlul/runs/26_04_20_00_38/52-openroad-rcx/nom/fft_ctrl_tlul.nom.spef line 828972, net ANTENNA_u_fft_top.memory_interface_inst.u_fft_mem.u_bank1_DO\[17\] not found.
[STA-1650] /home/ovs/vyges-test/vyges-edge-sensor-soc/openlane/fft_ctrl_tlul/runs/26_04_20_00_38/52-openroad-rcx/nom/fft_ctrl_tlul.nom.spef line 829015, net ANTENNA_u_fft_top.memory_interface_inst.u_fft_mem.u_bank1_DO\[17\] not found.
[STA-1648] /home/ovs/vyges-test/vyges-edge-sensor-soc/openlane/fft_ctrl_tlul/runs/26_04_20_00_38/52-openroad-rcx/nom/fft_ctrl_tlul.nom.spef line 829021, instance ANTENNA_u_fft_top.memory_interface_inst.u_fft_mem.u_bank1_DO\[18\] not found.
[STA-1650] /home/ovs/vyges-test/vyges-edge-sensor-soc/openlane/fft_ctrl_tlul/runs/26_04_20_00_38/52-openroad-rcx/nom/fft_ctrl_tlul.nom.spef line 829027, net ANTENNA_u_fft_top.memory_interface_inst.u_fft_mem.u_bank1_DO\[18\] not found.
[STA-1650] /home/ovs/vyges-test/vyges-edge-sensor-soc/openlane/fft_ctrl_tlul/runs/26_04_20_00_38/52-openroad-rcx/nom/fft_ctrl_tlul.nom.spef line 829038, net ANTENNA_u_fft_top.memory_interface_inst.u_fft_mem.u_bank1_DO\[20\] not found.
[STA-1650] /home/ovs/vyges-test/vyges-edge-sensor-soc/openlane/fft_ctrl_tlul/runs/26_04_20_00_38/52-openroad-rcx/nom/fft_ctrl_tlul.nom.spef line 829051, net ANTENNA_u_fft_top.memory_interface_inst.u_fft_mem.u_bank1_DI\[22\] not found.
[STA-1650] /home/ovs/vyges-test/vyges-edge-sensor-soc/openlane/fft_ctrl_tlul/runs/26_04_20_00_38/52-openroad-rcx/nom/fft_ctrl_tlul.nom.spef line 829131, net ANTENNA_u_fft_top.memory_interface_inst.u_fft_mem.u_bank1_DO\[18\] not found.
[STA-1648] /home/ovs/vyges-test/vyges-edge-sensor-soc/openlane/fft_ctrl_tlul/runs/26_04_20_00_38/52-openroad-rcx/nom/fft_ctrl_tlul.nom.spef line 829145, instance ANTENNA_u_fft_top.memory_interface_inst.u_fft_mem.u_bank1_DO\[19\] not found.
[STA-1650] /home/ovs/vyges-test/vyges-edge-sensor-soc/openlane/fft_ctrl_tlul/runs/26_04_20_00_38/52-openroad-rcx/nom/fft_ctrl_tlul.nom.spef line 829151, net ANTENNA_u_fft_top.memory_interface_inst.u_fft_mem.u_bank1_DO\[19\] not found.
[STA-1650] /home/ovs/vyges-test/vyges-edge-sensor-soc/openlane/fft_ctrl_tlul/runs/26_04_20_00_38/52-openroad-rcx/nom/fft_ctrl_tlul.nom.spef line 829179, net ANTENNA_u_fft_top.memory_interface_inst.u_fft_mem.u_bank1_DO\[19\] not found.
[STA-1648] /home/ovs/vyges-test/vyges-edge-sensor-soc/openlane/fft_ctrl_tlul/runs/26_04_20_00_38/52-openroad-rcx/nom/fft_ctrl_tlul.nom.spef line 829203, instance ANTENNA_u_fft_top.memory_interface_inst.u_fft_mem.u_bank1_DO\[20\] not found.
[STA-1650] /home/ovs/vyges-test/vyges-edge-sensor-soc/openlane/fft_ctrl_tlul/runs/26_04_20_00_38/52-openroad-rcx/nom/fft_ctrl_tlul.nom.spef line 829209, net ANTENNA_u_fft_top.memory_interface_inst.u_fft_mem.u_bank1_DO\[20\] not found.
[STA-1650] /home/ovs/vyges-test/vyges-edge-sensor-soc/openlane/fft_ctrl_tlul/runs/26_04_20_00_38/52-openroad-rcx/nom/fft_ctrl_tlul.nom.spef line 829215, net ANTENNA_u_fft_top.memory_interface_inst.u_fft_mem.u_bank0_DI\[20\] not found.
[STA-1650] /home/ovs/vyges-test/vyges-edge-sensor-soc/openlane/fft_ctrl_tlul/runs/26_04_20_00_38/52-openroad-rcx/nom/fft_ctrl_tlul.nom.spef line 829232, net ANTENNA_u_fft_top.memory_interface_inst.u_fft_mem.u_bank1_DO\[20\] not found.
[STA-1650] /home/ovs/vyges-test/vyges-edge-sensor-soc/openlane/fft_ctrl_tlul/runs/26_04_20_00_38/52-openroad-rcx/nom/fft_ctrl_tlul.nom.spef line 829237, net ANTENNA_u_fft_top.memory_interface_inst.u_fft_mem.u_bank1_DO\[20\] not found.
[STA-1648] /home/ovs/vyges-test/vyges-edge-sensor-soc/openlane/fft_ctrl_tlul/runs/26_04_20_00_38/52-openroad-rcx/nom/fft_ctrl_tlul.nom.spef line 829246, instance ANTENNA_u_fft_top.memory_interface_inst.u_fft_mem.u_bank1_DO\[21\] not found.
[STA-1650] /home/ovs/vyges-test/vyges-edge-sensor-soc/openlane/fft_ctrl_tlul/runs/26_04_20_00_38/52-openroad-rcx/nom/fft_ctrl_tlul.nom.spef line 829252, net ANTENNA_u_fft_top.memory_interface_inst.u_fft_mem.u_bank1_DO\[21\] not found.
[STA-1650] /home/ovs/vyges-test/vyges-edge-sensor-soc/openlane/fft_ctrl_tlul/runs/26_04_20_00_38/52-openroad-rcx/nom/fft_ctrl_tlul.nom.spef line 829262, net ANTENNA_u_fft_top.memory_interface_inst.u_fft_mem.u_bank0_DI\[21\] not found.
[STA-1650] /home/ovs/vyges-test/vyges-edge-sensor-soc/openlane/fft_ctrl_tlul/runs/26_04_20_00_38/52-openroad-rcx/nom/fft_ctrl_tlul.nom.spef line 829290, net ANTENNA_u_fft_top.memory_interface_inst.u_fft_mem.u_bank1_DO\[21\] not found.
[STA-1648] /home/ovs/vyges-test/vyges-edge-sensor-soc/openlane/fft_ctrl_tlul/runs/26_04_20_00_38/52-openroad-rcx/nom/fft_ctrl_tlul.nom.spef line 829294, instance ANTENNA_u_fft_top.memory_interface_inst.u_fft_mem.u_bank1_DO\[22\] not found.
[STA-1650] /home/ovs/vyges-test/vyges-edge-sensor-soc/openlane/fft_ctrl_tlul/runs/26_04_20_00_38/52-openroad-rcx/nom/fft_ctrl_tlul.nom.spef line 829300, net ANTENNA_u_fft_top.memory_interface_inst.u_fft_mem.u_bank1_DO\[22\] not found.
[STA-1650] /home/ovs/vyges-test/vyges-edge-sensor-soc/openlane/fft_ctrl_tlul/runs/26_04_20_00_38/52-openroad-rcx/nom/fft_ctrl_tlul.nom.spef line 829326, net ANTENNA_u_fft_top.memory_interface_inst.u_fft_mem.u_bank1_DO\[22\] not found.
[STA-1648] /home/ovs/vyges-test/vyges-edge-sensor-soc/openlane/fft_ctrl_tlul/runs/26_04_20_00_38/52-openroad-rcx/nom/fft_ctrl_tlul.nom.spef line 829332, instance ANTENNA_u_fft_top.memory_interface_inst.u_fft_mem.u_bank1_DO\[23\] not found.
[STA-1650] /home/ovs/vyges-test/vyges-edge-sensor-soc/openlane/fft_ctrl_tlul/runs/26_04_20_00_38/52-openroad-rcx/nom/fft_ctrl_tlul.nom.spef line 829338, net ANTENNA_u_fft_top.memory_interface_inst.u_fft_mem.u_bank1_DO\[23\] not found.
[STA-1650] /home/ovs/vyges-test/vyges-edge-sensor-soc/openlane/fft_ctrl_tlul/runs/26_04_20_00_38/52-openroad-rcx/nom/fft_ctrl_tlul.nom.spef line 829403, net ANTENNA_u_fft_top.memory_interface_inst.u_fft_mem.u_bank1_DO\[23\] not found.
[STA-1648] /home/ovs/vyges-test/vyges-edge-sensor-soc/openlane/fft_ctrl_tlul/runs/26_04_20_00_38/52-openroad-rcx/nom/fft_ctrl_tlul.nom.spef line 829702, instance ANTENNA_u_fft_top.memory_interface_inst.u_fft_mem.u_bank1_DO\[7\] not found.
[STA-1650] /home/ovs/vyges-test/vyges-edge-sensor-soc/openlane/fft_ctrl_tlul/runs/26_04_20_00_38/52-openroad-rcx/nom/fft_ctrl_tlul.nom.spef line 829708, net ANTENNA_u_fft_top.memory_interface_inst.u_fft_mem.u_bank1_DO\[7\] not found.
[STA-1650] /home/ovs/vyges-test/vyges-edge-sensor-soc/openlane/fft_ctrl_tlul/runs/26_04_20_00_38/52-openroad-rcx/nom/fft_ctrl_tlul.nom.spef line 829743, net ANTENNA_u_fft_top.memory_interface_inst.u_fft_mem.u_bank1_DO\[7\] not found.
[STA-1650] /home/ovs/vyges-test/vyges-edge-sensor-soc/openlane/fft_ctrl_tlul/runs/26_04_20_00_38/52-openroad-rcx/nom/fft_ctrl_tlul.nom.spef line 829761, net ANTENNA_u_fft_top.memory_interface_inst.u_fft_mem.u_bank1_DO\[7\] not found.
[STA-1648] /home/ovs/vyges-test/vyges-edge-sensor-soc/openlane/fft_ctrl_tlul/runs/26_04_20_00_38/52-openroad-rcx/nom/fft_ctrl_tlul.nom.spef line 829765, instance ANTENNA_u_fft_top.memory_interface_inst.u_fft_mem.u_bank1_DO\[8\] not found.
[STA-1650] /home/ovs/vyges-test/vyges-edge-sensor-soc/openlane/fft_ctrl_tlul/runs/26_04_20_00_38/52-openroad-rcx/nom/fft_ctrl_tlul.nom.spef line 829771, net ANTENNA_u_fft_top.memory_interface_inst.u_fft_mem.u_bank1_DO\[8\] not found.
[STA-1650] /home/ovs/vyges-test/vyges-edge-sensor-soc/openlane/fft_ctrl_tlul/runs/26_04_20_00_38/52-openroad-rcx/nom/fft_ctrl_tlul.nom.spef line 829823, net ANTENNA_u_fft_top.memory_interface_inst.u_fft_mem.u_bank1_DO\[8\] not found.
[STA-1648] /home/ovs/vyges-test/vyges-edge-sensor-soc/openlane/fft_ctrl_tlul/runs/26_04_20_00_38/52-openroad-rcx/nom/fft_ctrl_tlul.nom.spef line 829827, instance ANTENNA_u_fft_top.memory_interface_inst.u_fft_mem.u_bank1_DO\[9\] not found.
[STA-1650] /home/ovs/vyges-test/vyges-edge-sensor-soc/openlane/fft_ctrl_tlul/runs/26_04_20_00_38/52-openroad-rcx/nom/fft_ctrl_tlul.nom.spef line 829833, net ANTENNA_u_fft_top.memory_interface_inst.u_fft_mem.u_bank1_DO\[9\] not found.
[STA-1650] /home/ovs/vyges-test/vyges-edge-sensor-soc/openlane/fft_ctrl_tlul/runs/26_04_20_00_38/52-openroad-rcx/nom/fft_ctrl_tlul.nom.spef line 829894, net ANTENNA_u_fft_top.memory_interface_inst.u_fft_mem.u_bank1_DO\[9\] not found.
[INFO PSM-0040] All shapes on net VPWR are connected.
########## IR report #################
Net              : VPWR
Corner           : nom_tt_025C_1v80
Supply voltage   : 1.80e+00 V
Worstcase voltage: 1.80e+00 V
Average voltage  : 1.80e+00 V
Average IR drop  : 2.78e-06 V
Worstcase IR drop: 3.09e-04 V
Percentage drop  : 0.02 %
######################################
[INFO PSM-0040] All shapes on net VGND are connected.
########## IR report #################
Net              : VGND
Corner           : nom_tt_025C_1v80
Supply voltage   : 0.00e+00 V
Worstcase voltage: 3.06e-04 V
Average voltage  : 2.78e-06 V
Average IR drop  : 2.78e-06 V
Worstcase IR drop: 3.06e-04 V
Percentage drop  : 0.02 %
######################################

Running 'Magic.StreamOut' at 'fft_ctrl_tlul/runs/26_04_20_00_38/55-magic-streamout'…
Logging subprocess to [repr.filename]'fft_ctrl_tlul/runs/26_04_20_00_38/55-magic-streamout/magic-streamout.log'[/repr.filename]…
Running 'KLayout.StreamOut' at 'fft_ctrl_tlul/runs/26_04_20_00_38/56-klayout-streamout'…
Logging subprocess to [repr.filename]'fft_ctrl_tlul/runs/26_04_20_00_38/56-klayout-streamout/klayout-streamout.log'[/repr.filename]…
Running 'Magic.WriteLEF' at 'fft_ctrl_tlul/runs/26_04_20_00_38/57-magic-writelef'…
Logging subprocess to [repr.filename]'fft_ctrl_tlul/runs/26_04_20_00_38/57-magic-writelef/magic-writelef.log'[/repr.filename]…
Running 'Odb.CheckDesignAntennaProperties' at 'fft_ctrl_tlul/runs/26_04_20_00_38/58-odb-checkdesignantennaproperties'…
Logging subprocess to [repr.filename]'fft_ctrl_tlul/runs/26_04_20_00_38/58-odb-checkdesignantennaproperties/odb-checkdesignantennaproperties.log'[/repr.filename]…
Cell 'fft_ctrl_tlul' has (48) input pin(s) without antenna gate information. They might not be connected to a gate.
Cell 'fft_ctrl_tlul' has (21) output pin(s) without antenna diffusion information. They might not be driven.
Running 'KLayout.XOR' at 'fft_ctrl_tlul/runs/26_04_20_00_38/59-klayout-xor'…
Running XOR with 88 threads…
Logging subprocess to [repr.filename]'fft_ctrl_tlul/runs/26_04_20_00_38/59-klayout-xor/klayout-xor.log'[/repr.filename]…
Running 'Checker.XOR' at 'fft_ctrl_tlul/runs/26_04_20_00_38/60-checker-xor'…
Check for XOR differences clear.
Running 'Magic.DRC' at 'fft_ctrl_tlul/runs/26_04_20_00_38/61-magic-drc'…
Logging subprocess to [repr.filename]'fft_ctrl_tlul/runs/26_04_20_00_38/61-magic-drc/magic-drc.log'[/repr.filename]…
Error while reading cell "CF_SRAM_1024x32_macro" (byte position 99106): Unknown layer/datatype in boundary, layer=67 type=10

Error while reading cell "CF_SRAM_1024x32_macro" (byte position 99170): Unknown layer/datatype in boundary, layer=68 type=10

Error while reading cell "CF_SRAM_1024x32_macro" (byte position 99234): Unknown layer/datatype in boundary, layer=69 type=10

Running 'KLayout.DRC' at 'fft_ctrl_tlul/runs/26_04_20_00_38/62-klayout-drc'…
Running KLayout DRC with 88 threads…
Logging subprocess to [repr.filename]'fft_ctrl_tlul/runs/26_04_20_00_38/62-klayout-drc/klayout-drc.log'[/repr.filename]…
Logging subprocess to [repr.filename]'fft_ctrl_tlul/runs/26_04_20_00_38/62-klayout-drc/xml_drc_report_to_json.log'[/repr.filename]…
Running 'Checker.MagicDRC' at 'fft_ctrl_tlul/runs/26_04_20_00_38/63-checker-magicdrc'…
364 Magic DRC errors found.
Running 'Checker.KLayoutDRC' at 'fft_ctrl_tlul/runs/26_04_20_00_38/64-checker-klayoutdrc'…
Check for KLayout DRC errors clear.
Running 'Magic.SpiceExtraction' at 'fft_ctrl_tlul/runs/26_04_20_00_38/65-magic-spiceextraction'…
Logging subprocess to [repr.filename]'fft_ctrl_tlul/runs/26_04_20_00_38/65-magic-spiceextraction/magic-spiceextraction.log'[/repr.filename]…
Running 'Checker.IllegalOverlap' at 'fft_ctrl_tlul/runs/26_04_20_00_38/66-checker-illegaloverlap'…
Check for Magic Illegal Overlap errors clear.
Running 'Netgen.LVS' at 'fft_ctrl_tlul/runs/26_04_20_00_38/67-netgen-lvs'…
Logging subprocess to [repr.filename]'fft_ctrl_tlul/runs/26_04_20_00_38/67-netgen-lvs/netgen-lvs.log'[/repr.filename]…
Running 'Checker.LVS' at 'fft_ctrl_tlul/runs/26_04_20_00_38/68-checker-lvs'…
42 LVS errors found.
Gating variable for step 'Yosys.EQY' set to 'False'- the step will be skipped.
Skipping step 'Equivalence Check'…
Running 'Checker.SetupViolations' at 'fft_ctrl_tlul/runs/26_04_20_00_38/69-checker-setupviolations'…
Setup violations found in the following corners:
* max_ss_100C_1v60
* min_ss_100C_1v60
* nom_ss_100C_1v60
No setup violations found
Running 'Checker.HoldViolations' at 'fft_ctrl_tlul/runs/26_04_20_00_38/70-checker-holdviolations'…
No hold violations found
Running 'Checker.MaxSlewViolations' at 'fft_ctrl_tlul/runs/26_04_20_00_38/71-checker-maxslewviolations'…
Max Slew violations found in the following corners:
* max_ss_100C_1v60
* max_tt_025C_1v80
* min_ss_100C_1v60
* min_tt_025C_1v80
* nom_ss_100C_1v60
* nom_tt_025C_1v80
No max slew violations found
Running 'Checker.MaxCapViolations' at 'fft_ctrl_tlul/runs/26_04_20_00_38/72-checker-maxcapviolations'…
Max Cap violations found in the following corners:
* max_ff_n40C_1v95
* max_ss_100C_1v60
* max_tt_025C_1v80
* min_ff_n40C_1v95
* min_ss_100C_1v60
* min_tt_025C_1v80
* nom_ff_n40C_1v95
* nom_ss_100C_1v60
* nom_tt_025C_1v80
No max cap violations found
Running 'Misc.ReportManufacturability' at 'fft_ctrl_tlul/runs/26_04_20_00_38/73-misc-reportmanufacturability'…
Saving views to '/home/ovs/vyges-test/vyges-edge-sensor-soc/openlane/fft_ctrl_tlul/runs/26_04_20_00_38/final'…
Flow complete.
