ISO-10303-21;
HEADER;
FILE_DESCRIPTION(('KiCad electronic assembly'),'2;1');
FILE_NAME('caravel-mvp.step','2026-04-12T05:25:04',('Pcbnew'),('Kicad'),
  'Open CASCADE STEP processor 7.6','KiCad to STEP converter','Unknown'
  );
FILE_SCHEMA(('AUTOMOTIVE_DESIGN { 1 0 10303 214 1 1 1 1 }'));
ENDSEC;
DATA;
#1 = APPLICATION_PROTOCOL_DEFINITION('international standard',
  'automotive_design',2000,#2);
#2 = APPLICATION_CONTEXT(
  'core data for automotive mechanical design processes');
#3 = SHAPE_DEFINITION_REPRESENTATION(#4,#10);
#4 = PRODUCT_DEFINITION_SHAPE('','',#5);
#5 = PRODUCT_DEFINITION('design','',#6,#9);
#6 = PRODUCT_DEFINITION_FORMATION('','',#7);
#7 = PRODUCT('caravel-mvp 1','caravel-mvp 1','',(#8));
#8 = PRODUCT_CONTEXT('',#2,'mechanical');
#9 = PRODUCT_DEFINITION_CONTEXT('part definition',#2,'design');
#10 = SHAPE_REPRESENTATION('',(#11,#15),#19);
#11 = AXIS2_PLACEMENT_3D('',#12,#13,#14);
#12 = CARTESIAN_POINT('',(0.,0.,0.));
#13 = DIRECTION('',(0.,0.,1.));
#14 = DIRECTION('',(1.,0.,-0.));
#15 = AXIS2_PLACEMENT_3D('',#16,#17,#18);
#16 = CARTESIAN_POINT('',(0.,0.,0.));
#17 = DIRECTION('',(0.,0.,1.));
#18 = DIRECTION('',(1.,0.,-0.));
#19 = ( GEOMETRIC_REPRESENTATION_CONTEXT(3) 
GLOBAL_UNCERTAINTY_ASSIGNED_CONTEXT((#23)) GLOBAL_UNIT_ASSIGNED_CONTEXT(
(#20,#21,#22)) REPRESENTATION_CONTEXT('Context #1',
  '3D Context with UNIT and UNCERTAINTY') );
#20 = ( LENGTH_UNIT() NAMED_UNIT(*) SI_UNIT(.MILLI.,.METRE.) );
#21 = ( NAMED_UNIT(*) PLANE_ANGLE_UNIT() SI_UNIT($,.RADIAN.) );
#22 = ( NAMED_UNIT(*) SI_UNIT($,.STERADIAN.) SOLID_ANGLE_UNIT() );
#23 = UNCERTAINTY_MEASURE_WITH_UNIT(LENGTH_MEASURE(2.E-05),#20,
  'distance_accuracy_value','confusion accuracy');
#24 = PRODUCT_RELATED_PRODUCT_CATEGORY('part',$,(#7));
#25 = SHAPE_DEFINITION_REPRESENTATION(#26,#32);
#26 = PRODUCT_DEFINITION_SHAPE('','',#27);
#27 = PRODUCT_DEFINITION('design','',#28,#31);
#28 = PRODUCT_DEFINITION_FORMATION('','',#29);
#29 = PRODUCT('caravel-mvp_PCB','caravel-mvp_PCB','',(#30));
#30 = PRODUCT_CONTEXT('',#2,'mechanical');
#31 = PRODUCT_DEFINITION_CONTEXT('part definition',#2,'design');
#32 = ADVANCED_BREP_SHAPE_REPRESENTATION('',(#11,#33),#3457);
#33 = MANIFOLD_SOLID_BREP('',#34);
#34 = CLOSED_SHELL('',(#35,#77,#108,#139,#1061,#1983,#2000,#2017,#2034,
    #2051,#2063,#2080,#2097,#2114,#2131,#2148,#2165,#2182,#2199,#2216,
    #2233,#2250,#2267,#2284,#2301,#2318,#2335,#2352,#2369,#2386,#2403,
    #2420,#2437,#2454,#2471,#2488,#2505,#2522,#2539,#2556,#2573,#2590,
    #2607,#2624,#2641,#2658,#2675,#2692,#2709,#2726,#2743,#2760,#2777,
    #2794,#2811,#2833,#2850,#2867,#2879,#2901,#2918,#2935,#2947,#2964,
    #2981,#3003,#3020,#3037,#3049,#3071,#3088,#3105,#3117,#3134,#3151,
    #3168,#3185,#3202,#3219,#3236,#3253,#3270,#3287,#3304,#3321,#3338,
    #3355,#3372,#3389,#3406,#3423,#3440));
#35 = ADVANCED_FACE('',(#36),#72,.T.);
#36 = FACE_BOUND('',#37,.T.);
#37 = EDGE_LOOP('',(#38,#48,#57,#65));
#38 = ORIENTED_EDGE('',*,*,#39,.T.);
#39 = EDGE_CURVE('',#40,#42,#44,.T.);
#40 = VERTEX_POINT('',#41);
#41 = CARTESIAN_POINT('',(127.,-25.,0.));
#42 = VERTEX_POINT('',#43);
#43 = CARTESIAN_POINT('',(127.,-25.,1.6));
#44 = LINE('',#45,#46);
#45 = CARTESIAN_POINT('',(127.,-25.,0.));
#46 = VECTOR('',#47,1.);
#47 = DIRECTION('',(0.,0.,1.));
#48 = ORIENTED_EDGE('',*,*,#49,.T.);
#49 = EDGE_CURVE('',#42,#50,#52,.T.);
#50 = VERTEX_POINT('',#51);
#51 = CARTESIAN_POINT('',(128.,-26.,1.6));
#52 = CIRCLE('',#53,0.999999252925);
#53 = AXIS2_PLACEMENT_3D('',#54,#55,#56);
#54 = CARTESIAN_POINT('',(127.00000074707,-25.99999925292,1.6));
#55 = DIRECTION('',(0.,0.,-1.));
#56 = DIRECTION('',(-7.470757349539E-07,1.,0.));
#57 = ORIENTED_EDGE('',*,*,#58,.F.);
#58 = EDGE_CURVE('',#59,#50,#61,.T.);
#59 = VERTEX_POINT('',#60);
#60 = CARTESIAN_POINT('',(128.,-26.,0.));
#61 = LINE('',#62,#63);
#62 = CARTESIAN_POINT('',(128.,-26.,0.));
#63 = VECTOR('',#64,1.);
#64 = DIRECTION('',(0.,0.,1.));
#65 = ORIENTED_EDGE('',*,*,#66,.F.);
#66 = EDGE_CURVE('',#40,#59,#67,.T.);
#67 = CIRCLE('',#68,0.999999252925);
#68 = AXIS2_PLACEMENT_3D('',#69,#70,#71);
#69 = CARTESIAN_POINT('',(127.00000074707,-25.99999925292,0.));
#70 = DIRECTION('',(0.,0.,-1.));
#71 = DIRECTION('',(-7.470757349539E-07,1.,0.));
#72 = CYLINDRICAL_SURFACE('',#73,0.999999252925);
#73 = AXIS2_PLACEMENT_3D('',#74,#75,#76);
#74 = CARTESIAN_POINT('',(127.00000074707,-25.99999925292,0.));
#75 = DIRECTION('',(0.,0.,-1.));
#76 = DIRECTION('',(-7.470757349539E-07,1.,0.));
#77 = ADVANCED_FACE('',(#78),#103,.T.);
#78 = FACE_BOUND('',#79,.T.);
#79 = EDGE_LOOP('',(#80,#90,#96,#97));
#80 = ORIENTED_EDGE('',*,*,#81,.T.);
#81 = EDGE_CURVE('',#82,#84,#86,.T.);
#82 = VERTEX_POINT('',#83);
#83 = CARTESIAN_POINT('',(90.,-25.,0.));
#84 = VERTEX_POINT('',#85);
#85 = CARTESIAN_POINT('',(90.,-25.,1.6));
#86 = LINE('',#87,#88);
#87 = CARTESIAN_POINT('',(90.,-25.,0.));
#88 = VECTOR('',#89,1.);
#89 = DIRECTION('',(0.,0.,1.));
#90 = ORIENTED_EDGE('',*,*,#91,.T.);
#91 = EDGE_CURVE('',#84,#42,#92,.T.);
#92 = LINE('',#93,#94);
#93 = CARTESIAN_POINT('',(90.,-25.,1.6));
#94 = VECTOR('',#95,1.);
#95 = DIRECTION('',(1.,0.,0.));
#96 = ORIENTED_EDGE('',*,*,#39,.F.);
#97 = ORIENTED_EDGE('',*,*,#98,.F.);
#98 = EDGE_CURVE('',#82,#40,#99,.T.);
#99 = LINE('',#100,#101);
#100 = CARTESIAN_POINT('',(90.,-25.,0.));
#101 = VECTOR('',#102,1.);
#102 = DIRECTION('',(1.,0.,0.));
#103 = PLANE('',#104);
#104 = AXIS2_PLACEMENT_3D('',#105,#106,#107);
#105 = CARTESIAN_POINT('',(90.,-25.,0.));
#106 = DIRECTION('',(0.,1.,0.));
#107 = DIRECTION('',(1.,0.,0.));
#108 = ADVANCED_FACE('',(#109),#134,.T.);
#109 = FACE_BOUND('',#110,.T.);
#110 = EDGE_LOOP('',(#111,#112,#120,#128));
#111 = ORIENTED_EDGE('',*,*,#58,.T.);
#112 = ORIENTED_EDGE('',*,*,#113,.T.);
#113 = EDGE_CURVE('',#50,#114,#116,.T.);
#114 = VERTEX_POINT('',#115);
#115 = CARTESIAN_POINT('',(128.,-78.,1.6));
#116 = LINE('',#117,#118);
#117 = CARTESIAN_POINT('',(128.,-26.,1.6));
#118 = VECTOR('',#119,1.);
#119 = DIRECTION('',(0.,-1.,0.));
#120 = ORIENTED_EDGE('',*,*,#121,.F.);
#121 = EDGE_CURVE('',#122,#114,#124,.T.);
#122 = VERTEX_POINT('',#123);
#123 = CARTESIAN_POINT('',(128.,-78.,0.));
#124 = LINE('',#125,#126);
#125 = CARTESIAN_POINT('',(128.,-78.,0.));
#126 = VECTOR('',#127,1.);
#127 = DIRECTION('',(0.,0.,1.));
#128 = ORIENTED_EDGE('',*,*,#129,.F.);
#129 = EDGE_CURVE('',#59,#122,#130,.T.);
#130 = LINE('',#131,#132);
#131 = CARTESIAN_POINT('',(128.,-26.,0.));
#132 = VECTOR('',#133,1.);
#133 = DIRECTION('',(0.,-1.,0.));
#134 = PLANE('',#135);
#135 = AXIS2_PLACEMENT_3D('',#136,#137,#138);
#136 = CARTESIAN_POINT('',(128.,-26.,0.));
#137 = DIRECTION('',(1.,0.,-0.));
#138 = DIRECTION('',(0.,-1.,0.));
#139 = ADVANCED_FACE('',(#140,#186,#197,#208,#219,#230,#241,#252,#263,
    #274,#285,#296,#307,#318,#329,#340,#351,#362,#373,#384,#395,#406,
    #417,#428,#439,#450,#461,#472,#483,#494,#505,#516,#527,#538,#549,
    #560,#571,#582,#593,#604,#615,#626,#637,#648,#659,#670,#706,#742,
    #753,#764,#800,#836,#847,#858,#869,#880,#891,#902,#913,#924,#935,
    #946,#957,#968,#979,#990,#1001,#1012,#1023,#1034,#1045),#1056,.F.);
#140 = FACE_BOUND('',#141,.F.);
#141 = EDGE_LOOP('',(#142,#143,#144,#153,#161,#170,#178,#185));
#142 = ORIENTED_EDGE('',*,*,#66,.F.);
#143 = ORIENTED_EDGE('',*,*,#98,.F.);
#144 = ORIENTED_EDGE('',*,*,#145,.F.);
#145 = EDGE_CURVE('',#146,#82,#148,.T.);
#146 = VERTEX_POINT('',#147);
#147 = CARTESIAN_POINT('',(89.,-26.,0.));
#148 = CIRCLE('',#149,0.999999252925);
#149 = AXIS2_PLACEMENT_3D('',#150,#151,#152);
#150 = CARTESIAN_POINT('',(89.999999252925,-25.99999925292,0.));
#151 = DIRECTION('',(0.,0.,-1.));
#152 = DIRECTION('',(-1.,-7.470757314012E-07,-0.));
#153 = ORIENTED_EDGE('',*,*,#154,.F.);
#154 = EDGE_CURVE('',#155,#146,#157,.T.);
#155 = VERTEX_POINT('',#156);
#156 = CARTESIAN_POINT('',(89.,-78.,0.));
#157 = LINE('',#158,#159);
#158 = CARTESIAN_POINT('',(89.,-78.,0.));
#159 = VECTOR('',#160,1.);
#160 = DIRECTION('',(0.,1.,0.));
#161 = ORIENTED_EDGE('',*,*,#162,.F.);
#162 = EDGE_CURVE('',#163,#155,#165,.T.);
#163 = VERTEX_POINT('',#164);
#164 = CARTESIAN_POINT('',(90.,-79.,0.));
#165 = CIRCLE('',#166,0.999999252925);
#166 = AXIS2_PLACEMENT_3D('',#167,#168,#169);
#167 = CARTESIAN_POINT('',(89.999999252925,-78.00000074707,0.));
#168 = DIRECTION('',(0.,0.,-1.));
#169 = DIRECTION('',(7.47075720743E-07,-1.,0.));
#170 = ORIENTED_EDGE('',*,*,#171,.F.);
#171 = EDGE_CURVE('',#172,#163,#174,.T.);
#172 = VERTEX_POINT('',#173);
#173 = CARTESIAN_POINT('',(127.,-79.,0.));
#174 = LINE('',#175,#176);
#175 = CARTESIAN_POINT('',(127.,-79.,0.));
#176 = VECTOR('',#177,1.);
#177 = DIRECTION('',(-1.,0.,0.));
#178 = ORIENTED_EDGE('',*,*,#179,.F.);
#179 = EDGE_CURVE('',#122,#172,#180,.T.);
#180 = CIRCLE('',#181,0.999999252925);
#181 = AXIS2_PLACEMENT_3D('',#182,#183,#184);
#182 = CARTESIAN_POINT('',(127.00000074707,-78.00000074707,0.));
#183 = DIRECTION('',(0.,0.,-1.));
#184 = DIRECTION('',(1.,7.47075720743E-07,0.));
#185 = ORIENTED_EDGE('',*,*,#129,.F.);
#186 = FACE_BOUND('',#187,.F.);
#187 = EDGE_LOOP('',(#188));
#188 = ORIENTED_EDGE('',*,*,#189,.T.);
#189 = EDGE_CURVE('',#190,#190,#192,.T.);
#190 = VERTEX_POINT('',#191);
#191 = CARTESIAN_POINT('',(92.,-77.5,0.));
#192 = CIRCLE('',#193,0.5);
#193 = AXIS2_PLACEMENT_3D('',#194,#195,#196);
#194 = CARTESIAN_POINT('',(92.,-77.,0.));
#195 = DIRECTION('',(-0.,0.,-1.));
#196 = DIRECTION('',(-0.,-1.,0.));
#197 = FACE_BOUND('',#198,.F.);
#198 = EDGE_LOOP('',(#199));
#199 = ORIENTED_EDGE('',*,*,#200,.T.);
#200 = EDGE_CURVE('',#201,#201,#203,.T.);
#201 = VERTEX_POINT('',#202);
#202 = CARTESIAN_POINT('',(92.,-74.96,0.));
#203 = CIRCLE('',#204,0.5);
#204 = AXIS2_PLACEMENT_3D('',#205,#206,#207);
#205 = CARTESIAN_POINT('',(92.,-74.46,0.));
#206 = DIRECTION('',(-0.,0.,-1.));
#207 = DIRECTION('',(-0.,-1.,0.));
#208 = FACE_BOUND('',#209,.F.);
#209 = EDGE_LOOP('',(#210));
#210 = ORIENTED_EDGE('',*,*,#211,.T.);
#211 = EDGE_CURVE('',#212,#212,#214,.T.);
#212 = VERTEX_POINT('',#213);
#213 = CARTESIAN_POINT('',(94.54,-77.5,0.));
#214 = CIRCLE('',#215,0.5);
#215 = AXIS2_PLACEMENT_3D('',#216,#217,#218);
#216 = CARTESIAN_POINT('',(94.54,-77.,0.));
#217 = DIRECTION('',(-0.,0.,-1.));
#218 = DIRECTION('',(-0.,-1.,0.));
#219 = FACE_BOUND('',#220,.F.);
#220 = EDGE_LOOP('',(#221));
#221 = ORIENTED_EDGE('',*,*,#222,.T.);
#222 = EDGE_CURVE('',#223,#223,#225,.T.);
#223 = VERTEX_POINT('',#224);
#224 = CARTESIAN_POINT('',(94.54,-74.96,0.));
#225 = CIRCLE('',#226,0.5);
#226 = AXIS2_PLACEMENT_3D('',#227,#228,#229);
#227 = CARTESIAN_POINT('',(94.54,-74.46,0.));
#228 = DIRECTION('',(-0.,0.,-1.));
#229 = DIRECTION('',(-0.,-1.,0.));
#230 = FACE_BOUND('',#231,.F.);
#231 = EDGE_LOOP('',(#232));
#232 = ORIENTED_EDGE('',*,*,#233,.T.);
#233 = EDGE_CURVE('',#234,#234,#236,.T.);
#234 = VERTEX_POINT('',#235);
#235 = CARTESIAN_POINT('',(97.08,-77.5,0.));
#236 = CIRCLE('',#237,0.5);
#237 = AXIS2_PLACEMENT_3D('',#238,#239,#240);
#238 = CARTESIAN_POINT('',(97.08,-77.,0.));
#239 = DIRECTION('',(-0.,0.,-1.));
#240 = DIRECTION('',(-0.,-1.,0.));
#241 = FACE_BOUND('',#242,.F.);
#242 = EDGE_LOOP('',(#243));
#243 = ORIENTED_EDGE('',*,*,#244,.T.);
#244 = EDGE_CURVE('',#245,#245,#247,.T.);
#245 = VERTEX_POINT('',#246);
#246 = CARTESIAN_POINT('',(97.08,-74.96,0.));
#247 = CIRCLE('',#248,0.5);
#248 = AXIS2_PLACEMENT_3D('',#249,#250,#251);
#249 = CARTESIAN_POINT('',(97.08,-74.46,0.));
#250 = DIRECTION('',(-0.,0.,-1.));
#251 = DIRECTION('',(-0.,-1.,0.));
#252 = FACE_BOUND('',#253,.F.);
#253 = EDGE_LOOP('',(#254));
#254 = ORIENTED_EDGE('',*,*,#255,.T.);
#255 = EDGE_CURVE('',#256,#256,#258,.T.);
#256 = VERTEX_POINT('',#257);
#257 = CARTESIAN_POINT('',(99.62,-77.5,0.));
#258 = CIRCLE('',#259,0.5);
#259 = AXIS2_PLACEMENT_3D('',#260,#261,#262);
#260 = CARTESIAN_POINT('',(99.62,-77.,0.));
#261 = DIRECTION('',(-0.,0.,-1.));
#262 = DIRECTION('',(-0.,-1.,0.));
#263 = FACE_BOUND('',#264,.F.);
#264 = EDGE_LOOP('',(#265));
#265 = ORIENTED_EDGE('',*,*,#266,.T.);
#266 = EDGE_CURVE('',#267,#267,#269,.T.);
#267 = VERTEX_POINT('',#268);
#268 = CARTESIAN_POINT('',(99.62,-74.96,0.));
#269 = CIRCLE('',#270,0.5);
#270 = AXIS2_PLACEMENT_3D('',#271,#272,#273);
#271 = CARTESIAN_POINT('',(99.62,-74.46,0.));
#272 = DIRECTION('',(-0.,0.,-1.));
#273 = DIRECTION('',(-0.,-1.,0.));
#274 = FACE_BOUND('',#275,.F.);
#275 = EDGE_LOOP('',(#276));
#276 = ORIENTED_EDGE('',*,*,#277,.T.);
#277 = EDGE_CURVE('',#278,#278,#280,.T.);
#278 = VERTEX_POINT('',#279);
#279 = CARTESIAN_POINT('',(104.7,-77.5,0.));
#280 = CIRCLE('',#281,0.5);
#281 = AXIS2_PLACEMENT_3D('',#282,#283,#284);
#282 = CARTESIAN_POINT('',(104.7,-77.,0.));
#283 = DIRECTION('',(-0.,0.,-1.));
#284 = DIRECTION('',(-0.,-1.,0.));
#285 = FACE_BOUND('',#286,.F.);
#286 = EDGE_LOOP('',(#287));
#287 = ORIENTED_EDGE('',*,*,#288,.T.);
#288 = EDGE_CURVE('',#289,#289,#291,.T.);
#289 = VERTEX_POINT('',#290);
#290 = CARTESIAN_POINT('',(104.7,-74.96,0.));
#291 = CIRCLE('',#292,0.5);
#292 = AXIS2_PLACEMENT_3D('',#293,#294,#295);
#293 = CARTESIAN_POINT('',(104.7,-74.46,0.));
#294 = DIRECTION('',(-0.,0.,-1.));
#295 = DIRECTION('',(-0.,-1.,0.));
#296 = FACE_BOUND('',#297,.F.);
#297 = EDGE_LOOP('',(#298));
#298 = ORIENTED_EDGE('',*,*,#299,.T.);
#299 = EDGE_CURVE('',#300,#300,#302,.T.);
#300 = VERTEX_POINT('',#301);
#301 = CARTESIAN_POINT('',(107.24,-77.5,0.));
#302 = CIRCLE('',#303,0.5);
#303 = AXIS2_PLACEMENT_3D('',#304,#305,#306);
#304 = CARTESIAN_POINT('',(107.24,-77.,0.));
#305 = DIRECTION('',(-0.,0.,-1.));
#306 = DIRECTION('',(-0.,-1.,0.));
#307 = FACE_BOUND('',#308,.F.);
#308 = EDGE_LOOP('',(#309));
#309 = ORIENTED_EDGE('',*,*,#310,.T.);
#310 = EDGE_CURVE('',#311,#311,#313,.T.);
#311 = VERTEX_POINT('',#312);
#312 = CARTESIAN_POINT('',(107.24,-74.96,0.));
#313 = CIRCLE('',#314,0.5);
#314 = AXIS2_PLACEMENT_3D('',#315,#316,#317);
#315 = CARTESIAN_POINT('',(107.24,-74.46,0.));
#316 = DIRECTION('',(-0.,0.,-1.));
#317 = DIRECTION('',(-0.,-1.,0.));
#318 = FACE_BOUND('',#319,.F.);
#319 = EDGE_LOOP('',(#320));
#320 = ORIENTED_EDGE('',*,*,#321,.T.);
#321 = EDGE_CURVE('',#322,#322,#324,.T.);
#322 = VERTEX_POINT('',#323);
#323 = CARTESIAN_POINT('',(104.7,-71.15,0.));
#324 = CIRCLE('',#325,0.5);
#325 = AXIS2_PLACEMENT_3D('',#326,#327,#328);
#326 = CARTESIAN_POINT('',(104.7,-70.65,0.));
#327 = DIRECTION('',(-0.,0.,-1.));
#328 = DIRECTION('',(-0.,-1.,0.));
#329 = FACE_BOUND('',#330,.F.);
#330 = EDGE_LOOP('',(#331));
#331 = ORIENTED_EDGE('',*,*,#332,.T.);
#332 = EDGE_CURVE('',#333,#333,#335,.T.);
#333 = VERTEX_POINT('',#334);
#334 = CARTESIAN_POINT('',(107.24,-71.15,0.));
#335 = CIRCLE('',#336,0.5);
#336 = AXIS2_PLACEMENT_3D('',#337,#338,#339);
#337 = CARTESIAN_POINT('',(107.24,-70.65,0.));
#338 = DIRECTION('',(-0.,0.,-1.));
#339 = DIRECTION('',(-0.,-1.,0.));
#340 = FACE_BOUND('',#341,.F.);
#341 = EDGE_LOOP('',(#342));
#342 = ORIENTED_EDGE('',*,*,#343,.T.);
#343 = EDGE_CURVE('',#344,#344,#346,.T.);
#344 = VERTEX_POINT('',#345);
#345 = CARTESIAN_POINT('',(109.78,-77.5,0.));
#346 = CIRCLE('',#347,0.5);
#347 = AXIS2_PLACEMENT_3D('',#348,#349,#350);
#348 = CARTESIAN_POINT('',(109.78,-77.,0.));
#349 = DIRECTION('',(-0.,0.,-1.));
#350 = DIRECTION('',(-0.,-1.,0.));
#351 = FACE_BOUND('',#352,.F.);
#352 = EDGE_LOOP('',(#353));
#353 = ORIENTED_EDGE('',*,*,#354,.T.);
#354 = EDGE_CURVE('',#355,#355,#357,.T.);
#355 = VERTEX_POINT('',#356);
#356 = CARTESIAN_POINT('',(109.78,-74.96,0.));
#357 = CIRCLE('',#358,0.5);
#358 = AXIS2_PLACEMENT_3D('',#359,#360,#361);
#359 = CARTESIAN_POINT('',(109.78,-74.46,0.));
#360 = DIRECTION('',(-0.,0.,-1.));
#361 = DIRECTION('',(-0.,-1.,0.));
#362 = FACE_BOUND('',#363,.F.);
#363 = EDGE_LOOP('',(#364));
#364 = ORIENTED_EDGE('',*,*,#365,.T.);
#365 = EDGE_CURVE('',#366,#366,#368,.T.);
#366 = VERTEX_POINT('',#367);
#367 = CARTESIAN_POINT('',(112.32,-77.5,0.));
#368 = CIRCLE('',#369,0.5);
#369 = AXIS2_PLACEMENT_3D('',#370,#371,#372);
#370 = CARTESIAN_POINT('',(112.32,-77.,0.));
#371 = DIRECTION('',(-0.,0.,-1.));
#372 = DIRECTION('',(-0.,-1.,0.));
#373 = FACE_BOUND('',#374,.F.);
#374 = EDGE_LOOP('',(#375));
#375 = ORIENTED_EDGE('',*,*,#376,.T.);
#376 = EDGE_CURVE('',#377,#377,#379,.T.);
#377 = VERTEX_POINT('',#378);
#378 = CARTESIAN_POINT('',(112.32,-74.96,0.));
#379 = CIRCLE('',#380,0.5);
#380 = AXIS2_PLACEMENT_3D('',#381,#382,#383);
#381 = CARTESIAN_POINT('',(112.32,-74.46,0.));
#382 = DIRECTION('',(-0.,0.,-1.));
#383 = DIRECTION('',(-0.,-1.,0.));
#384 = FACE_BOUND('',#385,.F.);
#385 = EDGE_LOOP('',(#386));
#386 = ORIENTED_EDGE('',*,*,#387,.T.);
#387 = EDGE_CURVE('',#388,#388,#390,.T.);
#388 = VERTEX_POINT('',#389);
#389 = CARTESIAN_POINT('',(114.86,-77.5,0.));
#390 = CIRCLE('',#391,0.5);
#391 = AXIS2_PLACEMENT_3D('',#392,#393,#394);
#392 = CARTESIAN_POINT('',(114.86,-77.,0.));
#393 = DIRECTION('',(-0.,0.,-1.));
#394 = DIRECTION('',(-0.,-1.,0.));
#395 = FACE_BOUND('',#396,.F.);
#396 = EDGE_LOOP('',(#397));
#397 = ORIENTED_EDGE('',*,*,#398,.T.);
#398 = EDGE_CURVE('',#399,#399,#401,.T.);
#399 = VERTEX_POINT('',#400);
#400 = CARTESIAN_POINT('',(114.86,-74.96,0.));
#401 = CIRCLE('',#402,0.5);
#402 = AXIS2_PLACEMENT_3D('',#403,#404,#405);
#403 = CARTESIAN_POINT('',(114.86,-74.46,0.));
#404 = DIRECTION('',(-0.,0.,-1.));
#405 = DIRECTION('',(-0.,-1.,0.));
#406 = FACE_BOUND('',#407,.F.);
#407 = EDGE_LOOP('',(#408));
#408 = ORIENTED_EDGE('',*,*,#409,.T.);
#409 = EDGE_CURVE('',#410,#410,#412,.T.);
#410 = VERTEX_POINT('',#411);
#411 = CARTESIAN_POINT('',(109.78,-71.15,0.));
#412 = CIRCLE('',#413,0.5);
#413 = AXIS2_PLACEMENT_3D('',#414,#415,#416);
#414 = CARTESIAN_POINT('',(109.78,-70.65,0.));
#415 = DIRECTION('',(-0.,0.,-1.));
#416 = DIRECTION('',(-0.,-1.,0.));
#417 = FACE_BOUND('',#418,.F.);
#418 = EDGE_LOOP('',(#419));
#419 = ORIENTED_EDGE('',*,*,#420,.T.);
#420 = EDGE_CURVE('',#421,#421,#423,.T.);
#421 = VERTEX_POINT('',#422);
#422 = CARTESIAN_POINT('',(112.32,-71.15,0.));
#423 = CIRCLE('',#424,0.5);
#424 = AXIS2_PLACEMENT_3D('',#425,#426,#427);
#425 = CARTESIAN_POINT('',(112.32,-70.65,0.));
#426 = DIRECTION('',(-0.,0.,-1.));
#427 = DIRECTION('',(-0.,-1.,0.));
#428 = FACE_BOUND('',#429,.F.);
#429 = EDGE_LOOP('',(#430));
#430 = ORIENTED_EDGE('',*,*,#431,.T.);
#431 = EDGE_CURVE('',#432,#432,#434,.T.);
#432 = VERTEX_POINT('',#433);
#433 = CARTESIAN_POINT('',(114.86,-71.15,0.));
#434 = CIRCLE('',#435,0.5);
#435 = AXIS2_PLACEMENT_3D('',#436,#437,#438);
#436 = CARTESIAN_POINT('',(114.86,-70.65,0.));
#437 = DIRECTION('',(-0.,0.,-1.));
#438 = DIRECTION('',(-0.,-1.,0.));
#439 = FACE_BOUND('',#440,.F.);
#440 = EDGE_LOOP('',(#441));
#441 = ORIENTED_EDGE('',*,*,#442,.T.);
#442 = EDGE_CURVE('',#443,#443,#445,.T.);
#443 = VERTEX_POINT('',#444);
#444 = CARTESIAN_POINT('',(117.4,-77.5,0.));
#445 = CIRCLE('',#446,0.5);
#446 = AXIS2_PLACEMENT_3D('',#447,#448,#449);
#447 = CARTESIAN_POINT('',(117.4,-77.,0.));
#448 = DIRECTION('',(-0.,0.,-1.));
#449 = DIRECTION('',(-0.,-1.,0.));
#450 = FACE_BOUND('',#451,.F.);
#451 = EDGE_LOOP('',(#452));
#452 = ORIENTED_EDGE('',*,*,#453,.T.);
#453 = EDGE_CURVE('',#454,#454,#456,.T.);
#454 = VERTEX_POINT('',#455);
#455 = CARTESIAN_POINT('',(117.4,-74.96,0.));
#456 = CIRCLE('',#457,0.5);
#457 = AXIS2_PLACEMENT_3D('',#458,#459,#460);
#458 = CARTESIAN_POINT('',(117.4,-74.46,0.));
#459 = DIRECTION('',(-0.,0.,-1.));
#460 = DIRECTION('',(-0.,-1.,0.));
#461 = FACE_BOUND('',#462,.F.);
#462 = EDGE_LOOP('',(#463));
#463 = ORIENTED_EDGE('',*,*,#464,.T.);
#464 = EDGE_CURVE('',#465,#465,#467,.T.);
#465 = VERTEX_POINT('',#466);
#466 = CARTESIAN_POINT('',(122.48,-74.9,0.));
#467 = CIRCLE('',#468,0.5);
#468 = AXIS2_PLACEMENT_3D('',#469,#470,#471);
#469 = CARTESIAN_POINT('',(122.48,-74.4,0.));
#470 = DIRECTION('',(-0.,0.,-1.));
#471 = DIRECTION('',(-0.,-1.,0.));
#472 = FACE_BOUND('',#473,.F.);
#473 = EDGE_LOOP('',(#474));
#474 = ORIENTED_EDGE('',*,*,#475,.T.);
#475 = EDGE_CURVE('',#476,#476,#478,.T.);
#476 = VERTEX_POINT('',#477);
#477 = CARTESIAN_POINT('',(125.02,-74.9,0.));
#478 = CIRCLE('',#479,0.5);
#479 = AXIS2_PLACEMENT_3D('',#480,#481,#482);
#480 = CARTESIAN_POINT('',(125.02,-74.4,0.));
#481 = DIRECTION('',(-0.,0.,-1.));
#482 = DIRECTION('',(-0.,-1.,0.));
#483 = FACE_BOUND('',#484,.F.);
#484 = EDGE_LOOP('',(#485));
#485 = ORIENTED_EDGE('',*,*,#486,.T.);
#486 = EDGE_CURVE('',#487,#487,#489,.T.);
#487 = VERTEX_POINT('',#488);
#488 = CARTESIAN_POINT('',(122.48,-72.36,0.));
#489 = CIRCLE('',#490,0.5);
#490 = AXIS2_PLACEMENT_3D('',#491,#492,#493);
#491 = CARTESIAN_POINT('',(122.48,-71.86,0.));
#492 = DIRECTION('',(-0.,0.,-1.));
#493 = DIRECTION('',(-0.,-1.,0.));
#494 = FACE_BOUND('',#495,.F.);
#495 = EDGE_LOOP('',(#496));
#496 = ORIENTED_EDGE('',*,*,#497,.T.);
#497 = EDGE_CURVE('',#498,#498,#500,.T.);
#498 = VERTEX_POINT('',#499);
#499 = CARTESIAN_POINT('',(125.02,-72.36,0.));
#500 = CIRCLE('',#501,0.5);
#501 = AXIS2_PLACEMENT_3D('',#502,#503,#504);
#502 = CARTESIAN_POINT('',(125.02,-71.86,0.));
#503 = DIRECTION('',(-0.,0.,-1.));
#504 = DIRECTION('',(-0.,-1.,0.));
#505 = FACE_BOUND('',#506,.F.);
#506 = EDGE_LOOP('',(#507));
#507 = ORIENTED_EDGE('',*,*,#508,.T.);
#508 = EDGE_CURVE('',#509,#509,#511,.T.);
#509 = VERTEX_POINT('',#510);
#510 = CARTESIAN_POINT('',(117.4,-71.15,0.));
#511 = CIRCLE('',#512,0.5);
#512 = AXIS2_PLACEMENT_3D('',#513,#514,#515);
#513 = CARTESIAN_POINT('',(117.4,-70.65,0.));
#514 = DIRECTION('',(-0.,0.,-1.));
#515 = DIRECTION('',(-0.,-1.,0.));
#516 = FACE_BOUND('',#517,.F.);
#517 = EDGE_LOOP('',(#518));
#518 = ORIENTED_EDGE('',*,*,#519,.T.);
#519 = EDGE_CURVE('',#520,#520,#522,.T.);
#520 = VERTEX_POINT('',#521);
#521 = CARTESIAN_POINT('',(122.48,-69.82,0.));
#522 = CIRCLE('',#523,0.5);
#523 = AXIS2_PLACEMENT_3D('',#524,#525,#526);
#524 = CARTESIAN_POINT('',(122.48,-69.32,0.));
#525 = DIRECTION('',(-0.,0.,-1.));
#526 = DIRECTION('',(-0.,-1.,0.));
#527 = FACE_BOUND('',#528,.F.);
#528 = EDGE_LOOP('',(#529));
#529 = ORIENTED_EDGE('',*,*,#530,.T.);
#530 = EDGE_CURVE('',#531,#531,#533,.T.);
#531 = VERTEX_POINT('',#532);
#532 = CARTESIAN_POINT('',(125.02,-69.82,0.));
#533 = CIRCLE('',#534,0.5);
#534 = AXIS2_PLACEMENT_3D('',#535,#536,#537);
#535 = CARTESIAN_POINT('',(125.02,-69.32,0.));
#536 = DIRECTION('',(-0.,0.,-1.));
#537 = DIRECTION('',(-0.,-1.,0.));
#538 = FACE_BOUND('',#539,.F.);
#539 = EDGE_LOOP('',(#540));
#540 = ORIENTED_EDGE('',*,*,#541,.T.);
#541 = EDGE_CURVE('',#542,#542,#544,.T.);
#542 = VERTEX_POINT('',#543);
#543 = CARTESIAN_POINT('',(122.48,-67.28,0.));
#544 = CIRCLE('',#545,0.5);
#545 = AXIS2_PLACEMENT_3D('',#546,#547,#548);
#546 = CARTESIAN_POINT('',(122.48,-66.78,0.));
#547 = DIRECTION('',(-0.,0.,-1.));
#548 = DIRECTION('',(-0.,-1.,0.));
#549 = FACE_BOUND('',#550,.F.);
#550 = EDGE_LOOP('',(#551));
#551 = ORIENTED_EDGE('',*,*,#552,.T.);
#552 = EDGE_CURVE('',#553,#553,#555,.T.);
#553 = VERTEX_POINT('',#554);
#554 = CARTESIAN_POINT('',(125.02,-67.28,0.));
#555 = CIRCLE('',#556,0.5);
#556 = AXIS2_PLACEMENT_3D('',#557,#558,#559);
#557 = CARTESIAN_POINT('',(125.02,-66.78,0.));
#558 = DIRECTION('',(-0.,0.,-1.));
#559 = DIRECTION('',(-0.,-1.,0.));
#560 = FACE_BOUND('',#561,.F.);
#561 = EDGE_LOOP('',(#562));
#562 = ORIENTED_EDGE('',*,*,#563,.T.);
#563 = EDGE_CURVE('',#564,#564,#566,.T.);
#564 = VERTEX_POINT('',#565);
#565 = CARTESIAN_POINT('',(122.48,-64.74,0.));
#566 = CIRCLE('',#567,0.5);
#567 = AXIS2_PLACEMENT_3D('',#568,#569,#570);
#568 = CARTESIAN_POINT('',(122.48,-64.24,0.));
#569 = DIRECTION('',(-0.,0.,-1.));
#570 = DIRECTION('',(-0.,-1.,0.));
#571 = FACE_BOUND('',#572,.F.);
#572 = EDGE_LOOP('',(#573));
#573 = ORIENTED_EDGE('',*,*,#574,.T.);
#574 = EDGE_CURVE('',#575,#575,#577,.T.);
#575 = VERTEX_POINT('',#576);
#576 = CARTESIAN_POINT('',(125.02,-64.74,0.));
#577 = CIRCLE('',#578,0.5);
#578 = AXIS2_PLACEMENT_3D('',#579,#580,#581);
#579 = CARTESIAN_POINT('',(125.02,-64.24,0.));
#580 = DIRECTION('',(-0.,0.,-1.));
#581 = DIRECTION('',(-0.,-1.,0.));
#582 = FACE_BOUND('',#583,.F.);
#583 = EDGE_LOOP('',(#584));
#584 = ORIENTED_EDGE('',*,*,#585,.T.);
#585 = EDGE_CURVE('',#586,#586,#588,.T.);
#586 = VERTEX_POINT('',#587);
#587 = CARTESIAN_POINT('',(122.48,-62.2,0.));
#588 = CIRCLE('',#589,0.5);
#589 = AXIS2_PLACEMENT_3D('',#590,#591,#592);
#590 = CARTESIAN_POINT('',(122.48,-61.7,0.));
#591 = DIRECTION('',(-0.,0.,-1.));
#592 = DIRECTION('',(-0.,-1.,0.));
#593 = FACE_BOUND('',#594,.F.);
#594 = EDGE_LOOP('',(#595));
#595 = ORIENTED_EDGE('',*,*,#596,.T.);
#596 = EDGE_CURVE('',#597,#597,#599,.T.);
#597 = VERTEX_POINT('',#598);
#598 = CARTESIAN_POINT('',(122.48,-59.66,0.));
#599 = CIRCLE('',#600,0.5);
#600 = AXIS2_PLACEMENT_3D('',#601,#602,#603);
#601 = CARTESIAN_POINT('',(122.48,-59.16,0.));
#602 = DIRECTION('',(-0.,0.,-1.));
#603 = DIRECTION('',(-0.,-1.,0.));
#604 = FACE_BOUND('',#605,.F.);
#605 = EDGE_LOOP('',(#606));
#606 = ORIENTED_EDGE('',*,*,#607,.T.);
#607 = EDGE_CURVE('',#608,#608,#610,.T.);
#608 = VERTEX_POINT('',#609);
#609 = CARTESIAN_POINT('',(125.02,-62.2,0.));
#610 = CIRCLE('',#611,0.5);
#611 = AXIS2_PLACEMENT_3D('',#612,#613,#614);
#612 = CARTESIAN_POINT('',(125.02,-61.7,0.));
#613 = DIRECTION('',(-0.,0.,-1.));
#614 = DIRECTION('',(-0.,-1.,0.));
#615 = FACE_BOUND('',#616,.F.);
#616 = EDGE_LOOP('',(#617));
#617 = ORIENTED_EDGE('',*,*,#618,.T.);
#618 = EDGE_CURVE('',#619,#619,#621,.T.);
#619 = VERTEX_POINT('',#620);
#620 = CARTESIAN_POINT('',(125.02,-59.66,0.));
#621 = CIRCLE('',#622,0.5);
#622 = AXIS2_PLACEMENT_3D('',#623,#624,#625);
#623 = CARTESIAN_POINT('',(125.02,-59.16,0.));
#624 = DIRECTION('',(-0.,0.,-1.));
#625 = DIRECTION('',(-0.,-1.,0.));
#626 = FACE_BOUND('',#627,.F.);
#627 = EDGE_LOOP('',(#628));
#628 = ORIENTED_EDGE('',*,*,#629,.T.);
#629 = EDGE_CURVE('',#630,#630,#632,.T.);
#630 = VERTEX_POINT('',#631);
#631 = CARTESIAN_POINT('',(122.48,-57.12,0.));
#632 = CIRCLE('',#633,0.5);
#633 = AXIS2_PLACEMENT_3D('',#634,#635,#636);
#634 = CARTESIAN_POINT('',(122.48,-56.62,0.));
#635 = DIRECTION('',(-0.,0.,-1.));
#636 = DIRECTION('',(-0.,-1.,0.));
#637 = FACE_BOUND('',#638,.F.);
#638 = EDGE_LOOP('',(#639));
#639 = ORIENTED_EDGE('',*,*,#640,.T.);
#640 = EDGE_CURVE('',#641,#641,#643,.T.);
#641 = VERTEX_POINT('',#642);
#642 = CARTESIAN_POINT('',(125.02,-57.12,0.));
#643 = CIRCLE('',#644,0.5);
#644 = AXIS2_PLACEMENT_3D('',#645,#646,#647);
#645 = CARTESIAN_POINT('',(125.02,-56.62,0.));
#646 = DIRECTION('',(-0.,0.,-1.));
#647 = DIRECTION('',(-0.,-1.,0.));
#648 = FACE_BOUND('',#649,.F.);
#649 = EDGE_LOOP('',(#650));
#650 = ORIENTED_EDGE('',*,*,#651,.T.);
#651 = EDGE_CURVE('',#652,#652,#654,.T.);
#652 = VERTEX_POINT('',#653);
#653 = CARTESIAN_POINT('',(122.48,-54.58,0.));
#654 = CIRCLE('',#655,0.5);
#655 = AXIS2_PLACEMENT_3D('',#656,#657,#658);
#656 = CARTESIAN_POINT('',(122.48,-54.08,0.));
#657 = DIRECTION('',(-0.,0.,-1.));
#658 = DIRECTION('',(-0.,-1.,0.));
#659 = FACE_BOUND('',#660,.F.);
#660 = EDGE_LOOP('',(#661));
#661 = ORIENTED_EDGE('',*,*,#662,.T.);
#662 = EDGE_CURVE('',#663,#663,#665,.T.);
#663 = VERTEX_POINT('',#664);
#664 = CARTESIAN_POINT('',(125.02,-54.58,0.));
#665 = CIRCLE('',#666,0.5);
#666 = AXIS2_PLACEMENT_3D('',#667,#668,#669);
#667 = CARTESIAN_POINT('',(125.02,-54.08,0.));
#668 = DIRECTION('',(-0.,0.,-1.));
#669 = DIRECTION('',(-0.,-1.,0.));
#670 = FACE_BOUND('',#671,.F.);
#671 = EDGE_LOOP('',(#672,#683,#691,#700));
#672 = ORIENTED_EDGE('',*,*,#673,.T.);
#673 = EDGE_CURVE('',#674,#676,#678,.T.);
#674 = VERTEX_POINT('',#675);
#675 = CARTESIAN_POINT('',(90.65,-41.12,0.));
#676 = VERTEX_POINT('',#677);
#677 = CARTESIAN_POINT('',(90.65,-40.52,0.));
#678 = CIRCLE('',#679,0.3);
#679 = AXIS2_PLACEMENT_3D('',#680,#681,#682);
#680 = CARTESIAN_POINT('',(90.65,-40.82,0.));
#681 = DIRECTION('',(0.,-0.,-1.));
#682 = DIRECTION('',(4.736951571734E-14,1.,-0.));
#683 = ORIENTED_EDGE('',*,*,#684,.T.);
#684 = EDGE_CURVE('',#676,#685,#687,.T.);
#685 = VERTEX_POINT('',#686);
#686 = CARTESIAN_POINT('',(91.25,-40.52,0.));
#687 = LINE('',#688,#689);
#688 = CARTESIAN_POINT('',(45.625,-40.52,0.));
#689 = VECTOR('',#690,1.);
#690 = DIRECTION('',(1.,0.,-0.));
#691 = ORIENTED_EDGE('',*,*,#692,.T.);
#692 = EDGE_CURVE('',#685,#693,#695,.T.);
#693 = VERTEX_POINT('',#694);
#694 = CARTESIAN_POINT('',(91.25,-41.12,0.));
#695 = CIRCLE('',#696,0.3);
#696 = AXIS2_PLACEMENT_3D('',#697,#698,#699);
#697 = CARTESIAN_POINT('',(91.25,-40.82,0.));
#698 = DIRECTION('',(-0.,0.,-1.));
#699 = DIRECTION('',(-0.,-1.,0.));
#700 = ORIENTED_EDGE('',*,*,#701,.T.);
#701 = EDGE_CURVE('',#693,#674,#702,.T.);
#702 = LINE('',#703,#704);
#703 = CARTESIAN_POINT('',(45.325,-41.12,0.));
#704 = VECTOR('',#705,1.);
#705 = DIRECTION('',(-1.,0.,0.));
#706 = FACE_BOUND('',#707,.F.);
#707 = EDGE_LOOP('',(#708,#719,#727,#736));
#708 = ORIENTED_EDGE('',*,*,#709,.T.);
#709 = EDGE_CURVE('',#710,#712,#714,.T.);
#710 = VERTEX_POINT('',#711);
#711 = CARTESIAN_POINT('',(94.58,-41.12,0.));
#712 = VERTEX_POINT('',#713);
#713 = CARTESIAN_POINT('',(94.58,-40.52,0.));
#714 = CIRCLE('',#715,0.3);
#715 = AXIS2_PLACEMENT_3D('',#716,#717,#718);
#716 = CARTESIAN_POINT('',(94.58,-40.82,0.));
#717 = DIRECTION('',(-0.,0.,-1.));
#718 = DIRECTION('',(-4.736951571734E-14,1.,0.));
#719 = ORIENTED_EDGE('',*,*,#720,.T.);
#720 = EDGE_CURVE('',#712,#721,#723,.T.);
#721 = VERTEX_POINT('',#722);
#722 = CARTESIAN_POINT('',(95.68,-40.52,0.));
#723 = LINE('',#724,#725);
#724 = CARTESIAN_POINT('',(47.84,-40.52,0.));
#725 = VECTOR('',#726,1.);
#726 = DIRECTION('',(1.,0.,-0.));
#727 = ORIENTED_EDGE('',*,*,#728,.T.);
#728 = EDGE_CURVE('',#721,#729,#731,.T.);
#729 = VERTEX_POINT('',#730);
#730 = CARTESIAN_POINT('',(95.68,-41.12,0.));
#731 = CIRCLE('',#732,0.3);
#732 = AXIS2_PLACEMENT_3D('',#733,#734,#735);
#733 = CARTESIAN_POINT('',(95.68,-40.82,0.));
#734 = DIRECTION('',(-0.,0.,-1.));
#735 = DIRECTION('',(-0.,-1.,0.));
#736 = ORIENTED_EDGE('',*,*,#737,.T.);
#737 = EDGE_CURVE('',#729,#710,#738,.T.);
#738 = LINE('',#739,#740);
#739 = CARTESIAN_POINT('',(47.29,-41.12,0.));
#740 = VECTOR('',#741,1.);
#741 = DIRECTION('',(-1.,0.,0.));
#742 = FACE_BOUND('',#743,.F.);
#743 = EDGE_LOOP('',(#744));
#744 = ORIENTED_EDGE('',*,*,#745,.T.);
#745 = EDGE_CURVE('',#746,#746,#748,.T.);
#746 = VERTEX_POINT('',#747);
#747 = CARTESIAN_POINT('',(94.6,-39.715,0.));
#748 = CIRCLE('',#749,0.325);
#749 = AXIS2_PLACEMENT_3D('',#750,#751,#752);
#750 = CARTESIAN_POINT('',(94.6,-39.39,0.));
#751 = DIRECTION('',(-0.,0.,-1.));
#752 = DIRECTION('',(-0.,-1.,0.));
#753 = FACE_BOUND('',#754,.F.);
#754 = EDGE_LOOP('',(#755));
#755 = ORIENTED_EDGE('',*,*,#756,.T.);
#756 = EDGE_CURVE('',#757,#757,#759,.T.);
#757 = VERTEX_POINT('',#758);
#758 = CARTESIAN_POINT('',(94.6,-33.935,0.));
#759 = CIRCLE('',#760,0.325);
#760 = AXIS2_PLACEMENT_3D('',#761,#762,#763);
#761 = CARTESIAN_POINT('',(94.6,-33.61,0.));
#762 = DIRECTION('',(-0.,0.,-1.));
#763 = DIRECTION('',(-0.,-1.,0.));
#764 = FACE_BOUND('',#765,.F.);
#765 = EDGE_LOOP('',(#766,#777,#785,#794));
#766 = ORIENTED_EDGE('',*,*,#767,.T.);
#767 = EDGE_CURVE('',#768,#770,#772,.T.);
#768 = VERTEX_POINT('',#769);
#769 = CARTESIAN_POINT('',(90.65,-32.48,0.));
#770 = VERTEX_POINT('',#771);
#771 = CARTESIAN_POINT('',(90.65,-31.88,0.));
#772 = CIRCLE('',#773,0.3);
#773 = AXIS2_PLACEMENT_3D('',#774,#775,#776);
#774 = CARTESIAN_POINT('',(90.65,-32.18,0.));
#775 = DIRECTION('',(0.,-0.,-1.));
#776 = DIRECTION('',(4.736951571734E-14,1.,-0.));
#777 = ORIENTED_EDGE('',*,*,#778,.T.);
#778 = EDGE_CURVE('',#770,#779,#781,.T.);
#779 = VERTEX_POINT('',#780);
#780 = CARTESIAN_POINT('',(91.25,-31.88,0.));
#781 = LINE('',#782,#783);
#782 = CARTESIAN_POINT('',(45.625,-31.88,0.));
#783 = VECTOR('',#784,1.);
#784 = DIRECTION('',(1.,0.,-0.));
#785 = ORIENTED_EDGE('',*,*,#786,.T.);
#786 = EDGE_CURVE('',#779,#787,#789,.T.);
#787 = VERTEX_POINT('',#788);
#788 = CARTESIAN_POINT('',(91.25,-32.48,0.));
#789 = CIRCLE('',#790,0.3);
#790 = AXIS2_PLACEMENT_3D('',#791,#792,#793);
#791 = CARTESIAN_POINT('',(91.25,-32.18,0.));
#792 = DIRECTION('',(-0.,0.,-1.));
#793 = DIRECTION('',(-0.,-1.,0.));
#794 = ORIENTED_EDGE('',*,*,#795,.T.);
#795 = EDGE_CURVE('',#787,#768,#796,.T.);
#796 = LINE('',#797,#798);
#797 = CARTESIAN_POINT('',(45.325,-32.48,0.));
#798 = VECTOR('',#799,1.);
#799 = DIRECTION('',(-1.,0.,0.));
#800 = FACE_BOUND('',#801,.F.);
#801 = EDGE_LOOP('',(#802,#813,#821,#830));
#802 = ORIENTED_EDGE('',*,*,#803,.T.);
#803 = EDGE_CURVE('',#804,#806,#808,.T.);
#804 = VERTEX_POINT('',#805);
#805 = CARTESIAN_POINT('',(94.58,-32.48,0.));
#806 = VERTEX_POINT('',#807);
#807 = CARTESIAN_POINT('',(94.58,-31.88,0.));
#808 = CIRCLE('',#809,0.3);
#809 = AXIS2_PLACEMENT_3D('',#810,#811,#812);
#810 = CARTESIAN_POINT('',(94.58,-32.18,0.));
#811 = DIRECTION('',(-0.,0.,-1.));
#812 = DIRECTION('',(-4.736951571734E-14,1.,0.));
#813 = ORIENTED_EDGE('',*,*,#814,.T.);
#814 = EDGE_CURVE('',#806,#815,#817,.T.);
#815 = VERTEX_POINT('',#816);
#816 = CARTESIAN_POINT('',(95.68,-31.88,0.));
#817 = LINE('',#818,#819);
#818 = CARTESIAN_POINT('',(47.84,-31.88,0.));
#819 = VECTOR('',#820,1.);
#820 = DIRECTION('',(1.,0.,-0.));
#821 = ORIENTED_EDGE('',*,*,#822,.T.);
#822 = EDGE_CURVE('',#815,#823,#825,.T.);
#823 = VERTEX_POINT('',#824);
#824 = CARTESIAN_POINT('',(95.68,-32.48,0.));
#825 = CIRCLE('',#826,0.3);
#826 = AXIS2_PLACEMENT_3D('',#827,#828,#829);
#827 = CARTESIAN_POINT('',(95.68,-32.18,0.));
#828 = DIRECTION('',(-0.,0.,-1.));
#829 = DIRECTION('',(-0.,-1.,0.));
#830 = ORIENTED_EDGE('',*,*,#831,.T.);
#831 = EDGE_CURVE('',#823,#804,#832,.T.);
#832 = LINE('',#833,#834);
#833 = CARTESIAN_POINT('',(47.29,-32.48,0.));
#834 = VECTOR('',#835,1.);
#835 = DIRECTION('',(-1.,0.,0.));
#836 = FACE_BOUND('',#837,.F.);
#837 = EDGE_LOOP('',(#838));
#838 = ORIENTED_EDGE('',*,*,#839,.T.);
#839 = EDGE_CURVE('',#840,#840,#842,.T.);
#840 = VERTEX_POINT('',#841);
#841 = CARTESIAN_POINT('',(95.1,-27.775,0.));
#842 = CIRCLE('',#843,0.375);
#843 = AXIS2_PLACEMENT_3D('',#844,#845,#846);
#844 = CARTESIAN_POINT('',(95.1,-27.4,0.));
#845 = DIRECTION('',(-0.,0.,-1.));
#846 = DIRECTION('',(-0.,-1.,0.));
#847 = FACE_BOUND('',#848,.F.);
#848 = EDGE_LOOP('',(#849));
#849 = ORIENTED_EDGE('',*,*,#850,.T.);
#850 = EDGE_CURVE('',#851,#851,#853,.T.);
#851 = VERTEX_POINT('',#852);
#852 = CARTESIAN_POINT('',(97.1,-27.775,0.));
#853 = CIRCLE('',#854,0.375);
#854 = AXIS2_PLACEMENT_3D('',#855,#856,#857);
#855 = CARTESIAN_POINT('',(97.1,-27.4,0.));
#856 = DIRECTION('',(-0.,0.,-1.));
#857 = DIRECTION('',(-0.,-1.,0.));
#858 = FACE_BOUND('',#859,.F.);
#859 = EDGE_LOOP('',(#860));
#860 = ORIENTED_EDGE('',*,*,#861,.T.);
#861 = EDGE_CURVE('',#862,#862,#864,.T.);
#862 = VERTEX_POINT('',#863);
#863 = CARTESIAN_POINT('',(122.48,-52.04,0.));
#864 = CIRCLE('',#865,0.5);
#865 = AXIS2_PLACEMENT_3D('',#866,#867,#868);
#866 = CARTESIAN_POINT('',(122.48,-51.54,0.));
#867 = DIRECTION('',(-0.,0.,-1.));
#868 = DIRECTION('',(-0.,-1.,0.));
#869 = FACE_BOUND('',#870,.F.);
#870 = EDGE_LOOP('',(#871));
#871 = ORIENTED_EDGE('',*,*,#872,.T.);
#872 = EDGE_CURVE('',#873,#873,#875,.T.);
#873 = VERTEX_POINT('',#874);
#874 = CARTESIAN_POINT('',(125.02,-52.04,0.));
#875 = CIRCLE('',#876,0.5);
#876 = AXIS2_PLACEMENT_3D('',#877,#878,#879);
#877 = CARTESIAN_POINT('',(125.02,-51.54,0.));
#878 = DIRECTION('',(-0.,0.,-1.));
#879 = DIRECTION('',(-0.,-1.,0.));
#880 = FACE_BOUND('',#881,.F.);
#881 = EDGE_LOOP('',(#882));
#882 = ORIENTED_EDGE('',*,*,#883,.T.);
#883 = EDGE_CURVE('',#884,#884,#886,.T.);
#884 = VERTEX_POINT('',#885);
#885 = CARTESIAN_POINT('',(122.48,-49.5,0.));
#886 = CIRCLE('',#887,0.5);
#887 = AXIS2_PLACEMENT_3D('',#888,#889,#890);
#888 = CARTESIAN_POINT('',(122.48,-49.,0.));
#889 = DIRECTION('',(-0.,0.,-1.));
#890 = DIRECTION('',(-0.,-1.,0.));
#891 = FACE_BOUND('',#892,.F.);
#892 = EDGE_LOOP('',(#893));
#893 = ORIENTED_EDGE('',*,*,#894,.T.);
#894 = EDGE_CURVE('',#895,#895,#897,.T.);
#895 = VERTEX_POINT('',#896);
#896 = CARTESIAN_POINT('',(122.48,-46.96,0.));
#897 = CIRCLE('',#898,0.5);
#898 = AXIS2_PLACEMENT_3D('',#899,#900,#901);
#899 = CARTESIAN_POINT('',(122.48,-46.46,0.));
#900 = DIRECTION('',(-0.,0.,-1.));
#901 = DIRECTION('',(-0.,-1.,0.));
#902 = FACE_BOUND('',#903,.F.);
#903 = EDGE_LOOP('',(#904));
#904 = ORIENTED_EDGE('',*,*,#905,.T.);
#905 = EDGE_CURVE('',#906,#906,#908,.T.);
#906 = VERTEX_POINT('',#907);
#907 = CARTESIAN_POINT('',(125.02,-49.5,0.));
#908 = CIRCLE('',#909,0.5);
#909 = AXIS2_PLACEMENT_3D('',#910,#911,#912);
#910 = CARTESIAN_POINT('',(125.02,-49.,0.));
#911 = DIRECTION('',(-0.,0.,-1.));
#912 = DIRECTION('',(-0.,-1.,0.));
#913 = FACE_BOUND('',#914,.F.);
#914 = EDGE_LOOP('',(#915));
#915 = ORIENTED_EDGE('',*,*,#916,.T.);
#916 = EDGE_CURVE('',#917,#917,#919,.T.);
#917 = VERTEX_POINT('',#918);
#918 = CARTESIAN_POINT('',(125.02,-46.96,0.));
#919 = CIRCLE('',#920,0.5);
#920 = AXIS2_PLACEMENT_3D('',#921,#922,#923);
#921 = CARTESIAN_POINT('',(125.02,-46.46,0.));
#922 = DIRECTION('',(-0.,0.,-1.));
#923 = DIRECTION('',(-0.,-1.,0.));
#924 = FACE_BOUND('',#925,.F.);
#925 = EDGE_LOOP('',(#926));
#926 = ORIENTED_EDGE('',*,*,#927,.T.);
#927 = EDGE_CURVE('',#928,#928,#930,.T.);
#928 = VERTEX_POINT('',#929);
#929 = CARTESIAN_POINT('',(122.48,-44.42,0.));
#930 = CIRCLE('',#931,0.5);
#931 = AXIS2_PLACEMENT_3D('',#932,#933,#934);
#932 = CARTESIAN_POINT('',(122.48,-43.92,0.));
#933 = DIRECTION('',(-0.,0.,-1.));
#934 = DIRECTION('',(-0.,-1.,0.));
#935 = FACE_BOUND('',#936,.F.);
#936 = EDGE_LOOP('',(#937));
#937 = ORIENTED_EDGE('',*,*,#938,.T.);
#938 = EDGE_CURVE('',#939,#939,#941,.T.);
#939 = VERTEX_POINT('',#940);
#940 = CARTESIAN_POINT('',(125.02,-44.42,0.));
#941 = CIRCLE('',#942,0.5);
#942 = AXIS2_PLACEMENT_3D('',#943,#944,#945);
#943 = CARTESIAN_POINT('',(125.02,-43.92,0.));
#944 = DIRECTION('',(-0.,0.,-1.));
#945 = DIRECTION('',(-0.,-1.,0.));
#946 = FACE_BOUND('',#947,.F.);
#947 = EDGE_LOOP('',(#948));
#948 = ORIENTED_EDGE('',*,*,#949,.T.);
#949 = EDGE_CURVE('',#950,#950,#952,.T.);
#950 = VERTEX_POINT('',#951);
#951 = CARTESIAN_POINT('',(122.48,-41.88,0.));
#952 = CIRCLE('',#953,0.5);
#953 = AXIS2_PLACEMENT_3D('',#954,#955,#956);
#954 = CARTESIAN_POINT('',(122.48,-41.38,0.));
#955 = DIRECTION('',(-0.,0.,-1.));
#956 = DIRECTION('',(-0.,-1.,0.));
#957 = FACE_BOUND('',#958,.F.);
#958 = EDGE_LOOP('',(#959));
#959 = ORIENTED_EDGE('',*,*,#960,.T.);
#960 = EDGE_CURVE('',#961,#961,#963,.T.);
#961 = VERTEX_POINT('',#962);
#962 = CARTESIAN_POINT('',(125.02,-41.88,0.));
#963 = CIRCLE('',#964,0.5);
#964 = AXIS2_PLACEMENT_3D('',#965,#966,#967);
#965 = CARTESIAN_POINT('',(125.02,-41.38,0.));
#966 = DIRECTION('',(-0.,0.,-1.));
#967 = DIRECTION('',(-0.,-1.,0.));
#968 = FACE_BOUND('',#969,.F.);
#969 = EDGE_LOOP('',(#970));
#970 = ORIENTED_EDGE('',*,*,#971,.T.);
#971 = EDGE_CURVE('',#972,#972,#974,.T.);
#972 = VERTEX_POINT('',#973);
#973 = CARTESIAN_POINT('',(122.48,-39.34,0.));
#974 = CIRCLE('',#975,0.5);
#975 = AXIS2_PLACEMENT_3D('',#976,#977,#978);
#976 = CARTESIAN_POINT('',(122.48,-38.84,0.));
#977 = DIRECTION('',(-0.,0.,-1.));
#978 = DIRECTION('',(-0.,-1.,0.));
#979 = FACE_BOUND('',#980,.F.);
#980 = EDGE_LOOP('',(#981));
#981 = ORIENTED_EDGE('',*,*,#982,.T.);
#982 = EDGE_CURVE('',#983,#983,#985,.T.);
#983 = VERTEX_POINT('',#984);
#984 = CARTESIAN_POINT('',(125.02,-39.34,0.));
#985 = CIRCLE('',#986,0.5);
#986 = AXIS2_PLACEMENT_3D('',#987,#988,#989);
#987 = CARTESIAN_POINT('',(125.02,-38.84,0.));
#988 = DIRECTION('',(-0.,0.,-1.));
#989 = DIRECTION('',(-0.,-1.,0.));
#990 = FACE_BOUND('',#991,.F.);
#991 = EDGE_LOOP('',(#992));
#992 = ORIENTED_EDGE('',*,*,#993,.T.);
#993 = EDGE_CURVE('',#994,#994,#996,.T.);
#994 = VERTEX_POINT('',#995);
#995 = CARTESIAN_POINT('',(122.48,-36.8,0.));
#996 = CIRCLE('',#997,0.5);
#997 = AXIS2_PLACEMENT_3D('',#998,#999,#1000);
#998 = CARTESIAN_POINT('',(122.48,-36.3,0.));
#999 = DIRECTION('',(-0.,0.,-1.));
#1000 = DIRECTION('',(-0.,-1.,0.));
#1001 = FACE_BOUND('',#1002,.F.);
#1002 = EDGE_LOOP('',(#1003));
#1003 = ORIENTED_EDGE('',*,*,#1004,.T.);
#1004 = EDGE_CURVE('',#1005,#1005,#1007,.T.);
#1005 = VERTEX_POINT('',#1006);
#1006 = CARTESIAN_POINT('',(122.48,-34.26,0.));
#1007 = CIRCLE('',#1008,0.5);
#1008 = AXIS2_PLACEMENT_3D('',#1009,#1010,#1011);
#1009 = CARTESIAN_POINT('',(122.48,-33.76,0.));
#1010 = DIRECTION('',(-0.,0.,-1.));
#1011 = DIRECTION('',(-0.,-1.,0.));
#1012 = FACE_BOUND('',#1013,.F.);
#1013 = EDGE_LOOP('',(#1014));
#1014 = ORIENTED_EDGE('',*,*,#1015,.T.);
#1015 = EDGE_CURVE('',#1016,#1016,#1018,.T.);
#1016 = VERTEX_POINT('',#1017);
#1017 = CARTESIAN_POINT('',(125.02,-36.8,0.));
#1018 = CIRCLE('',#1019,0.5);
#1019 = AXIS2_PLACEMENT_3D('',#1020,#1021,#1022);
#1020 = CARTESIAN_POINT('',(125.02,-36.3,0.));
#1021 = DIRECTION('',(-0.,0.,-1.));
#1022 = DIRECTION('',(-0.,-1.,0.));
#1023 = FACE_BOUND('',#1024,.F.);
#1024 = EDGE_LOOP('',(#1025));
#1025 = ORIENTED_EDGE('',*,*,#1026,.T.);
#1026 = EDGE_CURVE('',#1027,#1027,#1029,.T.);
#1027 = VERTEX_POINT('',#1028);
#1028 = CARTESIAN_POINT('',(125.02,-34.26,0.));
#1029 = CIRCLE('',#1030,0.5);
#1030 = AXIS2_PLACEMENT_3D('',#1031,#1032,#1033);
#1031 = CARTESIAN_POINT('',(125.02,-33.76,0.));
#1032 = DIRECTION('',(-0.,0.,-1.));
#1033 = DIRECTION('',(-0.,-1.,0.));
#1034 = FACE_BOUND('',#1035,.F.);
#1035 = EDGE_LOOP('',(#1036));
#1036 = ORIENTED_EDGE('',*,*,#1037,.T.);
#1037 = EDGE_CURVE('',#1038,#1038,#1040,.T.);
#1038 = VERTEX_POINT('',#1039);
#1039 = CARTESIAN_POINT('',(122.48,-31.72,0.));
#1040 = CIRCLE('',#1041,0.5);
#1041 = AXIS2_PLACEMENT_3D('',#1042,#1043,#1044);
#1042 = CARTESIAN_POINT('',(122.48,-31.22,0.));
#1043 = DIRECTION('',(-0.,0.,-1.));
#1044 = DIRECTION('',(-0.,-1.,0.));
#1045 = FACE_BOUND('',#1046,.F.);
#1046 = EDGE_LOOP('',(#1047));
#1047 = ORIENTED_EDGE('',*,*,#1048,.T.);
#1048 = EDGE_CURVE('',#1049,#1049,#1051,.T.);
#1049 = VERTEX_POINT('',#1050);
#1050 = CARTESIAN_POINT('',(125.02,-31.72,0.));
#1051 = CIRCLE('',#1052,0.5);
#1052 = AXIS2_PLACEMENT_3D('',#1053,#1054,#1055);
#1053 = CARTESIAN_POINT('',(125.02,-31.22,0.));
#1054 = DIRECTION('',(-0.,0.,-1.));
#1055 = DIRECTION('',(-0.,-1.,0.));
#1056 = PLANE('',#1057);
#1057 = AXIS2_PLACEMENT_3D('',#1058,#1059,#1060);
#1058 = CARTESIAN_POINT('',(0.,0.,0.));
#1059 = DIRECTION('',(0.,0.,1.));
#1060 = DIRECTION('',(1.,0.,-0.));
#1061 = ADVANCED_FACE('',(#1062,#1108,#1119,#1130,#1141,#1152,#1163,
    #1174,#1185,#1196,#1207,#1218,#1229,#1240,#1251,#1262,#1273,#1284,
    #1295,#1306,#1317,#1328,#1339,#1350,#1361,#1372,#1383,#1394,#1405,
    #1416,#1427,#1438,#1449,#1460,#1471,#1482,#1493,#1504,#1515,#1526,
    #1537,#1548,#1559,#1570,#1581,#1592,#1628,#1664,#1675,#1686,#1722,
    #1758,#1769,#1780,#1791,#1802,#1813,#1824,#1835,#1846,#1857,#1868,
    #1879,#1890,#1901,#1912,#1923,#1934,#1945,#1956,#1967),#1978,.T.);
#1062 = FACE_BOUND('',#1063,.T.);
#1063 = EDGE_LOOP('',(#1064,#1065,#1066,#1075,#1083,#1092,#1100,#1107));
#1064 = ORIENTED_EDGE('',*,*,#49,.F.);
#1065 = ORIENTED_EDGE('',*,*,#91,.F.);
#1066 = ORIENTED_EDGE('',*,*,#1067,.F.);
#1067 = EDGE_CURVE('',#1068,#84,#1070,.T.);
#1068 = VERTEX_POINT('',#1069);
#1069 = CARTESIAN_POINT('',(89.,-26.,1.6));
#1070 = CIRCLE('',#1071,0.999999252925);
#1071 = AXIS2_PLACEMENT_3D('',#1072,#1073,#1074);
#1072 = CARTESIAN_POINT('',(89.999999252925,-25.99999925292,1.6));
#1073 = DIRECTION('',(0.,0.,-1.));
#1074 = DIRECTION('',(-1.,-7.470757314012E-07,-0.));
#1075 = ORIENTED_EDGE('',*,*,#1076,.F.);
#1076 = EDGE_CURVE('',#1077,#1068,#1079,.T.);
#1077 = VERTEX_POINT('',#1078);
#1078 = CARTESIAN_POINT('',(89.,-78.,1.6));
#1079 = LINE('',#1080,#1081);
#1080 = CARTESIAN_POINT('',(89.,-78.,1.6));
#1081 = VECTOR('',#1082,1.);
#1082 = DIRECTION('',(0.,1.,0.));
#1083 = ORIENTED_EDGE('',*,*,#1084,.F.);
#1084 = EDGE_CURVE('',#1085,#1077,#1087,.T.);
#1085 = VERTEX_POINT('',#1086);
#1086 = CARTESIAN_POINT('',(90.,-79.,1.6));
#1087 = CIRCLE('',#1088,0.999999252925);
#1088 = AXIS2_PLACEMENT_3D('',#1089,#1090,#1091);
#1089 = CARTESIAN_POINT('',(89.999999252925,-78.00000074707,1.6));
#1090 = DIRECTION('',(0.,0.,-1.));
#1091 = DIRECTION('',(7.47075720743E-07,-1.,0.));
#1092 = ORIENTED_EDGE('',*,*,#1093,.F.);
#1093 = EDGE_CURVE('',#1094,#1085,#1096,.T.);
#1094 = VERTEX_POINT('',#1095);
#1095 = CARTESIAN_POINT('',(127.,-79.,1.6));
#1096 = LINE('',#1097,#1098);
#1097 = CARTESIAN_POINT('',(127.,-79.,1.6));
#1098 = VECTOR('',#1099,1.);
#1099 = DIRECTION('',(-1.,0.,0.));
#1100 = ORIENTED_EDGE('',*,*,#1101,.F.);
#1101 = EDGE_CURVE('',#114,#1094,#1102,.T.);
#1102 = CIRCLE('',#1103,0.999999252925);
#1103 = AXIS2_PLACEMENT_3D('',#1104,#1105,#1106);
#1104 = CARTESIAN_POINT('',(127.00000074707,-78.00000074707,1.6));
#1105 = DIRECTION('',(0.,0.,-1.));
#1106 = DIRECTION('',(1.,7.47075720743E-07,0.));
#1107 = ORIENTED_EDGE('',*,*,#113,.F.);
#1108 = FACE_BOUND('',#1109,.T.);
#1109 = EDGE_LOOP('',(#1110));
#1110 = ORIENTED_EDGE('',*,*,#1111,.T.);
#1111 = EDGE_CURVE('',#1112,#1112,#1114,.T.);
#1112 = VERTEX_POINT('',#1113);
#1113 = CARTESIAN_POINT('',(92.,-77.5,1.6));
#1114 = CIRCLE('',#1115,0.5);
#1115 = AXIS2_PLACEMENT_3D('',#1116,#1117,#1118);
#1116 = CARTESIAN_POINT('',(92.,-77.,1.6));
#1117 = DIRECTION('',(-0.,0.,-1.));
#1118 = DIRECTION('',(-0.,-1.,0.));
#1119 = FACE_BOUND('',#1120,.T.);
#1120 = EDGE_LOOP('',(#1121));
#1121 = ORIENTED_EDGE('',*,*,#1122,.T.);
#1122 = EDGE_CURVE('',#1123,#1123,#1125,.T.);
#1123 = VERTEX_POINT('',#1124);
#1124 = CARTESIAN_POINT('',(92.,-74.96,1.6));
#1125 = CIRCLE('',#1126,0.5);
#1126 = AXIS2_PLACEMENT_3D('',#1127,#1128,#1129);
#1127 = CARTESIAN_POINT('',(92.,-74.46,1.6));
#1128 = DIRECTION('',(-0.,0.,-1.));
#1129 = DIRECTION('',(-0.,-1.,0.));
#1130 = FACE_BOUND('',#1131,.T.);
#1131 = EDGE_LOOP('',(#1132));
#1132 = ORIENTED_EDGE('',*,*,#1133,.T.);
#1133 = EDGE_CURVE('',#1134,#1134,#1136,.T.);
#1134 = VERTEX_POINT('',#1135);
#1135 = CARTESIAN_POINT('',(94.54,-77.5,1.6));
#1136 = CIRCLE('',#1137,0.5);
#1137 = AXIS2_PLACEMENT_3D('',#1138,#1139,#1140);
#1138 = CARTESIAN_POINT('',(94.54,-77.,1.6));
#1139 = DIRECTION('',(-0.,0.,-1.));
#1140 = DIRECTION('',(-0.,-1.,0.));
#1141 = FACE_BOUND('',#1142,.T.);
#1142 = EDGE_LOOP('',(#1143));
#1143 = ORIENTED_EDGE('',*,*,#1144,.T.);
#1144 = EDGE_CURVE('',#1145,#1145,#1147,.T.);
#1145 = VERTEX_POINT('',#1146);
#1146 = CARTESIAN_POINT('',(94.54,-74.96,1.6));
#1147 = CIRCLE('',#1148,0.5);
#1148 = AXIS2_PLACEMENT_3D('',#1149,#1150,#1151);
#1149 = CARTESIAN_POINT('',(94.54,-74.46,1.6));
#1150 = DIRECTION('',(-0.,0.,-1.));
#1151 = DIRECTION('',(-0.,-1.,0.));
#1152 = FACE_BOUND('',#1153,.T.);
#1153 = EDGE_LOOP('',(#1154));
#1154 = ORIENTED_EDGE('',*,*,#1155,.T.);
#1155 = EDGE_CURVE('',#1156,#1156,#1158,.T.);
#1156 = VERTEX_POINT('',#1157);
#1157 = CARTESIAN_POINT('',(97.08,-77.5,1.6));
#1158 = CIRCLE('',#1159,0.5);
#1159 = AXIS2_PLACEMENT_3D('',#1160,#1161,#1162);
#1160 = CARTESIAN_POINT('',(97.08,-77.,1.6));
#1161 = DIRECTION('',(-0.,0.,-1.));
#1162 = DIRECTION('',(-0.,-1.,0.));
#1163 = FACE_BOUND('',#1164,.T.);
#1164 = EDGE_LOOP('',(#1165));
#1165 = ORIENTED_EDGE('',*,*,#1166,.T.);
#1166 = EDGE_CURVE('',#1167,#1167,#1169,.T.);
#1167 = VERTEX_POINT('',#1168);
#1168 = CARTESIAN_POINT('',(97.08,-74.96,1.6));
#1169 = CIRCLE('',#1170,0.5);
#1170 = AXIS2_PLACEMENT_3D('',#1171,#1172,#1173);
#1171 = CARTESIAN_POINT('',(97.08,-74.46,1.6));
#1172 = DIRECTION('',(-0.,0.,-1.));
#1173 = DIRECTION('',(-0.,-1.,0.));
#1174 = FACE_BOUND('',#1175,.T.);
#1175 = EDGE_LOOP('',(#1176));
#1176 = ORIENTED_EDGE('',*,*,#1177,.T.);
#1177 = EDGE_CURVE('',#1178,#1178,#1180,.T.);
#1178 = VERTEX_POINT('',#1179);
#1179 = CARTESIAN_POINT('',(99.62,-77.5,1.6));
#1180 = CIRCLE('',#1181,0.5);
#1181 = AXIS2_PLACEMENT_3D('',#1182,#1183,#1184);
#1182 = CARTESIAN_POINT('',(99.62,-77.,1.6));
#1183 = DIRECTION('',(-0.,0.,-1.));
#1184 = DIRECTION('',(-0.,-1.,0.));
#1185 = FACE_BOUND('',#1186,.T.);
#1186 = EDGE_LOOP('',(#1187));
#1187 = ORIENTED_EDGE('',*,*,#1188,.T.);
#1188 = EDGE_CURVE('',#1189,#1189,#1191,.T.);
#1189 = VERTEX_POINT('',#1190);
#1190 = CARTESIAN_POINT('',(99.62,-74.96,1.6));
#1191 = CIRCLE('',#1192,0.5);
#1192 = AXIS2_PLACEMENT_3D('',#1193,#1194,#1195);
#1193 = CARTESIAN_POINT('',(99.62,-74.46,1.6));
#1194 = DIRECTION('',(-0.,0.,-1.));
#1195 = DIRECTION('',(-0.,-1.,0.));
#1196 = FACE_BOUND('',#1197,.T.);
#1197 = EDGE_LOOP('',(#1198));
#1198 = ORIENTED_EDGE('',*,*,#1199,.T.);
#1199 = EDGE_CURVE('',#1200,#1200,#1202,.T.);
#1200 = VERTEX_POINT('',#1201);
#1201 = CARTESIAN_POINT('',(104.7,-77.5,1.6));
#1202 = CIRCLE('',#1203,0.5);
#1203 = AXIS2_PLACEMENT_3D('',#1204,#1205,#1206);
#1204 = CARTESIAN_POINT('',(104.7,-77.,1.6));
#1205 = DIRECTION('',(-0.,0.,-1.));
#1206 = DIRECTION('',(-0.,-1.,0.));
#1207 = FACE_BOUND('',#1208,.T.);
#1208 = EDGE_LOOP('',(#1209));
#1209 = ORIENTED_EDGE('',*,*,#1210,.T.);
#1210 = EDGE_CURVE('',#1211,#1211,#1213,.T.);
#1211 = VERTEX_POINT('',#1212);
#1212 = CARTESIAN_POINT('',(104.7,-74.96,1.6));
#1213 = CIRCLE('',#1214,0.5);
#1214 = AXIS2_PLACEMENT_3D('',#1215,#1216,#1217);
#1215 = CARTESIAN_POINT('',(104.7,-74.46,1.6));
#1216 = DIRECTION('',(-0.,0.,-1.));
#1217 = DIRECTION('',(-0.,-1.,0.));
#1218 = FACE_BOUND('',#1219,.T.);
#1219 = EDGE_LOOP('',(#1220));
#1220 = ORIENTED_EDGE('',*,*,#1221,.T.);
#1221 = EDGE_CURVE('',#1222,#1222,#1224,.T.);
#1222 = VERTEX_POINT('',#1223);
#1223 = CARTESIAN_POINT('',(107.24,-77.5,1.6));
#1224 = CIRCLE('',#1225,0.5);
#1225 = AXIS2_PLACEMENT_3D('',#1226,#1227,#1228);
#1226 = CARTESIAN_POINT('',(107.24,-77.,1.6));
#1227 = DIRECTION('',(-0.,0.,-1.));
#1228 = DIRECTION('',(-0.,-1.,0.));
#1229 = FACE_BOUND('',#1230,.T.);
#1230 = EDGE_LOOP('',(#1231));
#1231 = ORIENTED_EDGE('',*,*,#1232,.T.);
#1232 = EDGE_CURVE('',#1233,#1233,#1235,.T.);
#1233 = VERTEX_POINT('',#1234);
#1234 = CARTESIAN_POINT('',(107.24,-74.96,1.6));
#1235 = CIRCLE('',#1236,0.5);
#1236 = AXIS2_PLACEMENT_3D('',#1237,#1238,#1239);
#1237 = CARTESIAN_POINT('',(107.24,-74.46,1.6));
#1238 = DIRECTION('',(-0.,0.,-1.));
#1239 = DIRECTION('',(-0.,-1.,0.));
#1240 = FACE_BOUND('',#1241,.T.);
#1241 = EDGE_LOOP('',(#1242));
#1242 = ORIENTED_EDGE('',*,*,#1243,.T.);
#1243 = EDGE_CURVE('',#1244,#1244,#1246,.T.);
#1244 = VERTEX_POINT('',#1245);
#1245 = CARTESIAN_POINT('',(104.7,-71.15,1.6));
#1246 = CIRCLE('',#1247,0.5);
#1247 = AXIS2_PLACEMENT_3D('',#1248,#1249,#1250);
#1248 = CARTESIAN_POINT('',(104.7,-70.65,1.6));
#1249 = DIRECTION('',(-0.,0.,-1.));
#1250 = DIRECTION('',(-0.,-1.,0.));
#1251 = FACE_BOUND('',#1252,.T.);
#1252 = EDGE_LOOP('',(#1253));
#1253 = ORIENTED_EDGE('',*,*,#1254,.T.);
#1254 = EDGE_CURVE('',#1255,#1255,#1257,.T.);
#1255 = VERTEX_POINT('',#1256);
#1256 = CARTESIAN_POINT('',(107.24,-71.15,1.6));
#1257 = CIRCLE('',#1258,0.5);
#1258 = AXIS2_PLACEMENT_3D('',#1259,#1260,#1261);
#1259 = CARTESIAN_POINT('',(107.24,-70.65,1.6));
#1260 = DIRECTION('',(-0.,0.,-1.));
#1261 = DIRECTION('',(-0.,-1.,0.));
#1262 = FACE_BOUND('',#1263,.T.);
#1263 = EDGE_LOOP('',(#1264));
#1264 = ORIENTED_EDGE('',*,*,#1265,.T.);
#1265 = EDGE_CURVE('',#1266,#1266,#1268,.T.);
#1266 = VERTEX_POINT('',#1267);
#1267 = CARTESIAN_POINT('',(109.78,-77.5,1.6));
#1268 = CIRCLE('',#1269,0.5);
#1269 = AXIS2_PLACEMENT_3D('',#1270,#1271,#1272);
#1270 = CARTESIAN_POINT('',(109.78,-77.,1.6));
#1271 = DIRECTION('',(-0.,0.,-1.));
#1272 = DIRECTION('',(-0.,-1.,0.));
#1273 = FACE_BOUND('',#1274,.T.);
#1274 = EDGE_LOOP('',(#1275));
#1275 = ORIENTED_EDGE('',*,*,#1276,.T.);
#1276 = EDGE_CURVE('',#1277,#1277,#1279,.T.);
#1277 = VERTEX_POINT('',#1278);
#1278 = CARTESIAN_POINT('',(109.78,-74.96,1.6));
#1279 = CIRCLE('',#1280,0.5);
#1280 = AXIS2_PLACEMENT_3D('',#1281,#1282,#1283);
#1281 = CARTESIAN_POINT('',(109.78,-74.46,1.6));
#1282 = DIRECTION('',(-0.,0.,-1.));
#1283 = DIRECTION('',(-0.,-1.,0.));
#1284 = FACE_BOUND('',#1285,.T.);
#1285 = EDGE_LOOP('',(#1286));
#1286 = ORIENTED_EDGE('',*,*,#1287,.T.);
#1287 = EDGE_CURVE('',#1288,#1288,#1290,.T.);
#1288 = VERTEX_POINT('',#1289);
#1289 = CARTESIAN_POINT('',(112.32,-77.5,1.6));
#1290 = CIRCLE('',#1291,0.5);
#1291 = AXIS2_PLACEMENT_3D('',#1292,#1293,#1294);
#1292 = CARTESIAN_POINT('',(112.32,-77.,1.6));
#1293 = DIRECTION('',(-0.,0.,-1.));
#1294 = DIRECTION('',(-0.,-1.,0.));
#1295 = FACE_BOUND('',#1296,.T.);
#1296 = EDGE_LOOP('',(#1297));
#1297 = ORIENTED_EDGE('',*,*,#1298,.T.);
#1298 = EDGE_CURVE('',#1299,#1299,#1301,.T.);
#1299 = VERTEX_POINT('',#1300);
#1300 = CARTESIAN_POINT('',(112.32,-74.96,1.6));
#1301 = CIRCLE('',#1302,0.5);
#1302 = AXIS2_PLACEMENT_3D('',#1303,#1304,#1305);
#1303 = CARTESIAN_POINT('',(112.32,-74.46,1.6));
#1304 = DIRECTION('',(-0.,0.,-1.));
#1305 = DIRECTION('',(-0.,-1.,0.));
#1306 = FACE_BOUND('',#1307,.T.);
#1307 = EDGE_LOOP('',(#1308));
#1308 = ORIENTED_EDGE('',*,*,#1309,.T.);
#1309 = EDGE_CURVE('',#1310,#1310,#1312,.T.);
#1310 = VERTEX_POINT('',#1311);
#1311 = CARTESIAN_POINT('',(114.86,-77.5,1.6));
#1312 = CIRCLE('',#1313,0.5);
#1313 = AXIS2_PLACEMENT_3D('',#1314,#1315,#1316);
#1314 = CARTESIAN_POINT('',(114.86,-77.,1.6));
#1315 = DIRECTION('',(-0.,0.,-1.));
#1316 = DIRECTION('',(-0.,-1.,0.));
#1317 = FACE_BOUND('',#1318,.T.);
#1318 = EDGE_LOOP('',(#1319));
#1319 = ORIENTED_EDGE('',*,*,#1320,.T.);
#1320 = EDGE_CURVE('',#1321,#1321,#1323,.T.);
#1321 = VERTEX_POINT('',#1322);
#1322 = CARTESIAN_POINT('',(114.86,-74.96,1.6));
#1323 = CIRCLE('',#1324,0.5);
#1324 = AXIS2_PLACEMENT_3D('',#1325,#1326,#1327);
#1325 = CARTESIAN_POINT('',(114.86,-74.46,1.6));
#1326 = DIRECTION('',(-0.,0.,-1.));
#1327 = DIRECTION('',(-0.,-1.,0.));
#1328 = FACE_BOUND('',#1329,.T.);
#1329 = EDGE_LOOP('',(#1330));
#1330 = ORIENTED_EDGE('',*,*,#1331,.T.);
#1331 = EDGE_CURVE('',#1332,#1332,#1334,.T.);
#1332 = VERTEX_POINT('',#1333);
#1333 = CARTESIAN_POINT('',(109.78,-71.15,1.6));
#1334 = CIRCLE('',#1335,0.5);
#1335 = AXIS2_PLACEMENT_3D('',#1336,#1337,#1338);
#1336 = CARTESIAN_POINT('',(109.78,-70.65,1.6));
#1337 = DIRECTION('',(-0.,0.,-1.));
#1338 = DIRECTION('',(-0.,-1.,0.));
#1339 = FACE_BOUND('',#1340,.T.);
#1340 = EDGE_LOOP('',(#1341));
#1341 = ORIENTED_EDGE('',*,*,#1342,.T.);
#1342 = EDGE_CURVE('',#1343,#1343,#1345,.T.);
#1343 = VERTEX_POINT('',#1344);
#1344 = CARTESIAN_POINT('',(112.32,-71.15,1.6));
#1345 = CIRCLE('',#1346,0.5);
#1346 = AXIS2_PLACEMENT_3D('',#1347,#1348,#1349);
#1347 = CARTESIAN_POINT('',(112.32,-70.65,1.6));
#1348 = DIRECTION('',(-0.,0.,-1.));
#1349 = DIRECTION('',(-0.,-1.,0.));
#1350 = FACE_BOUND('',#1351,.T.);
#1351 = EDGE_LOOP('',(#1352));
#1352 = ORIENTED_EDGE('',*,*,#1353,.T.);
#1353 = EDGE_CURVE('',#1354,#1354,#1356,.T.);
#1354 = VERTEX_POINT('',#1355);
#1355 = CARTESIAN_POINT('',(114.86,-71.15,1.6));
#1356 = CIRCLE('',#1357,0.5);
#1357 = AXIS2_PLACEMENT_3D('',#1358,#1359,#1360);
#1358 = CARTESIAN_POINT('',(114.86,-70.65,1.6));
#1359 = DIRECTION('',(-0.,0.,-1.));
#1360 = DIRECTION('',(-0.,-1.,0.));
#1361 = FACE_BOUND('',#1362,.T.);
#1362 = EDGE_LOOP('',(#1363));
#1363 = ORIENTED_EDGE('',*,*,#1364,.T.);
#1364 = EDGE_CURVE('',#1365,#1365,#1367,.T.);
#1365 = VERTEX_POINT('',#1366);
#1366 = CARTESIAN_POINT('',(117.4,-77.5,1.6));
#1367 = CIRCLE('',#1368,0.5);
#1368 = AXIS2_PLACEMENT_3D('',#1369,#1370,#1371);
#1369 = CARTESIAN_POINT('',(117.4,-77.,1.6));
#1370 = DIRECTION('',(-0.,0.,-1.));
#1371 = DIRECTION('',(-0.,-1.,0.));
#1372 = FACE_BOUND('',#1373,.T.);
#1373 = EDGE_LOOP('',(#1374));
#1374 = ORIENTED_EDGE('',*,*,#1375,.T.);
#1375 = EDGE_CURVE('',#1376,#1376,#1378,.T.);
#1376 = VERTEX_POINT('',#1377);
#1377 = CARTESIAN_POINT('',(117.4,-74.96,1.6));
#1378 = CIRCLE('',#1379,0.5);
#1379 = AXIS2_PLACEMENT_3D('',#1380,#1381,#1382);
#1380 = CARTESIAN_POINT('',(117.4,-74.46,1.6));
#1381 = DIRECTION('',(-0.,0.,-1.));
#1382 = DIRECTION('',(-0.,-1.,0.));
#1383 = FACE_BOUND('',#1384,.T.);
#1384 = EDGE_LOOP('',(#1385));
#1385 = ORIENTED_EDGE('',*,*,#1386,.T.);
#1386 = EDGE_CURVE('',#1387,#1387,#1389,.T.);
#1387 = VERTEX_POINT('',#1388);
#1388 = CARTESIAN_POINT('',(122.48,-74.9,1.6));
#1389 = CIRCLE('',#1390,0.5);
#1390 = AXIS2_PLACEMENT_3D('',#1391,#1392,#1393);
#1391 = CARTESIAN_POINT('',(122.48,-74.4,1.6));
#1392 = DIRECTION('',(-0.,0.,-1.));
#1393 = DIRECTION('',(-0.,-1.,0.));
#1394 = FACE_BOUND('',#1395,.T.);
#1395 = EDGE_LOOP('',(#1396));
#1396 = ORIENTED_EDGE('',*,*,#1397,.T.);
#1397 = EDGE_CURVE('',#1398,#1398,#1400,.T.);
#1398 = VERTEX_POINT('',#1399);
#1399 = CARTESIAN_POINT('',(125.02,-74.9,1.6));
#1400 = CIRCLE('',#1401,0.5);
#1401 = AXIS2_PLACEMENT_3D('',#1402,#1403,#1404);
#1402 = CARTESIAN_POINT('',(125.02,-74.4,1.6));
#1403 = DIRECTION('',(-0.,0.,-1.));
#1404 = DIRECTION('',(-0.,-1.,0.));
#1405 = FACE_BOUND('',#1406,.T.);
#1406 = EDGE_LOOP('',(#1407));
#1407 = ORIENTED_EDGE('',*,*,#1408,.T.);
#1408 = EDGE_CURVE('',#1409,#1409,#1411,.T.);
#1409 = VERTEX_POINT('',#1410);
#1410 = CARTESIAN_POINT('',(122.48,-72.36,1.6));
#1411 = CIRCLE('',#1412,0.5);
#1412 = AXIS2_PLACEMENT_3D('',#1413,#1414,#1415);
#1413 = CARTESIAN_POINT('',(122.48,-71.86,1.6));
#1414 = DIRECTION('',(-0.,0.,-1.));
#1415 = DIRECTION('',(-0.,-1.,0.));
#1416 = FACE_BOUND('',#1417,.T.);
#1417 = EDGE_LOOP('',(#1418));
#1418 = ORIENTED_EDGE('',*,*,#1419,.T.);
#1419 = EDGE_CURVE('',#1420,#1420,#1422,.T.);
#1420 = VERTEX_POINT('',#1421);
#1421 = CARTESIAN_POINT('',(125.02,-72.36,1.6));
#1422 = CIRCLE('',#1423,0.5);
#1423 = AXIS2_PLACEMENT_3D('',#1424,#1425,#1426);
#1424 = CARTESIAN_POINT('',(125.02,-71.86,1.6));
#1425 = DIRECTION('',(-0.,0.,-1.));
#1426 = DIRECTION('',(-0.,-1.,0.));
#1427 = FACE_BOUND('',#1428,.T.);
#1428 = EDGE_LOOP('',(#1429));
#1429 = ORIENTED_EDGE('',*,*,#1430,.T.);
#1430 = EDGE_CURVE('',#1431,#1431,#1433,.T.);
#1431 = VERTEX_POINT('',#1432);
#1432 = CARTESIAN_POINT('',(117.4,-71.15,1.6));
#1433 = CIRCLE('',#1434,0.5);
#1434 = AXIS2_PLACEMENT_3D('',#1435,#1436,#1437);
#1435 = CARTESIAN_POINT('',(117.4,-70.65,1.6));
#1436 = DIRECTION('',(-0.,0.,-1.));
#1437 = DIRECTION('',(-0.,-1.,0.));
#1438 = FACE_BOUND('',#1439,.T.);
#1439 = EDGE_LOOP('',(#1440));
#1440 = ORIENTED_EDGE('',*,*,#1441,.T.);
#1441 = EDGE_CURVE('',#1442,#1442,#1444,.T.);
#1442 = VERTEX_POINT('',#1443);
#1443 = CARTESIAN_POINT('',(122.48,-69.82,1.6));
#1444 = CIRCLE('',#1445,0.5);
#1445 = AXIS2_PLACEMENT_3D('',#1446,#1447,#1448);
#1446 = CARTESIAN_POINT('',(122.48,-69.32,1.6));
#1447 = DIRECTION('',(-0.,0.,-1.));
#1448 = DIRECTION('',(-0.,-1.,0.));
#1449 = FACE_BOUND('',#1450,.T.);
#1450 = EDGE_LOOP('',(#1451));
#1451 = ORIENTED_EDGE('',*,*,#1452,.T.);
#1452 = EDGE_CURVE('',#1453,#1453,#1455,.T.);
#1453 = VERTEX_POINT('',#1454);
#1454 = CARTESIAN_POINT('',(125.02,-69.82,1.6));
#1455 = CIRCLE('',#1456,0.5);
#1456 = AXIS2_PLACEMENT_3D('',#1457,#1458,#1459);
#1457 = CARTESIAN_POINT('',(125.02,-69.32,1.6));
#1458 = DIRECTION('',(-0.,0.,-1.));
#1459 = DIRECTION('',(-0.,-1.,0.));
#1460 = FACE_BOUND('',#1461,.T.);
#1461 = EDGE_LOOP('',(#1462));
#1462 = ORIENTED_EDGE('',*,*,#1463,.T.);
#1463 = EDGE_CURVE('',#1464,#1464,#1466,.T.);
#1464 = VERTEX_POINT('',#1465);
#1465 = CARTESIAN_POINT('',(122.48,-67.28,1.6));
#1466 = CIRCLE('',#1467,0.5);
#1467 = AXIS2_PLACEMENT_3D('',#1468,#1469,#1470);
#1468 = CARTESIAN_POINT('',(122.48,-66.78,1.6));
#1469 = DIRECTION('',(-0.,0.,-1.));
#1470 = DIRECTION('',(-0.,-1.,0.));
#1471 = FACE_BOUND('',#1472,.T.);
#1472 = EDGE_LOOP('',(#1473));
#1473 = ORIENTED_EDGE('',*,*,#1474,.T.);
#1474 = EDGE_CURVE('',#1475,#1475,#1477,.T.);
#1475 = VERTEX_POINT('',#1476);
#1476 = CARTESIAN_POINT('',(125.02,-67.28,1.6));
#1477 = CIRCLE('',#1478,0.5);
#1478 = AXIS2_PLACEMENT_3D('',#1479,#1480,#1481);
#1479 = CARTESIAN_POINT('',(125.02,-66.78,1.6));
#1480 = DIRECTION('',(-0.,0.,-1.));
#1481 = DIRECTION('',(-0.,-1.,0.));
#1482 = FACE_BOUND('',#1483,.T.);
#1483 = EDGE_LOOP('',(#1484));
#1484 = ORIENTED_EDGE('',*,*,#1485,.T.);
#1485 = EDGE_CURVE('',#1486,#1486,#1488,.T.);
#1486 = VERTEX_POINT('',#1487);
#1487 = CARTESIAN_POINT('',(122.48,-64.74,1.6));
#1488 = CIRCLE('',#1489,0.5);
#1489 = AXIS2_PLACEMENT_3D('',#1490,#1491,#1492);
#1490 = CARTESIAN_POINT('',(122.48,-64.24,1.6));
#1491 = DIRECTION('',(-0.,0.,-1.));
#1492 = DIRECTION('',(-0.,-1.,0.));
#1493 = FACE_BOUND('',#1494,.T.);
#1494 = EDGE_LOOP('',(#1495));
#1495 = ORIENTED_EDGE('',*,*,#1496,.T.);
#1496 = EDGE_CURVE('',#1497,#1497,#1499,.T.);
#1497 = VERTEX_POINT('',#1498);
#1498 = CARTESIAN_POINT('',(125.02,-64.74,1.6));
#1499 = CIRCLE('',#1500,0.5);
#1500 = AXIS2_PLACEMENT_3D('',#1501,#1502,#1503);
#1501 = CARTESIAN_POINT('',(125.02,-64.24,1.6));
#1502 = DIRECTION('',(-0.,0.,-1.));
#1503 = DIRECTION('',(-0.,-1.,0.));
#1504 = FACE_BOUND('',#1505,.T.);
#1505 = EDGE_LOOP('',(#1506));
#1506 = ORIENTED_EDGE('',*,*,#1507,.T.);
#1507 = EDGE_CURVE('',#1508,#1508,#1510,.T.);
#1508 = VERTEX_POINT('',#1509);
#1509 = CARTESIAN_POINT('',(122.48,-62.2,1.6));
#1510 = CIRCLE('',#1511,0.5);
#1511 = AXIS2_PLACEMENT_3D('',#1512,#1513,#1514);
#1512 = CARTESIAN_POINT('',(122.48,-61.7,1.6));
#1513 = DIRECTION('',(-0.,0.,-1.));
#1514 = DIRECTION('',(-0.,-1.,0.));
#1515 = FACE_BOUND('',#1516,.T.);
#1516 = EDGE_LOOP('',(#1517));
#1517 = ORIENTED_EDGE('',*,*,#1518,.T.);
#1518 = EDGE_CURVE('',#1519,#1519,#1521,.T.);
#1519 = VERTEX_POINT('',#1520);
#1520 = CARTESIAN_POINT('',(122.48,-59.66,1.6));
#1521 = CIRCLE('',#1522,0.5);
#1522 = AXIS2_PLACEMENT_3D('',#1523,#1524,#1525);
#1523 = CARTESIAN_POINT('',(122.48,-59.16,1.6));
#1524 = DIRECTION('',(-0.,0.,-1.));
#1525 = DIRECTION('',(-0.,-1.,0.));
#1526 = FACE_BOUND('',#1527,.T.);
#1527 = EDGE_LOOP('',(#1528));
#1528 = ORIENTED_EDGE('',*,*,#1529,.T.);
#1529 = EDGE_CURVE('',#1530,#1530,#1532,.T.);
#1530 = VERTEX_POINT('',#1531);
#1531 = CARTESIAN_POINT('',(125.02,-62.2,1.6));
#1532 = CIRCLE('',#1533,0.5);
#1533 = AXIS2_PLACEMENT_3D('',#1534,#1535,#1536);
#1534 = CARTESIAN_POINT('',(125.02,-61.7,1.6));
#1535 = DIRECTION('',(-0.,0.,-1.));
#1536 = DIRECTION('',(-0.,-1.,0.));
#1537 = FACE_BOUND('',#1538,.T.);
#1538 = EDGE_LOOP('',(#1539));
#1539 = ORIENTED_EDGE('',*,*,#1540,.T.);
#1540 = EDGE_CURVE('',#1541,#1541,#1543,.T.);
#1541 = VERTEX_POINT('',#1542);
#1542 = CARTESIAN_POINT('',(125.02,-59.66,1.6));
#1543 = CIRCLE('',#1544,0.5);
#1544 = AXIS2_PLACEMENT_3D('',#1545,#1546,#1547);
#1545 = CARTESIAN_POINT('',(125.02,-59.16,1.6));
#1546 = DIRECTION('',(-0.,0.,-1.));
#1547 = DIRECTION('',(-0.,-1.,0.));
#1548 = FACE_BOUND('',#1549,.T.);
#1549 = EDGE_LOOP('',(#1550));
#1550 = ORIENTED_EDGE('',*,*,#1551,.T.);
#1551 = EDGE_CURVE('',#1552,#1552,#1554,.T.);
#1552 = VERTEX_POINT('',#1553);
#1553 = CARTESIAN_POINT('',(122.48,-57.12,1.6));
#1554 = CIRCLE('',#1555,0.5);
#1555 = AXIS2_PLACEMENT_3D('',#1556,#1557,#1558);
#1556 = CARTESIAN_POINT('',(122.48,-56.62,1.6));
#1557 = DIRECTION('',(-0.,0.,-1.));
#1558 = DIRECTION('',(-0.,-1.,0.));
#1559 = FACE_BOUND('',#1560,.T.);
#1560 = EDGE_LOOP('',(#1561));
#1561 = ORIENTED_EDGE('',*,*,#1562,.T.);
#1562 = EDGE_CURVE('',#1563,#1563,#1565,.T.);
#1563 = VERTEX_POINT('',#1564);
#1564 = CARTESIAN_POINT('',(125.02,-57.12,1.6));
#1565 = CIRCLE('',#1566,0.5);
#1566 = AXIS2_PLACEMENT_3D('',#1567,#1568,#1569);
#1567 = CARTESIAN_POINT('',(125.02,-56.62,1.6));
#1568 = DIRECTION('',(-0.,0.,-1.));
#1569 = DIRECTION('',(-0.,-1.,0.));
#1570 = FACE_BOUND('',#1571,.T.);
#1571 = EDGE_LOOP('',(#1572));
#1572 = ORIENTED_EDGE('',*,*,#1573,.T.);
#1573 = EDGE_CURVE('',#1574,#1574,#1576,.T.);
#1574 = VERTEX_POINT('',#1575);
#1575 = CARTESIAN_POINT('',(122.48,-54.58,1.6));
#1576 = CIRCLE('',#1577,0.5);
#1577 = AXIS2_PLACEMENT_3D('',#1578,#1579,#1580);
#1578 = CARTESIAN_POINT('',(122.48,-54.08,1.6));
#1579 = DIRECTION('',(-0.,0.,-1.));
#1580 = DIRECTION('',(-0.,-1.,0.));
#1581 = FACE_BOUND('',#1582,.T.);
#1582 = EDGE_LOOP('',(#1583));
#1583 = ORIENTED_EDGE('',*,*,#1584,.T.);
#1584 = EDGE_CURVE('',#1585,#1585,#1587,.T.);
#1585 = VERTEX_POINT('',#1586);
#1586 = CARTESIAN_POINT('',(125.02,-54.58,1.6));
#1587 = CIRCLE('',#1588,0.5);
#1588 = AXIS2_PLACEMENT_3D('',#1589,#1590,#1591);
#1589 = CARTESIAN_POINT('',(125.02,-54.08,1.6));
#1590 = DIRECTION('',(-0.,0.,-1.));
#1591 = DIRECTION('',(-0.,-1.,0.));
#1592 = FACE_BOUND('',#1593,.T.);
#1593 = EDGE_LOOP('',(#1594,#1605,#1613,#1622));
#1594 = ORIENTED_EDGE('',*,*,#1595,.T.);
#1595 = EDGE_CURVE('',#1596,#1598,#1600,.T.);
#1596 = VERTEX_POINT('',#1597);
#1597 = CARTESIAN_POINT('',(90.65,-41.12,1.6));
#1598 = VERTEX_POINT('',#1599);
#1599 = CARTESIAN_POINT('',(90.65,-40.52,1.6));
#1600 = CIRCLE('',#1601,0.3);
#1601 = AXIS2_PLACEMENT_3D('',#1602,#1603,#1604);
#1602 = CARTESIAN_POINT('',(90.65,-40.82,1.6));
#1603 = DIRECTION('',(0.,-0.,-1.));
#1604 = DIRECTION('',(4.736951571734E-14,1.,-0.));
#1605 = ORIENTED_EDGE('',*,*,#1606,.T.);
#1606 = EDGE_CURVE('',#1598,#1607,#1609,.T.);
#1607 = VERTEX_POINT('',#1608);
#1608 = CARTESIAN_POINT('',(91.25,-40.52,1.6));
#1609 = LINE('',#1610,#1611);
#1610 = CARTESIAN_POINT('',(45.625,-40.52,1.6));
#1611 = VECTOR('',#1612,1.);
#1612 = DIRECTION('',(1.,0.,-0.));
#1613 = ORIENTED_EDGE('',*,*,#1614,.T.);
#1614 = EDGE_CURVE('',#1607,#1615,#1617,.T.);
#1615 = VERTEX_POINT('',#1616);
#1616 = CARTESIAN_POINT('',(91.25,-41.12,1.6));
#1617 = CIRCLE('',#1618,0.3);
#1618 = AXIS2_PLACEMENT_3D('',#1619,#1620,#1621);
#1619 = CARTESIAN_POINT('',(91.25,-40.82,1.6));
#1620 = DIRECTION('',(-0.,0.,-1.));
#1621 = DIRECTION('',(-0.,-1.,0.));
#1622 = ORIENTED_EDGE('',*,*,#1623,.T.);
#1623 = EDGE_CURVE('',#1615,#1596,#1624,.T.);
#1624 = LINE('',#1625,#1626);
#1625 = CARTESIAN_POINT('',(45.325,-41.12,1.6));
#1626 = VECTOR('',#1627,1.);
#1627 = DIRECTION('',(-1.,0.,0.));
#1628 = FACE_BOUND('',#1629,.T.);
#1629 = EDGE_LOOP('',(#1630,#1641,#1649,#1658));
#1630 = ORIENTED_EDGE('',*,*,#1631,.T.);
#1631 = EDGE_CURVE('',#1632,#1634,#1636,.T.);
#1632 = VERTEX_POINT('',#1633);
#1633 = CARTESIAN_POINT('',(94.58,-41.12,1.6));
#1634 = VERTEX_POINT('',#1635);
#1635 = CARTESIAN_POINT('',(94.58,-40.52,1.6));
#1636 = CIRCLE('',#1637,0.3);
#1637 = AXIS2_PLACEMENT_3D('',#1638,#1639,#1640);
#1638 = CARTESIAN_POINT('',(94.58,-40.82,1.6));
#1639 = DIRECTION('',(-0.,0.,-1.));
#1640 = DIRECTION('',(-4.736951571734E-14,1.,0.));
#1641 = ORIENTED_EDGE('',*,*,#1642,.T.);
#1642 = EDGE_CURVE('',#1634,#1643,#1645,.T.);
#1643 = VERTEX_POINT('',#1644);
#1644 = CARTESIAN_POINT('',(95.68,-40.52,1.6));
#1645 = LINE('',#1646,#1647);
#1646 = CARTESIAN_POINT('',(47.84,-40.52,1.6));
#1647 = VECTOR('',#1648,1.);
#1648 = DIRECTION('',(1.,0.,-0.));
#1649 = ORIENTED_EDGE('',*,*,#1650,.T.);
#1650 = EDGE_CURVE('',#1643,#1651,#1653,.T.);
#1651 = VERTEX_POINT('',#1652);
#1652 = CARTESIAN_POINT('',(95.68,-41.12,1.6));
#1653 = CIRCLE('',#1654,0.3);
#1654 = AXIS2_PLACEMENT_3D('',#1655,#1656,#1657);
#1655 = CARTESIAN_POINT('',(95.68,-40.82,1.6));
#1656 = DIRECTION('',(-0.,0.,-1.));
#1657 = DIRECTION('',(-0.,-1.,0.));
#1658 = ORIENTED_EDGE('',*,*,#1659,.T.);
#1659 = EDGE_CURVE('',#1651,#1632,#1660,.T.);
#1660 = LINE('',#1661,#1662);
#1661 = CARTESIAN_POINT('',(47.29,-41.12,1.6));
#1662 = VECTOR('',#1663,1.);
#1663 = DIRECTION('',(-1.,0.,0.));
#1664 = FACE_BOUND('',#1665,.T.);
#1665 = EDGE_LOOP('',(#1666));
#1666 = ORIENTED_EDGE('',*,*,#1667,.T.);
#1667 = EDGE_CURVE('',#1668,#1668,#1670,.T.);
#1668 = VERTEX_POINT('',#1669);
#1669 = CARTESIAN_POINT('',(94.6,-39.715,1.6));
#1670 = CIRCLE('',#1671,0.325);
#1671 = AXIS2_PLACEMENT_3D('',#1672,#1673,#1674);
#1672 = CARTESIAN_POINT('',(94.6,-39.39,1.6));
#1673 = DIRECTION('',(-0.,0.,-1.));
#1674 = DIRECTION('',(-0.,-1.,0.));
#1675 = FACE_BOUND('',#1676,.T.);
#1676 = EDGE_LOOP('',(#1677));
#1677 = ORIENTED_EDGE('',*,*,#1678,.T.);
#1678 = EDGE_CURVE('',#1679,#1679,#1681,.T.);
#1679 = VERTEX_POINT('',#1680);
#1680 = CARTESIAN_POINT('',(94.6,-33.935,1.6));
#1681 = CIRCLE('',#1682,0.325);
#1682 = AXIS2_PLACEMENT_3D('',#1683,#1684,#1685);
#1683 = CARTESIAN_POINT('',(94.6,-33.61,1.6));
#1684 = DIRECTION('',(-0.,0.,-1.));
#1685 = DIRECTION('',(-0.,-1.,0.));
#1686 = FACE_BOUND('',#1687,.T.);
#1687 = EDGE_LOOP('',(#1688,#1699,#1707,#1716));
#1688 = ORIENTED_EDGE('',*,*,#1689,.T.);
#1689 = EDGE_CURVE('',#1690,#1692,#1694,.T.);
#1690 = VERTEX_POINT('',#1691);
#1691 = CARTESIAN_POINT('',(90.65,-32.48,1.6));
#1692 = VERTEX_POINT('',#1693);
#1693 = CARTESIAN_POINT('',(90.65,-31.88,1.6));
#1694 = CIRCLE('',#1695,0.3);
#1695 = AXIS2_PLACEMENT_3D('',#1696,#1697,#1698);
#1696 = CARTESIAN_POINT('',(90.65,-32.18,1.6));
#1697 = DIRECTION('',(0.,-0.,-1.));
#1698 = DIRECTION('',(4.736951571734E-14,1.,-0.));
#1699 = ORIENTED_EDGE('',*,*,#1700,.T.);
#1700 = EDGE_CURVE('',#1692,#1701,#1703,.T.);
#1701 = VERTEX_POINT('',#1702);
#1702 = CARTESIAN_POINT('',(91.25,-31.88,1.6));
#1703 = LINE('',#1704,#1705);
#1704 = CARTESIAN_POINT('',(45.625,-31.88,1.6));
#1705 = VECTOR('',#1706,1.);
#1706 = DIRECTION('',(1.,0.,-0.));
#1707 = ORIENTED_EDGE('',*,*,#1708,.T.);
#1708 = EDGE_CURVE('',#1701,#1709,#1711,.T.);
#1709 = VERTEX_POINT('',#1710);
#1710 = CARTESIAN_POINT('',(91.25,-32.48,1.6));
#1711 = CIRCLE('',#1712,0.3);
#1712 = AXIS2_PLACEMENT_3D('',#1713,#1714,#1715);
#1713 = CARTESIAN_POINT('',(91.25,-32.18,1.6));
#1714 = DIRECTION('',(-0.,0.,-1.));
#1715 = DIRECTION('',(-0.,-1.,0.));
#1716 = ORIENTED_EDGE('',*,*,#1717,.T.);
#1717 = EDGE_CURVE('',#1709,#1690,#1718,.T.);
#1718 = LINE('',#1719,#1720);
#1719 = CARTESIAN_POINT('',(45.325,-32.48,1.6));
#1720 = VECTOR('',#1721,1.);
#1721 = DIRECTION('',(-1.,0.,0.));
#1722 = FACE_BOUND('',#1723,.T.);
#1723 = EDGE_LOOP('',(#1724,#1735,#1743,#1752));
#1724 = ORIENTED_EDGE('',*,*,#1725,.T.);
#1725 = EDGE_CURVE('',#1726,#1728,#1730,.T.);
#1726 = VERTEX_POINT('',#1727);
#1727 = CARTESIAN_POINT('',(94.58,-32.48,1.6));
#1728 = VERTEX_POINT('',#1729);
#1729 = CARTESIAN_POINT('',(94.58,-31.88,1.6));
#1730 = CIRCLE('',#1731,0.3);
#1731 = AXIS2_PLACEMENT_3D('',#1732,#1733,#1734);
#1732 = CARTESIAN_POINT('',(94.58,-32.18,1.6));
#1733 = DIRECTION('',(-0.,0.,-1.));
#1734 = DIRECTION('',(-4.736951571734E-14,1.,0.));
#1735 = ORIENTED_EDGE('',*,*,#1736,.T.);
#1736 = EDGE_CURVE('',#1728,#1737,#1739,.T.);
#1737 = VERTEX_POINT('',#1738);
#1738 = CARTESIAN_POINT('',(95.68,-31.88,1.6));
#1739 = LINE('',#1740,#1741);
#1740 = CARTESIAN_POINT('',(47.84,-31.88,1.6));
#1741 = VECTOR('',#1742,1.);
#1742 = DIRECTION('',(1.,0.,-0.));
#1743 = ORIENTED_EDGE('',*,*,#1744,.T.);
#1744 = EDGE_CURVE('',#1737,#1745,#1747,.T.);
#1745 = VERTEX_POINT('',#1746);
#1746 = CARTESIAN_POINT('',(95.68,-32.48,1.6));
#1747 = CIRCLE('',#1748,0.3);
#1748 = AXIS2_PLACEMENT_3D('',#1749,#1750,#1751);
#1749 = CARTESIAN_POINT('',(95.68,-32.18,1.6));
#1750 = DIRECTION('',(-0.,0.,-1.));
#1751 = DIRECTION('',(-0.,-1.,0.));
#1752 = ORIENTED_EDGE('',*,*,#1753,.T.);
#1753 = EDGE_CURVE('',#1745,#1726,#1754,.T.);
#1754 = LINE('',#1755,#1756);
#1755 = CARTESIAN_POINT('',(47.29,-32.48,1.6));
#1756 = VECTOR('',#1757,1.);
#1757 = DIRECTION('',(-1.,0.,0.));
#1758 = FACE_BOUND('',#1759,.T.);
#1759 = EDGE_LOOP('',(#1760));
#1760 = ORIENTED_EDGE('',*,*,#1761,.T.);
#1761 = EDGE_CURVE('',#1762,#1762,#1764,.T.);
#1762 = VERTEX_POINT('',#1763);
#1763 = CARTESIAN_POINT('',(95.1,-27.775,1.6));
#1764 = CIRCLE('',#1765,0.375);
#1765 = AXIS2_PLACEMENT_3D('',#1766,#1767,#1768);
#1766 = CARTESIAN_POINT('',(95.1,-27.4,1.6));
#1767 = DIRECTION('',(-0.,0.,-1.));
#1768 = DIRECTION('',(-0.,-1.,0.));
#1769 = FACE_BOUND('',#1770,.T.);
#1770 = EDGE_LOOP('',(#1771));
#1771 = ORIENTED_EDGE('',*,*,#1772,.T.);
#1772 = EDGE_CURVE('',#1773,#1773,#1775,.T.);
#1773 = VERTEX_POINT('',#1774);
#1774 = CARTESIAN_POINT('',(97.1,-27.775,1.6));
#1775 = CIRCLE('',#1776,0.375);
#1776 = AXIS2_PLACEMENT_3D('',#1777,#1778,#1779);
#1777 = CARTESIAN_POINT('',(97.1,-27.4,1.6));
#1778 = DIRECTION('',(-0.,0.,-1.));
#1779 = DIRECTION('',(-0.,-1.,0.));
#1780 = FACE_BOUND('',#1781,.T.);
#1781 = EDGE_LOOP('',(#1782));
#1782 = ORIENTED_EDGE('',*,*,#1783,.T.);
#1783 = EDGE_CURVE('',#1784,#1784,#1786,.T.);
#1784 = VERTEX_POINT('',#1785);
#1785 = CARTESIAN_POINT('',(122.48,-52.04,1.6));
#1786 = CIRCLE('',#1787,0.5);
#1787 = AXIS2_PLACEMENT_3D('',#1788,#1789,#1790);
#1788 = CARTESIAN_POINT('',(122.48,-51.54,1.6));
#1789 = DIRECTION('',(-0.,0.,-1.));
#1790 = DIRECTION('',(-0.,-1.,0.));
#1791 = FACE_BOUND('',#1792,.T.);
#1792 = EDGE_LOOP('',(#1793));
#1793 = ORIENTED_EDGE('',*,*,#1794,.T.);
#1794 = EDGE_CURVE('',#1795,#1795,#1797,.T.);
#1795 = VERTEX_POINT('',#1796);
#1796 = CARTESIAN_POINT('',(125.02,-52.04,1.6));
#1797 = CIRCLE('',#1798,0.5);
#1798 = AXIS2_PLACEMENT_3D('',#1799,#1800,#1801);
#1799 = CARTESIAN_POINT('',(125.02,-51.54,1.6));
#1800 = DIRECTION('',(-0.,0.,-1.));
#1801 = DIRECTION('',(-0.,-1.,0.));
#1802 = FACE_BOUND('',#1803,.T.);
#1803 = EDGE_LOOP('',(#1804));
#1804 = ORIENTED_EDGE('',*,*,#1805,.T.);
#1805 = EDGE_CURVE('',#1806,#1806,#1808,.T.);
#1806 = VERTEX_POINT('',#1807);
#1807 = CARTESIAN_POINT('',(122.48,-49.5,1.6));
#1808 = CIRCLE('',#1809,0.5);
#1809 = AXIS2_PLACEMENT_3D('',#1810,#1811,#1812);
#1810 = CARTESIAN_POINT('',(122.48,-49.,1.6));
#1811 = DIRECTION('',(-0.,0.,-1.));
#1812 = DIRECTION('',(-0.,-1.,0.));
#1813 = FACE_BOUND('',#1814,.T.);
#1814 = EDGE_LOOP('',(#1815));
#1815 = ORIENTED_EDGE('',*,*,#1816,.T.);
#1816 = EDGE_CURVE('',#1817,#1817,#1819,.T.);
#1817 = VERTEX_POINT('',#1818);
#1818 = CARTESIAN_POINT('',(122.48,-46.96,1.6));
#1819 = CIRCLE('',#1820,0.5);
#1820 = AXIS2_PLACEMENT_3D('',#1821,#1822,#1823);
#1821 = CARTESIAN_POINT('',(122.48,-46.46,1.6));
#1822 = DIRECTION('',(-0.,0.,-1.));
#1823 = DIRECTION('',(-0.,-1.,0.));
#1824 = FACE_BOUND('',#1825,.T.);
#1825 = EDGE_LOOP('',(#1826));
#1826 = ORIENTED_EDGE('',*,*,#1827,.T.);
#1827 = EDGE_CURVE('',#1828,#1828,#1830,.T.);
#1828 = VERTEX_POINT('',#1829);
#1829 = CARTESIAN_POINT('',(125.02,-49.5,1.6));
#1830 = CIRCLE('',#1831,0.5);
#1831 = AXIS2_PLACEMENT_3D('',#1832,#1833,#1834);
#1832 = CARTESIAN_POINT('',(125.02,-49.,1.6));
#1833 = DIRECTION('',(-0.,0.,-1.));
#1834 = DIRECTION('',(-0.,-1.,0.));
#1835 = FACE_BOUND('',#1836,.T.);
#1836 = EDGE_LOOP('',(#1837));
#1837 = ORIENTED_EDGE('',*,*,#1838,.T.);
#1838 = EDGE_CURVE('',#1839,#1839,#1841,.T.);
#1839 = VERTEX_POINT('',#1840);
#1840 = CARTESIAN_POINT('',(125.02,-46.96,1.6));
#1841 = CIRCLE('',#1842,0.5);
#1842 = AXIS2_PLACEMENT_3D('',#1843,#1844,#1845);
#1843 = CARTESIAN_POINT('',(125.02,-46.46,1.6));
#1844 = DIRECTION('',(-0.,0.,-1.));
#1845 = DIRECTION('',(-0.,-1.,0.));
#1846 = FACE_BOUND('',#1847,.T.);
#1847 = EDGE_LOOP('',(#1848));
#1848 = ORIENTED_EDGE('',*,*,#1849,.T.);
#1849 = EDGE_CURVE('',#1850,#1850,#1852,.T.);
#1850 = VERTEX_POINT('',#1851);
#1851 = CARTESIAN_POINT('',(122.48,-44.42,1.6));
#1852 = CIRCLE('',#1853,0.5);
#1853 = AXIS2_PLACEMENT_3D('',#1854,#1855,#1856);
#1854 = CARTESIAN_POINT('',(122.48,-43.92,1.6));
#1855 = DIRECTION('',(-0.,0.,-1.));
#1856 = DIRECTION('',(-0.,-1.,0.));
#1857 = FACE_BOUND('',#1858,.T.);
#1858 = EDGE_LOOP('',(#1859));
#1859 = ORIENTED_EDGE('',*,*,#1860,.T.);
#1860 = EDGE_CURVE('',#1861,#1861,#1863,.T.);
#1861 = VERTEX_POINT('',#1862);
#1862 = CARTESIAN_POINT('',(125.02,-44.42,1.6));
#1863 = CIRCLE('',#1864,0.5);
#1864 = AXIS2_PLACEMENT_3D('',#1865,#1866,#1867);
#1865 = CARTESIAN_POINT('',(125.02,-43.92,1.6));
#1866 = DIRECTION('',(-0.,0.,-1.));
#1867 = DIRECTION('',(-0.,-1.,0.));
#1868 = FACE_BOUND('',#1869,.T.);
#1869 = EDGE_LOOP('',(#1870));
#1870 = ORIENTED_EDGE('',*,*,#1871,.T.);
#1871 = EDGE_CURVE('',#1872,#1872,#1874,.T.);
#1872 = VERTEX_POINT('',#1873);
#1873 = CARTESIAN_POINT('',(122.48,-41.88,1.6));
#1874 = CIRCLE('',#1875,0.5);
#1875 = AXIS2_PLACEMENT_3D('',#1876,#1877,#1878);
#1876 = CARTESIAN_POINT('',(122.48,-41.38,1.6));
#1877 = DIRECTION('',(-0.,0.,-1.));
#1878 = DIRECTION('',(-0.,-1.,0.));
#1879 = FACE_BOUND('',#1880,.T.);
#1880 = EDGE_LOOP('',(#1881));
#1881 = ORIENTED_EDGE('',*,*,#1882,.T.);
#1882 = EDGE_CURVE('',#1883,#1883,#1885,.T.);
#1883 = VERTEX_POINT('',#1884);
#1884 = CARTESIAN_POINT('',(125.02,-41.88,1.6));
#1885 = CIRCLE('',#1886,0.5);
#1886 = AXIS2_PLACEMENT_3D('',#1887,#1888,#1889);
#1887 = CARTESIAN_POINT('',(125.02,-41.38,1.6));
#1888 = DIRECTION('',(-0.,0.,-1.));
#1889 = DIRECTION('',(-0.,-1.,0.));
#1890 = FACE_BOUND('',#1891,.T.);
#1891 = EDGE_LOOP('',(#1892));
#1892 = ORIENTED_EDGE('',*,*,#1893,.T.);
#1893 = EDGE_CURVE('',#1894,#1894,#1896,.T.);
#1894 = VERTEX_POINT('',#1895);
#1895 = CARTESIAN_POINT('',(122.48,-39.34,1.6));
#1896 = CIRCLE('',#1897,0.5);
#1897 = AXIS2_PLACEMENT_3D('',#1898,#1899,#1900);
#1898 = CARTESIAN_POINT('',(122.48,-38.84,1.6));
#1899 = DIRECTION('',(-0.,0.,-1.));
#1900 = DIRECTION('',(-0.,-1.,0.));
#1901 = FACE_BOUND('',#1902,.T.);
#1902 = EDGE_LOOP('',(#1903));
#1903 = ORIENTED_EDGE('',*,*,#1904,.T.);
#1904 = EDGE_CURVE('',#1905,#1905,#1907,.T.);
#1905 = VERTEX_POINT('',#1906);
#1906 = CARTESIAN_POINT('',(125.02,-39.34,1.6));
#1907 = CIRCLE('',#1908,0.5);
#1908 = AXIS2_PLACEMENT_3D('',#1909,#1910,#1911);
#1909 = CARTESIAN_POINT('',(125.02,-38.84,1.6));
#1910 = DIRECTION('',(-0.,0.,-1.));
#1911 = DIRECTION('',(-0.,-1.,0.));
#1912 = FACE_BOUND('',#1913,.T.);
#1913 = EDGE_LOOP('',(#1914));
#1914 = ORIENTED_EDGE('',*,*,#1915,.T.);
#1915 = EDGE_CURVE('',#1916,#1916,#1918,.T.);
#1916 = VERTEX_POINT('',#1917);
#1917 = CARTESIAN_POINT('',(122.48,-36.8,1.6));
#1918 = CIRCLE('',#1919,0.5);
#1919 = AXIS2_PLACEMENT_3D('',#1920,#1921,#1922);
#1920 = CARTESIAN_POINT('',(122.48,-36.3,1.6));
#1921 = DIRECTION('',(-0.,0.,-1.));
#1922 = DIRECTION('',(-0.,-1.,0.));
#1923 = FACE_BOUND('',#1924,.T.);
#1924 = EDGE_LOOP('',(#1925));
#1925 = ORIENTED_EDGE('',*,*,#1926,.T.);
#1926 = EDGE_CURVE('',#1927,#1927,#1929,.T.);
#1927 = VERTEX_POINT('',#1928);
#1928 = CARTESIAN_POINT('',(122.48,-34.26,1.6));
#1929 = CIRCLE('',#1930,0.5);
#1930 = AXIS2_PLACEMENT_3D('',#1931,#1932,#1933);
#1931 = CARTESIAN_POINT('',(122.48,-33.76,1.6));
#1932 = DIRECTION('',(-0.,0.,-1.));
#1933 = DIRECTION('',(-0.,-1.,0.));
#1934 = FACE_BOUND('',#1935,.T.);
#1935 = EDGE_LOOP('',(#1936));
#1936 = ORIENTED_EDGE('',*,*,#1937,.T.);
#1937 = EDGE_CURVE('',#1938,#1938,#1940,.T.);
#1938 = VERTEX_POINT('',#1939);
#1939 = CARTESIAN_POINT('',(125.02,-36.8,1.6));
#1940 = CIRCLE('',#1941,0.5);
#1941 = AXIS2_PLACEMENT_3D('',#1942,#1943,#1944);
#1942 = CARTESIAN_POINT('',(125.02,-36.3,1.6));
#1943 = DIRECTION('',(-0.,0.,-1.));
#1944 = DIRECTION('',(-0.,-1.,0.));
#1945 = FACE_BOUND('',#1946,.T.);
#1946 = EDGE_LOOP('',(#1947));
#1947 = ORIENTED_EDGE('',*,*,#1948,.T.);
#1948 = EDGE_CURVE('',#1949,#1949,#1951,.T.);
#1949 = VERTEX_POINT('',#1950);
#1950 = CARTESIAN_POINT('',(125.02,-34.26,1.6));
#1951 = CIRCLE('',#1952,0.5);
#1952 = AXIS2_PLACEMENT_3D('',#1953,#1954,#1955);
#1953 = CARTESIAN_POINT('',(125.02,-33.76,1.6));
#1954 = DIRECTION('',(-0.,0.,-1.));
#1955 = DIRECTION('',(-0.,-1.,0.));
#1956 = FACE_BOUND('',#1957,.T.);
#1957 = EDGE_LOOP('',(#1958));
#1958 = ORIENTED_EDGE('',*,*,#1959,.T.);
#1959 = EDGE_CURVE('',#1960,#1960,#1962,.T.);
#1960 = VERTEX_POINT('',#1961);
#1961 = CARTESIAN_POINT('',(122.48,-31.72,1.6));
#1962 = CIRCLE('',#1963,0.5);
#1963 = AXIS2_PLACEMENT_3D('',#1964,#1965,#1966);
#1964 = CARTESIAN_POINT('',(122.48,-31.22,1.6));
#1965 = DIRECTION('',(-0.,0.,-1.));
#1966 = DIRECTION('',(-0.,-1.,0.));
#1967 = FACE_BOUND('',#1968,.T.);
#1968 = EDGE_LOOP('',(#1969));
#1969 = ORIENTED_EDGE('',*,*,#1970,.T.);
#1970 = EDGE_CURVE('',#1971,#1971,#1973,.T.);
#1971 = VERTEX_POINT('',#1972);
#1972 = CARTESIAN_POINT('',(125.02,-31.72,1.6));
#1973 = CIRCLE('',#1974,0.5);
#1974 = AXIS2_PLACEMENT_3D('',#1975,#1976,#1977);
#1975 = CARTESIAN_POINT('',(125.02,-31.22,1.6));
#1976 = DIRECTION('',(-0.,0.,-1.));
#1977 = DIRECTION('',(-0.,-1.,0.));
#1978 = PLANE('',#1979);
#1979 = AXIS2_PLACEMENT_3D('',#1980,#1981,#1982);
#1980 = CARTESIAN_POINT('',(0.,0.,1.6));
#1981 = DIRECTION('',(0.,0.,1.));
#1982 = DIRECTION('',(1.,0.,-0.));
#1983 = ADVANCED_FACE('',(#1984),#1995,.T.);
#1984 = FACE_BOUND('',#1985,.T.);
#1985 = EDGE_LOOP('',(#1986,#1992,#1993,#1994));
#1986 = ORIENTED_EDGE('',*,*,#1987,.T.);
#1987 = EDGE_CURVE('',#146,#1068,#1988,.T.);
#1988 = LINE('',#1989,#1990);
#1989 = CARTESIAN_POINT('',(89.,-26.,0.));
#1990 = VECTOR('',#1991,1.);
#1991 = DIRECTION('',(0.,0.,1.));
#1992 = ORIENTED_EDGE('',*,*,#1067,.T.);
#1993 = ORIENTED_EDGE('',*,*,#81,.F.);
#1994 = ORIENTED_EDGE('',*,*,#145,.F.);
#1995 = CYLINDRICAL_SURFACE('',#1996,0.999999252925);
#1996 = AXIS2_PLACEMENT_3D('',#1997,#1998,#1999);
#1997 = CARTESIAN_POINT('',(89.999999252925,-25.99999925292,0.));
#1998 = DIRECTION('',(0.,0.,-1.));
#1999 = DIRECTION('',(-1.,-7.470757314012E-07,-0.));
#2000 = ADVANCED_FACE('',(#2001),#2012,.T.);
#2001 = FACE_BOUND('',#2002,.T.);
#2002 = EDGE_LOOP('',(#2003,#2004,#2005,#2011));
#2003 = ORIENTED_EDGE('',*,*,#121,.T.);
#2004 = ORIENTED_EDGE('',*,*,#1101,.T.);
#2005 = ORIENTED_EDGE('',*,*,#2006,.F.);
#2006 = EDGE_CURVE('',#172,#1094,#2007,.T.);
#2007 = LINE('',#2008,#2009);
#2008 = CARTESIAN_POINT('',(127.,-79.,0.));
#2009 = VECTOR('',#2010,1.);
#2010 = DIRECTION('',(0.,0.,1.));
#2011 = ORIENTED_EDGE('',*,*,#179,.F.);
#2012 = CYLINDRICAL_SURFACE('',#2013,0.999999252925);
#2013 = AXIS2_PLACEMENT_3D('',#2014,#2015,#2016);
#2014 = CARTESIAN_POINT('',(127.00000074707,-78.00000074707,0.));
#2015 = DIRECTION('',(0.,0.,-1.));
#2016 = DIRECTION('',(1.,7.47075720743E-07,0.));
#2017 = ADVANCED_FACE('',(#2018),#2029,.T.);
#2018 = FACE_BOUND('',#2019,.T.);
#2019 = EDGE_LOOP('',(#2020,#2026,#2027,#2028));
#2020 = ORIENTED_EDGE('',*,*,#2021,.T.);
#2021 = EDGE_CURVE('',#155,#1077,#2022,.T.);
#2022 = LINE('',#2023,#2024);
#2023 = CARTESIAN_POINT('',(89.,-78.,0.));
#2024 = VECTOR('',#2025,1.);
#2025 = DIRECTION('',(0.,0.,1.));
#2026 = ORIENTED_EDGE('',*,*,#1076,.T.);
#2027 = ORIENTED_EDGE('',*,*,#1987,.F.);
#2028 = ORIENTED_EDGE('',*,*,#154,.F.);
#2029 = PLANE('',#2030);
#2030 = AXIS2_PLACEMENT_3D('',#2031,#2032,#2033);
#2031 = CARTESIAN_POINT('',(89.,-78.,0.));
#2032 = DIRECTION('',(-1.,0.,0.));
#2033 = DIRECTION('',(0.,1.,0.));
#2034 = ADVANCED_FACE('',(#2035),#2046,.T.);
#2035 = FACE_BOUND('',#2036,.T.);
#2036 = EDGE_LOOP('',(#2037,#2038,#2039,#2045));
#2037 = ORIENTED_EDGE('',*,*,#2006,.T.);
#2038 = ORIENTED_EDGE('',*,*,#1093,.T.);
#2039 = ORIENTED_EDGE('',*,*,#2040,.F.);
#2040 = EDGE_CURVE('',#163,#1085,#2041,.T.);
#2041 = LINE('',#2042,#2043);
#2042 = CARTESIAN_POINT('',(90.,-79.,0.));
#2043 = VECTOR('',#2044,1.);
#2044 = DIRECTION('',(0.,0.,1.));
#2045 = ORIENTED_EDGE('',*,*,#171,.F.);
#2046 = PLANE('',#2047);
#2047 = AXIS2_PLACEMENT_3D('',#2048,#2049,#2050);
#2048 = CARTESIAN_POINT('',(127.,-79.,0.));
#2049 = DIRECTION('',(0.,-1.,0.));
#2050 = DIRECTION('',(-1.,0.,0.));
#2051 = ADVANCED_FACE('',(#2052),#2058,.T.);
#2052 = FACE_BOUND('',#2053,.T.);
#2053 = EDGE_LOOP('',(#2054,#2055,#2056,#2057));
#2054 = ORIENTED_EDGE('',*,*,#2040,.T.);
#2055 = ORIENTED_EDGE('',*,*,#1084,.T.);
#2056 = ORIENTED_EDGE('',*,*,#2021,.F.);
#2057 = ORIENTED_EDGE('',*,*,#162,.F.);
#2058 = CYLINDRICAL_SURFACE('',#2059,0.999999252925);
#2059 = AXIS2_PLACEMENT_3D('',#2060,#2061,#2062);
#2060 = CARTESIAN_POINT('',(89.999999252925,-78.00000074707,0.));
#2061 = DIRECTION('',(0.,0.,-1.));
#2062 = DIRECTION('',(7.47075720743E-07,-1.,0.));
#2063 = ADVANCED_FACE('',(#2064),#2075,.F.);
#2064 = FACE_BOUND('',#2065,.T.);
#2065 = EDGE_LOOP('',(#2066,#2067,#2073,#2074));
#2066 = ORIENTED_EDGE('',*,*,#189,.T.);
#2067 = ORIENTED_EDGE('',*,*,#2068,.T.);
#2068 = EDGE_CURVE('',#190,#1112,#2069,.T.);
#2069 = LINE('',#2070,#2071);
#2070 = CARTESIAN_POINT('',(92.,-77.5,-4.5E-02));
#2071 = VECTOR('',#2072,1.);
#2072 = DIRECTION('',(0.,0.,1.));
#2073 = ORIENTED_EDGE('',*,*,#1111,.F.);
#2074 = ORIENTED_EDGE('',*,*,#2068,.F.);
#2075 = CYLINDRICAL_SURFACE('',#2076,0.5);
#2076 = AXIS2_PLACEMENT_3D('',#2077,#2078,#2079);
#2077 = CARTESIAN_POINT('',(92.,-77.,-4.5E-02));
#2078 = DIRECTION('',(-0.,-0.,-1.));
#2079 = DIRECTION('',(-0.,-1.,0.));
#2080 = ADVANCED_FACE('',(#2081),#2092,.F.);
#2081 = FACE_BOUND('',#2082,.T.);
#2082 = EDGE_LOOP('',(#2083,#2084,#2090,#2091));
#2083 = ORIENTED_EDGE('',*,*,#200,.T.);
#2084 = ORIENTED_EDGE('',*,*,#2085,.T.);
#2085 = EDGE_CURVE('',#201,#1123,#2086,.T.);
#2086 = LINE('',#2087,#2088);
#2087 = CARTESIAN_POINT('',(92.,-74.96,-4.5E-02));
#2088 = VECTOR('',#2089,1.);
#2089 = DIRECTION('',(0.,0.,1.));
#2090 = ORIENTED_EDGE('',*,*,#1122,.F.);
#2091 = ORIENTED_EDGE('',*,*,#2085,.F.);
#2092 = CYLINDRICAL_SURFACE('',#2093,0.5);
#2093 = AXIS2_PLACEMENT_3D('',#2094,#2095,#2096);
#2094 = CARTESIAN_POINT('',(92.,-74.46,-4.5E-02));
#2095 = DIRECTION('',(-0.,-0.,-1.));
#2096 = DIRECTION('',(-0.,-1.,0.));
#2097 = ADVANCED_FACE('',(#2098),#2109,.F.);
#2098 = FACE_BOUND('',#2099,.T.);
#2099 = EDGE_LOOP('',(#2100,#2101,#2107,#2108));
#2100 = ORIENTED_EDGE('',*,*,#211,.T.);
#2101 = ORIENTED_EDGE('',*,*,#2102,.T.);
#2102 = EDGE_CURVE('',#212,#1134,#2103,.T.);
#2103 = LINE('',#2104,#2105);
#2104 = CARTESIAN_POINT('',(94.54,-77.5,-4.5E-02));
#2105 = VECTOR('',#2106,1.);
#2106 = DIRECTION('',(0.,0.,1.));
#2107 = ORIENTED_EDGE('',*,*,#1133,.F.);
#2108 = ORIENTED_EDGE('',*,*,#2102,.F.);
#2109 = CYLINDRICAL_SURFACE('',#2110,0.5);
#2110 = AXIS2_PLACEMENT_3D('',#2111,#2112,#2113);
#2111 = CARTESIAN_POINT('',(94.54,-77.,-4.5E-02));
#2112 = DIRECTION('',(-0.,-0.,-1.));
#2113 = DIRECTION('',(-0.,-1.,0.));
#2114 = ADVANCED_FACE('',(#2115),#2126,.F.);
#2115 = FACE_BOUND('',#2116,.T.);
#2116 = EDGE_LOOP('',(#2117,#2118,#2124,#2125));
#2117 = ORIENTED_EDGE('',*,*,#222,.T.);
#2118 = ORIENTED_EDGE('',*,*,#2119,.T.);
#2119 = EDGE_CURVE('',#223,#1145,#2120,.T.);
#2120 = LINE('',#2121,#2122);
#2121 = CARTESIAN_POINT('',(94.54,-74.96,-4.5E-02));
#2122 = VECTOR('',#2123,1.);
#2123 = DIRECTION('',(0.,0.,1.));
#2124 = ORIENTED_EDGE('',*,*,#1144,.F.);
#2125 = ORIENTED_EDGE('',*,*,#2119,.F.);
#2126 = CYLINDRICAL_SURFACE('',#2127,0.5);
#2127 = AXIS2_PLACEMENT_3D('',#2128,#2129,#2130);
#2128 = CARTESIAN_POINT('',(94.54,-74.46,-4.5E-02));
#2129 = DIRECTION('',(-0.,-0.,-1.));
#2130 = DIRECTION('',(-0.,-1.,0.));
#2131 = ADVANCED_FACE('',(#2132),#2143,.F.);
#2132 = FACE_BOUND('',#2133,.T.);
#2133 = EDGE_LOOP('',(#2134,#2135,#2141,#2142));
#2134 = ORIENTED_EDGE('',*,*,#233,.T.);
#2135 = ORIENTED_EDGE('',*,*,#2136,.T.);
#2136 = EDGE_CURVE('',#234,#1156,#2137,.T.);
#2137 = LINE('',#2138,#2139);
#2138 = CARTESIAN_POINT('',(97.08,-77.5,-4.5E-02));
#2139 = VECTOR('',#2140,1.);
#2140 = DIRECTION('',(0.,0.,1.));
#2141 = ORIENTED_EDGE('',*,*,#1155,.F.);
#2142 = ORIENTED_EDGE('',*,*,#2136,.F.);
#2143 = CYLINDRICAL_SURFACE('',#2144,0.5);
#2144 = AXIS2_PLACEMENT_3D('',#2145,#2146,#2147);
#2145 = CARTESIAN_POINT('',(97.08,-77.,-4.5E-02));
#2146 = DIRECTION('',(-0.,-0.,-1.));
#2147 = DIRECTION('',(-0.,-1.,0.));
#2148 = ADVANCED_FACE('',(#2149),#2160,.F.);
#2149 = FACE_BOUND('',#2150,.T.);
#2150 = EDGE_LOOP('',(#2151,#2152,#2158,#2159));
#2151 = ORIENTED_EDGE('',*,*,#244,.T.);
#2152 = ORIENTED_EDGE('',*,*,#2153,.T.);
#2153 = EDGE_CURVE('',#245,#1167,#2154,.T.);
#2154 = LINE('',#2155,#2156);
#2155 = CARTESIAN_POINT('',(97.08,-74.96,-4.5E-02));
#2156 = VECTOR('',#2157,1.);
#2157 = DIRECTION('',(0.,0.,1.));
#2158 = ORIENTED_EDGE('',*,*,#1166,.F.);
#2159 = ORIENTED_EDGE('',*,*,#2153,.F.);
#2160 = CYLINDRICAL_SURFACE('',#2161,0.5);
#2161 = AXIS2_PLACEMENT_3D('',#2162,#2163,#2164);
#2162 = CARTESIAN_POINT('',(97.08,-74.46,-4.5E-02));
#2163 = DIRECTION('',(-0.,-0.,-1.));
#2164 = DIRECTION('',(-0.,-1.,0.));
#2165 = ADVANCED_FACE('',(#2166),#2177,.F.);
#2166 = FACE_BOUND('',#2167,.T.);
#2167 = EDGE_LOOP('',(#2168,#2169,#2175,#2176));
#2168 = ORIENTED_EDGE('',*,*,#255,.T.);
#2169 = ORIENTED_EDGE('',*,*,#2170,.T.);
#2170 = EDGE_CURVE('',#256,#1178,#2171,.T.);
#2171 = LINE('',#2172,#2173);
#2172 = CARTESIAN_POINT('',(99.62,-77.5,-4.5E-02));
#2173 = VECTOR('',#2174,1.);
#2174 = DIRECTION('',(0.,0.,1.));
#2175 = ORIENTED_EDGE('',*,*,#1177,.F.);
#2176 = ORIENTED_EDGE('',*,*,#2170,.F.);
#2177 = CYLINDRICAL_SURFACE('',#2178,0.5);
#2178 = AXIS2_PLACEMENT_3D('',#2179,#2180,#2181);
#2179 = CARTESIAN_POINT('',(99.62,-77.,-4.5E-02));
#2180 = DIRECTION('',(-0.,-0.,-1.));
#2181 = DIRECTION('',(-0.,-1.,0.));
#2182 = ADVANCED_FACE('',(#2183),#2194,.F.);
#2183 = FACE_BOUND('',#2184,.T.);
#2184 = EDGE_LOOP('',(#2185,#2186,#2192,#2193));
#2185 = ORIENTED_EDGE('',*,*,#266,.T.);
#2186 = ORIENTED_EDGE('',*,*,#2187,.T.);
#2187 = EDGE_CURVE('',#267,#1189,#2188,.T.);
#2188 = LINE('',#2189,#2190);
#2189 = CARTESIAN_POINT('',(99.62,-74.96,-4.5E-02));
#2190 = VECTOR('',#2191,1.);
#2191 = DIRECTION('',(0.,0.,1.));
#2192 = ORIENTED_EDGE('',*,*,#1188,.F.);
#2193 = ORIENTED_EDGE('',*,*,#2187,.F.);
#2194 = CYLINDRICAL_SURFACE('',#2195,0.5);
#2195 = AXIS2_PLACEMENT_3D('',#2196,#2197,#2198);
#2196 = CARTESIAN_POINT('',(99.62,-74.46,-4.5E-02));
#2197 = DIRECTION('',(-0.,-0.,-1.));
#2198 = DIRECTION('',(-0.,-1.,0.));
#2199 = ADVANCED_FACE('',(#2200),#2211,.F.);
#2200 = FACE_BOUND('',#2201,.T.);
#2201 = EDGE_LOOP('',(#2202,#2203,#2209,#2210));
#2202 = ORIENTED_EDGE('',*,*,#277,.T.);
#2203 = ORIENTED_EDGE('',*,*,#2204,.T.);
#2204 = EDGE_CURVE('',#278,#1200,#2205,.T.);
#2205 = LINE('',#2206,#2207);
#2206 = CARTESIAN_POINT('',(104.7,-77.5,-4.5E-02));
#2207 = VECTOR('',#2208,1.);
#2208 = DIRECTION('',(0.,0.,1.));
#2209 = ORIENTED_EDGE('',*,*,#1199,.F.);
#2210 = ORIENTED_EDGE('',*,*,#2204,.F.);
#2211 = CYLINDRICAL_SURFACE('',#2212,0.5);
#2212 = AXIS2_PLACEMENT_3D('',#2213,#2214,#2215);
#2213 = CARTESIAN_POINT('',(104.7,-77.,-4.5E-02));
#2214 = DIRECTION('',(-0.,-0.,-1.));
#2215 = DIRECTION('',(-0.,-1.,0.));
#2216 = ADVANCED_FACE('',(#2217),#2228,.F.);
#2217 = FACE_BOUND('',#2218,.T.);
#2218 = EDGE_LOOP('',(#2219,#2220,#2226,#2227));
#2219 = ORIENTED_EDGE('',*,*,#288,.T.);
#2220 = ORIENTED_EDGE('',*,*,#2221,.T.);
#2221 = EDGE_CURVE('',#289,#1211,#2222,.T.);
#2222 = LINE('',#2223,#2224);
#2223 = CARTESIAN_POINT('',(104.7,-74.96,-4.5E-02));
#2224 = VECTOR('',#2225,1.);
#2225 = DIRECTION('',(0.,0.,1.));
#2226 = ORIENTED_EDGE('',*,*,#1210,.F.);
#2227 = ORIENTED_EDGE('',*,*,#2221,.F.);
#2228 = CYLINDRICAL_SURFACE('',#2229,0.5);
#2229 = AXIS2_PLACEMENT_3D('',#2230,#2231,#2232);
#2230 = CARTESIAN_POINT('',(104.7,-74.46,-4.5E-02));
#2231 = DIRECTION('',(-0.,-0.,-1.));
#2232 = DIRECTION('',(-0.,-1.,0.));
#2233 = ADVANCED_FACE('',(#2234),#2245,.F.);
#2234 = FACE_BOUND('',#2235,.T.);
#2235 = EDGE_LOOP('',(#2236,#2237,#2243,#2244));
#2236 = ORIENTED_EDGE('',*,*,#299,.T.);
#2237 = ORIENTED_EDGE('',*,*,#2238,.T.);
#2238 = EDGE_CURVE('',#300,#1222,#2239,.T.);
#2239 = LINE('',#2240,#2241);
#2240 = CARTESIAN_POINT('',(107.24,-77.5,-4.5E-02));
#2241 = VECTOR('',#2242,1.);
#2242 = DIRECTION('',(0.,0.,1.));
#2243 = ORIENTED_EDGE('',*,*,#1221,.F.);
#2244 = ORIENTED_EDGE('',*,*,#2238,.F.);
#2245 = CYLINDRICAL_SURFACE('',#2246,0.5);
#2246 = AXIS2_PLACEMENT_3D('',#2247,#2248,#2249);
#2247 = CARTESIAN_POINT('',(107.24,-77.,-4.5E-02));
#2248 = DIRECTION('',(-0.,-0.,-1.));
#2249 = DIRECTION('',(-0.,-1.,0.));
#2250 = ADVANCED_FACE('',(#2251),#2262,.F.);
#2251 = FACE_BOUND('',#2252,.T.);
#2252 = EDGE_LOOP('',(#2253,#2254,#2260,#2261));
#2253 = ORIENTED_EDGE('',*,*,#310,.T.);
#2254 = ORIENTED_EDGE('',*,*,#2255,.T.);
#2255 = EDGE_CURVE('',#311,#1233,#2256,.T.);
#2256 = LINE('',#2257,#2258);
#2257 = CARTESIAN_POINT('',(107.24,-74.96,-4.5E-02));
#2258 = VECTOR('',#2259,1.);
#2259 = DIRECTION('',(0.,0.,1.));
#2260 = ORIENTED_EDGE('',*,*,#1232,.F.);
#2261 = ORIENTED_EDGE('',*,*,#2255,.F.);
#2262 = CYLINDRICAL_SURFACE('',#2263,0.5);
#2263 = AXIS2_PLACEMENT_3D('',#2264,#2265,#2266);
#2264 = CARTESIAN_POINT('',(107.24,-74.46,-4.5E-02));
#2265 = DIRECTION('',(-0.,-0.,-1.));
#2266 = DIRECTION('',(-0.,-1.,0.));
#2267 = ADVANCED_FACE('',(#2268),#2279,.F.);
#2268 = FACE_BOUND('',#2269,.T.);
#2269 = EDGE_LOOP('',(#2270,#2271,#2277,#2278));
#2270 = ORIENTED_EDGE('',*,*,#321,.T.);
#2271 = ORIENTED_EDGE('',*,*,#2272,.T.);
#2272 = EDGE_CURVE('',#322,#1244,#2273,.T.);
#2273 = LINE('',#2274,#2275);
#2274 = CARTESIAN_POINT('',(104.7,-71.15,-4.5E-02));
#2275 = VECTOR('',#2276,1.);
#2276 = DIRECTION('',(0.,0.,1.));
#2277 = ORIENTED_EDGE('',*,*,#1243,.F.);
#2278 = ORIENTED_EDGE('',*,*,#2272,.F.);
#2279 = CYLINDRICAL_SURFACE('',#2280,0.5);
#2280 = AXIS2_PLACEMENT_3D('',#2281,#2282,#2283);
#2281 = CARTESIAN_POINT('',(104.7,-70.65,-4.5E-02));
#2282 = DIRECTION('',(-0.,-0.,-1.));
#2283 = DIRECTION('',(-0.,-1.,0.));
#2284 = ADVANCED_FACE('',(#2285),#2296,.F.);
#2285 = FACE_BOUND('',#2286,.T.);
#2286 = EDGE_LOOP('',(#2287,#2288,#2294,#2295));
#2287 = ORIENTED_EDGE('',*,*,#332,.T.);
#2288 = ORIENTED_EDGE('',*,*,#2289,.T.);
#2289 = EDGE_CURVE('',#333,#1255,#2290,.T.);
#2290 = LINE('',#2291,#2292);
#2291 = CARTESIAN_POINT('',(107.24,-71.15,-4.5E-02));
#2292 = VECTOR('',#2293,1.);
#2293 = DIRECTION('',(0.,0.,1.));
#2294 = ORIENTED_EDGE('',*,*,#1254,.F.);
#2295 = ORIENTED_EDGE('',*,*,#2289,.F.);
#2296 = CYLINDRICAL_SURFACE('',#2297,0.5);
#2297 = AXIS2_PLACEMENT_3D('',#2298,#2299,#2300);
#2298 = CARTESIAN_POINT('',(107.24,-70.65,-4.5E-02));
#2299 = DIRECTION('',(-0.,-0.,-1.));
#2300 = DIRECTION('',(-0.,-1.,0.));
#2301 = ADVANCED_FACE('',(#2302),#2313,.F.);
#2302 = FACE_BOUND('',#2303,.T.);
#2303 = EDGE_LOOP('',(#2304,#2305,#2311,#2312));
#2304 = ORIENTED_EDGE('',*,*,#343,.T.);
#2305 = ORIENTED_EDGE('',*,*,#2306,.T.);
#2306 = EDGE_CURVE('',#344,#1266,#2307,.T.);
#2307 = LINE('',#2308,#2309);
#2308 = CARTESIAN_POINT('',(109.78,-77.5,-4.5E-02));
#2309 = VECTOR('',#2310,1.);
#2310 = DIRECTION('',(0.,0.,1.));
#2311 = ORIENTED_EDGE('',*,*,#1265,.F.);
#2312 = ORIENTED_EDGE('',*,*,#2306,.F.);
#2313 = CYLINDRICAL_SURFACE('',#2314,0.5);
#2314 = AXIS2_PLACEMENT_3D('',#2315,#2316,#2317);
#2315 = CARTESIAN_POINT('',(109.78,-77.,-4.5E-02));
#2316 = DIRECTION('',(-0.,-0.,-1.));
#2317 = DIRECTION('',(-0.,-1.,0.));
#2318 = ADVANCED_FACE('',(#2319),#2330,.F.);
#2319 = FACE_BOUND('',#2320,.T.);
#2320 = EDGE_LOOP('',(#2321,#2322,#2328,#2329));
#2321 = ORIENTED_EDGE('',*,*,#354,.T.);
#2322 = ORIENTED_EDGE('',*,*,#2323,.T.);
#2323 = EDGE_CURVE('',#355,#1277,#2324,.T.);
#2324 = LINE('',#2325,#2326);
#2325 = CARTESIAN_POINT('',(109.78,-74.96,-4.5E-02));
#2326 = VECTOR('',#2327,1.);
#2327 = DIRECTION('',(0.,0.,1.));
#2328 = ORIENTED_EDGE('',*,*,#1276,.F.);
#2329 = ORIENTED_EDGE('',*,*,#2323,.F.);
#2330 = CYLINDRICAL_SURFACE('',#2331,0.5);
#2331 = AXIS2_PLACEMENT_3D('',#2332,#2333,#2334);
#2332 = CARTESIAN_POINT('',(109.78,-74.46,-4.5E-02));
#2333 = DIRECTION('',(-0.,-0.,-1.));
#2334 = DIRECTION('',(-0.,-1.,0.));
#2335 = ADVANCED_FACE('',(#2336),#2347,.F.);
#2336 = FACE_BOUND('',#2337,.T.);
#2337 = EDGE_LOOP('',(#2338,#2339,#2345,#2346));
#2338 = ORIENTED_EDGE('',*,*,#365,.T.);
#2339 = ORIENTED_EDGE('',*,*,#2340,.T.);
#2340 = EDGE_CURVE('',#366,#1288,#2341,.T.);
#2341 = LINE('',#2342,#2343);
#2342 = CARTESIAN_POINT('',(112.32,-77.5,-4.5E-02));
#2343 = VECTOR('',#2344,1.);
#2344 = DIRECTION('',(0.,0.,1.));
#2345 = ORIENTED_EDGE('',*,*,#1287,.F.);
#2346 = ORIENTED_EDGE('',*,*,#2340,.F.);
#2347 = CYLINDRICAL_SURFACE('',#2348,0.5);
#2348 = AXIS2_PLACEMENT_3D('',#2349,#2350,#2351);
#2349 = CARTESIAN_POINT('',(112.32,-77.,-4.5E-02));
#2350 = DIRECTION('',(-0.,-0.,-1.));
#2351 = DIRECTION('',(-0.,-1.,0.));
#2352 = ADVANCED_FACE('',(#2353),#2364,.F.);
#2353 = FACE_BOUND('',#2354,.T.);
#2354 = EDGE_LOOP('',(#2355,#2356,#2362,#2363));
#2355 = ORIENTED_EDGE('',*,*,#376,.T.);
#2356 = ORIENTED_EDGE('',*,*,#2357,.T.);
#2357 = EDGE_CURVE('',#377,#1299,#2358,.T.);
#2358 = LINE('',#2359,#2360);
#2359 = CARTESIAN_POINT('',(112.32,-74.96,-4.5E-02));
#2360 = VECTOR('',#2361,1.);
#2361 = DIRECTION('',(0.,0.,1.));
#2362 = ORIENTED_EDGE('',*,*,#1298,.F.);
#2363 = ORIENTED_EDGE('',*,*,#2357,.F.);
#2364 = CYLINDRICAL_SURFACE('',#2365,0.5);
#2365 = AXIS2_PLACEMENT_3D('',#2366,#2367,#2368);
#2366 = CARTESIAN_POINT('',(112.32,-74.46,-4.5E-02));
#2367 = DIRECTION('',(-0.,-0.,-1.));
#2368 = DIRECTION('',(-0.,-1.,0.));
#2369 = ADVANCED_FACE('',(#2370),#2381,.F.);
#2370 = FACE_BOUND('',#2371,.T.);
#2371 = EDGE_LOOP('',(#2372,#2373,#2379,#2380));
#2372 = ORIENTED_EDGE('',*,*,#387,.T.);
#2373 = ORIENTED_EDGE('',*,*,#2374,.T.);
#2374 = EDGE_CURVE('',#388,#1310,#2375,.T.);
#2375 = LINE('',#2376,#2377);
#2376 = CARTESIAN_POINT('',(114.86,-77.5,-4.5E-02));
#2377 = VECTOR('',#2378,1.);
#2378 = DIRECTION('',(0.,0.,1.));
#2379 = ORIENTED_EDGE('',*,*,#1309,.F.);
#2380 = ORIENTED_EDGE('',*,*,#2374,.F.);
#2381 = CYLINDRICAL_SURFACE('',#2382,0.5);
#2382 = AXIS2_PLACEMENT_3D('',#2383,#2384,#2385);
#2383 = CARTESIAN_POINT('',(114.86,-77.,-4.5E-02));
#2384 = DIRECTION('',(-0.,-0.,-1.));
#2385 = DIRECTION('',(-0.,-1.,0.));
#2386 = ADVANCED_FACE('',(#2387),#2398,.F.);
#2387 = FACE_BOUND('',#2388,.T.);
#2388 = EDGE_LOOP('',(#2389,#2390,#2396,#2397));
#2389 = ORIENTED_EDGE('',*,*,#398,.T.);
#2390 = ORIENTED_EDGE('',*,*,#2391,.T.);
#2391 = EDGE_CURVE('',#399,#1321,#2392,.T.);
#2392 = LINE('',#2393,#2394);
#2393 = CARTESIAN_POINT('',(114.86,-74.96,-4.5E-02));
#2394 = VECTOR('',#2395,1.);
#2395 = DIRECTION('',(0.,0.,1.));
#2396 = ORIENTED_EDGE('',*,*,#1320,.F.);
#2397 = ORIENTED_EDGE('',*,*,#2391,.F.);
#2398 = CYLINDRICAL_SURFACE('',#2399,0.5);
#2399 = AXIS2_PLACEMENT_3D('',#2400,#2401,#2402);
#2400 = CARTESIAN_POINT('',(114.86,-74.46,-4.5E-02));
#2401 = DIRECTION('',(-0.,-0.,-1.));
#2402 = DIRECTION('',(-0.,-1.,0.));
#2403 = ADVANCED_FACE('',(#2404),#2415,.F.);
#2404 = FACE_BOUND('',#2405,.T.);
#2405 = EDGE_LOOP('',(#2406,#2407,#2413,#2414));
#2406 = ORIENTED_EDGE('',*,*,#409,.T.);
#2407 = ORIENTED_EDGE('',*,*,#2408,.T.);
#2408 = EDGE_CURVE('',#410,#1332,#2409,.T.);
#2409 = LINE('',#2410,#2411);
#2410 = CARTESIAN_POINT('',(109.78,-71.15,-4.5E-02));
#2411 = VECTOR('',#2412,1.);
#2412 = DIRECTION('',(0.,0.,1.));
#2413 = ORIENTED_EDGE('',*,*,#1331,.F.);
#2414 = ORIENTED_EDGE('',*,*,#2408,.F.);
#2415 = CYLINDRICAL_SURFACE('',#2416,0.5);
#2416 = AXIS2_PLACEMENT_3D('',#2417,#2418,#2419);
#2417 = CARTESIAN_POINT('',(109.78,-70.65,-4.5E-02));
#2418 = DIRECTION('',(-0.,-0.,-1.));
#2419 = DIRECTION('',(-0.,-1.,0.));
#2420 = ADVANCED_FACE('',(#2421),#2432,.F.);
#2421 = FACE_BOUND('',#2422,.T.);
#2422 = EDGE_LOOP('',(#2423,#2424,#2430,#2431));
#2423 = ORIENTED_EDGE('',*,*,#420,.T.);
#2424 = ORIENTED_EDGE('',*,*,#2425,.T.);
#2425 = EDGE_CURVE('',#421,#1343,#2426,.T.);
#2426 = LINE('',#2427,#2428);
#2427 = CARTESIAN_POINT('',(112.32,-71.15,-4.5E-02));
#2428 = VECTOR('',#2429,1.);
#2429 = DIRECTION('',(0.,0.,1.));
#2430 = ORIENTED_EDGE('',*,*,#1342,.F.);
#2431 = ORIENTED_EDGE('',*,*,#2425,.F.);
#2432 = CYLINDRICAL_SURFACE('',#2433,0.5);
#2433 = AXIS2_PLACEMENT_3D('',#2434,#2435,#2436);
#2434 = CARTESIAN_POINT('',(112.32,-70.65,-4.5E-02));
#2435 = DIRECTION('',(-0.,-0.,-1.));
#2436 = DIRECTION('',(-0.,-1.,0.));
#2437 = ADVANCED_FACE('',(#2438),#2449,.F.);
#2438 = FACE_BOUND('',#2439,.T.);
#2439 = EDGE_LOOP('',(#2440,#2441,#2447,#2448));
#2440 = ORIENTED_EDGE('',*,*,#431,.T.);
#2441 = ORIENTED_EDGE('',*,*,#2442,.T.);
#2442 = EDGE_CURVE('',#432,#1354,#2443,.T.);
#2443 = LINE('',#2444,#2445);
#2444 = CARTESIAN_POINT('',(114.86,-71.15,-4.5E-02));
#2445 = VECTOR('',#2446,1.);
#2446 = DIRECTION('',(0.,0.,1.));
#2447 = ORIENTED_EDGE('',*,*,#1353,.F.);
#2448 = ORIENTED_EDGE('',*,*,#2442,.F.);
#2449 = CYLINDRICAL_SURFACE('',#2450,0.5);
#2450 = AXIS2_PLACEMENT_3D('',#2451,#2452,#2453);
#2451 = CARTESIAN_POINT('',(114.86,-70.65,-4.5E-02));
#2452 = DIRECTION('',(-0.,-0.,-1.));
#2453 = DIRECTION('',(-0.,-1.,0.));
#2454 = ADVANCED_FACE('',(#2455),#2466,.F.);
#2455 = FACE_BOUND('',#2456,.T.);
#2456 = EDGE_LOOP('',(#2457,#2458,#2464,#2465));
#2457 = ORIENTED_EDGE('',*,*,#442,.T.);
#2458 = ORIENTED_EDGE('',*,*,#2459,.T.);
#2459 = EDGE_CURVE('',#443,#1365,#2460,.T.);
#2460 = LINE('',#2461,#2462);
#2461 = CARTESIAN_POINT('',(117.4,-77.5,-4.5E-02));
#2462 = VECTOR('',#2463,1.);
#2463 = DIRECTION('',(0.,0.,1.));
#2464 = ORIENTED_EDGE('',*,*,#1364,.F.);
#2465 = ORIENTED_EDGE('',*,*,#2459,.F.);
#2466 = CYLINDRICAL_SURFACE('',#2467,0.5);
#2467 = AXIS2_PLACEMENT_3D('',#2468,#2469,#2470);
#2468 = CARTESIAN_POINT('',(117.4,-77.,-4.5E-02));
#2469 = DIRECTION('',(-0.,-0.,-1.));
#2470 = DIRECTION('',(-0.,-1.,0.));
#2471 = ADVANCED_FACE('',(#2472),#2483,.F.);
#2472 = FACE_BOUND('',#2473,.T.);
#2473 = EDGE_LOOP('',(#2474,#2475,#2481,#2482));
#2474 = ORIENTED_EDGE('',*,*,#453,.T.);
#2475 = ORIENTED_EDGE('',*,*,#2476,.T.);
#2476 = EDGE_CURVE('',#454,#1376,#2477,.T.);
#2477 = LINE('',#2478,#2479);
#2478 = CARTESIAN_POINT('',(117.4,-74.96,-4.5E-02));
#2479 = VECTOR('',#2480,1.);
#2480 = DIRECTION('',(0.,0.,1.));
#2481 = ORIENTED_EDGE('',*,*,#1375,.F.);
#2482 = ORIENTED_EDGE('',*,*,#2476,.F.);
#2483 = CYLINDRICAL_SURFACE('',#2484,0.5);
#2484 = AXIS2_PLACEMENT_3D('',#2485,#2486,#2487);
#2485 = CARTESIAN_POINT('',(117.4,-74.46,-4.5E-02));
#2486 = DIRECTION('',(-0.,-0.,-1.));
#2487 = DIRECTION('',(-0.,-1.,0.));
#2488 = ADVANCED_FACE('',(#2489),#2500,.F.);
#2489 = FACE_BOUND('',#2490,.T.);
#2490 = EDGE_LOOP('',(#2491,#2492,#2498,#2499));
#2491 = ORIENTED_EDGE('',*,*,#464,.T.);
#2492 = ORIENTED_EDGE('',*,*,#2493,.T.);
#2493 = EDGE_CURVE('',#465,#1387,#2494,.T.);
#2494 = LINE('',#2495,#2496);
#2495 = CARTESIAN_POINT('',(122.48,-74.9,-4.5E-02));
#2496 = VECTOR('',#2497,1.);
#2497 = DIRECTION('',(0.,0.,1.));
#2498 = ORIENTED_EDGE('',*,*,#1386,.F.);
#2499 = ORIENTED_EDGE('',*,*,#2493,.F.);
#2500 = CYLINDRICAL_SURFACE('',#2501,0.5);
#2501 = AXIS2_PLACEMENT_3D('',#2502,#2503,#2504);
#2502 = CARTESIAN_POINT('',(122.48,-74.4,-4.5E-02));
#2503 = DIRECTION('',(-0.,-0.,-1.));
#2504 = DIRECTION('',(-0.,-1.,0.));
#2505 = ADVANCED_FACE('',(#2506),#2517,.F.);
#2506 = FACE_BOUND('',#2507,.T.);
#2507 = EDGE_LOOP('',(#2508,#2509,#2515,#2516));
#2508 = ORIENTED_EDGE('',*,*,#475,.T.);
#2509 = ORIENTED_EDGE('',*,*,#2510,.T.);
#2510 = EDGE_CURVE('',#476,#1398,#2511,.T.);
#2511 = LINE('',#2512,#2513);
#2512 = CARTESIAN_POINT('',(125.02,-74.9,-4.5E-02));
#2513 = VECTOR('',#2514,1.);
#2514 = DIRECTION('',(0.,0.,1.));
#2515 = ORIENTED_EDGE('',*,*,#1397,.F.);
#2516 = ORIENTED_EDGE('',*,*,#2510,.F.);
#2517 = CYLINDRICAL_SURFACE('',#2518,0.5);
#2518 = AXIS2_PLACEMENT_3D('',#2519,#2520,#2521);
#2519 = CARTESIAN_POINT('',(125.02,-74.4,-4.5E-02));
#2520 = DIRECTION('',(-0.,-0.,-1.));
#2521 = DIRECTION('',(-0.,-1.,0.));
#2522 = ADVANCED_FACE('',(#2523),#2534,.F.);
#2523 = FACE_BOUND('',#2524,.T.);
#2524 = EDGE_LOOP('',(#2525,#2526,#2532,#2533));
#2525 = ORIENTED_EDGE('',*,*,#486,.T.);
#2526 = ORIENTED_EDGE('',*,*,#2527,.T.);
#2527 = EDGE_CURVE('',#487,#1409,#2528,.T.);
#2528 = LINE('',#2529,#2530);
#2529 = CARTESIAN_POINT('',(122.48,-72.36,-4.5E-02));
#2530 = VECTOR('',#2531,1.);
#2531 = DIRECTION('',(0.,0.,1.));
#2532 = ORIENTED_EDGE('',*,*,#1408,.F.);
#2533 = ORIENTED_EDGE('',*,*,#2527,.F.);
#2534 = CYLINDRICAL_SURFACE('',#2535,0.5);
#2535 = AXIS2_PLACEMENT_3D('',#2536,#2537,#2538);
#2536 = CARTESIAN_POINT('',(122.48,-71.86,-4.5E-02));
#2537 = DIRECTION('',(-0.,-0.,-1.));
#2538 = DIRECTION('',(-0.,-1.,0.));
#2539 = ADVANCED_FACE('',(#2540),#2551,.F.);
#2540 = FACE_BOUND('',#2541,.T.);
#2541 = EDGE_LOOP('',(#2542,#2543,#2549,#2550));
#2542 = ORIENTED_EDGE('',*,*,#497,.T.);
#2543 = ORIENTED_EDGE('',*,*,#2544,.T.);
#2544 = EDGE_CURVE('',#498,#1420,#2545,.T.);
#2545 = LINE('',#2546,#2547);
#2546 = CARTESIAN_POINT('',(125.02,-72.36,-4.5E-02));
#2547 = VECTOR('',#2548,1.);
#2548 = DIRECTION('',(0.,0.,1.));
#2549 = ORIENTED_EDGE('',*,*,#1419,.F.);
#2550 = ORIENTED_EDGE('',*,*,#2544,.F.);
#2551 = CYLINDRICAL_SURFACE('',#2552,0.5);
#2552 = AXIS2_PLACEMENT_3D('',#2553,#2554,#2555);
#2553 = CARTESIAN_POINT('',(125.02,-71.86,-4.5E-02));
#2554 = DIRECTION('',(-0.,-0.,-1.));
#2555 = DIRECTION('',(-0.,-1.,0.));
#2556 = ADVANCED_FACE('',(#2557),#2568,.F.);
#2557 = FACE_BOUND('',#2558,.T.);
#2558 = EDGE_LOOP('',(#2559,#2560,#2566,#2567));
#2559 = ORIENTED_EDGE('',*,*,#508,.T.);
#2560 = ORIENTED_EDGE('',*,*,#2561,.T.);
#2561 = EDGE_CURVE('',#509,#1431,#2562,.T.);
#2562 = LINE('',#2563,#2564);
#2563 = CARTESIAN_POINT('',(117.4,-71.15,-4.5E-02));
#2564 = VECTOR('',#2565,1.);
#2565 = DIRECTION('',(0.,0.,1.));
#2566 = ORIENTED_EDGE('',*,*,#1430,.F.);
#2567 = ORIENTED_EDGE('',*,*,#2561,.F.);
#2568 = CYLINDRICAL_SURFACE('',#2569,0.5);
#2569 = AXIS2_PLACEMENT_3D('',#2570,#2571,#2572);
#2570 = CARTESIAN_POINT('',(117.4,-70.65,-4.5E-02));
#2571 = DIRECTION('',(-0.,-0.,-1.));
#2572 = DIRECTION('',(-0.,-1.,0.));
#2573 = ADVANCED_FACE('',(#2574),#2585,.F.);
#2574 = FACE_BOUND('',#2575,.T.);
#2575 = EDGE_LOOP('',(#2576,#2577,#2583,#2584));
#2576 = ORIENTED_EDGE('',*,*,#519,.T.);
#2577 = ORIENTED_EDGE('',*,*,#2578,.T.);
#2578 = EDGE_CURVE('',#520,#1442,#2579,.T.);
#2579 = LINE('',#2580,#2581);
#2580 = CARTESIAN_POINT('',(122.48,-69.82,-4.5E-02));
#2581 = VECTOR('',#2582,1.);
#2582 = DIRECTION('',(0.,0.,1.));
#2583 = ORIENTED_EDGE('',*,*,#1441,.F.);
#2584 = ORIENTED_EDGE('',*,*,#2578,.F.);
#2585 = CYLINDRICAL_SURFACE('',#2586,0.5);
#2586 = AXIS2_PLACEMENT_3D('',#2587,#2588,#2589);
#2587 = CARTESIAN_POINT('',(122.48,-69.32,-4.5E-02));
#2588 = DIRECTION('',(-0.,-0.,-1.));
#2589 = DIRECTION('',(-0.,-1.,0.));
#2590 = ADVANCED_FACE('',(#2591),#2602,.F.);
#2591 = FACE_BOUND('',#2592,.T.);
#2592 = EDGE_LOOP('',(#2593,#2594,#2600,#2601));
#2593 = ORIENTED_EDGE('',*,*,#530,.T.);
#2594 = ORIENTED_EDGE('',*,*,#2595,.T.);
#2595 = EDGE_CURVE('',#531,#1453,#2596,.T.);
#2596 = LINE('',#2597,#2598);
#2597 = CARTESIAN_POINT('',(125.02,-69.82,-4.5E-02));
#2598 = VECTOR('',#2599,1.);
#2599 = DIRECTION('',(0.,0.,1.));
#2600 = ORIENTED_EDGE('',*,*,#1452,.F.);
#2601 = ORIENTED_EDGE('',*,*,#2595,.F.);
#2602 = CYLINDRICAL_SURFACE('',#2603,0.5);
#2603 = AXIS2_PLACEMENT_3D('',#2604,#2605,#2606);
#2604 = CARTESIAN_POINT('',(125.02,-69.32,-4.5E-02));
#2605 = DIRECTION('',(-0.,-0.,-1.));
#2606 = DIRECTION('',(-0.,-1.,0.));
#2607 = ADVANCED_FACE('',(#2608),#2619,.F.);
#2608 = FACE_BOUND('',#2609,.T.);
#2609 = EDGE_LOOP('',(#2610,#2611,#2617,#2618));
#2610 = ORIENTED_EDGE('',*,*,#541,.T.);
#2611 = ORIENTED_EDGE('',*,*,#2612,.T.);
#2612 = EDGE_CURVE('',#542,#1464,#2613,.T.);
#2613 = LINE('',#2614,#2615);
#2614 = CARTESIAN_POINT('',(122.48,-67.28,-4.5E-02));
#2615 = VECTOR('',#2616,1.);
#2616 = DIRECTION('',(0.,0.,1.));
#2617 = ORIENTED_EDGE('',*,*,#1463,.F.);
#2618 = ORIENTED_EDGE('',*,*,#2612,.F.);
#2619 = CYLINDRICAL_SURFACE('',#2620,0.5);
#2620 = AXIS2_PLACEMENT_3D('',#2621,#2622,#2623);
#2621 = CARTESIAN_POINT('',(122.48,-66.78,-4.5E-02));
#2622 = DIRECTION('',(-0.,-0.,-1.));
#2623 = DIRECTION('',(-0.,-1.,0.));
#2624 = ADVANCED_FACE('',(#2625),#2636,.F.);
#2625 = FACE_BOUND('',#2626,.T.);
#2626 = EDGE_LOOP('',(#2627,#2628,#2634,#2635));
#2627 = ORIENTED_EDGE('',*,*,#552,.T.);
#2628 = ORIENTED_EDGE('',*,*,#2629,.T.);
#2629 = EDGE_CURVE('',#553,#1475,#2630,.T.);
#2630 = LINE('',#2631,#2632);
#2631 = CARTESIAN_POINT('',(125.02,-67.28,-4.5E-02));
#2632 = VECTOR('',#2633,1.);
#2633 = DIRECTION('',(0.,0.,1.));
#2634 = ORIENTED_EDGE('',*,*,#1474,.F.);
#2635 = ORIENTED_EDGE('',*,*,#2629,.F.);
#2636 = CYLINDRICAL_SURFACE('',#2637,0.5);
#2637 = AXIS2_PLACEMENT_3D('',#2638,#2639,#2640);
#2638 = CARTESIAN_POINT('',(125.02,-66.78,-4.5E-02));
#2639 = DIRECTION('',(-0.,-0.,-1.));
#2640 = DIRECTION('',(-0.,-1.,0.));
#2641 = ADVANCED_FACE('',(#2642),#2653,.F.);
#2642 = FACE_BOUND('',#2643,.T.);
#2643 = EDGE_LOOP('',(#2644,#2645,#2651,#2652));
#2644 = ORIENTED_EDGE('',*,*,#563,.T.);
#2645 = ORIENTED_EDGE('',*,*,#2646,.T.);
#2646 = EDGE_CURVE('',#564,#1486,#2647,.T.);
#2647 = LINE('',#2648,#2649);
#2648 = CARTESIAN_POINT('',(122.48,-64.74,-4.5E-02));
#2649 = VECTOR('',#2650,1.);
#2650 = DIRECTION('',(0.,0.,1.));
#2651 = ORIENTED_EDGE('',*,*,#1485,.F.);
#2652 = ORIENTED_EDGE('',*,*,#2646,.F.);
#2653 = CYLINDRICAL_SURFACE('',#2654,0.5);
#2654 = AXIS2_PLACEMENT_3D('',#2655,#2656,#2657);
#2655 = CARTESIAN_POINT('',(122.48,-64.24,-4.5E-02));
#2656 = DIRECTION('',(-0.,-0.,-1.));
#2657 = DIRECTION('',(-0.,-1.,0.));
#2658 = ADVANCED_FACE('',(#2659),#2670,.F.);
#2659 = FACE_BOUND('',#2660,.T.);
#2660 = EDGE_LOOP('',(#2661,#2662,#2668,#2669));
#2661 = ORIENTED_EDGE('',*,*,#574,.T.);
#2662 = ORIENTED_EDGE('',*,*,#2663,.T.);
#2663 = EDGE_CURVE('',#575,#1497,#2664,.T.);
#2664 = LINE('',#2665,#2666);
#2665 = CARTESIAN_POINT('',(125.02,-64.74,-4.5E-02));
#2666 = VECTOR('',#2667,1.);
#2667 = DIRECTION('',(0.,0.,1.));
#2668 = ORIENTED_EDGE('',*,*,#1496,.F.);
#2669 = ORIENTED_EDGE('',*,*,#2663,.F.);
#2670 = CYLINDRICAL_SURFACE('',#2671,0.5);
#2671 = AXIS2_PLACEMENT_3D('',#2672,#2673,#2674);
#2672 = CARTESIAN_POINT('',(125.02,-64.24,-4.5E-02));
#2673 = DIRECTION('',(-0.,-0.,-1.));
#2674 = DIRECTION('',(-0.,-1.,0.));
#2675 = ADVANCED_FACE('',(#2676),#2687,.F.);
#2676 = FACE_BOUND('',#2677,.T.);
#2677 = EDGE_LOOP('',(#2678,#2679,#2685,#2686));
#2678 = ORIENTED_EDGE('',*,*,#585,.T.);
#2679 = ORIENTED_EDGE('',*,*,#2680,.T.);
#2680 = EDGE_CURVE('',#586,#1508,#2681,.T.);
#2681 = LINE('',#2682,#2683);
#2682 = CARTESIAN_POINT('',(122.48,-62.2,-4.5E-02));
#2683 = VECTOR('',#2684,1.);
#2684 = DIRECTION('',(0.,0.,1.));
#2685 = ORIENTED_EDGE('',*,*,#1507,.F.);
#2686 = ORIENTED_EDGE('',*,*,#2680,.F.);
#2687 = CYLINDRICAL_SURFACE('',#2688,0.5);
#2688 = AXIS2_PLACEMENT_3D('',#2689,#2690,#2691);
#2689 = CARTESIAN_POINT('',(122.48,-61.7,-4.5E-02));
#2690 = DIRECTION('',(-0.,-0.,-1.));
#2691 = DIRECTION('',(-0.,-1.,0.));
#2692 = ADVANCED_FACE('',(#2693),#2704,.F.);
#2693 = FACE_BOUND('',#2694,.T.);
#2694 = EDGE_LOOP('',(#2695,#2696,#2702,#2703));
#2695 = ORIENTED_EDGE('',*,*,#596,.T.);
#2696 = ORIENTED_EDGE('',*,*,#2697,.T.);
#2697 = EDGE_CURVE('',#597,#1519,#2698,.T.);
#2698 = LINE('',#2699,#2700);
#2699 = CARTESIAN_POINT('',(122.48,-59.66,-4.5E-02));
#2700 = VECTOR('',#2701,1.);
#2701 = DIRECTION('',(0.,0.,1.));
#2702 = ORIENTED_EDGE('',*,*,#1518,.F.);
#2703 = ORIENTED_EDGE('',*,*,#2697,.F.);
#2704 = CYLINDRICAL_SURFACE('',#2705,0.5);
#2705 = AXIS2_PLACEMENT_3D('',#2706,#2707,#2708);
#2706 = CARTESIAN_POINT('',(122.48,-59.16,-4.5E-02));
#2707 = DIRECTION('',(-0.,-0.,-1.));
#2708 = DIRECTION('',(-0.,-1.,0.));
#2709 = ADVANCED_FACE('',(#2710),#2721,.F.);
#2710 = FACE_BOUND('',#2711,.T.);
#2711 = EDGE_LOOP('',(#2712,#2713,#2719,#2720));
#2712 = ORIENTED_EDGE('',*,*,#607,.T.);
#2713 = ORIENTED_EDGE('',*,*,#2714,.T.);
#2714 = EDGE_CURVE('',#608,#1530,#2715,.T.);
#2715 = LINE('',#2716,#2717);
#2716 = CARTESIAN_POINT('',(125.02,-62.2,-4.5E-02));
#2717 = VECTOR('',#2718,1.);
#2718 = DIRECTION('',(0.,0.,1.));
#2719 = ORIENTED_EDGE('',*,*,#1529,.F.);
#2720 = ORIENTED_EDGE('',*,*,#2714,.F.);
#2721 = CYLINDRICAL_SURFACE('',#2722,0.5);
#2722 = AXIS2_PLACEMENT_3D('',#2723,#2724,#2725);
#2723 = CARTESIAN_POINT('',(125.02,-61.7,-4.5E-02));
#2724 = DIRECTION('',(-0.,-0.,-1.));
#2725 = DIRECTION('',(-0.,-1.,0.));
#2726 = ADVANCED_FACE('',(#2727),#2738,.F.);
#2727 = FACE_BOUND('',#2728,.T.);
#2728 = EDGE_LOOP('',(#2729,#2730,#2736,#2737));
#2729 = ORIENTED_EDGE('',*,*,#618,.T.);
#2730 = ORIENTED_EDGE('',*,*,#2731,.T.);
#2731 = EDGE_CURVE('',#619,#1541,#2732,.T.);
#2732 = LINE('',#2733,#2734);
#2733 = CARTESIAN_POINT('',(125.02,-59.66,-4.5E-02));
#2734 = VECTOR('',#2735,1.);
#2735 = DIRECTION('',(0.,0.,1.));
#2736 = ORIENTED_EDGE('',*,*,#1540,.F.);
#2737 = ORIENTED_EDGE('',*,*,#2731,.F.);
#2738 = CYLINDRICAL_SURFACE('',#2739,0.5);
#2739 = AXIS2_PLACEMENT_3D('',#2740,#2741,#2742);
#2740 = CARTESIAN_POINT('',(125.02,-59.16,-4.5E-02));
#2741 = DIRECTION('',(-0.,-0.,-1.));
#2742 = DIRECTION('',(-0.,-1.,0.));
#2743 = ADVANCED_FACE('',(#2744),#2755,.F.);
#2744 = FACE_BOUND('',#2745,.T.);
#2745 = EDGE_LOOP('',(#2746,#2747,#2753,#2754));
#2746 = ORIENTED_EDGE('',*,*,#629,.T.);
#2747 = ORIENTED_EDGE('',*,*,#2748,.T.);
#2748 = EDGE_CURVE('',#630,#1552,#2749,.T.);
#2749 = LINE('',#2750,#2751);
#2750 = CARTESIAN_POINT('',(122.48,-57.12,-4.5E-02));
#2751 = VECTOR('',#2752,1.);
#2752 = DIRECTION('',(0.,0.,1.));
#2753 = ORIENTED_EDGE('',*,*,#1551,.F.);
#2754 = ORIENTED_EDGE('',*,*,#2748,.F.);
#2755 = CYLINDRICAL_SURFACE('',#2756,0.5);
#2756 = AXIS2_PLACEMENT_3D('',#2757,#2758,#2759);
#2757 = CARTESIAN_POINT('',(122.48,-56.62,-4.5E-02));
#2758 = DIRECTION('',(-0.,-0.,-1.));
#2759 = DIRECTION('',(-0.,-1.,0.));
#2760 = ADVANCED_FACE('',(#2761),#2772,.F.);
#2761 = FACE_BOUND('',#2762,.T.);
#2762 = EDGE_LOOP('',(#2763,#2764,#2770,#2771));
#2763 = ORIENTED_EDGE('',*,*,#640,.T.);
#2764 = ORIENTED_EDGE('',*,*,#2765,.T.);
#2765 = EDGE_CURVE('',#641,#1563,#2766,.T.);
#2766 = LINE('',#2767,#2768);
#2767 = CARTESIAN_POINT('',(125.02,-57.12,-4.5E-02));
#2768 = VECTOR('',#2769,1.);
#2769 = DIRECTION('',(0.,0.,1.));
#2770 = ORIENTED_EDGE('',*,*,#1562,.F.);
#2771 = ORIENTED_EDGE('',*,*,#2765,.F.);
#2772 = CYLINDRICAL_SURFACE('',#2773,0.5);
#2773 = AXIS2_PLACEMENT_3D('',#2774,#2775,#2776);
#2774 = CARTESIAN_POINT('',(125.02,-56.62,-4.5E-02));
#2775 = DIRECTION('',(-0.,-0.,-1.));
#2776 = DIRECTION('',(-0.,-1.,0.));
#2777 = ADVANCED_FACE('',(#2778),#2789,.F.);
#2778 = FACE_BOUND('',#2779,.T.);
#2779 = EDGE_LOOP('',(#2780,#2781,#2787,#2788));
#2780 = ORIENTED_EDGE('',*,*,#651,.T.);
#2781 = ORIENTED_EDGE('',*,*,#2782,.T.);
#2782 = EDGE_CURVE('',#652,#1574,#2783,.T.);
#2783 = LINE('',#2784,#2785);
#2784 = CARTESIAN_POINT('',(122.48,-54.58,-4.5E-02));
#2785 = VECTOR('',#2786,1.);
#2786 = DIRECTION('',(0.,0.,1.));
#2787 = ORIENTED_EDGE('',*,*,#1573,.F.);
#2788 = ORIENTED_EDGE('',*,*,#2782,.F.);
#2789 = CYLINDRICAL_SURFACE('',#2790,0.5);
#2790 = AXIS2_PLACEMENT_3D('',#2791,#2792,#2793);
#2791 = CARTESIAN_POINT('',(122.48,-54.08,-4.5E-02));
#2792 = DIRECTION('',(-0.,-0.,-1.));
#2793 = DIRECTION('',(-0.,-1.,0.));
#2794 = ADVANCED_FACE('',(#2795),#2806,.F.);
#2795 = FACE_BOUND('',#2796,.T.);
#2796 = EDGE_LOOP('',(#2797,#2798,#2804,#2805));
#2797 = ORIENTED_EDGE('',*,*,#662,.T.);
#2798 = ORIENTED_EDGE('',*,*,#2799,.T.);
#2799 = EDGE_CURVE('',#663,#1585,#2800,.T.);
#2800 = LINE('',#2801,#2802);
#2801 = CARTESIAN_POINT('',(125.02,-54.58,-4.5E-02));
#2802 = VECTOR('',#2803,1.);
#2803 = DIRECTION('',(0.,0.,1.));
#2804 = ORIENTED_EDGE('',*,*,#1584,.F.);
#2805 = ORIENTED_EDGE('',*,*,#2799,.F.);
#2806 = CYLINDRICAL_SURFACE('',#2807,0.5);
#2807 = AXIS2_PLACEMENT_3D('',#2808,#2809,#2810);
#2808 = CARTESIAN_POINT('',(125.02,-54.08,-4.5E-02));
#2809 = DIRECTION('',(-0.,-0.,-1.));
#2810 = DIRECTION('',(-0.,-1.,0.));
#2811 = ADVANCED_FACE('',(#2812),#2828,.F.);
#2812 = FACE_BOUND('',#2813,.T.);
#2813 = EDGE_LOOP('',(#2814,#2815,#2821,#2822));
#2814 = ORIENTED_EDGE('',*,*,#673,.T.);
#2815 = ORIENTED_EDGE('',*,*,#2816,.T.);
#2816 = EDGE_CURVE('',#676,#1598,#2817,.T.);
#2817 = LINE('',#2818,#2819);
#2818 = CARTESIAN_POINT('',(90.65,-40.52,-4.5E-02));
#2819 = VECTOR('',#2820,1.);
#2820 = DIRECTION('',(0.,0.,1.));
#2821 = ORIENTED_EDGE('',*,*,#1595,.F.);
#2822 = ORIENTED_EDGE('',*,*,#2823,.F.);
#2823 = EDGE_CURVE('',#674,#1596,#2824,.T.);
#2824 = LINE('',#2825,#2826);
#2825 = CARTESIAN_POINT('',(90.65,-41.12,-4.5E-02));
#2826 = VECTOR('',#2827,1.);
#2827 = DIRECTION('',(0.,0.,1.));
#2828 = CYLINDRICAL_SURFACE('',#2829,0.3);
#2829 = AXIS2_PLACEMENT_3D('',#2830,#2831,#2832);
#2830 = CARTESIAN_POINT('',(90.65,-40.82,-4.5E-02));
#2831 = DIRECTION('',(-0.,-0.,-1.));
#2832 = DIRECTION('',(4.736951571734E-14,1.,-0.));
#2833 = ADVANCED_FACE('',(#2834),#2845,.T.);
#2834 = FACE_BOUND('',#2835,.T.);
#2835 = EDGE_LOOP('',(#2836,#2837,#2838,#2839));
#2836 = ORIENTED_EDGE('',*,*,#701,.T.);
#2837 = ORIENTED_EDGE('',*,*,#2823,.T.);
#2838 = ORIENTED_EDGE('',*,*,#1623,.F.);
#2839 = ORIENTED_EDGE('',*,*,#2840,.F.);
#2840 = EDGE_CURVE('',#693,#1615,#2841,.T.);
#2841 = LINE('',#2842,#2843);
#2842 = CARTESIAN_POINT('',(91.25,-41.12,-4.5E-02));
#2843 = VECTOR('',#2844,1.);
#2844 = DIRECTION('',(0.,0.,1.));
#2845 = PLANE('',#2846);
#2846 = AXIS2_PLACEMENT_3D('',#2847,#2848,#2849);
#2847 = CARTESIAN_POINT('',(90.65,-41.12,-4.5E-02));
#2848 = DIRECTION('',(0.,1.,0.));
#2849 = DIRECTION('',(1.,0.,0.));
#2850 = ADVANCED_FACE('',(#2851),#2862,.F.);
#2851 = FACE_BOUND('',#2852,.T.);
#2852 = EDGE_LOOP('',(#2853,#2854,#2855,#2856));
#2853 = ORIENTED_EDGE('',*,*,#692,.T.);
#2854 = ORIENTED_EDGE('',*,*,#2840,.T.);
#2855 = ORIENTED_EDGE('',*,*,#1614,.F.);
#2856 = ORIENTED_EDGE('',*,*,#2857,.F.);
#2857 = EDGE_CURVE('',#685,#1607,#2858,.T.);
#2858 = LINE('',#2859,#2860);
#2859 = CARTESIAN_POINT('',(91.25,-40.52,-4.5E-02));
#2860 = VECTOR('',#2861,1.);
#2861 = DIRECTION('',(0.,0.,1.));
#2862 = CYLINDRICAL_SURFACE('',#2863,0.3);
#2863 = AXIS2_PLACEMENT_3D('',#2864,#2865,#2866);
#2864 = CARTESIAN_POINT('',(91.25,-40.82,-4.5E-02));
#2865 = DIRECTION('',(-0.,-0.,-1.));
#2866 = DIRECTION('',(-0.,-1.,0.));
#2867 = ADVANCED_FACE('',(#2868),#2874,.T.);
#2868 = FACE_BOUND('',#2869,.T.);
#2869 = EDGE_LOOP('',(#2870,#2871,#2872,#2873));
#2870 = ORIENTED_EDGE('',*,*,#684,.T.);
#2871 = ORIENTED_EDGE('',*,*,#2857,.T.);
#2872 = ORIENTED_EDGE('',*,*,#1606,.F.);
#2873 = ORIENTED_EDGE('',*,*,#2816,.F.);
#2874 = PLANE('',#2875);
#2875 = AXIS2_PLACEMENT_3D('',#2876,#2877,#2878);
#2876 = CARTESIAN_POINT('',(91.25,-40.52,-4.5E-02));
#2877 = DIRECTION('',(0.,-1.,0.));
#2878 = DIRECTION('',(-1.,0.,0.));
#2879 = ADVANCED_FACE('',(#2880),#2896,.F.);
#2880 = FACE_BOUND('',#2881,.T.);
#2881 = EDGE_LOOP('',(#2882,#2883,#2889,#2890));
#2882 = ORIENTED_EDGE('',*,*,#709,.T.);
#2883 = ORIENTED_EDGE('',*,*,#2884,.T.);
#2884 = EDGE_CURVE('',#712,#1634,#2885,.T.);
#2885 = LINE('',#2886,#2887);
#2886 = CARTESIAN_POINT('',(94.58,-40.52,-4.5E-02));
#2887 = VECTOR('',#2888,1.);
#2888 = DIRECTION('',(0.,0.,1.));
#2889 = ORIENTED_EDGE('',*,*,#1631,.F.);
#2890 = ORIENTED_EDGE('',*,*,#2891,.F.);
#2891 = EDGE_CURVE('',#710,#1632,#2892,.T.);
#2892 = LINE('',#2893,#2894);
#2893 = CARTESIAN_POINT('',(94.58,-41.12,-4.5E-02));
#2894 = VECTOR('',#2895,1.);
#2895 = DIRECTION('',(0.,0.,1.));
#2896 = CYLINDRICAL_SURFACE('',#2897,0.3);
#2897 = AXIS2_PLACEMENT_3D('',#2898,#2899,#2900);
#2898 = CARTESIAN_POINT('',(94.58,-40.82,-4.5E-02));
#2899 = DIRECTION('',(-0.,-0.,-1.));
#2900 = DIRECTION('',(-4.736951571734E-14,1.,0.));
#2901 = ADVANCED_FACE('',(#2902),#2913,.T.);
#2902 = FACE_BOUND('',#2903,.T.);
#2903 = EDGE_LOOP('',(#2904,#2905,#2906,#2907));
#2904 = ORIENTED_EDGE('',*,*,#737,.T.);
#2905 = ORIENTED_EDGE('',*,*,#2891,.T.);
#2906 = ORIENTED_EDGE('',*,*,#1659,.F.);
#2907 = ORIENTED_EDGE('',*,*,#2908,.F.);
#2908 = EDGE_CURVE('',#729,#1651,#2909,.T.);
#2909 = LINE('',#2910,#2911);
#2910 = CARTESIAN_POINT('',(95.68,-41.12,-4.5E-02));
#2911 = VECTOR('',#2912,1.);
#2912 = DIRECTION('',(0.,0.,1.));
#2913 = PLANE('',#2914);
#2914 = AXIS2_PLACEMENT_3D('',#2915,#2916,#2917);
#2915 = CARTESIAN_POINT('',(94.58,-41.12,-4.5E-02));
#2916 = DIRECTION('',(0.,1.,0.));
#2917 = DIRECTION('',(1.,0.,0.));
#2918 = ADVANCED_FACE('',(#2919),#2930,.F.);
#2919 = FACE_BOUND('',#2920,.T.);
#2920 = EDGE_LOOP('',(#2921,#2922,#2923,#2924));
#2921 = ORIENTED_EDGE('',*,*,#728,.T.);
#2922 = ORIENTED_EDGE('',*,*,#2908,.T.);
#2923 = ORIENTED_EDGE('',*,*,#1650,.F.);
#2924 = ORIENTED_EDGE('',*,*,#2925,.F.);
#2925 = EDGE_CURVE('',#721,#1643,#2926,.T.);
#2926 = LINE('',#2927,#2928);
#2927 = CARTESIAN_POINT('',(95.68,-40.52,-4.5E-02));
#2928 = VECTOR('',#2929,1.);
#2929 = DIRECTION('',(0.,0.,1.));
#2930 = CYLINDRICAL_SURFACE('',#2931,0.3);
#2931 = AXIS2_PLACEMENT_3D('',#2932,#2933,#2934);
#2932 = CARTESIAN_POINT('',(95.68,-40.82,-4.5E-02));
#2933 = DIRECTION('',(-0.,-0.,-1.));
#2934 = DIRECTION('',(-0.,-1.,0.));
#2935 = ADVANCED_FACE('',(#2936),#2942,.T.);
#2936 = FACE_BOUND('',#2937,.T.);
#2937 = EDGE_LOOP('',(#2938,#2939,#2940,#2941));
#2938 = ORIENTED_EDGE('',*,*,#720,.T.);
#2939 = ORIENTED_EDGE('',*,*,#2925,.T.);
#2940 = ORIENTED_EDGE('',*,*,#1642,.F.);
#2941 = ORIENTED_EDGE('',*,*,#2884,.F.);
#2942 = PLANE('',#2943);
#2943 = AXIS2_PLACEMENT_3D('',#2944,#2945,#2946);
#2944 = CARTESIAN_POINT('',(95.68,-40.52,-4.5E-02));
#2945 = DIRECTION('',(0.,-1.,0.));
#2946 = DIRECTION('',(-1.,0.,0.));
#2947 = ADVANCED_FACE('',(#2948),#2959,.F.);
#2948 = FACE_BOUND('',#2949,.T.);
#2949 = EDGE_LOOP('',(#2950,#2951,#2957,#2958));
#2950 = ORIENTED_EDGE('',*,*,#745,.T.);
#2951 = ORIENTED_EDGE('',*,*,#2952,.T.);
#2952 = EDGE_CURVE('',#746,#1668,#2953,.T.);
#2953 = LINE('',#2954,#2955);
#2954 = CARTESIAN_POINT('',(94.6,-39.715,-4.5E-02));
#2955 = VECTOR('',#2956,1.);
#2956 = DIRECTION('',(0.,0.,1.));
#2957 = ORIENTED_EDGE('',*,*,#1667,.F.);
#2958 = ORIENTED_EDGE('',*,*,#2952,.F.);
#2959 = CYLINDRICAL_SURFACE('',#2960,0.325);
#2960 = AXIS2_PLACEMENT_3D('',#2961,#2962,#2963);
#2961 = CARTESIAN_POINT('',(94.6,-39.39,-4.5E-02));
#2962 = DIRECTION('',(-0.,-0.,-1.));
#2963 = DIRECTION('',(-0.,-1.,0.));
#2964 = ADVANCED_FACE('',(#2965),#2976,.F.);
#2965 = FACE_BOUND('',#2966,.T.);
#2966 = EDGE_LOOP('',(#2967,#2968,#2974,#2975));
#2967 = ORIENTED_EDGE('',*,*,#756,.T.);
#2968 = ORIENTED_EDGE('',*,*,#2969,.T.);
#2969 = EDGE_CURVE('',#757,#1679,#2970,.T.);
#2970 = LINE('',#2971,#2972);
#2971 = CARTESIAN_POINT('',(94.6,-33.935,-4.5E-02));
#2972 = VECTOR('',#2973,1.);
#2973 = DIRECTION('',(0.,0.,1.));
#2974 = ORIENTED_EDGE('',*,*,#1678,.F.);
#2975 = ORIENTED_EDGE('',*,*,#2969,.F.);
#2976 = CYLINDRICAL_SURFACE('',#2977,0.325);
#2977 = AXIS2_PLACEMENT_3D('',#2978,#2979,#2980);
#2978 = CARTESIAN_POINT('',(94.6,-33.61,-4.5E-02));
#2979 = DIRECTION('',(-0.,-0.,-1.));
#2980 = DIRECTION('',(-0.,-1.,0.));
#2981 = ADVANCED_FACE('',(#2982),#2998,.F.);
#2982 = FACE_BOUND('',#2983,.T.);
#2983 = EDGE_LOOP('',(#2984,#2985,#2991,#2992));
#2984 = ORIENTED_EDGE('',*,*,#767,.T.);
#2985 = ORIENTED_EDGE('',*,*,#2986,.T.);
#2986 = EDGE_CURVE('',#770,#1692,#2987,.T.);
#2987 = LINE('',#2988,#2989);
#2988 = CARTESIAN_POINT('',(90.65,-31.88,-4.5E-02));
#2989 = VECTOR('',#2990,1.);
#2990 = DIRECTION('',(0.,0.,1.));
#2991 = ORIENTED_EDGE('',*,*,#1689,.F.);
#2992 = ORIENTED_EDGE('',*,*,#2993,.F.);
#2993 = EDGE_CURVE('',#768,#1690,#2994,.T.);
#2994 = LINE('',#2995,#2996);
#2995 = CARTESIAN_POINT('',(90.65,-32.48,-4.5E-02));
#2996 = VECTOR('',#2997,1.);
#2997 = DIRECTION('',(0.,0.,1.));
#2998 = CYLINDRICAL_SURFACE('',#2999,0.3);
#2999 = AXIS2_PLACEMENT_3D('',#3000,#3001,#3002);
#3000 = CARTESIAN_POINT('',(90.65,-32.18,-4.5E-02));
#3001 = DIRECTION('',(-0.,-0.,-1.));
#3002 = DIRECTION('',(4.736951571734E-14,1.,-0.));
#3003 = ADVANCED_FACE('',(#3004),#3015,.T.);
#3004 = FACE_BOUND('',#3005,.T.);
#3005 = EDGE_LOOP('',(#3006,#3007,#3008,#3009));
#3006 = ORIENTED_EDGE('',*,*,#795,.T.);
#3007 = ORIENTED_EDGE('',*,*,#2993,.T.);
#3008 = ORIENTED_EDGE('',*,*,#1717,.F.);
#3009 = ORIENTED_EDGE('',*,*,#3010,.F.);
#3010 = EDGE_CURVE('',#787,#1709,#3011,.T.);
#3011 = LINE('',#3012,#3013);
#3012 = CARTESIAN_POINT('',(91.25,-32.48,-4.5E-02));
#3013 = VECTOR('',#3014,1.);
#3014 = DIRECTION('',(0.,0.,1.));
#3015 = PLANE('',#3016);
#3016 = AXIS2_PLACEMENT_3D('',#3017,#3018,#3019);
#3017 = CARTESIAN_POINT('',(90.65,-32.48,-4.5E-02));
#3018 = DIRECTION('',(0.,1.,0.));
#3019 = DIRECTION('',(1.,0.,0.));
#3020 = ADVANCED_FACE('',(#3021),#3032,.F.);
#3021 = FACE_BOUND('',#3022,.T.);
#3022 = EDGE_LOOP('',(#3023,#3024,#3025,#3026));
#3023 = ORIENTED_EDGE('',*,*,#786,.T.);
#3024 = ORIENTED_EDGE('',*,*,#3010,.T.);
#3025 = ORIENTED_EDGE('',*,*,#1708,.F.);
#3026 = ORIENTED_EDGE('',*,*,#3027,.F.);
#3027 = EDGE_CURVE('',#779,#1701,#3028,.T.);
#3028 = LINE('',#3029,#3030);
#3029 = CARTESIAN_POINT('',(91.25,-31.88,-4.5E-02));
#3030 = VECTOR('',#3031,1.);
#3031 = DIRECTION('',(0.,0.,1.));
#3032 = CYLINDRICAL_SURFACE('',#3033,0.3);
#3033 = AXIS2_PLACEMENT_3D('',#3034,#3035,#3036);
#3034 = CARTESIAN_POINT('',(91.25,-32.18,-4.5E-02));
#3035 = DIRECTION('',(-0.,-0.,-1.));
#3036 = DIRECTION('',(-0.,-1.,0.));
#3037 = ADVANCED_FACE('',(#3038),#3044,.T.);
#3038 = FACE_BOUND('',#3039,.T.);
#3039 = EDGE_LOOP('',(#3040,#3041,#3042,#3043));
#3040 = ORIENTED_EDGE('',*,*,#778,.T.);
#3041 = ORIENTED_EDGE('',*,*,#3027,.T.);
#3042 = ORIENTED_EDGE('',*,*,#1700,.F.);
#3043 = ORIENTED_EDGE('',*,*,#2986,.F.);
#3044 = PLANE('',#3045);
#3045 = AXIS2_PLACEMENT_3D('',#3046,#3047,#3048);
#3046 = CARTESIAN_POINT('',(91.25,-31.88,-4.5E-02));
#3047 = DIRECTION('',(0.,-1.,0.));
#3048 = DIRECTION('',(-1.,0.,0.));
#3049 = ADVANCED_FACE('',(#3050),#3066,.F.);
#3050 = FACE_BOUND('',#3051,.T.);
#3051 = EDGE_LOOP('',(#3052,#3053,#3059,#3060));
#3052 = ORIENTED_EDGE('',*,*,#803,.T.);
#3053 = ORIENTED_EDGE('',*,*,#3054,.T.);
#3054 = EDGE_CURVE('',#806,#1728,#3055,.T.);
#3055 = LINE('',#3056,#3057);
#3056 = CARTESIAN_POINT('',(94.58,-31.88,-4.5E-02));
#3057 = VECTOR('',#3058,1.);
#3058 = DIRECTION('',(0.,0.,1.));
#3059 = ORIENTED_EDGE('',*,*,#1725,.F.);
#3060 = ORIENTED_EDGE('',*,*,#3061,.F.);
#3061 = EDGE_CURVE('',#804,#1726,#3062,.T.);
#3062 = LINE('',#3063,#3064);
#3063 = CARTESIAN_POINT('',(94.58,-32.48,-4.5E-02));
#3064 = VECTOR('',#3065,1.);
#3065 = DIRECTION('',(0.,0.,1.));
#3066 = CYLINDRICAL_SURFACE('',#3067,0.3);
#3067 = AXIS2_PLACEMENT_3D('',#3068,#3069,#3070);
#3068 = CARTESIAN_POINT('',(94.58,-32.18,-4.5E-02));
#3069 = DIRECTION('',(-0.,-0.,-1.));
#3070 = DIRECTION('',(-4.736951571734E-14,1.,0.));
#3071 = ADVANCED_FACE('',(#3072),#3083,.T.);
#3072 = FACE_BOUND('',#3073,.T.);
#3073 = EDGE_LOOP('',(#3074,#3075,#3076,#3077));
#3074 = ORIENTED_EDGE('',*,*,#831,.T.);
#3075 = ORIENTED_EDGE('',*,*,#3061,.T.);
#3076 = ORIENTED_EDGE('',*,*,#1753,.F.);
#3077 = ORIENTED_EDGE('',*,*,#3078,.F.);
#3078 = EDGE_CURVE('',#823,#1745,#3079,.T.);
#3079 = LINE('',#3080,#3081);
#3080 = CARTESIAN_POINT('',(95.68,-32.48,-4.5E-02));
#3081 = VECTOR('',#3082,1.);
#3082 = DIRECTION('',(0.,0.,1.));
#3083 = PLANE('',#3084);
#3084 = AXIS2_PLACEMENT_3D('',#3085,#3086,#3087);
#3085 = CARTESIAN_POINT('',(94.58,-32.48,-4.5E-02));
#3086 = DIRECTION('',(0.,1.,0.));
#3087 = DIRECTION('',(1.,0.,0.));
#3088 = ADVANCED_FACE('',(#3089),#3100,.F.);
#3089 = FACE_BOUND('',#3090,.T.);
#3090 = EDGE_LOOP('',(#3091,#3092,#3093,#3094));
#3091 = ORIENTED_EDGE('',*,*,#822,.T.);
#3092 = ORIENTED_EDGE('',*,*,#3078,.T.);
#3093 = ORIENTED_EDGE('',*,*,#1744,.F.);
#3094 = ORIENTED_EDGE('',*,*,#3095,.F.);
#3095 = EDGE_CURVE('',#815,#1737,#3096,.T.);
#3096 = LINE('',#3097,#3098);
#3097 = CARTESIAN_POINT('',(95.68,-31.88,-4.5E-02));
#3098 = VECTOR('',#3099,1.);
#3099 = DIRECTION('',(0.,0.,1.));
#3100 = CYLINDRICAL_SURFACE('',#3101,0.3);
#3101 = AXIS2_PLACEMENT_3D('',#3102,#3103,#3104);
#3102 = CARTESIAN_POINT('',(95.68,-32.18,-4.5E-02));
#3103 = DIRECTION('',(-0.,-0.,-1.));
#3104 = DIRECTION('',(-0.,-1.,0.));
#3105 = ADVANCED_FACE('',(#3106),#3112,.T.);
#3106 = FACE_BOUND('',#3107,.T.);
#3107 = EDGE_LOOP('',(#3108,#3109,#3110,#3111));
#3108 = ORIENTED_EDGE('',*,*,#814,.T.);
#3109 = ORIENTED_EDGE('',*,*,#3095,.T.);
#3110 = ORIENTED_EDGE('',*,*,#1736,.F.);
#3111 = ORIENTED_EDGE('',*,*,#3054,.F.);
#3112 = PLANE('',#3113);
#3113 = AXIS2_PLACEMENT_3D('',#3114,#3115,#3116);
#3114 = CARTESIAN_POINT('',(95.68,-31.88,-4.5E-02));
#3115 = DIRECTION('',(0.,-1.,0.));
#3116 = DIRECTION('',(-1.,0.,0.));
#3117 = ADVANCED_FACE('',(#3118),#3129,.F.);
#3118 = FACE_BOUND('',#3119,.T.);
#3119 = EDGE_LOOP('',(#3120,#3121,#3127,#3128));
#3120 = ORIENTED_EDGE('',*,*,#839,.T.);
#3121 = ORIENTED_EDGE('',*,*,#3122,.T.);
#3122 = EDGE_CURVE('',#840,#1762,#3123,.T.);
#3123 = LINE('',#3124,#3125);
#3124 = CARTESIAN_POINT('',(95.1,-27.775,-4.5E-02));
#3125 = VECTOR('',#3126,1.);
#3126 = DIRECTION('',(0.,0.,1.));
#3127 = ORIENTED_EDGE('',*,*,#1761,.F.);
#3128 = ORIENTED_EDGE('',*,*,#3122,.F.);
#3129 = CYLINDRICAL_SURFACE('',#3130,0.375);
#3130 = AXIS2_PLACEMENT_3D('',#3131,#3132,#3133);
#3131 = CARTESIAN_POINT('',(95.1,-27.4,-4.5E-02));
#3132 = DIRECTION('',(-0.,-0.,-1.));
#3133 = DIRECTION('',(-0.,-1.,0.));
#3134 = ADVANCED_FACE('',(#3135),#3146,.F.);
#3135 = FACE_BOUND('',#3136,.T.);
#3136 = EDGE_LOOP('',(#3137,#3138,#3144,#3145));
#3137 = ORIENTED_EDGE('',*,*,#850,.T.);
#3138 = ORIENTED_EDGE('',*,*,#3139,.T.);
#3139 = EDGE_CURVE('',#851,#1773,#3140,.T.);
#3140 = LINE('',#3141,#3142);
#3141 = CARTESIAN_POINT('',(97.1,-27.775,-4.5E-02));
#3142 = VECTOR('',#3143,1.);
#3143 = DIRECTION('',(0.,0.,1.));
#3144 = ORIENTED_EDGE('',*,*,#1772,.F.);
#3145 = ORIENTED_EDGE('',*,*,#3139,.F.);
#3146 = CYLINDRICAL_SURFACE('',#3147,0.375);
#3147 = AXIS2_PLACEMENT_3D('',#3148,#3149,#3150);
#3148 = CARTESIAN_POINT('',(97.1,-27.4,-4.5E-02));
#3149 = DIRECTION('',(-0.,-0.,-1.));
#3150 = DIRECTION('',(-0.,-1.,0.));
#3151 = ADVANCED_FACE('',(#3152),#3163,.F.);
#3152 = FACE_BOUND('',#3153,.T.);
#3153 = EDGE_LOOP('',(#3154,#3155,#3161,#3162));
#3154 = ORIENTED_EDGE('',*,*,#861,.T.);
#3155 = ORIENTED_EDGE('',*,*,#3156,.T.);
#3156 = EDGE_CURVE('',#862,#1784,#3157,.T.);
#3157 = LINE('',#3158,#3159);
#3158 = CARTESIAN_POINT('',(122.48,-52.04,-4.5E-02));
#3159 = VECTOR('',#3160,1.);
#3160 = DIRECTION('',(0.,0.,1.));
#3161 = ORIENTED_EDGE('',*,*,#1783,.F.);
#3162 = ORIENTED_EDGE('',*,*,#3156,.F.);
#3163 = CYLINDRICAL_SURFACE('',#3164,0.5);
#3164 = AXIS2_PLACEMENT_3D('',#3165,#3166,#3167);
#3165 = CARTESIAN_POINT('',(122.48,-51.54,-4.5E-02));
#3166 = DIRECTION('',(-0.,-0.,-1.));
#3167 = DIRECTION('',(-0.,-1.,0.));
#3168 = ADVANCED_FACE('',(#3169),#3180,.F.);
#3169 = FACE_BOUND('',#3170,.T.);
#3170 = EDGE_LOOP('',(#3171,#3172,#3178,#3179));
#3171 = ORIENTED_EDGE('',*,*,#872,.T.);
#3172 = ORIENTED_EDGE('',*,*,#3173,.T.);
#3173 = EDGE_CURVE('',#873,#1795,#3174,.T.);
#3174 = LINE('',#3175,#3176);
#3175 = CARTESIAN_POINT('',(125.02,-52.04,-4.5E-02));
#3176 = VECTOR('',#3177,1.);
#3177 = DIRECTION('',(0.,0.,1.));
#3178 = ORIENTED_EDGE('',*,*,#1794,.F.);
#3179 = ORIENTED_EDGE('',*,*,#3173,.F.);
#3180 = CYLINDRICAL_SURFACE('',#3181,0.5);
#3181 = AXIS2_PLACEMENT_3D('',#3182,#3183,#3184);
#3182 = CARTESIAN_POINT('',(125.02,-51.54,-4.5E-02));
#3183 = DIRECTION('',(-0.,-0.,-1.));
#3184 = DIRECTION('',(-0.,-1.,0.));
#3185 = ADVANCED_FACE('',(#3186),#3197,.F.);
#3186 = FACE_BOUND('',#3187,.T.);
#3187 = EDGE_LOOP('',(#3188,#3189,#3195,#3196));
#3188 = ORIENTED_EDGE('',*,*,#883,.T.);
#3189 = ORIENTED_EDGE('',*,*,#3190,.T.);
#3190 = EDGE_CURVE('',#884,#1806,#3191,.T.);
#3191 = LINE('',#3192,#3193);
#3192 = CARTESIAN_POINT('',(122.48,-49.5,-4.5E-02));
#3193 = VECTOR('',#3194,1.);
#3194 = DIRECTION('',(0.,0.,1.));
#3195 = ORIENTED_EDGE('',*,*,#1805,.F.);
#3196 = ORIENTED_EDGE('',*,*,#3190,.F.);
#3197 = CYLINDRICAL_SURFACE('',#3198,0.5);
#3198 = AXIS2_PLACEMENT_3D('',#3199,#3200,#3201);
#3199 = CARTESIAN_POINT('',(122.48,-49.,-4.5E-02));
#3200 = DIRECTION('',(-0.,-0.,-1.));
#3201 = DIRECTION('',(-0.,-1.,0.));
#3202 = ADVANCED_FACE('',(#3203),#3214,.F.);
#3203 = FACE_BOUND('',#3204,.T.);
#3204 = EDGE_LOOP('',(#3205,#3206,#3212,#3213));
#3205 = ORIENTED_EDGE('',*,*,#894,.T.);
#3206 = ORIENTED_EDGE('',*,*,#3207,.T.);
#3207 = EDGE_CURVE('',#895,#1817,#3208,.T.);
#3208 = LINE('',#3209,#3210);
#3209 = CARTESIAN_POINT('',(122.48,-46.96,-4.5E-02));
#3210 = VECTOR('',#3211,1.);
#3211 = DIRECTION('',(0.,0.,1.));
#3212 = ORIENTED_EDGE('',*,*,#1816,.F.);
#3213 = ORIENTED_EDGE('',*,*,#3207,.F.);
#3214 = CYLINDRICAL_SURFACE('',#3215,0.5);
#3215 = AXIS2_PLACEMENT_3D('',#3216,#3217,#3218);
#3216 = CARTESIAN_POINT('',(122.48,-46.46,-4.5E-02));
#3217 = DIRECTION('',(-0.,-0.,-1.));
#3218 = DIRECTION('',(-0.,-1.,0.));
#3219 = ADVANCED_FACE('',(#3220),#3231,.F.);
#3220 = FACE_BOUND('',#3221,.T.);
#3221 = EDGE_LOOP('',(#3222,#3223,#3229,#3230));
#3222 = ORIENTED_EDGE('',*,*,#905,.T.);
#3223 = ORIENTED_EDGE('',*,*,#3224,.T.);
#3224 = EDGE_CURVE('',#906,#1828,#3225,.T.);
#3225 = LINE('',#3226,#3227);
#3226 = CARTESIAN_POINT('',(125.02,-49.5,-4.5E-02));
#3227 = VECTOR('',#3228,1.);
#3228 = DIRECTION('',(0.,0.,1.));
#3229 = ORIENTED_EDGE('',*,*,#1827,.F.);
#3230 = ORIENTED_EDGE('',*,*,#3224,.F.);
#3231 = CYLINDRICAL_SURFACE('',#3232,0.5);
#3232 = AXIS2_PLACEMENT_3D('',#3233,#3234,#3235);
#3233 = CARTESIAN_POINT('',(125.02,-49.,-4.5E-02));
#3234 = DIRECTION('',(-0.,-0.,-1.));
#3235 = DIRECTION('',(-0.,-1.,0.));
#3236 = ADVANCED_FACE('',(#3237),#3248,.F.);
#3237 = FACE_BOUND('',#3238,.T.);
#3238 = EDGE_LOOP('',(#3239,#3240,#3246,#3247));
#3239 = ORIENTED_EDGE('',*,*,#916,.T.);
#3240 = ORIENTED_EDGE('',*,*,#3241,.T.);
#3241 = EDGE_CURVE('',#917,#1839,#3242,.T.);
#3242 = LINE('',#3243,#3244);
#3243 = CARTESIAN_POINT('',(125.02,-46.96,-4.5E-02));
#3244 = VECTOR('',#3245,1.);
#3245 = DIRECTION('',(0.,0.,1.));
#3246 = ORIENTED_EDGE('',*,*,#1838,.F.);
#3247 = ORIENTED_EDGE('',*,*,#3241,.F.);
#3248 = CYLINDRICAL_SURFACE('',#3249,0.5);
#3249 = AXIS2_PLACEMENT_3D('',#3250,#3251,#3252);
#3250 = CARTESIAN_POINT('',(125.02,-46.46,-4.5E-02));
#3251 = DIRECTION('',(-0.,-0.,-1.));
#3252 = DIRECTION('',(-0.,-1.,0.));
#3253 = ADVANCED_FACE('',(#3254),#3265,.F.);
#3254 = FACE_BOUND('',#3255,.T.);
#3255 = EDGE_LOOP('',(#3256,#3257,#3263,#3264));
#3256 = ORIENTED_EDGE('',*,*,#927,.T.);
#3257 = ORIENTED_EDGE('',*,*,#3258,.T.);
#3258 = EDGE_CURVE('',#928,#1850,#3259,.T.);
#3259 = LINE('',#3260,#3261);
#3260 = CARTESIAN_POINT('',(122.48,-44.42,-4.5E-02));
#3261 = VECTOR('',#3262,1.);
#3262 = DIRECTION('',(0.,0.,1.));
#3263 = ORIENTED_EDGE('',*,*,#1849,.F.);
#3264 = ORIENTED_EDGE('',*,*,#3258,.F.);
#3265 = CYLINDRICAL_SURFACE('',#3266,0.5);
#3266 = AXIS2_PLACEMENT_3D('',#3267,#3268,#3269);
#3267 = CARTESIAN_POINT('',(122.48,-43.92,-4.5E-02));
#3268 = DIRECTION('',(-0.,-0.,-1.));
#3269 = DIRECTION('',(-0.,-1.,0.));
#3270 = ADVANCED_FACE('',(#3271),#3282,.F.);
#3271 = FACE_BOUND('',#3272,.T.);
#3272 = EDGE_LOOP('',(#3273,#3274,#3280,#3281));
#3273 = ORIENTED_EDGE('',*,*,#938,.T.);
#3274 = ORIENTED_EDGE('',*,*,#3275,.T.);
#3275 = EDGE_CURVE('',#939,#1861,#3276,.T.);
#3276 = LINE('',#3277,#3278);
#3277 = CARTESIAN_POINT('',(125.02,-44.42,-4.5E-02));
#3278 = VECTOR('',#3279,1.);
#3279 = DIRECTION('',(0.,0.,1.));
#3280 = ORIENTED_EDGE('',*,*,#1860,.F.);
#3281 = ORIENTED_EDGE('',*,*,#3275,.F.);
#3282 = CYLINDRICAL_SURFACE('',#3283,0.5);
#3283 = AXIS2_PLACEMENT_3D('',#3284,#3285,#3286);
#3284 = CARTESIAN_POINT('',(125.02,-43.92,-4.5E-02));
#3285 = DIRECTION('',(-0.,-0.,-1.));
#3286 = DIRECTION('',(-0.,-1.,0.));
#3287 = ADVANCED_FACE('',(#3288),#3299,.F.);
#3288 = FACE_BOUND('',#3289,.T.);
#3289 = EDGE_LOOP('',(#3290,#3291,#3297,#3298));
#3290 = ORIENTED_EDGE('',*,*,#949,.T.);
#3291 = ORIENTED_EDGE('',*,*,#3292,.T.);
#3292 = EDGE_CURVE('',#950,#1872,#3293,.T.);
#3293 = LINE('',#3294,#3295);
#3294 = CARTESIAN_POINT('',(122.48,-41.88,-4.5E-02));
#3295 = VECTOR('',#3296,1.);
#3296 = DIRECTION('',(0.,0.,1.));
#3297 = ORIENTED_EDGE('',*,*,#1871,.F.);
#3298 = ORIENTED_EDGE('',*,*,#3292,.F.);
#3299 = CYLINDRICAL_SURFACE('',#3300,0.5);
#3300 = AXIS2_PLACEMENT_3D('',#3301,#3302,#3303);
#3301 = CARTESIAN_POINT('',(122.48,-41.38,-4.5E-02));
#3302 = DIRECTION('',(-0.,-0.,-1.));
#3303 = DIRECTION('',(-0.,-1.,0.));
#3304 = ADVANCED_FACE('',(#3305),#3316,.F.);
#3305 = FACE_BOUND('',#3306,.T.);
#3306 = EDGE_LOOP('',(#3307,#3308,#3314,#3315));
#3307 = ORIENTED_EDGE('',*,*,#960,.T.);
#3308 = ORIENTED_EDGE('',*,*,#3309,.T.);
#3309 = EDGE_CURVE('',#961,#1883,#3310,.T.);
#3310 = LINE('',#3311,#3312);
#3311 = CARTESIAN_POINT('',(125.02,-41.88,-4.5E-02));
#3312 = VECTOR('',#3313,1.);
#3313 = DIRECTION('',(0.,0.,1.));
#3314 = ORIENTED_EDGE('',*,*,#1882,.F.);
#3315 = ORIENTED_EDGE('',*,*,#3309,.F.);
#3316 = CYLINDRICAL_SURFACE('',#3317,0.5);
#3317 = AXIS2_PLACEMENT_3D('',#3318,#3319,#3320);
#3318 = CARTESIAN_POINT('',(125.02,-41.38,-4.5E-02));
#3319 = DIRECTION('',(-0.,-0.,-1.));
#3320 = DIRECTION('',(-0.,-1.,0.));
#3321 = ADVANCED_FACE('',(#3322),#3333,.F.);
#3322 = FACE_BOUND('',#3323,.T.);
#3323 = EDGE_LOOP('',(#3324,#3325,#3331,#3332));
#3324 = ORIENTED_EDGE('',*,*,#971,.T.);
#3325 = ORIENTED_EDGE('',*,*,#3326,.T.);
#3326 = EDGE_CURVE('',#972,#1894,#3327,.T.);
#3327 = LINE('',#3328,#3329);
#3328 = CARTESIAN_POINT('',(122.48,-39.34,-4.5E-02));
#3329 = VECTOR('',#3330,1.);
#3330 = DIRECTION('',(0.,0.,1.));
#3331 = ORIENTED_EDGE('',*,*,#1893,.F.);
#3332 = ORIENTED_EDGE('',*,*,#3326,.F.);
#3333 = CYLINDRICAL_SURFACE('',#3334,0.5);
#3334 = AXIS2_PLACEMENT_3D('',#3335,#3336,#3337);
#3335 = CARTESIAN_POINT('',(122.48,-38.84,-4.5E-02));
#3336 = DIRECTION('',(-0.,-0.,-1.));
#3337 = DIRECTION('',(-0.,-1.,0.));
#3338 = ADVANCED_FACE('',(#3339),#3350,.F.);
#3339 = FACE_BOUND('',#3340,.T.);
#3340 = EDGE_LOOP('',(#3341,#3342,#3348,#3349));
#3341 = ORIENTED_EDGE('',*,*,#982,.T.);
#3342 = ORIENTED_EDGE('',*,*,#3343,.T.);
#3343 = EDGE_CURVE('',#983,#1905,#3344,.T.);
#3344 = LINE('',#3345,#3346);
#3345 = CARTESIAN_POINT('',(125.02,-39.34,-4.5E-02));
#3346 = VECTOR('',#3347,1.);
#3347 = DIRECTION('',(0.,0.,1.));
#3348 = ORIENTED_EDGE('',*,*,#1904,.F.);
#3349 = ORIENTED_EDGE('',*,*,#3343,.F.);
#3350 = CYLINDRICAL_SURFACE('',#3351,0.5);
#3351 = AXIS2_PLACEMENT_3D('',#3352,#3353,#3354);
#3352 = CARTESIAN_POINT('',(125.02,-38.84,-4.5E-02));
#3353 = DIRECTION('',(-0.,-0.,-1.));
#3354 = DIRECTION('',(-0.,-1.,0.));
#3355 = ADVANCED_FACE('',(#3356),#3367,.F.);
#3356 = FACE_BOUND('',#3357,.T.);
#3357 = EDGE_LOOP('',(#3358,#3359,#3365,#3366));
#3358 = ORIENTED_EDGE('',*,*,#993,.T.);
#3359 = ORIENTED_EDGE('',*,*,#3360,.T.);
#3360 = EDGE_CURVE('',#994,#1916,#3361,.T.);
#3361 = LINE('',#3362,#3363);
#3362 = CARTESIAN_POINT('',(122.48,-36.8,-4.5E-02));
#3363 = VECTOR('',#3364,1.);
#3364 = DIRECTION('',(0.,0.,1.));
#3365 = ORIENTED_EDGE('',*,*,#1915,.F.);
#3366 = ORIENTED_EDGE('',*,*,#3360,.F.);
#3367 = CYLINDRICAL_SURFACE('',#3368,0.5);
#3368 = AXIS2_PLACEMENT_3D('',#3369,#3370,#3371);
#3369 = CARTESIAN_POINT('',(122.48,-36.3,-4.5E-02));
#3370 = DIRECTION('',(-0.,-0.,-1.));
#3371 = DIRECTION('',(-0.,-1.,0.));
#3372 = ADVANCED_FACE('',(#3373),#3384,.F.);
#3373 = FACE_BOUND('',#3374,.T.);
#3374 = EDGE_LOOP('',(#3375,#3376,#3382,#3383));
#3375 = ORIENTED_EDGE('',*,*,#1004,.T.);
#3376 = ORIENTED_EDGE('',*,*,#3377,.T.);
#3377 = EDGE_CURVE('',#1005,#1927,#3378,.T.);
#3378 = LINE('',#3379,#3380);
#3379 = CARTESIAN_POINT('',(122.48,-34.26,-4.5E-02));
#3380 = VECTOR('',#3381,1.);
#3381 = DIRECTION('',(0.,0.,1.));
#3382 = ORIENTED_EDGE('',*,*,#1926,.F.);
#3383 = ORIENTED_EDGE('',*,*,#3377,.F.);
#3384 = CYLINDRICAL_SURFACE('',#3385,0.5);
#3385 = AXIS2_PLACEMENT_3D('',#3386,#3387,#3388);
#3386 = CARTESIAN_POINT('',(122.48,-33.76,-4.5E-02));
#3387 = DIRECTION('',(-0.,-0.,-1.));
#3388 = DIRECTION('',(-0.,-1.,0.));
#3389 = ADVANCED_FACE('',(#3390),#3401,.F.);
#3390 = FACE_BOUND('',#3391,.T.);
#3391 = EDGE_LOOP('',(#3392,#3393,#3399,#3400));
#3392 = ORIENTED_EDGE('',*,*,#1015,.T.);
#3393 = ORIENTED_EDGE('',*,*,#3394,.T.);
#3394 = EDGE_CURVE('',#1016,#1938,#3395,.T.);
#3395 = LINE('',#3396,#3397);
#3396 = CARTESIAN_POINT('',(125.02,-36.8,-4.5E-02));
#3397 = VECTOR('',#3398,1.);
#3398 = DIRECTION('',(0.,0.,1.));
#3399 = ORIENTED_EDGE('',*,*,#1937,.F.);
#3400 = ORIENTED_EDGE('',*,*,#3394,.F.);
#3401 = CYLINDRICAL_SURFACE('',#3402,0.5);
#3402 = AXIS2_PLACEMENT_3D('',#3403,#3404,#3405);
#3403 = CARTESIAN_POINT('',(125.02,-36.3,-4.5E-02));
#3404 = DIRECTION('',(-0.,-0.,-1.));
#3405 = DIRECTION('',(-0.,-1.,0.));
#3406 = ADVANCED_FACE('',(#3407),#3418,.F.);
#3407 = FACE_BOUND('',#3408,.T.);
#3408 = EDGE_LOOP('',(#3409,#3410,#3416,#3417));
#3409 = ORIENTED_EDGE('',*,*,#1026,.T.);
#3410 = ORIENTED_EDGE('',*,*,#3411,.T.);
#3411 = EDGE_CURVE('',#1027,#1949,#3412,.T.);
#3412 = LINE('',#3413,#3414);
#3413 = CARTESIAN_POINT('',(125.02,-34.26,-4.5E-02));
#3414 = VECTOR('',#3415,1.);
#3415 = DIRECTION('',(0.,0.,1.));
#3416 = ORIENTED_EDGE('',*,*,#1948,.F.);
#3417 = ORIENTED_EDGE('',*,*,#3411,.F.);
#3418 = CYLINDRICAL_SURFACE('',#3419,0.5);
#3419 = AXIS2_PLACEMENT_3D('',#3420,#3421,#3422);
#3420 = CARTESIAN_POINT('',(125.02,-33.76,-4.5E-02));
#3421 = DIRECTION('',(-0.,-0.,-1.));
#3422 = DIRECTION('',(-0.,-1.,0.));
#3423 = ADVANCED_FACE('',(#3424),#3435,.F.);
#3424 = FACE_BOUND('',#3425,.T.);
#3425 = EDGE_LOOP('',(#3426,#3427,#3433,#3434));
#3426 = ORIENTED_EDGE('',*,*,#1037,.T.);
#3427 = ORIENTED_EDGE('',*,*,#3428,.T.);
#3428 = EDGE_CURVE('',#1038,#1960,#3429,.T.);
#3429 = LINE('',#3430,#3431);
#3430 = CARTESIAN_POINT('',(122.48,-31.72,-4.5E-02));
#3431 = VECTOR('',#3432,1.);
#3432 = DIRECTION('',(0.,0.,1.));
#3433 = ORIENTED_EDGE('',*,*,#1959,.F.);
#3434 = ORIENTED_EDGE('',*,*,#3428,.F.);
#3435 = CYLINDRICAL_SURFACE('',#3436,0.5);
#3436 = AXIS2_PLACEMENT_3D('',#3437,#3438,#3439);
#3437 = CARTESIAN_POINT('',(122.48,-31.22,-4.5E-02));
#3438 = DIRECTION('',(-0.,-0.,-1.));
#3439 = DIRECTION('',(-0.,-1.,0.));
#3440 = ADVANCED_FACE('',(#3441),#3452,.F.);
#3441 = FACE_BOUND('',#3442,.T.);
#3442 = EDGE_LOOP('',(#3443,#3444,#3450,#3451));
#3443 = ORIENTED_EDGE('',*,*,#1048,.T.);
#3444 = ORIENTED_EDGE('',*,*,#3445,.T.);
#3445 = EDGE_CURVE('',#1049,#1971,#3446,.T.);
#3446 = LINE('',#3447,#3448);
#3447 = CARTESIAN_POINT('',(125.02,-31.72,-4.5E-02));
#3448 = VECTOR('',#3449,1.);
#3449 = DIRECTION('',(0.,0.,1.));
#3450 = ORIENTED_EDGE('',*,*,#1970,.F.);
#3451 = ORIENTED_EDGE('',*,*,#3445,.F.);
#3452 = CYLINDRICAL_SURFACE('',#3453,0.5);
#3453 = AXIS2_PLACEMENT_3D('',#3454,#3455,#3456);
#3454 = CARTESIAN_POINT('',(125.02,-31.22,-4.5E-02));
#3455 = DIRECTION('',(-0.,-0.,-1.));
#3456 = DIRECTION('',(-0.,-1.,0.));
#3457 = ( GEOMETRIC_REPRESENTATION_CONTEXT(3) 
GLOBAL_UNCERTAINTY_ASSIGNED_CONTEXT((#3461)) 
GLOBAL_UNIT_ASSIGNED_CONTEXT((#3458,#3459,#3460)) REPRESENTATION_CONTEXT
('Context #1','3D Context with UNIT and UNCERTAINTY') );
#3458 = ( LENGTH_UNIT() NAMED_UNIT(*) SI_UNIT(.MILLI.,.METRE.) );
#3459 = ( NAMED_UNIT(*) PLANE_ANGLE_UNIT() SI_UNIT($,.RADIAN.) );
#3460 = ( NAMED_UNIT(*) SI_UNIT($,.STERADIAN.) SOLID_ANGLE_UNIT() );
#3461 = UNCERTAINTY_MEASURE_WITH_UNIT(LENGTH_MEASURE(2.E-05),#3458,
  'distance_accuracy_value','confusion accuracy');
#3462 = CONTEXT_DEPENDENT_SHAPE_REPRESENTATION(#3463,#3465);
#3463 = ( REPRESENTATION_RELATIONSHIP('','',#32,#10) 
REPRESENTATION_RELATIONSHIP_WITH_TRANSFORMATION(#3464) 
SHAPE_REPRESENTATION_RELATIONSHIP() );
#3464 = ITEM_DEFINED_TRANSFORMATION('','',#11,#15);
#3465 = PRODUCT_DEFINITION_SHAPE('Placement','Placement of an item',
  #3466);
#3466 = NEXT_ASSEMBLY_USAGE_OCCURRENCE('1','=>[0:1:1:2]','',#5,#27,$);
#3467 = PRODUCT_RELATED_PRODUCT_CATEGORY('part',$,(#29));
#3468 = MECHANICAL_DESIGN_GEOMETRIC_PRESENTATION_REPRESENTATION('',(
    #3469),#3457);
#3469 = STYLED_ITEM('color',(#3470),#33);
#3470 = PRESENTATION_STYLE_ASSIGNMENT((#3471));
#3471 = SURFACE_STYLE_USAGE(.BOTH.,#3472);
#3472 = SURFACE_SIDE_STYLE('',(#3473));
#3473 = SURFACE_STYLE_FILL_AREA(#3474);
#3474 = FILL_AREA_STYLE('',(#3475));
#3475 = FILL_AREA_STYLE_COLOUR('',#3476);
#3476 = COLOUR_RGB('',0.313304153717,0.484529207832,0.410020903123);
ENDSEC;
END-ISO-10303-21;
