
===========================================================================
report_checks -path_delay max (Setup)
============================================================================
======================= nom_ff_n40C_1v95 Corner ===================================

Startpoint: _611_ (rising edge-triggered flip-flop clocked by clk_i)
Endpoint: _610_ (negative level-sensitive latch clocked by clk_i)
Path Group: clk_i
Path Type: max

Fanout         Cap        Slew       Delay        Time   Description
---------------------------------------------------------------------------------------------
                                  0.000000    0.000000   clock clk_i (rise edge)
                                  0.000000    0.000000   clock source latency
     2    0.077175    0.262105    0.196252    0.196252 ^ clk_i (in)
                                                         clk_i (net)
                      0.266425    0.000000    0.196252 ^ clkbuf_0_clk_i/A (sky130_fd_sc_hd__clkbuf_16)
     2    0.018739    0.036606    0.127371    0.323623 ^ clkbuf_0_clk_i/X (sky130_fd_sc_hd__clkbuf_16)
                                                         clknet_0_clk_i (net)
                      0.036606    0.000464    0.324087 ^ clkbuf_1_1__f_clk_i/A (sky130_fd_sc_hd__clkbuf_16)
     2    0.006743    0.022210    0.076823    0.400911 ^ clkbuf_1_1__f_clk_i/X (sky130_fd_sc_hd__clkbuf_16)
                                                         clknet_1_1__leaf_clk_i (net)
                      0.022211    0.000223    0.401134 ^ _611_/CLK (sky130_fd_sc_hd__dfrtp_1)
     2    0.013968    0.098857    0.247460    0.648595 ^ _611_/Q (sky130_fd_sc_hd__dfrtp_1)
                                                         u_ibex.clock_en (net)
                      0.098857    0.000306    0.648901 ^ hold355/A (sky130_fd_sc_hd__dlygate4sd3_1)
     1    0.002393    0.034903    0.380103    1.029004 ^ hold355/X (sky130_fd_sc_hd__dlygate4sd3_1)
                                                         net526 (net)
                      0.034903    0.000049    1.029053 ^ hold142/A (sky130_fd_sc_hd__dlygate4sd3_1)
     1    0.002898    0.037955    0.372248    1.401301 ^ hold142/X (sky130_fd_sc_hd__dlygate4sd3_1)
                                                         net313 (net)
                      0.037955    0.000065    1.401366 ^ hold356/A (sky130_fd_sc_hd__dlygate4sd3_1)
     1    0.003671    0.043480    0.377829    1.779194 ^ hold356/X (sky130_fd_sc_hd__dlygate4sd3_1)
                                                         net527 (net)
                      0.043480    0.000123    1.779318 ^ hold64/A (sky130_fd_sc_hd__dlygate4sd3_1)
     1    0.004001    0.045599    0.380836    2.160154 ^ hold64/X (sky130_fd_sc_hd__dlygate4sd3_1)
                                                         net235 (net)
                      0.045599    0.000131    2.160285 ^ hold357/A (sky130_fd_sc_hd__dlygate4sd3_1)
     1    0.002560    0.035871    0.372373    2.532658 ^ hold357/X (sky130_fd_sc_hd__dlygate4sd3_1)
                                                         net528 (net)
                      0.035871    0.000076    2.532734 ^ hold143/A (sky130_fd_sc_hd__dlygate4sd3_1)
     1    0.002853    0.037655    0.372155    2.904888 ^ hold143/X (sky130_fd_sc_hd__dlygate4sd3_1)
                                                         net314 (net)
                      0.037655    0.000083    2.904971 ^ _610_/D (sky130_fd_sc_hd__dlxtn_1)
                                              2.904971   data arrival time

                                 12.500000   12.500000   clock clk_i (fall edge)
                                  0.000000   12.500000   clock source latency
     2    0.076179    0.117813    0.096540   12.596539 v clk_i (in)
                                                         clk_i (net)
                      0.127125    0.000000   12.596539 v clkbuf_0_clk_i/A (sky130_fd_sc_hd__clkbuf_16)
     2    0.016813    0.025900    0.138196   12.734735 v clkbuf_0_clk_i/X (sky130_fd_sc_hd__clkbuf_16)
                                                         clknet_0_clk_i (net)
                      0.025900    0.000415   12.735150 v clkbuf_1_1__f_clk_i/A (sky130_fd_sc_hd__clkbuf_16)
     2    0.006441    0.020986    0.088415   12.823565 v clkbuf_1_1__f_clk_i/X (sky130_fd_sc_hd__clkbuf_16)
                                                         clknet_1_1__leaf_clk_i (net)
                      0.020986    0.000167   12.823731 v _610_/GATE_N (sky130_fd_sc_hd__dlxtn_1)
                                 -0.250000   12.573731   clock uncertainty
                                  0.000000   12.573731   clock reconvergence pessimism
                                  0.000000   12.573731   time borrowed from endpoint
                                             12.573731   data required time
---------------------------------------------------------------------------------------------
                                             12.573731   data required time
                                             -2.904971   data arrival time
---------------------------------------------------------------------------------------------
                                              9.668760   slack (MET)

Time Borrowing Information
------------------------------------------------
clk_i nominal pulse width              12.500000
clock latency difference                0.077354
library setup time                     -0.096019
------------------------------------------------
max time borrow                        12.481336
actual time borrow                      0.000000
------------------------------------------------


Startpoint: _610_ (negative level-sensitive latch clocked by clk_i)
Endpoint: _498_ (rising clock gating-check end-point clocked by clk_i)
Path Group: gated clock
Path Type: max

Fanout         Cap        Slew       Delay        Time   Description
---------------------------------------------------------------------------------------------
                                 12.500000   12.500000   clock clk_i (fall edge)
                                  0.000000   12.500000   clock source latency
     2    0.076179    0.117813    0.096540   12.596539 v clk_i (in)
                                                         clk_i (net)
                      0.127125    0.000000   12.596539 v clkbuf_0_clk_i/A (sky130_fd_sc_hd__clkbuf_16)
     2    0.016813    0.025900    0.138196   12.734735 v clkbuf_0_clk_i/X (sky130_fd_sc_hd__clkbuf_16)
                                                         clknet_0_clk_i (net)
                      0.025900    0.000415   12.735150 v clkbuf_1_1__f_clk_i/A (sky130_fd_sc_hd__clkbuf_16)
     2    0.006441    0.020986    0.088415   12.823565 v clkbuf_1_1__f_clk_i/X (sky130_fd_sc_hd__clkbuf_16)
                                                         clknet_1_1__leaf_clk_i (net)
                      0.020986    0.000167   12.823731 v _610_/GATE_N (sky130_fd_sc_hd__dlxtn_1)
     1    0.002832    0.029952    0.238513   13.062245 ^ _610_/Q (sky130_fd_sc_hd__dlxtn_1)
                                                         u_ibex.core_clock_gate_i.en_latch (net)
                      0.029952    0.000086   13.062331 ^ hold365/A (sky130_fd_sc_hd__dlygate4sd3_1)
     1    0.002992    0.038545    0.371775   13.434106 ^ hold365/X (sky130_fd_sc_hd__dlygate4sd3_1)
                                                         net536 (net)
                      0.038545    0.000092   13.434198 ^ hold363/A (sky130_fd_sc_hd__dlygate4sd3_1)
     1    0.002323    0.034526    0.369345   13.803543 ^ hold363/X (sky130_fd_sc_hd__dlygate4sd3_1)
                                                         net534 (net)
                      0.034526    0.000047   13.803590 ^ hold366/A (sky130_fd_sc_hd__dlygate4sd3_1)
     1    0.002421    0.035069    0.369104   14.172693 ^ hold366/X (sky130_fd_sc_hd__dlygate4sd3_1)
                                                         net537 (net)
                      0.035069    0.000069   14.172763 ^ hold362/A (sky130_fd_sc_hd__dlygate4sd3_1)
     1    0.002999    0.038593    0.372917   14.545680 ^ hold362/X (sky130_fd_sc_hd__dlygate4sd3_1)
                                                         net533 (net)
                      0.038593    0.000090   14.545770 ^ hold367/A (sky130_fd_sc_hd__dlygate4sd3_1)
     1    0.002353    0.034689    0.369543   14.915312 ^ hold367/X (sky130_fd_sc_hd__dlygate4sd3_1)
                                                         net538 (net)
                      0.034689    0.000069   14.915381 ^ hold364/A (sky130_fd_sc_hd__dlygate4sd3_1)
     1    0.002736    0.036912    0.371154   15.286535 ^ hold364/X (sky130_fd_sc_hd__dlygate4sd3_1)
                                                         net535 (net)
                      0.036912    0.000083   15.286618 ^ _498_/B (sky130_fd_sc_hd__and2_2)
                                             15.286618   data arrival time

                                 25.000000   25.000000   clock clk_i (rise edge)
                                  0.000000   25.000000   clock source latency
     2    0.077175    0.262105    0.196252   25.196251 ^ clk_i (in)
                                                         clk_i (net)
                      0.266425    0.000000   25.196251 ^ clkbuf_0_clk_i/A (sky130_fd_sc_hd__clkbuf_16)
     2    0.018739    0.036606    0.127372   25.323624 ^ clkbuf_0_clk_i/X (sky130_fd_sc_hd__clkbuf_16)
                                                         clknet_0_clk_i (net)
                      0.036606    0.000405   25.324028 ^ clkbuf_1_0__f_clk_i/A (sky130_fd_sc_hd__clkbuf_16)
     3    0.008468    0.023514    0.078213   25.402241 ^ clkbuf_1_0__f_clk_i/X (sky130_fd_sc_hd__clkbuf_16)
                                                         clknet_1_0__leaf_clk_i (net)
                      0.023514    0.000192   25.402433 ^ _498_/A (sky130_fd_sc_hd__and2_2)
                                 -0.250000   25.152433   clock uncertainty
                                  0.000000   25.152433   clock reconvergence pessimism
                                  0.000000   25.152433   clock gating setup time
                                             25.152433   data required time
---------------------------------------------------------------------------------------------
                                             25.152433   data required time
                                            -15.286618   data arrival time
---------------------------------------------------------------------------------------------
                                              9.865815   slack (MET)


Startpoint: _578_ (rising edge-triggered flip-flop clocked by clk_i)
Endpoint: tl_o[8] (output port clocked by clk_i)
Path Group: clk_i
Path Type: max

Fanout         Cap        Slew       Delay        Time   Description
---------------------------------------------------------------------------------------------
                                  0.000000    0.000000   clock clk_i (rise edge)
                                  0.000000    0.000000   clock source latency
     2    0.077175    0.262105    0.196252    0.196252 ^ clk_i (in)
                                                         clk_i (net)
                      0.266425    0.000000    0.196252 ^ clkbuf_0_clk_i/A (sky130_fd_sc_hd__clkbuf_16)
     2    0.018739    0.036606    0.127371    0.323623 ^ clkbuf_0_clk_i/X (sky130_fd_sc_hd__clkbuf_16)
                                                         clknet_0_clk_i (net)
                      0.036606    0.000406    0.324030 ^ clkbuf_1_0__f_clk_i/A (sky130_fd_sc_hd__clkbuf_16)
     3    0.008468    0.023514    0.078213    0.402242 ^ clkbuf_1_0__f_clk_i/X (sky130_fd_sc_hd__clkbuf_16)
                                                         clknet_1_0__leaf_clk_i (net)
                      0.023514    0.000191    0.402433 ^ _498_/A (sky130_fd_sc_hd__and2_2)
     3    0.052614    0.202686    0.198500    0.600933 ^ _498_/X (sky130_fd_sc_hd__and2_2)
                                                         u_ibex.clk (net)
                      0.203830    0.012306    0.613239 ^ clkbuf_0_u_ibex.clk/A (sky130_fd_sc_hd__clkbuf_16)
     9    0.081193    0.077169    0.153052    0.766291 ^ clkbuf_0_u_ibex.clk/X (sky130_fd_sc_hd__clkbuf_16)
                                                         clknet_0_u_ibex.clk (net)
                      0.078340    0.007465    0.773756 ^ clkbuf_2_2__f_u_ibex.clk/A (sky130_fd_sc_hd__clkbuf_16)
    31    0.105244    0.094104    0.135620    0.909376 ^ clkbuf_2_2__f_u_ibex.clk/X (sky130_fd_sc_hd__clkbuf_16)
                                                         clknet_2_2__leaf_u_ibex.clk (net)
                      0.096859    0.012546    0.921921 ^ _578_/CLK (sky130_fd_sc_hd__dfrtp_1)
     1    0.005901    0.049644    0.230579    1.152500 ^ _578_/Q (sky130_fd_sc_hd__dfrtp_1)
                                                         u_ibex.u_ibex_core.load_store_unit_i.ls_fsm_cs[1] (net)
                      0.049644    0.000217    1.152718 ^ hold126/A (sky130_fd_sc_hd__dlygate4sd3_1)
     1    0.003623    0.043154    0.380024    1.532742 ^ hold126/X (sky130_fd_sc_hd__dlygate4sd3_1)
                                                         net297 (net)
                      0.043154    0.000109    1.532851 ^ hold117/A (sky130_fd_sc_hd__dlygate4sd3_1)
     1    0.002210    0.033898    0.369606    1.902458 ^ hold117/X (sky130_fd_sc_hd__dlygate4sd3_1)
                                                         net288 (net)
                      0.033898    0.000064    1.902522 ^ hold127/A (sky130_fd_sc_hd__dlygate4sd3_1)
     3    0.012267    0.102198    0.423028    2.325550 ^ hold127/X (sky130_fd_sc_hd__dlygate4sd3_1)
                                                         net298 (net)
                      0.102198    0.000167    2.325716 ^ fanout82/A (sky130_fd_sc_hd__dlymetal6s2s_1)
     2    0.007414    0.077055    0.101312    2.427029 ^ fanout82/X (sky130_fd_sc_hd__dlymetal6s2s_1)
                                                         net82 (net)
                      0.077055    0.000097    2.427126 ^ hold128/A (sky130_fd_sc_hd__dlygate4sd3_1)
     5    0.020081    0.158566    0.470677    2.897803 ^ hold128/X (sky130_fd_sc_hd__dlygate4sd3_1)
                                                         net299 (net)
                      0.158566    0.000588    2.898390 ^ _256_/C_N (sky130_fd_sc_hd__nor3b_2)
     7    0.026699    0.333029    0.303581    3.201972 ^ _256_/Y (sky130_fd_sc_hd__nor3b_2)
                                                         _046_ (net)
                      0.333036    0.001303    3.203274 ^ wire77/A (sky130_fd_sc_hd__buf_4)
     7    0.060324    0.130451    0.170383    3.373657 ^ wire77/X (sky130_fd_sc_hd__buf_4)
                                                         net77 (net)
                      0.133554    0.015846    3.389503 ^ _262_/A (sky130_fd_sc_hd__or3_1)
     2    0.010357    0.077324    0.119867    3.509371 ^ _262_/X (sky130_fd_sc_hd__or3_1)
                                                         _052_ (net)
                      0.077324    0.000252    3.509623 ^ fanout75/A (sky130_fd_sc_hd__buf_1)
     3    0.019274    0.171762    0.154533    3.664156 ^ fanout75/X (sky130_fd_sc_hd__buf_1)
                                                         net75 (net)
                      0.171764    0.000551    3.664707 ^ fanout72/A (sky130_fd_sc_hd__buf_1)
     4    0.016927    0.151566    0.143442    3.808150 ^ fanout72/X (sky130_fd_sc_hd__buf_1)
                                                         net72 (net)
                      0.151566    0.000188    3.808338 ^ fanout71/A (sky130_fd_sc_hd__clkbuf_2)
     6    0.023534    0.102463    0.141002    3.949340 ^ fanout71/X (sky130_fd_sc_hd__clkbuf_2)
                                                         net71 (net)
                      0.102463    0.000278    3.949619 ^ _278_/B (sky130_fd_sc_hd__and2_1)
     4    0.014710    0.113689    0.144886    4.094505 ^ _278_/X (sky130_fd_sc_hd__and2_1)
                                                         _068_ (net)
                      0.113689    0.000313    4.094818 ^ _287_/C (sky130_fd_sc_hd__and4_2)
     5    0.026049    0.112181    0.203210    4.298028 ^ _287_/X (sky130_fd_sc_hd__and4_2)
                                                         _077_ (net)
                      0.112185    0.000835    4.298863 ^ _289_/D (sky130_fd_sc_hd__and4_1)
     5    0.017361    0.131038    0.192360    4.491223 ^ _289_/X (sky130_fd_sc_hd__and4_1)
                                                         _079_ (net)
                      0.131039    0.000697    4.491921 ^ _292_/D (sky130_fd_sc_hd__and4_1)
     1    0.005680    0.054869    0.135350    4.627271 ^ _292_/X (sky130_fd_sc_hd__and4_1)
                                                         _082_ (net)
                      0.054869    0.000231    4.627502 ^ fanout58/A (sky130_fd_sc_hd__clkbuf_1)
     3    0.016202    0.145645    0.134980    4.762482 ^ fanout58/X (sky130_fd_sc_hd__clkbuf_1)
                                                         net58 (net)
                      0.145647    0.000447    4.762929 ^ fanout57/A (sky130_fd_sc_hd__clkbuf_2)
     6    0.024505    0.106306    0.142963    4.905892 ^ fanout57/X (sky130_fd_sc_hd__clkbuf_2)
                                                         net57 (net)
                      0.106357    0.000989    4.906880 ^ _294_/D (sky130_fd_sc_hd__and4_1)
     4    0.020333    0.151259    0.205739    5.112620 ^ _294_/X (sky130_fd_sc_hd__and4_1)
                                                         _084_ (net)
                      0.151263    0.001019    5.113638 ^ _295_/C (sky130_fd_sc_hd__and3_1)
     3    0.011980    0.096662    0.153316    5.266955 ^ _295_/X (sky130_fd_sc_hd__and3_1)
                                                         _085_ (net)
                      0.096662    0.000430    5.267385 ^ _296_/B (sky130_fd_sc_hd__nand2_1)
     2    0.007123    0.053157    0.053786    5.321171 v _296_/Y (sky130_fd_sc_hd__nand2_1)
                                                         _086_ (net)
                      0.053159    0.000223    5.321393 v _297_/S (sky130_fd_sc_hd__mux2_2)
     4    0.024887    0.075224    0.216742    5.538136 v _297_/X (sky130_fd_sc_hd__mux2_2)
                                                         _087_ (net)
                      0.075230    0.000711    5.538846 v _351_/A (sky130_fd_sc_hd__xnor2_2)
     3    0.016069    0.183669    0.190539    5.729385 ^ _351_/Y (sky130_fd_sc_hd__xnor2_2)
                                                         _119_ (net)
                      0.183669    0.000457    5.729842 ^ _408_/A (sky130_fd_sc_hd__xnor2_1)
     1    0.003394    0.090411    0.083135    5.812976 ^ _408_/Y (sky130_fd_sc_hd__xnor2_1)
                                                         net51 (net)
                      0.090411    0.000108    5.813085 ^ output51/A (sky130_fd_sc_hd__buf_2)
     1    0.034783    0.129939    0.153616    5.966700 ^ output51/X (sky130_fd_sc_hd__buf_2)
                                                         tl_o[8] (net)
                      0.129986    0.000858    5.967558 ^ tl_o[8] (out)
                                              5.967558   data arrival time

                                 25.000000   25.000000   clock clk_i (rise edge)
                                  0.000000   25.000000   clock network delay (propagated)
                                 -0.250000   24.750000   clock uncertainty
                                  0.000000   24.750000   clock reconvergence pessimism
                                 -5.000000   19.750000   output external delay
                                             19.750000   data required time
---------------------------------------------------------------------------------------------
                                             19.750000   data required time
                                             -5.967558   data arrival time
---------------------------------------------------------------------------------------------
                                             13.782442   slack (MET)


Startpoint: _578_ (rising edge-triggered flip-flop clocked by clk_i)
Endpoint: tl_o[13] (output port clocked by clk_i)
Path Group: clk_i
Path Type: max

Fanout         Cap        Slew       Delay        Time   Description
---------------------------------------------------------------------------------------------
                                  0.000000    0.000000   clock clk_i (rise edge)
                                  0.000000    0.000000   clock source latency
     2    0.077175    0.262105    0.196252    0.196252 ^ clk_i (in)
                                                         clk_i (net)
                      0.266425    0.000000    0.196252 ^ clkbuf_0_clk_i/A (sky130_fd_sc_hd__clkbuf_16)
     2    0.018739    0.036606    0.127371    0.323623 ^ clkbuf_0_clk_i/X (sky130_fd_sc_hd__clkbuf_16)
                                                         clknet_0_clk_i (net)
                      0.036606    0.000406    0.324030 ^ clkbuf_1_0__f_clk_i/A (sky130_fd_sc_hd__clkbuf_16)
     3    0.008468    0.023514    0.078213    0.402242 ^ clkbuf_1_0__f_clk_i/X (sky130_fd_sc_hd__clkbuf_16)
                                                         clknet_1_0__leaf_clk_i (net)
                      0.023514    0.000191    0.402433 ^ _498_/A (sky130_fd_sc_hd__and2_2)
     3    0.052614    0.202686    0.198500    0.600933 ^ _498_/X (sky130_fd_sc_hd__and2_2)
                                                         u_ibex.clk (net)
                      0.203830    0.012306    0.613239 ^ clkbuf_0_u_ibex.clk/A (sky130_fd_sc_hd__clkbuf_16)
     9    0.081193    0.077169    0.153052    0.766291 ^ clkbuf_0_u_ibex.clk/X (sky130_fd_sc_hd__clkbuf_16)
                                                         clknet_0_u_ibex.clk (net)
                      0.078340    0.007465    0.773756 ^ clkbuf_2_2__f_u_ibex.clk/A (sky130_fd_sc_hd__clkbuf_16)
    31    0.105244    0.094104    0.135620    0.909376 ^ clkbuf_2_2__f_u_ibex.clk/X (sky130_fd_sc_hd__clkbuf_16)
                                                         clknet_2_2__leaf_u_ibex.clk (net)
                      0.096859    0.012546    0.921921 ^ _578_/CLK (sky130_fd_sc_hd__dfrtp_1)
     1    0.005901    0.049644    0.230579    1.152500 ^ _578_/Q (sky130_fd_sc_hd__dfrtp_1)
                                                         u_ibex.u_ibex_core.load_store_unit_i.ls_fsm_cs[1] (net)
                      0.049644    0.000217    1.152718 ^ hold126/A (sky130_fd_sc_hd__dlygate4sd3_1)
     1    0.003623    0.043154    0.380024    1.532742 ^ hold126/X (sky130_fd_sc_hd__dlygate4sd3_1)
                                                         net297 (net)
                      0.043154    0.000109    1.532851 ^ hold117/A (sky130_fd_sc_hd__dlygate4sd3_1)
     1    0.002210    0.033898    0.369606    1.902458 ^ hold117/X (sky130_fd_sc_hd__dlygate4sd3_1)
                                                         net288 (net)
                      0.033898    0.000064    1.902522 ^ hold127/A (sky130_fd_sc_hd__dlygate4sd3_1)
     3    0.012267    0.102198    0.423028    2.325550 ^ hold127/X (sky130_fd_sc_hd__dlygate4sd3_1)
                                                         net298 (net)
                      0.102198    0.000167    2.325716 ^ fanout82/A (sky130_fd_sc_hd__dlymetal6s2s_1)
     2    0.007414    0.077055    0.101312    2.427029 ^ fanout82/X (sky130_fd_sc_hd__dlymetal6s2s_1)
                                                         net82 (net)
                      0.077055    0.000097    2.427126 ^ hold128/A (sky130_fd_sc_hd__dlygate4sd3_1)
     5    0.020081    0.158566    0.470677    2.897803 ^ hold128/X (sky130_fd_sc_hd__dlygate4sd3_1)
                                                         net299 (net)
                      0.158566    0.000588    2.898390 ^ _256_/C_N (sky130_fd_sc_hd__nor3b_2)
     7    0.026699    0.333029    0.303581    3.201972 ^ _256_/Y (sky130_fd_sc_hd__nor3b_2)
                                                         _046_ (net)
                      0.333036    0.001303    3.203274 ^ wire77/A (sky130_fd_sc_hd__buf_4)
     7    0.060324    0.130451    0.170383    3.373657 ^ wire77/X (sky130_fd_sc_hd__buf_4)
                                                         net77 (net)
                      0.133554    0.015846    3.389503 ^ _262_/A (sky130_fd_sc_hd__or3_1)
     2    0.010357    0.077324    0.119867    3.509371 ^ _262_/X (sky130_fd_sc_hd__or3_1)
                                                         _052_ (net)
                      0.077324    0.000252    3.509623 ^ fanout75/A (sky130_fd_sc_hd__buf_1)
     3    0.019274    0.171762    0.154533    3.664156 ^ fanout75/X (sky130_fd_sc_hd__buf_1)
                                                         net75 (net)
                      0.171764    0.000551    3.664707 ^ fanout72/A (sky130_fd_sc_hd__buf_1)
     4    0.016927    0.151566    0.143442    3.808150 ^ fanout72/X (sky130_fd_sc_hd__buf_1)
                                                         net72 (net)
                      0.151566    0.000188    3.808338 ^ fanout71/A (sky130_fd_sc_hd__clkbuf_2)
     6    0.023534    0.102463    0.141002    3.949340 ^ fanout71/X (sky130_fd_sc_hd__clkbuf_2)
                                                         net71 (net)
                      0.102463    0.000278    3.949619 ^ _278_/B (sky130_fd_sc_hd__and2_1)
     4    0.014710    0.113689    0.144886    4.094505 ^ _278_/X (sky130_fd_sc_hd__and2_1)
                                                         _068_ (net)
                      0.113689    0.000313    4.094818 ^ _287_/C (sky130_fd_sc_hd__and4_2)
     5    0.026049    0.112181    0.203210    4.298028 ^ _287_/X (sky130_fd_sc_hd__and4_2)
                                                         _077_ (net)
                      0.112185    0.000835    4.298863 ^ _289_/D (sky130_fd_sc_hd__and4_1)
     5    0.017361    0.131038    0.192360    4.491223 ^ _289_/X (sky130_fd_sc_hd__and4_1)
                                                         _079_ (net)
                      0.131039    0.000697    4.491921 ^ _292_/D (sky130_fd_sc_hd__and4_1)
     1    0.005680    0.054869    0.135350    4.627271 ^ _292_/X (sky130_fd_sc_hd__and4_1)
                                                         _082_ (net)
                      0.054869    0.000231    4.627502 ^ fanout58/A (sky130_fd_sc_hd__clkbuf_1)
     3    0.016202    0.145645    0.134980    4.762482 ^ fanout58/X (sky130_fd_sc_hd__clkbuf_1)
                                                         net58 (net)
                      0.145647    0.000447    4.762929 ^ fanout57/A (sky130_fd_sc_hd__clkbuf_2)
     6    0.024505    0.106306    0.142963    4.905892 ^ fanout57/X (sky130_fd_sc_hd__clkbuf_2)
                                                         net57 (net)
                      0.106357    0.000989    4.906880 ^ _294_/D (sky130_fd_sc_hd__and4_1)
     4    0.020333    0.151259    0.205739    5.112620 ^ _294_/X (sky130_fd_sc_hd__and4_1)
                                                         _084_ (net)
                      0.151263    0.001019    5.113638 ^ _295_/C (sky130_fd_sc_hd__and3_1)
     3    0.011980    0.096662    0.153316    5.266955 ^ _295_/X (sky130_fd_sc_hd__and3_1)
                                                         _085_ (net)
                      0.096662    0.000430    5.267385 ^ _296_/B (sky130_fd_sc_hd__nand2_1)
     2    0.007123    0.053157    0.053786    5.321171 v _296_/Y (sky130_fd_sc_hd__nand2_1)
                                                         _086_ (net)
                      0.053159    0.000223    5.321393 v _297_/S (sky130_fd_sc_hd__mux2_2)
     4    0.024887    0.075224    0.216742    5.538136 v _297_/X (sky130_fd_sc_hd__mux2_2)
                                                         _087_ (net)
                      0.075227    0.000524    5.538660 v _478_/A (sky130_fd_sc_hd__xnor2_1)
     1    0.007948    0.152917    0.168024    5.706683 ^ _478_/Y (sky130_fd_sc_hd__xnor2_1)
                                                         _221_ (net)
                      0.152918    0.000320    5.707004 ^ _479_/B (sky130_fd_sc_hd__xnor2_1)
     1    0.005963    0.125168    0.095589    5.802593 ^ _479_/Y (sky130_fd_sc_hd__xnor2_1)
                                                         net22 (net)
                      0.125168    0.000256    5.802849 ^ output22/A (sky130_fd_sc_hd__buf_2)
     1    0.034962    0.130617    0.161698    5.964547 ^ output22/X (sky130_fd_sc_hd__buf_2)
                                                         tl_o[13] (net)
                      0.130664    0.000841    5.965388 ^ tl_o[13] (out)
                                              5.965388   data arrival time

                                 25.000000   25.000000   clock clk_i (rise edge)
                                  0.000000   25.000000   clock network delay (propagated)
                                 -0.250000   24.750000   clock uncertainty
                                  0.000000   24.750000   clock reconvergence pessimism
                                 -5.000000   19.750000   output external delay
                                             19.750000   data required time
---------------------------------------------------------------------------------------------
                                             19.750000   data required time
                                             -5.965388   data arrival time
---------------------------------------------------------------------------------------------
                                             13.784611   slack (MET)


Startpoint: _578_ (rising edge-triggered flip-flop clocked by clk_i)
Endpoint: tl_o[10] (output port clocked by clk_i)
Path Group: clk_i
Path Type: max

Fanout         Cap        Slew       Delay        Time   Description
---------------------------------------------------------------------------------------------
                                  0.000000    0.000000   clock clk_i (rise edge)
                                  0.000000    0.000000   clock source latency
     2    0.077175    0.262105    0.196252    0.196252 ^ clk_i (in)
                                                         clk_i (net)
                      0.266425    0.000000    0.196252 ^ clkbuf_0_clk_i/A (sky130_fd_sc_hd__clkbuf_16)
     2    0.018739    0.036606    0.127371    0.323623 ^ clkbuf_0_clk_i/X (sky130_fd_sc_hd__clkbuf_16)
                                                         clknet_0_clk_i (net)
                      0.036606    0.000406    0.324030 ^ clkbuf_1_0__f_clk_i/A (sky130_fd_sc_hd__clkbuf_16)
     3    0.008468    0.023514    0.078213    0.402242 ^ clkbuf_1_0__f_clk_i/X (sky130_fd_sc_hd__clkbuf_16)
                                                         clknet_1_0__leaf_clk_i (net)
                      0.023514    0.000191    0.402433 ^ _498_/A (sky130_fd_sc_hd__and2_2)
     3    0.052614    0.202686    0.198500    0.600933 ^ _498_/X (sky130_fd_sc_hd__and2_2)
                                                         u_ibex.clk (net)
                      0.203830    0.012306    0.613239 ^ clkbuf_0_u_ibex.clk/A (sky130_fd_sc_hd__clkbuf_16)
     9    0.081193    0.077169    0.153052    0.766291 ^ clkbuf_0_u_ibex.clk/X (sky130_fd_sc_hd__clkbuf_16)
                                                         clknet_0_u_ibex.clk (net)
                      0.078340    0.007465    0.773756 ^ clkbuf_2_2__f_u_ibex.clk/A (sky130_fd_sc_hd__clkbuf_16)
    31    0.105244    0.094104    0.135620    0.909376 ^ clkbuf_2_2__f_u_ibex.clk/X (sky130_fd_sc_hd__clkbuf_16)
                                                         clknet_2_2__leaf_u_ibex.clk (net)
                      0.096859    0.012546    0.921921 ^ _578_/CLK (sky130_fd_sc_hd__dfrtp_1)
     1    0.005901    0.049644    0.230579    1.152500 ^ _578_/Q (sky130_fd_sc_hd__dfrtp_1)
                                                         u_ibex.u_ibex_core.load_store_unit_i.ls_fsm_cs[1] (net)
                      0.049644    0.000217    1.152718 ^ hold126/A (sky130_fd_sc_hd__dlygate4sd3_1)
     1    0.003623    0.043154    0.380024    1.532742 ^ hold126/X (sky130_fd_sc_hd__dlygate4sd3_1)
                                                         net297 (net)
                      0.043154    0.000109    1.532851 ^ hold117/A (sky130_fd_sc_hd__dlygate4sd3_1)
     1    0.002210    0.033898    0.369606    1.902458 ^ hold117/X (sky130_fd_sc_hd__dlygate4sd3_1)
                                                         net288 (net)
                      0.033898    0.000064    1.902522 ^ hold127/A (sky130_fd_sc_hd__dlygate4sd3_1)
     3    0.012267    0.102198    0.423028    2.325550 ^ hold127/X (sky130_fd_sc_hd__dlygate4sd3_1)
                                                         net298 (net)
                      0.102198    0.000167    2.325716 ^ fanout82/A (sky130_fd_sc_hd__dlymetal6s2s_1)
     2    0.007414    0.077055    0.101312    2.427029 ^ fanout82/X (sky130_fd_sc_hd__dlymetal6s2s_1)
                                                         net82 (net)
                      0.077055    0.000097    2.427126 ^ hold128/A (sky130_fd_sc_hd__dlygate4sd3_1)
     5    0.020081    0.158566    0.470677    2.897803 ^ hold128/X (sky130_fd_sc_hd__dlygate4sd3_1)
                                                         net299 (net)
                      0.158566    0.000588    2.898390 ^ _256_/C_N (sky130_fd_sc_hd__nor3b_2)
     7    0.026699    0.333029    0.303581    3.201972 ^ _256_/Y (sky130_fd_sc_hd__nor3b_2)
                                                         _046_ (net)
                      0.333036    0.001303    3.203274 ^ wire77/A (sky130_fd_sc_hd__buf_4)
     7    0.060324    0.130451    0.170383    3.373657 ^ wire77/X (sky130_fd_sc_hd__buf_4)
                                                         net77 (net)
                      0.133554    0.015846    3.389503 ^ _262_/A (sky130_fd_sc_hd__or3_1)
     2    0.010357    0.077324    0.119867    3.509371 ^ _262_/X (sky130_fd_sc_hd__or3_1)
                                                         _052_ (net)
                      0.077324    0.000252    3.509623 ^ fanout75/A (sky130_fd_sc_hd__buf_1)
     3    0.019274    0.171762    0.154533    3.664156 ^ fanout75/X (sky130_fd_sc_hd__buf_1)
                                                         net75 (net)
                      0.171764    0.000551    3.664707 ^ fanout72/A (sky130_fd_sc_hd__buf_1)
     4    0.016927    0.151566    0.143442    3.808150 ^ fanout72/X (sky130_fd_sc_hd__buf_1)
                                                         net72 (net)
                      0.151566    0.000188    3.808338 ^ fanout71/A (sky130_fd_sc_hd__clkbuf_2)
     6    0.023534    0.102463    0.141002    3.949340 ^ fanout71/X (sky130_fd_sc_hd__clkbuf_2)
                                                         net71 (net)
                      0.102463    0.000278    3.949619 ^ _278_/B (sky130_fd_sc_hd__and2_1)
     4    0.014710    0.113689    0.144886    4.094505 ^ _278_/X (sky130_fd_sc_hd__and2_1)
                                                         _068_ (net)
                      0.113689    0.000313    4.094818 ^ _287_/C (sky130_fd_sc_hd__and4_2)
     5    0.026049    0.112181    0.203210    4.298028 ^ _287_/X (sky130_fd_sc_hd__and4_2)
                                                         _077_ (net)
                      0.112185    0.000835    4.298863 ^ _289_/D (sky130_fd_sc_hd__and4_1)
     5    0.017361    0.131038    0.192360    4.491223 ^ _289_/X (sky130_fd_sc_hd__and4_1)
                                                         _079_ (net)
                      0.131039    0.000697    4.491921 ^ _292_/D (sky130_fd_sc_hd__and4_1)
     1    0.005680    0.054869    0.135350    4.627271 ^ _292_/X (sky130_fd_sc_hd__and4_1)
                                                         _082_ (net)
                      0.054869    0.000231    4.627502 ^ fanout58/A (sky130_fd_sc_hd__clkbuf_1)
     3    0.016202    0.145645    0.134980    4.762482 ^ fanout58/X (sky130_fd_sc_hd__clkbuf_1)
                                                         net58 (net)
                      0.145647    0.000447    4.762929 ^ fanout57/A (sky130_fd_sc_hd__clkbuf_2)
     6    0.024505    0.106306    0.142963    4.905892 ^ fanout57/X (sky130_fd_sc_hd__clkbuf_2)
                                                         net57 (net)
                      0.106357    0.000989    4.906880 ^ _294_/D (sky130_fd_sc_hd__and4_1)
     4    0.020333    0.151259    0.205739    5.112620 ^ _294_/X (sky130_fd_sc_hd__and4_1)
                                                         _084_ (net)
                      0.151263    0.001019    5.113638 ^ _295_/C (sky130_fd_sc_hd__and3_1)
     3    0.011980    0.096662    0.153316    5.266955 ^ _295_/X (sky130_fd_sc_hd__and3_1)
                                                         _085_ (net)
                      0.096662    0.000430    5.267385 ^ _296_/B (sky130_fd_sc_hd__nand2_1)
     2    0.007123    0.053157    0.053786    5.321171 v _296_/Y (sky130_fd_sc_hd__nand2_1)
                                                         _086_ (net)
                      0.053159    0.000223    5.321393 v _297_/S (sky130_fd_sc_hd__mux2_2)
     4    0.024887    0.075224    0.216742    5.538136 v _297_/X (sky130_fd_sc_hd__mux2_2)
                                                         _087_ (net)
                      0.075230    0.000711    5.538846 v _351_/A (sky130_fd_sc_hd__xnor2_2)
     3    0.016069    0.183669    0.190539    5.729385 ^ _351_/Y (sky130_fd_sc_hd__xnor2_2)
                                                         _119_ (net)
                      0.183669    0.000387    5.729773 ^ _364_/A (sky130_fd_sc_hd__xnor2_1)
     1    0.003045    0.086525    0.081100    5.810873 ^ _364_/Y (sky130_fd_sc_hd__xnor2_1)
                                                         net19 (net)
                      0.086525    0.000090    5.810963 ^ output19/A (sky130_fd_sc_hd__buf_2)
     1    0.034824    0.130084    0.152842    5.963804 ^ output19/X (sky130_fd_sc_hd__buf_2)
                                                         tl_o[10] (net)
                      0.130130    0.000836    5.964641 ^ tl_o[10] (out)
                                              5.964641   data arrival time

                                 25.000000   25.000000   clock clk_i (rise edge)
                                  0.000000   25.000000   clock network delay (propagated)
                                 -0.250000   24.750000   clock uncertainty
                                  0.000000   24.750000   clock reconvergence pessimism
                                 -5.000000   19.750000   output external delay
                                             19.750000   data required time
---------------------------------------------------------------------------------------------
                                             19.750000   data required time
                                             -5.964641   data arrival time
---------------------------------------------------------------------------------------------
                                             13.785359   slack (MET)


Startpoint: _578_ (rising edge-triggered flip-flop clocked by clk_i)
Endpoint: tl_o[9] (output port clocked by clk_i)
Path Group: clk_i
Path Type: max

Fanout         Cap        Slew       Delay        Time   Description
---------------------------------------------------------------------------------------------
                                  0.000000    0.000000   clock clk_i (rise edge)
                                  0.000000    0.000000   clock source latency
     2    0.077175    0.262105    0.196252    0.196252 ^ clk_i (in)
                                                         clk_i (net)
                      0.266425    0.000000    0.196252 ^ clkbuf_0_clk_i/A (sky130_fd_sc_hd__clkbuf_16)
     2    0.018739    0.036606    0.127371    0.323623 ^ clkbuf_0_clk_i/X (sky130_fd_sc_hd__clkbuf_16)
                                                         clknet_0_clk_i (net)
                      0.036606    0.000406    0.324030 ^ clkbuf_1_0__f_clk_i/A (sky130_fd_sc_hd__clkbuf_16)
     3    0.008468    0.023514    0.078213    0.402242 ^ clkbuf_1_0__f_clk_i/X (sky130_fd_sc_hd__clkbuf_16)
                                                         clknet_1_0__leaf_clk_i (net)
                      0.023514    0.000191    0.402433 ^ _498_/A (sky130_fd_sc_hd__and2_2)
     3    0.052614    0.202686    0.198500    0.600933 ^ _498_/X (sky130_fd_sc_hd__and2_2)
                                                         u_ibex.clk (net)
                      0.203830    0.012306    0.613239 ^ clkbuf_0_u_ibex.clk/A (sky130_fd_sc_hd__clkbuf_16)
     9    0.081193    0.077169    0.153052    0.766291 ^ clkbuf_0_u_ibex.clk/X (sky130_fd_sc_hd__clkbuf_16)
                                                         clknet_0_u_ibex.clk (net)
                      0.078340    0.007465    0.773756 ^ clkbuf_2_2__f_u_ibex.clk/A (sky130_fd_sc_hd__clkbuf_16)
    31    0.105244    0.094104    0.135620    0.909376 ^ clkbuf_2_2__f_u_ibex.clk/X (sky130_fd_sc_hd__clkbuf_16)
                                                         clknet_2_2__leaf_u_ibex.clk (net)
                      0.096859    0.012546    0.921921 ^ _578_/CLK (sky130_fd_sc_hd__dfrtp_1)
     1    0.005901    0.049644    0.230579    1.152500 ^ _578_/Q (sky130_fd_sc_hd__dfrtp_1)
                                                         u_ibex.u_ibex_core.load_store_unit_i.ls_fsm_cs[1] (net)
                      0.049644    0.000217    1.152718 ^ hold126/A (sky130_fd_sc_hd__dlygate4sd3_1)
     1    0.003623    0.043154    0.380024    1.532742 ^ hold126/X (sky130_fd_sc_hd__dlygate4sd3_1)
                                                         net297 (net)
                      0.043154    0.000109    1.532851 ^ hold117/A (sky130_fd_sc_hd__dlygate4sd3_1)
     1    0.002210    0.033898    0.369606    1.902458 ^ hold117/X (sky130_fd_sc_hd__dlygate4sd3_1)
                                                         net288 (net)
                      0.033898    0.000064    1.902522 ^ hold127/A (sky130_fd_sc_hd__dlygate4sd3_1)
     3    0.012267    0.102198    0.423028    2.325550 ^ hold127/X (sky130_fd_sc_hd__dlygate4sd3_1)
                                                         net298 (net)
                      0.102198    0.000167    2.325716 ^ fanout82/A (sky130_fd_sc_hd__dlymetal6s2s_1)
     2    0.007414    0.077055    0.101312    2.427029 ^ fanout82/X (sky130_fd_sc_hd__dlymetal6s2s_1)
                                                         net82 (net)
                      0.077055    0.000097    2.427126 ^ hold128/A (sky130_fd_sc_hd__dlygate4sd3_1)
     5    0.020081    0.158566    0.470677    2.897803 ^ hold128/X (sky130_fd_sc_hd__dlygate4sd3_1)
                                                         net299 (net)
                      0.158566    0.000588    2.898390 ^ _256_/C_N (sky130_fd_sc_hd__nor3b_2)
     7    0.026699    0.333029    0.303581    3.201972 ^ _256_/Y (sky130_fd_sc_hd__nor3b_2)
                                                         _046_ (net)
                      0.333036    0.001303    3.203274 ^ wire77/A (sky130_fd_sc_hd__buf_4)
     7    0.060324    0.130451    0.170383    3.373657 ^ wire77/X (sky130_fd_sc_hd__buf_4)
                                                         net77 (net)
                      0.133554    0.015846    3.389503 ^ _262_/A (sky130_fd_sc_hd__or3_1)
     2    0.010357    0.077324    0.119867    3.509371 ^ _262_/X (sky130_fd_sc_hd__or3_1)
                                                         _052_ (net)
                      0.077324    0.000252    3.509623 ^ fanout75/A (sky130_fd_sc_hd__buf_1)
     3    0.019274    0.171762    0.154533    3.664156 ^ fanout75/X (sky130_fd_sc_hd__buf_1)
                                                         net75 (net)
                      0.171764    0.000551    3.664707 ^ fanout72/A (sky130_fd_sc_hd__buf_1)
     4    0.016927    0.151566    0.143442    3.808150 ^ fanout72/X (sky130_fd_sc_hd__buf_1)
                                                         net72 (net)
                      0.151566    0.000188    3.808338 ^ fanout71/A (sky130_fd_sc_hd__clkbuf_2)
     6    0.023534    0.102463    0.141002    3.949340 ^ fanout71/X (sky130_fd_sc_hd__clkbuf_2)
                                                         net71 (net)
                      0.102463    0.000278    3.949619 ^ _278_/B (sky130_fd_sc_hd__and2_1)
     4    0.014710    0.113689    0.144886    4.094505 ^ _278_/X (sky130_fd_sc_hd__and2_1)
                                                         _068_ (net)
                      0.113689    0.000313    4.094818 ^ _287_/C (sky130_fd_sc_hd__and4_2)
     5    0.026049    0.112181    0.203210    4.298028 ^ _287_/X (sky130_fd_sc_hd__and4_2)
                                                         _077_ (net)
                      0.112185    0.000835    4.298863 ^ _289_/D (sky130_fd_sc_hd__and4_1)
     5    0.017361    0.131038    0.192360    4.491223 ^ _289_/X (sky130_fd_sc_hd__and4_1)
                                                         _079_ (net)
                      0.131039    0.000697    4.491921 ^ _292_/D (sky130_fd_sc_hd__and4_1)
     1    0.005680    0.054869    0.135350    4.627271 ^ _292_/X (sky130_fd_sc_hd__and4_1)
                                                         _082_ (net)
                      0.054869    0.000231    4.627502 ^ fanout58/A (sky130_fd_sc_hd__clkbuf_1)
     3    0.016202    0.145645    0.134980    4.762482 ^ fanout58/X (sky130_fd_sc_hd__clkbuf_1)
                                                         net58 (net)
                      0.145647    0.000447    4.762929 ^ fanout57/A (sky130_fd_sc_hd__clkbuf_2)
     6    0.024505    0.106306    0.142963    4.905892 ^ fanout57/X (sky130_fd_sc_hd__clkbuf_2)
                                                         net57 (net)
                      0.106357    0.000989    4.906880 ^ _294_/D (sky130_fd_sc_hd__and4_1)
     4    0.020333    0.151259    0.205739    5.112620 ^ _294_/X (sky130_fd_sc_hd__and4_1)
                                                         _084_ (net)
                      0.151263    0.001019    5.113638 ^ _295_/C (sky130_fd_sc_hd__and3_1)
     3    0.011980    0.096662    0.153316    5.266955 ^ _295_/X (sky130_fd_sc_hd__and3_1)
                                                         _085_ (net)
                      0.096662    0.000430    5.267385 ^ _296_/B (sky130_fd_sc_hd__nand2_1)
     2    0.007123    0.053157    0.053786    5.321171 v _296_/Y (sky130_fd_sc_hd__nand2_1)
                                                         _086_ (net)
                      0.053159    0.000223    5.321393 v _297_/S (sky130_fd_sc_hd__mux2_2)
     4    0.024887    0.075224    0.216742    5.538136 v _297_/X (sky130_fd_sc_hd__mux2_2)
                                                         _087_ (net)
                      0.075230    0.000711    5.538846 v _351_/A (sky130_fd_sc_hd__xnor2_2)
     3    0.016069    0.183669    0.190539    5.729385 ^ _351_/Y (sky130_fd_sc_hd__xnor2_2)
                                                         _119_ (net)
                      0.183669    0.000407    5.729793 ^ _458_/A (sky130_fd_sc_hd__xnor2_1)
     1    0.002745    0.083066    0.079267    5.809059 ^ _458_/Y (sky130_fd_sc_hd__xnor2_1)
                                                         net55 (net)
                      0.083066    0.000080    5.809139 ^ output55/A (sky130_fd_sc_hd__buf_2)
     1    0.034768    0.129892    0.151903    5.961042 ^ output55/X (sky130_fd_sc_hd__buf_2)
                                                         tl_o[9] (net)
                      0.129939    0.000849    5.961892 ^ tl_o[9] (out)
                                              5.961892   data arrival time

                                 25.000000   25.000000   clock clk_i (rise edge)
                                  0.000000   25.000000   clock network delay (propagated)
                                 -0.250000   24.750000   clock uncertainty
                                  0.000000   24.750000   clock reconvergence pessimism
                                 -5.000000   19.750000   output external delay
                                             19.750000   data required time
---------------------------------------------------------------------------------------------
                                             19.750000   data required time
                                             -5.961892   data arrival time
---------------------------------------------------------------------------------------------
                                             13.788108   slack (MET)


Startpoint: _578_ (rising edge-triggered flip-flop clocked by clk_i)
Endpoint: tl_o[12] (output port clocked by clk_i)
Path Group: clk_i
Path Type: max

Fanout         Cap        Slew       Delay        Time   Description
---------------------------------------------------------------------------------------------
                                  0.000000    0.000000   clock clk_i (rise edge)
                                  0.000000    0.000000   clock source latency
     2    0.077175    0.262105    0.196252    0.196252 ^ clk_i (in)
                                                         clk_i (net)
                      0.266425    0.000000    0.196252 ^ clkbuf_0_clk_i/A (sky130_fd_sc_hd__clkbuf_16)
     2    0.018739    0.036606    0.127371    0.323623 ^ clkbuf_0_clk_i/X (sky130_fd_sc_hd__clkbuf_16)
                                                         clknet_0_clk_i (net)
                      0.036606    0.000406    0.324030 ^ clkbuf_1_0__f_clk_i/A (sky130_fd_sc_hd__clkbuf_16)
     3    0.008468    0.023514    0.078213    0.402242 ^ clkbuf_1_0__f_clk_i/X (sky130_fd_sc_hd__clkbuf_16)
                                                         clknet_1_0__leaf_clk_i (net)
                      0.023514    0.000191    0.402433 ^ _498_/A (sky130_fd_sc_hd__and2_2)
     3    0.052614    0.202686    0.198500    0.600933 ^ _498_/X (sky130_fd_sc_hd__and2_2)
                                                         u_ibex.clk (net)
                      0.203830    0.012306    0.613239 ^ clkbuf_0_u_ibex.clk/A (sky130_fd_sc_hd__clkbuf_16)
     9    0.081193    0.077169    0.153052    0.766291 ^ clkbuf_0_u_ibex.clk/X (sky130_fd_sc_hd__clkbuf_16)
                                                         clknet_0_u_ibex.clk (net)
                      0.078340    0.007465    0.773756 ^ clkbuf_2_2__f_u_ibex.clk/A (sky130_fd_sc_hd__clkbuf_16)
    31    0.105244    0.094104    0.135620    0.909376 ^ clkbuf_2_2__f_u_ibex.clk/X (sky130_fd_sc_hd__clkbuf_16)
                                                         clknet_2_2__leaf_u_ibex.clk (net)
                      0.096859    0.012546    0.921921 ^ _578_/CLK (sky130_fd_sc_hd__dfrtp_1)
     1    0.005901    0.049644    0.230579    1.152500 ^ _578_/Q (sky130_fd_sc_hd__dfrtp_1)
                                                         u_ibex.u_ibex_core.load_store_unit_i.ls_fsm_cs[1] (net)
                      0.049644    0.000217    1.152718 ^ hold126/A (sky130_fd_sc_hd__dlygate4sd3_1)
     1    0.003623    0.043154    0.380024    1.532742 ^ hold126/X (sky130_fd_sc_hd__dlygate4sd3_1)
                                                         net297 (net)
                      0.043154    0.000109    1.532851 ^ hold117/A (sky130_fd_sc_hd__dlygate4sd3_1)
     1    0.002210    0.033898    0.369606    1.902458 ^ hold117/X (sky130_fd_sc_hd__dlygate4sd3_1)
                                                         net288 (net)
                      0.033898    0.000064    1.902522 ^ hold127/A (sky130_fd_sc_hd__dlygate4sd3_1)
     3    0.012267    0.102198    0.423028    2.325550 ^ hold127/X (sky130_fd_sc_hd__dlygate4sd3_1)
                                                         net298 (net)
                      0.102198    0.000167    2.325716 ^ fanout82/A (sky130_fd_sc_hd__dlymetal6s2s_1)
     2    0.007414    0.077055    0.101312    2.427029 ^ fanout82/X (sky130_fd_sc_hd__dlymetal6s2s_1)
                                                         net82 (net)
                      0.077055    0.000097    2.427126 ^ hold128/A (sky130_fd_sc_hd__dlygate4sd3_1)
     5    0.020081    0.158566    0.470677    2.897803 ^ hold128/X (sky130_fd_sc_hd__dlygate4sd3_1)
                                                         net299 (net)
                      0.158566    0.000588    2.898390 ^ _256_/C_N (sky130_fd_sc_hd__nor3b_2)
     7    0.026699    0.333029    0.303581    3.201972 ^ _256_/Y (sky130_fd_sc_hd__nor3b_2)
                                                         _046_ (net)
                      0.333036    0.001303    3.203274 ^ wire77/A (sky130_fd_sc_hd__buf_4)
     7    0.060324    0.130451    0.170383    3.373657 ^ wire77/X (sky130_fd_sc_hd__buf_4)
                                                         net77 (net)
                      0.133554    0.015846    3.389503 ^ _262_/A (sky130_fd_sc_hd__or3_1)
     2    0.010357    0.077324    0.119867    3.509371 ^ _262_/X (sky130_fd_sc_hd__or3_1)
                                                         _052_ (net)
                      0.077324    0.000252    3.509623 ^ fanout75/A (sky130_fd_sc_hd__buf_1)
     3    0.019274    0.171762    0.154533    3.664156 ^ fanout75/X (sky130_fd_sc_hd__buf_1)
                                                         net75 (net)
                      0.171764    0.000551    3.664707 ^ fanout72/A (sky130_fd_sc_hd__buf_1)
     4    0.016927    0.151566    0.143442    3.808150 ^ fanout72/X (sky130_fd_sc_hd__buf_1)
                                                         net72 (net)
                      0.151566    0.000188    3.808338 ^ fanout71/A (sky130_fd_sc_hd__clkbuf_2)
     6    0.023534    0.102463    0.141002    3.949340 ^ fanout71/X (sky130_fd_sc_hd__clkbuf_2)
                                                         net71 (net)
                      0.102463    0.000278    3.949619 ^ _278_/B (sky130_fd_sc_hd__and2_1)
     4    0.014710    0.113689    0.144886    4.094505 ^ _278_/X (sky130_fd_sc_hd__and2_1)
                                                         _068_ (net)
                      0.113689    0.000313    4.094818 ^ _287_/C (sky130_fd_sc_hd__and4_2)
     5    0.026049    0.112181    0.203210    4.298028 ^ _287_/X (sky130_fd_sc_hd__and4_2)
                                                         _077_ (net)
                      0.112185    0.000835    4.298863 ^ _289_/D (sky130_fd_sc_hd__and4_1)
     5    0.017361    0.131038    0.192360    4.491223 ^ _289_/X (sky130_fd_sc_hd__and4_1)
                                                         _079_ (net)
                      0.131039    0.000697    4.491921 ^ _292_/D (sky130_fd_sc_hd__and4_1)
     1    0.005680    0.054869    0.135350    4.627271 ^ _292_/X (sky130_fd_sc_hd__and4_1)
                                                         _082_ (net)
                      0.054869    0.000231    4.627502 ^ fanout58/A (sky130_fd_sc_hd__clkbuf_1)
     3    0.016202    0.145645    0.134980    4.762482 ^ fanout58/X (sky130_fd_sc_hd__clkbuf_1)
                                                         net58 (net)
                      0.145647    0.000447    4.762929 ^ fanout57/A (sky130_fd_sc_hd__clkbuf_2)
     6    0.024505    0.106306    0.142963    4.905892 ^ fanout57/X (sky130_fd_sc_hd__clkbuf_2)
                                                         net57 (net)
                      0.106357    0.000989    4.906880 ^ _294_/D (sky130_fd_sc_hd__and4_1)
     4    0.020333    0.151259    0.205739    5.112620 ^ _294_/X (sky130_fd_sc_hd__and4_1)
                                                         _084_ (net)
                      0.151263    0.001019    5.113638 ^ _295_/C (sky130_fd_sc_hd__and3_1)
     3    0.011980    0.096662    0.153316    5.266955 ^ _295_/X (sky130_fd_sc_hd__and3_1)
                                                         _085_ (net)
                      0.096662    0.000430    5.267385 ^ _296_/B (sky130_fd_sc_hd__nand2_1)
     2    0.007123    0.053157    0.053786    5.321171 v _296_/Y (sky130_fd_sc_hd__nand2_1)
                                                         _086_ (net)
                      0.053159    0.000223    5.321393 v _297_/S (sky130_fd_sc_hd__mux2_2)
     4    0.024887    0.075224    0.216742    5.538136 v _297_/X (sky130_fd_sc_hd__mux2_2)
                                                         _087_ (net)
                      0.075227    0.000515    5.538651 v _386_/A (sky130_fd_sc_hd__xnor2_1)
     1    0.005553    0.119541    0.142930    5.681580 ^ _386_/Y (sky130_fd_sc_hd__xnor2_1)
                                                         _147_ (net)
                      0.119541    0.000133    5.681714 ^ _387_/B (sky130_fd_sc_hd__xnor2_1)
     1    0.006084    0.126839    0.095653    5.777367 ^ _387_/Y (sky130_fd_sc_hd__xnor2_1)
                                                         net21 (net)
                      0.126839    0.000242    5.777609 ^ output21/A (sky130_fd_sc_hd__buf_2)
     1    0.034393    0.128611    0.160536    5.938145 ^ output21/X (sky130_fd_sc_hd__buf_2)
                                                         tl_o[12] (net)
                      0.128613    0.000747    5.938892 ^ tl_o[12] (out)
                                              5.938892   data arrival time

                                 25.000000   25.000000   clock clk_i (rise edge)
                                  0.000000   25.000000   clock network delay (propagated)
                                 -0.250000   24.750000   clock uncertainty
                                  0.000000   24.750000   clock reconvergence pessimism
                                 -5.000000   19.750000   output external delay
                                             19.750000   data required time
---------------------------------------------------------------------------------------------
                                             19.750000   data required time
                                             -5.938892   data arrival time
---------------------------------------------------------------------------------------------
                                             13.811108   slack (MET)


Startpoint: _578_ (rising edge-triggered flip-flop clocked by clk_i)
Endpoint: tl_o[14] (output port clocked by clk_i)
Path Group: clk_i
Path Type: max

Fanout         Cap        Slew       Delay        Time   Description
---------------------------------------------------------------------------------------------
                                  0.000000    0.000000   clock clk_i (rise edge)
                                  0.000000    0.000000   clock source latency
     2    0.077175    0.262105    0.196252    0.196252 ^ clk_i (in)
                                                         clk_i (net)
                      0.266425    0.000000    0.196252 ^ clkbuf_0_clk_i/A (sky130_fd_sc_hd__clkbuf_16)
     2    0.018739    0.036606    0.127371    0.323623 ^ clkbuf_0_clk_i/X (sky130_fd_sc_hd__clkbuf_16)
                                                         clknet_0_clk_i (net)
                      0.036606    0.000406    0.324030 ^ clkbuf_1_0__f_clk_i/A (sky130_fd_sc_hd__clkbuf_16)
     3    0.008468    0.023514    0.078213    0.402242 ^ clkbuf_1_0__f_clk_i/X (sky130_fd_sc_hd__clkbuf_16)
                                                         clknet_1_0__leaf_clk_i (net)
                      0.023514    0.000191    0.402433 ^ _498_/A (sky130_fd_sc_hd__and2_2)
     3    0.052614    0.202686    0.198500    0.600933 ^ _498_/X (sky130_fd_sc_hd__and2_2)
                                                         u_ibex.clk (net)
                      0.203830    0.012306    0.613239 ^ clkbuf_0_u_ibex.clk/A (sky130_fd_sc_hd__clkbuf_16)
     9    0.081193    0.077169    0.153052    0.766291 ^ clkbuf_0_u_ibex.clk/X (sky130_fd_sc_hd__clkbuf_16)
                                                         clknet_0_u_ibex.clk (net)
                      0.078340    0.007465    0.773756 ^ clkbuf_2_2__f_u_ibex.clk/A (sky130_fd_sc_hd__clkbuf_16)
    31    0.105244    0.094104    0.135620    0.909376 ^ clkbuf_2_2__f_u_ibex.clk/X (sky130_fd_sc_hd__clkbuf_16)
                                                         clknet_2_2__leaf_u_ibex.clk (net)
                      0.096859    0.012546    0.921921 ^ _578_/CLK (sky130_fd_sc_hd__dfrtp_1)
     1    0.005901    0.049644    0.230579    1.152500 ^ _578_/Q (sky130_fd_sc_hd__dfrtp_1)
                                                         u_ibex.u_ibex_core.load_store_unit_i.ls_fsm_cs[1] (net)
                      0.049644    0.000217    1.152718 ^ hold126/A (sky130_fd_sc_hd__dlygate4sd3_1)
     1    0.003623    0.043154    0.380024    1.532742 ^ hold126/X (sky130_fd_sc_hd__dlygate4sd3_1)
                                                         net297 (net)
                      0.043154    0.000109    1.532851 ^ hold117/A (sky130_fd_sc_hd__dlygate4sd3_1)
     1    0.002210    0.033898    0.369606    1.902458 ^ hold117/X (sky130_fd_sc_hd__dlygate4sd3_1)
                                                         net288 (net)
                      0.033898    0.000064    1.902522 ^ hold127/A (sky130_fd_sc_hd__dlygate4sd3_1)
     3    0.012267    0.102198    0.423028    2.325550 ^ hold127/X (sky130_fd_sc_hd__dlygate4sd3_1)
                                                         net298 (net)
                      0.102198    0.000167    2.325716 ^ fanout82/A (sky130_fd_sc_hd__dlymetal6s2s_1)
     2    0.007414    0.077055    0.101312    2.427029 ^ fanout82/X (sky130_fd_sc_hd__dlymetal6s2s_1)
                                                         net82 (net)
                      0.077055    0.000097    2.427126 ^ hold128/A (sky130_fd_sc_hd__dlygate4sd3_1)
     5    0.020081    0.158566    0.470677    2.897803 ^ hold128/X (sky130_fd_sc_hd__dlygate4sd3_1)
                                                         net299 (net)
                      0.158566    0.000588    2.898390 ^ _256_/C_N (sky130_fd_sc_hd__nor3b_2)
     7    0.026699    0.333029    0.303581    3.201972 ^ _256_/Y (sky130_fd_sc_hd__nor3b_2)
                                                         _046_ (net)
                      0.333036    0.001303    3.203274 ^ wire77/A (sky130_fd_sc_hd__buf_4)
     7    0.060324    0.130451    0.170383    3.373657 ^ wire77/X (sky130_fd_sc_hd__buf_4)
                                                         net77 (net)
                      0.133554    0.015846    3.389503 ^ _262_/A (sky130_fd_sc_hd__or3_1)
     2    0.010357    0.077324    0.119867    3.509371 ^ _262_/X (sky130_fd_sc_hd__or3_1)
                                                         _052_ (net)
                      0.077324    0.000252    3.509623 ^ fanout75/A (sky130_fd_sc_hd__buf_1)
     3    0.019274    0.171762    0.154533    3.664156 ^ fanout75/X (sky130_fd_sc_hd__buf_1)
                                                         net75 (net)
                      0.171764    0.000551    3.664707 ^ fanout72/A (sky130_fd_sc_hd__buf_1)
     4    0.016927    0.151566    0.143442    3.808150 ^ fanout72/X (sky130_fd_sc_hd__buf_1)
                                                         net72 (net)
                      0.151566    0.000188    3.808338 ^ fanout71/A (sky130_fd_sc_hd__clkbuf_2)
     6    0.023534    0.102463    0.141002    3.949340 ^ fanout71/X (sky130_fd_sc_hd__clkbuf_2)
                                                         net71 (net)
                      0.102463    0.000278    3.949619 ^ _278_/B (sky130_fd_sc_hd__and2_1)
     4    0.014710    0.113689    0.144886    4.094505 ^ _278_/X (sky130_fd_sc_hd__and2_1)
                                                         _068_ (net)
                      0.113689    0.000313    4.094818 ^ _287_/C (sky130_fd_sc_hd__and4_2)
     5    0.026049    0.112181    0.203210    4.298028 ^ _287_/X (sky130_fd_sc_hd__and4_2)
                                                         _077_ (net)
                      0.112185    0.000835    4.298863 ^ _289_/D (sky130_fd_sc_hd__and4_1)
     5    0.017361    0.131038    0.192360    4.491223 ^ _289_/X (sky130_fd_sc_hd__and4_1)
                                                         _079_ (net)
                      0.131039    0.000697    4.491921 ^ _292_/D (sky130_fd_sc_hd__and4_1)
     1    0.005680    0.054869    0.135350    4.627271 ^ _292_/X (sky130_fd_sc_hd__and4_1)
                                                         _082_ (net)
                      0.054869    0.000231    4.627502 ^ fanout58/A (sky130_fd_sc_hd__clkbuf_1)
     3    0.016202    0.145645    0.134980    4.762482 ^ fanout58/X (sky130_fd_sc_hd__clkbuf_1)
                                                         net58 (net)
                      0.145647    0.000447    4.762929 ^ fanout57/A (sky130_fd_sc_hd__clkbuf_2)
     6    0.024505    0.106306    0.142963    4.905892 ^ fanout57/X (sky130_fd_sc_hd__clkbuf_2)
                                                         net57 (net)
                      0.106357    0.000989    4.906880 ^ _294_/D (sky130_fd_sc_hd__and4_1)
     4    0.020333    0.151259    0.205739    5.112620 ^ _294_/X (sky130_fd_sc_hd__and4_1)
                                                         _084_ (net)
                      0.151263    0.001019    5.113638 ^ _295_/C (sky130_fd_sc_hd__and3_1)
     3    0.011980    0.096662    0.153316    5.266955 ^ _295_/X (sky130_fd_sc_hd__and3_1)
                                                         _085_ (net)
                      0.096662    0.000430    5.267385 ^ _296_/B (sky130_fd_sc_hd__nand2_1)
     2    0.007123    0.053157    0.053786    5.321171 v _296_/Y (sky130_fd_sc_hd__nand2_1)
                                                         _086_ (net)
                      0.053158    0.000116    5.321287 v _300_/A (sky130_fd_sc_hd__and2_1)
     3    0.014847    0.059305    0.126331    5.447617 v _300_/X (sky130_fd_sc_hd__and2_1)
                                                         u_ibex.u_ibex_core.load_store_unit_i.addr_last_d[30] (net)
                      0.059308    0.000498    5.448115 v _402_/A (sky130_fd_sc_hd__xor2_1)
     1    0.004891    0.048034    0.114096    5.562212 v _402_/X (sky130_fd_sc_hd__xor2_1)
                                                         _160_ (net)
                      0.048034    0.000102    5.562314 v _403_/B (sky130_fd_sc_hd__xnor2_1)
     1    0.007084    0.140868    0.136376    5.698689 ^ _403_/Y (sky130_fd_sc_hd__xnor2_1)
                                                         net23 (net)
                      0.140869    0.000353    5.699042 ^ output23/A (sky130_fd_sc_hd__buf_2)
     1    0.034851    0.130304    0.163035    5.862077 ^ output23/X (sky130_fd_sc_hd__buf_2)
                                                         tl_o[14] (net)
                      0.130308    0.000859    5.862936 ^ tl_o[14] (out)
                                              5.862936   data arrival time

                                 25.000000   25.000000   clock clk_i (rise edge)
                                  0.000000   25.000000   clock network delay (propagated)
                                 -0.250000   24.750000   clock uncertainty
                                  0.000000   24.750000   clock reconvergence pessimism
                                 -5.000000   19.750000   output external delay
                                             19.750000   data required time
---------------------------------------------------------------------------------------------
                                             19.750000   data required time
                                             -5.862936   data arrival time
---------------------------------------------------------------------------------------------
                                             13.887063   slack (MET)


Startpoint: _578_ (rising edge-triggered flip-flop clocked by clk_i)
Endpoint: tl_o[11] (output port clocked by clk_i)
Path Group: clk_i
Path Type: max

Fanout         Cap        Slew       Delay        Time   Description
---------------------------------------------------------------------------------------------
                                  0.000000    0.000000   clock clk_i (rise edge)
                                  0.000000    0.000000   clock source latency
     2    0.077175    0.262105    0.196252    0.196252 ^ clk_i (in)
                                                         clk_i (net)
                      0.266425    0.000000    0.196252 ^ clkbuf_0_clk_i/A (sky130_fd_sc_hd__clkbuf_16)
     2    0.018739    0.036606    0.127371    0.323623 ^ clkbuf_0_clk_i/X (sky130_fd_sc_hd__clkbuf_16)
                                                         clknet_0_clk_i (net)
                      0.036606    0.000406    0.324030 ^ clkbuf_1_0__f_clk_i/A (sky130_fd_sc_hd__clkbuf_16)
     3    0.008468    0.023514    0.078213    0.402242 ^ clkbuf_1_0__f_clk_i/X (sky130_fd_sc_hd__clkbuf_16)
                                                         clknet_1_0__leaf_clk_i (net)
                      0.023514    0.000191    0.402433 ^ _498_/A (sky130_fd_sc_hd__and2_2)
     3    0.052614    0.202686    0.198500    0.600933 ^ _498_/X (sky130_fd_sc_hd__and2_2)
                                                         u_ibex.clk (net)
                      0.203830    0.012306    0.613239 ^ clkbuf_0_u_ibex.clk/A (sky130_fd_sc_hd__clkbuf_16)
     9    0.081193    0.077169    0.153052    0.766291 ^ clkbuf_0_u_ibex.clk/X (sky130_fd_sc_hd__clkbuf_16)
                                                         clknet_0_u_ibex.clk (net)
                      0.078340    0.007465    0.773756 ^ clkbuf_2_2__f_u_ibex.clk/A (sky130_fd_sc_hd__clkbuf_16)
    31    0.105244    0.094104    0.135620    0.909376 ^ clkbuf_2_2__f_u_ibex.clk/X (sky130_fd_sc_hd__clkbuf_16)
                                                         clknet_2_2__leaf_u_ibex.clk (net)
                      0.096859    0.012546    0.921921 ^ _578_/CLK (sky130_fd_sc_hd__dfrtp_1)
     1    0.005901    0.049644    0.230579    1.152500 ^ _578_/Q (sky130_fd_sc_hd__dfrtp_1)
                                                         u_ibex.u_ibex_core.load_store_unit_i.ls_fsm_cs[1] (net)
                      0.049644    0.000217    1.152718 ^ hold126/A (sky130_fd_sc_hd__dlygate4sd3_1)
     1    0.003623    0.043154    0.380024    1.532742 ^ hold126/X (sky130_fd_sc_hd__dlygate4sd3_1)
                                                         net297 (net)
                      0.043154    0.000109    1.532851 ^ hold117/A (sky130_fd_sc_hd__dlygate4sd3_1)
     1    0.002210    0.033898    0.369606    1.902458 ^ hold117/X (sky130_fd_sc_hd__dlygate4sd3_1)
                                                         net288 (net)
                      0.033898    0.000064    1.902522 ^ hold127/A (sky130_fd_sc_hd__dlygate4sd3_1)
     3    0.012267    0.102198    0.423028    2.325550 ^ hold127/X (sky130_fd_sc_hd__dlygate4sd3_1)
                                                         net298 (net)
                      0.102198    0.000167    2.325716 ^ fanout82/A (sky130_fd_sc_hd__dlymetal6s2s_1)
     2    0.007414    0.077055    0.101312    2.427029 ^ fanout82/X (sky130_fd_sc_hd__dlymetal6s2s_1)
                                                         net82 (net)
                      0.077055    0.000097    2.427126 ^ hold128/A (sky130_fd_sc_hd__dlygate4sd3_1)
     5    0.020081    0.158566    0.470677    2.897803 ^ hold128/X (sky130_fd_sc_hd__dlygate4sd3_1)
                                                         net299 (net)
                      0.158566    0.000588    2.898390 ^ _256_/C_N (sky130_fd_sc_hd__nor3b_2)
     7    0.026699    0.333029    0.303581    3.201972 ^ _256_/Y (sky130_fd_sc_hd__nor3b_2)
                                                         _046_ (net)
                      0.333036    0.001303    3.203274 ^ wire77/A (sky130_fd_sc_hd__buf_4)
     7    0.060324    0.130451    0.170383    3.373657 ^ wire77/X (sky130_fd_sc_hd__buf_4)
                                                         net77 (net)
                      0.133554    0.015846    3.389503 ^ _262_/A (sky130_fd_sc_hd__or3_1)
     2    0.010357    0.077324    0.119867    3.509371 ^ _262_/X (sky130_fd_sc_hd__or3_1)
                                                         _052_ (net)
                      0.077324    0.000252    3.509623 ^ fanout75/A (sky130_fd_sc_hd__buf_1)
     3    0.019274    0.171762    0.154533    3.664156 ^ fanout75/X (sky130_fd_sc_hd__buf_1)
                                                         net75 (net)
                      0.171764    0.000551    3.664707 ^ fanout72/A (sky130_fd_sc_hd__buf_1)
     4    0.016927    0.151566    0.143442    3.808150 ^ fanout72/X (sky130_fd_sc_hd__buf_1)
                                                         net72 (net)
                      0.151566    0.000188    3.808338 ^ fanout71/A (sky130_fd_sc_hd__clkbuf_2)
     6    0.023534    0.102463    0.141002    3.949340 ^ fanout71/X (sky130_fd_sc_hd__clkbuf_2)
                                                         net71 (net)
                      0.102463    0.000278    3.949619 ^ _278_/B (sky130_fd_sc_hd__and2_1)
     4    0.014710    0.113689    0.144886    4.094505 ^ _278_/X (sky130_fd_sc_hd__and2_1)
                                                         _068_ (net)
                      0.113689    0.000313    4.094818 ^ _287_/C (sky130_fd_sc_hd__and4_2)
     5    0.026049    0.112181    0.203210    4.298028 ^ _287_/X (sky130_fd_sc_hd__and4_2)
                                                         _077_ (net)
                      0.112185    0.000835    4.298863 ^ _289_/D (sky130_fd_sc_hd__and4_1)
     5    0.017361    0.131038    0.192360    4.491223 ^ _289_/X (sky130_fd_sc_hd__and4_1)
                                                         _079_ (net)
                      0.131039    0.000697    4.491921 ^ _292_/D (sky130_fd_sc_hd__and4_1)
     1    0.005680    0.054869    0.135350    4.627271 ^ _292_/X (sky130_fd_sc_hd__and4_1)
                                                         _082_ (net)
                      0.054869    0.000231    4.627502 ^ fanout58/A (sky130_fd_sc_hd__clkbuf_1)
     3    0.016202    0.145645    0.134980    4.762482 ^ fanout58/X (sky130_fd_sc_hd__clkbuf_1)
                                                         net58 (net)
                      0.145647    0.000447    4.762929 ^ fanout57/A (sky130_fd_sc_hd__clkbuf_2)
     6    0.024505    0.106306    0.142963    4.905892 ^ fanout57/X (sky130_fd_sc_hd__clkbuf_2)
                                                         net57 (net)
                      0.106357    0.000989    4.906880 ^ _294_/D (sky130_fd_sc_hd__and4_1)
     4    0.020333    0.151259    0.205739    5.112620 ^ _294_/X (sky130_fd_sc_hd__and4_1)
                                                         _084_ (net)
                      0.151266    0.001219    5.113838 ^ _301_/B (sky130_fd_sc_hd__xor2_1)
     3    0.010778    0.182938    0.169671    5.283510 ^ _301_/X (sky130_fd_sc_hd__xor2_1)
                                                         u_ibex.u_ibex_core.load_store_unit_i.addr_last_d[28] (net)
                      0.182938    0.000181    5.283691 ^ _349_/A (sky130_fd_sc_hd__xnor2_1)
     1    0.010069    0.074947    0.087164    5.370854 v _349_/Y (sky130_fd_sc_hd__xnor2_1)
                                                         _117_ (net)
                      0.074974    0.000297    5.371151 v _350_/B (sky130_fd_sc_hd__xnor2_2)
     2    0.015540    0.179260    0.168955    5.540106 ^ _350_/Y (sky130_fd_sc_hd__xnor2_2)
                                                         _118_ (net)
                      0.179260    0.000232    5.540339 ^ _465_/A (sky130_fd_sc_hd__xor2_1)
     1    0.004655    0.103798    0.111029    5.651368 ^ _465_/X (sky130_fd_sc_hd__xor2_1)
                                                         net20 (net)
                      0.103798    0.000175    5.651543 ^ output20/A (sky130_fd_sc_hd__buf_2)
     1    0.034767    0.129934    0.156651    5.808193 ^ output20/X (sky130_fd_sc_hd__buf_2)
                                                         tl_o[11] (net)
                      0.129981    0.000852    5.809045 ^ tl_o[11] (out)
                                              5.809045   data arrival time

                                 25.000000   25.000000   clock clk_i (rise edge)
                                  0.000000   25.000000   clock network delay (propagated)
                                 -0.250000   24.750000   clock uncertainty
                                  0.000000   24.750000   clock reconvergence pessimism
                                 -5.000000   19.750000   output external delay
                                             19.750000   data required time
---------------------------------------------------------------------------------------------
                                             19.750000   data required time
                                             -5.809045   data arrival time
---------------------------------------------------------------------------------------------
                                             13.940954   slack (MET)


Startpoint: _578_ (rising edge-triggered flip-flop clocked by clk_i)
Endpoint: tl_o[92] (output port clocked by clk_i)
Path Group: clk_i
Path Type: max

Fanout         Cap        Slew       Delay        Time   Description
---------------------------------------------------------------------------------------------
                                  0.000000    0.000000   clock clk_i (rise edge)
                                  0.000000    0.000000   clock source latency
     2    0.077175    0.262105    0.196252    0.196252 ^ clk_i (in)
                                                         clk_i (net)
                      0.266425    0.000000    0.196252 ^ clkbuf_0_clk_i/A (sky130_fd_sc_hd__clkbuf_16)
     2    0.018739    0.036606    0.127371    0.323623 ^ clkbuf_0_clk_i/X (sky130_fd_sc_hd__clkbuf_16)
                                                         clknet_0_clk_i (net)
                      0.036606    0.000406    0.324030 ^ clkbuf_1_0__f_clk_i/A (sky130_fd_sc_hd__clkbuf_16)
     3    0.008468    0.023514    0.078213    0.402242 ^ clkbuf_1_0__f_clk_i/X (sky130_fd_sc_hd__clkbuf_16)
                                                         clknet_1_0__leaf_clk_i (net)
                      0.023514    0.000191    0.402433 ^ _498_/A (sky130_fd_sc_hd__and2_2)
     3    0.052614    0.202686    0.198500    0.600933 ^ _498_/X (sky130_fd_sc_hd__and2_2)
                                                         u_ibex.clk (net)
                      0.203830    0.012306    0.613239 ^ clkbuf_0_u_ibex.clk/A (sky130_fd_sc_hd__clkbuf_16)
     9    0.081193    0.077169    0.153052    0.766291 ^ clkbuf_0_u_ibex.clk/X (sky130_fd_sc_hd__clkbuf_16)
                                                         clknet_0_u_ibex.clk (net)
                      0.078340    0.007465    0.773756 ^ clkbuf_2_2__f_u_ibex.clk/A (sky130_fd_sc_hd__clkbuf_16)
    31    0.105244    0.094104    0.135620    0.909376 ^ clkbuf_2_2__f_u_ibex.clk/X (sky130_fd_sc_hd__clkbuf_16)
                                                         clknet_2_2__leaf_u_ibex.clk (net)
                      0.096859    0.012546    0.921921 ^ _578_/CLK (sky130_fd_sc_hd__dfrtp_1)
     1    0.005901    0.049644    0.230579    1.152500 ^ _578_/Q (sky130_fd_sc_hd__dfrtp_1)
                                                         u_ibex.u_ibex_core.load_store_unit_i.ls_fsm_cs[1] (net)
                      0.049644    0.000217    1.152718 ^ hold126/A (sky130_fd_sc_hd__dlygate4sd3_1)
     1    0.003623    0.043154    0.380024    1.532742 ^ hold126/X (sky130_fd_sc_hd__dlygate4sd3_1)
                                                         net297 (net)
                      0.043154    0.000109    1.532851 ^ hold117/A (sky130_fd_sc_hd__dlygate4sd3_1)
     1    0.002210    0.033898    0.369606    1.902458 ^ hold117/X (sky130_fd_sc_hd__dlygate4sd3_1)
                                                         net288 (net)
                      0.033898    0.000064    1.902522 ^ hold127/A (sky130_fd_sc_hd__dlygate4sd3_1)
     3    0.012267    0.102198    0.423028    2.325550 ^ hold127/X (sky130_fd_sc_hd__dlygate4sd3_1)
                                                         net298 (net)
                      0.102198    0.000167    2.325716 ^ fanout82/A (sky130_fd_sc_hd__dlymetal6s2s_1)
     2    0.007414    0.077055    0.101312    2.427029 ^ fanout82/X (sky130_fd_sc_hd__dlymetal6s2s_1)
                                                         net82 (net)
                      0.077055    0.000097    2.427126 ^ hold128/A (sky130_fd_sc_hd__dlygate4sd3_1)
     5    0.020081    0.158566    0.470677    2.897803 ^ hold128/X (sky130_fd_sc_hd__dlygate4sd3_1)
                                                         net299 (net)
                      0.158566    0.000588    2.898390 ^ _256_/C_N (sky130_fd_sc_hd__nor3b_2)
     7    0.026699    0.333029    0.303581    3.201972 ^ _256_/Y (sky130_fd_sc_hd__nor3b_2)
                                                         _046_ (net)
                      0.333036    0.001303    3.203274 ^ wire77/A (sky130_fd_sc_hd__buf_4)
     7    0.060324    0.130451    0.170383    3.373657 ^ wire77/X (sky130_fd_sc_hd__buf_4)
                                                         net77 (net)
                      0.133554    0.015846    3.389503 ^ _262_/A (sky130_fd_sc_hd__or3_1)
     2    0.010357    0.077324    0.119867    3.509371 ^ _262_/X (sky130_fd_sc_hd__or3_1)
                                                         _052_ (net)
                      0.077324    0.000252    3.509623 ^ fanout75/A (sky130_fd_sc_hd__buf_1)
     3    0.019274    0.171762    0.154533    3.664156 ^ fanout75/X (sky130_fd_sc_hd__buf_1)
                                                         net75 (net)
                      0.171764    0.000551    3.664707 ^ fanout72/A (sky130_fd_sc_hd__buf_1)
     4    0.016927    0.151566    0.143442    3.808150 ^ fanout72/X (sky130_fd_sc_hd__buf_1)
                                                         net72 (net)
                      0.151566    0.000188    3.808338 ^ fanout71/A (sky130_fd_sc_hd__clkbuf_2)
     6    0.023534    0.102463    0.141002    3.949340 ^ fanout71/X (sky130_fd_sc_hd__clkbuf_2)
                                                         net71 (net)
                      0.102463    0.000278    3.949619 ^ _278_/B (sky130_fd_sc_hd__and2_1)
     4    0.014710    0.113689    0.144886    4.094505 ^ _278_/X (sky130_fd_sc_hd__and2_1)
                                                         _068_ (net)
                      0.113689    0.000313    4.094818 ^ _287_/C (sky130_fd_sc_hd__and4_2)
     5    0.026049    0.112181    0.203210    4.298028 ^ _287_/X (sky130_fd_sc_hd__and4_2)
                                                         _077_ (net)
                      0.112185    0.000835    4.298863 ^ _289_/D (sky130_fd_sc_hd__and4_1)
     5    0.017361    0.131038    0.192360    4.491223 ^ _289_/X (sky130_fd_sc_hd__and4_1)
                                                         _079_ (net)
                      0.131039    0.000697    4.491921 ^ _292_/D (sky130_fd_sc_hd__and4_1)
     1    0.005680    0.054869    0.135350    4.627271 ^ _292_/X (sky130_fd_sc_hd__and4_1)
                                                         _082_ (net)
                      0.054869    0.000231    4.627502 ^ fanout58/A (sky130_fd_sc_hd__clkbuf_1)
     3    0.016202    0.145645    0.134980    4.762482 ^ fanout58/X (sky130_fd_sc_hd__clkbuf_1)
                                                         net58 (net)
                      0.145647    0.000447    4.762929 ^ fanout57/A (sky130_fd_sc_hd__clkbuf_2)
     6    0.024505    0.106306    0.142963    4.905892 ^ fanout57/X (sky130_fd_sc_hd__clkbuf_2)
                                                         net57 (net)
                      0.106357    0.000989    4.906880 ^ _294_/D (sky130_fd_sc_hd__and4_1)
     4    0.020333    0.151259    0.205739    5.112620 ^ _294_/X (sky130_fd_sc_hd__and4_1)
                                                         _084_ (net)
                      0.151263    0.001019    5.113638 ^ _295_/C (sky130_fd_sc_hd__and3_1)
     3    0.011980    0.096662    0.153316    5.266955 ^ _295_/X (sky130_fd_sc_hd__and3_1)
                                                         _085_ (net)
                      0.096662    0.000430    5.267385 ^ _296_/B (sky130_fd_sc_hd__nand2_1)
     2    0.007123    0.053157    0.053786    5.321171 v _296_/Y (sky130_fd_sc_hd__nand2_1)
                                                         _086_ (net)
                      0.053159    0.000223    5.321393 v _297_/S (sky130_fd_sc_hd__mux2_2)
     4    0.024887    0.075224    0.216742    5.538136 v _297_/X (sky130_fd_sc_hd__mux2_2)
                                                         _087_ (net)
                      0.075228    0.000585    5.538720 v _298_/A (sky130_fd_sc_hd__inv_2)
     2    0.006963    0.036196    0.053938    5.592659 ^ _298_/Y (sky130_fd_sc_hd__inv_2)
                                                         u_ibex.u_ibex_core.load_store_unit_i.addr_last_d[31] (net)
                      0.036196    0.000195    5.592854 ^ _714_/A (sky130_fd_sc_hd__clkbuf_1)
     1    0.003147    0.035041    0.054846    5.647699 ^ _714_/X (sky130_fd_sc_hd__clkbuf_1)
                                                         net54 (net)
                      0.035041    0.000090    5.647789 ^ output54/A (sky130_fd_sc_hd__buf_2)
     1    0.034579    0.129316    0.139124    5.786913 ^ output54/X (sky130_fd_sc_hd__buf_2)
                                                         tl_o[92] (net)
                      0.129323    0.000796    5.787709 ^ tl_o[92] (out)
                                              5.787709   data arrival time

                                 25.000000   25.000000   clock clk_i (rise edge)
                                  0.000000   25.000000   clock network delay (propagated)
                                 -0.250000   24.750000   clock uncertainty
                                  0.000000   24.750000   clock reconvergence pessimism
                                 -5.000000   19.750000   output external delay
                                             19.750000   data required time
---------------------------------------------------------------------------------------------
                                             19.750000   data required time
                                             -5.787709   data arrival time
---------------------------------------------------------------------------------------------
                                             13.962292   slack (MET)


Startpoint: _578_ (rising edge-triggered flip-flop clocked by clk_i)
Endpoint: tl_o[91] (output port clocked by clk_i)
Path Group: clk_i
Path Type: max

Fanout         Cap        Slew       Delay        Time   Description
---------------------------------------------------------------------------------------------
                                  0.000000    0.000000   clock clk_i (rise edge)
                                  0.000000    0.000000   clock source latency
     2    0.077175    0.262105    0.196252    0.196252 ^ clk_i (in)
                                                         clk_i (net)
                      0.266425    0.000000    0.196252 ^ clkbuf_0_clk_i/A (sky130_fd_sc_hd__clkbuf_16)
     2    0.018739    0.036606    0.127371    0.323623 ^ clkbuf_0_clk_i/X (sky130_fd_sc_hd__clkbuf_16)
                                                         clknet_0_clk_i (net)
                      0.036606    0.000406    0.324030 ^ clkbuf_1_0__f_clk_i/A (sky130_fd_sc_hd__clkbuf_16)
     3    0.008468    0.023514    0.078213    0.402242 ^ clkbuf_1_0__f_clk_i/X (sky130_fd_sc_hd__clkbuf_16)
                                                         clknet_1_0__leaf_clk_i (net)
                      0.023514    0.000191    0.402433 ^ _498_/A (sky130_fd_sc_hd__and2_2)
     3    0.052614    0.202686    0.198500    0.600933 ^ _498_/X (sky130_fd_sc_hd__and2_2)
                                                         u_ibex.clk (net)
                      0.203830    0.012306    0.613239 ^ clkbuf_0_u_ibex.clk/A (sky130_fd_sc_hd__clkbuf_16)
     9    0.081193    0.077169    0.153052    0.766291 ^ clkbuf_0_u_ibex.clk/X (sky130_fd_sc_hd__clkbuf_16)
                                                         clknet_0_u_ibex.clk (net)
                      0.078340    0.007465    0.773756 ^ clkbuf_2_2__f_u_ibex.clk/A (sky130_fd_sc_hd__clkbuf_16)
    31    0.105244    0.094104    0.135620    0.909376 ^ clkbuf_2_2__f_u_ibex.clk/X (sky130_fd_sc_hd__clkbuf_16)
                                                         clknet_2_2__leaf_u_ibex.clk (net)
                      0.096859    0.012546    0.921921 ^ _578_/CLK (sky130_fd_sc_hd__dfrtp_1)
     1    0.005901    0.049644    0.230579    1.152500 ^ _578_/Q (sky130_fd_sc_hd__dfrtp_1)
                                                         u_ibex.u_ibex_core.load_store_unit_i.ls_fsm_cs[1] (net)
                      0.049644    0.000217    1.152718 ^ hold126/A (sky130_fd_sc_hd__dlygate4sd3_1)
     1    0.003623    0.043154    0.380024    1.532742 ^ hold126/X (sky130_fd_sc_hd__dlygate4sd3_1)
                                                         net297 (net)
                      0.043154    0.000109    1.532851 ^ hold117/A (sky130_fd_sc_hd__dlygate4sd3_1)
     1    0.002210    0.033898    0.369606    1.902458 ^ hold117/X (sky130_fd_sc_hd__dlygate4sd3_1)
                                                         net288 (net)
                      0.033898    0.000064    1.902522 ^ hold127/A (sky130_fd_sc_hd__dlygate4sd3_1)
     3    0.012267    0.102198    0.423028    2.325550 ^ hold127/X (sky130_fd_sc_hd__dlygate4sd3_1)
                                                         net298 (net)
                      0.102198    0.000167    2.325716 ^ fanout82/A (sky130_fd_sc_hd__dlymetal6s2s_1)
     2    0.007414    0.077055    0.101312    2.427029 ^ fanout82/X (sky130_fd_sc_hd__dlymetal6s2s_1)
                                                         net82 (net)
                      0.077055    0.000097    2.427126 ^ hold128/A (sky130_fd_sc_hd__dlygate4sd3_1)
     5    0.020081    0.158566    0.470677    2.897803 ^ hold128/X (sky130_fd_sc_hd__dlygate4sd3_1)
                                                         net299 (net)
                      0.158566    0.000588    2.898390 ^ _256_/C_N (sky130_fd_sc_hd__nor3b_2)
     7    0.026699    0.333029    0.303581    3.201972 ^ _256_/Y (sky130_fd_sc_hd__nor3b_2)
                                                         _046_ (net)
                      0.333036    0.001303    3.203274 ^ wire77/A (sky130_fd_sc_hd__buf_4)
     7    0.060324    0.130451    0.170383    3.373657 ^ wire77/X (sky130_fd_sc_hd__buf_4)
                                                         net77 (net)
                      0.133554    0.015846    3.389503 ^ _262_/A (sky130_fd_sc_hd__or3_1)
     2    0.010357    0.077324    0.119867    3.509371 ^ _262_/X (sky130_fd_sc_hd__or3_1)
                                                         _052_ (net)
                      0.077324    0.000252    3.509623 ^ fanout75/A (sky130_fd_sc_hd__buf_1)
     3    0.019274    0.171762    0.154533    3.664156 ^ fanout75/X (sky130_fd_sc_hd__buf_1)
                                                         net75 (net)
                      0.171764    0.000551    3.664707 ^ fanout72/A (sky130_fd_sc_hd__buf_1)
     4    0.016927    0.151566    0.143442    3.808150 ^ fanout72/X (sky130_fd_sc_hd__buf_1)
                                                         net72 (net)
                      0.151566    0.000188    3.808338 ^ fanout71/A (sky130_fd_sc_hd__clkbuf_2)
     6    0.023534    0.102463    0.141002    3.949340 ^ fanout71/X (sky130_fd_sc_hd__clkbuf_2)
                                                         net71 (net)
                      0.102463    0.000278    3.949619 ^ _278_/B (sky130_fd_sc_hd__and2_1)
     4    0.014710    0.113689    0.144886    4.094505 ^ _278_/X (sky130_fd_sc_hd__and2_1)
                                                         _068_ (net)
                      0.113689    0.000313    4.094818 ^ _287_/C (sky130_fd_sc_hd__and4_2)
     5    0.026049    0.112181    0.203210    4.298028 ^ _287_/X (sky130_fd_sc_hd__and4_2)
                                                         _077_ (net)
                      0.112185    0.000835    4.298863 ^ _289_/D (sky130_fd_sc_hd__and4_1)
     5    0.017361    0.131038    0.192360    4.491223 ^ _289_/X (sky130_fd_sc_hd__and4_1)
                                                         _079_ (net)
                      0.131039    0.000697    4.491921 ^ _292_/D (sky130_fd_sc_hd__and4_1)
     1    0.005680    0.054869    0.135350    4.627271 ^ _292_/X (sky130_fd_sc_hd__and4_1)
                                                         _082_ (net)
                      0.054869    0.000231    4.627502 ^ fanout58/A (sky130_fd_sc_hd__clkbuf_1)
     3    0.016202    0.145645    0.134980    4.762482 ^ fanout58/X (sky130_fd_sc_hd__clkbuf_1)
                                                         net58 (net)
                      0.145647    0.000447    4.762929 ^ fanout57/A (sky130_fd_sc_hd__clkbuf_2)
     6    0.024505    0.106306    0.142963    4.905892 ^ fanout57/X (sky130_fd_sc_hd__clkbuf_2)
                                                         net57 (net)
                      0.106357    0.000989    4.906880 ^ _294_/D (sky130_fd_sc_hd__and4_1)
     4    0.020333    0.151259    0.205739    5.112620 ^ _294_/X (sky130_fd_sc_hd__and4_1)
                                                         _084_ (net)
                      0.151263    0.001019    5.113638 ^ _295_/C (sky130_fd_sc_hd__and3_1)
     3    0.011980    0.096662    0.153316    5.266955 ^ _295_/X (sky130_fd_sc_hd__and3_1)
                                                         _085_ (net)
                      0.096662    0.000346    5.267301 ^ _299_/B (sky130_fd_sc_hd__or2_1)
     1    0.004276    0.039243    0.077552    5.344852 ^ _299_/X (sky130_fd_sc_hd__or2_1)
                                                         _088_ (net)
                      0.039243    0.000159    5.345012 ^ _300_/B (sky130_fd_sc_hd__and2_1)
     3    0.015537    0.119343    0.136708    5.481719 ^ _300_/X (sky130_fd_sc_hd__and2_1)
                                                         u_ibex.u_ibex_core.load_store_unit_i.addr_last_d[30] (net)
                      0.119382    0.000357    5.482076 ^ _713_/A (sky130_fd_sc_hd__clkbuf_1)
     1    0.002118    0.027988    0.056462    5.538538 ^ _713_/X (sky130_fd_sc_hd__clkbuf_1)
                                                         net53 (net)
                      0.027988    0.000060    5.538599 ^ output53/A (sky130_fd_sc_hd__buf_2)
     1    0.034861    0.130398    0.137651    5.676250 ^ output53/X (sky130_fd_sc_hd__buf_2)
                                                         tl_o[91] (net)
                      0.130406    0.000838    5.677088 ^ tl_o[91] (out)
                                              5.677088   data arrival time

                                 25.000000   25.000000   clock clk_i (rise edge)
                                  0.000000   25.000000   clock network delay (propagated)
                                 -0.250000   24.750000   clock uncertainty
                                  0.000000   24.750000   clock reconvergence pessimism
                                 -5.000000   19.750000   output external delay
                                             19.750000   data required time
---------------------------------------------------------------------------------------------
                                             19.750000   data required time
                                             -5.677088   data arrival time
---------------------------------------------------------------------------------------------
                                             14.072912   slack (MET)


Startpoint: _578_ (rising edge-triggered flip-flop clocked by clk_i)
Endpoint: tl_o[88] (output port clocked by clk_i)
Path Group: clk_i
Path Type: max

Fanout         Cap        Slew       Delay        Time   Description
---------------------------------------------------------------------------------------------
                                  0.000000    0.000000   clock clk_i (rise edge)
                                  0.000000    0.000000   clock source latency
     2    0.077175    0.262105    0.196252    0.196252 ^ clk_i (in)
                                                         clk_i (net)
                      0.266425    0.000000    0.196252 ^ clkbuf_0_clk_i/A (sky130_fd_sc_hd__clkbuf_16)
     2    0.018739    0.036606    0.127371    0.323623 ^ clkbuf_0_clk_i/X (sky130_fd_sc_hd__clkbuf_16)
                                                         clknet_0_clk_i (net)
                      0.036606    0.000406    0.324030 ^ clkbuf_1_0__f_clk_i/A (sky130_fd_sc_hd__clkbuf_16)
     3    0.008468    0.023514    0.078213    0.402242 ^ clkbuf_1_0__f_clk_i/X (sky130_fd_sc_hd__clkbuf_16)
                                                         clknet_1_0__leaf_clk_i (net)
                      0.023514    0.000191    0.402433 ^ _498_/A (sky130_fd_sc_hd__and2_2)
     3    0.052614    0.202686    0.198500    0.600933 ^ _498_/X (sky130_fd_sc_hd__and2_2)
                                                         u_ibex.clk (net)
                      0.203830    0.012306    0.613239 ^ clkbuf_0_u_ibex.clk/A (sky130_fd_sc_hd__clkbuf_16)
     9    0.081193    0.077169    0.153052    0.766291 ^ clkbuf_0_u_ibex.clk/X (sky130_fd_sc_hd__clkbuf_16)
                                                         clknet_0_u_ibex.clk (net)
                      0.078340    0.007465    0.773756 ^ clkbuf_2_2__f_u_ibex.clk/A (sky130_fd_sc_hd__clkbuf_16)
    31    0.105244    0.094104    0.135620    0.909376 ^ clkbuf_2_2__f_u_ibex.clk/X (sky130_fd_sc_hd__clkbuf_16)
                                                         clknet_2_2__leaf_u_ibex.clk (net)
                      0.096859    0.012546    0.921921 ^ _578_/CLK (sky130_fd_sc_hd__dfrtp_1)
     1    0.005901    0.049644    0.230579    1.152500 ^ _578_/Q (sky130_fd_sc_hd__dfrtp_1)
                                                         u_ibex.u_ibex_core.load_store_unit_i.ls_fsm_cs[1] (net)
                      0.049644    0.000217    1.152718 ^ hold126/A (sky130_fd_sc_hd__dlygate4sd3_1)
     1    0.003623    0.043154    0.380024    1.532742 ^ hold126/X (sky130_fd_sc_hd__dlygate4sd3_1)
                                                         net297 (net)
                      0.043154    0.000109    1.532851 ^ hold117/A (sky130_fd_sc_hd__dlygate4sd3_1)
     1    0.002210    0.033898    0.369606    1.902458 ^ hold117/X (sky130_fd_sc_hd__dlygate4sd3_1)
                                                         net288 (net)
                      0.033898    0.000064    1.902522 ^ hold127/A (sky130_fd_sc_hd__dlygate4sd3_1)
     3    0.012267    0.102198    0.423028    2.325550 ^ hold127/X (sky130_fd_sc_hd__dlygate4sd3_1)
                                                         net298 (net)
                      0.102198    0.000167    2.325716 ^ fanout82/A (sky130_fd_sc_hd__dlymetal6s2s_1)
     2    0.007414    0.077055    0.101312    2.427029 ^ fanout82/X (sky130_fd_sc_hd__dlymetal6s2s_1)
                                                         net82 (net)
                      0.077055    0.000097    2.427126 ^ hold128/A (sky130_fd_sc_hd__dlygate4sd3_1)
     5    0.020081    0.158566    0.470677    2.897803 ^ hold128/X (sky130_fd_sc_hd__dlygate4sd3_1)
                                                         net299 (net)
                      0.158566    0.000588    2.898390 ^ _256_/C_N (sky130_fd_sc_hd__nor3b_2)
     7    0.026699    0.333029    0.303581    3.201972 ^ _256_/Y (sky130_fd_sc_hd__nor3b_2)
                                                         _046_ (net)
                      0.333036    0.001303    3.203274 ^ wire77/A (sky130_fd_sc_hd__buf_4)
     7    0.060324    0.130451    0.170383    3.373657 ^ wire77/X (sky130_fd_sc_hd__buf_4)
                                                         net77 (net)
                      0.133554    0.015846    3.389503 ^ _262_/A (sky130_fd_sc_hd__or3_1)
     2    0.010357    0.077324    0.119867    3.509371 ^ _262_/X (sky130_fd_sc_hd__or3_1)
                                                         _052_ (net)
                      0.077324    0.000252    3.509623 ^ fanout75/A (sky130_fd_sc_hd__buf_1)
     3    0.019274    0.171762    0.154533    3.664156 ^ fanout75/X (sky130_fd_sc_hd__buf_1)
                                                         net75 (net)
                      0.171764    0.000551    3.664707 ^ fanout72/A (sky130_fd_sc_hd__buf_1)
     4    0.016927    0.151566    0.143442    3.808150 ^ fanout72/X (sky130_fd_sc_hd__buf_1)
                                                         net72 (net)
                      0.151566    0.000188    3.808338 ^ fanout71/A (sky130_fd_sc_hd__clkbuf_2)
     6    0.023534    0.102463    0.141002    3.949340 ^ fanout71/X (sky130_fd_sc_hd__clkbuf_2)
                                                         net71 (net)
                      0.102463    0.000278    3.949619 ^ _278_/B (sky130_fd_sc_hd__and2_1)
     4    0.014710    0.113689    0.144886    4.094505 ^ _278_/X (sky130_fd_sc_hd__and2_1)
                                                         _068_ (net)
                      0.113689    0.000313    4.094818 ^ _287_/C (sky130_fd_sc_hd__and4_2)
     5    0.026049    0.112181    0.203210    4.298028 ^ _287_/X (sky130_fd_sc_hd__and4_2)
                                                         _077_ (net)
                      0.112185    0.000835    4.298863 ^ _289_/D (sky130_fd_sc_hd__and4_1)
     5    0.017361    0.131038    0.192360    4.491223 ^ _289_/X (sky130_fd_sc_hd__and4_1)
                                                         _079_ (net)
                      0.131039    0.000697    4.491921 ^ _292_/D (sky130_fd_sc_hd__and4_1)
     1    0.005680    0.054869    0.135350    4.627271 ^ _292_/X (sky130_fd_sc_hd__and4_1)
                                                         _082_ (net)
                      0.054869    0.000231    4.627502 ^ fanout58/A (sky130_fd_sc_hd__clkbuf_1)
     3    0.016202    0.145645    0.134980    4.762482 ^ fanout58/X (sky130_fd_sc_hd__clkbuf_1)
                                                         net58 (net)
                      0.145647    0.000447    4.762929 ^ fanout57/A (sky130_fd_sc_hd__clkbuf_2)
     6    0.024505    0.106306    0.142963    4.905892 ^ fanout57/X (sky130_fd_sc_hd__clkbuf_2)
                                                         net57 (net)
                      0.106357    0.000994    4.906886 ^ _293_/C (sky130_fd_sc_hd__and3_1)
     3    0.008400    0.072242    0.130102    5.036988 ^ _293_/X (sky130_fd_sc_hd__and3_1)
                                                         _083_ (net)
                      0.072242    0.000196    5.037184 ^ _335_/A_N (sky130_fd_sc_hd__and2b_1)
     2    0.008861    0.042434    0.130958    5.168142 v _335_/X (sky130_fd_sc_hd__and2b_1)
                                                         _110_ (net)
                      0.042434    0.000214    5.168356 v _336_/B (sky130_fd_sc_hd__nor2_1)
     3    0.020145    0.258645    0.209106    5.377462 ^ _336_/Y (sky130_fd_sc_hd__nor2_1)
                                                         u_ibex.u_ibex_core.load_store_unit_i.addr_last_d[27] (net)
                      0.258647    0.000605    5.378067 ^ _710_/A (sky130_fd_sc_hd__clkbuf_1)
     1    0.002401    0.032333    0.057129    5.435196 ^ _710_/X (sky130_fd_sc_hd__clkbuf_1)
                                                         net49 (net)
                      0.032333    0.000070    5.435266 ^ output49/A (sky130_fd_sc_hd__buf_2)
     1    0.034931    0.130579    0.139129    5.574394 ^ output49/X (sky130_fd_sc_hd__buf_2)
                                                         tl_o[88] (net)
                      0.130588    0.000855    5.575249 ^ tl_o[88] (out)
                                              5.575249   data arrival time

                                 25.000000   25.000000   clock clk_i (rise edge)
                                  0.000000   25.000000   clock network delay (propagated)
                                 -0.250000   24.750000   clock uncertainty
                                  0.000000   24.750000   clock reconvergence pessimism
                                 -5.000000   19.750000   output external delay
                                             19.750000   data required time
---------------------------------------------------------------------------------------------
                                             19.750000   data required time
                                             -5.575249   data arrival time
---------------------------------------------------------------------------------------------
                                             14.174750   slack (MET)


Startpoint: _578_ (rising edge-triggered flip-flop clocked by clk_i)
Endpoint: tl_o[90] (output port clocked by clk_i)
Path Group: clk_i
Path Type: max

Fanout         Cap        Slew       Delay        Time   Description
---------------------------------------------------------------------------------------------
                                  0.000000    0.000000   clock clk_i (rise edge)
                                  0.000000    0.000000   clock source latency
     2    0.077175    0.262105    0.196252    0.196252 ^ clk_i (in)
                                                         clk_i (net)
                      0.266425    0.000000    0.196252 ^ clkbuf_0_clk_i/A (sky130_fd_sc_hd__clkbuf_16)
     2    0.018739    0.036606    0.127371    0.323623 ^ clkbuf_0_clk_i/X (sky130_fd_sc_hd__clkbuf_16)
                                                         clknet_0_clk_i (net)
                      0.036606    0.000406    0.324030 ^ clkbuf_1_0__f_clk_i/A (sky130_fd_sc_hd__clkbuf_16)
     3    0.008468    0.023514    0.078213    0.402242 ^ clkbuf_1_0__f_clk_i/X (sky130_fd_sc_hd__clkbuf_16)
                                                         clknet_1_0__leaf_clk_i (net)
                      0.023514    0.000191    0.402433 ^ _498_/A (sky130_fd_sc_hd__and2_2)
     3    0.052614    0.202686    0.198500    0.600933 ^ _498_/X (sky130_fd_sc_hd__and2_2)
                                                         u_ibex.clk (net)
                      0.203830    0.012306    0.613239 ^ clkbuf_0_u_ibex.clk/A (sky130_fd_sc_hd__clkbuf_16)
     9    0.081193    0.077169    0.153052    0.766291 ^ clkbuf_0_u_ibex.clk/X (sky130_fd_sc_hd__clkbuf_16)
                                                         clknet_0_u_ibex.clk (net)
                      0.078340    0.007465    0.773756 ^ clkbuf_2_2__f_u_ibex.clk/A (sky130_fd_sc_hd__clkbuf_16)
    31    0.105244    0.094104    0.135620    0.909376 ^ clkbuf_2_2__f_u_ibex.clk/X (sky130_fd_sc_hd__clkbuf_16)
                                                         clknet_2_2__leaf_u_ibex.clk (net)
                      0.096859    0.012546    0.921921 ^ _578_/CLK (sky130_fd_sc_hd__dfrtp_1)
     1    0.005901    0.049644    0.230579    1.152500 ^ _578_/Q (sky130_fd_sc_hd__dfrtp_1)
                                                         u_ibex.u_ibex_core.load_store_unit_i.ls_fsm_cs[1] (net)
                      0.049644    0.000217    1.152718 ^ hold126/A (sky130_fd_sc_hd__dlygate4sd3_1)
     1    0.003623    0.043154    0.380024    1.532742 ^ hold126/X (sky130_fd_sc_hd__dlygate4sd3_1)
                                                         net297 (net)
                      0.043154    0.000109    1.532851 ^ hold117/A (sky130_fd_sc_hd__dlygate4sd3_1)
     1    0.002210    0.033898    0.369606    1.902458 ^ hold117/X (sky130_fd_sc_hd__dlygate4sd3_1)
                                                         net288 (net)
                      0.033898    0.000064    1.902522 ^ hold127/A (sky130_fd_sc_hd__dlygate4sd3_1)
     3    0.012267    0.102198    0.423028    2.325550 ^ hold127/X (sky130_fd_sc_hd__dlygate4sd3_1)
                                                         net298 (net)
                      0.102198    0.000167    2.325716 ^ fanout82/A (sky130_fd_sc_hd__dlymetal6s2s_1)
     2    0.007414    0.077055    0.101312    2.427029 ^ fanout82/X (sky130_fd_sc_hd__dlymetal6s2s_1)
                                                         net82 (net)
                      0.077055    0.000097    2.427126 ^ hold128/A (sky130_fd_sc_hd__dlygate4sd3_1)
     5    0.020081    0.158566    0.470677    2.897803 ^ hold128/X (sky130_fd_sc_hd__dlygate4sd3_1)
                                                         net299 (net)
                      0.158566    0.000588    2.898390 ^ _256_/C_N (sky130_fd_sc_hd__nor3b_2)
     7    0.026699    0.333029    0.303581    3.201972 ^ _256_/Y (sky130_fd_sc_hd__nor3b_2)
                                                         _046_ (net)
                      0.333036    0.001303    3.203274 ^ wire77/A (sky130_fd_sc_hd__buf_4)
     7    0.060324    0.130451    0.170383    3.373657 ^ wire77/X (sky130_fd_sc_hd__buf_4)
                                                         net77 (net)
                      0.133554    0.015846    3.389503 ^ _262_/A (sky130_fd_sc_hd__or3_1)
     2    0.010357    0.077324    0.119867    3.509371 ^ _262_/X (sky130_fd_sc_hd__or3_1)
                                                         _052_ (net)
                      0.077324    0.000252    3.509623 ^ fanout75/A (sky130_fd_sc_hd__buf_1)
     3    0.019274    0.171762    0.154533    3.664156 ^ fanout75/X (sky130_fd_sc_hd__buf_1)
                                                         net75 (net)
                      0.171764    0.000551    3.664707 ^ fanout72/A (sky130_fd_sc_hd__buf_1)
     4    0.016927    0.151566    0.143442    3.808150 ^ fanout72/X (sky130_fd_sc_hd__buf_1)
                                                         net72 (net)
                      0.151566    0.000188    3.808338 ^ fanout71/A (sky130_fd_sc_hd__clkbuf_2)
     6    0.023534    0.102463    0.141002    3.949340 ^ fanout71/X (sky130_fd_sc_hd__clkbuf_2)
                                                         net71 (net)
                      0.102463    0.000278    3.949619 ^ _278_/B (sky130_fd_sc_hd__and2_1)
     4    0.014710    0.113689    0.144886    4.094505 ^ _278_/X (sky130_fd_sc_hd__and2_1)
                                                         _068_ (net)
                      0.113689    0.000313    4.094818 ^ _287_/C (sky130_fd_sc_hd__and4_2)
     5    0.026049    0.112181    0.203210    4.298028 ^ _287_/X (sky130_fd_sc_hd__and4_2)
                                                         _077_ (net)
                      0.112185    0.000835    4.298863 ^ _289_/D (sky130_fd_sc_hd__and4_1)
     5    0.017361    0.131038    0.192360    4.491223 ^ _289_/X (sky130_fd_sc_hd__and4_1)
                                                         _079_ (net)
                      0.131039    0.000697    4.491921 ^ _292_/D (sky130_fd_sc_hd__and4_1)
     1    0.005680    0.054869    0.135350    4.627271 ^ _292_/X (sky130_fd_sc_hd__and4_1)
                                                         _082_ (net)
                      0.054869    0.000231    4.627502 ^ fanout58/A (sky130_fd_sc_hd__clkbuf_1)
     3    0.016202    0.145645    0.134980    4.762482 ^ fanout58/X (sky130_fd_sc_hd__clkbuf_1)
                                                         net58 (net)
                      0.145647    0.000447    4.762929 ^ fanout57/A (sky130_fd_sc_hd__clkbuf_2)
     6    0.024505    0.106306    0.142963    4.905892 ^ fanout57/X (sky130_fd_sc_hd__clkbuf_2)
                                                         net57 (net)
                      0.106357    0.000989    4.906880 ^ _294_/D (sky130_fd_sc_hd__and4_1)
     4    0.020333    0.151259    0.205739    5.112620 ^ _294_/X (sky130_fd_sc_hd__and4_1)
                                                         _084_ (net)
                      0.151265    0.001160    5.113780 ^ _337_/B2 (sky130_fd_sc_hd__a22oi_2)
     2    0.009316    0.053034    0.054020    5.167799 v _337_/Y (sky130_fd_sc_hd__a22oi_2)
                                                         _111_ (net)
                      0.053036    0.000254    5.168054 v _338_/B (sky130_fd_sc_hd__nor2_1)
     3    0.014282    0.189292    0.162190    5.330245 ^ _338_/Y (sky130_fd_sc_hd__nor2_1)
                                                         u_ibex.u_ibex_core.load_store_unit_i.addr_last_d[29] (net)
                      0.189293    0.000278    5.330523 ^ _712_/A (sky130_fd_sc_hd__clkbuf_1)
     1    0.002461    0.031647    0.058122    5.388644 ^ _712_/X (sky130_fd_sc_hd__clkbuf_1)
                                                         net52 (net)
                      0.031647    0.000069    5.388713 ^ output52/A (sky130_fd_sc_hd__buf_2)
     1    0.035038    0.131026    0.139168    5.527881 ^ output52/X (sky130_fd_sc_hd__buf_2)
                                                         tl_o[90] (net)
                      0.131035    0.000879    5.528760 ^ tl_o[90] (out)
                                              5.528760   data arrival time

                                 25.000000   25.000000   clock clk_i (rise edge)
                                  0.000000   25.000000   clock network delay (propagated)
                                 -0.250000   24.750000   clock uncertainty
                                  0.000000   24.750000   clock reconvergence pessimism
                                 -5.000000   19.750000   output external delay
                                             19.750000   data required time
---------------------------------------------------------------------------------------------
                                             19.750000   data required time
                                             -5.528760   data arrival time
---------------------------------------------------------------------------------------------
                                             14.221240   slack (MET)


Startpoint: _578_ (rising edge-triggered flip-flop clocked by clk_i)
Endpoint: tl_o[89] (output port clocked by clk_i)
Path Group: clk_i
Path Type: max

Fanout         Cap        Slew       Delay        Time   Description
---------------------------------------------------------------------------------------------
                                  0.000000    0.000000   clock clk_i (rise edge)
                                  0.000000    0.000000   clock source latency
     2    0.077175    0.262105    0.196252    0.196252 ^ clk_i (in)
                                                         clk_i (net)
                      0.266425    0.000000    0.196252 ^ clkbuf_0_clk_i/A (sky130_fd_sc_hd__clkbuf_16)
     2    0.018739    0.036606    0.127371    0.323623 ^ clkbuf_0_clk_i/X (sky130_fd_sc_hd__clkbuf_16)
                                                         clknet_0_clk_i (net)
                      0.036606    0.000406    0.324030 ^ clkbuf_1_0__f_clk_i/A (sky130_fd_sc_hd__clkbuf_16)
     3    0.008468    0.023514    0.078213    0.402242 ^ clkbuf_1_0__f_clk_i/X (sky130_fd_sc_hd__clkbuf_16)
                                                         clknet_1_0__leaf_clk_i (net)
                      0.023514    0.000191    0.402433 ^ _498_/A (sky130_fd_sc_hd__and2_2)
     3    0.052614    0.202686    0.198500    0.600933 ^ _498_/X (sky130_fd_sc_hd__and2_2)
                                                         u_ibex.clk (net)
                      0.203830    0.012306    0.613239 ^ clkbuf_0_u_ibex.clk/A (sky130_fd_sc_hd__clkbuf_16)
     9    0.081193    0.077169    0.153052    0.766291 ^ clkbuf_0_u_ibex.clk/X (sky130_fd_sc_hd__clkbuf_16)
                                                         clknet_0_u_ibex.clk (net)
                      0.078340    0.007465    0.773756 ^ clkbuf_2_2__f_u_ibex.clk/A (sky130_fd_sc_hd__clkbuf_16)
    31    0.105244    0.094104    0.135620    0.909376 ^ clkbuf_2_2__f_u_ibex.clk/X (sky130_fd_sc_hd__clkbuf_16)
                                                         clknet_2_2__leaf_u_ibex.clk (net)
                      0.096859    0.012546    0.921921 ^ _578_/CLK (sky130_fd_sc_hd__dfrtp_1)
     1    0.005901    0.049644    0.230579    1.152500 ^ _578_/Q (sky130_fd_sc_hd__dfrtp_1)
                                                         u_ibex.u_ibex_core.load_store_unit_i.ls_fsm_cs[1] (net)
                      0.049644    0.000217    1.152718 ^ hold126/A (sky130_fd_sc_hd__dlygate4sd3_1)
     1    0.003623    0.043154    0.380024    1.532742 ^ hold126/X (sky130_fd_sc_hd__dlygate4sd3_1)
                                                         net297 (net)
                      0.043154    0.000109    1.532851 ^ hold117/A (sky130_fd_sc_hd__dlygate4sd3_1)
     1    0.002210    0.033898    0.369606    1.902458 ^ hold117/X (sky130_fd_sc_hd__dlygate4sd3_1)
                                                         net288 (net)
                      0.033898    0.000064    1.902522 ^ hold127/A (sky130_fd_sc_hd__dlygate4sd3_1)
     3    0.012267    0.102198    0.423028    2.325550 ^ hold127/X (sky130_fd_sc_hd__dlygate4sd3_1)
                                                         net298 (net)
                      0.102198    0.000167    2.325716 ^ fanout82/A (sky130_fd_sc_hd__dlymetal6s2s_1)
     2    0.007414    0.077055    0.101312    2.427029 ^ fanout82/X (sky130_fd_sc_hd__dlymetal6s2s_1)
                                                         net82 (net)
                      0.077055    0.000097    2.427126 ^ hold128/A (sky130_fd_sc_hd__dlygate4sd3_1)
     5    0.020081    0.158566    0.470677    2.897803 ^ hold128/X (sky130_fd_sc_hd__dlygate4sd3_1)
                                                         net299 (net)
                      0.158566    0.000588    2.898390 ^ _256_/C_N (sky130_fd_sc_hd__nor3b_2)
     7    0.026699    0.333029    0.303581    3.201972 ^ _256_/Y (sky130_fd_sc_hd__nor3b_2)
                                                         _046_ (net)
                      0.333036    0.001303    3.203274 ^ wire77/A (sky130_fd_sc_hd__buf_4)
     7    0.060324    0.130451    0.170383    3.373657 ^ wire77/X (sky130_fd_sc_hd__buf_4)
                                                         net77 (net)
                      0.133554    0.015846    3.389503 ^ _262_/A (sky130_fd_sc_hd__or3_1)
     2    0.010357    0.077324    0.119867    3.509371 ^ _262_/X (sky130_fd_sc_hd__or3_1)
                                                         _052_ (net)
                      0.077324    0.000252    3.509623 ^ fanout75/A (sky130_fd_sc_hd__buf_1)
     3    0.019274    0.171762    0.154533    3.664156 ^ fanout75/X (sky130_fd_sc_hd__buf_1)
                                                         net75 (net)
                      0.171764    0.000551    3.664707 ^ fanout72/A (sky130_fd_sc_hd__buf_1)
     4    0.016927    0.151566    0.143442    3.808150 ^ fanout72/X (sky130_fd_sc_hd__buf_1)
                                                         net72 (net)
                      0.151566    0.000188    3.808338 ^ fanout71/A (sky130_fd_sc_hd__clkbuf_2)
     6    0.023534    0.102463    0.141002    3.949340 ^ fanout71/X (sky130_fd_sc_hd__clkbuf_2)
                                                         net71 (net)
                      0.102463    0.000278    3.949619 ^ _278_/B (sky130_fd_sc_hd__and2_1)
     4    0.014710    0.113689    0.144886    4.094505 ^ _278_/X (sky130_fd_sc_hd__and2_1)
                                                         _068_ (net)
                      0.113689    0.000313    4.094818 ^ _287_/C (sky130_fd_sc_hd__and4_2)
     5    0.026049    0.112181    0.203210    4.298028 ^ _287_/X (sky130_fd_sc_hd__and4_2)
                                                         _077_ (net)
                      0.112185    0.000835    4.298863 ^ _289_/D (sky130_fd_sc_hd__and4_1)
     5    0.017361    0.131038    0.192360    4.491223 ^ _289_/X (sky130_fd_sc_hd__and4_1)
                                                         _079_ (net)
                      0.131039    0.000697    4.491921 ^ _292_/D (sky130_fd_sc_hd__and4_1)
     1    0.005680    0.054869    0.135350    4.627271 ^ _292_/X (sky130_fd_sc_hd__and4_1)
                                                         _082_ (net)
                      0.054869    0.000231    4.627502 ^ fanout58/A (sky130_fd_sc_hd__clkbuf_1)
     3    0.016202    0.145645    0.134980    4.762482 ^ fanout58/X (sky130_fd_sc_hd__clkbuf_1)
                                                         net58 (net)
                      0.145647    0.000447    4.762929 ^ fanout57/A (sky130_fd_sc_hd__clkbuf_2)
     6    0.024505    0.106306    0.142963    4.905892 ^ fanout57/X (sky130_fd_sc_hd__clkbuf_2)
                                                         net57 (net)
                      0.106357    0.000989    4.906880 ^ _294_/D (sky130_fd_sc_hd__and4_1)
     4    0.020333    0.151259    0.205739    5.112620 ^ _294_/X (sky130_fd_sc_hd__and4_1)
                                                         _084_ (net)
                      0.151266    0.001219    5.113838 ^ _301_/B (sky130_fd_sc_hd__xor2_1)
     3    0.010778    0.182938    0.169671    5.283510 ^ _301_/X (sky130_fd_sc_hd__xor2_1)
                                                         u_ibex.u_ibex_core.load_store_unit_i.addr_last_d[28] (net)
                      0.182938    0.000133    5.283643 ^ _711_/A (sky130_fd_sc_hd__clkbuf_1)
     1    0.003484    0.039103    0.064371    5.348013 ^ _711_/X (sky130_fd_sc_hd__clkbuf_1)
                                                         net50 (net)
                      0.039103    0.000113    5.348126 ^ output50/A (sky130_fd_sc_hd__buf_2)
     1    0.034394    0.128643    0.139930    5.488057 ^ output50/X (sky130_fd_sc_hd__buf_2)
                                                         tl_o[89] (net)
                      0.128649    0.000748    5.488805 ^ tl_o[89] (out)
                                              5.488805   data arrival time

                                 25.000000   25.000000   clock clk_i (rise edge)
                                  0.000000   25.000000   clock network delay (propagated)
                                 -0.250000   24.750000   clock uncertainty
                                  0.000000   24.750000   clock reconvergence pessimism
                                 -5.000000   19.750000   output external delay
                                             19.750000   data required time
---------------------------------------------------------------------------------------------
                                             19.750000   data required time
                                             -5.488805   data arrival time
---------------------------------------------------------------------------------------------
                                             14.261195   slack (MET)


Startpoint: _578_ (rising edge-triggered flip-flop clocked by clk_i)
Endpoint: tl_o[85] (output port clocked by clk_i)
Path Group: clk_i
Path Type: max

Fanout         Cap        Slew       Delay        Time   Description
---------------------------------------------------------------------------------------------
                                  0.000000    0.000000   clock clk_i (rise edge)
                                  0.000000    0.000000   clock source latency
     2    0.077175    0.262105    0.196252    0.196252 ^ clk_i (in)
                                                         clk_i (net)
                      0.266425    0.000000    0.196252 ^ clkbuf_0_clk_i/A (sky130_fd_sc_hd__clkbuf_16)
     2    0.018739    0.036606    0.127371    0.323623 ^ clkbuf_0_clk_i/X (sky130_fd_sc_hd__clkbuf_16)
                                                         clknet_0_clk_i (net)
                      0.036606    0.000406    0.324030 ^ clkbuf_1_0__f_clk_i/A (sky130_fd_sc_hd__clkbuf_16)
     3    0.008468    0.023514    0.078213    0.402242 ^ clkbuf_1_0__f_clk_i/X (sky130_fd_sc_hd__clkbuf_16)
                                                         clknet_1_0__leaf_clk_i (net)
                      0.023514    0.000191    0.402433 ^ _498_/A (sky130_fd_sc_hd__and2_2)
     3    0.052614    0.202686    0.198500    0.600933 ^ _498_/X (sky130_fd_sc_hd__and2_2)
                                                         u_ibex.clk (net)
                      0.203830    0.012306    0.613239 ^ clkbuf_0_u_ibex.clk/A (sky130_fd_sc_hd__clkbuf_16)
     9    0.081193    0.077169    0.153052    0.766291 ^ clkbuf_0_u_ibex.clk/X (sky130_fd_sc_hd__clkbuf_16)
                                                         clknet_0_u_ibex.clk (net)
                      0.078340    0.007465    0.773756 ^ clkbuf_2_2__f_u_ibex.clk/A (sky130_fd_sc_hd__clkbuf_16)
    31    0.105244    0.094104    0.135620    0.909376 ^ clkbuf_2_2__f_u_ibex.clk/X (sky130_fd_sc_hd__clkbuf_16)
                                                         clknet_2_2__leaf_u_ibex.clk (net)
                      0.096859    0.012546    0.921921 ^ _578_/CLK (sky130_fd_sc_hd__dfrtp_1)
     1    0.005901    0.049644    0.230579    1.152500 ^ _578_/Q (sky130_fd_sc_hd__dfrtp_1)
                                                         u_ibex.u_ibex_core.load_store_unit_i.ls_fsm_cs[1] (net)
                      0.049644    0.000217    1.152718 ^ hold126/A (sky130_fd_sc_hd__dlygate4sd3_1)
     1    0.003623    0.043154    0.380024    1.532742 ^ hold126/X (sky130_fd_sc_hd__dlygate4sd3_1)
                                                         net297 (net)
                      0.043154    0.000109    1.532851 ^ hold117/A (sky130_fd_sc_hd__dlygate4sd3_1)
     1    0.002210    0.033898    0.369606    1.902458 ^ hold117/X (sky130_fd_sc_hd__dlygate4sd3_1)
                                                         net288 (net)
                      0.033898    0.000064    1.902522 ^ hold127/A (sky130_fd_sc_hd__dlygate4sd3_1)
     3    0.012267    0.102198    0.423028    2.325550 ^ hold127/X (sky130_fd_sc_hd__dlygate4sd3_1)
                                                         net298 (net)
                      0.102198    0.000167    2.325716 ^ fanout82/A (sky130_fd_sc_hd__dlymetal6s2s_1)
     2    0.007414    0.077055    0.101312    2.427029 ^ fanout82/X (sky130_fd_sc_hd__dlymetal6s2s_1)
                                                         net82 (net)
                      0.077055    0.000097    2.427126 ^ hold128/A (sky130_fd_sc_hd__dlygate4sd3_1)
     5    0.020081    0.158566    0.470677    2.897803 ^ hold128/X (sky130_fd_sc_hd__dlygate4sd3_1)
                                                         net299 (net)
                      0.158566    0.000588    2.898390 ^ _256_/C_N (sky130_fd_sc_hd__nor3b_2)
     7    0.026699    0.333029    0.303581    3.201972 ^ _256_/Y (sky130_fd_sc_hd__nor3b_2)
                                                         _046_ (net)
                      0.333036    0.001303    3.203274 ^ wire77/A (sky130_fd_sc_hd__buf_4)
     7    0.060324    0.130451    0.170383    3.373657 ^ wire77/X (sky130_fd_sc_hd__buf_4)
                                                         net77 (net)
                      0.133554    0.015846    3.389503 ^ _262_/A (sky130_fd_sc_hd__or3_1)
     2    0.010357    0.077324    0.119867    3.509371 ^ _262_/X (sky130_fd_sc_hd__or3_1)
                                                         _052_ (net)
                      0.077324    0.000252    3.509623 ^ fanout75/A (sky130_fd_sc_hd__buf_1)
     3    0.019274    0.171762    0.154533    3.664156 ^ fanout75/X (sky130_fd_sc_hd__buf_1)
                                                         net75 (net)
                      0.171764    0.000551    3.664707 ^ fanout72/A (sky130_fd_sc_hd__buf_1)
     4    0.016927    0.151566    0.143442    3.808150 ^ fanout72/X (sky130_fd_sc_hd__buf_1)
                                                         net72 (net)
                      0.151566    0.000188    3.808338 ^ fanout71/A (sky130_fd_sc_hd__clkbuf_2)
     6    0.023534    0.102463    0.141002    3.949340 ^ fanout71/X (sky130_fd_sc_hd__clkbuf_2)
                                                         net71 (net)
                      0.102463    0.000278    3.949619 ^ _278_/B (sky130_fd_sc_hd__and2_1)
     4    0.014710    0.113689    0.144886    4.094505 ^ _278_/X (sky130_fd_sc_hd__and2_1)
                                                         _068_ (net)
                      0.113689    0.000313    4.094818 ^ _287_/C (sky130_fd_sc_hd__and4_2)
     5    0.026049    0.112181    0.203210    4.298028 ^ _287_/X (sky130_fd_sc_hd__and4_2)
                                                         _077_ (net)
                      0.112185    0.000835    4.298863 ^ _289_/D (sky130_fd_sc_hd__and4_1)
     5    0.017361    0.131038    0.192360    4.491223 ^ _289_/X (sky130_fd_sc_hd__and4_1)
                                                         _079_ (net)
                      0.131039    0.000697    4.491921 ^ _292_/D (sky130_fd_sc_hd__and4_1)
     1    0.005680    0.054869    0.135350    4.627271 ^ _292_/X (sky130_fd_sc_hd__and4_1)
                                                         _082_ (net)
                      0.054869    0.000231    4.627502 ^ fanout58/A (sky130_fd_sc_hd__clkbuf_1)
     3    0.016202    0.145645    0.134980    4.762482 ^ fanout58/X (sky130_fd_sc_hd__clkbuf_1)
                                                         net58 (net)
                      0.145647    0.000447    4.762929 ^ fanout57/A (sky130_fd_sc_hd__clkbuf_2)
     6    0.024505    0.106306    0.142963    4.905892 ^ fanout57/X (sky130_fd_sc_hd__clkbuf_2)
                                                         net57 (net)
                      0.106307    0.000577    4.906469 ^ _307_/B (sky130_fd_sc_hd__nor2_1)
     1    0.003311    0.032521    0.028584    4.935053 v _307_/Y (sky130_fd_sc_hd__nor2_1)
                                                         _092_ (net)
                      0.032522    0.000103    4.935156 v _309_/A (sky130_fd_sc_hd__or2_1)
     3    0.013142    0.064124    0.168776    5.103931 v _309_/X (sky130_fd_sc_hd__or2_1)
                                                         _094_ (net)
                      0.064125    0.000313    5.104245 v _310_/A (sky130_fd_sc_hd__inv_2)
     3    0.022425    0.081327    0.087382    5.191627 ^ _310_/Y (sky130_fd_sc_hd__inv_2)
                                                         u_ibex.u_ibex_core.load_store_unit_i.addr_last_d[24] (net)
                      0.081343    0.000957    5.192583 ^ _707_/A (sky130_fd_sc_hd__clkbuf_1)
     1    0.002623    0.031312    0.056952    5.249535 ^ _707_/X (sky130_fd_sc_hd__clkbuf_1)
                                                         net46 (net)
                      0.031312    0.000076    5.249611 ^ output46/A (sky130_fd_sc_hd__buf_2)
     1    0.034530    0.129205    0.137876    5.387487 ^ output46/X (sky130_fd_sc_hd__buf_2)
                                                         tl_o[85] (net)
                      0.129212    0.000786    5.388274 ^ tl_o[85] (out)
                                              5.388274   data arrival time

                                 25.000000   25.000000   clock clk_i (rise edge)
                                  0.000000   25.000000   clock network delay (propagated)
                                 -0.250000   24.750000   clock uncertainty
                                  0.000000   24.750000   clock reconvergence pessimism
                                 -5.000000   19.750000   output external delay
                                             19.750000   data required time
---------------------------------------------------------------------------------------------
                                             19.750000   data required time
                                             -5.388274   data arrival time
---------------------------------------------------------------------------------------------
                                             14.361727   slack (MET)


Startpoint: _578_ (rising edge-triggered flip-flop clocked by clk_i)
Endpoint: tl_o[83] (output port clocked by clk_i)
Path Group: clk_i
Path Type: max

Fanout         Cap        Slew       Delay        Time   Description
---------------------------------------------------------------------------------------------
                                  0.000000    0.000000   clock clk_i (rise edge)
                                  0.000000    0.000000   clock source latency
     2    0.077175    0.262105    0.196252    0.196252 ^ clk_i (in)
                                                         clk_i (net)
                      0.266425    0.000000    0.196252 ^ clkbuf_0_clk_i/A (sky130_fd_sc_hd__clkbuf_16)
     2    0.018739    0.036606    0.127371    0.323623 ^ clkbuf_0_clk_i/X (sky130_fd_sc_hd__clkbuf_16)
                                                         clknet_0_clk_i (net)
                      0.036606    0.000406    0.324030 ^ clkbuf_1_0__f_clk_i/A (sky130_fd_sc_hd__clkbuf_16)
     3    0.008468    0.023514    0.078213    0.402242 ^ clkbuf_1_0__f_clk_i/X (sky130_fd_sc_hd__clkbuf_16)
                                                         clknet_1_0__leaf_clk_i (net)
                      0.023514    0.000191    0.402433 ^ _498_/A (sky130_fd_sc_hd__and2_2)
     3    0.052614    0.202686    0.198500    0.600933 ^ _498_/X (sky130_fd_sc_hd__and2_2)
                                                         u_ibex.clk (net)
                      0.203830    0.012306    0.613239 ^ clkbuf_0_u_ibex.clk/A (sky130_fd_sc_hd__clkbuf_16)
     9    0.081193    0.077169    0.153052    0.766291 ^ clkbuf_0_u_ibex.clk/X (sky130_fd_sc_hd__clkbuf_16)
                                                         clknet_0_u_ibex.clk (net)
                      0.078340    0.007465    0.773756 ^ clkbuf_2_2__f_u_ibex.clk/A (sky130_fd_sc_hd__clkbuf_16)
    31    0.105244    0.094104    0.135620    0.909376 ^ clkbuf_2_2__f_u_ibex.clk/X (sky130_fd_sc_hd__clkbuf_16)
                                                         clknet_2_2__leaf_u_ibex.clk (net)
                      0.096859    0.012546    0.921921 ^ _578_/CLK (sky130_fd_sc_hd__dfrtp_1)
     1    0.005901    0.049644    0.230579    1.152500 ^ _578_/Q (sky130_fd_sc_hd__dfrtp_1)
                                                         u_ibex.u_ibex_core.load_store_unit_i.ls_fsm_cs[1] (net)
                      0.049644    0.000217    1.152718 ^ hold126/A (sky130_fd_sc_hd__dlygate4sd3_1)
     1    0.003623    0.043154    0.380024    1.532742 ^ hold126/X (sky130_fd_sc_hd__dlygate4sd3_1)
                                                         net297 (net)
                      0.043154    0.000109    1.532851 ^ hold117/A (sky130_fd_sc_hd__dlygate4sd3_1)
     1    0.002210    0.033898    0.369606    1.902458 ^ hold117/X (sky130_fd_sc_hd__dlygate4sd3_1)
                                                         net288 (net)
                      0.033898    0.000064    1.902522 ^ hold127/A (sky130_fd_sc_hd__dlygate4sd3_1)
     3    0.012267    0.102198    0.423028    2.325550 ^ hold127/X (sky130_fd_sc_hd__dlygate4sd3_1)
                                                         net298 (net)
                      0.102198    0.000167    2.325716 ^ fanout82/A (sky130_fd_sc_hd__dlymetal6s2s_1)
     2    0.007414    0.077055    0.101312    2.427029 ^ fanout82/X (sky130_fd_sc_hd__dlymetal6s2s_1)
                                                         net82 (net)
                      0.077055    0.000097    2.427126 ^ hold128/A (sky130_fd_sc_hd__dlygate4sd3_1)
     5    0.020081    0.158566    0.470677    2.897803 ^ hold128/X (sky130_fd_sc_hd__dlygate4sd3_1)
                                                         net299 (net)
                      0.158566    0.000588    2.898390 ^ _256_/C_N (sky130_fd_sc_hd__nor3b_2)
     7    0.026699    0.333029    0.303581    3.201972 ^ _256_/Y (sky130_fd_sc_hd__nor3b_2)
                                                         _046_ (net)
                      0.333036    0.001303    3.203274 ^ wire77/A (sky130_fd_sc_hd__buf_4)
     7    0.060324    0.130451    0.170383    3.373657 ^ wire77/X (sky130_fd_sc_hd__buf_4)
                                                         net77 (net)
                      0.133554    0.015846    3.389503 ^ _262_/A (sky130_fd_sc_hd__or3_1)
     2    0.010357    0.077324    0.119867    3.509371 ^ _262_/X (sky130_fd_sc_hd__or3_1)
                                                         _052_ (net)
                      0.077324    0.000252    3.509623 ^ fanout75/A (sky130_fd_sc_hd__buf_1)
     3    0.019274    0.171762    0.154533    3.664156 ^ fanout75/X (sky130_fd_sc_hd__buf_1)
                                                         net75 (net)
                      0.171764    0.000551    3.664707 ^ fanout72/A (sky130_fd_sc_hd__buf_1)
     4    0.016927    0.151566    0.143442    3.808150 ^ fanout72/X (sky130_fd_sc_hd__buf_1)
                                                         net72 (net)
                      0.151566    0.000188    3.808338 ^ fanout71/A (sky130_fd_sc_hd__clkbuf_2)
     6    0.023534    0.102463    0.141002    3.949340 ^ fanout71/X (sky130_fd_sc_hd__clkbuf_2)
                                                         net71 (net)
                      0.102463    0.000278    3.949619 ^ _278_/B (sky130_fd_sc_hd__and2_1)
     4    0.014710    0.113689    0.144886    4.094505 ^ _278_/X (sky130_fd_sc_hd__and2_1)
                                                         _068_ (net)
                      0.113689    0.000313    4.094818 ^ _287_/C (sky130_fd_sc_hd__and4_2)
     5    0.026049    0.112181    0.203210    4.298028 ^ _287_/X (sky130_fd_sc_hd__and4_2)
                                                         _077_ (net)
                      0.112185    0.000835    4.298863 ^ _289_/D (sky130_fd_sc_hd__and4_1)
     5    0.017361    0.131038    0.192360    4.491223 ^ _289_/X (sky130_fd_sc_hd__and4_1)
                                                         _079_ (net)
                      0.131039    0.000683    4.491907 ^ _291_/C (sky130_fd_sc_hd__and3_1)
     3    0.010740    0.087716    0.145517    4.637424 ^ _291_/X (sky130_fd_sc_hd__and3_1)
                                                         _081_ (net)
                      0.087716    0.000167    4.637591 ^ _352_/B (sky130_fd_sc_hd__or2_1)
     3    0.014380    0.106415    0.124864    4.762455 ^ _352_/X (sky130_fd_sc_hd__or2_1)
                                                         _120_ (net)
                      0.106449    0.000301    4.762756 ^ _365_/B (sky130_fd_sc_hd__and2_1)
     3    0.014873    0.114875    0.146274    4.909029 ^ _365_/X (sky130_fd_sc_hd__and2_1)
                                                         u_ibex.u_ibex_core.load_store_unit_i.addr_last_d[22] (net)
                      0.114876    0.000587    4.909616 ^ _705_/A (sky130_fd_sc_hd__buf_8)
     3    0.181104    0.205082    0.162165    5.071781 ^ _705_/X (sky130_fd_sc_hd__buf_8)
                                                         net44 (net)
                      0.289131    0.102426    5.174207 ^ output44/A (sky130_fd_sc_hd__buf_2)
     1    0.034041    0.128186    0.175966    5.350173 ^ output44/X (sky130_fd_sc_hd__buf_2)
                                                         tl_o[83] (net)
                      0.128187    0.000620    5.350793 ^ tl_o[83] (out)
                                              5.350793   data arrival time

                                 25.000000   25.000000   clock clk_i (rise edge)
                                  0.000000   25.000000   clock network delay (propagated)
                                 -0.250000   24.750000   clock uncertainty
                                  0.000000   24.750000   clock reconvergence pessimism
                                 -5.000000   19.750000   output external delay
                                             19.750000   data required time
---------------------------------------------------------------------------------------------
                                             19.750000   data required time
                                             -5.350793   data arrival time
---------------------------------------------------------------------------------------------
                                             14.399206   slack (MET)


Startpoint: _578_ (rising edge-triggered flip-flop clocked by clk_i)
Endpoint: tl_o[82] (output port clocked by clk_i)
Path Group: clk_i
Path Type: max

Fanout         Cap        Slew       Delay        Time   Description
---------------------------------------------------------------------------------------------
                                  0.000000    0.000000   clock clk_i (rise edge)
                                  0.000000    0.000000   clock source latency
     2    0.077175    0.262105    0.196252    0.196252 ^ clk_i (in)
                                                         clk_i (net)
                      0.266425    0.000000    0.196252 ^ clkbuf_0_clk_i/A (sky130_fd_sc_hd__clkbuf_16)
     2    0.018739    0.036606    0.127371    0.323623 ^ clkbuf_0_clk_i/X (sky130_fd_sc_hd__clkbuf_16)
                                                         clknet_0_clk_i (net)
                      0.036606    0.000406    0.324030 ^ clkbuf_1_0__f_clk_i/A (sky130_fd_sc_hd__clkbuf_16)
     3    0.008468    0.023514    0.078213    0.402242 ^ clkbuf_1_0__f_clk_i/X (sky130_fd_sc_hd__clkbuf_16)
                                                         clknet_1_0__leaf_clk_i (net)
                      0.023514    0.000191    0.402433 ^ _498_/A (sky130_fd_sc_hd__and2_2)
     3    0.052614    0.202686    0.198500    0.600933 ^ _498_/X (sky130_fd_sc_hd__and2_2)
                                                         u_ibex.clk (net)
                      0.203830    0.012306    0.613239 ^ clkbuf_0_u_ibex.clk/A (sky130_fd_sc_hd__clkbuf_16)
     9    0.081193    0.077169    0.153052    0.766291 ^ clkbuf_0_u_ibex.clk/X (sky130_fd_sc_hd__clkbuf_16)
                                                         clknet_0_u_ibex.clk (net)
                      0.078340    0.007465    0.773756 ^ clkbuf_2_2__f_u_ibex.clk/A (sky130_fd_sc_hd__clkbuf_16)
    31    0.105244    0.094104    0.135620    0.909376 ^ clkbuf_2_2__f_u_ibex.clk/X (sky130_fd_sc_hd__clkbuf_16)
                                                         clknet_2_2__leaf_u_ibex.clk (net)
                      0.096859    0.012546    0.921921 ^ _578_/CLK (sky130_fd_sc_hd__dfrtp_1)
     1    0.005901    0.049644    0.230579    1.152500 ^ _578_/Q (sky130_fd_sc_hd__dfrtp_1)
                                                         u_ibex.u_ibex_core.load_store_unit_i.ls_fsm_cs[1] (net)
                      0.049644    0.000217    1.152718 ^ hold126/A (sky130_fd_sc_hd__dlygate4sd3_1)
     1    0.003623    0.043154    0.380024    1.532742 ^ hold126/X (sky130_fd_sc_hd__dlygate4sd3_1)
                                                         net297 (net)
                      0.043154    0.000109    1.532851 ^ hold117/A (sky130_fd_sc_hd__dlygate4sd3_1)
     1    0.002210    0.033898    0.369606    1.902458 ^ hold117/X (sky130_fd_sc_hd__dlygate4sd3_1)
                                                         net288 (net)
                      0.033898    0.000064    1.902522 ^ hold127/A (sky130_fd_sc_hd__dlygate4sd3_1)
     3    0.012267    0.102198    0.423028    2.325550 ^ hold127/X (sky130_fd_sc_hd__dlygate4sd3_1)
                                                         net298 (net)
                      0.102198    0.000167    2.325716 ^ fanout82/A (sky130_fd_sc_hd__dlymetal6s2s_1)
     2    0.007414    0.077055    0.101312    2.427029 ^ fanout82/X (sky130_fd_sc_hd__dlymetal6s2s_1)
                                                         net82 (net)
                      0.077055    0.000097    2.427126 ^ hold128/A (sky130_fd_sc_hd__dlygate4sd3_1)
     5    0.020081    0.158566    0.470677    2.897803 ^ hold128/X (sky130_fd_sc_hd__dlygate4sd3_1)
                                                         net299 (net)
                      0.158566    0.000588    2.898390 ^ _256_/C_N (sky130_fd_sc_hd__nor3b_2)
     7    0.026699    0.333029    0.303581    3.201972 ^ _256_/Y (sky130_fd_sc_hd__nor3b_2)
                                                         _046_ (net)
                      0.333036    0.001303    3.203274 ^ wire77/A (sky130_fd_sc_hd__buf_4)
     7    0.060324    0.130451    0.170383    3.373657 ^ wire77/X (sky130_fd_sc_hd__buf_4)
                                                         net77 (net)
                      0.133554    0.015846    3.389503 ^ _262_/A (sky130_fd_sc_hd__or3_1)
     2    0.010357    0.077324    0.119867    3.509371 ^ _262_/X (sky130_fd_sc_hd__or3_1)
                                                         _052_ (net)
                      0.077324    0.000252    3.509623 ^ fanout75/A (sky130_fd_sc_hd__buf_1)
     3    0.019274    0.171762    0.154533    3.664156 ^ fanout75/X (sky130_fd_sc_hd__buf_1)
                                                         net75 (net)
                      0.171764    0.000551    3.664707 ^ fanout72/A (sky130_fd_sc_hd__buf_1)
     4    0.016927    0.151566    0.143442    3.808150 ^ fanout72/X (sky130_fd_sc_hd__buf_1)
                                                         net72 (net)
                      0.151566    0.000188    3.808338 ^ fanout71/A (sky130_fd_sc_hd__clkbuf_2)
     6    0.023534    0.102463    0.141002    3.949340 ^ fanout71/X (sky130_fd_sc_hd__clkbuf_2)
                                                         net71 (net)
                      0.102463    0.000278    3.949619 ^ _278_/B (sky130_fd_sc_hd__and2_1)
     4    0.014710    0.113689    0.144886    4.094505 ^ _278_/X (sky130_fd_sc_hd__and2_1)
                                                         _068_ (net)
                      0.113689    0.000313    4.094818 ^ _287_/C (sky130_fd_sc_hd__and4_2)
     5    0.026049    0.112181    0.203210    4.298028 ^ _287_/X (sky130_fd_sc_hd__and4_2)
                                                         _077_ (net)
                      0.112185    0.000835    4.298863 ^ _289_/D (sky130_fd_sc_hd__and4_1)
     5    0.017361    0.131038    0.192360    4.491223 ^ _289_/X (sky130_fd_sc_hd__and4_1)
                                                         _079_ (net)
                      0.131038    0.000539    4.491763 ^ _290_/B (sky130_fd_sc_hd__and2_1)
     3    0.013455    0.105025    0.142922    4.634684 ^ _290_/X (sky130_fd_sc_hd__and2_1)
                                                         _080_ (net)
                      0.105025    0.000270    4.634954 ^ _329_/B2 (sky130_fd_sc_hd__a22oi_1)
     2    0.005971    0.053400    0.059456    4.694410 v _329_/Y (sky130_fd_sc_hd__a22oi_1)
                                                         _106_ (net)
                      0.053400    0.000110    4.694520 v _330_/B (sky130_fd_sc_hd__or2_4)
     4    0.033882    0.059904    0.181351    4.875871 v _330_/X (sky130_fd_sc_hd__or2_4)
                                                         _107_ (net)
                      0.059910    0.000677    4.876547 v _331_/A (sky130_fd_sc_hd__clkinv_4)
     5    0.072254    0.108695    0.097492    4.974039 ^ _331_/Y (sky130_fd_sc_hd__clkinv_4)
                                                         u_ibex.u_ibex_core.load_store_unit_i.addr_last_d[21] (net)
                      0.115155    0.020537    4.994576 ^ _704_/A (sky130_fd_sc_hd__buf_4)
     3    0.070131    0.147533    0.168090    5.162666 ^ _704_/X (sky130_fd_sc_hd__buf_4)
                                                         net43 (net)
                      0.152364    0.020825    5.183491 ^ output43/A (sky130_fd_sc_hd__buf_2)
     1    0.034143    0.127847    0.162617    5.346107 ^ output43/X (sky130_fd_sc_hd__buf_2)
                                                         tl_o[82] (net)
                      0.127848    0.000662    5.346769 ^ tl_o[82] (out)
                                              5.346769   data arrival time

                                 25.000000   25.000000   clock clk_i (rise edge)
                                  0.000000   25.000000   clock network delay (propagated)
                                 -0.250000   24.750000   clock uncertainty
                                  0.000000   24.750000   clock reconvergence pessimism
                                 -5.000000   19.750000   output external delay
                                             19.750000   data required time
---------------------------------------------------------------------------------------------
                                             19.750000   data required time
                                             -5.346769   data arrival time
---------------------------------------------------------------------------------------------
                                             14.403230   slack (MET)


Startpoint: _578_ (rising edge-triggered flip-flop clocked by clk_i)
Endpoint: tl_o[87] (output port clocked by clk_i)
Path Group: clk_i
Path Type: max

Fanout         Cap        Slew       Delay        Time   Description
---------------------------------------------------------------------------------------------
                                  0.000000    0.000000   clock clk_i (rise edge)
                                  0.000000    0.000000   clock source latency
     2    0.077175    0.262105    0.196252    0.196252 ^ clk_i (in)
                                                         clk_i (net)
                      0.266425    0.000000    0.196252 ^ clkbuf_0_clk_i/A (sky130_fd_sc_hd__clkbuf_16)
     2    0.018739    0.036606    0.127371    0.323623 ^ clkbuf_0_clk_i/X (sky130_fd_sc_hd__clkbuf_16)
                                                         clknet_0_clk_i (net)
                      0.036606    0.000406    0.324030 ^ clkbuf_1_0__f_clk_i/A (sky130_fd_sc_hd__clkbuf_16)
     3    0.008468    0.023514    0.078213    0.402242 ^ clkbuf_1_0__f_clk_i/X (sky130_fd_sc_hd__clkbuf_16)
                                                         clknet_1_0__leaf_clk_i (net)
                      0.023514    0.000191    0.402433 ^ _498_/A (sky130_fd_sc_hd__and2_2)
     3    0.052614    0.202686    0.198500    0.600933 ^ _498_/X (sky130_fd_sc_hd__and2_2)
                                                         u_ibex.clk (net)
                      0.203830    0.012306    0.613239 ^ clkbuf_0_u_ibex.clk/A (sky130_fd_sc_hd__clkbuf_16)
     9    0.081193    0.077169    0.153052    0.766291 ^ clkbuf_0_u_ibex.clk/X (sky130_fd_sc_hd__clkbuf_16)
                                                         clknet_0_u_ibex.clk (net)
                      0.078340    0.007465    0.773756 ^ clkbuf_2_2__f_u_ibex.clk/A (sky130_fd_sc_hd__clkbuf_16)
    31    0.105244    0.094104    0.135620    0.909376 ^ clkbuf_2_2__f_u_ibex.clk/X (sky130_fd_sc_hd__clkbuf_16)
                                                         clknet_2_2__leaf_u_ibex.clk (net)
                      0.096859    0.012546    0.921921 ^ _578_/CLK (sky130_fd_sc_hd__dfrtp_1)
     1    0.005901    0.049644    0.230579    1.152500 ^ _578_/Q (sky130_fd_sc_hd__dfrtp_1)
                                                         u_ibex.u_ibex_core.load_store_unit_i.ls_fsm_cs[1] (net)
                      0.049644    0.000217    1.152718 ^ hold126/A (sky130_fd_sc_hd__dlygate4sd3_1)
     1    0.003623    0.043154    0.380024    1.532742 ^ hold126/X (sky130_fd_sc_hd__dlygate4sd3_1)
                                                         net297 (net)
                      0.043154    0.000109    1.532851 ^ hold117/A (sky130_fd_sc_hd__dlygate4sd3_1)
     1    0.002210    0.033898    0.369606    1.902458 ^ hold117/X (sky130_fd_sc_hd__dlygate4sd3_1)
                                                         net288 (net)
                      0.033898    0.000064    1.902522 ^ hold127/A (sky130_fd_sc_hd__dlygate4sd3_1)
     3    0.012267    0.102198    0.423028    2.325550 ^ hold127/X (sky130_fd_sc_hd__dlygate4sd3_1)
                                                         net298 (net)
                      0.102198    0.000167    2.325716 ^ fanout82/A (sky130_fd_sc_hd__dlymetal6s2s_1)
     2    0.007414    0.077055    0.101312    2.427029 ^ fanout82/X (sky130_fd_sc_hd__dlymetal6s2s_1)
                                                         net82 (net)
                      0.077055    0.000097    2.427126 ^ hold128/A (sky130_fd_sc_hd__dlygate4sd3_1)
     5    0.020081    0.158566    0.470677    2.897803 ^ hold128/X (sky130_fd_sc_hd__dlygate4sd3_1)
                                                         net299 (net)
                      0.158566    0.000588    2.898390 ^ _256_/C_N (sky130_fd_sc_hd__nor3b_2)
     7    0.026699    0.333029    0.303581    3.201972 ^ _256_/Y (sky130_fd_sc_hd__nor3b_2)
                                                         _046_ (net)
                      0.333036    0.001303    3.203274 ^ wire77/A (sky130_fd_sc_hd__buf_4)
     7    0.060324    0.130451    0.170383    3.373657 ^ wire77/X (sky130_fd_sc_hd__buf_4)
                                                         net77 (net)
                      0.133554    0.015846    3.389503 ^ _262_/A (sky130_fd_sc_hd__or3_1)
     2    0.010357    0.077324    0.119867    3.509371 ^ _262_/X (sky130_fd_sc_hd__or3_1)
                                                         _052_ (net)
                      0.077324    0.000252    3.509623 ^ fanout75/A (sky130_fd_sc_hd__buf_1)
     3    0.019274    0.171762    0.154533    3.664156 ^ fanout75/X (sky130_fd_sc_hd__buf_1)
                                                         net75 (net)
                      0.171764    0.000551    3.664707 ^ fanout72/A (sky130_fd_sc_hd__buf_1)
     4    0.016927    0.151566    0.143442    3.808150 ^ fanout72/X (sky130_fd_sc_hd__buf_1)
                                                         net72 (net)
                      0.151566    0.000188    3.808338 ^ fanout71/A (sky130_fd_sc_hd__clkbuf_2)
     6    0.023534    0.102463    0.141002    3.949340 ^ fanout71/X (sky130_fd_sc_hd__clkbuf_2)
                                                         net71 (net)
                      0.102463    0.000278    3.949619 ^ _278_/B (sky130_fd_sc_hd__and2_1)
     4    0.014710    0.113689    0.144886    4.094505 ^ _278_/X (sky130_fd_sc_hd__and2_1)
                                                         _068_ (net)
                      0.113689    0.000313    4.094818 ^ _287_/C (sky130_fd_sc_hd__and4_2)
     5    0.026049    0.112181    0.203210    4.298028 ^ _287_/X (sky130_fd_sc_hd__and4_2)
                                                         _077_ (net)
                      0.112185    0.000835    4.298863 ^ _289_/D (sky130_fd_sc_hd__and4_1)
     5    0.017361    0.131038    0.192360    4.491223 ^ _289_/X (sky130_fd_sc_hd__and4_1)
                                                         _079_ (net)
                      0.131039    0.000697    4.491921 ^ _292_/D (sky130_fd_sc_hd__and4_1)
     1    0.005680    0.054869    0.135350    4.627271 ^ _292_/X (sky130_fd_sc_hd__and4_1)
                                                         _082_ (net)
                      0.054869    0.000231    4.627502 ^ fanout58/A (sky130_fd_sc_hd__clkbuf_1)
     3    0.016202    0.145645    0.134980    4.762482 ^ fanout58/X (sky130_fd_sc_hd__clkbuf_1)
                                                         net58 (net)
                      0.145647    0.000447    4.762929 ^ fanout57/A (sky130_fd_sc_hd__clkbuf_2)
     6    0.024505    0.106306    0.142963    4.905892 ^ fanout57/X (sky130_fd_sc_hd__clkbuf_2)
                                                         net57 (net)
                      0.106358    0.001014    4.906906 ^ _332_/A2 (sky130_fd_sc_hd__a21oi_2)
     4    0.015078    0.058727    0.062671    4.969577 v _332_/Y (sky130_fd_sc_hd__a21oi_2)
                                                         _108_ (net)
                      0.058729    0.000284    4.969862 v _333_/B (sky130_fd_sc_hd__nor2_1)
     2    0.009380    0.130400    0.121675    5.091536 ^ _333_/Y (sky130_fd_sc_hd__nor2_1)
                                                         u_ibex.u_ibex_core.load_store_unit_i.addr_last_d[26] (net)
                      0.130402    0.000374    5.091910 ^ _709_/A (sky130_fd_sc_hd__clkbuf_1)
     1    0.003246    0.036757    0.063365    5.155275 ^ _709_/X (sky130_fd_sc_hd__clkbuf_1)
                                                         net48 (net)
                      0.036757    0.000104    5.155379 ^ output48/A (sky130_fd_sc_hd__buf_2)
     1    0.034397    0.128660    0.139228    5.294607 ^ output48/X (sky130_fd_sc_hd__buf_2)
                                                         tl_o[87] (net)
                      0.128666    0.000748    5.295354 ^ tl_o[87] (out)
                                              5.295354   data arrival time

                                 25.000000   25.000000   clock clk_i (rise edge)
                                  0.000000   25.000000   clock network delay (propagated)
                                 -0.250000   24.750000   clock uncertainty
                                  0.000000   24.750000   clock reconvergence pessimism
                                 -5.000000   19.750000   output external delay
                                             19.750000   data required time
---------------------------------------------------------------------------------------------
                                             19.750000   data required time
                                             -5.295354   data arrival time
---------------------------------------------------------------------------------------------
                                             14.454645   slack (MET)


Startpoint: _578_ (rising edge-triggered flip-flop clocked by clk_i)
Endpoint: tl_o[86] (output port clocked by clk_i)
Path Group: clk_i
Path Type: max

Fanout         Cap        Slew       Delay        Time   Description
---------------------------------------------------------------------------------------------
                                  0.000000    0.000000   clock clk_i (rise edge)
                                  0.000000    0.000000   clock source latency
     2    0.077175    0.262105    0.196252    0.196252 ^ clk_i (in)
                                                         clk_i (net)
                      0.266425    0.000000    0.196252 ^ clkbuf_0_clk_i/A (sky130_fd_sc_hd__clkbuf_16)
     2    0.018739    0.036606    0.127371    0.323623 ^ clkbuf_0_clk_i/X (sky130_fd_sc_hd__clkbuf_16)
                                                         clknet_0_clk_i (net)
                      0.036606    0.000406    0.324030 ^ clkbuf_1_0__f_clk_i/A (sky130_fd_sc_hd__clkbuf_16)
     3    0.008468    0.023514    0.078213    0.402242 ^ clkbuf_1_0__f_clk_i/X (sky130_fd_sc_hd__clkbuf_16)
                                                         clknet_1_0__leaf_clk_i (net)
                      0.023514    0.000191    0.402433 ^ _498_/A (sky130_fd_sc_hd__and2_2)
     3    0.052614    0.202686    0.198500    0.600933 ^ _498_/X (sky130_fd_sc_hd__and2_2)
                                                         u_ibex.clk (net)
                      0.203830    0.012306    0.613239 ^ clkbuf_0_u_ibex.clk/A (sky130_fd_sc_hd__clkbuf_16)
     9    0.081193    0.077169    0.153052    0.766291 ^ clkbuf_0_u_ibex.clk/X (sky130_fd_sc_hd__clkbuf_16)
                                                         clknet_0_u_ibex.clk (net)
                      0.078340    0.007465    0.773756 ^ clkbuf_2_2__f_u_ibex.clk/A (sky130_fd_sc_hd__clkbuf_16)
    31    0.105244    0.094104    0.135620    0.909376 ^ clkbuf_2_2__f_u_ibex.clk/X (sky130_fd_sc_hd__clkbuf_16)
                                                         clknet_2_2__leaf_u_ibex.clk (net)
                      0.096859    0.012546    0.921921 ^ _578_/CLK (sky130_fd_sc_hd__dfrtp_1)
     1    0.005901    0.049644    0.230579    1.152500 ^ _578_/Q (sky130_fd_sc_hd__dfrtp_1)
                                                         u_ibex.u_ibex_core.load_store_unit_i.ls_fsm_cs[1] (net)
                      0.049644    0.000217    1.152718 ^ hold126/A (sky130_fd_sc_hd__dlygate4sd3_1)
     1    0.003623    0.043154    0.380024    1.532742 ^ hold126/X (sky130_fd_sc_hd__dlygate4sd3_1)
                                                         net297 (net)
                      0.043154    0.000109    1.532851 ^ hold117/A (sky130_fd_sc_hd__dlygate4sd3_1)
     1    0.002210    0.033898    0.369606    1.902458 ^ hold117/X (sky130_fd_sc_hd__dlygate4sd3_1)
                                                         net288 (net)
                      0.033898    0.000064    1.902522 ^ hold127/A (sky130_fd_sc_hd__dlygate4sd3_1)
     3    0.012267    0.102198    0.423028    2.325550 ^ hold127/X (sky130_fd_sc_hd__dlygate4sd3_1)
                                                         net298 (net)
                      0.102198    0.000167    2.325716 ^ fanout82/A (sky130_fd_sc_hd__dlymetal6s2s_1)
     2    0.007414    0.077055    0.101312    2.427029 ^ fanout82/X (sky130_fd_sc_hd__dlymetal6s2s_1)
                                                         net82 (net)
                      0.077055    0.000097    2.427126 ^ hold128/A (sky130_fd_sc_hd__dlygate4sd3_1)
     5    0.020081    0.158566    0.470677    2.897803 ^ hold128/X (sky130_fd_sc_hd__dlygate4sd3_1)
                                                         net299 (net)
                      0.158566    0.000588    2.898390 ^ _256_/C_N (sky130_fd_sc_hd__nor3b_2)
     7    0.026699    0.333029    0.303581    3.201972 ^ _256_/Y (sky130_fd_sc_hd__nor3b_2)
                                                         _046_ (net)
                      0.333036    0.001303    3.203274 ^ wire77/A (sky130_fd_sc_hd__buf_4)
     7    0.060324    0.130451    0.170383    3.373657 ^ wire77/X (sky130_fd_sc_hd__buf_4)
                                                         net77 (net)
                      0.133554    0.015846    3.389503 ^ _262_/A (sky130_fd_sc_hd__or3_1)
     2    0.010357    0.077324    0.119867    3.509371 ^ _262_/X (sky130_fd_sc_hd__or3_1)
                                                         _052_ (net)
                      0.077324    0.000252    3.509623 ^ fanout75/A (sky130_fd_sc_hd__buf_1)
     3    0.019274    0.171762    0.154533    3.664156 ^ fanout75/X (sky130_fd_sc_hd__buf_1)
                                                         net75 (net)
                      0.171764    0.000551    3.664707 ^ fanout72/A (sky130_fd_sc_hd__buf_1)
     4    0.016927    0.151566    0.143442    3.808150 ^ fanout72/X (sky130_fd_sc_hd__buf_1)
                                                         net72 (net)
                      0.151566    0.000188    3.808338 ^ fanout71/A (sky130_fd_sc_hd__clkbuf_2)
     6    0.023534    0.102463    0.141002    3.949340 ^ fanout71/X (sky130_fd_sc_hd__clkbuf_2)
                                                         net71 (net)
                      0.102463    0.000278    3.949619 ^ _278_/B (sky130_fd_sc_hd__and2_1)
     4    0.014710    0.113689    0.144886    4.094505 ^ _278_/X (sky130_fd_sc_hd__and2_1)
                                                         _068_ (net)
                      0.113689    0.000313    4.094818 ^ _287_/C (sky130_fd_sc_hd__and4_2)
     5    0.026049    0.112181    0.203210    4.298028 ^ _287_/X (sky130_fd_sc_hd__and4_2)
                                                         _077_ (net)
                      0.112185    0.000835    4.298863 ^ _289_/D (sky130_fd_sc_hd__and4_1)
     5    0.017361    0.131038    0.192360    4.491223 ^ _289_/X (sky130_fd_sc_hd__and4_1)
                                                         _079_ (net)
                      0.131039    0.000697    4.491921 ^ _292_/D (sky130_fd_sc_hd__and4_1)
     1    0.005680    0.054869    0.135350    4.627271 ^ _292_/X (sky130_fd_sc_hd__and4_1)
                                                         _082_ (net)
                      0.054869    0.000231    4.627502 ^ fanout58/A (sky130_fd_sc_hd__clkbuf_1)
     3    0.016202    0.145645    0.134980    4.762482 ^ fanout58/X (sky130_fd_sc_hd__clkbuf_1)
                                                         net58 (net)
                      0.145648    0.000542    4.763023 ^ _366_/B2 (sky130_fd_sc_hd__a22o_1)
     2    0.006225    0.053658    0.099783    4.862806 ^ _366_/X (sky130_fd_sc_hd__a22o_1)
                                                         _131_ (net)
                      0.053658    0.000131    4.862937 ^ _367_/B1_N (sky130_fd_sc_hd__a21boi_2)
     4    0.021606    0.200105    0.156767    5.019705 ^ _367_/Y (sky130_fd_sc_hd__a21boi_2)
                                                         u_ibex.u_ibex_core.load_store_unit_i.addr_last_d[25] (net)
                      0.200113    0.001021    5.020726 ^ _708_/A (sky130_fd_sc_hd__clkbuf_1)
     1    0.003886    0.042487    0.066613    5.087339 ^ _708_/X (sky130_fd_sc_hd__clkbuf_1)
                                                         net47 (net)
                      0.042487    0.000123    5.087462 ^ output47/A (sky130_fd_sc_hd__buf_2)
     1    0.034926    0.130534    0.142205    5.229668 ^ output47/X (sky130_fd_sc_hd__buf_2)
                                                         tl_o[86] (net)
                      0.130542    0.000840    5.230507 ^ tl_o[86] (out)
                                              5.230507   data arrival time

                                 25.000000   25.000000   clock clk_i (rise edge)
                                  0.000000   25.000000   clock network delay (propagated)
                                 -0.250000   24.750000   clock uncertainty
                                  0.000000   24.750000   clock reconvergence pessimism
                                 -5.000000   19.750000   output external delay
                                             19.750000   data required time
---------------------------------------------------------------------------------------------
                                             19.750000   data required time
                                             -5.230507   data arrival time
---------------------------------------------------------------------------------------------
                                             14.519492   slack (MET)


Startpoint: _578_ (rising edge-triggered flip-flop clocked by clk_i)
Endpoint: tl_o[80] (output port clocked by clk_i)
Path Group: clk_i
Path Type: max

Fanout         Cap        Slew       Delay        Time   Description
---------------------------------------------------------------------------------------------
                                  0.000000    0.000000   clock clk_i (rise edge)
                                  0.000000    0.000000   clock source latency
     2    0.077175    0.262105    0.196252    0.196252 ^ clk_i (in)
                                                         clk_i (net)
                      0.266425    0.000000    0.196252 ^ clkbuf_0_clk_i/A (sky130_fd_sc_hd__clkbuf_16)
     2    0.018739    0.036606    0.127371    0.323623 ^ clkbuf_0_clk_i/X (sky130_fd_sc_hd__clkbuf_16)
                                                         clknet_0_clk_i (net)
                      0.036606    0.000406    0.324030 ^ clkbuf_1_0__f_clk_i/A (sky130_fd_sc_hd__clkbuf_16)
     3    0.008468    0.023514    0.078213    0.402242 ^ clkbuf_1_0__f_clk_i/X (sky130_fd_sc_hd__clkbuf_16)
                                                         clknet_1_0__leaf_clk_i (net)
                      0.023514    0.000191    0.402433 ^ _498_/A (sky130_fd_sc_hd__and2_2)
     3    0.052614    0.202686    0.198500    0.600933 ^ _498_/X (sky130_fd_sc_hd__and2_2)
                                                         u_ibex.clk (net)
                      0.203830    0.012306    0.613239 ^ clkbuf_0_u_ibex.clk/A (sky130_fd_sc_hd__clkbuf_16)
     9    0.081193    0.077169    0.153052    0.766291 ^ clkbuf_0_u_ibex.clk/X (sky130_fd_sc_hd__clkbuf_16)
                                                         clknet_0_u_ibex.clk (net)
                      0.078340    0.007465    0.773756 ^ clkbuf_2_2__f_u_ibex.clk/A (sky130_fd_sc_hd__clkbuf_16)
    31    0.105244    0.094104    0.135620    0.909376 ^ clkbuf_2_2__f_u_ibex.clk/X (sky130_fd_sc_hd__clkbuf_16)
                                                         clknet_2_2__leaf_u_ibex.clk (net)
                      0.096859    0.012546    0.921921 ^ _578_/CLK (sky130_fd_sc_hd__dfrtp_1)
     1    0.005901    0.049644    0.230579    1.152500 ^ _578_/Q (sky130_fd_sc_hd__dfrtp_1)
                                                         u_ibex.u_ibex_core.load_store_unit_i.ls_fsm_cs[1] (net)
                      0.049644    0.000217    1.152718 ^ hold126/A (sky130_fd_sc_hd__dlygate4sd3_1)
     1    0.003623    0.043154    0.380024    1.532742 ^ hold126/X (sky130_fd_sc_hd__dlygate4sd3_1)
                                                         net297 (net)
                      0.043154    0.000109    1.532851 ^ hold117/A (sky130_fd_sc_hd__dlygate4sd3_1)
     1    0.002210    0.033898    0.369606    1.902458 ^ hold117/X (sky130_fd_sc_hd__dlygate4sd3_1)
                                                         net288 (net)
                      0.033898    0.000064    1.902522 ^ hold127/A (sky130_fd_sc_hd__dlygate4sd3_1)
     3    0.012267    0.102198    0.423028    2.325550 ^ hold127/X (sky130_fd_sc_hd__dlygate4sd3_1)
                                                         net298 (net)
                      0.102198    0.000167    2.325716 ^ fanout82/A (sky130_fd_sc_hd__dlymetal6s2s_1)
     2    0.007414    0.077055    0.101312    2.427029 ^ fanout82/X (sky130_fd_sc_hd__dlymetal6s2s_1)
                                                         net82 (net)
                      0.077055    0.000097    2.427126 ^ hold128/A (sky130_fd_sc_hd__dlygate4sd3_1)
     5    0.020081    0.158566    0.470677    2.897803 ^ hold128/X (sky130_fd_sc_hd__dlygate4sd3_1)
                                                         net299 (net)
                      0.158566    0.000588    2.898390 ^ _256_/C_N (sky130_fd_sc_hd__nor3b_2)
     7    0.026699    0.333029    0.303581    3.201972 ^ _256_/Y (sky130_fd_sc_hd__nor3b_2)
                                                         _046_ (net)
                      0.333036    0.001303    3.203274 ^ wire77/A (sky130_fd_sc_hd__buf_4)
     7    0.060324    0.130451    0.170383    3.373657 ^ wire77/X (sky130_fd_sc_hd__buf_4)
                                                         net77 (net)
                      0.133554    0.015846    3.389503 ^ _262_/A (sky130_fd_sc_hd__or3_1)
     2    0.010357    0.077324    0.119867    3.509371 ^ _262_/X (sky130_fd_sc_hd__or3_1)
                                                         _052_ (net)
                      0.077324    0.000252    3.509623 ^ fanout75/A (sky130_fd_sc_hd__buf_1)
     3    0.019274    0.171762    0.154533    3.664156 ^ fanout75/X (sky130_fd_sc_hd__buf_1)
                                                         net75 (net)
                      0.171764    0.000551    3.664707 ^ fanout72/A (sky130_fd_sc_hd__buf_1)
     4    0.016927    0.151566    0.143442    3.808150 ^ fanout72/X (sky130_fd_sc_hd__buf_1)
                                                         net72 (net)
                      0.151566    0.000188    3.808338 ^ fanout71/A (sky130_fd_sc_hd__clkbuf_2)
     6    0.023534    0.102463    0.141002    3.949340 ^ fanout71/X (sky130_fd_sc_hd__clkbuf_2)
                                                         net71 (net)
                      0.102463    0.000278    3.949619 ^ _278_/B (sky130_fd_sc_hd__and2_1)
     4    0.014710    0.113689    0.144886    4.094505 ^ _278_/X (sky130_fd_sc_hd__and2_1)
                                                         _068_ (net)
                      0.113689    0.000313    4.094818 ^ _287_/C (sky130_fd_sc_hd__and4_2)
     5    0.026049    0.112181    0.203210    4.298028 ^ _287_/X (sky130_fd_sc_hd__and4_2)
                                                         _077_ (net)
                      0.112185    0.000835    4.298863 ^ _289_/D (sky130_fd_sc_hd__and4_1)
     5    0.017361    0.131038    0.192360    4.491223 ^ _289_/X (sky130_fd_sc_hd__and4_1)
                                                         _079_ (net)
                      0.131038    0.000342    4.491566 ^ _327_/A_N (sky130_fd_sc_hd__and2b_1)
     1    0.006226    0.034509    0.128888    4.620454 v _327_/X (sky130_fd_sc_hd__and2b_1)
                                                         _105_ (net)
                      0.034510    0.000206    4.620659 v _328_/B (sky130_fd_sc_hd__nor2_2)
     3    0.023645    0.194377    0.159121    4.779781 ^ _328_/Y (sky130_fd_sc_hd__nor2_2)
                                                         u_ibex.u_ibex_core.load_store_unit_i.addr_last_d[19] (net)
                      0.194382    0.000854    4.780634 ^ _702_/A (sky130_fd_sc_hd__buf_8)
     3    0.180665    0.205672    0.167227    4.947861 ^ _702_/X (sky130_fd_sc_hd__buf_8)
                                                         net41 (net)
                      0.289371    0.102245    5.050107 ^ output41/A (sky130_fd_sc_hd__buf_2)
     1    0.034167    0.128632    0.176253    5.226360 ^ output41/X (sky130_fd_sc_hd__buf_2)
                                                         tl_o[80] (net)
                      0.128633    0.000663    5.227024 ^ tl_o[80] (out)
                                              5.227024   data arrival time

                                 25.000000   25.000000   clock clk_i (rise edge)
                                  0.000000   25.000000   clock network delay (propagated)
                                 -0.250000   24.750000   clock uncertainty
                                  0.000000   24.750000   clock reconvergence pessimism
                                 -5.000000   19.750000   output external delay
                                             19.750000   data required time
---------------------------------------------------------------------------------------------
                                             19.750000   data required time
                                             -5.227024   data arrival time
---------------------------------------------------------------------------------------------
                                             14.522976   slack (MET)


Startpoint: _578_ (rising edge-triggered flip-flop clocked by clk_i)
Endpoint: tl_o[76] (output port clocked by clk_i)
Path Group: clk_i
Path Type: max

Fanout         Cap        Slew       Delay        Time   Description
---------------------------------------------------------------------------------------------
                                  0.000000    0.000000   clock clk_i (rise edge)
                                  0.000000    0.000000   clock source latency
     2    0.077175    0.262105    0.196252    0.196252 ^ clk_i (in)
                                                         clk_i (net)
                      0.266425    0.000000    0.196252 ^ clkbuf_0_clk_i/A (sky130_fd_sc_hd__clkbuf_16)
     2    0.018739    0.036606    0.127371    0.323623 ^ clkbuf_0_clk_i/X (sky130_fd_sc_hd__clkbuf_16)
                                                         clknet_0_clk_i (net)
                      0.036606    0.000406    0.324030 ^ clkbuf_1_0__f_clk_i/A (sky130_fd_sc_hd__clkbuf_16)
     3    0.008468    0.023514    0.078213    0.402242 ^ clkbuf_1_0__f_clk_i/X (sky130_fd_sc_hd__clkbuf_16)
                                                         clknet_1_0__leaf_clk_i (net)
                      0.023514    0.000191    0.402433 ^ _498_/A (sky130_fd_sc_hd__and2_2)
     3    0.052614    0.202686    0.198500    0.600933 ^ _498_/X (sky130_fd_sc_hd__and2_2)
                                                         u_ibex.clk (net)
                      0.203830    0.012306    0.613239 ^ clkbuf_0_u_ibex.clk/A (sky130_fd_sc_hd__clkbuf_16)
     9    0.081193    0.077169    0.153052    0.766291 ^ clkbuf_0_u_ibex.clk/X (sky130_fd_sc_hd__clkbuf_16)
                                                         clknet_0_u_ibex.clk (net)
                      0.078340    0.007465    0.773756 ^ clkbuf_2_2__f_u_ibex.clk/A (sky130_fd_sc_hd__clkbuf_16)
    31    0.105244    0.094104    0.135620    0.909376 ^ clkbuf_2_2__f_u_ibex.clk/X (sky130_fd_sc_hd__clkbuf_16)
                                                         clknet_2_2__leaf_u_ibex.clk (net)
                      0.096859    0.012546    0.921921 ^ _578_/CLK (sky130_fd_sc_hd__dfrtp_1)
     1    0.005901    0.049644    0.230579    1.152500 ^ _578_/Q (sky130_fd_sc_hd__dfrtp_1)
                                                         u_ibex.u_ibex_core.load_store_unit_i.ls_fsm_cs[1] (net)
                      0.049644    0.000217    1.152718 ^ hold126/A (sky130_fd_sc_hd__dlygate4sd3_1)
     1    0.003623    0.043154    0.380024    1.532742 ^ hold126/X (sky130_fd_sc_hd__dlygate4sd3_1)
                                                         net297 (net)
                      0.043154    0.000109    1.532851 ^ hold117/A (sky130_fd_sc_hd__dlygate4sd3_1)
     1    0.002210    0.033898    0.369606    1.902458 ^ hold117/X (sky130_fd_sc_hd__dlygate4sd3_1)
                                                         net288 (net)
                      0.033898    0.000064    1.902522 ^ hold127/A (sky130_fd_sc_hd__dlygate4sd3_1)
     3    0.012267    0.102198    0.423028    2.325550 ^ hold127/X (sky130_fd_sc_hd__dlygate4sd3_1)
                                                         net298 (net)
                      0.102198    0.000167    2.325716 ^ fanout82/A (sky130_fd_sc_hd__dlymetal6s2s_1)
     2    0.007414    0.077055    0.101312    2.427029 ^ fanout82/X (sky130_fd_sc_hd__dlymetal6s2s_1)
                                                         net82 (net)
                      0.077055    0.000097    2.427126 ^ hold128/A (sky130_fd_sc_hd__dlygate4sd3_1)
     5    0.020081    0.158566    0.470677    2.897803 ^ hold128/X (sky130_fd_sc_hd__dlygate4sd3_1)
                                                         net299 (net)
                      0.158566    0.000588    2.898390 ^ _256_/C_N (sky130_fd_sc_hd__nor3b_2)
     7    0.026699    0.333029    0.303581    3.201972 ^ _256_/Y (sky130_fd_sc_hd__nor3b_2)
                                                         _046_ (net)
                      0.333036    0.001303    3.203274 ^ wire77/A (sky130_fd_sc_hd__buf_4)
     7    0.060324    0.130451    0.170383    3.373657 ^ wire77/X (sky130_fd_sc_hd__buf_4)
                                                         net77 (net)
                      0.133554    0.015846    3.389503 ^ _262_/A (sky130_fd_sc_hd__or3_1)
     2    0.010357    0.077324    0.119867    3.509371 ^ _262_/X (sky130_fd_sc_hd__or3_1)
                                                         _052_ (net)
                      0.077324    0.000252    3.509623 ^ fanout75/A (sky130_fd_sc_hd__buf_1)
     3    0.019274    0.171762    0.154533    3.664156 ^ fanout75/X (sky130_fd_sc_hd__buf_1)
                                                         net75 (net)
                      0.171764    0.000551    3.664707 ^ fanout72/A (sky130_fd_sc_hd__buf_1)
     4    0.016927    0.151566    0.143442    3.808150 ^ fanout72/X (sky130_fd_sc_hd__buf_1)
                                                         net72 (net)
                      0.151566    0.000188    3.808338 ^ fanout71/A (sky130_fd_sc_hd__clkbuf_2)
     6    0.023534    0.102463    0.141002    3.949340 ^ fanout71/X (sky130_fd_sc_hd__clkbuf_2)
                                                         net71 (net)
                      0.102463    0.000278    3.949619 ^ _278_/B (sky130_fd_sc_hd__and2_1)
     4    0.014710    0.113689    0.144886    4.094505 ^ _278_/X (sky130_fd_sc_hd__and2_1)
                                                         _068_ (net)
                      0.113689    0.000299    4.094804 ^ _286_/B (sky130_fd_sc_hd__and3_2)
     5    0.020679    0.087808    0.165569    4.260374 ^ _286_/X (sky130_fd_sc_hd__and3_2)
                                                         _076_ (net)
                      0.087814    0.000819    4.261192 ^ _320_/C (sky130_fd_sc_hd__nand3_2)
     3    0.012909    0.070037    0.068009    4.329202 v _320_/Y (sky130_fd_sc_hd__nand3_2)
                                                         _101_ (net)
                      0.070039    0.000265    4.329467 v _322_/B2 (sky130_fd_sc_hd__o2bb2a_1)
     1    0.005346    0.046485    0.186761    4.516228 v _322_/X (sky130_fd_sc_hd__o2bb2a_1)
                                                         _102_ (net)
                      0.046485    0.000172    4.516400 v _323_/B (sky130_fd_sc_hd__nor2_2)
     4    0.027190    0.220323    0.182004    4.698404 ^ _323_/Y (sky130_fd_sc_hd__nor2_2)
                                                         u_ibex.u_ibex_core.load_store_unit_i.addr_last_d[15] (net)
                      0.220327    0.000806    4.699211 ^ _698_/A (sky130_fd_sc_hd__buf_8)
     3    0.129443    0.142095    0.139376    4.838586 ^ _698_/X (sky130_fd_sc_hd__buf_8)
                                                         net37 (net)
                      0.218142    0.081217    4.919803 ^ output37/A (sky130_fd_sc_hd__buf_2)
     1    0.034495    0.129418    0.170186    5.089989 ^ output37/X (sky130_fd_sc_hd__buf_2)
                                                         tl_o[76] (net)
                      0.129420    0.000796    5.090786 ^ tl_o[76] (out)
                                              5.090786   data arrival time

                                 25.000000   25.000000   clock clk_i (rise edge)
                                  0.000000   25.000000   clock network delay (propagated)
                                 -0.250000   24.750000   clock uncertainty
                                  0.000000   24.750000   clock reconvergence pessimism
                                 -5.000000   19.750000   output external delay
                                             19.750000   data required time
---------------------------------------------------------------------------------------------
                                             19.750000   data required time
                                             -5.090786   data arrival time
---------------------------------------------------------------------------------------------
                                             14.659215   slack (MET)


Startpoint: _578_ (rising edge-triggered flip-flop clocked by clk_i)
Endpoint: tl_o[81] (output port clocked by clk_i)
Path Group: clk_i
Path Type: max

Fanout         Cap        Slew       Delay        Time   Description
---------------------------------------------------------------------------------------------
                                  0.000000    0.000000   clock clk_i (rise edge)
                                  0.000000    0.000000   clock source latency
     2    0.077175    0.262105    0.196252    0.196252 ^ clk_i (in)
                                                         clk_i (net)
                      0.266425    0.000000    0.196252 ^ clkbuf_0_clk_i/A (sky130_fd_sc_hd__clkbuf_16)
     2    0.018739    0.036606    0.127371    0.323623 ^ clkbuf_0_clk_i/X (sky130_fd_sc_hd__clkbuf_16)
                                                         clknet_0_clk_i (net)
                      0.036606    0.000406    0.324030 ^ clkbuf_1_0__f_clk_i/A (sky130_fd_sc_hd__clkbuf_16)
     3    0.008468    0.023514    0.078213    0.402242 ^ clkbuf_1_0__f_clk_i/X (sky130_fd_sc_hd__clkbuf_16)
                                                         clknet_1_0__leaf_clk_i (net)
                      0.023514    0.000191    0.402433 ^ _498_/A (sky130_fd_sc_hd__and2_2)
     3    0.052614    0.202686    0.198500    0.600933 ^ _498_/X (sky130_fd_sc_hd__and2_2)
                                                         u_ibex.clk (net)
                      0.203830    0.012306    0.613239 ^ clkbuf_0_u_ibex.clk/A (sky130_fd_sc_hd__clkbuf_16)
     9    0.081193    0.077169    0.153052    0.766291 ^ clkbuf_0_u_ibex.clk/X (sky130_fd_sc_hd__clkbuf_16)
                                                         clknet_0_u_ibex.clk (net)
                      0.078340    0.007465    0.773756 ^ clkbuf_2_2__f_u_ibex.clk/A (sky130_fd_sc_hd__clkbuf_16)
    31    0.105244    0.094104    0.135620    0.909376 ^ clkbuf_2_2__f_u_ibex.clk/X (sky130_fd_sc_hd__clkbuf_16)
                                                         clknet_2_2__leaf_u_ibex.clk (net)
                      0.096859    0.012546    0.921921 ^ _578_/CLK (sky130_fd_sc_hd__dfrtp_1)
     1    0.005901    0.049644    0.230579    1.152500 ^ _578_/Q (sky130_fd_sc_hd__dfrtp_1)
                                                         u_ibex.u_ibex_core.load_store_unit_i.ls_fsm_cs[1] (net)
                      0.049644    0.000217    1.152718 ^ hold126/A (sky130_fd_sc_hd__dlygate4sd3_1)
     1    0.003623    0.043154    0.380024    1.532742 ^ hold126/X (sky130_fd_sc_hd__dlygate4sd3_1)
                                                         net297 (net)
                      0.043154    0.000109    1.532851 ^ hold117/A (sky130_fd_sc_hd__dlygate4sd3_1)
     1    0.002210    0.033898    0.369606    1.902458 ^ hold117/X (sky130_fd_sc_hd__dlygate4sd3_1)
                                                         net288 (net)
                      0.033898    0.000064    1.902522 ^ hold127/A (sky130_fd_sc_hd__dlygate4sd3_1)
     3    0.012267    0.102198    0.423028    2.325550 ^ hold127/X (sky130_fd_sc_hd__dlygate4sd3_1)
                                                         net298 (net)
                      0.102198    0.000167    2.325716 ^ fanout82/A (sky130_fd_sc_hd__dlymetal6s2s_1)
     2    0.007414    0.077055    0.101312    2.427029 ^ fanout82/X (sky130_fd_sc_hd__dlymetal6s2s_1)
                                                         net82 (net)
                      0.077055    0.000097    2.427126 ^ hold128/A (sky130_fd_sc_hd__dlygate4sd3_1)
     5    0.020081    0.158566    0.470677    2.897803 ^ hold128/X (sky130_fd_sc_hd__dlygate4sd3_1)
                                                         net299 (net)
                      0.158566    0.000588    2.898390 ^ _256_/C_N (sky130_fd_sc_hd__nor3b_2)
     7    0.026699    0.333029    0.303581    3.201972 ^ _256_/Y (sky130_fd_sc_hd__nor3b_2)
                                                         _046_ (net)
                      0.333036    0.001303    3.203274 ^ wire77/A (sky130_fd_sc_hd__buf_4)
     7    0.060324    0.130451    0.170383    3.373657 ^ wire77/X (sky130_fd_sc_hd__buf_4)
                                                         net77 (net)
                      0.133554    0.015846    3.389503 ^ _262_/A (sky130_fd_sc_hd__or3_1)
     2    0.010357    0.077324    0.119867    3.509371 ^ _262_/X (sky130_fd_sc_hd__or3_1)
                                                         _052_ (net)
                      0.077324    0.000252    3.509623 ^ fanout75/A (sky130_fd_sc_hd__buf_1)
     3    0.019274    0.171762    0.154533    3.664156 ^ fanout75/X (sky130_fd_sc_hd__buf_1)
                                                         net75 (net)
                      0.171764    0.000551    3.664707 ^ fanout72/A (sky130_fd_sc_hd__buf_1)
     4    0.016927    0.151566    0.143442    3.808150 ^ fanout72/X (sky130_fd_sc_hd__buf_1)
                                                         net72 (net)
                      0.151566    0.000188    3.808338 ^ fanout71/A (sky130_fd_sc_hd__clkbuf_2)
     6    0.023534    0.102463    0.141002    3.949340 ^ fanout71/X (sky130_fd_sc_hd__clkbuf_2)
                                                         net71 (net)
                      0.102463    0.000278    3.949619 ^ _278_/B (sky130_fd_sc_hd__and2_1)
     4    0.014710    0.113689    0.144886    4.094505 ^ _278_/X (sky130_fd_sc_hd__and2_1)
                                                         _068_ (net)
                      0.113689    0.000313    4.094818 ^ _287_/C (sky130_fd_sc_hd__and4_2)
     5    0.026049    0.112181    0.203210    4.298028 ^ _287_/X (sky130_fd_sc_hd__and4_2)
                                                         _077_ (net)
                      0.112185    0.000835    4.298863 ^ _289_/D (sky130_fd_sc_hd__and4_1)
     5    0.017361    0.131038    0.192360    4.491223 ^ _289_/X (sky130_fd_sc_hd__and4_1)
                                                         _079_ (net)
                      0.131038    0.000539    4.491763 ^ _290_/B (sky130_fd_sc_hd__and2_1)
     3    0.013455    0.105025    0.142922    4.634684 ^ _290_/X (sky130_fd_sc_hd__and2_1)
                                                         _080_ (net)
                      0.105025    0.000306    4.634990 ^ _344_/S (sky130_fd_sc_hd__mux2_2)
     4    0.018723    0.064449    0.242633    4.877624 v _344_/X (sky130_fd_sc_hd__mux2_2)
                                                         u_ibex.u_ibex_core.load_store_unit_i.addr_last_d[20] (net)
                      0.064456    0.000691    4.878315 v _703_/A (sky130_fd_sc_hd__clkbuf_1)
     1    0.008670    0.039807    0.088126    4.966441 v _703_/X (sky130_fd_sc_hd__clkbuf_1)
                                                         net42 (net)
                      0.039813    0.000468    4.966908 v output42/A (sky130_fd_sc_hd__buf_2)
     1    0.034404    0.063014    0.121252    5.088160 v output42/X (sky130_fd_sc_hd__buf_2)
                                                         tl_o[81] (net)
                      0.063024    0.000747    5.088908 v tl_o[81] (out)
                                              5.088908   data arrival time

                                 25.000000   25.000000   clock clk_i (rise edge)
                                  0.000000   25.000000   clock network delay (propagated)
                                 -0.250000   24.750000   clock uncertainty
                                  0.000000   24.750000   clock reconvergence pessimism
                                 -5.000000   19.750000   output external delay
                                             19.750000   data required time
---------------------------------------------------------------------------------------------
                                             19.750000   data required time
                                             -5.088908   data arrival time
---------------------------------------------------------------------------------------------
                                             14.661093   slack (MET)


Startpoint: _578_ (rising edge-triggered flip-flop clocked by clk_i)
Endpoint: tl_o[84] (output port clocked by clk_i)
Path Group: clk_i
Path Type: max

Fanout         Cap        Slew       Delay        Time   Description
---------------------------------------------------------------------------------------------
                                  0.000000    0.000000   clock clk_i (rise edge)
                                  0.000000    0.000000   clock source latency
     2    0.077175    0.262105    0.196252    0.196252 ^ clk_i (in)
                                                         clk_i (net)
                      0.266425    0.000000    0.196252 ^ clkbuf_0_clk_i/A (sky130_fd_sc_hd__clkbuf_16)
     2    0.018739    0.036606    0.127371    0.323623 ^ clkbuf_0_clk_i/X (sky130_fd_sc_hd__clkbuf_16)
                                                         clknet_0_clk_i (net)
                      0.036606    0.000406    0.324030 ^ clkbuf_1_0__f_clk_i/A (sky130_fd_sc_hd__clkbuf_16)
     3    0.008468    0.023514    0.078213    0.402242 ^ clkbuf_1_0__f_clk_i/X (sky130_fd_sc_hd__clkbuf_16)
                                                         clknet_1_0__leaf_clk_i (net)
                      0.023514    0.000191    0.402433 ^ _498_/A (sky130_fd_sc_hd__and2_2)
     3    0.052614    0.202686    0.198500    0.600933 ^ _498_/X (sky130_fd_sc_hd__and2_2)
                                                         u_ibex.clk (net)
                      0.203830    0.012306    0.613239 ^ clkbuf_0_u_ibex.clk/A (sky130_fd_sc_hd__clkbuf_16)
     9    0.081193    0.077169    0.153052    0.766291 ^ clkbuf_0_u_ibex.clk/X (sky130_fd_sc_hd__clkbuf_16)
                                                         clknet_0_u_ibex.clk (net)
                      0.078340    0.007465    0.773756 ^ clkbuf_2_2__f_u_ibex.clk/A (sky130_fd_sc_hd__clkbuf_16)
    31    0.105244    0.094104    0.135620    0.909376 ^ clkbuf_2_2__f_u_ibex.clk/X (sky130_fd_sc_hd__clkbuf_16)
                                                         clknet_2_2__leaf_u_ibex.clk (net)
                      0.096859    0.012546    0.921921 ^ _578_/CLK (sky130_fd_sc_hd__dfrtp_1)
     1    0.005901    0.049644    0.230579    1.152500 ^ _578_/Q (sky130_fd_sc_hd__dfrtp_1)
                                                         u_ibex.u_ibex_core.load_store_unit_i.ls_fsm_cs[1] (net)
                      0.049644    0.000217    1.152718 ^ hold126/A (sky130_fd_sc_hd__dlygate4sd3_1)
     1    0.003623    0.043154    0.380024    1.532742 ^ hold126/X (sky130_fd_sc_hd__dlygate4sd3_1)
                                                         net297 (net)
                      0.043154    0.000109    1.532851 ^ hold117/A (sky130_fd_sc_hd__dlygate4sd3_1)
     1    0.002210    0.033898    0.369606    1.902458 ^ hold117/X (sky130_fd_sc_hd__dlygate4sd3_1)
                                                         net288 (net)
                      0.033898    0.000064    1.902522 ^ hold127/A (sky130_fd_sc_hd__dlygate4sd3_1)
     3    0.012267    0.102198    0.423028    2.325550 ^ hold127/X (sky130_fd_sc_hd__dlygate4sd3_1)
                                                         net298 (net)
                      0.102198    0.000167    2.325716 ^ fanout82/A (sky130_fd_sc_hd__dlymetal6s2s_1)
     2    0.007414    0.077055    0.101312    2.427029 ^ fanout82/X (sky130_fd_sc_hd__dlymetal6s2s_1)
                                                         net82 (net)
                      0.077055    0.000097    2.427126 ^ hold128/A (sky130_fd_sc_hd__dlygate4sd3_1)
     5    0.020081    0.158566    0.470677    2.897803 ^ hold128/X (sky130_fd_sc_hd__dlygate4sd3_1)
                                                         net299 (net)
                      0.158566    0.000588    2.898390 ^ _256_/C_N (sky130_fd_sc_hd__nor3b_2)
     7    0.026699    0.333029    0.303581    3.201972 ^ _256_/Y (sky130_fd_sc_hd__nor3b_2)
                                                         _046_ (net)
                      0.333036    0.001303    3.203274 ^ wire77/A (sky130_fd_sc_hd__buf_4)
     7    0.060324    0.130451    0.170383    3.373657 ^ wire77/X (sky130_fd_sc_hd__buf_4)
                                                         net77 (net)
                      0.133554    0.015846    3.389503 ^ _262_/A (sky130_fd_sc_hd__or3_1)
     2    0.010357    0.077324    0.119867    3.509371 ^ _262_/X (sky130_fd_sc_hd__or3_1)
                                                         _052_ (net)
                      0.077324    0.000252    3.509623 ^ fanout75/A (sky130_fd_sc_hd__buf_1)
     3    0.019274    0.171762    0.154533    3.664156 ^ fanout75/X (sky130_fd_sc_hd__buf_1)
                                                         net75 (net)
                      0.171764    0.000551    3.664707 ^ fanout72/A (sky130_fd_sc_hd__buf_1)
     4    0.016927    0.151566    0.143442    3.808150 ^ fanout72/X (sky130_fd_sc_hd__buf_1)
                                                         net72 (net)
                      0.151566    0.000188    3.808338 ^ fanout71/A (sky130_fd_sc_hd__clkbuf_2)
     6    0.023534    0.102463    0.141002    3.949340 ^ fanout71/X (sky130_fd_sc_hd__clkbuf_2)
                                                         net71 (net)
                      0.102463    0.000278    3.949619 ^ _278_/B (sky130_fd_sc_hd__and2_1)
     4    0.014710    0.113689    0.144886    4.094505 ^ _278_/X (sky130_fd_sc_hd__and2_1)
                                                         _068_ (net)
                      0.113689    0.000313    4.094818 ^ _287_/C (sky130_fd_sc_hd__and4_2)
     5    0.026049    0.112181    0.203210    4.298028 ^ _287_/X (sky130_fd_sc_hd__and4_2)
                                                         _077_ (net)
                      0.112185    0.000835    4.298863 ^ _289_/D (sky130_fd_sc_hd__and4_1)
     5    0.017361    0.131038    0.192360    4.491223 ^ _289_/X (sky130_fd_sc_hd__and4_1)
                                                         _079_ (net)
                      0.131039    0.000683    4.491907 ^ _291_/C (sky130_fd_sc_hd__and3_1)
     3    0.010740    0.087716    0.145517    4.637424 ^ _291_/X (sky130_fd_sc_hd__and3_1)
                                                         _081_ (net)
                      0.087716    0.000301    4.637724 ^ _312_/B (sky130_fd_sc_hd__nand2_1)
     2    0.008071    0.046875    0.056097    4.693821 v _312_/Y (sky130_fd_sc_hd__nand2_1)
                                                         _096_ (net)
                      0.046876    0.000230    4.694052 v _313_/A2 (sky130_fd_sc_hd__a21oi_2)
     3    0.018761    0.179678    0.176259    4.870311 ^ _313_/Y (sky130_fd_sc_hd__a21oi_2)
                                                         u_ibex.u_ibex_core.load_store_unit_i.addr_last_d[23] (net)
                      0.179687    0.001066    4.871377 ^ _706_/A (sky130_fd_sc_hd__clkbuf_1)
     1    0.003214    0.037049    0.062772    4.934150 ^ _706_/X (sky130_fd_sc_hd__clkbuf_1)
                                                         net45 (net)
                      0.037049    0.000100    4.934250 ^ output45/A (sky130_fd_sc_hd__buf_2)
     1    0.034406    0.128691    0.139337    5.073587 ^ output45/X (sky130_fd_sc_hd__buf_2)
                                                         tl_o[84] (net)
                      0.128697    0.000748    5.074336 ^ tl_o[84] (out)
                                              5.074336   data arrival time

                                 25.000000   25.000000   clock clk_i (rise edge)
                                  0.000000   25.000000   clock network delay (propagated)
                                 -0.250000   24.750000   clock uncertainty
                                  0.000000   24.750000   clock reconvergence pessimism
                                 -5.000000   19.750000   output external delay
                                             19.750000   data required time
---------------------------------------------------------------------------------------------
                                             19.750000   data required time
                                             -5.074336   data arrival time
---------------------------------------------------------------------------------------------
                                             14.675664   slack (MET)


Startpoint: _578_ (rising edge-triggered flip-flop clocked by clk_i)
Endpoint: tl_o[79] (output port clocked by clk_i)
Path Group: clk_i
Path Type: max

Fanout         Cap        Slew       Delay        Time   Description
---------------------------------------------------------------------------------------------
                                  0.000000    0.000000   clock clk_i (rise edge)
                                  0.000000    0.000000   clock source latency
     2    0.077175    0.262105    0.196252    0.196252 ^ clk_i (in)
                                                         clk_i (net)
                      0.266425    0.000000    0.196252 ^ clkbuf_0_clk_i/A (sky130_fd_sc_hd__clkbuf_16)
     2    0.018739    0.036606    0.127371    0.323623 ^ clkbuf_0_clk_i/X (sky130_fd_sc_hd__clkbuf_16)
                                                         clknet_0_clk_i (net)
                      0.036606    0.000406    0.324030 ^ clkbuf_1_0__f_clk_i/A (sky130_fd_sc_hd__clkbuf_16)
     3    0.008468    0.023514    0.078213    0.402242 ^ clkbuf_1_0__f_clk_i/X (sky130_fd_sc_hd__clkbuf_16)
                                                         clknet_1_0__leaf_clk_i (net)
                      0.023514    0.000191    0.402433 ^ _498_/A (sky130_fd_sc_hd__and2_2)
     3    0.052614    0.202686    0.198500    0.600933 ^ _498_/X (sky130_fd_sc_hd__and2_2)
                                                         u_ibex.clk (net)
                      0.203830    0.012306    0.613239 ^ clkbuf_0_u_ibex.clk/A (sky130_fd_sc_hd__clkbuf_16)
     9    0.081193    0.077169    0.153052    0.766291 ^ clkbuf_0_u_ibex.clk/X (sky130_fd_sc_hd__clkbuf_16)
                                                         clknet_0_u_ibex.clk (net)
                      0.078340    0.007465    0.773756 ^ clkbuf_2_2__f_u_ibex.clk/A (sky130_fd_sc_hd__clkbuf_16)
    31    0.105244    0.094104    0.135620    0.909376 ^ clkbuf_2_2__f_u_ibex.clk/X (sky130_fd_sc_hd__clkbuf_16)
                                                         clknet_2_2__leaf_u_ibex.clk (net)
                      0.096859    0.012546    0.921921 ^ _578_/CLK (sky130_fd_sc_hd__dfrtp_1)
     1    0.005901    0.049644    0.230579    1.152500 ^ _578_/Q (sky130_fd_sc_hd__dfrtp_1)
                                                         u_ibex.u_ibex_core.load_store_unit_i.ls_fsm_cs[1] (net)
                      0.049644    0.000217    1.152718 ^ hold126/A (sky130_fd_sc_hd__dlygate4sd3_1)
     1    0.003623    0.043154    0.380024    1.532742 ^ hold126/X (sky130_fd_sc_hd__dlygate4sd3_1)
                                                         net297 (net)
                      0.043154    0.000109    1.532851 ^ hold117/A (sky130_fd_sc_hd__dlygate4sd3_1)
     1    0.002210    0.033898    0.369606    1.902458 ^ hold117/X (sky130_fd_sc_hd__dlygate4sd3_1)
                                                         net288 (net)
                      0.033898    0.000064    1.902522 ^ hold127/A (sky130_fd_sc_hd__dlygate4sd3_1)
     3    0.012267    0.102198    0.423028    2.325550 ^ hold127/X (sky130_fd_sc_hd__dlygate4sd3_1)
                                                         net298 (net)
                      0.102198    0.000167    2.325716 ^ fanout82/A (sky130_fd_sc_hd__dlymetal6s2s_1)
     2    0.007414    0.077055    0.101312    2.427029 ^ fanout82/X (sky130_fd_sc_hd__dlymetal6s2s_1)
                                                         net82 (net)
                      0.077055    0.000097    2.427126 ^ hold128/A (sky130_fd_sc_hd__dlygate4sd3_1)
     5    0.020081    0.158566    0.470677    2.897803 ^ hold128/X (sky130_fd_sc_hd__dlygate4sd3_1)
                                                         net299 (net)
                      0.158566    0.000588    2.898390 ^ _256_/C_N (sky130_fd_sc_hd__nor3b_2)
     7    0.026699    0.333029    0.303581    3.201972 ^ _256_/Y (sky130_fd_sc_hd__nor3b_2)
                                                         _046_ (net)
                      0.333036    0.001303    3.203274 ^ wire77/A (sky130_fd_sc_hd__buf_4)
     7    0.060324    0.130451    0.170383    3.373657 ^ wire77/X (sky130_fd_sc_hd__buf_4)
                                                         net77 (net)
                      0.133554    0.015846    3.389503 ^ _262_/A (sky130_fd_sc_hd__or3_1)
     2    0.010357    0.077324    0.119867    3.509371 ^ _262_/X (sky130_fd_sc_hd__or3_1)
                                                         _052_ (net)
                      0.077324    0.000252    3.509623 ^ fanout75/A (sky130_fd_sc_hd__buf_1)
     3    0.019274    0.171762    0.154533    3.664156 ^ fanout75/X (sky130_fd_sc_hd__buf_1)
                                                         net75 (net)
                      0.171764    0.000551    3.664707 ^ fanout72/A (sky130_fd_sc_hd__buf_1)
     4    0.016927    0.151566    0.143442    3.808150 ^ fanout72/X (sky130_fd_sc_hd__buf_1)
                                                         net72 (net)
                      0.151566    0.000188    3.808338 ^ fanout71/A (sky130_fd_sc_hd__clkbuf_2)
     6    0.023534    0.102463    0.141002    3.949340 ^ fanout71/X (sky130_fd_sc_hd__clkbuf_2)
                                                         net71 (net)
                      0.102463    0.000278    3.949619 ^ _278_/B (sky130_fd_sc_hd__and2_1)
     4    0.014710    0.113689    0.144886    4.094505 ^ _278_/X (sky130_fd_sc_hd__and2_1)
                                                         _068_ (net)
                      0.113689    0.000313    4.094818 ^ _287_/C (sky130_fd_sc_hd__and4_2)
     5    0.026049    0.112181    0.203210    4.298028 ^ _287_/X (sky130_fd_sc_hd__and4_2)
                                                         _077_ (net)
                      0.112185    0.000839    4.298867 ^ _288_/C (sky130_fd_sc_hd__and3_1)
     2    0.008240    0.070987    0.130195    4.429062 ^ _288_/X (sky130_fd_sc_hd__and3_1)
                                                         _078_ (net)
                      0.070987    0.000162    4.429224 ^ _347_/B (sky130_fd_sc_hd__nor2_1)
     2    0.010321    0.041829    0.048255    4.477479 v _347_/Y (sky130_fd_sc_hd__nor2_1)
                                                         _116_ (net)
                      0.041832    0.000288    4.477767 v _348_/B (sky130_fd_sc_hd__nor2_2)
     3    0.023901    0.196304    0.163032    4.640799 ^ _348_/Y (sky130_fd_sc_hd__nor2_2)
                                                         u_ibex.u_ibex_core.load_store_unit_i.addr_last_d[18] (net)
                      0.196309    0.000873    4.641671 ^ _701_/A (sky130_fd_sc_hd__buf_8)
     3    0.157900    0.185885    0.163686    4.805357 ^ _701_/X (sky130_fd_sc_hd__buf_8)
                                                         net40 (net)
                      0.237014    0.074453    4.879810 ^ output40/A (sky130_fd_sc_hd__buf_2)
     1    0.034083    0.128058    0.171229    5.051039 ^ output40/X (sky130_fd_sc_hd__buf_2)
                                                         tl_o[79] (net)
                      0.128059    0.000641    5.051680 ^ tl_o[79] (out)
                                              5.051680   data arrival time

                                 25.000000   25.000000   clock clk_i (rise edge)
                                  0.000000   25.000000   clock network delay (propagated)
                                 -0.250000   24.750000   clock uncertainty
                                  0.000000   24.750000   clock reconvergence pessimism
                                 -5.000000   19.750000   output external delay
                                             19.750000   data required time
---------------------------------------------------------------------------------------------
                                             19.750000   data required time
                                             -5.051680   data arrival time
---------------------------------------------------------------------------------------------
                                             14.698319   slack (MET)


Startpoint: _578_ (rising edge-triggered flip-flop clocked by clk_i)
Endpoint: tl_o[78] (output port clocked by clk_i)
Path Group: clk_i
Path Type: max

Fanout         Cap        Slew       Delay        Time   Description
---------------------------------------------------------------------------------------------
                                  0.000000    0.000000   clock clk_i (rise edge)
                                  0.000000    0.000000   clock source latency
     2    0.077175    0.262105    0.196252    0.196252 ^ clk_i (in)
                                                         clk_i (net)
                      0.266425    0.000000    0.196252 ^ clkbuf_0_clk_i/A (sky130_fd_sc_hd__clkbuf_16)
     2    0.018739    0.036606    0.127371    0.323623 ^ clkbuf_0_clk_i/X (sky130_fd_sc_hd__clkbuf_16)
                                                         clknet_0_clk_i (net)
                      0.036606    0.000406    0.324030 ^ clkbuf_1_0__f_clk_i/A (sky130_fd_sc_hd__clkbuf_16)
     3    0.008468    0.023514    0.078213    0.402242 ^ clkbuf_1_0__f_clk_i/X (sky130_fd_sc_hd__clkbuf_16)
                                                         clknet_1_0__leaf_clk_i (net)
                      0.023514    0.000191    0.402433 ^ _498_/A (sky130_fd_sc_hd__and2_2)
     3    0.052614    0.202686    0.198500    0.600933 ^ _498_/X (sky130_fd_sc_hd__and2_2)
                                                         u_ibex.clk (net)
                      0.203830    0.012306    0.613239 ^ clkbuf_0_u_ibex.clk/A (sky130_fd_sc_hd__clkbuf_16)
     9    0.081193    0.077169    0.153052    0.766291 ^ clkbuf_0_u_ibex.clk/X (sky130_fd_sc_hd__clkbuf_16)
                                                         clknet_0_u_ibex.clk (net)
                      0.078340    0.007465    0.773756 ^ clkbuf_2_2__f_u_ibex.clk/A (sky130_fd_sc_hd__clkbuf_16)
    31    0.105244    0.094104    0.135620    0.909376 ^ clkbuf_2_2__f_u_ibex.clk/X (sky130_fd_sc_hd__clkbuf_16)
                                                         clknet_2_2__leaf_u_ibex.clk (net)
                      0.096859    0.012546    0.921921 ^ _578_/CLK (sky130_fd_sc_hd__dfrtp_1)
     1    0.005901    0.049644    0.230579    1.152500 ^ _578_/Q (sky130_fd_sc_hd__dfrtp_1)
                                                         u_ibex.u_ibex_core.load_store_unit_i.ls_fsm_cs[1] (net)
                      0.049644    0.000217    1.152718 ^ hold126/A (sky130_fd_sc_hd__dlygate4sd3_1)
     1    0.003623    0.043154    0.380024    1.532742 ^ hold126/X (sky130_fd_sc_hd__dlygate4sd3_1)
                                                         net297 (net)
                      0.043154    0.000109    1.532851 ^ hold117/A (sky130_fd_sc_hd__dlygate4sd3_1)
     1    0.002210    0.033898    0.369606    1.902458 ^ hold117/X (sky130_fd_sc_hd__dlygate4sd3_1)
                                                         net288 (net)
                      0.033898    0.000064    1.902522 ^ hold127/A (sky130_fd_sc_hd__dlygate4sd3_1)
     3    0.012267    0.102198    0.423028    2.325550 ^ hold127/X (sky130_fd_sc_hd__dlygate4sd3_1)
                                                         net298 (net)
                      0.102198    0.000167    2.325716 ^ fanout82/A (sky130_fd_sc_hd__dlymetal6s2s_1)
     2    0.007414    0.077055    0.101312    2.427029 ^ fanout82/X (sky130_fd_sc_hd__dlymetal6s2s_1)
                                                         net82 (net)
                      0.077055    0.000097    2.427126 ^ hold128/A (sky130_fd_sc_hd__dlygate4sd3_1)
     5    0.020081    0.158566    0.470677    2.897803 ^ hold128/X (sky130_fd_sc_hd__dlygate4sd3_1)
                                                         net299 (net)
                      0.158566    0.000588    2.898390 ^ _256_/C_N (sky130_fd_sc_hd__nor3b_2)
     7    0.026699    0.333029    0.303581    3.201972 ^ _256_/Y (sky130_fd_sc_hd__nor3b_2)
                                                         _046_ (net)
                      0.333036    0.001303    3.203274 ^ wire77/A (sky130_fd_sc_hd__buf_4)
     7    0.060324    0.130451    0.170383    3.373657 ^ wire77/X (sky130_fd_sc_hd__buf_4)
                                                         net77 (net)
                      0.133554    0.015846    3.389503 ^ _262_/A (sky130_fd_sc_hd__or3_1)
     2    0.010357    0.077324    0.119867    3.509371 ^ _262_/X (sky130_fd_sc_hd__or3_1)
                                                         _052_ (net)
                      0.077324    0.000252    3.509623 ^ fanout75/A (sky130_fd_sc_hd__buf_1)
     3    0.019274    0.171762    0.154533    3.664156 ^ fanout75/X (sky130_fd_sc_hd__buf_1)
                                                         net75 (net)
                      0.171764    0.000551    3.664707 ^ fanout72/A (sky130_fd_sc_hd__buf_1)
     4    0.016927    0.151566    0.143442    3.808150 ^ fanout72/X (sky130_fd_sc_hd__buf_1)
                                                         net72 (net)
                      0.151566    0.000188    3.808338 ^ fanout71/A (sky130_fd_sc_hd__clkbuf_2)
     6    0.023534    0.102463    0.141002    3.949340 ^ fanout71/X (sky130_fd_sc_hd__clkbuf_2)
                                                         net71 (net)
                      0.102463    0.000278    3.949619 ^ _278_/B (sky130_fd_sc_hd__and2_1)
     4    0.014710    0.113689    0.144886    4.094505 ^ _278_/X (sky130_fd_sc_hd__and2_1)
                                                         _068_ (net)
                      0.113689    0.000313    4.094818 ^ _287_/C (sky130_fd_sc_hd__and4_2)
     5    0.026049    0.112181    0.203210    4.298028 ^ _287_/X (sky130_fd_sc_hd__and4_2)
                                                         _077_ (net)
                      0.112185    0.000838    4.298866 ^ _324_/B2 (sky130_fd_sc_hd__a22oi_1)
     1    0.005160    0.056689    0.057059    4.355925 v _324_/Y (sky130_fd_sc_hd__a22oi_1)
                                                         _103_ (net)
                      0.056689    0.000164    4.356090 v _325_/B (sky130_fd_sc_hd__nor2_2)
     5    0.036044    0.285298    0.231800    4.587890 ^ _325_/Y (sky130_fd_sc_hd__nor2_2)
                                                         u_ibex.u_ibex_core.load_store_unit_i.addr_last_d[17] (net)
                      0.285305    0.001164    4.589054 ^ _700_/A (sky130_fd_sc_hd__buf_8)
     3    0.124720    0.142436    0.147864    4.736918 ^ _700_/X (sky130_fd_sc_hd__buf_8)
                                                         net39 (net)
                      0.192632    0.064754    4.801672 ^ output39/A (sky130_fd_sc_hd__buf_2)
     1    0.034927    0.130815    0.168553    4.970225 ^ output39/X (sky130_fd_sc_hd__buf_2)
                                                         tl_o[78] (net)
                      0.130818    0.000886    4.971111 ^ tl_o[78] (out)
                                              4.971111   data arrival time

                                 25.000000   25.000000   clock clk_i (rise edge)
                                  0.000000   25.000000   clock network delay (propagated)
                                 -0.250000   24.750000   clock uncertainty
                                  0.000000   24.750000   clock reconvergence pessimism
                                 -5.000000   19.750000   output external delay
                                             19.750000   data required time
---------------------------------------------------------------------------------------------
                                             19.750000   data required time
                                             -4.971111   data arrival time
---------------------------------------------------------------------------------------------
                                             14.778888   slack (MET)


Startpoint: _578_ (rising edge-triggered flip-flop clocked by clk_i)
Endpoint: tl_o[75] (output port clocked by clk_i)
Path Group: clk_i
Path Type: max

Fanout         Cap        Slew       Delay        Time   Description
---------------------------------------------------------------------------------------------
                                  0.000000    0.000000   clock clk_i (rise edge)
                                  0.000000    0.000000   clock source latency
     2    0.077175    0.262105    0.196252    0.196252 ^ clk_i (in)
                                                         clk_i (net)
                      0.266425    0.000000    0.196252 ^ clkbuf_0_clk_i/A (sky130_fd_sc_hd__clkbuf_16)
     2    0.018739    0.036606    0.127371    0.323623 ^ clkbuf_0_clk_i/X (sky130_fd_sc_hd__clkbuf_16)
                                                         clknet_0_clk_i (net)
                      0.036606    0.000406    0.324030 ^ clkbuf_1_0__f_clk_i/A (sky130_fd_sc_hd__clkbuf_16)
     3    0.008468    0.023514    0.078213    0.402242 ^ clkbuf_1_0__f_clk_i/X (sky130_fd_sc_hd__clkbuf_16)
                                                         clknet_1_0__leaf_clk_i (net)
                      0.023514    0.000191    0.402433 ^ _498_/A (sky130_fd_sc_hd__and2_2)
     3    0.052614    0.202686    0.198500    0.600933 ^ _498_/X (sky130_fd_sc_hd__and2_2)
                                                         u_ibex.clk (net)
                      0.203830    0.012306    0.613239 ^ clkbuf_0_u_ibex.clk/A (sky130_fd_sc_hd__clkbuf_16)
     9    0.081193    0.077169    0.153052    0.766291 ^ clkbuf_0_u_ibex.clk/X (sky130_fd_sc_hd__clkbuf_16)
                                                         clknet_0_u_ibex.clk (net)
                      0.078340    0.007465    0.773756 ^ clkbuf_2_2__f_u_ibex.clk/A (sky130_fd_sc_hd__clkbuf_16)
    31    0.105244    0.094104    0.135620    0.909376 ^ clkbuf_2_2__f_u_ibex.clk/X (sky130_fd_sc_hd__clkbuf_16)
                                                         clknet_2_2__leaf_u_ibex.clk (net)
                      0.096859    0.012546    0.921921 ^ _578_/CLK (sky130_fd_sc_hd__dfrtp_1)
     1    0.005901    0.049644    0.230579    1.152500 ^ _578_/Q (sky130_fd_sc_hd__dfrtp_1)
                                                         u_ibex.u_ibex_core.load_store_unit_i.ls_fsm_cs[1] (net)
                      0.049644    0.000217    1.152718 ^ hold126/A (sky130_fd_sc_hd__dlygate4sd3_1)
     1    0.003623    0.043154    0.380024    1.532742 ^ hold126/X (sky130_fd_sc_hd__dlygate4sd3_1)
                                                         net297 (net)
                      0.043154    0.000109    1.532851 ^ hold117/A (sky130_fd_sc_hd__dlygate4sd3_1)
     1    0.002210    0.033898    0.369606    1.902458 ^ hold117/X (sky130_fd_sc_hd__dlygate4sd3_1)
                                                         net288 (net)
                      0.033898    0.000064    1.902522 ^ hold127/A (sky130_fd_sc_hd__dlygate4sd3_1)
     3    0.012267    0.102198    0.423028    2.325550 ^ hold127/X (sky130_fd_sc_hd__dlygate4sd3_1)
                                                         net298 (net)
                      0.102198    0.000167    2.325716 ^ fanout82/A (sky130_fd_sc_hd__dlymetal6s2s_1)
     2    0.007414    0.077055    0.101312    2.427029 ^ fanout82/X (sky130_fd_sc_hd__dlymetal6s2s_1)
                                                         net82 (net)
                      0.077055    0.000097    2.427126 ^ hold128/A (sky130_fd_sc_hd__dlygate4sd3_1)
     5    0.020081    0.158566    0.470677    2.897803 ^ hold128/X (sky130_fd_sc_hd__dlygate4sd3_1)
                                                         net299 (net)
                      0.158566    0.000588    2.898390 ^ _256_/C_N (sky130_fd_sc_hd__nor3b_2)
     7    0.026699    0.333029    0.303581    3.201972 ^ _256_/Y (sky130_fd_sc_hd__nor3b_2)
                                                         _046_ (net)
                      0.333036    0.001303    3.203274 ^ wire77/A (sky130_fd_sc_hd__buf_4)
     7    0.060324    0.130451    0.170383    3.373657 ^ wire77/X (sky130_fd_sc_hd__buf_4)
                                                         net77 (net)
                      0.133554    0.015846    3.389503 ^ _262_/A (sky130_fd_sc_hd__or3_1)
     2    0.010357    0.077324    0.119867    3.509371 ^ _262_/X (sky130_fd_sc_hd__or3_1)
                                                         _052_ (net)
                      0.077324    0.000252    3.509623 ^ fanout75/A (sky130_fd_sc_hd__buf_1)
     3    0.019274    0.171762    0.154533    3.664156 ^ fanout75/X (sky130_fd_sc_hd__buf_1)
                                                         net75 (net)
                      0.171764    0.000551    3.664707 ^ fanout72/A (sky130_fd_sc_hd__buf_1)
     4    0.016927    0.151566    0.143442    3.808150 ^ fanout72/X (sky130_fd_sc_hd__buf_1)
                                                         net72 (net)
                      0.151566    0.000188    3.808338 ^ fanout71/A (sky130_fd_sc_hd__clkbuf_2)
     6    0.023534    0.102463    0.141002    3.949340 ^ fanout71/X (sky130_fd_sc_hd__clkbuf_2)
                                                         net71 (net)
                      0.102463    0.000278    3.949619 ^ _278_/B (sky130_fd_sc_hd__and2_1)
     4    0.014710    0.113689    0.144886    4.094505 ^ _278_/X (sky130_fd_sc_hd__and2_1)
                                                         _068_ (net)
                      0.113689    0.000299    4.094804 ^ _286_/B (sky130_fd_sc_hd__and3_2)
     5    0.020679    0.087808    0.165569    4.260374 ^ _286_/X (sky130_fd_sc_hd__and3_2)
                                                         _076_ (net)
                      0.087814    0.000819    4.261192 ^ _320_/C (sky130_fd_sc_hd__nand3_2)
     3    0.012909    0.070037    0.068009    4.329202 v _320_/Y (sky130_fd_sc_hd__nand3_2)
                                                         _101_ (net)
                      0.070039    0.000269    4.329471 v _388_/B (sky130_fd_sc_hd__xor2_2)
     3    0.022830    0.226900    0.205864    4.535335 ^ _388_/X (sky130_fd_sc_hd__xor2_2)
                                                         u_ibex.u_ibex_core.load_store_unit_i.addr_last_d[14] (net)
                      0.226905    0.000859    4.536193 ^ _697_/A (sky130_fd_sc_hd__buf_8)
     3    0.126581    0.150371    0.142379    4.678572 ^ _697_/X (sky130_fd_sc_hd__buf_8)
                                                         net36 (net)
                      0.198781    0.065911    4.744483 ^ output36/A (sky130_fd_sc_hd__buf_2)
     1    0.034505    0.129360    0.168210    4.912694 ^ output36/X (sky130_fd_sc_hd__buf_2)
                                                         tl_o[75] (net)
                      0.129362    0.000797    4.913491 ^ tl_o[75] (out)
                                              4.913491   data arrival time

                                 25.000000   25.000000   clock clk_i (rise edge)
                                  0.000000   25.000000   clock network delay (propagated)
                                 -0.250000   24.750000   clock uncertainty
                                  0.000000   24.750000   clock reconvergence pessimism
                                 -5.000000   19.750000   output external delay
                                             19.750000   data required time
---------------------------------------------------------------------------------------------
                                             19.750000   data required time
                                             -4.913491   data arrival time
---------------------------------------------------------------------------------------------
                                             14.836510   slack (MET)


Startpoint: _578_ (rising edge-triggered flip-flop clocked by clk_i)
Endpoint: tl_o[74] (output port clocked by clk_i)
Path Group: clk_i
Path Type: max

Fanout         Cap        Slew       Delay        Time   Description
---------------------------------------------------------------------------------------------
                                  0.000000    0.000000   clock clk_i (rise edge)
                                  0.000000    0.000000   clock source latency
     2    0.077175    0.262105    0.196252    0.196252 ^ clk_i (in)
                                                         clk_i (net)
                      0.266425    0.000000    0.196252 ^ clkbuf_0_clk_i/A (sky130_fd_sc_hd__clkbuf_16)
     2    0.018739    0.036606    0.127371    0.323623 ^ clkbuf_0_clk_i/X (sky130_fd_sc_hd__clkbuf_16)
                                                         clknet_0_clk_i (net)
                      0.036606    0.000406    0.324030 ^ clkbuf_1_0__f_clk_i/A (sky130_fd_sc_hd__clkbuf_16)
     3    0.008468    0.023514    0.078213    0.402242 ^ clkbuf_1_0__f_clk_i/X (sky130_fd_sc_hd__clkbuf_16)
                                                         clknet_1_0__leaf_clk_i (net)
                      0.023514    0.000191    0.402433 ^ _498_/A (sky130_fd_sc_hd__and2_2)
     3    0.052614    0.202686    0.198500    0.600933 ^ _498_/X (sky130_fd_sc_hd__and2_2)
                                                         u_ibex.clk (net)
                      0.203830    0.012306    0.613239 ^ clkbuf_0_u_ibex.clk/A (sky130_fd_sc_hd__clkbuf_16)
     9    0.081193    0.077169    0.153052    0.766291 ^ clkbuf_0_u_ibex.clk/X (sky130_fd_sc_hd__clkbuf_16)
                                                         clknet_0_u_ibex.clk (net)
                      0.078340    0.007465    0.773756 ^ clkbuf_2_2__f_u_ibex.clk/A (sky130_fd_sc_hd__clkbuf_16)
    31    0.105244    0.094104    0.135620    0.909376 ^ clkbuf_2_2__f_u_ibex.clk/X (sky130_fd_sc_hd__clkbuf_16)
                                                         clknet_2_2__leaf_u_ibex.clk (net)
                      0.096859    0.012546    0.921921 ^ _578_/CLK (sky130_fd_sc_hd__dfrtp_1)
     1    0.005901    0.049644    0.230579    1.152500 ^ _578_/Q (sky130_fd_sc_hd__dfrtp_1)
                                                         u_ibex.u_ibex_core.load_store_unit_i.ls_fsm_cs[1] (net)
                      0.049644    0.000217    1.152718 ^ hold126/A (sky130_fd_sc_hd__dlygate4sd3_1)
     1    0.003623    0.043154    0.380024    1.532742 ^ hold126/X (sky130_fd_sc_hd__dlygate4sd3_1)
                                                         net297 (net)
                      0.043154    0.000109    1.532851 ^ hold117/A (sky130_fd_sc_hd__dlygate4sd3_1)
     1    0.002210    0.033898    0.369606    1.902458 ^ hold117/X (sky130_fd_sc_hd__dlygate4sd3_1)
                                                         net288 (net)
                      0.033898    0.000064    1.902522 ^ hold127/A (sky130_fd_sc_hd__dlygate4sd3_1)
     3    0.012267    0.102198    0.423028    2.325550 ^ hold127/X (sky130_fd_sc_hd__dlygate4sd3_1)
                                                         net298 (net)
                      0.102198    0.000167    2.325716 ^ fanout82/A (sky130_fd_sc_hd__dlymetal6s2s_1)
     2    0.007414    0.077055    0.101312    2.427029 ^ fanout82/X (sky130_fd_sc_hd__dlymetal6s2s_1)
                                                         net82 (net)
                      0.077055    0.000097    2.427126 ^ hold128/A (sky130_fd_sc_hd__dlygate4sd3_1)
     5    0.020081    0.158566    0.470677    2.897803 ^ hold128/X (sky130_fd_sc_hd__dlygate4sd3_1)
                                                         net299 (net)
                      0.158566    0.000588    2.898390 ^ _256_/C_N (sky130_fd_sc_hd__nor3b_2)
     7    0.026699    0.333029    0.303581    3.201972 ^ _256_/Y (sky130_fd_sc_hd__nor3b_2)
                                                         _046_ (net)
                      0.333036    0.001303    3.203274 ^ wire77/A (sky130_fd_sc_hd__buf_4)
     7    0.060324    0.130451    0.170383    3.373657 ^ wire77/X (sky130_fd_sc_hd__buf_4)
                                                         net77 (net)
                      0.133554    0.015846    3.389503 ^ _262_/A (sky130_fd_sc_hd__or3_1)
     2    0.010357    0.077324    0.119867    3.509371 ^ _262_/X (sky130_fd_sc_hd__or3_1)
                                                         _052_ (net)
                      0.077324    0.000252    3.509623 ^ fanout75/A (sky130_fd_sc_hd__buf_1)
     3    0.019274    0.171762    0.154533    3.664156 ^ fanout75/X (sky130_fd_sc_hd__buf_1)
                                                         net75 (net)
                      0.171764    0.000551    3.664707 ^ fanout72/A (sky130_fd_sc_hd__buf_1)
     4    0.016927    0.151566    0.143442    3.808150 ^ fanout72/X (sky130_fd_sc_hd__buf_1)
                                                         net72 (net)
                      0.151566    0.000188    3.808338 ^ fanout71/A (sky130_fd_sc_hd__clkbuf_2)
     6    0.023534    0.102463    0.141002    3.949340 ^ fanout71/X (sky130_fd_sc_hd__clkbuf_2)
                                                         net71 (net)
                      0.102463    0.000278    3.949619 ^ _278_/B (sky130_fd_sc_hd__and2_1)
     4    0.014710    0.113689    0.144886    4.094505 ^ _278_/X (sky130_fd_sc_hd__and2_1)
                                                         _068_ (net)
                      0.113689    0.000299    4.094804 ^ _286_/B (sky130_fd_sc_hd__and3_2)
     5    0.020679    0.087808    0.165569    4.260374 ^ _286_/X (sky130_fd_sc_hd__and3_2)
                                                         _076_ (net)
                      0.087812    0.000715    4.261089 ^ _319_/B1 (sky130_fd_sc_hd__a22o_1)
     2    0.008218    0.066946    0.100828    4.361917 ^ _319_/X (sky130_fd_sc_hd__a22o_1)
                                                         _100_ (net)
                      0.066946    0.000174    4.362091 ^ _321_/A (sky130_fd_sc_hd__and2_1)
     3    0.018437    0.139818    0.154242    4.516333 ^ _321_/X (sky130_fd_sc_hd__and2_1)
                                                         u_ibex.u_ibex_core.load_store_unit_i.addr_last_d[13] (net)
                      0.139823    0.000651    4.516984 ^ _696_/A (sky130_fd_sc_hd__buf_8)
     3    0.130575    0.154283    0.136346    4.653329 ^ _696_/X (sky130_fd_sc_hd__buf_8)
                                                         net35 (net)
                      0.207249    0.070440    4.723770 ^ output35/A (sky130_fd_sc_hd__buf_2)
     1    0.034503    0.129395    0.169082    4.892851 ^ output35/X (sky130_fd_sc_hd__buf_2)
                                                         tl_o[74] (net)
                      0.129397    0.000797    4.893648 ^ tl_o[74] (out)
                                              4.893648   data arrival time

                                 25.000000   25.000000   clock clk_i (rise edge)
                                  0.000000   25.000000   clock network delay (propagated)
                                 -0.250000   24.750000   clock uncertainty
                                  0.000000   24.750000   clock reconvergence pessimism
                                 -5.000000   19.750000   output external delay
                                             19.750000   data required time
---------------------------------------------------------------------------------------------
                                             19.750000   data required time
                                             -4.893648   data arrival time
---------------------------------------------------------------------------------------------
                                             14.856351   slack (MET)


Startpoint: _578_ (rising edge-triggered flip-flop clocked by clk_i)
Endpoint: tl_o[73] (output port clocked by clk_i)
Path Group: clk_i
Path Type: max

Fanout         Cap        Slew       Delay        Time   Description
---------------------------------------------------------------------------------------------
                                  0.000000    0.000000   clock clk_i (rise edge)
                                  0.000000    0.000000   clock source latency
     2    0.077175    0.262105    0.196252    0.196252 ^ clk_i (in)
                                                         clk_i (net)
                      0.266425    0.000000    0.196252 ^ clkbuf_0_clk_i/A (sky130_fd_sc_hd__clkbuf_16)
     2    0.018739    0.036606    0.127371    0.323623 ^ clkbuf_0_clk_i/X (sky130_fd_sc_hd__clkbuf_16)
                                                         clknet_0_clk_i (net)
                      0.036606    0.000406    0.324030 ^ clkbuf_1_0__f_clk_i/A (sky130_fd_sc_hd__clkbuf_16)
     3    0.008468    0.023514    0.078213    0.402242 ^ clkbuf_1_0__f_clk_i/X (sky130_fd_sc_hd__clkbuf_16)
                                                         clknet_1_0__leaf_clk_i (net)
                      0.023514    0.000191    0.402433 ^ _498_/A (sky130_fd_sc_hd__and2_2)
     3    0.052614    0.202686    0.198500    0.600933 ^ _498_/X (sky130_fd_sc_hd__and2_2)
                                                         u_ibex.clk (net)
                      0.203830    0.012306    0.613239 ^ clkbuf_0_u_ibex.clk/A (sky130_fd_sc_hd__clkbuf_16)
     9    0.081193    0.077169    0.153052    0.766291 ^ clkbuf_0_u_ibex.clk/X (sky130_fd_sc_hd__clkbuf_16)
                                                         clknet_0_u_ibex.clk (net)
                      0.078340    0.007465    0.773756 ^ clkbuf_2_2__f_u_ibex.clk/A (sky130_fd_sc_hd__clkbuf_16)
    31    0.105244    0.094104    0.135620    0.909376 ^ clkbuf_2_2__f_u_ibex.clk/X (sky130_fd_sc_hd__clkbuf_16)
                                                         clknet_2_2__leaf_u_ibex.clk (net)
                      0.096859    0.012546    0.921921 ^ _578_/CLK (sky130_fd_sc_hd__dfrtp_1)
     1    0.005901    0.049644    0.230579    1.152500 ^ _578_/Q (sky130_fd_sc_hd__dfrtp_1)
                                                         u_ibex.u_ibex_core.load_store_unit_i.ls_fsm_cs[1] (net)
                      0.049644    0.000217    1.152718 ^ hold126/A (sky130_fd_sc_hd__dlygate4sd3_1)
     1    0.003623    0.043154    0.380024    1.532742 ^ hold126/X (sky130_fd_sc_hd__dlygate4sd3_1)
                                                         net297 (net)
                      0.043154    0.000109    1.532851 ^ hold117/A (sky130_fd_sc_hd__dlygate4sd3_1)
     1    0.002210    0.033898    0.369606    1.902458 ^ hold117/X (sky130_fd_sc_hd__dlygate4sd3_1)
                                                         net288 (net)
                      0.033898    0.000064    1.902522 ^ hold127/A (sky130_fd_sc_hd__dlygate4sd3_1)
     3    0.012267    0.102198    0.423028    2.325550 ^ hold127/X (sky130_fd_sc_hd__dlygate4sd3_1)
                                                         net298 (net)
                      0.102198    0.000167    2.325716 ^ fanout82/A (sky130_fd_sc_hd__dlymetal6s2s_1)
     2    0.007414    0.077055    0.101312    2.427029 ^ fanout82/X (sky130_fd_sc_hd__dlymetal6s2s_1)
                                                         net82 (net)
                      0.077055    0.000097    2.427126 ^ hold128/A (sky130_fd_sc_hd__dlygate4sd3_1)
     5    0.020081    0.158566    0.470677    2.897803 ^ hold128/X (sky130_fd_sc_hd__dlygate4sd3_1)
                                                         net299 (net)
                      0.158566    0.000588    2.898390 ^ _256_/C_N (sky130_fd_sc_hd__nor3b_2)
     7    0.026699    0.333029    0.303581    3.201972 ^ _256_/Y (sky130_fd_sc_hd__nor3b_2)
                                                         _046_ (net)
                      0.333036    0.001303    3.203274 ^ wire77/A (sky130_fd_sc_hd__buf_4)
     7    0.060324    0.130451    0.170383    3.373657 ^ wire77/X (sky130_fd_sc_hd__buf_4)
                                                         net77 (net)
                      0.133554    0.015846    3.389503 ^ _262_/A (sky130_fd_sc_hd__or3_1)
     2    0.010357    0.077324    0.119867    3.509371 ^ _262_/X (sky130_fd_sc_hd__or3_1)
                                                         _052_ (net)
                      0.077324    0.000252    3.509623 ^ fanout75/A (sky130_fd_sc_hd__buf_1)
     3    0.019274    0.171762    0.154533    3.664156 ^ fanout75/X (sky130_fd_sc_hd__buf_1)
                                                         net75 (net)
                      0.171764    0.000551    3.664707 ^ fanout72/A (sky130_fd_sc_hd__buf_1)
     4    0.016927    0.151566    0.143442    3.808150 ^ fanout72/X (sky130_fd_sc_hd__buf_1)
                                                         net72 (net)
                      0.151566    0.000188    3.808338 ^ fanout71/A (sky130_fd_sc_hd__clkbuf_2)
     6    0.023534    0.102463    0.141002    3.949340 ^ fanout71/X (sky130_fd_sc_hd__clkbuf_2)
                                                         net71 (net)
                      0.102463    0.000278    3.949619 ^ _278_/B (sky130_fd_sc_hd__and2_1)
     4    0.014710    0.113689    0.144886    4.094505 ^ _278_/X (sky130_fd_sc_hd__and2_1)
                                                         _068_ (net)
                      0.113689    0.000299    4.094804 ^ _286_/B (sky130_fd_sc_hd__and3_2)
     5    0.020679    0.087808    0.165569    4.260374 ^ _286_/X (sky130_fd_sc_hd__and3_2)
                                                         _076_ (net)
                      0.087812    0.000730    4.261104 ^ _304_/B1 (sky130_fd_sc_hd__a21oi_1)
     1    0.003891    0.046451    0.030286    4.291389 v _304_/Y (sky130_fd_sc_hd__a21oi_1)
                                                         _090_ (net)
                      0.046451    0.000130    4.291519 v _305_/B1 (sky130_fd_sc_hd__a21o_1)
     2    0.012031    0.049886    0.098994    4.390513 v _305_/X (sky130_fd_sc_hd__a21o_1)
                                                         _091_ (net)
                      0.049888    0.000370    4.390883 v _306_/A (sky130_fd_sc_hd__inv_2)
     3    0.022998    0.082193    0.082703    4.473587 ^ _306_/Y (sky130_fd_sc_hd__inv_2)
                                                         u_ibex.u_ibex_core.load_store_unit_i.addr_last_d[12] (net)
                      0.082219    0.001211    4.474797 ^ _695_/A (sky130_fd_sc_hd__buf_8)
     3    0.130438    0.154130    0.133315    4.608112 ^ _695_/X (sky130_fd_sc_hd__buf_8)
                                                         net34 (net)
                      0.205538    0.068987    4.677098 ^ output34/A (sky130_fd_sc_hd__buf_2)
     1    0.034515    0.129429    0.168935    4.846033 ^ output34/X (sky130_fd_sc_hd__buf_2)
                                                         tl_o[73] (net)
                      0.129432    0.000797    4.846830 ^ tl_o[73] (out)
                                              4.846830   data arrival time

                                 25.000000   25.000000   clock clk_i (rise edge)
                                  0.000000   25.000000   clock network delay (propagated)
                                 -0.250000   24.750000   clock uncertainty
                                  0.000000   24.750000   clock reconvergence pessimism
                                 -5.000000   19.750000   output external delay
                                             19.750000   data required time
---------------------------------------------------------------------------------------------
                                             19.750000   data required time
                                             -4.846830   data arrival time
---------------------------------------------------------------------------------------------
                                             14.903169   slack (MET)


Startpoint: _578_ (rising edge-triggered flip-flop clocked by clk_i)
Endpoint: tl_o[77] (output port clocked by clk_i)
Path Group: clk_i
Path Type: max

Fanout         Cap        Slew       Delay        Time   Description
---------------------------------------------------------------------------------------------
                                  0.000000    0.000000   clock clk_i (rise edge)
                                  0.000000    0.000000   clock source latency
     2    0.077175    0.262105    0.196252    0.196252 ^ clk_i (in)
                                                         clk_i (net)
                      0.266425    0.000000    0.196252 ^ clkbuf_0_clk_i/A (sky130_fd_sc_hd__clkbuf_16)
     2    0.018739    0.036606    0.127371    0.323623 ^ clkbuf_0_clk_i/X (sky130_fd_sc_hd__clkbuf_16)
                                                         clknet_0_clk_i (net)
                      0.036606    0.000406    0.324030 ^ clkbuf_1_0__f_clk_i/A (sky130_fd_sc_hd__clkbuf_16)
     3    0.008468    0.023514    0.078213    0.402242 ^ clkbuf_1_0__f_clk_i/X (sky130_fd_sc_hd__clkbuf_16)
                                                         clknet_1_0__leaf_clk_i (net)
                      0.023514    0.000191    0.402433 ^ _498_/A (sky130_fd_sc_hd__and2_2)
     3    0.052614    0.202686    0.198500    0.600933 ^ _498_/X (sky130_fd_sc_hd__and2_2)
                                                         u_ibex.clk (net)
                      0.203830    0.012306    0.613239 ^ clkbuf_0_u_ibex.clk/A (sky130_fd_sc_hd__clkbuf_16)
     9    0.081193    0.077169    0.153052    0.766291 ^ clkbuf_0_u_ibex.clk/X (sky130_fd_sc_hd__clkbuf_16)
                                                         clknet_0_u_ibex.clk (net)
                      0.078340    0.007465    0.773756 ^ clkbuf_2_2__f_u_ibex.clk/A (sky130_fd_sc_hd__clkbuf_16)
    31    0.105244    0.094104    0.135620    0.909376 ^ clkbuf_2_2__f_u_ibex.clk/X (sky130_fd_sc_hd__clkbuf_16)
                                                         clknet_2_2__leaf_u_ibex.clk (net)
                      0.096859    0.012546    0.921921 ^ _578_/CLK (sky130_fd_sc_hd__dfrtp_1)
     1    0.005901    0.049644    0.230579    1.152500 ^ _578_/Q (sky130_fd_sc_hd__dfrtp_1)
                                                         u_ibex.u_ibex_core.load_store_unit_i.ls_fsm_cs[1] (net)
                      0.049644    0.000217    1.152718 ^ hold126/A (sky130_fd_sc_hd__dlygate4sd3_1)
     1    0.003623    0.043154    0.380024    1.532742 ^ hold126/X (sky130_fd_sc_hd__dlygate4sd3_1)
                                                         net297 (net)
                      0.043154    0.000109    1.532851 ^ hold117/A (sky130_fd_sc_hd__dlygate4sd3_1)
     1    0.002210    0.033898    0.369606    1.902458 ^ hold117/X (sky130_fd_sc_hd__dlygate4sd3_1)
                                                         net288 (net)
                      0.033898    0.000064    1.902522 ^ hold127/A (sky130_fd_sc_hd__dlygate4sd3_1)
     3    0.012267    0.102198    0.423028    2.325550 ^ hold127/X (sky130_fd_sc_hd__dlygate4sd3_1)
                                                         net298 (net)
                      0.102198    0.000167    2.325716 ^ fanout82/A (sky130_fd_sc_hd__dlymetal6s2s_1)
     2    0.007414    0.077055    0.101312    2.427029 ^ fanout82/X (sky130_fd_sc_hd__dlymetal6s2s_1)
                                                         net82 (net)
                      0.077055    0.000097    2.427126 ^ hold128/A (sky130_fd_sc_hd__dlygate4sd3_1)
     5    0.020081    0.158566    0.470677    2.897803 ^ hold128/X (sky130_fd_sc_hd__dlygate4sd3_1)
                                                         net299 (net)
                      0.158566    0.000588    2.898390 ^ _256_/C_N (sky130_fd_sc_hd__nor3b_2)
     7    0.026699    0.333029    0.303581    3.201972 ^ _256_/Y (sky130_fd_sc_hd__nor3b_2)
                                                         _046_ (net)
                      0.333036    0.001303    3.203274 ^ wire77/A (sky130_fd_sc_hd__buf_4)
     7    0.060324    0.130451    0.170383    3.373657 ^ wire77/X (sky130_fd_sc_hd__buf_4)
                                                         net77 (net)
                      0.133554    0.015846    3.389503 ^ _262_/A (sky130_fd_sc_hd__or3_1)
     2    0.010357    0.077324    0.119867    3.509371 ^ _262_/X (sky130_fd_sc_hd__or3_1)
                                                         _052_ (net)
                      0.077324    0.000252    3.509623 ^ fanout75/A (sky130_fd_sc_hd__buf_1)
     3    0.019274    0.171762    0.154533    3.664156 ^ fanout75/X (sky130_fd_sc_hd__buf_1)
                                                         net75 (net)
                      0.171764    0.000551    3.664707 ^ fanout72/A (sky130_fd_sc_hd__buf_1)
     4    0.016927    0.151566    0.143442    3.808150 ^ fanout72/X (sky130_fd_sc_hd__buf_1)
                                                         net72 (net)
                      0.151566    0.000188    3.808338 ^ fanout71/A (sky130_fd_sc_hd__clkbuf_2)
     6    0.023534    0.102463    0.141002    3.949340 ^ fanout71/X (sky130_fd_sc_hd__clkbuf_2)
                                                         net71 (net)
                      0.102463    0.000278    3.949619 ^ _278_/B (sky130_fd_sc_hd__and2_1)
     4    0.014710    0.113689    0.144886    4.094505 ^ _278_/X (sky130_fd_sc_hd__and2_1)
                                                         _068_ (net)
                      0.113689    0.000313    4.094818 ^ _287_/C (sky130_fd_sc_hd__and4_2)
     5    0.026049    0.112181    0.203210    4.298028 ^ _287_/X (sky130_fd_sc_hd__and4_2)
                                                         _077_ (net)
                      0.112184    0.000777    4.298805 ^ _372_/B (sky130_fd_sc_hd__xnor2_2)
     3    0.014206    0.058175    0.065339    4.364145 v _372_/Y (sky130_fd_sc_hd__xnor2_2)
                                                         _135_ (net)
                      0.058177    0.000384    4.364529 v _373_/A (sky130_fd_sc_hd__inv_2)
     2    0.012215    0.048020    0.061003    4.425532 ^ _373_/Y (sky130_fd_sc_hd__inv_2)
                                                         u_ibex.u_ibex_core.load_store_unit_i.addr_last_d[16] (net)
                      0.048042    0.000367    4.425899 ^ _699_/A (sky130_fd_sc_hd__buf_8)
     3    0.138056    0.142894    0.122246    4.548145 ^ _699_/X (sky130_fd_sc_hd__buf_8)
                                                         net38 (net)
                      0.241412    0.094470    4.642615 ^ output38/A (sky130_fd_sc_hd__buf_2)
     1    0.034495    0.129531    0.172590    4.815205 ^ output38/X (sky130_fd_sc_hd__buf_2)
                                                         tl_o[77] (net)
                      0.129533    0.000796    4.816001 ^ tl_o[77] (out)
                                              4.816001   data arrival time

                                 25.000000   25.000000   clock clk_i (rise edge)
                                  0.000000   25.000000   clock network delay (propagated)
                                 -0.250000   24.750000   clock uncertainty
                                  0.000000   24.750000   clock reconvergence pessimism
                                 -5.000000   19.750000   output external delay
                                             19.750000   data required time
---------------------------------------------------------------------------------------------
                                             19.750000   data required time
                                             -4.816001   data arrival time
---------------------------------------------------------------------------------------------
                                             14.933997   slack (MET)


Startpoint: _578_ (rising edge-triggered flip-flop clocked by clk_i)
Endpoint: tl_o[72] (output port clocked by clk_i)
Path Group: clk_i
Path Type: max

Fanout         Cap        Slew       Delay        Time   Description
---------------------------------------------------------------------------------------------
                                  0.000000    0.000000   clock clk_i (rise edge)
                                  0.000000    0.000000   clock source latency
     2    0.077175    0.262105    0.196252    0.196252 ^ clk_i (in)
                                                         clk_i (net)
                      0.266425    0.000000    0.196252 ^ clkbuf_0_clk_i/A (sky130_fd_sc_hd__clkbuf_16)
     2    0.018739    0.036606    0.127371    0.323623 ^ clkbuf_0_clk_i/X (sky130_fd_sc_hd__clkbuf_16)
                                                         clknet_0_clk_i (net)
                      0.036606    0.000406    0.324030 ^ clkbuf_1_0__f_clk_i/A (sky130_fd_sc_hd__clkbuf_16)
     3    0.008468    0.023514    0.078213    0.402242 ^ clkbuf_1_0__f_clk_i/X (sky130_fd_sc_hd__clkbuf_16)
                                                         clknet_1_0__leaf_clk_i (net)
                      0.023514    0.000191    0.402433 ^ _498_/A (sky130_fd_sc_hd__and2_2)
     3    0.052614    0.202686    0.198500    0.600933 ^ _498_/X (sky130_fd_sc_hd__and2_2)
                                                         u_ibex.clk (net)
                      0.203830    0.012306    0.613239 ^ clkbuf_0_u_ibex.clk/A (sky130_fd_sc_hd__clkbuf_16)
     9    0.081193    0.077169    0.153052    0.766291 ^ clkbuf_0_u_ibex.clk/X (sky130_fd_sc_hd__clkbuf_16)
                                                         clknet_0_u_ibex.clk (net)
                      0.078340    0.007465    0.773756 ^ clkbuf_2_2__f_u_ibex.clk/A (sky130_fd_sc_hd__clkbuf_16)
    31    0.105244    0.094104    0.135620    0.909376 ^ clkbuf_2_2__f_u_ibex.clk/X (sky130_fd_sc_hd__clkbuf_16)
                                                         clknet_2_2__leaf_u_ibex.clk (net)
                      0.096859    0.012546    0.921921 ^ _578_/CLK (sky130_fd_sc_hd__dfrtp_1)
     1    0.005901    0.049644    0.230579    1.152500 ^ _578_/Q (sky130_fd_sc_hd__dfrtp_1)
                                                         u_ibex.u_ibex_core.load_store_unit_i.ls_fsm_cs[1] (net)
                      0.049644    0.000217    1.152718 ^ hold126/A (sky130_fd_sc_hd__dlygate4sd3_1)
     1    0.003623    0.043154    0.380024    1.532742 ^ hold126/X (sky130_fd_sc_hd__dlygate4sd3_1)
                                                         net297 (net)
                      0.043154    0.000109    1.532851 ^ hold117/A (sky130_fd_sc_hd__dlygate4sd3_1)
     1    0.002210    0.033898    0.369606    1.902458 ^ hold117/X (sky130_fd_sc_hd__dlygate4sd3_1)
                                                         net288 (net)
                      0.033898    0.000064    1.902522 ^ hold127/A (sky130_fd_sc_hd__dlygate4sd3_1)
     3    0.012267    0.102198    0.423028    2.325550 ^ hold127/X (sky130_fd_sc_hd__dlygate4sd3_1)
                                                         net298 (net)
                      0.102198    0.000167    2.325716 ^ fanout82/A (sky130_fd_sc_hd__dlymetal6s2s_1)
     2    0.007414    0.077055    0.101312    2.427029 ^ fanout82/X (sky130_fd_sc_hd__dlymetal6s2s_1)
                                                         net82 (net)
                      0.077055    0.000097    2.427126 ^ hold128/A (sky130_fd_sc_hd__dlygate4sd3_1)
     5    0.020081    0.158566    0.470677    2.897803 ^ hold128/X (sky130_fd_sc_hd__dlygate4sd3_1)
                                                         net299 (net)
                      0.158566    0.000588    2.898390 ^ _256_/C_N (sky130_fd_sc_hd__nor3b_2)
     7    0.026699    0.333029    0.303581    3.201972 ^ _256_/Y (sky130_fd_sc_hd__nor3b_2)
                                                         _046_ (net)
                      0.333036    0.001303    3.203274 ^ wire77/A (sky130_fd_sc_hd__buf_4)
     7    0.060324    0.130451    0.170383    3.373657 ^ wire77/X (sky130_fd_sc_hd__buf_4)
                                                         net77 (net)
                      0.133554    0.015846    3.389503 ^ _262_/A (sky130_fd_sc_hd__or3_1)
     2    0.010357    0.077324    0.119867    3.509371 ^ _262_/X (sky130_fd_sc_hd__or3_1)
                                                         _052_ (net)
                      0.077324    0.000252    3.509623 ^ fanout75/A (sky130_fd_sc_hd__buf_1)
     3    0.019274    0.171762    0.154533    3.664156 ^ fanout75/X (sky130_fd_sc_hd__buf_1)
                                                         net75 (net)
                      0.171764    0.000551    3.664707 ^ fanout72/A (sky130_fd_sc_hd__buf_1)
     4    0.016927    0.151566    0.143442    3.808150 ^ fanout72/X (sky130_fd_sc_hd__buf_1)
                                                         net72 (net)
                      0.151566    0.000188    3.808338 ^ fanout71/A (sky130_fd_sc_hd__clkbuf_2)
     6    0.023534    0.102463    0.141002    3.949340 ^ fanout71/X (sky130_fd_sc_hd__clkbuf_2)
                                                         net71 (net)
                      0.102463    0.000278    3.949619 ^ _278_/B (sky130_fd_sc_hd__and2_1)
     4    0.014710    0.113689    0.144886    4.094505 ^ _278_/X (sky130_fd_sc_hd__and2_1)
                                                         _068_ (net)
                      0.113689    0.000238    4.094743 ^ _345_/A (sky130_fd_sc_hd__nor2_1)
     1    0.008504    0.049537    0.054874    4.149617 v _345_/Y (sky130_fd_sc_hd__nor2_1)
                                                         _115_ (net)
                      0.049539    0.000346    4.149963 v _346_/B (sky130_fd_sc_hd__nor2_2)
     3    0.026260    0.213627    0.178053    4.328016 ^ _346_/Y (sky130_fd_sc_hd__nor2_2)
                                                         u_ibex.u_ibex_core.load_store_unit_i.addr_last_d[11] (net)
                      0.213634    0.001048    4.329064 ^ _694_/A (sky130_fd_sc_hd__buf_8)
     3    0.145163    0.171826    0.144838    4.473902 ^ _694_/X (sky130_fd_sc_hd__buf_8)
                                                         net33 (net)
                      0.233102    0.080468    4.554369 ^ output33/A (sky130_fd_sc_hd__buf_2)
     1    0.034962    0.131128    0.172821    4.727190 ^ output33/X (sky130_fd_sc_hd__buf_2)
                                                         tl_o[72] (net)
                      0.131132    0.000887    4.728077 ^ tl_o[72] (out)
                                              4.728077   data arrival time

                                 25.000000   25.000000   clock clk_i (rise edge)
                                  0.000000   25.000000   clock network delay (propagated)
                                 -0.250000   24.750000   clock uncertainty
                                  0.000000   24.750000   clock reconvergence pessimism
                                 -5.000000   19.750000   output external delay
                                             19.750000   data required time
---------------------------------------------------------------------------------------------
                                             19.750000   data required time
                                             -4.728077   data arrival time
---------------------------------------------------------------------------------------------
                                             15.021922   slack (MET)


Startpoint: _578_ (rising edge-triggered flip-flop clocked by clk_i)
Endpoint: tl_o[71] (output port clocked by clk_i)
Path Group: clk_i
Path Type: max

Fanout         Cap        Slew       Delay        Time   Description
---------------------------------------------------------------------------------------------
                                  0.000000    0.000000   clock clk_i (rise edge)
                                  0.000000    0.000000   clock source latency
     2    0.077175    0.262105    0.196252    0.196252 ^ clk_i (in)
                                                         clk_i (net)
                      0.266425    0.000000    0.196252 ^ clkbuf_0_clk_i/A (sky130_fd_sc_hd__clkbuf_16)
     2    0.018739    0.036606    0.127371    0.323623 ^ clkbuf_0_clk_i/X (sky130_fd_sc_hd__clkbuf_16)
                                                         clknet_0_clk_i (net)
                      0.036606    0.000406    0.324030 ^ clkbuf_1_0__f_clk_i/A (sky130_fd_sc_hd__clkbuf_16)
     3    0.008468    0.023514    0.078213    0.402242 ^ clkbuf_1_0__f_clk_i/X (sky130_fd_sc_hd__clkbuf_16)
                                                         clknet_1_0__leaf_clk_i (net)
                      0.023514    0.000191    0.402433 ^ _498_/A (sky130_fd_sc_hd__and2_2)
     3    0.052614    0.202686    0.198500    0.600933 ^ _498_/X (sky130_fd_sc_hd__and2_2)
                                                         u_ibex.clk (net)
                      0.203830    0.012306    0.613239 ^ clkbuf_0_u_ibex.clk/A (sky130_fd_sc_hd__clkbuf_16)
     9    0.081193    0.077169    0.153052    0.766291 ^ clkbuf_0_u_ibex.clk/X (sky130_fd_sc_hd__clkbuf_16)
                                                         clknet_0_u_ibex.clk (net)
                      0.078340    0.007465    0.773756 ^ clkbuf_2_2__f_u_ibex.clk/A (sky130_fd_sc_hd__clkbuf_16)
    31    0.105244    0.094104    0.135620    0.909376 ^ clkbuf_2_2__f_u_ibex.clk/X (sky130_fd_sc_hd__clkbuf_16)
                                                         clknet_2_2__leaf_u_ibex.clk (net)
                      0.096859    0.012546    0.921921 ^ _578_/CLK (sky130_fd_sc_hd__dfrtp_1)
     1    0.005901    0.049644    0.230579    1.152500 ^ _578_/Q (sky130_fd_sc_hd__dfrtp_1)
                                                         u_ibex.u_ibex_core.load_store_unit_i.ls_fsm_cs[1] (net)
                      0.049644    0.000217    1.152718 ^ hold126/A (sky130_fd_sc_hd__dlygate4sd3_1)
     1    0.003623    0.043154    0.380024    1.532742 ^ hold126/X (sky130_fd_sc_hd__dlygate4sd3_1)
                                                         net297 (net)
                      0.043154    0.000109    1.532851 ^ hold117/A (sky130_fd_sc_hd__dlygate4sd3_1)
     1    0.002210    0.033898    0.369606    1.902458 ^ hold117/X (sky130_fd_sc_hd__dlygate4sd3_1)
                                                         net288 (net)
                      0.033898    0.000064    1.902522 ^ hold127/A (sky130_fd_sc_hd__dlygate4sd3_1)
     3    0.012267    0.102198    0.423028    2.325550 ^ hold127/X (sky130_fd_sc_hd__dlygate4sd3_1)
                                                         net298 (net)
                      0.102198    0.000167    2.325716 ^ fanout82/A (sky130_fd_sc_hd__dlymetal6s2s_1)
     2    0.007414    0.077055    0.101312    2.427029 ^ fanout82/X (sky130_fd_sc_hd__dlymetal6s2s_1)
                                                         net82 (net)
                      0.077055    0.000097    2.427126 ^ hold128/A (sky130_fd_sc_hd__dlygate4sd3_1)
     5    0.020081    0.158566    0.470677    2.897803 ^ hold128/X (sky130_fd_sc_hd__dlygate4sd3_1)
                                                         net299 (net)
                      0.158566    0.000588    2.898390 ^ _256_/C_N (sky130_fd_sc_hd__nor3b_2)
     7    0.026699    0.333029    0.303581    3.201972 ^ _256_/Y (sky130_fd_sc_hd__nor3b_2)
                                                         _046_ (net)
                      0.333036    0.001303    3.203274 ^ wire77/A (sky130_fd_sc_hd__buf_4)
     7    0.060324    0.130451    0.170383    3.373657 ^ wire77/X (sky130_fd_sc_hd__buf_4)
                                                         net77 (net)
                      0.133554    0.015846    3.389503 ^ _262_/A (sky130_fd_sc_hd__or3_1)
     2    0.010357    0.077324    0.119867    3.509371 ^ _262_/X (sky130_fd_sc_hd__or3_1)
                                                         _052_ (net)
                      0.077324    0.000252    3.509623 ^ fanout75/A (sky130_fd_sc_hd__buf_1)
     3    0.019274    0.171762    0.154533    3.664156 ^ fanout75/X (sky130_fd_sc_hd__buf_1)
                                                         net75 (net)
                      0.171764    0.000551    3.664707 ^ fanout72/A (sky130_fd_sc_hd__buf_1)
     4    0.016927    0.151566    0.143442    3.808150 ^ fanout72/X (sky130_fd_sc_hd__buf_1)
                                                         net72 (net)
                      0.151566    0.000188    3.808338 ^ fanout71/A (sky130_fd_sc_hd__clkbuf_2)
     6    0.023534    0.102463    0.141002    3.949340 ^ fanout71/X (sky130_fd_sc_hd__clkbuf_2)
                                                         net71 (net)
                      0.102463    0.000264    3.949604 ^ _342_/A2 (sky130_fd_sc_hd__a21o_1)
     2    0.008686    0.063409    0.104604    4.054208 ^ _342_/X (sky130_fd_sc_hd__a21o_1)
                                                         _114_ (net)
                      0.063409    0.000174    4.054382 ^ _343_/B (sky130_fd_sc_hd__and2b_1)
     3    0.019690    0.138067    0.155126    4.209508 ^ _343_/X (sky130_fd_sc_hd__and2b_1)
                                                         u_ibex.u_ibex_core.load_store_unit_i.addr_last_d[10] (net)
                      0.138074    0.000798    4.210306 ^ _693_/A (sky130_fd_sc_hd__buf_8)
     3    0.131431    0.155425    0.136922    4.347228 ^ _693_/X (sky130_fd_sc_hd__buf_8)
                                                         net32 (net)
                      0.209124    0.071350    4.418578 ^ output32/A (sky130_fd_sc_hd__buf_2)
     1    0.034504    0.129408    0.169278    4.587855 ^ output32/X (sky130_fd_sc_hd__buf_2)
                                                         tl_o[71] (net)
                      0.129410    0.000797    4.588652 ^ tl_o[71] (out)
                                              4.588652   data arrival time

                                 25.000000   25.000000   clock clk_i (rise edge)
                                  0.000000   25.000000   clock network delay (propagated)
                                 -0.250000   24.750000   clock uncertainty
                                  0.000000   24.750000   clock reconvergence pessimism
                                 -5.000000   19.750000   output external delay
                                             19.750000   data required time
---------------------------------------------------------------------------------------------
                                             19.750000   data required time
                                             -4.588652   data arrival time
---------------------------------------------------------------------------------------------
                                             15.161348   slack (MET)


Startpoint: _578_ (rising edge-triggered flip-flop clocked by clk_i)
Endpoint: tl_o[66] (output port clocked by clk_i)
Path Group: clk_i
Path Type: max

Fanout         Cap        Slew       Delay        Time   Description
---------------------------------------------------------------------------------------------
                                  0.000000    0.000000   clock clk_i (rise edge)
                                  0.000000    0.000000   clock source latency
     2    0.077175    0.262105    0.196252    0.196252 ^ clk_i (in)
                                                         clk_i (net)
                      0.266425    0.000000    0.196252 ^ clkbuf_0_clk_i/A (sky130_fd_sc_hd__clkbuf_16)
     2    0.018739    0.036606    0.127371    0.323623 ^ clkbuf_0_clk_i/X (sky130_fd_sc_hd__clkbuf_16)
                                                         clknet_0_clk_i (net)
                      0.036606    0.000406    0.324030 ^ clkbuf_1_0__f_clk_i/A (sky130_fd_sc_hd__clkbuf_16)
     3    0.008468    0.023514    0.078213    0.402242 ^ clkbuf_1_0__f_clk_i/X (sky130_fd_sc_hd__clkbuf_16)
                                                         clknet_1_0__leaf_clk_i (net)
                      0.023514    0.000191    0.402433 ^ _498_/A (sky130_fd_sc_hd__and2_2)
     3    0.052614    0.202686    0.198500    0.600933 ^ _498_/X (sky130_fd_sc_hd__and2_2)
                                                         u_ibex.clk (net)
                      0.203830    0.012306    0.613239 ^ clkbuf_0_u_ibex.clk/A (sky130_fd_sc_hd__clkbuf_16)
     9    0.081193    0.077169    0.153052    0.766291 ^ clkbuf_0_u_ibex.clk/X (sky130_fd_sc_hd__clkbuf_16)
                                                         clknet_0_u_ibex.clk (net)
                      0.078340    0.007465    0.773756 ^ clkbuf_2_2__f_u_ibex.clk/A (sky130_fd_sc_hd__clkbuf_16)
    31    0.105244    0.094104    0.135620    0.909376 ^ clkbuf_2_2__f_u_ibex.clk/X (sky130_fd_sc_hd__clkbuf_16)
                                                         clknet_2_2__leaf_u_ibex.clk (net)
                      0.096859    0.012546    0.921921 ^ _578_/CLK (sky130_fd_sc_hd__dfrtp_1)
     1    0.005901    0.049644    0.230579    1.152500 ^ _578_/Q (sky130_fd_sc_hd__dfrtp_1)
                                                         u_ibex.u_ibex_core.load_store_unit_i.ls_fsm_cs[1] (net)
                      0.049644    0.000217    1.152718 ^ hold126/A (sky130_fd_sc_hd__dlygate4sd3_1)
     1    0.003623    0.043154    0.380024    1.532742 ^ hold126/X (sky130_fd_sc_hd__dlygate4sd3_1)
                                                         net297 (net)
                      0.043154    0.000109    1.532851 ^ hold117/A (sky130_fd_sc_hd__dlygate4sd3_1)
     1    0.002210    0.033898    0.369606    1.902458 ^ hold117/X (sky130_fd_sc_hd__dlygate4sd3_1)
                                                         net288 (net)
                      0.033898    0.000064    1.902522 ^ hold127/A (sky130_fd_sc_hd__dlygate4sd3_1)
     3    0.012267    0.102198    0.423028    2.325550 ^ hold127/X (sky130_fd_sc_hd__dlygate4sd3_1)
                                                         net298 (net)
                      0.102198    0.000167    2.325716 ^ fanout82/A (sky130_fd_sc_hd__dlymetal6s2s_1)
     2    0.007414    0.077055    0.101312    2.427029 ^ fanout82/X (sky130_fd_sc_hd__dlymetal6s2s_1)
                                                         net82 (net)
                      0.077055    0.000097    2.427126 ^ hold128/A (sky130_fd_sc_hd__dlygate4sd3_1)
     5    0.020081    0.158566    0.470677    2.897803 ^ hold128/X (sky130_fd_sc_hd__dlygate4sd3_1)
                                                         net299 (net)
                      0.158566    0.000588    2.898390 ^ _256_/C_N (sky130_fd_sc_hd__nor3b_2)
     7    0.026699    0.333029    0.303581    3.201972 ^ _256_/Y (sky130_fd_sc_hd__nor3b_2)
                                                         _046_ (net)
                      0.333036    0.001303    3.203274 ^ wire77/A (sky130_fd_sc_hd__buf_4)
     7    0.060324    0.130451    0.170383    3.373657 ^ wire77/X (sky130_fd_sc_hd__buf_4)
                                                         net77 (net)
                      0.133554    0.015846    3.389503 ^ _262_/A (sky130_fd_sc_hd__or3_1)
     2    0.010357    0.077324    0.119867    3.509371 ^ _262_/X (sky130_fd_sc_hd__or3_1)
                                                         _052_ (net)
                      0.077324    0.000300    3.509671 ^ fanout70/A (sky130_fd_sc_hd__clkbuf_2)
     5    0.029801    0.127149    0.145021    3.654692 ^ fanout70/X (sky130_fd_sc_hd__clkbuf_2)
                                                         net70 (net)
                      0.127156    0.000800    3.655492 ^ fanout67/A (sky130_fd_sc_hd__dlymetal6s2s_1)
     6    0.023944    0.192665    0.186946    3.842438 ^ fanout67/X (sky130_fd_sc_hd__dlymetal6s2s_1)
                                                         net67 (net)
                      0.192666    0.000357    3.842795 ^ _314_/B1_N (sky130_fd_sc_hd__a21bo_1)
     2    0.008055    0.041003    0.124955    3.967749 v _314_/X (sky130_fd_sc_hd__a21bo_1)
                                                         _097_ (net)
                      0.041003    0.000206    3.967955 v _315_/B (sky130_fd_sc_hd__nor2_1)
     4    0.018898    0.243936    0.198042    4.165998 ^ _315_/Y (sky130_fd_sc_hd__nor2_1)
                                                         u_ibex.u_ibex_core.load_store_unit_i.addr_last_d[5] (net)
                      0.243938    0.000512    4.166511 ^ _688_/A (sky130_fd_sc_hd__clkbuf_1)
     1    0.002559    0.033179    0.058233    4.224743 ^ _688_/X (sky130_fd_sc_hd__clkbuf_1)
                                                         net27 (net)
                      0.033179    0.000074    4.224817 ^ output27/A (sky130_fd_sc_hd__buf_2)
     1    0.034323    0.128402    0.137970    4.362787 ^ output27/X (sky130_fd_sc_hd__buf_2)
                                                         tl_o[66] (net)
                      0.128408    0.000733    4.363520 ^ tl_o[66] (out)
                                              4.363520   data arrival time

                                 25.000000   25.000000   clock clk_i (rise edge)
                                  0.000000   25.000000   clock network delay (propagated)
                                 -0.250000   24.750000   clock uncertainty
                                  0.000000   24.750000   clock reconvergence pessimism
                                 -5.000000   19.750000   output external delay
                                             19.750000   data required time
---------------------------------------------------------------------------------------------
                                             19.750000   data required time
                                             -4.363520   data arrival time
---------------------------------------------------------------------------------------------
                                             15.386480   slack (MET)


Startpoint: _578_ (rising edge-triggered flip-flop clocked by clk_i)
Endpoint: tl_o[68] (output port clocked by clk_i)
Path Group: clk_i
Path Type: max

Fanout         Cap        Slew       Delay        Time   Description
---------------------------------------------------------------------------------------------
                                  0.000000    0.000000   clock clk_i (rise edge)
                                  0.000000    0.000000   clock source latency
     2    0.077175    0.262105    0.196252    0.196252 ^ clk_i (in)
                                                         clk_i (net)
                      0.266425    0.000000    0.196252 ^ clkbuf_0_clk_i/A (sky130_fd_sc_hd__clkbuf_16)
     2    0.018739    0.036606    0.127371    0.323623 ^ clkbuf_0_clk_i/X (sky130_fd_sc_hd__clkbuf_16)
                                                         clknet_0_clk_i (net)
                      0.036606    0.000406    0.324030 ^ clkbuf_1_0__f_clk_i/A (sky130_fd_sc_hd__clkbuf_16)
     3    0.008468    0.023514    0.078213    0.402242 ^ clkbuf_1_0__f_clk_i/X (sky130_fd_sc_hd__clkbuf_16)
                                                         clknet_1_0__leaf_clk_i (net)
                      0.023514    0.000191    0.402433 ^ _498_/A (sky130_fd_sc_hd__and2_2)
     3    0.052614    0.202686    0.198500    0.600933 ^ _498_/X (sky130_fd_sc_hd__and2_2)
                                                         u_ibex.clk (net)
                      0.203830    0.012306    0.613239 ^ clkbuf_0_u_ibex.clk/A (sky130_fd_sc_hd__clkbuf_16)
     9    0.081193    0.077169    0.153052    0.766291 ^ clkbuf_0_u_ibex.clk/X (sky130_fd_sc_hd__clkbuf_16)
                                                         clknet_0_u_ibex.clk (net)
                      0.078340    0.007465    0.773756 ^ clkbuf_2_2__f_u_ibex.clk/A (sky130_fd_sc_hd__clkbuf_16)
    31    0.105244    0.094104    0.135620    0.909376 ^ clkbuf_2_2__f_u_ibex.clk/X (sky130_fd_sc_hd__clkbuf_16)
                                                         clknet_2_2__leaf_u_ibex.clk (net)
                      0.096859    0.012546    0.921921 ^ _578_/CLK (sky130_fd_sc_hd__dfrtp_1)
     1    0.005901    0.049644    0.230579    1.152500 ^ _578_/Q (sky130_fd_sc_hd__dfrtp_1)
                                                         u_ibex.u_ibex_core.load_store_unit_i.ls_fsm_cs[1] (net)
                      0.049644    0.000217    1.152718 ^ hold126/A (sky130_fd_sc_hd__dlygate4sd3_1)
     1    0.003623    0.043154    0.380024    1.532742 ^ hold126/X (sky130_fd_sc_hd__dlygate4sd3_1)
                                                         net297 (net)
                      0.043154    0.000109    1.532851 ^ hold117/A (sky130_fd_sc_hd__dlygate4sd3_1)
     1    0.002210    0.033898    0.369606    1.902458 ^ hold117/X (sky130_fd_sc_hd__dlygate4sd3_1)
                                                         net288 (net)
                      0.033898    0.000064    1.902522 ^ hold127/A (sky130_fd_sc_hd__dlygate4sd3_1)
     3    0.012267    0.102198    0.423028    2.325550 ^ hold127/X (sky130_fd_sc_hd__dlygate4sd3_1)
                                                         net298 (net)
                      0.102198    0.000167    2.325716 ^ fanout82/A (sky130_fd_sc_hd__dlymetal6s2s_1)
     2    0.007414    0.077055    0.101312    2.427029 ^ fanout82/X (sky130_fd_sc_hd__dlymetal6s2s_1)
                                                         net82 (net)
                      0.077055    0.000097    2.427126 ^ hold128/A (sky130_fd_sc_hd__dlygate4sd3_1)
     5    0.020081    0.158566    0.470677    2.897803 ^ hold128/X (sky130_fd_sc_hd__dlygate4sd3_1)
                                                         net299 (net)
                      0.158566    0.000588    2.898390 ^ _256_/C_N (sky130_fd_sc_hd__nor3b_2)
     7    0.026699    0.333029    0.303581    3.201972 ^ _256_/Y (sky130_fd_sc_hd__nor3b_2)
                                                         _046_ (net)
                      0.333036    0.001303    3.203274 ^ wire77/A (sky130_fd_sc_hd__buf_4)
     7    0.060324    0.130451    0.170383    3.373657 ^ wire77/X (sky130_fd_sc_hd__buf_4)
                                                         net77 (net)
                      0.133584    0.015921    3.389579 ^ _281_/A1 (sky130_fd_sc_hd__o311a_2)
     5    0.014538    0.067068    0.147891    3.537469 ^ _281_/X (sky130_fd_sc_hd__o311a_2)
                                                         _071_ (net)
                      0.067069    0.000389    3.537859 ^ hold342/A (sky130_fd_sc_hd__dlygate4sd3_1)
     2    0.010032    0.086175    0.417886    3.955744 ^ hold342/X (sky130_fd_sc_hd__dlygate4sd3_1)
                                                         net513 (net)
                      0.086175    0.000212    3.955956 ^ _317_/B1 (sky130_fd_sc_hd__a21oi_1)
     1    0.006336    0.055512    0.039481    3.995437 v _317_/Y (sky130_fd_sc_hd__a21oi_1)
                                                         _099_ (net)
                      0.055513    0.000239    3.995676 v _318_/B1 (sky130_fd_sc_hd__a21oi_2)
     4    0.020599    0.194946    0.129011    4.124687 ^ _318_/Y (sky130_fd_sc_hd__a21oi_2)
                                                         u_ibex.u_ibex_core.load_store_unit_i.addr_last_d[7] (net)
                      0.194950    0.000747    4.125433 ^ _690_/A (sky130_fd_sc_hd__clkbuf_1)
     1    0.002697    0.033440    0.059507    4.184940 ^ _690_/X (sky130_fd_sc_hd__clkbuf_1)
                                                         net29 (net)
                      0.033440    0.000078    4.185018 ^ output29/A (sky130_fd_sc_hd__buf_2)
     1    0.034795    0.130098    0.139117    4.324135 ^ output29/X (sky130_fd_sc_hd__buf_2)
                                                         tl_o[68] (net)
                      0.130106    0.000878    4.325013 ^ tl_o[68] (out)
                                              4.325013   data arrival time

                                 25.000000   25.000000   clock clk_i (rise edge)
                                  0.000000   25.000000   clock network delay (propagated)
                                 -0.250000   24.750000   clock uncertainty
                                  0.000000   24.750000   clock reconvergence pessimism
                                 -5.000000   19.750000   output external delay
                                             19.750000   data required time
---------------------------------------------------------------------------------------------
                                             19.750000   data required time
                                             -4.325013   data arrival time
---------------------------------------------------------------------------------------------
                                             15.424986   slack (MET)


Startpoint: _578_ (rising edge-triggered flip-flop clocked by clk_i)
Endpoint: tl_o[70] (output port clocked by clk_i)
Path Group: clk_i
Path Type: max

Fanout         Cap        Slew       Delay        Time   Description
---------------------------------------------------------------------------------------------
                                  0.000000    0.000000   clock clk_i (rise edge)
                                  0.000000    0.000000   clock source latency
     2    0.077175    0.262105    0.196252    0.196252 ^ clk_i (in)
                                                         clk_i (net)
                      0.266425    0.000000    0.196252 ^ clkbuf_0_clk_i/A (sky130_fd_sc_hd__clkbuf_16)
     2    0.018739    0.036606    0.127371    0.323623 ^ clkbuf_0_clk_i/X (sky130_fd_sc_hd__clkbuf_16)
                                                         clknet_0_clk_i (net)
                      0.036606    0.000406    0.324030 ^ clkbuf_1_0__f_clk_i/A (sky130_fd_sc_hd__clkbuf_16)
     3    0.008468    0.023514    0.078213    0.402242 ^ clkbuf_1_0__f_clk_i/X (sky130_fd_sc_hd__clkbuf_16)
                                                         clknet_1_0__leaf_clk_i (net)
                      0.023514    0.000191    0.402433 ^ _498_/A (sky130_fd_sc_hd__and2_2)
     3    0.052614    0.202686    0.198500    0.600933 ^ _498_/X (sky130_fd_sc_hd__and2_2)
                                                         u_ibex.clk (net)
                      0.203830    0.012306    0.613239 ^ clkbuf_0_u_ibex.clk/A (sky130_fd_sc_hd__clkbuf_16)
     9    0.081193    0.077169    0.153052    0.766291 ^ clkbuf_0_u_ibex.clk/X (sky130_fd_sc_hd__clkbuf_16)
                                                         clknet_0_u_ibex.clk (net)
                      0.078340    0.007465    0.773756 ^ clkbuf_2_2__f_u_ibex.clk/A (sky130_fd_sc_hd__clkbuf_16)
    31    0.105244    0.094104    0.135620    0.909376 ^ clkbuf_2_2__f_u_ibex.clk/X (sky130_fd_sc_hd__clkbuf_16)
                                                         clknet_2_2__leaf_u_ibex.clk (net)
                      0.096859    0.012546    0.921921 ^ _578_/CLK (sky130_fd_sc_hd__dfrtp_1)
     1    0.005901    0.049644    0.230579    1.152500 ^ _578_/Q (sky130_fd_sc_hd__dfrtp_1)
                                                         u_ibex.u_ibex_core.load_store_unit_i.ls_fsm_cs[1] (net)
                      0.049644    0.000217    1.152718 ^ hold126/A (sky130_fd_sc_hd__dlygate4sd3_1)
     1    0.003623    0.043154    0.380024    1.532742 ^ hold126/X (sky130_fd_sc_hd__dlygate4sd3_1)
                                                         net297 (net)
                      0.043154    0.000109    1.532851 ^ hold117/A (sky130_fd_sc_hd__dlygate4sd3_1)
     1    0.002210    0.033898    0.369606    1.902458 ^ hold117/X (sky130_fd_sc_hd__dlygate4sd3_1)
                                                         net288 (net)
                      0.033898    0.000064    1.902522 ^ hold127/A (sky130_fd_sc_hd__dlygate4sd3_1)
     3    0.012267    0.102198    0.423028    2.325550 ^ hold127/X (sky130_fd_sc_hd__dlygate4sd3_1)
                                                         net298 (net)
                      0.102198    0.000167    2.325716 ^ fanout82/A (sky130_fd_sc_hd__dlymetal6s2s_1)
     2    0.007414    0.077055    0.101312    2.427029 ^ fanout82/X (sky130_fd_sc_hd__dlymetal6s2s_1)
                                                         net82 (net)
                      0.077055    0.000097    2.427126 ^ hold128/A (sky130_fd_sc_hd__dlygate4sd3_1)
     5    0.020081    0.158566    0.470677    2.897803 ^ hold128/X (sky130_fd_sc_hd__dlygate4sd3_1)
                                                         net299 (net)
                      0.158566    0.000588    2.898390 ^ _256_/C_N (sky130_fd_sc_hd__nor3b_2)
     7    0.026699    0.333029    0.303581    3.201972 ^ _256_/Y (sky130_fd_sc_hd__nor3b_2)
                                                         _046_ (net)
                      0.333036    0.001303    3.203274 ^ wire77/A (sky130_fd_sc_hd__buf_4)
     7    0.060324    0.130451    0.170383    3.373657 ^ wire77/X (sky130_fd_sc_hd__buf_4)
                                                         net77 (net)
                      0.133554    0.015846    3.389503 ^ _262_/A (sky130_fd_sc_hd__or3_1)
     2    0.010357    0.077324    0.119867    3.509371 ^ _262_/X (sky130_fd_sc_hd__or3_1)
                                                         _052_ (net)
                      0.077324    0.000252    3.509623 ^ fanout75/A (sky130_fd_sc_hd__buf_1)
     3    0.019274    0.171762    0.154533    3.664156 ^ fanout75/X (sky130_fd_sc_hd__buf_1)
                                                         net75 (net)
                      0.171763    0.000345    3.664501 ^ _354_/A2 (sky130_fd_sc_hd__a21oi_1)
     1    0.005530    0.055188    0.064513    3.729014 v _354_/Y (sky130_fd_sc_hd__a21oi_1)
                                                         _122_ (net)
                      0.055188    0.000143    3.729156 v _355_/B (sky130_fd_sc_hd__nor2_2)
     4    0.025116    0.205424    0.173825    3.902981 ^ _355_/Y (sky130_fd_sc_hd__nor2_2)
                                                         u_ibex.u_ibex_core.load_store_unit_i.addr_last_d[9] (net)
                      0.205435    0.001238    3.904218 ^ _692_/A (sky130_fd_sc_hd__buf_8)
     3    0.131742    0.156026    0.142136    4.046354 ^ _692_/X (sky130_fd_sc_hd__buf_8)
                                                         net31 (net)
                      0.209505    0.071172    4.117527 ^ output31/A (sky130_fd_sc_hd__buf_2)
     1    0.034490    0.129360    0.169283    4.286809 ^ output31/X (sky130_fd_sc_hd__buf_2)
                                                         tl_o[70] (net)
                      0.129363    0.000796    4.287605 ^ tl_o[70] (out)
                                              4.287605   data arrival time

                                 25.000000   25.000000   clock clk_i (rise edge)
                                  0.000000   25.000000   clock network delay (propagated)
                                 -0.250000   24.750000   clock uncertainty
                                  0.000000   24.750000   clock reconvergence pessimism
                                 -5.000000   19.750000   output external delay
                                             19.750000   data required time
---------------------------------------------------------------------------------------------
                                             19.750000   data required time
                                             -4.287605   data arrival time
---------------------------------------------------------------------------------------------
                                             15.462395   slack (MET)


Startpoint: _578_ (rising edge-triggered flip-flop clocked by clk_i)
Endpoint: tl_o[65] (output port clocked by clk_i)
Path Group: clk_i
Path Type: max

Fanout         Cap        Slew       Delay        Time   Description
---------------------------------------------------------------------------------------------
                                  0.000000    0.000000   clock clk_i (rise edge)
                                  0.000000    0.000000   clock source latency
     2    0.077175    0.262105    0.196252    0.196252 ^ clk_i (in)
                                                         clk_i (net)
                      0.266425    0.000000    0.196252 ^ clkbuf_0_clk_i/A (sky130_fd_sc_hd__clkbuf_16)
     2    0.018739    0.036606    0.127371    0.323623 ^ clkbuf_0_clk_i/X (sky130_fd_sc_hd__clkbuf_16)
                                                         clknet_0_clk_i (net)
                      0.036606    0.000406    0.324030 ^ clkbuf_1_0__f_clk_i/A (sky130_fd_sc_hd__clkbuf_16)
     3    0.008468    0.023514    0.078213    0.402242 ^ clkbuf_1_0__f_clk_i/X (sky130_fd_sc_hd__clkbuf_16)
                                                         clknet_1_0__leaf_clk_i (net)
                      0.023514    0.000191    0.402433 ^ _498_/A (sky130_fd_sc_hd__and2_2)
     3    0.052614    0.202686    0.198500    0.600933 ^ _498_/X (sky130_fd_sc_hd__and2_2)
                                                         u_ibex.clk (net)
                      0.203830    0.012306    0.613239 ^ clkbuf_0_u_ibex.clk/A (sky130_fd_sc_hd__clkbuf_16)
     9    0.081193    0.077169    0.153052    0.766291 ^ clkbuf_0_u_ibex.clk/X (sky130_fd_sc_hd__clkbuf_16)
                                                         clknet_0_u_ibex.clk (net)
                      0.078340    0.007465    0.773756 ^ clkbuf_2_2__f_u_ibex.clk/A (sky130_fd_sc_hd__clkbuf_16)
    31    0.105244    0.094104    0.135620    0.909376 ^ clkbuf_2_2__f_u_ibex.clk/X (sky130_fd_sc_hd__clkbuf_16)
                                                         clknet_2_2__leaf_u_ibex.clk (net)
                      0.096859    0.012546    0.921921 ^ _578_/CLK (sky130_fd_sc_hd__dfrtp_1)
     1    0.005901    0.049644    0.230579    1.152500 ^ _578_/Q (sky130_fd_sc_hd__dfrtp_1)
                                                         u_ibex.u_ibex_core.load_store_unit_i.ls_fsm_cs[1] (net)
                      0.049644    0.000217    1.152718 ^ hold126/A (sky130_fd_sc_hd__dlygate4sd3_1)
     1    0.003623    0.043154    0.380024    1.532742 ^ hold126/X (sky130_fd_sc_hd__dlygate4sd3_1)
                                                         net297 (net)
                      0.043154    0.000109    1.532851 ^ hold117/A (sky130_fd_sc_hd__dlygate4sd3_1)
     1    0.002210    0.033898    0.369606    1.902458 ^ hold117/X (sky130_fd_sc_hd__dlygate4sd3_1)
                                                         net288 (net)
                      0.033898    0.000064    1.902522 ^ hold127/A (sky130_fd_sc_hd__dlygate4sd3_1)
     3    0.012267    0.102198    0.423028    2.325550 ^ hold127/X (sky130_fd_sc_hd__dlygate4sd3_1)
                                                         net298 (net)
                      0.102198    0.000167    2.325716 ^ fanout82/A (sky130_fd_sc_hd__dlymetal6s2s_1)
     2    0.007414    0.077055    0.101312    2.427029 ^ fanout82/X (sky130_fd_sc_hd__dlymetal6s2s_1)
                                                         net82 (net)
                      0.077055    0.000097    2.427126 ^ hold128/A (sky130_fd_sc_hd__dlygate4sd3_1)
     5    0.020081    0.158566    0.470677    2.897803 ^ hold128/X (sky130_fd_sc_hd__dlygate4sd3_1)
                                                         net299 (net)
                      0.158566    0.000588    2.898390 ^ _256_/C_N (sky130_fd_sc_hd__nor3b_2)
     7    0.026699    0.333029    0.303581    3.201972 ^ _256_/Y (sky130_fd_sc_hd__nor3b_2)
                                                         _046_ (net)
                      0.333036    0.001303    3.203274 ^ wire77/A (sky130_fd_sc_hd__buf_4)
     7    0.060324    0.130451    0.170383    3.373657 ^ wire77/X (sky130_fd_sc_hd__buf_4)
                                                         net77 (net)
                      0.133554    0.015846    3.389503 ^ _262_/A (sky130_fd_sc_hd__or3_1)
     2    0.010357    0.077324    0.119867    3.509371 ^ _262_/X (sky130_fd_sc_hd__or3_1)
                                                         _052_ (net)
                      0.077324    0.000300    3.509671 ^ fanout70/A (sky130_fd_sc_hd__clkbuf_2)
     5    0.029801    0.127149    0.145021    3.654692 ^ fanout70/X (sky130_fd_sc_hd__clkbuf_2)
                                                         net70 (net)
                      0.127156    0.000800    3.655492 ^ fanout67/A (sky130_fd_sc_hd__dlymetal6s2s_1)
     6    0.023944    0.192665    0.186946    3.842438 ^ fanout67/X (sky130_fd_sc_hd__dlymetal6s2s_1)
                                                         net67 (net)
                      0.192665    0.000303    3.842741 ^ _390_/A (sky130_fd_sc_hd__and3_1)
     3    0.019212    0.148090    0.192562    4.035303 ^ _390_/X (sky130_fd_sc_hd__and3_1)
                                                         u_ibex.u_ibex_core.load_store_unit_i.addr_last_d[4] (net)
                      0.148090    0.000543    4.035846 ^ _687_/A (sky130_fd_sc_hd__clkbuf_1)
     1    0.002771    0.033331    0.060360    4.096206 ^ _687_/X (sky130_fd_sc_hd__clkbuf_1)
                                                         net26 (net)
                      0.033331    0.000082    4.096288 ^ output26/A (sky130_fd_sc_hd__buf_2)
     1    0.034824    0.130194    0.139182    4.235470 ^ output26/X (sky130_fd_sc_hd__buf_2)
                                                         tl_o[65] (net)
                      0.130202    0.000836    4.236307 ^ tl_o[65] (out)
                                              4.236307   data arrival time

                                 25.000000   25.000000   clock clk_i (rise edge)
                                  0.000000   25.000000   clock network delay (propagated)
                                 -0.250000   24.750000   clock uncertainty
                                  0.000000   24.750000   clock reconvergence pessimism
                                 -5.000000   19.750000   output external delay
                                             19.750000   data required time
---------------------------------------------------------------------------------------------
                                             19.750000   data required time
                                             -4.236307   data arrival time
---------------------------------------------------------------------------------------------
                                             15.513692   slack (MET)


Startpoint: _578_ (rising edge-triggered flip-flop clocked by clk_i)
Endpoint: tl_o[67] (output port clocked by clk_i)
Path Group: clk_i
Path Type: max

Fanout         Cap        Slew       Delay        Time   Description
---------------------------------------------------------------------------------------------
                                  0.000000    0.000000   clock clk_i (rise edge)
                                  0.000000    0.000000   clock source latency
     2    0.077175    0.262105    0.196252    0.196252 ^ clk_i (in)
                                                         clk_i (net)
                      0.266425    0.000000    0.196252 ^ clkbuf_0_clk_i/A (sky130_fd_sc_hd__clkbuf_16)
     2    0.018739    0.036606    0.127371    0.323623 ^ clkbuf_0_clk_i/X (sky130_fd_sc_hd__clkbuf_16)
                                                         clknet_0_clk_i (net)
                      0.036606    0.000406    0.324030 ^ clkbuf_1_0__f_clk_i/A (sky130_fd_sc_hd__clkbuf_16)
     3    0.008468    0.023514    0.078213    0.402242 ^ clkbuf_1_0__f_clk_i/X (sky130_fd_sc_hd__clkbuf_16)
                                                         clknet_1_0__leaf_clk_i (net)
                      0.023514    0.000191    0.402433 ^ _498_/A (sky130_fd_sc_hd__and2_2)
     3    0.052614    0.202686    0.198500    0.600933 ^ _498_/X (sky130_fd_sc_hd__and2_2)
                                                         u_ibex.clk (net)
                      0.203830    0.012306    0.613239 ^ clkbuf_0_u_ibex.clk/A (sky130_fd_sc_hd__clkbuf_16)
     9    0.081193    0.077169    0.153052    0.766291 ^ clkbuf_0_u_ibex.clk/X (sky130_fd_sc_hd__clkbuf_16)
                                                         clknet_0_u_ibex.clk (net)
                      0.078340    0.007465    0.773756 ^ clkbuf_2_2__f_u_ibex.clk/A (sky130_fd_sc_hd__clkbuf_16)
    31    0.105244    0.094104    0.135620    0.909376 ^ clkbuf_2_2__f_u_ibex.clk/X (sky130_fd_sc_hd__clkbuf_16)
                                                         clknet_2_2__leaf_u_ibex.clk (net)
                      0.096859    0.012546    0.921921 ^ _578_/CLK (sky130_fd_sc_hd__dfrtp_1)
     1    0.005901    0.049644    0.230579    1.152500 ^ _578_/Q (sky130_fd_sc_hd__dfrtp_1)
                                                         u_ibex.u_ibex_core.load_store_unit_i.ls_fsm_cs[1] (net)
                      0.049644    0.000217    1.152718 ^ hold126/A (sky130_fd_sc_hd__dlygate4sd3_1)
     1    0.003623    0.043154    0.380024    1.532742 ^ hold126/X (sky130_fd_sc_hd__dlygate4sd3_1)
                                                         net297 (net)
                      0.043154    0.000109    1.532851 ^ hold117/A (sky130_fd_sc_hd__dlygate4sd3_1)
     1    0.002210    0.033898    0.369606    1.902458 ^ hold117/X (sky130_fd_sc_hd__dlygate4sd3_1)
                                                         net288 (net)
                      0.033898    0.000064    1.902522 ^ hold127/A (sky130_fd_sc_hd__dlygate4sd3_1)
     3    0.012267    0.102198    0.423028    2.325550 ^ hold127/X (sky130_fd_sc_hd__dlygate4sd3_1)
                                                         net298 (net)
                      0.102198    0.000167    2.325716 ^ fanout82/A (sky130_fd_sc_hd__dlymetal6s2s_1)
     2    0.007414    0.077055    0.101312    2.427029 ^ fanout82/X (sky130_fd_sc_hd__dlymetal6s2s_1)
                                                         net82 (net)
                      0.077055    0.000097    2.427126 ^ hold128/A (sky130_fd_sc_hd__dlygate4sd3_1)
     5    0.020081    0.158566    0.470677    2.897803 ^ hold128/X (sky130_fd_sc_hd__dlygate4sd3_1)
                                                         net299 (net)
                      0.158566    0.000588    2.898390 ^ _256_/C_N (sky130_fd_sc_hd__nor3b_2)
     7    0.026699    0.333029    0.303581    3.201972 ^ _256_/Y (sky130_fd_sc_hd__nor3b_2)
                                                         _046_ (net)
                      0.333036    0.001303    3.203274 ^ wire77/A (sky130_fd_sc_hd__buf_4)
     7    0.060324    0.130451    0.170383    3.373657 ^ wire77/X (sky130_fd_sc_hd__buf_4)
                                                         net77 (net)
                      0.133554    0.015846    3.389503 ^ _262_/A (sky130_fd_sc_hd__or3_1)
     2    0.010357    0.077324    0.119867    3.509371 ^ _262_/X (sky130_fd_sc_hd__or3_1)
                                                         _052_ (net)
                      0.077324    0.000300    3.509671 ^ fanout70/A (sky130_fd_sc_hd__clkbuf_2)
     5    0.029801    0.127149    0.145021    3.654692 ^ fanout70/X (sky130_fd_sc_hd__clkbuf_2)
                                                         net70 (net)
                      0.127150    0.000338    3.655030 ^ fanout68/A (sky130_fd_sc_hd__buf_1)
     3    0.011478    0.105295    0.111993    3.767022 ^ fanout68/X (sky130_fd_sc_hd__buf_1)
                                                         net68 (net)
                      0.105296    0.000361    3.767384 ^ _377_/B1 (sky130_fd_sc_hd__o21a_1)
     3    0.011728    0.087796    0.106489    3.873873 ^ _377_/X (sky130_fd_sc_hd__o21a_1)
                                                         _139_ (net)
                      0.087796    0.000272    3.874145 ^ _378_/B (sky130_fd_sc_hd__and2b_1)
     3    0.018454    0.129973    0.153396    4.027540 ^ _378_/X (sky130_fd_sc_hd__and2b_1)
                                                         u_ibex.u_ibex_core.load_store_unit_i.addr_last_d[6] (net)
                      0.130024    0.001005    4.028545 ^ _689_/A (sky130_fd_sc_hd__clkbuf_1)
     1    0.002548    0.031385    0.059178    4.087724 ^ _689_/X (sky130_fd_sc_hd__clkbuf_1)
                                                         net28 (net)
                      0.031385    0.000073    4.087797 ^ output28/A (sky130_fd_sc_hd__buf_2)
     1    0.034319    0.128446    0.137414    4.225211 ^ output28/X (sky130_fd_sc_hd__buf_2)
                                                         tl_o[67] (net)
                      0.128452    0.000733    4.225943 ^ tl_o[67] (out)
                                              4.225943   data arrival time

                                 25.000000   25.000000   clock clk_i (rise edge)
                                  0.000000   25.000000   clock network delay (propagated)
                                 -0.250000   24.750000   clock uncertainty
                                  0.000000   24.750000   clock reconvergence pessimism
                                 -5.000000   19.750000   output external delay
                                             19.750000   data required time
---------------------------------------------------------------------------------------------
                                             19.750000   data required time
                                             -4.225943   data arrival time
---------------------------------------------------------------------------------------------
                                             15.524055   slack (MET)


Startpoint: _578_ (rising edge-triggered flip-flop clocked by clk_i)
Endpoint: tl_o[63] (output port clocked by clk_i)
Path Group: clk_i
Path Type: max

Fanout         Cap        Slew       Delay        Time   Description
---------------------------------------------------------------------------------------------
                                  0.000000    0.000000   clock clk_i (rise edge)
                                  0.000000    0.000000   clock source latency
     2    0.077175    0.262105    0.196252    0.196252 ^ clk_i (in)
                                                         clk_i (net)
                      0.266425    0.000000    0.196252 ^ clkbuf_0_clk_i/A (sky130_fd_sc_hd__clkbuf_16)
     2    0.018739    0.036606    0.127371    0.323623 ^ clkbuf_0_clk_i/X (sky130_fd_sc_hd__clkbuf_16)
                                                         clknet_0_clk_i (net)
                      0.036606    0.000406    0.324030 ^ clkbuf_1_0__f_clk_i/A (sky130_fd_sc_hd__clkbuf_16)
     3    0.008468    0.023514    0.078213    0.402242 ^ clkbuf_1_0__f_clk_i/X (sky130_fd_sc_hd__clkbuf_16)
                                                         clknet_1_0__leaf_clk_i (net)
                      0.023514    0.000191    0.402433 ^ _498_/A (sky130_fd_sc_hd__and2_2)
     3    0.052614    0.202686    0.198500    0.600933 ^ _498_/X (sky130_fd_sc_hd__and2_2)
                                                         u_ibex.clk (net)
                      0.203830    0.012306    0.613239 ^ clkbuf_0_u_ibex.clk/A (sky130_fd_sc_hd__clkbuf_16)
     9    0.081193    0.077169    0.153052    0.766291 ^ clkbuf_0_u_ibex.clk/X (sky130_fd_sc_hd__clkbuf_16)
                                                         clknet_0_u_ibex.clk (net)
                      0.078340    0.007465    0.773756 ^ clkbuf_2_2__f_u_ibex.clk/A (sky130_fd_sc_hd__clkbuf_16)
    31    0.105244    0.094104    0.135620    0.909376 ^ clkbuf_2_2__f_u_ibex.clk/X (sky130_fd_sc_hd__clkbuf_16)
                                                         clknet_2_2__leaf_u_ibex.clk (net)
                      0.096859    0.012546    0.921921 ^ _578_/CLK (sky130_fd_sc_hd__dfrtp_1)
     1    0.005901    0.049644    0.230579    1.152500 ^ _578_/Q (sky130_fd_sc_hd__dfrtp_1)
                                                         u_ibex.u_ibex_core.load_store_unit_i.ls_fsm_cs[1] (net)
                      0.049644    0.000217    1.152718 ^ hold126/A (sky130_fd_sc_hd__dlygate4sd3_1)
     1    0.003623    0.043154    0.380024    1.532742 ^ hold126/X (sky130_fd_sc_hd__dlygate4sd3_1)
                                                         net297 (net)
                      0.043154    0.000109    1.532851 ^ hold117/A (sky130_fd_sc_hd__dlygate4sd3_1)
     1    0.002210    0.033898    0.369606    1.902458 ^ hold117/X (sky130_fd_sc_hd__dlygate4sd3_1)
                                                         net288 (net)
                      0.033898    0.000064    1.902522 ^ hold127/A (sky130_fd_sc_hd__dlygate4sd3_1)
     3    0.012267    0.102198    0.423028    2.325550 ^ hold127/X (sky130_fd_sc_hd__dlygate4sd3_1)
                                                         net298 (net)
                      0.102198    0.000167    2.325716 ^ fanout82/A (sky130_fd_sc_hd__dlymetal6s2s_1)
     2    0.007414    0.077055    0.101312    2.427029 ^ fanout82/X (sky130_fd_sc_hd__dlymetal6s2s_1)
                                                         net82 (net)
                      0.077055    0.000097    2.427126 ^ hold128/A (sky130_fd_sc_hd__dlygate4sd3_1)
     5    0.020081    0.158566    0.470677    2.897803 ^ hold128/X (sky130_fd_sc_hd__dlygate4sd3_1)
                                                         net299 (net)
                      0.158566    0.000588    2.898390 ^ _256_/C_N (sky130_fd_sc_hd__nor3b_2)
     7    0.026699    0.333029    0.303581    3.201972 ^ _256_/Y (sky130_fd_sc_hd__nor3b_2)
                                                         _046_ (net)
                      0.333036    0.001303    3.203274 ^ wire77/A (sky130_fd_sc_hd__buf_4)
     7    0.060324    0.130451    0.170383    3.373657 ^ wire77/X (sky130_fd_sc_hd__buf_4)
                                                         net77 (net)
                      0.133554    0.015846    3.389503 ^ _262_/A (sky130_fd_sc_hd__or3_1)
     2    0.010357    0.077324    0.119867    3.509371 ^ _262_/X (sky130_fd_sc_hd__or3_1)
                                                         _052_ (net)
                      0.077324    0.000300    3.509671 ^ fanout70/A (sky130_fd_sc_hd__clkbuf_2)
     5    0.029801    0.127149    0.145021    3.654692 ^ fanout70/X (sky130_fd_sc_hd__clkbuf_2)
                                                         net70 (net)
                      0.127156    0.000800    3.655492 ^ fanout67/A (sky130_fd_sc_hd__dlymetal6s2s_1)
     6    0.023944    0.192665    0.186946    3.842438 ^ fanout67/X (sky130_fd_sc_hd__dlymetal6s2s_1)
                                                         net67 (net)
                      0.192668    0.000693    3.843131 ^ _368_/B (sky130_fd_sc_hd__and2b_1)
     3    0.013068    0.095199    0.139309    3.982440 ^ _368_/X (sky130_fd_sc_hd__and2b_1)
                                                         u_ibex.u_ibex_core.load_store_unit_i.addr_last_d[2] (net)
                      0.095199    0.000262    3.982702 ^ _685_/A (sky130_fd_sc_hd__clkbuf_1)
     1    0.002708    0.032149    0.058384    4.041086 ^ _685_/X (sky130_fd_sc_hd__clkbuf_1)
                                                         net24 (net)
                      0.032149    0.000079    4.041164 ^ output24/A (sky130_fd_sc_hd__buf_2)
     1    0.034882    0.130464    0.138964    4.180128 ^ output24/X (sky130_fd_sc_hd__buf_2)
                                                         tl_o[63] (net)
                      0.130472    0.000839    4.180967 ^ tl_o[63] (out)
                                              4.180967   data arrival time

                                 25.000000   25.000000   clock clk_i (rise edge)
                                  0.000000   25.000000   clock network delay (propagated)
                                 -0.250000   24.750000   clock uncertainty
                                  0.000000   24.750000   clock reconvergence pessimism
                                 -5.000000   19.750000   output external delay
                                             19.750000   data required time
---------------------------------------------------------------------------------------------
                                             19.750000   data required time
                                             -4.180967   data arrival time
---------------------------------------------------------------------------------------------
                                             15.569033   slack (MET)


Startpoint: _578_ (rising edge-triggered flip-flop clocked by clk_i)
Endpoint: tl_o[64] (output port clocked by clk_i)
Path Group: clk_i
Path Type: max

Fanout         Cap        Slew       Delay        Time   Description
---------------------------------------------------------------------------------------------
                                  0.000000    0.000000   clock clk_i (rise edge)
                                  0.000000    0.000000   clock source latency
     2    0.077175    0.262105    0.196252    0.196252 ^ clk_i (in)
                                                         clk_i (net)
                      0.266425    0.000000    0.196252 ^ clkbuf_0_clk_i/A (sky130_fd_sc_hd__clkbuf_16)
     2    0.018739    0.036606    0.127371    0.323623 ^ clkbuf_0_clk_i/X (sky130_fd_sc_hd__clkbuf_16)
                                                         clknet_0_clk_i (net)
                      0.036606    0.000406    0.324030 ^ clkbuf_1_0__f_clk_i/A (sky130_fd_sc_hd__clkbuf_16)
     3    0.008468    0.023514    0.078213    0.402242 ^ clkbuf_1_0__f_clk_i/X (sky130_fd_sc_hd__clkbuf_16)
                                                         clknet_1_0__leaf_clk_i (net)
                      0.023514    0.000191    0.402433 ^ _498_/A (sky130_fd_sc_hd__and2_2)
     3    0.052614    0.202686    0.198500    0.600933 ^ _498_/X (sky130_fd_sc_hd__and2_2)
                                                         u_ibex.clk (net)
                      0.203830    0.012306    0.613239 ^ clkbuf_0_u_ibex.clk/A (sky130_fd_sc_hd__clkbuf_16)
     9    0.081193    0.077169    0.153052    0.766291 ^ clkbuf_0_u_ibex.clk/X (sky130_fd_sc_hd__clkbuf_16)
                                                         clknet_0_u_ibex.clk (net)
                      0.078340    0.007465    0.773756 ^ clkbuf_2_2__f_u_ibex.clk/A (sky130_fd_sc_hd__clkbuf_16)
    31    0.105244    0.094104    0.135620    0.909376 ^ clkbuf_2_2__f_u_ibex.clk/X (sky130_fd_sc_hd__clkbuf_16)
                                                         clknet_2_2__leaf_u_ibex.clk (net)
                      0.096859    0.012546    0.921921 ^ _578_/CLK (sky130_fd_sc_hd__dfrtp_1)
     1    0.005901    0.049644    0.230579    1.152500 ^ _578_/Q (sky130_fd_sc_hd__dfrtp_1)
                                                         u_ibex.u_ibex_core.load_store_unit_i.ls_fsm_cs[1] (net)
                      0.049644    0.000217    1.152718 ^ hold126/A (sky130_fd_sc_hd__dlygate4sd3_1)
     1    0.003623    0.043154    0.380024    1.532742 ^ hold126/X (sky130_fd_sc_hd__dlygate4sd3_1)
                                                         net297 (net)
                      0.043154    0.000109    1.532851 ^ hold117/A (sky130_fd_sc_hd__dlygate4sd3_1)
     1    0.002210    0.033898    0.369606    1.902458 ^ hold117/X (sky130_fd_sc_hd__dlygate4sd3_1)
                                                         net288 (net)
                      0.033898    0.000064    1.902522 ^ hold127/A (sky130_fd_sc_hd__dlygate4sd3_1)
     3    0.012267    0.102198    0.423028    2.325550 ^ hold127/X (sky130_fd_sc_hd__dlygate4sd3_1)
                                                         net298 (net)
                      0.102198    0.000167    2.325716 ^ fanout82/A (sky130_fd_sc_hd__dlymetal6s2s_1)
     2    0.007414    0.077055    0.101312    2.427029 ^ fanout82/X (sky130_fd_sc_hd__dlymetal6s2s_1)
                                                         net82 (net)
                      0.077055    0.000097    2.427126 ^ hold128/A (sky130_fd_sc_hd__dlygate4sd3_1)
     5    0.020081    0.158566    0.470677    2.897803 ^ hold128/X (sky130_fd_sc_hd__dlygate4sd3_1)
                                                         net299 (net)
                      0.158566    0.000588    2.898390 ^ _256_/C_N (sky130_fd_sc_hd__nor3b_2)
     7    0.026699    0.333029    0.303581    3.201972 ^ _256_/Y (sky130_fd_sc_hd__nor3b_2)
                                                         _046_ (net)
                      0.333036    0.001303    3.203274 ^ wire77/A (sky130_fd_sc_hd__buf_4)
     7    0.060324    0.130451    0.170383    3.373657 ^ wire77/X (sky130_fd_sc_hd__buf_4)
                                                         net77 (net)
                      0.133554    0.015846    3.389503 ^ _262_/A (sky130_fd_sc_hd__or3_1)
     2    0.010357    0.077324    0.119867    3.509371 ^ _262_/X (sky130_fd_sc_hd__or3_1)
                                                         _052_ (net)
                      0.077324    0.000300    3.509671 ^ fanout70/A (sky130_fd_sc_hd__clkbuf_2)
     5    0.029801    0.127149    0.145021    3.654692 ^ fanout70/X (sky130_fd_sc_hd__clkbuf_2)
                                                         net70 (net)
                      0.127156    0.000800    3.655492 ^ fanout67/A (sky130_fd_sc_hd__dlymetal6s2s_1)
     6    0.023944    0.192665    0.186946    3.842438 ^ fanout67/X (sky130_fd_sc_hd__dlymetal6s2s_1)
                                                         net67 (net)
                      0.192667    0.000595    3.843033 ^ _341_/B1 (sky130_fd_sc_hd__o21a_1)
     3    0.014836    0.108806    0.122707    3.965740 ^ _341_/X (sky130_fd_sc_hd__o21a_1)
                                                         u_ibex.u_ibex_core.load_store_unit_i.addr_last_d[3] (net)
                      0.108806    0.000312    3.966052 ^ _686_/A (sky130_fd_sc_hd__clkbuf_1)
     1    0.003343    0.037274    0.063098    4.029150 ^ _686_/X (sky130_fd_sc_hd__clkbuf_1)
                                                         net25 (net)
                      0.037274    0.000104    4.029254 ^ output25/A (sky130_fd_sc_hd__buf_2)
     1    0.034698    0.129740    0.140058    4.169312 ^ output25/X (sky130_fd_sc_hd__buf_2)
                                                         tl_o[64] (net)
                      0.129748    0.000850    4.170162 ^ tl_o[64] (out)
                                              4.170162   data arrival time

                                 25.000000   25.000000   clock clk_i (rise edge)
                                  0.000000   25.000000   clock network delay (propagated)
                                 -0.250000   24.750000   clock uncertainty
                                  0.000000   24.750000   clock reconvergence pessimism
                                 -5.000000   19.750000   output external delay
                                             19.750000   data required time
---------------------------------------------------------------------------------------------
                                             19.750000   data required time
                                             -4.170162   data arrival time
---------------------------------------------------------------------------------------------
                                             15.579837   slack (MET)


Startpoint: _578_ (rising edge-triggered flip-flop clocked by clk_i)
Endpoint: tl_o[69] (output port clocked by clk_i)
Path Group: clk_i
Path Type: max

Fanout         Cap        Slew       Delay        Time   Description
---------------------------------------------------------------------------------------------
                                  0.000000    0.000000   clock clk_i (rise edge)
                                  0.000000    0.000000   clock source latency
     2    0.077175    0.262105    0.196252    0.196252 ^ clk_i (in)
                                                         clk_i (net)
                      0.266425    0.000000    0.196252 ^ clkbuf_0_clk_i/A (sky130_fd_sc_hd__clkbuf_16)
     2    0.018739    0.036606    0.127371    0.323623 ^ clkbuf_0_clk_i/X (sky130_fd_sc_hd__clkbuf_16)
                                                         clknet_0_clk_i (net)
                      0.036606    0.000406    0.324030 ^ clkbuf_1_0__f_clk_i/A (sky130_fd_sc_hd__clkbuf_16)
     3    0.008468    0.023514    0.078213    0.402242 ^ clkbuf_1_0__f_clk_i/X (sky130_fd_sc_hd__clkbuf_16)
                                                         clknet_1_0__leaf_clk_i (net)
                      0.023514    0.000191    0.402433 ^ _498_/A (sky130_fd_sc_hd__and2_2)
     3    0.052614    0.202686    0.198500    0.600933 ^ _498_/X (sky130_fd_sc_hd__and2_2)
                                                         u_ibex.clk (net)
                      0.203830    0.012306    0.613239 ^ clkbuf_0_u_ibex.clk/A (sky130_fd_sc_hd__clkbuf_16)
     9    0.081193    0.077169    0.153052    0.766291 ^ clkbuf_0_u_ibex.clk/X (sky130_fd_sc_hd__clkbuf_16)
                                                         clknet_0_u_ibex.clk (net)
                      0.078340    0.007465    0.773756 ^ clkbuf_2_2__f_u_ibex.clk/A (sky130_fd_sc_hd__clkbuf_16)
    31    0.105244    0.094104    0.135620    0.909376 ^ clkbuf_2_2__f_u_ibex.clk/X (sky130_fd_sc_hd__clkbuf_16)
                                                         clknet_2_2__leaf_u_ibex.clk (net)
                      0.096859    0.012546    0.921921 ^ _578_/CLK (sky130_fd_sc_hd__dfrtp_1)
     1    0.005901    0.049644    0.230579    1.152500 ^ _578_/Q (sky130_fd_sc_hd__dfrtp_1)
                                                         u_ibex.u_ibex_core.load_store_unit_i.ls_fsm_cs[1] (net)
                      0.049644    0.000217    1.152718 ^ hold126/A (sky130_fd_sc_hd__dlygate4sd3_1)
     1    0.003623    0.043154    0.380024    1.532742 ^ hold126/X (sky130_fd_sc_hd__dlygate4sd3_1)
                                                         net297 (net)
                      0.043154    0.000109    1.532851 ^ hold117/A (sky130_fd_sc_hd__dlygate4sd3_1)
     1    0.002210    0.033898    0.369606    1.902458 ^ hold117/X (sky130_fd_sc_hd__dlygate4sd3_1)
                                                         net288 (net)
                      0.033898    0.000064    1.902522 ^ hold127/A (sky130_fd_sc_hd__dlygate4sd3_1)
     3    0.012267    0.102198    0.423028    2.325550 ^ hold127/X (sky130_fd_sc_hd__dlygate4sd3_1)
                                                         net298 (net)
                      0.102198    0.000167    2.325716 ^ fanout82/A (sky130_fd_sc_hd__dlymetal6s2s_1)
     2    0.007414    0.077055    0.101312    2.427029 ^ fanout82/X (sky130_fd_sc_hd__dlymetal6s2s_1)
                                                         net82 (net)
                      0.077055    0.000097    2.427126 ^ hold128/A (sky130_fd_sc_hd__dlygate4sd3_1)
     5    0.020081    0.158566    0.470677    2.897803 ^ hold128/X (sky130_fd_sc_hd__dlygate4sd3_1)
                                                         net299 (net)
                      0.158566    0.000588    2.898390 ^ _256_/C_N (sky130_fd_sc_hd__nor3b_2)
     7    0.026699    0.333029    0.303581    3.201972 ^ _256_/Y (sky130_fd_sc_hd__nor3b_2)
                                                         _046_ (net)
                      0.333036    0.001303    3.203274 ^ wire77/A (sky130_fd_sc_hd__buf_4)
     7    0.060324    0.130451    0.170383    3.373657 ^ wire77/X (sky130_fd_sc_hd__buf_4)
                                                         net77 (net)
                      0.133584    0.015921    3.389579 ^ _281_/A1 (sky130_fd_sc_hd__o311a_2)
     5    0.014538    0.067068    0.147891    3.537469 ^ _281_/X (sky130_fd_sc_hd__o311a_2)
                                                         _071_ (net)
                      0.067069    0.000376    3.537845 ^ _302_/A2 (sky130_fd_sc_hd__a21oi_1)
     1    0.006099    0.047770    0.053997    3.591843 v _302_/Y (sky130_fd_sc_hd__a21oi_1)
                                                         _089_ (net)
                      0.047770    0.000222    3.592065 v _303_/B (sky130_fd_sc_hd__nor2_2)
     5    0.032562    0.259823    0.210649    3.802713 ^ _303_/Y (sky130_fd_sc_hd__nor2_2)
                                                         u_ibex.u_ibex_core.load_store_unit_i.addr_last_d[8] (net)
                      0.259833    0.001400    3.804114 ^ _691_/A (sky130_fd_sc_hd__clkbuf_1)
     1    0.002674    0.034202    0.058793    3.862907 ^ _691_/X (sky130_fd_sc_hd__clkbuf_1)
                                                         net30 (net)
                      0.034202    0.000077    3.862984 ^ output30/A (sky130_fd_sc_hd__buf_2)
     1    0.034393    0.128650    0.138443    4.001426 ^ output30/X (sky130_fd_sc_hd__buf_2)
                                                         tl_o[69] (net)
                      0.128657    0.000747    4.002174 ^ tl_o[69] (out)
                                              4.002174   data arrival time

                                 25.000000   25.000000   clock clk_i (rise edge)
                                  0.000000   25.000000   clock network delay (propagated)
                                 -0.250000   24.750000   clock uncertainty
                                  0.000000   24.750000   clock reconvergence pessimism
                                 -5.000000   19.750000   output external delay
                                             19.750000   data required time
---------------------------------------------------------------------------------------------
                                             19.750000   data required time
                                             -4.002174   data arrival time
---------------------------------------------------------------------------------------------
                                             15.747827   slack (MET)


Startpoint: tl_i[64] (input port clocked by clk_i)
Endpoint: _569_ (rising edge-triggered flip-flop clocked by clk_i)
Path Group: clk_i
Path Type: max

Fanout         Cap        Slew       Delay        Time   Description
---------------------------------------------------------------------------------------------
                                  0.000000    0.000000   clock clk_i (rise edge)
                                  0.000000    0.000000   clock network delay (propagated)
                                  5.000000    5.000000 v input external delay
     2    0.004621    0.007566    0.003863    5.003863 v tl_i[64] (in)
                                                         tl_i[64] (net)
                      0.007566    0.000000    5.003863 v input14/A (sky130_fd_sc_hd__clkbuf_4)
     3    0.042947    0.067327    0.122659    5.126522 v input14/X (sky130_fd_sc_hd__clkbuf_4)
                                                         net14 (net)
                      0.067351    0.001182    5.127704 v _423_/A (sky130_fd_sc_hd__xor2_4)
     3    0.070078    0.133979    0.175680    5.303384 v _423_/X (sky130_fd_sc_hd__xor2_4)
                                                         _176_ (net)
                      0.136960    0.015613    5.318997 v wire85/A (sky130_fd_sc_hd__buf_8)
     3    0.112650    0.059714    0.149318    5.468315 v wire85/X (sky130_fd_sc_hd__buf_8)
                                                         net85 (net)
                      0.097095    0.037575    5.505890 v _426_/B (sky130_fd_sc_hd__or4_4)
     3    0.068300    0.124657    0.414146    5.920036 v _426_/X (sky130_fd_sc_hd__or4_4)
                                                         _179_ (net)
                      0.129742    0.021019    5.941055 v _429_/C (sky130_fd_sc_hd__or4_1)
     1    0.002450    0.051190    0.283621    6.224676 v _429_/X (sky130_fd_sc_hd__or4_1)
                                                         _182_ (net)
                      0.051190    0.000069    6.224745 v _430_/A2 (sky130_fd_sc_hd__a21o_1)
     3    0.012171    0.050298    0.146704    6.371449 v _430_/X (sky130_fd_sc_hd__a21o_1)
                                                         _183_ (net)
                      0.050303    0.000562    6.372011 v _432_/A2 (sky130_fd_sc_hd__o211a_1)
     1    0.002646    0.027516    0.130537    6.502548 v _432_/X (sky130_fd_sc_hd__o211a_1)
                                                         u_ibex.u_ibex_core.id_stage_i.controller_i.exc_req_lsu (net)
                      0.027517    0.000079    6.502626 v hold316/A (sky130_fd_sc_hd__dlygate4sd3_1)
     1    0.002336    0.036561    0.355783    6.858409 v hold316/X (sky130_fd_sc_hd__dlygate4sd3_1)
                                                         net487 (net)
                      0.036561    0.000068    6.858477 v hold102/A (sky130_fd_sc_hd__dlygate4sd3_1)
     2    0.009626    0.061187    0.393108    7.251585 v hold102/X (sky130_fd_sc_hd__dlygate4sd3_1)
                                                         net273 (net)
                      0.061187    0.000465    7.252050 v _485_/A2 (sky130_fd_sc_hd__o21ai_2)
     4    0.018248    0.169992    0.159796    7.411846 ^ _485_/Y (sky130_fd_sc_hd__o21ai_2)
                                                         _227_ (net)
                      0.169993    0.000355    7.412200 ^ _487_/A2 (sky130_fd_sc_hd__a22oi_2)
     1    0.003470    0.051310    0.050764    7.462965 v _487_/Y (sky130_fd_sc_hd__a22oi_2)
                                                         _229_ (net)
                      0.051310    0.000116    7.463081 v hold159/A (sky130_fd_sc_hd__dlygate4sd3_1)
     3    0.013449    0.071850    0.411140    7.874220 v hold159/X (sky130_fd_sc_hd__dlygate4sd3_1)
                                                         net330 (net)
                      0.071918    0.000459    7.874680 v _489_/A (sky130_fd_sc_hd__nor2_1)
     1    0.004882    0.078057    0.096881    7.971560 ^ _489_/Y (sky130_fd_sc_hd__nor2_1)
                                                         _231_ (net)
                      0.078057    0.000167    7.971727 ^ hold160/A (sky130_fd_sc_hd__dlygate4sd3_1)
     4    0.015299    0.124035    0.446491    8.418219 ^ hold160/X (sky130_fd_sc_hd__dlygate4sd3_1)
                                                         net331 (net)
                      0.124035    0.000318    8.418536 ^ _490_/B (sky130_fd_sc_hd__nand2_1)
     2    0.009771    0.066491    0.069734    8.488271 v _490_/Y (sky130_fd_sc_hd__nand2_1)
                                                         _232_ (net)
                      0.066493    0.000287    8.488558 v _500_/S (sky130_fd_sc_hd__mux2_1)
     1    0.002272    0.035949    0.185935    8.674493 v _500_/X (sky130_fd_sc_hd__mux2_1)
                                                         _001_ (net)
                      0.035949    0.000045    8.674538 v hold175/A (sky130_fd_sc_hd__dlygate4sd3_1)
     1    0.002340    0.036588    0.359018    9.033555 v hold175/X (sky130_fd_sc_hd__dlygate4sd3_1)
                                                         net346 (net)
                      0.036588    0.000068    9.033624 v hold24/A (sky130_fd_sc_hd__dlygate4sd3_1)
     1    0.002285    0.036385    0.358927    9.392551 v hold24/X (sky130_fd_sc_hd__dlygate4sd3_1)
                                                         net195 (net)
                      0.036385    0.000068    9.392618 v hold176/A (sky130_fd_sc_hd__dlygate4sd3_1)
     1    0.003282    0.040240    0.364840    9.757459 v hold176/X (sky130_fd_sc_hd__dlygate4sd3_1)
                                                         net347 (net)
                      0.040240    0.000107    9.757565 v _569_/D (sky130_fd_sc_hd__dfxtp_1)
                                              9.757565   data arrival time

                                 25.000000   25.000000   clock clk_i (rise edge)
                                  0.000000   25.000000   clock source latency
     2    0.077175    0.262105    0.196252   25.196251 ^ clk_i (in)
                                                         clk_i (net)
                      0.266425    0.000000   25.196251 ^ clkbuf_0_clk_i/A (sky130_fd_sc_hd__clkbuf_16)
     2    0.018739    0.036606    0.127372   25.323624 ^ clkbuf_0_clk_i/X (sky130_fd_sc_hd__clkbuf_16)
                                                         clknet_0_clk_i (net)
                      0.036606    0.000405   25.324028 ^ clkbuf_1_0__f_clk_i/A (sky130_fd_sc_hd__clkbuf_16)
     3    0.008468    0.023514    0.078213   25.402241 ^ clkbuf_1_0__f_clk_i/X (sky130_fd_sc_hd__clkbuf_16)
                                                         clknet_1_0__leaf_clk_i (net)
                      0.023514    0.000192   25.402433 ^ _498_/A (sky130_fd_sc_hd__and2_2)
     3    0.052614    0.202390    0.198499   25.600931 ^ _498_/X (sky130_fd_sc_hd__and2_2)
                                                         u_ibex.clk (net)
                      0.203536    0.012307   25.613239 ^ clkbuf_0_u_ibex.clk/A (sky130_fd_sc_hd__clkbuf_16)
     9    0.081193    0.077163    0.153010   25.766249 ^ clkbuf_0_u_ibex.clk/X (sky130_fd_sc_hd__clkbuf_16)
                                                         clknet_0_u_ibex.clk (net)
                      0.078286    0.007306   25.773554 ^ clkbuf_2_3__f_u_ibex.clk/A (sky130_fd_sc_hd__clkbuf_16)
    23    0.080609    0.075178    0.128253   25.901808 ^ clkbuf_2_3__f_u_ibex.clk/X (sky130_fd_sc_hd__clkbuf_16)
                                                         clknet_2_3__leaf_u_ibex.clk (net)
                      0.077912    0.011195   25.913002 ^ _569_/CLK (sky130_fd_sc_hd__dfxtp_1)
                                 -0.250000   25.663004   clock uncertainty
                                  0.000000   25.663004   clock reconvergence pessimism
                                 -0.068522   25.594481   library setup time
                                             25.594481   data required time
---------------------------------------------------------------------------------------------
                                             25.594481   data required time
                                             -9.757565   data arrival time
---------------------------------------------------------------------------------------------
                                             15.836914   slack (MET)


Startpoint: tl_i[64] (input port clocked by clk_i)
Endpoint: _562_ (rising edge-triggered flip-flop clocked by clk_i)
Path Group: clk_i
Path Type: max

Fanout         Cap        Slew       Delay        Time   Description
---------------------------------------------------------------------------------------------
                                  0.000000    0.000000   clock clk_i (rise edge)
                                  0.000000    0.000000   clock network delay (propagated)
                                  5.000000    5.000000 v input external delay
     2    0.004621    0.007566    0.003863    5.003863 v tl_i[64] (in)
                                                         tl_i[64] (net)
                      0.007566    0.000000    5.003863 v input14/A (sky130_fd_sc_hd__clkbuf_4)
     3    0.042947    0.067327    0.122659    5.126522 v input14/X (sky130_fd_sc_hd__clkbuf_4)
                                                         net14 (net)
                      0.067351    0.001182    5.127704 v _423_/A (sky130_fd_sc_hd__xor2_4)
     3    0.070078    0.133979    0.175680    5.303384 v _423_/X (sky130_fd_sc_hd__xor2_4)
                                                         _176_ (net)
                      0.136960    0.015613    5.318997 v wire85/A (sky130_fd_sc_hd__buf_8)
     3    0.112650    0.059714    0.149318    5.468315 v wire85/X (sky130_fd_sc_hd__buf_8)
                                                         net85 (net)
                      0.097095    0.037575    5.505890 v _426_/B (sky130_fd_sc_hd__or4_4)
     3    0.068300    0.124657    0.414146    5.920036 v _426_/X (sky130_fd_sc_hd__or4_4)
                                                         _179_ (net)
                      0.129742    0.021019    5.941055 v _429_/C (sky130_fd_sc_hd__or4_1)
     1    0.002450    0.051190    0.283621    6.224676 v _429_/X (sky130_fd_sc_hd__or4_1)
                                                         _182_ (net)
                      0.051190    0.000069    6.224745 v _430_/A2 (sky130_fd_sc_hd__a21o_1)
     3    0.012171    0.050298    0.146704    6.371449 v _430_/X (sky130_fd_sc_hd__a21o_1)
                                                         _183_ (net)
                      0.050303    0.000562    6.372011 v _432_/A2 (sky130_fd_sc_hd__o211a_1)
     1    0.002646    0.027516    0.130537    6.502548 v _432_/X (sky130_fd_sc_hd__o211a_1)
                                                         u_ibex.u_ibex_core.id_stage_i.controller_i.exc_req_lsu (net)
                      0.027517    0.000079    6.502626 v hold316/A (sky130_fd_sc_hd__dlygate4sd3_1)
     1    0.002336    0.036561    0.355783    6.858409 v hold316/X (sky130_fd_sc_hd__dlygate4sd3_1)
                                                         net487 (net)
                      0.036561    0.000068    6.858477 v hold102/A (sky130_fd_sc_hd__dlygate4sd3_1)
     2    0.009626    0.061187    0.393108    7.251585 v hold102/X (sky130_fd_sc_hd__dlygate4sd3_1)
                                                         net273 (net)
                      0.061187    0.000465    7.252050 v _485_/A2 (sky130_fd_sc_hd__o21ai_2)
     4    0.018248    0.169992    0.159796    7.411846 ^ _485_/Y (sky130_fd_sc_hd__o21ai_2)
                                                         _227_ (net)
                      0.169993    0.000355    7.412200 ^ _487_/A2 (sky130_fd_sc_hd__a22oi_2)
     1    0.003470    0.051310    0.050764    7.462965 v _487_/Y (sky130_fd_sc_hd__a22oi_2)
                                                         _229_ (net)
                      0.051310    0.000116    7.463081 v hold159/A (sky130_fd_sc_hd__dlygate4sd3_1)
     3    0.013449    0.071850    0.411140    7.874220 v hold159/X (sky130_fd_sc_hd__dlygate4sd3_1)
                                                         net330 (net)
                      0.071918    0.000459    7.874680 v _489_/A (sky130_fd_sc_hd__nor2_1)
     1    0.004882    0.078057    0.096881    7.971560 ^ _489_/Y (sky130_fd_sc_hd__nor2_1)
                                                         _231_ (net)
                      0.078057    0.000167    7.971727 ^ hold160/A (sky130_fd_sc_hd__dlygate4sd3_1)
     4    0.015299    0.124035    0.446491    8.418219 ^ hold160/X (sky130_fd_sc_hd__dlygate4sd3_1)
                                                         net331 (net)
                      0.124035    0.000318    8.418536 ^ _490_/B (sky130_fd_sc_hd__nand2_1)
     2    0.009771    0.066491    0.069734    8.488271 v _490_/Y (sky130_fd_sc_hd__nand2_1)
                                                         _232_ (net)
                      0.066494    0.000334    8.488605 v _493_/A2_N (sky130_fd_sc_hd__a2bb2o_1)
     1    0.002659    0.031183    0.155870    8.644475 ^ _493_/X (sky130_fd_sc_hd__a2bb2o_1)
                                                         u_ibex.u_ibex_core.if_stage_i.gen_prefetch_buffer.prefetch_buffer_i.fifo_i.valid_d[1] (net)
                      0.031183    0.000056    8.644530 ^ hold171/A (sky130_fd_sc_hd__dlygate4sd3_1)
     1    0.002570    0.035922    0.369337    9.013868 ^ hold171/X (sky130_fd_sc_hd__dlygate4sd3_1)
                                                         net342 (net)
                      0.035922    0.000076    9.013945 ^ hold18/A (sky130_fd_sc_hd__dlygate4sd3_1)
     1    0.003986    0.045497    0.379127    9.393071 ^ hold18/X (sky130_fd_sc_hd__dlygate4sd3_1)
                                                         net189 (net)
                      0.045497    0.000145    9.393216 ^ hold172/A (sky130_fd_sc_hd__dlygate4sd3_1)
     1    0.002371    0.034797    0.371143    9.764359 ^ hold172/X (sky130_fd_sc_hd__dlygate4sd3_1)
                                                         net343 (net)
                      0.034797    0.000068    9.764427 ^ _562_/D (sky130_fd_sc_hd__dfrtp_1)
                                              9.764427   data arrival time

                                 25.000000   25.000000   clock clk_i (rise edge)
                                  0.000000   25.000000   clock source latency
     2    0.077175    0.262105    0.196252   25.196251 ^ clk_i (in)
                                                         clk_i (net)
                      0.266425    0.000000   25.196251 ^ clkbuf_0_clk_i/A (sky130_fd_sc_hd__clkbuf_16)
     2    0.018739    0.036606    0.127372   25.323624 ^ clkbuf_0_clk_i/X (sky130_fd_sc_hd__clkbuf_16)
                                                         clknet_0_clk_i (net)
                      0.036606    0.000405   25.324028 ^ clkbuf_1_0__f_clk_i/A (sky130_fd_sc_hd__clkbuf_16)
     3    0.008468    0.023514    0.078213   25.402241 ^ clkbuf_1_0__f_clk_i/X (sky130_fd_sc_hd__clkbuf_16)
                                                         clknet_1_0__leaf_clk_i (net)
                      0.023514    0.000192   25.402433 ^ _498_/A (sky130_fd_sc_hd__and2_2)
     3    0.052614    0.202390    0.198499   25.600931 ^ _498_/X (sky130_fd_sc_hd__and2_2)
                                                         u_ibex.clk (net)
                      0.203536    0.012307   25.613239 ^ clkbuf_0_u_ibex.clk/A (sky130_fd_sc_hd__clkbuf_16)
     9    0.081193    0.077163    0.153010   25.766249 ^ clkbuf_0_u_ibex.clk/X (sky130_fd_sc_hd__clkbuf_16)
                                                         clknet_0_u_ibex.clk (net)
                      0.078334    0.007466   25.773714 ^ clkbuf_2_2__f_u_ibex.clk/A (sky130_fd_sc_hd__clkbuf_16)
    31    0.105244    0.094104    0.135618   25.909332 ^ clkbuf_2_2__f_u_ibex.clk/X (sky130_fd_sc_hd__clkbuf_16)
                                                         clknet_2_2__leaf_u_ibex.clk (net)
                      0.101941    0.020936   25.930269 ^ _562_/CLK (sky130_fd_sc_hd__dfrtp_1)
                                 -0.250000   25.680269   clock uncertainty
                                  0.000000   25.680269   clock reconvergence pessimism
                                 -0.031701   25.648569   library setup time
                                             25.648569   data required time
---------------------------------------------------------------------------------------------
                                             25.648569   data required time
                                             -9.764427   data arrival time
---------------------------------------------------------------------------------------------
                                             15.884141   slack (MET)


Startpoint: tl_i[64] (input port clocked by clk_i)
Endpoint: _565_ (rising edge-triggered flip-flop clocked by clk_i)
Path Group: clk_i
Path Type: max

Fanout         Cap        Slew       Delay        Time   Description
---------------------------------------------------------------------------------------------
                                  0.000000    0.000000   clock clk_i (rise edge)
                                  0.000000    0.000000   clock network delay (propagated)
                                  5.000000    5.000000 v input external delay
     2    0.004621    0.007566    0.003863    5.003863 v tl_i[64] (in)
                                                         tl_i[64] (net)
                      0.007566    0.000000    5.003863 v input14/A (sky130_fd_sc_hd__clkbuf_4)
     3    0.042947    0.067327    0.122659    5.126522 v input14/X (sky130_fd_sc_hd__clkbuf_4)
                                                         net14 (net)
                      0.067351    0.001182    5.127704 v _423_/A (sky130_fd_sc_hd__xor2_4)
     3    0.070078    0.133979    0.175680    5.303384 v _423_/X (sky130_fd_sc_hd__xor2_4)
                                                         _176_ (net)
                      0.136960    0.015613    5.318997 v wire85/A (sky130_fd_sc_hd__buf_8)
     3    0.112650    0.059714    0.149318    5.468315 v wire85/X (sky130_fd_sc_hd__buf_8)
                                                         net85 (net)
                      0.097095    0.037575    5.505890 v _426_/B (sky130_fd_sc_hd__or4_4)
     3    0.068300    0.124657    0.414146    5.920036 v _426_/X (sky130_fd_sc_hd__or4_4)
                                                         _179_ (net)
                      0.129742    0.021019    5.941055 v _429_/C (sky130_fd_sc_hd__or4_1)
     1    0.002450    0.051190    0.283621    6.224676 v _429_/X (sky130_fd_sc_hd__or4_1)
                                                         _182_ (net)
                      0.051190    0.000069    6.224745 v _430_/A2 (sky130_fd_sc_hd__a21o_1)
     3    0.012171    0.050298    0.146704    6.371449 v _430_/X (sky130_fd_sc_hd__a21o_1)
                                                         _183_ (net)
                      0.050303    0.000562    6.372011 v _432_/A2 (sky130_fd_sc_hd__o211a_1)
     1    0.002646    0.027516    0.130537    6.502548 v _432_/X (sky130_fd_sc_hd__o211a_1)
                                                         u_ibex.u_ibex_core.id_stage_i.controller_i.exc_req_lsu (net)
                      0.027517    0.000079    6.502626 v hold316/A (sky130_fd_sc_hd__dlygate4sd3_1)
     1    0.002336    0.036561    0.355783    6.858409 v hold316/X (sky130_fd_sc_hd__dlygate4sd3_1)
                                                         net487 (net)
                      0.036561    0.000068    6.858477 v hold102/A (sky130_fd_sc_hd__dlygate4sd3_1)
     2    0.009626    0.061187    0.393108    7.251585 v hold102/X (sky130_fd_sc_hd__dlygate4sd3_1)
                                                         net273 (net)
                      0.061187    0.000465    7.252050 v _485_/A2 (sky130_fd_sc_hd__o21ai_2)
     4    0.018248    0.169992    0.159796    7.411846 ^ _485_/Y (sky130_fd_sc_hd__o21ai_2)
                                                         _227_ (net)
                      0.169993    0.000355    7.412200 ^ _487_/A2 (sky130_fd_sc_hd__a22oi_2)
     1    0.003470    0.051310    0.050764    7.462965 v _487_/Y (sky130_fd_sc_hd__a22oi_2)
                                                         _229_ (net)
                      0.051310    0.000116    7.463081 v hold159/A (sky130_fd_sc_hd__dlygate4sd3_1)
     3    0.013449    0.071850    0.411140    7.874220 v hold159/X (sky130_fd_sc_hd__dlygate4sd3_1)
                                                         net330 (net)
                      0.071918    0.000459    7.874680 v _489_/A (sky130_fd_sc_hd__nor2_1)
     1    0.004882    0.078057    0.096881    7.971560 ^ _489_/Y (sky130_fd_sc_hd__nor2_1)
                                                         _231_ (net)
                      0.078057    0.000167    7.971727 ^ hold160/A (sky130_fd_sc_hd__dlygate4sd3_1)
     4    0.015299    0.124035    0.446491    8.418219 ^ hold160/X (sky130_fd_sc_hd__dlygate4sd3_1)
                                                         net331 (net)
                      0.124035    0.000305    8.418523 ^ _497_/A2 (sky130_fd_sc_hd__a22o_1)
     1    0.002469    0.029844    0.088743    8.507266 ^ _497_/X (sky130_fd_sc_hd__a22o_1)
                                                         u_ibex.u_ibex_core.if_stage_i.instr_valid_id_d (net)
                      0.029844    0.000051    8.507317 ^ hold165/A (sky130_fd_sc_hd__dlygate4sd3_1)
     1    0.002227    0.033980    0.366851    8.874167 ^ hold165/X (sky130_fd_sc_hd__dlygate4sd3_1)
                                                         net336 (net)
                      0.033980    0.000064    8.874231 ^ hold22/A (sky130_fd_sc_hd__dlygate4sd3_1)
     1    0.002929    0.038143    0.372234    9.246465 ^ hold22/X (sky130_fd_sc_hd__dlygate4sd3_1)
                                                         net193 (net)
                      0.038143    0.000090    9.246555 ^ hold166/A (sky130_fd_sc_hd__dlygate4sd3_1)
     1    0.002700    0.036688    0.371664    9.618219 ^ hold166/X (sky130_fd_sc_hd__dlygate4sd3_1)
                                                         net337 (net)
                      0.036688    0.000080    9.618299 ^ _565_/D (sky130_fd_sc_hd__dfrtp_1)
                                              9.618299   data arrival time

                                 25.000000   25.000000   clock clk_i (rise edge)
                                  0.000000   25.000000   clock source latency
     2    0.077175    0.262105    0.196252   25.196251 ^ clk_i (in)
                                                         clk_i (net)
                      0.266425    0.000000   25.196251 ^ clkbuf_0_clk_i/A (sky130_fd_sc_hd__clkbuf_16)
     2    0.018739    0.036606    0.127372   25.323624 ^ clkbuf_0_clk_i/X (sky130_fd_sc_hd__clkbuf_16)
                                                         clknet_0_clk_i (net)
                      0.036606    0.000405   25.324028 ^ clkbuf_1_0__f_clk_i/A (sky130_fd_sc_hd__clkbuf_16)
     3    0.008468    0.023514    0.078213   25.402241 ^ clkbuf_1_0__f_clk_i/X (sky130_fd_sc_hd__clkbuf_16)
                                                         clknet_1_0__leaf_clk_i (net)
                      0.023514    0.000192   25.402433 ^ _498_/A (sky130_fd_sc_hd__and2_2)
     3    0.052614    0.202390    0.198499   25.600931 ^ _498_/X (sky130_fd_sc_hd__and2_2)
                                                         u_ibex.clk (net)
                      0.203536    0.012307   25.613239 ^ clkbuf_0_u_ibex.clk/A (sky130_fd_sc_hd__clkbuf_16)
     9    0.081193    0.077163    0.153010   25.766249 ^ clkbuf_0_u_ibex.clk/X (sky130_fd_sc_hd__clkbuf_16)
                                                         clknet_0_u_ibex.clk (net)
                      0.078286    0.007306   25.773554 ^ clkbuf_2_3__f_u_ibex.clk/A (sky130_fd_sc_hd__clkbuf_16)
    23    0.080609    0.075178    0.128253   25.901808 ^ clkbuf_2_3__f_u_ibex.clk/X (sky130_fd_sc_hd__clkbuf_16)
                                                         clknet_2_3__leaf_u_ibex.clk (net)
                      0.077844    0.011049   25.912857 ^ _565_/CLK (sky130_fd_sc_hd__dfrtp_1)
                                 -0.250000   25.662857   clock uncertainty
                                  0.000000   25.662857   clock reconvergence pessimism
                                 -0.032713   25.630144   library setup time
                                             25.630144   data required time
---------------------------------------------------------------------------------------------
                                             25.630144   data required time
                                             -9.618299   data arrival time
---------------------------------------------------------------------------------------------
                                             16.011845   slack (MET)


Startpoint: tl_i[64] (input port clocked by clk_i)
Endpoint: _563_ (rising edge-triggered flip-flop clocked by clk_i)
Path Group: clk_i
Path Type: max

Fanout         Cap        Slew       Delay        Time   Description
---------------------------------------------------------------------------------------------
                                  0.000000    0.000000   clock clk_i (rise edge)
                                  0.000000    0.000000   clock network delay (propagated)
                                  5.000000    5.000000 v input external delay
     2    0.004621    0.007566    0.003863    5.003863 v tl_i[64] (in)
                                                         tl_i[64] (net)
                      0.007566    0.000000    5.003863 v input14/A (sky130_fd_sc_hd__clkbuf_4)
     3    0.042947    0.067327    0.122659    5.126522 v input14/X (sky130_fd_sc_hd__clkbuf_4)
                                                         net14 (net)
                      0.067351    0.001182    5.127704 v _423_/A (sky130_fd_sc_hd__xor2_4)
     3    0.070078    0.133979    0.175680    5.303384 v _423_/X (sky130_fd_sc_hd__xor2_4)
                                                         _176_ (net)
                      0.136960    0.015613    5.318997 v wire85/A (sky130_fd_sc_hd__buf_8)
     3    0.112650    0.059714    0.149318    5.468315 v wire85/X (sky130_fd_sc_hd__buf_8)
                                                         net85 (net)
                      0.097095    0.037575    5.505890 v _426_/B (sky130_fd_sc_hd__or4_4)
     3    0.068300    0.124657    0.414146    5.920036 v _426_/X (sky130_fd_sc_hd__or4_4)
                                                         _179_ (net)
                      0.129742    0.021019    5.941055 v _429_/C (sky130_fd_sc_hd__or4_1)
     1    0.002450    0.051190    0.283621    6.224676 v _429_/X (sky130_fd_sc_hd__or4_1)
                                                         _182_ (net)
                      0.051190    0.000069    6.224745 v _430_/A2 (sky130_fd_sc_hd__a21o_1)
     3    0.012171    0.050298    0.146704    6.371449 v _430_/X (sky130_fd_sc_hd__a21o_1)
                                                         _183_ (net)
                      0.050303    0.000562    6.372011 v _432_/A2 (sky130_fd_sc_hd__o211a_1)
     1    0.002646    0.027516    0.130537    6.502548 v _432_/X (sky130_fd_sc_hd__o211a_1)
                                                         u_ibex.u_ibex_core.id_stage_i.controller_i.exc_req_lsu (net)
                      0.027517    0.000079    6.502626 v hold316/A (sky130_fd_sc_hd__dlygate4sd3_1)
     1    0.002336    0.036561    0.355783    6.858409 v hold316/X (sky130_fd_sc_hd__dlygate4sd3_1)
                                                         net487 (net)
                      0.036561    0.000068    6.858477 v hold102/A (sky130_fd_sc_hd__dlygate4sd3_1)
     2    0.009626    0.061187    0.393108    7.251585 v hold102/X (sky130_fd_sc_hd__dlygate4sd3_1)
                                                         net273 (net)
                      0.061187    0.000465    7.252050 v _485_/A2 (sky130_fd_sc_hd__o21ai_2)
     4    0.018248    0.169992    0.159796    7.411846 ^ _485_/Y (sky130_fd_sc_hd__o21ai_2)
                                                         _227_ (net)
                      0.169993    0.000355    7.412200 ^ _487_/A2 (sky130_fd_sc_hd__a22oi_2)
     1    0.003470    0.051310    0.050764    7.462965 v _487_/Y (sky130_fd_sc_hd__a22oi_2)
                                                         _229_ (net)
                      0.051310    0.000116    7.463081 v hold159/A (sky130_fd_sc_hd__dlygate4sd3_1)
     3    0.013449    0.071850    0.411140    7.874220 v hold159/X (sky130_fd_sc_hd__dlygate4sd3_1)
                                                         net330 (net)
                      0.071918    0.000459    7.874680 v _489_/A (sky130_fd_sc_hd__nor2_1)
     1    0.004882    0.078057    0.096881    7.971560 ^ _489_/Y (sky130_fd_sc_hd__nor2_1)
                                                         _231_ (net)
                      0.078057    0.000167    7.971727 ^ hold160/A (sky130_fd_sc_hd__dlygate4sd3_1)
     4    0.015299    0.124035    0.446491    8.418219 ^ hold160/X (sky130_fd_sc_hd__dlygate4sd3_1)
                                                         net331 (net)
                      0.124035    0.000393    8.418611 ^ _495_/C (sky130_fd_sc_hd__nor3_1)
     1    0.004744    0.058066    0.040465    8.459076 v _495_/Y (sky130_fd_sc_hd__nor3_1)
                                                         u_ibex.u_ibex_core.if_stage_i.gen_prefetch_buffer.prefetch_buffer_i.fifo_i.valid_d[2] (net)
                      0.058066    0.000184    8.459260 v hold161/A (sky130_fd_sc_hd__dlygate4sd3_1)
     1    0.003915    0.042585    0.376679    8.835939 v hold161/X (sky130_fd_sc_hd__dlygate4sd3_1)
                                                         net332 (net)
                      0.042585    0.000131    8.836070 v hold15/A (sky130_fd_sc_hd__dlygate4sd3_1)
     1    0.002490    0.037002    0.362444    9.198514 v hold15/X (sky130_fd_sc_hd__dlygate4sd3_1)
                                                         net186 (net)
                      0.037002    0.000074    9.198588 v hold162/A (sky130_fd_sc_hd__dlygate4sd3_1)
     1    0.002594    0.037306    0.360945    9.559533 v hold162/X (sky130_fd_sc_hd__dlygate4sd3_1)
                                                         net333 (net)
                      0.037306    0.000074    9.559607 v _563_/D (sky130_fd_sc_hd__dfrtp_1)
                                              9.559607   data arrival time

                                 25.000000   25.000000   clock clk_i (rise edge)
                                  0.000000   25.000000   clock source latency
     2    0.077175    0.262105    0.196252   25.196251 ^ clk_i (in)
                                                         clk_i (net)
                      0.266425    0.000000   25.196251 ^ clkbuf_0_clk_i/A (sky130_fd_sc_hd__clkbuf_16)
     2    0.018739    0.036606    0.127372   25.323624 ^ clkbuf_0_clk_i/X (sky130_fd_sc_hd__clkbuf_16)
                                                         clknet_0_clk_i (net)
                      0.036606    0.000405   25.324028 ^ clkbuf_1_0__f_clk_i/A (sky130_fd_sc_hd__clkbuf_16)
     3    0.008468    0.023514    0.078213   25.402241 ^ clkbuf_1_0__f_clk_i/X (sky130_fd_sc_hd__clkbuf_16)
                                                         clknet_1_0__leaf_clk_i (net)
                      0.023514    0.000192   25.402433 ^ _498_/A (sky130_fd_sc_hd__and2_2)
     3    0.052614    0.202390    0.198499   25.600931 ^ _498_/X (sky130_fd_sc_hd__and2_2)
                                                         u_ibex.clk (net)
                      0.203536    0.012307   25.613239 ^ clkbuf_0_u_ibex.clk/A (sky130_fd_sc_hd__clkbuf_16)
     9    0.081193    0.077163    0.153010   25.766249 ^ clkbuf_0_u_ibex.clk/X (sky130_fd_sc_hd__clkbuf_16)
                                                         clknet_0_u_ibex.clk (net)
                      0.078334    0.007466   25.773714 ^ clkbuf_2_2__f_u_ibex.clk/A (sky130_fd_sc_hd__clkbuf_16)
    31    0.105244    0.094104    0.135618   25.909332 ^ clkbuf_2_2__f_u_ibex.clk/X (sky130_fd_sc_hd__clkbuf_16)
                                                         clknet_2_2__leaf_u_ibex.clk (net)
                      0.101850    0.020812   25.930143 ^ _563_/CLK (sky130_fd_sc_hd__dfrtp_1)
                                 -0.250000   25.680145   clock uncertainty
                                  0.000000   25.680145   clock reconvergence pessimism
                                 -0.067612   25.612534   library setup time
                                             25.612534   data required time
---------------------------------------------------------------------------------------------
                                             25.612534   data required time
                                             -9.559607   data arrival time
---------------------------------------------------------------------------------------------
                                             16.052927   slack (MET)


Startpoint: tl_i[64] (input port clocked by clk_i)
Endpoint: _612_ (rising edge-triggered flip-flop clocked by clk_i)
Path Group: clk_i
Path Type: max

Fanout         Cap        Slew       Delay        Time   Description
---------------------------------------------------------------------------------------------
                                  0.000000    0.000000   clock clk_i (rise edge)
                                  0.000000    0.000000   clock network delay (propagated)
                                  5.000000    5.000000 v input external delay
     2    0.004621    0.007566    0.003863    5.003863 v tl_i[64] (in)
                                                         tl_i[64] (net)
                      0.007566    0.000000    5.003863 v input14/A (sky130_fd_sc_hd__clkbuf_4)
     3    0.042947    0.067327    0.122659    5.126522 v input14/X (sky130_fd_sc_hd__clkbuf_4)
                                                         net14 (net)
                      0.067351    0.001182    5.127704 v _423_/A (sky130_fd_sc_hd__xor2_4)
     3    0.070078    0.133979    0.175680    5.303384 v _423_/X (sky130_fd_sc_hd__xor2_4)
                                                         _176_ (net)
                      0.136960    0.015613    5.318997 v wire85/A (sky130_fd_sc_hd__buf_8)
     3    0.112650    0.059714    0.149318    5.468315 v wire85/X (sky130_fd_sc_hd__buf_8)
                                                         net85 (net)
                      0.097095    0.037575    5.505890 v _426_/B (sky130_fd_sc_hd__or4_4)
     3    0.068300    0.124657    0.414146    5.920036 v _426_/X (sky130_fd_sc_hd__or4_4)
                                                         _179_ (net)
                      0.129742    0.021019    5.941055 v _429_/C (sky130_fd_sc_hd__or4_1)
     1    0.002450    0.051190    0.283621    6.224676 v _429_/X (sky130_fd_sc_hd__or4_1)
                                                         _182_ (net)
                      0.051190    0.000069    6.224745 v _430_/A2 (sky130_fd_sc_hd__a21o_1)
     3    0.012171    0.050298    0.146704    6.371449 v _430_/X (sky130_fd_sc_hd__a21o_1)
                                                         _183_ (net)
                      0.050303    0.000562    6.372011 v _432_/A2 (sky130_fd_sc_hd__o211a_1)
     1    0.002646    0.027516    0.130537    6.502548 v _432_/X (sky130_fd_sc_hd__o211a_1)
                                                         u_ibex.u_ibex_core.id_stage_i.controller_i.exc_req_lsu (net)
                      0.027517    0.000079    6.502626 v hold316/A (sky130_fd_sc_hd__dlygate4sd3_1)
     1    0.002336    0.036561    0.355783    6.858409 v hold316/X (sky130_fd_sc_hd__dlygate4sd3_1)
                                                         net487 (net)
                      0.036561    0.000068    6.858477 v hold102/A (sky130_fd_sc_hd__dlygate4sd3_1)
     2    0.009626    0.061187    0.393108    7.251585 v hold102/X (sky130_fd_sc_hd__dlygate4sd3_1)
                                                         net273 (net)
                      0.061187    0.000465    7.252050 v _485_/A2 (sky130_fd_sc_hd__o21ai_2)
     4    0.018248    0.169992    0.159796    7.411846 ^ _485_/Y (sky130_fd_sc_hd__o21ai_2)
                                                         _227_ (net)
                      0.169993    0.000355    7.412200 ^ _487_/A2 (sky130_fd_sc_hd__a22oi_2)
     1    0.003470    0.051310    0.050764    7.462965 v _487_/Y (sky130_fd_sc_hd__a22oi_2)
                                                         _229_ (net)
                      0.051310    0.000116    7.463081 v hold159/A (sky130_fd_sc_hd__dlygate4sd3_1)
     3    0.013449    0.071850    0.411140    7.874220 v hold159/X (sky130_fd_sc_hd__dlygate4sd3_1)
                                                         net330 (net)
                      0.071917    0.000363    7.874584 v _555_/A1 (sky130_fd_sc_hd__o211a_1)
     1    0.003227    0.029489    0.152271    8.026855 v _555_/X (sky130_fd_sc_hd__o211a_1)
                                                         _041_ (net)
                      0.029489    0.000098    8.026953 v hold154/A (sky130_fd_sc_hd__dlygate4sd3_1)
     1    0.003197    0.039902    0.361706    8.388659 v hold154/X (sky130_fd_sc_hd__dlygate4sd3_1)
                                                         net325 (net)
                      0.039902    0.000096    8.388755 v hold20/A (sky130_fd_sc_hd__dlygate4sd3_1)
     1    0.002895    0.038448    0.363854    8.752608 v hold20/X (sky130_fd_sc_hd__dlygate4sd3_1)
                                                         net191 (net)
                      0.038448    0.000090    8.752698 v hold155/A (sky130_fd_sc_hd__dlygate4sd3_1)
     1    0.002205    0.036097    0.359165    9.111863 v hold155/X (sky130_fd_sc_hd__dlygate4sd3_1)
                                                         net326 (net)
                      0.036097    0.000044    9.111907 v _612_/D (sky130_fd_sc_hd__dfxtp_1)
                                              9.111907   data arrival time

                                 25.000000   25.000000   clock clk_i (rise edge)
                                  0.000000   25.000000   clock source latency
     2    0.077175    0.262105    0.196252   25.196251 ^ clk_i (in)
                                                         clk_i (net)
                      0.266425    0.000000   25.196251 ^ clkbuf_0_clk_i/A (sky130_fd_sc_hd__clkbuf_16)
     2    0.018739    0.036606    0.127372   25.323624 ^ clkbuf_0_clk_i/X (sky130_fd_sc_hd__clkbuf_16)
                                                         clknet_0_clk_i (net)
                      0.036606    0.000405   25.324028 ^ clkbuf_1_0__f_clk_i/A (sky130_fd_sc_hd__clkbuf_16)
     3    0.008468    0.023514    0.078213   25.402241 ^ clkbuf_1_0__f_clk_i/X (sky130_fd_sc_hd__clkbuf_16)
                                                         clknet_1_0__leaf_clk_i (net)
                      0.023514    0.000192   25.402433 ^ _498_/A (sky130_fd_sc_hd__and2_2)
     3    0.052614    0.202390    0.198499   25.600931 ^ _498_/X (sky130_fd_sc_hd__and2_2)
                                                         u_ibex.clk (net)
                      0.203536    0.012307   25.613239 ^ clkbuf_0_u_ibex.clk/A (sky130_fd_sc_hd__clkbuf_16)
     9    0.081193    0.077163    0.153010   25.766249 ^ clkbuf_0_u_ibex.clk/X (sky130_fd_sc_hd__clkbuf_16)
                                                         clknet_0_u_ibex.clk (net)
                      0.078286    0.007306   25.773554 ^ clkbuf_2_3__f_u_ibex.clk/A (sky130_fd_sc_hd__clkbuf_16)
    23    0.080609    0.075178    0.128253   25.901808 ^ clkbuf_2_3__f_u_ibex.clk/X (sky130_fd_sc_hd__clkbuf_16)
                                                         clknet_2_3__leaf_u_ibex.clk (net)
                      0.077916    0.011203   25.913012 ^ _612_/CLK (sky130_fd_sc_hd__dfxtp_1)
                                 -0.250000   25.663012   clock uncertainty
                                  0.000000   25.663012   clock reconvergence pessimism
                                 -0.067045   25.595966   library setup time
                                             25.595966   data required time
---------------------------------------------------------------------------------------------
                                             25.595966   data required time
                                             -9.111907   data arrival time
---------------------------------------------------------------------------------------------
                                             16.484058   slack (MET)


Startpoint: tl_i[64] (input port clocked by clk_i)
Endpoint: _561_ (rising edge-triggered flip-flop clocked by clk_i)
Path Group: clk_i
Path Type: max

Fanout         Cap        Slew       Delay        Time   Description
---------------------------------------------------------------------------------------------
                                  0.000000    0.000000   clock clk_i (rise edge)
                                  0.000000    0.000000   clock network delay (propagated)
                                  5.000000    5.000000 v input external delay
     2    0.004621    0.007566    0.003863    5.003863 v tl_i[64] (in)
                                                         tl_i[64] (net)
                      0.007566    0.000000    5.003863 v input14/A (sky130_fd_sc_hd__clkbuf_4)
     3    0.042947    0.067327    0.122659    5.126522 v input14/X (sky130_fd_sc_hd__clkbuf_4)
                                                         net14 (net)
                      0.067351    0.001182    5.127704 v _423_/A (sky130_fd_sc_hd__xor2_4)
     3    0.070078    0.133979    0.175680    5.303384 v _423_/X (sky130_fd_sc_hd__xor2_4)
                                                         _176_ (net)
                      0.136960    0.015613    5.318997 v wire85/A (sky130_fd_sc_hd__buf_8)
     3    0.112650    0.059714    0.149318    5.468315 v wire85/X (sky130_fd_sc_hd__buf_8)
                                                         net85 (net)
                      0.097095    0.037575    5.505890 v _426_/B (sky130_fd_sc_hd__or4_4)
     3    0.068300    0.124657    0.414146    5.920036 v _426_/X (sky130_fd_sc_hd__or4_4)
                                                         _179_ (net)
                      0.129742    0.021019    5.941055 v _429_/C (sky130_fd_sc_hd__or4_1)
     1    0.002450    0.051190    0.283621    6.224676 v _429_/X (sky130_fd_sc_hd__or4_1)
                                                         _182_ (net)
                      0.051190    0.000069    6.224745 v _430_/A2 (sky130_fd_sc_hd__a21o_1)
     3    0.012171    0.050298    0.146704    6.371449 v _430_/X (sky130_fd_sc_hd__a21o_1)
                                                         _183_ (net)
                      0.050303    0.000562    6.372011 v _432_/A2 (sky130_fd_sc_hd__o211a_1)
     1    0.002646    0.027516    0.130537    6.502548 v _432_/X (sky130_fd_sc_hd__o211a_1)
                                                         u_ibex.u_ibex_core.id_stage_i.controller_i.exc_req_lsu (net)
                      0.027517    0.000079    6.502626 v hold316/A (sky130_fd_sc_hd__dlygate4sd3_1)
     1    0.002336    0.036561    0.355783    6.858409 v hold316/X (sky130_fd_sc_hd__dlygate4sd3_1)
                                                         net487 (net)
                      0.036561    0.000068    6.858477 v hold102/A (sky130_fd_sc_hd__dlygate4sd3_1)
     2    0.009626    0.061187    0.393108    7.251585 v hold102/X (sky130_fd_sc_hd__dlygate4sd3_1)
                                                         net273 (net)
                      0.061187    0.000465    7.252050 v _485_/A2 (sky130_fd_sc_hd__o21ai_2)
     4    0.018248    0.169992    0.159796    7.411846 ^ _485_/Y (sky130_fd_sc_hd__o21ai_2)
                                                         _227_ (net)
                      0.169993    0.000355    7.412200 ^ _487_/A2 (sky130_fd_sc_hd__a22oi_2)
     1    0.003470    0.051310    0.050764    7.462965 v _487_/Y (sky130_fd_sc_hd__a22oi_2)
                                                         _229_ (net)
                      0.051310    0.000116    7.463081 v hold159/A (sky130_fd_sc_hd__dlygate4sd3_1)
     3    0.013449    0.071850    0.411140    7.874220 v hold159/X (sky130_fd_sc_hd__dlygate4sd3_1)
                                                         net330 (net)
                      0.071918    0.000447    7.874667 v _494_/B1 (sky130_fd_sc_hd__o221a_1)
     1    0.002492    0.031590    0.145209    8.019876 v _494_/X (sky130_fd_sc_hd__o221a_1)
                                                         u_ibex.u_ibex_core.if_stage_i.gen_prefetch_buffer.prefetch_buffer_i.fifo_i.valid_d[0] (net)
                      0.031590    0.000053    8.019930 v hold150/A (sky130_fd_sc_hd__dlygate4sd3_1)
     1    0.002000    0.035312    0.355316    8.375246 v hold150/X (sky130_fd_sc_hd__dlygate4sd3_1)
                                                         net321 (net)
                      0.035312    0.000057    8.375302 v hold12/A (sky130_fd_sc_hd__dlygate4sd3_1)
     1    0.002291    0.036405    0.358480    8.733783 v hold12/X (sky130_fd_sc_hd__dlygate4sd3_1)
                                                         net183 (net)
                      0.036405    0.000065    8.733848 v hold151/A (sky130_fd_sc_hd__dlygate4sd3_1)
     1    0.002459    0.036922    0.359909    9.093757 v hold151/X (sky130_fd_sc_hd__dlygate4sd3_1)
                                                         net322 (net)
                      0.036922    0.000069    9.093825 v _561_/D (sky130_fd_sc_hd__dfrtp_1)
                                              9.093825   data arrival time

                                 25.000000   25.000000   clock clk_i (rise edge)
                                  0.000000   25.000000   clock source latency
     2    0.077175    0.262105    0.196252   25.196251 ^ clk_i (in)
                                                         clk_i (net)
                      0.266425    0.000000   25.196251 ^ clkbuf_0_clk_i/A (sky130_fd_sc_hd__clkbuf_16)
     2    0.018739    0.036606    0.127372   25.323624 ^ clkbuf_0_clk_i/X (sky130_fd_sc_hd__clkbuf_16)
                                                         clknet_0_clk_i (net)
                      0.036606    0.000405   25.324028 ^ clkbuf_1_0__f_clk_i/A (sky130_fd_sc_hd__clkbuf_16)
     3    0.008468    0.023514    0.078213   25.402241 ^ clkbuf_1_0__f_clk_i/X (sky130_fd_sc_hd__clkbuf_16)
                                                         clknet_1_0__leaf_clk_i (net)
                      0.023514    0.000192   25.402433 ^ _498_/A (sky130_fd_sc_hd__and2_2)
     3    0.052614    0.202390    0.198499   25.600931 ^ _498_/X (sky130_fd_sc_hd__and2_2)
                                                         u_ibex.clk (net)
                      0.203536    0.012307   25.613239 ^ clkbuf_0_u_ibex.clk/A (sky130_fd_sc_hd__clkbuf_16)
     9    0.081193    0.077163    0.153010   25.766249 ^ clkbuf_0_u_ibex.clk/X (sky130_fd_sc_hd__clkbuf_16)
                                                         clknet_0_u_ibex.clk (net)
                      0.078286    0.007306   25.773554 ^ clkbuf_2_3__f_u_ibex.clk/A (sky130_fd_sc_hd__clkbuf_16)
    23    0.080609    0.075178    0.128253   25.901808 ^ clkbuf_2_3__f_u_ibex.clk/X (sky130_fd_sc_hd__clkbuf_16)
                                                         clknet_2_3__leaf_u_ibex.clk (net)
                      0.077947    0.011269   25.913076 ^ _561_/CLK (sky130_fd_sc_hd__dfrtp_1)
                                 -0.250000   25.663078   clock uncertainty
                                  0.000000   25.663078   clock reconvergence pessimism
                                 -0.069777   25.593300   library setup time
                                             25.593300   data required time
---------------------------------------------------------------------------------------------
                                             25.593300   data required time
                                             -9.093825   data arrival time
---------------------------------------------------------------------------------------------
                                             16.499474   slack (MET)


Startpoint: tl_i[64] (input port clocked by clk_i)
Endpoint: _590_ (rising edge-triggered flip-flop clocked by clk_i)
Path Group: clk_i
Path Type: max

Fanout         Cap        Slew       Delay        Time   Description
---------------------------------------------------------------------------------------------
                                  0.000000    0.000000   clock clk_i (rise edge)
                                  0.000000    0.000000   clock network delay (propagated)
                                  5.000000    5.000000 v input external delay
     2    0.004621    0.007566    0.003863    5.003863 v tl_i[64] (in)
                                                         tl_i[64] (net)
                      0.007566    0.000000    5.003863 v input14/A (sky130_fd_sc_hd__clkbuf_4)
     3    0.042947    0.067327    0.122659    5.126522 v input14/X (sky130_fd_sc_hd__clkbuf_4)
                                                         net14 (net)
                      0.067351    0.001182    5.127704 v _423_/A (sky130_fd_sc_hd__xor2_4)
     3    0.070078    0.133979    0.175680    5.303384 v _423_/X (sky130_fd_sc_hd__xor2_4)
                                                         _176_ (net)
                      0.136960    0.015613    5.318997 v wire85/A (sky130_fd_sc_hd__buf_8)
     3    0.112650    0.059714    0.149318    5.468315 v wire85/X (sky130_fd_sc_hd__buf_8)
                                                         net85 (net)
                      0.097095    0.037575    5.505890 v _426_/B (sky130_fd_sc_hd__or4_4)
     3    0.068300    0.124657    0.414146    5.920036 v _426_/X (sky130_fd_sc_hd__or4_4)
                                                         _179_ (net)
                      0.129742    0.021019    5.941055 v _429_/C (sky130_fd_sc_hd__or4_1)
     1    0.002450    0.051190    0.283621    6.224676 v _429_/X (sky130_fd_sc_hd__or4_1)
                                                         _182_ (net)
                      0.051190    0.000069    6.224745 v _430_/A2 (sky130_fd_sc_hd__a21o_1)
     3    0.012171    0.050298    0.146704    6.371449 v _430_/X (sky130_fd_sc_hd__a21o_1)
                                                         _183_ (net)
                      0.050304    0.000570    6.372019 v _524_/A1 (sky130_fd_sc_hd__o31ai_1)
     1    0.010835    0.281533    0.274059    6.646078 ^ _524_/Y (sky130_fd_sc_hd__o31ai_1)
                                                         _250_ (net)
                      0.281536    0.000622    6.646700 ^ wire66/A (sky130_fd_sc_hd__clkbuf_4)
     3    0.051501    0.123878    0.198881    6.845582 ^ wire66/X (sky130_fd_sc_hd__clkbuf_4)
                                                         net66 (net)
                      0.126524    0.014250    6.859831 ^ fanout65/A (sky130_fd_sc_hd__clkbuf_2)
     7    0.028771    0.123289    0.152643    7.012475 ^ fanout65/X (sky130_fd_sc_hd__clkbuf_2)
                                                         net65 (net)
                      0.123290    0.000357    7.012832 ^ fanout64/A (sky130_fd_sc_hd__buf_2)
    13    0.049320    0.181856    0.194877    7.207709 ^ fanout64/X (sky130_fd_sc_hd__buf_2)
                                                         net64 (net)
                      0.181866    0.001189    7.208899 ^ fanout63/A (sky130_fd_sc_hd__clkbuf_2)
     5    0.033326    0.141817    0.170485    7.379384 ^ fanout63/X (sky130_fd_sc_hd__clkbuf_2)
                                                         net63 (net)
                      0.141820    0.000592    7.379975 ^ fanout62/A (sky130_fd_sc_hd__buf_2)
     6    0.036347    0.135593    0.166644    7.546619 ^ fanout62/X (sky130_fd_sc_hd__buf_2)
                                                         net62 (net)
                      0.135651    0.001124    7.547744 ^ _535_/S (sky130_fd_sc_hd__mux2_1)
     1    0.002694    0.037568    0.190812    7.738556 v _535_/X (sky130_fd_sc_hd__mux2_1)
                                                         _021_ (net)
                      0.037568    0.000083    7.738639 v hold320/A (sky130_fd_sc_hd__dlygate4sd3_1)
     1    0.003219    0.039931    0.364917    8.103557 v hold320/X (sky130_fd_sc_hd__dlygate4sd3_1)
                                                         net491 (net)
                      0.039931    0.000100    8.103657 v hold91/A (sky130_fd_sc_hd__dlygate4sd3_1)
     1    0.003796    0.042505    0.369122    8.472778 v hold91/X (sky130_fd_sc_hd__dlygate4sd3_1)
                                                         net262 (net)
                      0.042505    0.000120    8.472898 v hold321/A (sky130_fd_sc_hd__dlygate4sd3_1)
     1    0.003208    0.039833    0.366728    8.839626 v hold321/X (sky130_fd_sc_hd__dlygate4sd3_1)
                                                         net492 (net)
                      0.039833    0.000095    8.839722 v _590_/D (sky130_fd_sc_hd__dfrtp_2)
                                              8.839722   data arrival time

                                 25.000000   25.000000   clock clk_i (rise edge)
                                  0.000000   25.000000   clock source latency
     2    0.077175    0.262105    0.196252   25.196251 ^ clk_i (in)
                                                         clk_i (net)
                      0.266425    0.000000   25.196251 ^ clkbuf_0_clk_i/A (sky130_fd_sc_hd__clkbuf_16)
     2    0.018739    0.036606    0.127372   25.323624 ^ clkbuf_0_clk_i/X (sky130_fd_sc_hd__clkbuf_16)
                                                         clknet_0_clk_i (net)
                      0.036606    0.000405   25.324028 ^ clkbuf_1_0__f_clk_i/A (sky130_fd_sc_hd__clkbuf_16)
     3    0.008468    0.023514    0.078213   25.402241 ^ clkbuf_1_0__f_clk_i/X (sky130_fd_sc_hd__clkbuf_16)
                                                         clknet_1_0__leaf_clk_i (net)
                      0.023514    0.000192   25.402433 ^ _498_/A (sky130_fd_sc_hd__and2_2)
     3    0.052614    0.202390    0.198499   25.600931 ^ _498_/X (sky130_fd_sc_hd__and2_2)
                                                         u_ibex.clk (net)
                      0.203536    0.012307   25.613239 ^ clkbuf_0_u_ibex.clk/A (sky130_fd_sc_hd__clkbuf_16)
     9    0.081193    0.077163    0.153010   25.766249 ^ clkbuf_0_u_ibex.clk/X (sky130_fd_sc_hd__clkbuf_16)
                                                         clknet_0_u_ibex.clk (net)
                      0.077775    0.005388   25.771637 ^ clkbuf_2_0__f_u_ibex.clk/A (sky130_fd_sc_hd__clkbuf_16)
    31    0.095262    0.086372    0.132406   25.904043 ^ clkbuf_2_0__f_u_ibex.clk/X (sky130_fd_sc_hd__clkbuf_16)
                                                         clknet_2_0__leaf_u_ibex.clk (net)
                      0.087979    0.009225   25.913267 ^ _590_/CLK (sky130_fd_sc_hd__dfrtp_2)
                                 -0.250000   25.663267   clock uncertainty
                                  0.000000   25.663267   clock reconvergence pessimism
                                 -0.071069   25.592199   library setup time
                                             25.592199   data required time
---------------------------------------------------------------------------------------------
                                             25.592199   data required time
                                             -8.839722   data arrival time
---------------------------------------------------------------------------------------------
                                             16.752478   slack (MET)


Startpoint: tl_i[64] (input port clocked by clk_i)
Endpoint: _592_ (rising edge-triggered flip-flop clocked by clk_i)
Path Group: clk_i
Path Type: max

Fanout         Cap        Slew       Delay        Time   Description
---------------------------------------------------------------------------------------------
                                  0.000000    0.000000   clock clk_i (rise edge)
                                  0.000000    0.000000   clock network delay (propagated)
                                  5.000000    5.000000 v input external delay
     2    0.004621    0.007566    0.003863    5.003863 v tl_i[64] (in)
                                                         tl_i[64] (net)
                      0.007566    0.000000    5.003863 v input14/A (sky130_fd_sc_hd__clkbuf_4)
     3    0.042947    0.067327    0.122659    5.126522 v input14/X (sky130_fd_sc_hd__clkbuf_4)
                                                         net14 (net)
                      0.067351    0.001182    5.127704 v _423_/A (sky130_fd_sc_hd__xor2_4)
     3    0.070078    0.133979    0.175680    5.303384 v _423_/X (sky130_fd_sc_hd__xor2_4)
                                                         _176_ (net)
                      0.136960    0.015613    5.318997 v wire85/A (sky130_fd_sc_hd__buf_8)
     3    0.112650    0.059714    0.149318    5.468315 v wire85/X (sky130_fd_sc_hd__buf_8)
                                                         net85 (net)
                      0.097095    0.037575    5.505890 v _426_/B (sky130_fd_sc_hd__or4_4)
     3    0.068300    0.124657    0.414146    5.920036 v _426_/X (sky130_fd_sc_hd__or4_4)
                                                         _179_ (net)
                      0.129742    0.021019    5.941055 v _429_/C (sky130_fd_sc_hd__or4_1)
     1    0.002450    0.051190    0.283621    6.224676 v _429_/X (sky130_fd_sc_hd__or4_1)
                                                         _182_ (net)
                      0.051190    0.000069    6.224745 v _430_/A2 (sky130_fd_sc_hd__a21o_1)
     3    0.012171    0.050298    0.146704    6.371449 v _430_/X (sky130_fd_sc_hd__a21o_1)
                                                         _183_ (net)
                      0.050304    0.000570    6.372019 v _524_/A1 (sky130_fd_sc_hd__o31ai_1)
     1    0.010835    0.281533    0.274059    6.646078 ^ _524_/Y (sky130_fd_sc_hd__o31ai_1)
                                                         _250_ (net)
                      0.281536    0.000622    6.646700 ^ wire66/A (sky130_fd_sc_hd__clkbuf_4)
     3    0.051501    0.123878    0.198881    6.845582 ^ wire66/X (sky130_fd_sc_hd__clkbuf_4)
                                                         net66 (net)
                      0.126524    0.014250    6.859831 ^ fanout65/A (sky130_fd_sc_hd__clkbuf_2)
     7    0.028771    0.123289    0.152643    7.012475 ^ fanout65/X (sky130_fd_sc_hd__clkbuf_2)
                                                         net65 (net)
                      0.123290    0.000357    7.012832 ^ fanout64/A (sky130_fd_sc_hd__buf_2)
    13    0.049320    0.181856    0.194877    7.207709 ^ fanout64/X (sky130_fd_sc_hd__buf_2)
                                                         net64 (net)
                      0.181866    0.001189    7.208899 ^ fanout63/A (sky130_fd_sc_hd__clkbuf_2)
     5    0.033326    0.141817    0.170485    7.379384 ^ fanout63/X (sky130_fd_sc_hd__clkbuf_2)
                                                         net63 (net)
                      0.141820    0.000592    7.379975 ^ fanout62/A (sky130_fd_sc_hd__buf_2)
     6    0.036347    0.135593    0.166644    7.546619 ^ fanout62/X (sky130_fd_sc_hd__buf_2)
                                                         net62 (net)
                      0.135658    0.001402    7.548021 ^ _537_/S (sky130_fd_sc_hd__mux2_1)
     1    0.002341    0.036262    0.188646    7.736667 v _537_/X (sky130_fd_sc_hd__mux2_1)
                                                         _023_ (net)
                      0.036262    0.000066    7.736732 v hold273/A (sky130_fd_sc_hd__dlygate4sd3_1)
     1    0.002602    0.037327    0.360710    8.097442 v hold273/X (sky130_fd_sc_hd__dlygate4sd3_1)
                                                         net444 (net)
                      0.037327    0.000073    8.097515 v hold76/A (sky130_fd_sc_hd__dlygate4sd3_1)
     1    0.003233    0.040007    0.364912    8.462426 v hold76/X (sky130_fd_sc_hd__dlygate4sd3_1)
                                                         net247 (net)
                      0.040007    0.000081    8.462507 v hold274/A (sky130_fd_sc_hd__dlygate4sd3_1)
     1    0.003825    0.042568    0.369271    8.831779 v hold274/X (sky130_fd_sc_hd__dlygate4sd3_1)
                                                         net445 (net)
                      0.042568    0.000126    8.831904 v _592_/D (sky130_fd_sc_hd__dfrtp_1)
                                              8.831904   data arrival time

                                 25.000000   25.000000   clock clk_i (rise edge)
                                  0.000000   25.000000   clock source latency
     2    0.077175    0.262105    0.196252   25.196251 ^ clk_i (in)
                                                         clk_i (net)
                      0.266425    0.000000   25.196251 ^ clkbuf_0_clk_i/A (sky130_fd_sc_hd__clkbuf_16)
     2    0.018739    0.036606    0.127372   25.323624 ^ clkbuf_0_clk_i/X (sky130_fd_sc_hd__clkbuf_16)
                                                         clknet_0_clk_i (net)
                      0.036606    0.000405   25.324028 ^ clkbuf_1_0__f_clk_i/A (sky130_fd_sc_hd__clkbuf_16)
     3    0.008468    0.023514    0.078213   25.402241 ^ clkbuf_1_0__f_clk_i/X (sky130_fd_sc_hd__clkbuf_16)
                                                         clknet_1_0__leaf_clk_i (net)
                      0.023514    0.000192   25.402433 ^ _498_/A (sky130_fd_sc_hd__and2_2)
     3    0.052614    0.202390    0.198499   25.600931 ^ _498_/X (sky130_fd_sc_hd__and2_2)
                                                         u_ibex.clk (net)
                      0.203536    0.012307   25.613239 ^ clkbuf_0_u_ibex.clk/A (sky130_fd_sc_hd__clkbuf_16)
     9    0.081193    0.077163    0.153010   25.766249 ^ clkbuf_0_u_ibex.clk/X (sky130_fd_sc_hd__clkbuf_16)
                                                         clknet_0_u_ibex.clk (net)
                      0.077775    0.005388   25.771637 ^ clkbuf_2_0__f_u_ibex.clk/A (sky130_fd_sc_hd__clkbuf_16)
    31    0.095262    0.086372    0.132406   25.904043 ^ clkbuf_2_0__f_u_ibex.clk/X (sky130_fd_sc_hd__clkbuf_16)
                                                         clknet_2_0__leaf_u_ibex.clk (net)
                      0.087447    0.007649   25.911692 ^ _592_/CLK (sky130_fd_sc_hd__dfrtp_1)
                                 -0.250000   25.661692   clock uncertainty
                                  0.000000   25.661692   clock reconvergence pessimism
                                 -0.070874   25.590816   library setup time
                                             25.590816   data required time
---------------------------------------------------------------------------------------------
                                             25.590816   data required time
                                             -8.831904   data arrival time
---------------------------------------------------------------------------------------------
                                             16.758913   slack (MET)


Startpoint: tl_i[64] (input port clocked by clk_i)
Endpoint: _593_ (rising edge-triggered flip-flop clocked by clk_i)
Path Group: clk_i
Path Type: max

Fanout         Cap        Slew       Delay        Time   Description
---------------------------------------------------------------------------------------------
                                  0.000000    0.000000   clock clk_i (rise edge)
                                  0.000000    0.000000   clock network delay (propagated)
                                  5.000000    5.000000 v input external delay
     2    0.004621    0.007566    0.003863    5.003863 v tl_i[64] (in)
                                                         tl_i[64] (net)
                      0.007566    0.000000    5.003863 v input14/A (sky130_fd_sc_hd__clkbuf_4)
     3    0.042947    0.067327    0.122659    5.126522 v input14/X (sky130_fd_sc_hd__clkbuf_4)
                                                         net14 (net)
                      0.067351    0.001182    5.127704 v _423_/A (sky130_fd_sc_hd__xor2_4)
     3    0.070078    0.133979    0.175680    5.303384 v _423_/X (sky130_fd_sc_hd__xor2_4)
                                                         _176_ (net)
                      0.136960    0.015613    5.318997 v wire85/A (sky130_fd_sc_hd__buf_8)
     3    0.112650    0.059714    0.149318    5.468315 v wire85/X (sky130_fd_sc_hd__buf_8)
                                                         net85 (net)
                      0.097095    0.037575    5.505890 v _426_/B (sky130_fd_sc_hd__or4_4)
     3    0.068300    0.124657    0.414146    5.920036 v _426_/X (sky130_fd_sc_hd__or4_4)
                                                         _179_ (net)
                      0.129742    0.021019    5.941055 v _429_/C (sky130_fd_sc_hd__or4_1)
     1    0.002450    0.051190    0.283621    6.224676 v _429_/X (sky130_fd_sc_hd__or4_1)
                                                         _182_ (net)
                      0.051190    0.000069    6.224745 v _430_/A2 (sky130_fd_sc_hd__a21o_1)
     3    0.012171    0.050298    0.146704    6.371449 v _430_/X (sky130_fd_sc_hd__a21o_1)
                                                         _183_ (net)
                      0.050304    0.000570    6.372019 v _524_/A1 (sky130_fd_sc_hd__o31ai_1)
     1    0.010835    0.281533    0.274059    6.646078 ^ _524_/Y (sky130_fd_sc_hd__o31ai_1)
                                                         _250_ (net)
                      0.281536    0.000622    6.646700 ^ wire66/A (sky130_fd_sc_hd__clkbuf_4)
     3    0.051501    0.123878    0.198881    6.845582 ^ wire66/X (sky130_fd_sc_hd__clkbuf_4)
                                                         net66 (net)
                      0.126524    0.014250    6.859831 ^ fanout65/A (sky130_fd_sc_hd__clkbuf_2)
     7    0.028771    0.123289    0.152643    7.012475 ^ fanout65/X (sky130_fd_sc_hd__clkbuf_2)
                                                         net65 (net)
                      0.123290    0.000357    7.012832 ^ fanout64/A (sky130_fd_sc_hd__buf_2)
    13    0.049320    0.181856    0.194877    7.207709 ^ fanout64/X (sky130_fd_sc_hd__buf_2)
                                                         net64 (net)
                      0.181866    0.001189    7.208899 ^ fanout63/A (sky130_fd_sc_hd__clkbuf_2)
     5    0.033326    0.141817    0.170485    7.379384 ^ fanout63/X (sky130_fd_sc_hd__clkbuf_2)
                                                         net63 (net)
                      0.141820    0.000592    7.379975 ^ fanout62/A (sky130_fd_sc_hd__buf_2)
     6    0.036347    0.135593    0.166644    7.546619 ^ fanout62/X (sky130_fd_sc_hd__buf_2)
                                                         net62 (net)
                      0.135658    0.001408    7.548028 ^ _538_/S (sky130_fd_sc_hd__mux2_1)
     1    0.002434    0.036606    0.189214    7.737241 v _538_/X (sky130_fd_sc_hd__mux2_1)
                                                         _024_ (net)
                      0.036606    0.000073    7.737314 v hold227/A (sky130_fd_sc_hd__dlygate4sd3_1)
     1    0.002343    0.036598    0.359281    8.096595 v hold227/X (sky130_fd_sc_hd__dlygate4sd3_1)
                                                         net398 (net)
                      0.036598    0.000069    8.096664 v hold46/A (sky130_fd_sc_hd__dlygate4sd3_1)
     1    0.001943    0.035127    0.356884    8.453548 v hold46/X (sky130_fd_sc_hd__dlygate4sd3_1)
                                                         net217 (net)
                      0.035127    0.000038    8.453587 v hold228/A (sky130_fd_sc_hd__dlygate4sd3_1)
     1    0.003688    0.042300    0.366802    8.820388 v hold228/X (sky130_fd_sc_hd__dlygate4sd3_1)
                                                         net399 (net)
                      0.042300    0.000113    8.820501 v _593_/D (sky130_fd_sc_hd__dfrtp_1)
                                              8.820501   data arrival time

                                 25.000000   25.000000   clock clk_i (rise edge)
                                  0.000000   25.000000   clock source latency
     2    0.077175    0.262105    0.196252   25.196251 ^ clk_i (in)
                                                         clk_i (net)
                      0.266425    0.000000   25.196251 ^ clkbuf_0_clk_i/A (sky130_fd_sc_hd__clkbuf_16)
     2    0.018739    0.036606    0.127372   25.323624 ^ clkbuf_0_clk_i/X (sky130_fd_sc_hd__clkbuf_16)
                                                         clknet_0_clk_i (net)
                      0.036606    0.000405   25.324028 ^ clkbuf_1_0__f_clk_i/A (sky130_fd_sc_hd__clkbuf_16)
     3    0.008468    0.023514    0.078213   25.402241 ^ clkbuf_1_0__f_clk_i/X (sky130_fd_sc_hd__clkbuf_16)
                                                         clknet_1_0__leaf_clk_i (net)
                      0.023514    0.000192   25.402433 ^ _498_/A (sky130_fd_sc_hd__and2_2)
     3    0.052614    0.202390    0.198499   25.600931 ^ _498_/X (sky130_fd_sc_hd__and2_2)
                                                         u_ibex.clk (net)
                      0.203536    0.012307   25.613239 ^ clkbuf_0_u_ibex.clk/A (sky130_fd_sc_hd__clkbuf_16)
     9    0.081193    0.077163    0.153010   25.766249 ^ clkbuf_0_u_ibex.clk/X (sky130_fd_sc_hd__clkbuf_16)
                                                         clknet_0_u_ibex.clk (net)
                      0.077775    0.005388   25.771637 ^ clkbuf_2_0__f_u_ibex.clk/A (sky130_fd_sc_hd__clkbuf_16)
    31    0.095262    0.086372    0.132406   25.904043 ^ clkbuf_2_0__f_u_ibex.clk/X (sky130_fd_sc_hd__clkbuf_16)
                                                         clknet_2_0__leaf_u_ibex.clk (net)
                      0.087748    0.008576   25.912619 ^ _593_/CLK (sky130_fd_sc_hd__dfrtp_1)
                                 -0.250000   25.662619   clock uncertainty
                                  0.000000   25.662619   clock reconvergence pessimism
                                 -0.070750   25.591869   library setup time
                                             25.591869   data required time
---------------------------------------------------------------------------------------------
                                             25.591869   data required time
                                             -8.820501   data arrival time
---------------------------------------------------------------------------------------------
                                             16.771366   slack (MET)


Startpoint: tl_i[64] (input port clocked by clk_i)
Endpoint: _591_ (rising edge-triggered flip-flop clocked by clk_i)
Path Group: clk_i
Path Type: max

Fanout         Cap        Slew       Delay        Time   Description
---------------------------------------------------------------------------------------------
                                  0.000000    0.000000   clock clk_i (rise edge)
                                  0.000000    0.000000   clock network delay (propagated)
                                  5.000000    5.000000 v input external delay
     2    0.004621    0.007566    0.003863    5.003863 v tl_i[64] (in)
                                                         tl_i[64] (net)
                      0.007566    0.000000    5.003863 v input14/A (sky130_fd_sc_hd__clkbuf_4)
     3    0.042947    0.067327    0.122659    5.126522 v input14/X (sky130_fd_sc_hd__clkbuf_4)
                                                         net14 (net)
                      0.067351    0.001182    5.127704 v _423_/A (sky130_fd_sc_hd__xor2_4)
     3    0.070078    0.133979    0.175680    5.303384 v _423_/X (sky130_fd_sc_hd__xor2_4)
                                                         _176_ (net)
                      0.136960    0.015613    5.318997 v wire85/A (sky130_fd_sc_hd__buf_8)
     3    0.112650    0.059714    0.149318    5.468315 v wire85/X (sky130_fd_sc_hd__buf_8)
                                                         net85 (net)
                      0.097095    0.037575    5.505890 v _426_/B (sky130_fd_sc_hd__or4_4)
     3    0.068300    0.124657    0.414146    5.920036 v _426_/X (sky130_fd_sc_hd__or4_4)
                                                         _179_ (net)
                      0.129742    0.021019    5.941055 v _429_/C (sky130_fd_sc_hd__or4_1)
     1    0.002450    0.051190    0.283621    6.224676 v _429_/X (sky130_fd_sc_hd__or4_1)
                                                         _182_ (net)
                      0.051190    0.000069    6.224745 v _430_/A2 (sky130_fd_sc_hd__a21o_1)
     3    0.012171    0.050298    0.146704    6.371449 v _430_/X (sky130_fd_sc_hd__a21o_1)
                                                         _183_ (net)
                      0.050304    0.000570    6.372019 v _524_/A1 (sky130_fd_sc_hd__o31ai_1)
     1    0.010835    0.281533    0.274059    6.646078 ^ _524_/Y (sky130_fd_sc_hd__o31ai_1)
                                                         _250_ (net)
                      0.281536    0.000622    6.646700 ^ wire66/A (sky130_fd_sc_hd__clkbuf_4)
     3    0.051501    0.123878    0.198881    6.845582 ^ wire66/X (sky130_fd_sc_hd__clkbuf_4)
                                                         net66 (net)
                      0.126524    0.014250    6.859831 ^ fanout65/A (sky130_fd_sc_hd__clkbuf_2)
     7    0.028771    0.123289    0.152643    7.012475 ^ fanout65/X (sky130_fd_sc_hd__clkbuf_2)
                                                         net65 (net)
                      0.123290    0.000357    7.012832 ^ fanout64/A (sky130_fd_sc_hd__buf_2)
    13    0.049320    0.181856    0.194877    7.207709 ^ fanout64/X (sky130_fd_sc_hd__buf_2)
                                                         net64 (net)
                      0.181866    0.001189    7.208899 ^ fanout63/A (sky130_fd_sc_hd__clkbuf_2)
     5    0.033326    0.141817    0.170485    7.379384 ^ fanout63/X (sky130_fd_sc_hd__clkbuf_2)
                                                         net63 (net)
                      0.141820    0.000592    7.379975 ^ fanout62/A (sky130_fd_sc_hd__buf_2)
     6    0.036347    0.135593    0.166644    7.546619 ^ fanout62/X (sky130_fd_sc_hd__buf_2)
                                                         net62 (net)
                      0.135641    0.000601    7.547221 ^ _536_/S (sky130_fd_sc_hd__mux2_1)
     1    0.002359    0.036329    0.188755    7.735976 v _536_/X (sky130_fd_sc_hd__mux2_1)
                                                         _022_ (net)
                      0.036329    0.000068    7.736043 v hold289/A (sky130_fd_sc_hd__dlygate4sd3_1)
     1    0.002519    0.037088    0.360237    8.096280 v hold289/X (sky130_fd_sc_hd__dlygate4sd3_1)
                                                         net460 (net)
                      0.037088    0.000075    8.096354 v hold84/A (sky130_fd_sc_hd__dlygate4sd3_1)
     1    0.003197    0.039833    0.364600    8.460955 v hold84/X (sky130_fd_sc_hd__dlygate4sd3_1)
                                                         net255 (net)
                      0.039833    0.000099    8.461054 v hold290/A (sky130_fd_sc_hd__dlygate4sd3_1)
     1    0.002762    0.037881    0.363031    8.824085 v hold290/X (sky130_fd_sc_hd__dlygate4sd3_1)
                                                         net461 (net)
                      0.037881    0.000080    8.824165 v _591_/D (sky130_fd_sc_hd__dfrtp_1)
                                              8.824165   data arrival time

                                 25.000000   25.000000   clock clk_i (rise edge)
                                  0.000000   25.000000   clock source latency
     2    0.077175    0.262105    0.196252   25.196251 ^ clk_i (in)
                                                         clk_i (net)
                      0.266425    0.000000   25.196251 ^ clkbuf_0_clk_i/A (sky130_fd_sc_hd__clkbuf_16)
     2    0.018739    0.036606    0.127372   25.323624 ^ clkbuf_0_clk_i/X (sky130_fd_sc_hd__clkbuf_16)
                                                         clknet_0_clk_i (net)
                      0.036606    0.000405   25.324028 ^ clkbuf_1_0__f_clk_i/A (sky130_fd_sc_hd__clkbuf_16)
     3    0.008468    0.023514    0.078213   25.402241 ^ clkbuf_1_0__f_clk_i/X (sky130_fd_sc_hd__clkbuf_16)
                                                         clknet_1_0__leaf_clk_i (net)
                      0.023514    0.000192   25.402433 ^ _498_/A (sky130_fd_sc_hd__and2_2)
     3    0.052614    0.202390    0.198499   25.600931 ^ _498_/X (sky130_fd_sc_hd__and2_2)
                                                         u_ibex.clk (net)
                      0.203536    0.012307   25.613239 ^ clkbuf_0_u_ibex.clk/A (sky130_fd_sc_hd__clkbuf_16)
     9    0.081193    0.077163    0.153010   25.766249 ^ clkbuf_0_u_ibex.clk/X (sky130_fd_sc_hd__clkbuf_16)
                                                         clknet_0_u_ibex.clk (net)
                      0.077775    0.005388   25.771637 ^ clkbuf_2_0__f_u_ibex.clk/A (sky130_fd_sc_hd__clkbuf_16)
    31    0.095262    0.086372    0.132406   25.904043 ^ clkbuf_2_0__f_u_ibex.clk/X (sky130_fd_sc_hd__clkbuf_16)
                                                         clknet_2_0__leaf_u_ibex.clk (net)
                      0.088704    0.011013   25.915056 ^ _591_/CLK (sky130_fd_sc_hd__dfrtp_1)
                                 -0.250000   25.665056   clock uncertainty
                                  0.000000   25.665056   clock reconvergence pessimism
                                 -0.069083   25.595974   library setup time
                                             25.595974   data required time
---------------------------------------------------------------------------------------------
                                             25.595974   data required time
                                             -8.824165   data arrival time
---------------------------------------------------------------------------------------------
                                             16.771807   slack (MET)


Startpoint: tl_i[64] (input port clocked by clk_i)
Endpoint: _594_ (rising edge-triggered flip-flop clocked by clk_i)
Path Group: clk_i
Path Type: max

Fanout         Cap        Slew       Delay        Time   Description
---------------------------------------------------------------------------------------------
                                  0.000000    0.000000   clock clk_i (rise edge)
                                  0.000000    0.000000   clock network delay (propagated)
                                  5.000000    5.000000 v input external delay
     2    0.004621    0.007566    0.003863    5.003863 v tl_i[64] (in)
                                                         tl_i[64] (net)
                      0.007566    0.000000    5.003863 v input14/A (sky130_fd_sc_hd__clkbuf_4)
     3    0.042947    0.067327    0.122659    5.126522 v input14/X (sky130_fd_sc_hd__clkbuf_4)
                                                         net14 (net)
                      0.067351    0.001182    5.127704 v _423_/A (sky130_fd_sc_hd__xor2_4)
     3    0.070078    0.133979    0.175680    5.303384 v _423_/X (sky130_fd_sc_hd__xor2_4)
                                                         _176_ (net)
                      0.136960    0.015613    5.318997 v wire85/A (sky130_fd_sc_hd__buf_8)
     3    0.112650    0.059714    0.149318    5.468315 v wire85/X (sky130_fd_sc_hd__buf_8)
                                                         net85 (net)
                      0.097095    0.037575    5.505890 v _426_/B (sky130_fd_sc_hd__or4_4)
     3    0.068300    0.124657    0.414146    5.920036 v _426_/X (sky130_fd_sc_hd__or4_4)
                                                         _179_ (net)
                      0.129742    0.021019    5.941055 v _429_/C (sky130_fd_sc_hd__or4_1)
     1    0.002450    0.051190    0.283621    6.224676 v _429_/X (sky130_fd_sc_hd__or4_1)
                                                         _182_ (net)
                      0.051190    0.000069    6.224745 v _430_/A2 (sky130_fd_sc_hd__a21o_1)
     3    0.012171    0.050298    0.146704    6.371449 v _430_/X (sky130_fd_sc_hd__a21o_1)
                                                         _183_ (net)
                      0.050304    0.000570    6.372019 v _524_/A1 (sky130_fd_sc_hd__o31ai_1)
     1    0.010835    0.281533    0.274059    6.646078 ^ _524_/Y (sky130_fd_sc_hd__o31ai_1)
                                                         _250_ (net)
                      0.281536    0.000622    6.646700 ^ wire66/A (sky130_fd_sc_hd__clkbuf_4)
     3    0.051501    0.123878    0.198881    6.845582 ^ wire66/X (sky130_fd_sc_hd__clkbuf_4)
                                                         net66 (net)
                      0.126524    0.014250    6.859831 ^ fanout65/A (sky130_fd_sc_hd__clkbuf_2)
     7    0.028771    0.123289    0.152643    7.012475 ^ fanout65/X (sky130_fd_sc_hd__clkbuf_2)
                                                         net65 (net)
                      0.123290    0.000357    7.012832 ^ fanout64/A (sky130_fd_sc_hd__buf_2)
    13    0.049320    0.181856    0.194877    7.207709 ^ fanout64/X (sky130_fd_sc_hd__buf_2)
                                                         net64 (net)
                      0.181866    0.001189    7.208899 ^ fanout63/A (sky130_fd_sc_hd__clkbuf_2)
     5    0.033326    0.141817    0.170485    7.379384 ^ fanout63/X (sky130_fd_sc_hd__clkbuf_2)
                                                         net63 (net)
                      0.141820    0.000592    7.379975 ^ fanout62/A (sky130_fd_sc_hd__buf_2)
     6    0.036347    0.135593    0.166644    7.546619 ^ fanout62/X (sky130_fd_sc_hd__buf_2)
                                                         net62 (net)
                      0.135660    0.001469    7.548089 ^ _539_/S (sky130_fd_sc_hd__mux2_1)
     1    0.002009    0.035035    0.186601    7.734690 v _539_/X (sky130_fd_sc_hd__mux2_1)
                                                         _025_ (net)
                      0.035035    0.000056    7.734746 v hold203/A (sky130_fd_sc_hd__dlygate4sd3_1)
     1    0.002858    0.038314    0.361786    8.096532 v hold203/X (sky130_fd_sc_hd__dlygate4sd3_1)
                                                         net374 (net)
                      0.038314    0.000083    8.096615 v hold38/A (sky130_fd_sc_hd__dlygate4sd3_1)
     1    0.002147    0.035884    0.358757    8.455372 v hold38/X (sky130_fd_sc_hd__dlygate4sd3_1)
                                                         net209 (net)
                      0.035884    0.000061    8.455433 v hold204/A (sky130_fd_sc_hd__dlygate4sd3_1)
     1    0.002581    0.037267    0.360437    8.815870 v hold204/X (sky130_fd_sc_hd__dlygate4sd3_1)
                                                         net375 (net)
                      0.037267    0.000074    8.815944 v _594_/D (sky130_fd_sc_hd__dfrtp_1)
                                              8.815944   data arrival time

                                 25.000000   25.000000   clock clk_i (rise edge)
                                  0.000000   25.000000   clock source latency
     2    0.077175    0.262105    0.196252   25.196251 ^ clk_i (in)
                                                         clk_i (net)
                      0.266425    0.000000   25.196251 ^ clkbuf_0_clk_i/A (sky130_fd_sc_hd__clkbuf_16)
     2    0.018739    0.036606    0.127372   25.323624 ^ clkbuf_0_clk_i/X (sky130_fd_sc_hd__clkbuf_16)
                                                         clknet_0_clk_i (net)
                      0.036606    0.000405   25.324028 ^ clkbuf_1_0__f_clk_i/A (sky130_fd_sc_hd__clkbuf_16)
     3    0.008468    0.023514    0.078213   25.402241 ^ clkbuf_1_0__f_clk_i/X (sky130_fd_sc_hd__clkbuf_16)
                                                         clknet_1_0__leaf_clk_i (net)
                      0.023514    0.000192   25.402433 ^ _498_/A (sky130_fd_sc_hd__and2_2)
     3    0.052614    0.202390    0.198499   25.600931 ^ _498_/X (sky130_fd_sc_hd__and2_2)
                                                         u_ibex.clk (net)
                      0.203536    0.012307   25.613239 ^ clkbuf_0_u_ibex.clk/A (sky130_fd_sc_hd__clkbuf_16)
     9    0.081193    0.077163    0.153010   25.766249 ^ clkbuf_0_u_ibex.clk/X (sky130_fd_sc_hd__clkbuf_16)
                                                         clknet_0_u_ibex.clk (net)
                      0.077773    0.005377   25.771626 ^ clkbuf_2_1__f_u_ibex.clk/A (sky130_fd_sc_hd__clkbuf_16)
    33    0.094839    0.086324    0.133729   25.905355 ^ clkbuf_2_1__f_u_ibex.clk/X (sky130_fd_sc_hd__clkbuf_16)
                                                         clknet_2_1__leaf_u_ibex.clk (net)
                      0.087090    0.006548   25.911903 ^ _594_/CLK (sky130_fd_sc_hd__dfrtp_1)
                                 -0.250000   25.661903   clock uncertainty
                                  0.000000   25.661903   clock reconvergence pessimism
                                 -0.069020   25.592884   library setup time
                                             25.592884   data required time
---------------------------------------------------------------------------------------------
                                             25.592884   data required time
                                             -8.815944   data arrival time
---------------------------------------------------------------------------------------------
                                             16.776939   slack (MET)


Startpoint: tl_i[64] (input port clocked by clk_i)
Endpoint: _588_ (rising edge-triggered flip-flop clocked by clk_i)
Path Group: clk_i
Path Type: max

Fanout         Cap        Slew       Delay        Time   Description
---------------------------------------------------------------------------------------------
                                  0.000000    0.000000   clock clk_i (rise edge)
                                  0.000000    0.000000   clock network delay (propagated)
                                  5.000000    5.000000 v input external delay
     2    0.004621    0.007566    0.003863    5.003863 v tl_i[64] (in)
                                                         tl_i[64] (net)
                      0.007566    0.000000    5.003863 v input14/A (sky130_fd_sc_hd__clkbuf_4)
     3    0.042947    0.067327    0.122659    5.126522 v input14/X (sky130_fd_sc_hd__clkbuf_4)
                                                         net14 (net)
                      0.067351    0.001182    5.127704 v _423_/A (sky130_fd_sc_hd__xor2_4)
     3    0.070078    0.133979    0.175680    5.303384 v _423_/X (sky130_fd_sc_hd__xor2_4)
                                                         _176_ (net)
                      0.136960    0.015613    5.318997 v wire85/A (sky130_fd_sc_hd__buf_8)
     3    0.112650    0.059714    0.149318    5.468315 v wire85/X (sky130_fd_sc_hd__buf_8)
                                                         net85 (net)
                      0.097095    0.037575    5.505890 v _426_/B (sky130_fd_sc_hd__or4_4)
     3    0.068300    0.124657    0.414146    5.920036 v _426_/X (sky130_fd_sc_hd__or4_4)
                                                         _179_ (net)
                      0.129742    0.021019    5.941055 v _429_/C (sky130_fd_sc_hd__or4_1)
     1    0.002450    0.051190    0.283621    6.224676 v _429_/X (sky130_fd_sc_hd__or4_1)
                                                         _182_ (net)
                      0.051190    0.000069    6.224745 v _430_/A2 (sky130_fd_sc_hd__a21o_1)
     3    0.012171    0.050298    0.146704    6.371449 v _430_/X (sky130_fd_sc_hd__a21o_1)
                                                         _183_ (net)
                      0.050304    0.000570    6.372019 v _524_/A1 (sky130_fd_sc_hd__o31ai_1)
     1    0.010835    0.281533    0.274059    6.646078 ^ _524_/Y (sky130_fd_sc_hd__o31ai_1)
                                                         _250_ (net)
                      0.281536    0.000622    6.646700 ^ wire66/A (sky130_fd_sc_hd__clkbuf_4)
     3    0.051501    0.123878    0.198881    6.845582 ^ wire66/X (sky130_fd_sc_hd__clkbuf_4)
                                                         net66 (net)
                      0.126524    0.014250    6.859831 ^ fanout65/A (sky130_fd_sc_hd__clkbuf_2)
     7    0.028771    0.123289    0.152643    7.012475 ^ fanout65/X (sky130_fd_sc_hd__clkbuf_2)
                                                         net65 (net)
                      0.123290    0.000357    7.012832 ^ fanout64/A (sky130_fd_sc_hd__buf_2)
    13    0.049320    0.181856    0.194877    7.207709 ^ fanout64/X (sky130_fd_sc_hd__buf_2)
                                                         net64 (net)
                      0.181866    0.001189    7.208899 ^ fanout63/A (sky130_fd_sc_hd__clkbuf_2)
     5    0.033326    0.141817    0.170485    7.379384 ^ fanout63/X (sky130_fd_sc_hd__clkbuf_2)
                                                         net63 (net)
                      0.141820    0.000592    7.379975 ^ fanout62/A (sky130_fd_sc_hd__buf_2)
     6    0.036347    0.135593    0.166644    7.546619 ^ fanout62/X (sky130_fd_sc_hd__buf_2)
                                                         net62 (net)
                      0.135642    0.000695    7.547315 ^ _533_/S (sky130_fd_sc_hd__mux2_1)
     1    0.001925    0.034725    0.186084    7.733399 v _533_/X (sky130_fd_sc_hd__mux2_1)
                                                         _019_ (net)
                      0.034725    0.000055    7.733454 v hold281/A (sky130_fd_sc_hd__dlygate4sd3_1)
     1    0.003330    0.040492    0.364497    8.097951 v hold281/X (sky130_fd_sc_hd__dlygate4sd3_1)
                                                         net452 (net)
                      0.040492    0.000108    8.098060 v hold80/A (sky130_fd_sc_hd__dlygate4sd3_1)
     1    0.002327    0.036544    0.360666    8.458726 v hold80/X (sky130_fd_sc_hd__dlygate4sd3_1)
                                                         net251 (net)
                      0.036544    0.000066    8.458791 v hold282/A (sky130_fd_sc_hd__dlygate4sd3_1)
     1    0.002754    0.037858    0.361728    8.820518 v hold282/X (sky130_fd_sc_hd__dlygate4sd3_1)
                                                         net453 (net)
                      0.037858    0.000079    8.820598 v _588_/D (sky130_fd_sc_hd__dfrtp_1)
                                              8.820598   data arrival time

                                 25.000000   25.000000   clock clk_i (rise edge)
                                  0.000000   25.000000   clock source latency
     2    0.077175    0.262105    0.196252   25.196251 ^ clk_i (in)
                                                         clk_i (net)
                      0.266425    0.000000   25.196251 ^ clkbuf_0_clk_i/A (sky130_fd_sc_hd__clkbuf_16)
     2    0.018739    0.036606    0.127372   25.323624 ^ clkbuf_0_clk_i/X (sky130_fd_sc_hd__clkbuf_16)
                                                         clknet_0_clk_i (net)
                      0.036606    0.000405   25.324028 ^ clkbuf_1_0__f_clk_i/A (sky130_fd_sc_hd__clkbuf_16)
     3    0.008468    0.023514    0.078213   25.402241 ^ clkbuf_1_0__f_clk_i/X (sky130_fd_sc_hd__clkbuf_16)
                                                         clknet_1_0__leaf_clk_i (net)
                      0.023514    0.000192   25.402433 ^ _498_/A (sky130_fd_sc_hd__and2_2)
     3    0.052614    0.202390    0.198499   25.600931 ^ _498_/X (sky130_fd_sc_hd__and2_2)
                                                         u_ibex.clk (net)
                      0.203536    0.012307   25.613239 ^ clkbuf_0_u_ibex.clk/A (sky130_fd_sc_hd__clkbuf_16)
     9    0.081193    0.077163    0.153010   25.766249 ^ clkbuf_0_u_ibex.clk/X (sky130_fd_sc_hd__clkbuf_16)
                                                         clknet_0_u_ibex.clk (net)
                      0.077775    0.005388   25.771637 ^ clkbuf_2_0__f_u_ibex.clk/A (sky130_fd_sc_hd__clkbuf_16)
    31    0.095262    0.086372    0.132406   25.904043 ^ clkbuf_2_0__f_u_ibex.clk/X (sky130_fd_sc_hd__clkbuf_16)
                                                         clknet_2_0__leaf_u_ibex.clk (net)
                      0.089537    0.012784   25.916826 ^ _588_/CLK (sky130_fd_sc_hd__dfrtp_1)
                                 -0.250000   25.666828   clock uncertainty
                                  0.000000   25.666828   clock reconvergence pessimism
                                 -0.068995   25.597832   library setup time
                                             25.597832   data required time
---------------------------------------------------------------------------------------------
                                             25.597832   data required time
                                             -8.820598   data arrival time
---------------------------------------------------------------------------------------------
                                             16.777235   slack (MET)


Startpoint: _578_ (rising edge-triggered flip-flop clocked by clk_i)
Endpoint: tl_o[109] (output port clocked by clk_i)
Path Group: clk_i
Path Type: max

Fanout         Cap        Slew       Delay        Time   Description
---------------------------------------------------------------------------------------------
                                  0.000000    0.000000   clock clk_i (rise edge)
                                  0.000000    0.000000   clock source latency
     2    0.077175    0.262105    0.196252    0.196252 ^ clk_i (in)
                                                         clk_i (net)
                      0.266425    0.000000    0.196252 ^ clkbuf_0_clk_i/A (sky130_fd_sc_hd__clkbuf_16)
     2    0.018739    0.036606    0.127371    0.323623 ^ clkbuf_0_clk_i/X (sky130_fd_sc_hd__clkbuf_16)
                                                         clknet_0_clk_i (net)
                      0.036606    0.000406    0.324030 ^ clkbuf_1_0__f_clk_i/A (sky130_fd_sc_hd__clkbuf_16)
     3    0.008468    0.023514    0.078213    0.402242 ^ clkbuf_1_0__f_clk_i/X (sky130_fd_sc_hd__clkbuf_16)
                                                         clknet_1_0__leaf_clk_i (net)
                      0.023514    0.000191    0.402433 ^ _498_/A (sky130_fd_sc_hd__and2_2)
     3    0.052614    0.202686    0.198500    0.600933 ^ _498_/X (sky130_fd_sc_hd__and2_2)
                                                         u_ibex.clk (net)
                      0.203830    0.012306    0.613239 ^ clkbuf_0_u_ibex.clk/A (sky130_fd_sc_hd__clkbuf_16)
     9    0.081193    0.077169    0.153052    0.766291 ^ clkbuf_0_u_ibex.clk/X (sky130_fd_sc_hd__clkbuf_16)
                                                         clknet_0_u_ibex.clk (net)
                      0.078340    0.007465    0.773756 ^ clkbuf_2_2__f_u_ibex.clk/A (sky130_fd_sc_hd__clkbuf_16)
    31    0.105244    0.094104    0.135620    0.909376 ^ clkbuf_2_2__f_u_ibex.clk/X (sky130_fd_sc_hd__clkbuf_16)
                                                         clknet_2_2__leaf_u_ibex.clk (net)
                      0.096859    0.012546    0.921921 ^ _578_/CLK (sky130_fd_sc_hd__dfrtp_1)
     1    0.005901    0.049644    0.230579    1.152500 ^ _578_/Q (sky130_fd_sc_hd__dfrtp_1)
                                                         u_ibex.u_ibex_core.load_store_unit_i.ls_fsm_cs[1] (net)
                      0.049644    0.000217    1.152718 ^ hold126/A (sky130_fd_sc_hd__dlygate4sd3_1)
     1    0.003623    0.043154    0.380024    1.532742 ^ hold126/X (sky130_fd_sc_hd__dlygate4sd3_1)
                                                         net297 (net)
                      0.043154    0.000109    1.532851 ^ hold117/A (sky130_fd_sc_hd__dlygate4sd3_1)
     1    0.002210    0.033898    0.369606    1.902458 ^ hold117/X (sky130_fd_sc_hd__dlygate4sd3_1)
                                                         net288 (net)
                      0.033898    0.000064    1.902522 ^ hold127/A (sky130_fd_sc_hd__dlygate4sd3_1)
     3    0.012267    0.102198    0.423028    2.325550 ^ hold127/X (sky130_fd_sc_hd__dlygate4sd3_1)
                                                         net298 (net)
                      0.102198    0.000167    2.325716 ^ fanout82/A (sky130_fd_sc_hd__dlymetal6s2s_1)
     2    0.007414    0.077055    0.101312    2.427029 ^ fanout82/X (sky130_fd_sc_hd__dlymetal6s2s_1)
                                                         net82 (net)
                      0.077055    0.000218    2.427246 ^ _258_/B (sky130_fd_sc_hd__nor2_1)
     2    0.008591    0.047241    0.044943    2.472189 v _258_/Y (sky130_fd_sc_hd__nor2_1)
                                                         _048_ (net)
                      0.047243    0.000342    2.472530 v _433_/B (sky130_fd_sc_hd__nor2_1)
     1    0.003541    0.063564    0.067166    2.539696 ^ _433_/Y (sky130_fd_sc_hd__nor2_1)
                                                         data_req (net)
                      0.063564    0.000109    2.539806 ^ _715_/A (sky130_fd_sc_hd__buf_4)
     3    0.080285    0.167680    0.163172    2.702977 ^ _715_/X (sky130_fd_sc_hd__buf_4)
                                                         net18 (net)
                      0.178332    0.032663    2.735641 ^ output18/A (sky130_fd_sc_hd__buf_2)
     1    0.034851    0.130486    0.166882    2.902523 ^ output18/X (sky130_fd_sc_hd__buf_2)
                                                         tl_o[109] (net)
                      0.130490    0.000898    2.903421 ^ tl_o[109] (out)
                                              2.903421   data arrival time

                                 25.000000   25.000000   clock clk_i (rise edge)
                                  0.000000   25.000000   clock network delay (propagated)
                                 -0.250000   24.750000   clock uncertainty
                                  0.000000   24.750000   clock reconvergence pessimism
                                 -5.000000   19.750000   output external delay
                                             19.750000   data required time
---------------------------------------------------------------------------------------------
                                             19.750000   data required time
                                             -2.903421   data arrival time
---------------------------------------------------------------------------------------------
                                             16.846579   slack (MET)


Startpoint: tl_i[64] (input port clocked by clk_i)
Endpoint: _607_ (rising edge-triggered flip-flop clocked by clk_i)
Path Group: clk_i
Path Type: max

Fanout         Cap        Slew       Delay        Time   Description
---------------------------------------------------------------------------------------------
                                  0.000000    0.000000   clock clk_i (rise edge)
                                  0.000000    0.000000   clock network delay (propagated)
                                  5.000000    5.000000 v input external delay
     2    0.004621    0.007566    0.003863    5.003863 v tl_i[64] (in)
                                                         tl_i[64] (net)
                      0.007566    0.000000    5.003863 v input14/A (sky130_fd_sc_hd__clkbuf_4)
     3    0.042947    0.067327    0.122659    5.126522 v input14/X (sky130_fd_sc_hd__clkbuf_4)
                                                         net14 (net)
                      0.067351    0.001182    5.127704 v _423_/A (sky130_fd_sc_hd__xor2_4)
     3    0.070078    0.133979    0.175680    5.303384 v _423_/X (sky130_fd_sc_hd__xor2_4)
                                                         _176_ (net)
                      0.136960    0.015613    5.318997 v wire85/A (sky130_fd_sc_hd__buf_8)
     3    0.112650    0.059714    0.149318    5.468315 v wire85/X (sky130_fd_sc_hd__buf_8)
                                                         net85 (net)
                      0.097095    0.037575    5.505890 v _426_/B (sky130_fd_sc_hd__or4_4)
     3    0.068300    0.124657    0.414146    5.920036 v _426_/X (sky130_fd_sc_hd__or4_4)
                                                         _179_ (net)
                      0.129742    0.021019    5.941055 v _429_/C (sky130_fd_sc_hd__or4_1)
     1    0.002450    0.051190    0.283621    6.224676 v _429_/X (sky130_fd_sc_hd__or4_1)
                                                         _182_ (net)
                      0.051190    0.000069    6.224745 v _430_/A2 (sky130_fd_sc_hd__a21o_1)
     3    0.012171    0.050298    0.146704    6.371449 v _430_/X (sky130_fd_sc_hd__a21o_1)
                                                         _183_ (net)
                      0.050304    0.000570    6.372019 v _524_/A1 (sky130_fd_sc_hd__o31ai_1)
     1    0.010835    0.281533    0.274059    6.646078 ^ _524_/Y (sky130_fd_sc_hd__o31ai_1)
                                                         _250_ (net)
                      0.281536    0.000622    6.646700 ^ wire66/A (sky130_fd_sc_hd__clkbuf_4)
     3    0.051501    0.123878    0.198881    6.845582 ^ wire66/X (sky130_fd_sc_hd__clkbuf_4)
                                                         net66 (net)
                      0.126524    0.014250    6.859831 ^ fanout65/A (sky130_fd_sc_hd__clkbuf_2)
     7    0.028771    0.123289    0.152643    7.012475 ^ fanout65/X (sky130_fd_sc_hd__clkbuf_2)
                                                         net65 (net)
                      0.123305    0.001160    7.013635 ^ fanout61/A (sky130_fd_sc_hd__dlymetal6s2s_1)
     4    0.024687    0.197909    0.190179    7.203814 ^ fanout61/X (sky130_fd_sc_hd__dlymetal6s2s_1)
                                                         net61 (net)
                      0.197925    0.001450    7.205264 ^ fanout60/A (sky130_fd_sc_hd__buf_2)
     6    0.039882    0.148275    0.180782    7.386046 ^ fanout60/X (sky130_fd_sc_hd__buf_2)
                                                         net60 (net)
                      0.148312    0.001923    7.387969 ^ _552_/S (sky130_fd_sc_hd__mux2_1)
     1    0.003370    0.040425    0.195114    7.583083 v _552_/X (sky130_fd_sc_hd__mux2_1)
                                                         _038_ (net)
                      0.040425    0.000113    7.583196 v hold261/A (sky130_fd_sc_hd__dlygate4sd3_1)
     1    0.001997    0.035346    0.358656    7.941852 v hold261/X (sky130_fd_sc_hd__dlygate4sd3_1)
                                                         net432 (net)
                      0.035346    0.000057    7.941909 v hold70/A (sky130_fd_sc_hd__dlygate4sd3_1)
     1    0.002871    0.038366    0.361974    8.303883 v hold70/X (sky130_fd_sc_hd__dlygate4sd3_1)
                                                         net241 (net)
                      0.038366    0.000090    8.303972 v hold262/A (sky130_fd_sc_hd__dlygate4sd3_1)
     1    0.003284    0.040234    0.365608    8.669580 v hold262/X (sky130_fd_sc_hd__dlygate4sd3_1)
                                                         net433 (net)
                      0.040234    0.000102    8.669683 v _607_/D (sky130_fd_sc_hd__dfrtp_1)
                                              8.669683   data arrival time

                                 25.000000   25.000000   clock clk_i (rise edge)
                                  0.000000   25.000000   clock source latency
     2    0.077175    0.262105    0.196252   25.196251 ^ clk_i (in)
                                                         clk_i (net)
                      0.266425    0.000000   25.196251 ^ clkbuf_0_clk_i/A (sky130_fd_sc_hd__clkbuf_16)
     2    0.018739    0.036606    0.127372   25.323624 ^ clkbuf_0_clk_i/X (sky130_fd_sc_hd__clkbuf_16)
                                                         clknet_0_clk_i (net)
                      0.036606    0.000405   25.324028 ^ clkbuf_1_0__f_clk_i/A (sky130_fd_sc_hd__clkbuf_16)
     3    0.008468    0.023514    0.078213   25.402241 ^ clkbuf_1_0__f_clk_i/X (sky130_fd_sc_hd__clkbuf_16)
                                                         clknet_1_0__leaf_clk_i (net)
                      0.023514    0.000192   25.402433 ^ _498_/A (sky130_fd_sc_hd__and2_2)
     3    0.052614    0.202390    0.198499   25.600931 ^ _498_/X (sky130_fd_sc_hd__and2_2)
                                                         u_ibex.clk (net)
                      0.203536    0.012307   25.613239 ^ clkbuf_0_u_ibex.clk/A (sky130_fd_sc_hd__clkbuf_16)
     9    0.081193    0.077163    0.153010   25.766249 ^ clkbuf_0_u_ibex.clk/X (sky130_fd_sc_hd__clkbuf_16)
                                                         clknet_0_u_ibex.clk (net)
                      0.077773    0.005377   25.771626 ^ clkbuf_2_1__f_u_ibex.clk/A (sky130_fd_sc_hd__clkbuf_16)
    33    0.094839    0.086324    0.133729   25.905355 ^ clkbuf_2_1__f_u_ibex.clk/X (sky130_fd_sc_hd__clkbuf_16)
                                                         clknet_2_1__leaf_u_ibex.clk (net)
                      0.089416    0.012800   25.918156 ^ _607_/CLK (sky130_fd_sc_hd__dfrtp_1)
                                 -0.250000   25.668156   clock uncertainty
                                  0.000000   25.668156   clock reconvergence pessimism
                                 -0.069853   25.598303   library setup time
                                             25.598303   data required time
---------------------------------------------------------------------------------------------
                                             25.598303   data required time
                                             -8.669683   data arrival time
---------------------------------------------------------------------------------------------
                                             16.928621   slack (MET)


Startpoint: tl_i[64] (input port clocked by clk_i)
Endpoint: _605_ (rising edge-triggered flip-flop clocked by clk_i)
Path Group: clk_i
Path Type: max

Fanout         Cap        Slew       Delay        Time   Description
---------------------------------------------------------------------------------------------
                                  0.000000    0.000000   clock clk_i (rise edge)
                                  0.000000    0.000000   clock network delay (propagated)
                                  5.000000    5.000000 v input external delay
     2    0.004621    0.007566    0.003863    5.003863 v tl_i[64] (in)
                                                         tl_i[64] (net)
                      0.007566    0.000000    5.003863 v input14/A (sky130_fd_sc_hd__clkbuf_4)
     3    0.042947    0.067327    0.122659    5.126522 v input14/X (sky130_fd_sc_hd__clkbuf_4)
                                                         net14 (net)
                      0.067351    0.001182    5.127704 v _423_/A (sky130_fd_sc_hd__xor2_4)
     3    0.070078    0.133979    0.175680    5.303384 v _423_/X (sky130_fd_sc_hd__xor2_4)
                                                         _176_ (net)
                      0.136960    0.015613    5.318997 v wire85/A (sky130_fd_sc_hd__buf_8)
     3    0.112650    0.059714    0.149318    5.468315 v wire85/X (sky130_fd_sc_hd__buf_8)
                                                         net85 (net)
                      0.097095    0.037575    5.505890 v _426_/B (sky130_fd_sc_hd__or4_4)
     3    0.068300    0.124657    0.414146    5.920036 v _426_/X (sky130_fd_sc_hd__or4_4)
                                                         _179_ (net)
                      0.129742    0.021019    5.941055 v _429_/C (sky130_fd_sc_hd__or4_1)
     1    0.002450    0.051190    0.283621    6.224676 v _429_/X (sky130_fd_sc_hd__or4_1)
                                                         _182_ (net)
                      0.051190    0.000069    6.224745 v _430_/A2 (sky130_fd_sc_hd__a21o_1)
     3    0.012171    0.050298    0.146704    6.371449 v _430_/X (sky130_fd_sc_hd__a21o_1)
                                                         _183_ (net)
                      0.050304    0.000570    6.372019 v _524_/A1 (sky130_fd_sc_hd__o31ai_1)
     1    0.010835    0.281533    0.274059    6.646078 ^ _524_/Y (sky130_fd_sc_hd__o31ai_1)
                                                         _250_ (net)
                      0.281536    0.000622    6.646700 ^ wire66/A (sky130_fd_sc_hd__clkbuf_4)
     3    0.051501    0.123878    0.198881    6.845582 ^ wire66/X (sky130_fd_sc_hd__clkbuf_4)
                                                         net66 (net)
                      0.126524    0.014250    6.859831 ^ fanout65/A (sky130_fd_sc_hd__clkbuf_2)
     7    0.028771    0.123289    0.152643    7.012475 ^ fanout65/X (sky130_fd_sc_hd__clkbuf_2)
                                                         net65 (net)
                      0.123305    0.001160    7.013635 ^ fanout61/A (sky130_fd_sc_hd__dlymetal6s2s_1)
     4    0.024687    0.197909    0.190179    7.203814 ^ fanout61/X (sky130_fd_sc_hd__dlymetal6s2s_1)
                                                         net61 (net)
                      0.197925    0.001450    7.205264 ^ fanout60/A (sky130_fd_sc_hd__buf_2)
     6    0.039882    0.148275    0.180782    7.386046 ^ fanout60/X (sky130_fd_sc_hd__buf_2)
                                                         net60 (net)
                      0.148282    0.000806    7.386852 ^ _550_/S (sky130_fd_sc_hd__mux2_1)
     1    0.002144    0.035512    0.187581    7.574433 v _550_/X (sky130_fd_sc_hd__mux2_1)
                                                         _036_ (net)
                      0.035512    0.000060    7.574492 v hold237/A (sky130_fd_sc_hd__dlygate4sd3_1)
     1    0.002599    0.037320    0.360407    7.934899 v hold237/X (sky130_fd_sc_hd__dlygate4sd3_1)
                                                         net408 (net)
                      0.037320    0.000073    7.934972 v hold55/A (sky130_fd_sc_hd__dlygate4sd3_1)
     1    0.003233    0.040007    0.364913    8.299885 v hold55/X (sky130_fd_sc_hd__dlygate4sd3_1)
                                                         net226 (net)
                      0.040007    0.000076    8.299961 v hold238/A (sky130_fd_sc_hd__dlygate4sd3_1)
     1    0.003347    0.040516    0.366612    8.666573 v hold238/X (sky130_fd_sc_hd__dlygate4sd3_1)
                                                         net409 (net)
                      0.040516    0.000106    8.666678 v _605_/D (sky130_fd_sc_hd__dfrtp_1)
                                              8.666678   data arrival time

                                 25.000000   25.000000   clock clk_i (rise edge)
                                  0.000000   25.000000   clock source latency
     2    0.077175    0.262105    0.196252   25.196251 ^ clk_i (in)
                                                         clk_i (net)
                      0.266425    0.000000   25.196251 ^ clkbuf_0_clk_i/A (sky130_fd_sc_hd__clkbuf_16)
     2    0.018739    0.036606    0.127372   25.323624 ^ clkbuf_0_clk_i/X (sky130_fd_sc_hd__clkbuf_16)
                                                         clknet_0_clk_i (net)
                      0.036606    0.000405   25.324028 ^ clkbuf_1_0__f_clk_i/A (sky130_fd_sc_hd__clkbuf_16)
     3    0.008468    0.023514    0.078213   25.402241 ^ clkbuf_1_0__f_clk_i/X (sky130_fd_sc_hd__clkbuf_16)
                                                         clknet_1_0__leaf_clk_i (net)
                      0.023514    0.000192   25.402433 ^ _498_/A (sky130_fd_sc_hd__and2_2)
     3    0.052614    0.202390    0.198499   25.600931 ^ _498_/X (sky130_fd_sc_hd__and2_2)
                                                         u_ibex.clk (net)
                      0.203536    0.012307   25.613239 ^ clkbuf_0_u_ibex.clk/A (sky130_fd_sc_hd__clkbuf_16)
     9    0.081193    0.077163    0.153010   25.766249 ^ clkbuf_0_u_ibex.clk/X (sky130_fd_sc_hd__clkbuf_16)
                                                         clknet_0_u_ibex.clk (net)
                      0.077773    0.005377   25.771626 ^ clkbuf_2_1__f_u_ibex.clk/A (sky130_fd_sc_hd__clkbuf_16)
    33    0.094839    0.086324    0.133729   25.905355 ^ clkbuf_2_1__f_u_ibex.clk/X (sky130_fd_sc_hd__clkbuf_16)
                                                         clknet_2_1__leaf_u_ibex.clk (net)
                      0.088835    0.011545   25.916899 ^ _605_/CLK (sky130_fd_sc_hd__dfrtp_1)
                                 -0.250000   25.666901   clock uncertainty
                                  0.000000   25.666901   clock reconvergence pessimism
                                 -0.070009   25.596891   library setup time
                                             25.596891   data required time
---------------------------------------------------------------------------------------------
                                             25.596891   data required time
                                             -8.666678   data arrival time
---------------------------------------------------------------------------------------------
                                             16.930212   slack (MET)


Startpoint: tl_i[64] (input port clocked by clk_i)
Endpoint: _603_ (rising edge-triggered flip-flop clocked by clk_i)
Path Group: clk_i
Path Type: max

Fanout         Cap        Slew       Delay        Time   Description
---------------------------------------------------------------------------------------------
                                  0.000000    0.000000   clock clk_i (rise edge)
                                  0.000000    0.000000   clock network delay (propagated)
                                  5.000000    5.000000 v input external delay
     2    0.004621    0.007566    0.003863    5.003863 v tl_i[64] (in)
                                                         tl_i[64] (net)
                      0.007566    0.000000    5.003863 v input14/A (sky130_fd_sc_hd__clkbuf_4)
     3    0.042947    0.067327    0.122659    5.126522 v input14/X (sky130_fd_sc_hd__clkbuf_4)
                                                         net14 (net)
                      0.067351    0.001182    5.127704 v _423_/A (sky130_fd_sc_hd__xor2_4)
     3    0.070078    0.133979    0.175680    5.303384 v _423_/X (sky130_fd_sc_hd__xor2_4)
                                                         _176_ (net)
                      0.136960    0.015613    5.318997 v wire85/A (sky130_fd_sc_hd__buf_8)
     3    0.112650    0.059714    0.149318    5.468315 v wire85/X (sky130_fd_sc_hd__buf_8)
                                                         net85 (net)
                      0.097095    0.037575    5.505890 v _426_/B (sky130_fd_sc_hd__or4_4)
     3    0.068300    0.124657    0.414146    5.920036 v _426_/X (sky130_fd_sc_hd__or4_4)
                                                         _179_ (net)
                      0.129742    0.021019    5.941055 v _429_/C (sky130_fd_sc_hd__or4_1)
     1    0.002450    0.051190    0.283621    6.224676 v _429_/X (sky130_fd_sc_hd__or4_1)
                                                         _182_ (net)
                      0.051190    0.000069    6.224745 v _430_/A2 (sky130_fd_sc_hd__a21o_1)
     3    0.012171    0.050298    0.146704    6.371449 v _430_/X (sky130_fd_sc_hd__a21o_1)
                                                         _183_ (net)
                      0.050304    0.000570    6.372019 v _524_/A1 (sky130_fd_sc_hd__o31ai_1)
     1    0.010835    0.281533    0.274059    6.646078 ^ _524_/Y (sky130_fd_sc_hd__o31ai_1)
                                                         _250_ (net)
                      0.281536    0.000622    6.646700 ^ wire66/A (sky130_fd_sc_hd__clkbuf_4)
     3    0.051501    0.123878    0.198881    6.845582 ^ wire66/X (sky130_fd_sc_hd__clkbuf_4)
                                                         net66 (net)
                      0.126524    0.014250    6.859831 ^ fanout65/A (sky130_fd_sc_hd__clkbuf_2)
     7    0.028771    0.123289    0.152643    7.012475 ^ fanout65/X (sky130_fd_sc_hd__clkbuf_2)
                                                         net65 (net)
                      0.123305    0.001160    7.013635 ^ fanout61/A (sky130_fd_sc_hd__dlymetal6s2s_1)
     4    0.024687    0.197909    0.190179    7.203814 ^ fanout61/X (sky130_fd_sc_hd__dlymetal6s2s_1)
                                                         net61 (net)
                      0.197925    0.001450    7.205264 ^ fanout60/A (sky130_fd_sc_hd__buf_2)
     6    0.039882    0.148275    0.180782    7.386046 ^ fanout60/X (sky130_fd_sc_hd__buf_2)
                                                         net60 (net)
                      0.148278    0.000541    7.386587 ^ _548_/S (sky130_fd_sc_hd__mux2_1)
     1    0.002614    0.037256    0.190472    7.577058 v _548_/X (sky130_fd_sc_hd__mux2_1)
                                                         _034_ (net)
                      0.037256    0.000081    7.577139 v hold245/A (sky130_fd_sc_hd__dlygate4sd3_1)
     1    0.003174    0.039721    0.364529    7.941668 v hold245/X (sky130_fd_sc_hd__dlygate4sd3_1)
                                                         net416 (net)
                      0.039721    0.000092    7.941761 v hold59/A (sky130_fd_sc_hd__dlygate4sd3_1)
     1    0.002313    0.036492    0.360290    8.302050 v hold59/X (sky130_fd_sc_hd__dlygate4sd3_1)
                                                         net230 (net)
                      0.036492    0.000065    8.302114 v hold246/A (sky130_fd_sc_hd__dlygate4sd3_1)
     1    0.003224    0.039967    0.364535    8.666650 v hold246/X (sky130_fd_sc_hd__dlygate4sd3_1)
                                                         net417 (net)
                      0.039967    0.000095    8.666745 v _603_/D (sky130_fd_sc_hd__dfrtp_1)
                                              8.666745   data arrival time

                                 25.000000   25.000000   clock clk_i (rise edge)
                                  0.000000   25.000000   clock source latency
     2    0.077175    0.262105    0.196252   25.196251 ^ clk_i (in)
                                                         clk_i (net)
                      0.266425    0.000000   25.196251 ^ clkbuf_0_clk_i/A (sky130_fd_sc_hd__clkbuf_16)
     2    0.018739    0.036606    0.127372   25.323624 ^ clkbuf_0_clk_i/X (sky130_fd_sc_hd__clkbuf_16)
                                                         clknet_0_clk_i (net)
                      0.036606    0.000405   25.324028 ^ clkbuf_1_0__f_clk_i/A (sky130_fd_sc_hd__clkbuf_16)
     3    0.008468    0.023514    0.078213   25.402241 ^ clkbuf_1_0__f_clk_i/X (sky130_fd_sc_hd__clkbuf_16)
                                                         clknet_1_0__leaf_clk_i (net)
                      0.023514    0.000192   25.402433 ^ _498_/A (sky130_fd_sc_hd__and2_2)
     3    0.052614    0.202390    0.198499   25.600931 ^ _498_/X (sky130_fd_sc_hd__and2_2)
                                                         u_ibex.clk (net)
                      0.203536    0.012307   25.613239 ^ clkbuf_0_u_ibex.clk/A (sky130_fd_sc_hd__clkbuf_16)
     9    0.081193    0.077163    0.153010   25.766249 ^ clkbuf_0_u_ibex.clk/X (sky130_fd_sc_hd__clkbuf_16)
                                                         clknet_0_u_ibex.clk (net)
                      0.077773    0.005377   25.771626 ^ clkbuf_2_1__f_u_ibex.clk/A (sky130_fd_sc_hd__clkbuf_16)
    33    0.094839    0.086324    0.133729   25.905355 ^ clkbuf_2_1__f_u_ibex.clk/X (sky130_fd_sc_hd__clkbuf_16)
                                                         clknet_2_1__leaf_u_ibex.clk (net)
                      0.089161    0.012262   25.917618 ^ _603_/CLK (sky130_fd_sc_hd__dfrtp_1)
                                 -0.250000   25.667618   clock uncertainty
                                  0.000000   25.667618   clock reconvergence pessimism
                                 -0.069782   25.597836   library setup time
                                             25.597836   data required time
---------------------------------------------------------------------------------------------
                                             25.597836   data required time
                                             -8.666745   data arrival time
---------------------------------------------------------------------------------------------
                                             16.931089   slack (MET)


Startpoint: tl_i[64] (input port clocked by clk_i)
Endpoint: _604_ (rising edge-triggered flip-flop clocked by clk_i)
Path Group: clk_i
Path Type: max

Fanout         Cap        Slew       Delay        Time   Description
---------------------------------------------------------------------------------------------
                                  0.000000    0.000000   clock clk_i (rise edge)
                                  0.000000    0.000000   clock network delay (propagated)
                                  5.000000    5.000000 v input external delay
     2    0.004621    0.007566    0.003863    5.003863 v tl_i[64] (in)
                                                         tl_i[64] (net)
                      0.007566    0.000000    5.003863 v input14/A (sky130_fd_sc_hd__clkbuf_4)
     3    0.042947    0.067327    0.122659    5.126522 v input14/X (sky130_fd_sc_hd__clkbuf_4)
                                                         net14 (net)
                      0.067351    0.001182    5.127704 v _423_/A (sky130_fd_sc_hd__xor2_4)
     3    0.070078    0.133979    0.175680    5.303384 v _423_/X (sky130_fd_sc_hd__xor2_4)
                                                         _176_ (net)
                      0.136960    0.015613    5.318997 v wire85/A (sky130_fd_sc_hd__buf_8)
     3    0.112650    0.059714    0.149318    5.468315 v wire85/X (sky130_fd_sc_hd__buf_8)
                                                         net85 (net)
                      0.097095    0.037575    5.505890 v _426_/B (sky130_fd_sc_hd__or4_4)
     3    0.068300    0.124657    0.414146    5.920036 v _426_/X (sky130_fd_sc_hd__or4_4)
                                                         _179_ (net)
                      0.129742    0.021019    5.941055 v _429_/C (sky130_fd_sc_hd__or4_1)
     1    0.002450    0.051190    0.283621    6.224676 v _429_/X (sky130_fd_sc_hd__or4_1)
                                                         _182_ (net)
                      0.051190    0.000069    6.224745 v _430_/A2 (sky130_fd_sc_hd__a21o_1)
     3    0.012171    0.050298    0.146704    6.371449 v _430_/X (sky130_fd_sc_hd__a21o_1)
                                                         _183_ (net)
                      0.050304    0.000570    6.372019 v _524_/A1 (sky130_fd_sc_hd__o31ai_1)
     1    0.010835    0.281533    0.274059    6.646078 ^ _524_/Y (sky130_fd_sc_hd__o31ai_1)
                                                         _250_ (net)
                      0.281536    0.000622    6.646700 ^ wire66/A (sky130_fd_sc_hd__clkbuf_4)
     3    0.051501    0.123878    0.198881    6.845582 ^ wire66/X (sky130_fd_sc_hd__clkbuf_4)
                                                         net66 (net)
                      0.126524    0.014250    6.859831 ^ fanout65/A (sky130_fd_sc_hd__clkbuf_2)
     7    0.028771    0.123289    0.152643    7.012475 ^ fanout65/X (sky130_fd_sc_hd__clkbuf_2)
                                                         net65 (net)
                      0.123305    0.001160    7.013635 ^ fanout61/A (sky130_fd_sc_hd__dlymetal6s2s_1)
     4    0.024687    0.197909    0.190179    7.203814 ^ fanout61/X (sky130_fd_sc_hd__dlymetal6s2s_1)
                                                         net61 (net)
                      0.197925    0.001450    7.205264 ^ fanout60/A (sky130_fd_sc_hd__buf_2)
     6    0.039882    0.148275    0.180782    7.386046 ^ fanout60/X (sky130_fd_sc_hd__buf_2)
                                                         net60 (net)
                      0.148328    0.002305    7.388350 ^ _549_/S (sky130_fd_sc_hd__mux2_1)
     1    0.002532    0.036951    0.189967    7.578318 v _549_/X (sky130_fd_sc_hd__mux2_1)
                                                         _035_ (net)
                      0.036951    0.000075    7.578393 v hold207/A (sky130_fd_sc_hd__dlygate4sd3_1)
     1    0.002463    0.036930    0.360136    7.938529 v hold207/X (sky130_fd_sc_hd__dlygate4sd3_1)
                                                         net378 (net)
                      0.036930    0.000075    7.938604 v hold36/A (sky130_fd_sc_hd__dlygate4sd3_1)
     1    0.002738    0.037787    0.361779    8.300383 v hold36/X (sky130_fd_sc_hd__dlygate4sd3_1)
                                                         net207 (net)
                      0.037787    0.000083    8.300466 v hold208/A (sky130_fd_sc_hd__dlygate4sd3_1)
     1    0.003023    0.039027    0.363817    8.664283 v hold208/X (sky130_fd_sc_hd__dlygate4sd3_1)
                                                         net379 (net)
                      0.039027    0.000091    8.664374 v _604_/D (sky130_fd_sc_hd__dfrtp_1)
                                              8.664374   data arrival time

                                 25.000000   25.000000   clock clk_i (rise edge)
                                  0.000000   25.000000   clock source latency
     2    0.077175    0.262105    0.196252   25.196251 ^ clk_i (in)
                                                         clk_i (net)
                      0.266425    0.000000   25.196251 ^ clkbuf_0_clk_i/A (sky130_fd_sc_hd__clkbuf_16)
     2    0.018739    0.036606    0.127372   25.323624 ^ clkbuf_0_clk_i/X (sky130_fd_sc_hd__clkbuf_16)
                                                         clknet_0_clk_i (net)
                      0.036606    0.000405   25.324028 ^ clkbuf_1_0__f_clk_i/A (sky130_fd_sc_hd__clkbuf_16)
     3    0.008468    0.023514    0.078213   25.402241 ^ clkbuf_1_0__f_clk_i/X (sky130_fd_sc_hd__clkbuf_16)
                                                         clknet_1_0__leaf_clk_i (net)
                      0.023514    0.000192   25.402433 ^ _498_/A (sky130_fd_sc_hd__and2_2)
     3    0.052614    0.202390    0.198499   25.600931 ^ _498_/X (sky130_fd_sc_hd__and2_2)
                                                         u_ibex.clk (net)
                      0.203536    0.012307   25.613239 ^ clkbuf_0_u_ibex.clk/A (sky130_fd_sc_hd__clkbuf_16)
     9    0.081193    0.077163    0.153010   25.766249 ^ clkbuf_0_u_ibex.clk/X (sky130_fd_sc_hd__clkbuf_16)
                                                         clknet_0_u_ibex.clk (net)
                      0.077773    0.005377   25.771626 ^ clkbuf_2_1__f_u_ibex.clk/A (sky130_fd_sc_hd__clkbuf_16)
    33    0.094839    0.086324    0.133729   25.905355 ^ clkbuf_2_1__f_u_ibex.clk/X (sky130_fd_sc_hd__clkbuf_16)
                                                         clknet_2_1__leaf_u_ibex.clk (net)
                      0.089308    0.012575   25.917931 ^ _604_/CLK (sky130_fd_sc_hd__dfrtp_1)
                                 -0.250000   25.667931   clock uncertainty
                                  0.000000   25.667931   clock reconvergence pessimism
                                 -0.069433   25.598497   library setup time
                                             25.598497   data required time
---------------------------------------------------------------------------------------------
                                             25.598497   data required time
                                             -8.664374   data arrival time
---------------------------------------------------------------------------------------------
                                             16.934122   slack (MET)


Startpoint: tl_i[64] (input port clocked by clk_i)
Endpoint: _583_ (rising edge-triggered flip-flop clocked by clk_i)
Path Group: clk_i
Path Type: max

Fanout         Cap        Slew       Delay        Time   Description
---------------------------------------------------------------------------------------------
                                  0.000000    0.000000   clock clk_i (rise edge)
                                  0.000000    0.000000   clock network delay (propagated)
                                  5.000000    5.000000 v input external delay
     2    0.004621    0.007566    0.003863    5.003863 v tl_i[64] (in)
                                                         tl_i[64] (net)
                      0.007566    0.000000    5.003863 v input14/A (sky130_fd_sc_hd__clkbuf_4)
     3    0.042947    0.067327    0.122659    5.126522 v input14/X (sky130_fd_sc_hd__clkbuf_4)
                                                         net14 (net)
                      0.067351    0.001182    5.127704 v _423_/A (sky130_fd_sc_hd__xor2_4)
     3    0.070078    0.133979    0.175680    5.303384 v _423_/X (sky130_fd_sc_hd__xor2_4)
                                                         _176_ (net)
                      0.136960    0.015613    5.318997 v wire85/A (sky130_fd_sc_hd__buf_8)
     3    0.112650    0.059714    0.149318    5.468315 v wire85/X (sky130_fd_sc_hd__buf_8)
                                                         net85 (net)
                      0.097095    0.037575    5.505890 v _426_/B (sky130_fd_sc_hd__or4_4)
     3    0.068300    0.124657    0.414146    5.920036 v _426_/X (sky130_fd_sc_hd__or4_4)
                                                         _179_ (net)
                      0.129742    0.021019    5.941055 v _429_/C (sky130_fd_sc_hd__or4_1)
     1    0.002450    0.051190    0.283621    6.224676 v _429_/X (sky130_fd_sc_hd__or4_1)
                                                         _182_ (net)
                      0.051190    0.000069    6.224745 v _430_/A2 (sky130_fd_sc_hd__a21o_1)
     3    0.012171    0.050298    0.146704    6.371449 v _430_/X (sky130_fd_sc_hd__a21o_1)
                                                         _183_ (net)
                      0.050304    0.000570    6.372019 v _524_/A1 (sky130_fd_sc_hd__o31ai_1)
     1    0.010835    0.281533    0.274059    6.646078 ^ _524_/Y (sky130_fd_sc_hd__o31ai_1)
                                                         _250_ (net)
                      0.281536    0.000622    6.646700 ^ wire66/A (sky130_fd_sc_hd__clkbuf_4)
     3    0.051501    0.123878    0.198881    6.845582 ^ wire66/X (sky130_fd_sc_hd__clkbuf_4)
                                                         net66 (net)
                      0.126524    0.014250    6.859831 ^ fanout65/A (sky130_fd_sc_hd__clkbuf_2)
     7    0.028771    0.123289    0.152643    7.012475 ^ fanout65/X (sky130_fd_sc_hd__clkbuf_2)
                                                         net65 (net)
                      0.123305    0.001160    7.013635 ^ fanout61/A (sky130_fd_sc_hd__dlymetal6s2s_1)
     4    0.024687    0.197909    0.190179    7.203814 ^ fanout61/X (sky130_fd_sc_hd__dlymetal6s2s_1)
                                                         net61 (net)
                      0.197910    0.000298    7.204112 ^ fanout59/A (sky130_fd_sc_hd__buf_2)
     6    0.035873    0.133815    0.170641    7.374753 ^ fanout59/X (sky130_fd_sc_hd__buf_2)
                                                         net59 (net)
                      0.133851    0.001827    7.376580 ^ _528_/S (sky130_fd_sc_hd__mux2_1)
     1    0.003009    0.038827    0.192725    7.569305 v _528_/X (sky130_fd_sc_hd__mux2_1)
                                                         _014_ (net)
                      0.038827    0.000097    7.569402 v hold277/A (sky130_fd_sc_hd__dlygate4sd3_1)
     1    0.003180    0.039732    0.365153    7.934556 v hold277/X (sky130_fd_sc_hd__dlygate4sd3_1)
                                                         net448 (net)
                      0.039732    0.000104    7.934659 v hold78/A (sky130_fd_sc_hd__dlygate4sd3_1)
     1    0.003251    0.040059    0.365927    8.300587 v hold78/X (sky130_fd_sc_hd__dlygate4sd3_1)
                                                         net249 (net)
                      0.040059    0.000106    8.300692 v hold278/A (sky130_fd_sc_hd__dlygate4sd3_1)
     1    0.003170    0.039676    0.365566    8.666258 v hold278/X (sky130_fd_sc_hd__dlygate4sd3_1)
                                                         net449 (net)
                      0.039676    0.000094    8.666352 v _583_/D (sky130_fd_sc_hd__dfrtp_1)
                                              8.666352   data arrival time

                                 25.000000   25.000000   clock clk_i (rise edge)
                                  0.000000   25.000000   clock source latency
     2    0.077175    0.262105    0.196252   25.196251 ^ clk_i (in)
                                                         clk_i (net)
                      0.266425    0.000000   25.196251 ^ clkbuf_0_clk_i/A (sky130_fd_sc_hd__clkbuf_16)
     2    0.018739    0.036606    0.127372   25.323624 ^ clkbuf_0_clk_i/X (sky130_fd_sc_hd__clkbuf_16)
                                                         clknet_0_clk_i (net)
                      0.036606    0.000405   25.324028 ^ clkbuf_1_0__f_clk_i/A (sky130_fd_sc_hd__clkbuf_16)
     3    0.008468    0.023514    0.078213   25.402241 ^ clkbuf_1_0__f_clk_i/X (sky130_fd_sc_hd__clkbuf_16)
                                                         clknet_1_0__leaf_clk_i (net)
                      0.023514    0.000192   25.402433 ^ _498_/A (sky130_fd_sc_hd__and2_2)
     3    0.052614    0.202390    0.198499   25.600931 ^ _498_/X (sky130_fd_sc_hd__and2_2)
                                                         u_ibex.clk (net)
                      0.203536    0.012307   25.613239 ^ clkbuf_0_u_ibex.clk/A (sky130_fd_sc_hd__clkbuf_16)
     9    0.081193    0.077163    0.153010   25.766249 ^ clkbuf_0_u_ibex.clk/X (sky130_fd_sc_hd__clkbuf_16)
                                                         clknet_0_u_ibex.clk (net)
                      0.077775    0.005388   25.771637 ^ clkbuf_2_0__f_u_ibex.clk/A (sky130_fd_sc_hd__clkbuf_16)
    31    0.095262    0.086372    0.132406   25.904043 ^ clkbuf_2_0__f_u_ibex.clk/X (sky130_fd_sc_hd__clkbuf_16)
                                                         clknet_2_0__leaf_u_ibex.clk (net)
                      0.092125    0.017264   25.921307 ^ _583_/CLK (sky130_fd_sc_hd__dfrtp_1)
                                 -0.250000   25.671309   clock uncertainty
                                  0.000000   25.671309   clock reconvergence pessimism
                                 -0.069393   25.601913   library setup time
                                             25.601913   data required time
---------------------------------------------------------------------------------------------
                                             25.601913   data required time
                                             -8.666352   data arrival time
---------------------------------------------------------------------------------------------
                                             16.935562   slack (MET)


Startpoint: tl_i[64] (input port clocked by clk_i)
Endpoint: _595_ (rising edge-triggered flip-flop clocked by clk_i)
Path Group: clk_i
Path Type: max

Fanout         Cap        Slew       Delay        Time   Description
---------------------------------------------------------------------------------------------
                                  0.000000    0.000000   clock clk_i (rise edge)
                                  0.000000    0.000000   clock network delay (propagated)
                                  5.000000    5.000000 v input external delay
     2    0.004621    0.007566    0.003863    5.003863 v tl_i[64] (in)
                                                         tl_i[64] (net)
                      0.007566    0.000000    5.003863 v input14/A (sky130_fd_sc_hd__clkbuf_4)
     3    0.042947    0.067327    0.122659    5.126522 v input14/X (sky130_fd_sc_hd__clkbuf_4)
                                                         net14 (net)
                      0.067351    0.001182    5.127704 v _423_/A (sky130_fd_sc_hd__xor2_4)
     3    0.070078    0.133979    0.175680    5.303384 v _423_/X (sky130_fd_sc_hd__xor2_4)
                                                         _176_ (net)
                      0.136960    0.015613    5.318997 v wire85/A (sky130_fd_sc_hd__buf_8)
     3    0.112650    0.059714    0.149318    5.468315 v wire85/X (sky130_fd_sc_hd__buf_8)
                                                         net85 (net)
                      0.097095    0.037575    5.505890 v _426_/B (sky130_fd_sc_hd__or4_4)
     3    0.068300    0.124657    0.414146    5.920036 v _426_/X (sky130_fd_sc_hd__or4_4)
                                                         _179_ (net)
                      0.129742    0.021019    5.941055 v _429_/C (sky130_fd_sc_hd__or4_1)
     1    0.002450    0.051190    0.283621    6.224676 v _429_/X (sky130_fd_sc_hd__or4_1)
                                                         _182_ (net)
                      0.051190    0.000069    6.224745 v _430_/A2 (sky130_fd_sc_hd__a21o_1)
     3    0.012171    0.050298    0.146704    6.371449 v _430_/X (sky130_fd_sc_hd__a21o_1)
                                                         _183_ (net)
                      0.050304    0.000570    6.372019 v _524_/A1 (sky130_fd_sc_hd__o31ai_1)
     1    0.010835    0.281533    0.274059    6.646078 ^ _524_/Y (sky130_fd_sc_hd__o31ai_1)
                                                         _250_ (net)
                      0.281536    0.000622    6.646700 ^ wire66/A (sky130_fd_sc_hd__clkbuf_4)
     3    0.051501    0.123878    0.198881    6.845582 ^ wire66/X (sky130_fd_sc_hd__clkbuf_4)
                                                         net66 (net)
                      0.126524    0.014250    6.859831 ^ fanout65/A (sky130_fd_sc_hd__clkbuf_2)
     7    0.028771    0.123289    0.152643    7.012475 ^ fanout65/X (sky130_fd_sc_hd__clkbuf_2)
                                                         net65 (net)
                      0.123290    0.000357    7.012832 ^ fanout64/A (sky130_fd_sc_hd__buf_2)
    13    0.049320    0.181856    0.194877    7.207709 ^ fanout64/X (sky130_fd_sc_hd__buf_2)
                                                         net64 (net)
                      0.181866    0.001189    7.208899 ^ fanout63/A (sky130_fd_sc_hd__clkbuf_2)
     5    0.033326    0.141817    0.170485    7.379384 ^ fanout63/X (sky130_fd_sc_hd__clkbuf_2)
                                                         net63 (net)
                      0.141822    0.000709    7.380093 ^ _540_/S (sky130_fd_sc_hd__mux2_1)
     1    0.002415    0.036526    0.189174    7.569266 v _540_/X (sky130_fd_sc_hd__mux2_1)
                                                         _026_ (net)
                      0.036526    0.000068    7.569335 v hold269/A (sky130_fd_sc_hd__dlygate4sd3_1)
     1    0.002899    0.038483    0.362592    7.931926 v hold269/X (sky130_fd_sc_hd__dlygate4sd3_1)
                                                         net440 (net)
                      0.038483    0.000091    7.932017 v hold74/A (sky130_fd_sc_hd__dlygate4sd3_1)
     1    0.002484    0.036988    0.360846    8.292863 v hold74/X (sky130_fd_sc_hd__dlygate4sd3_1)
                                                         net245 (net)
                      0.036988    0.000075    8.292938 v hold270/A (sky130_fd_sc_hd__dlygate4sd3_1)
     1    0.003135    0.039546    0.364185    8.657124 v hold270/X (sky130_fd_sc_hd__dlygate4sd3_1)
                                                         net441 (net)
                      0.039546    0.000098    8.657221 v _595_/D (sky130_fd_sc_hd__dfrtp_1)
                                              8.657221   data arrival time

                                 25.000000   25.000000   clock clk_i (rise edge)
                                  0.000000   25.000000   clock source latency
     2    0.077175    0.262105    0.196252   25.196251 ^ clk_i (in)
                                                         clk_i (net)
                      0.266425    0.000000   25.196251 ^ clkbuf_0_clk_i/A (sky130_fd_sc_hd__clkbuf_16)
     2    0.018739    0.036606    0.127372   25.323624 ^ clkbuf_0_clk_i/X (sky130_fd_sc_hd__clkbuf_16)
                                                         clknet_0_clk_i (net)
                      0.036606    0.000405   25.324028 ^ clkbuf_1_0__f_clk_i/A (sky130_fd_sc_hd__clkbuf_16)
     3    0.008468    0.023514    0.078213   25.402241 ^ clkbuf_1_0__f_clk_i/X (sky130_fd_sc_hd__clkbuf_16)
                                                         clknet_1_0__leaf_clk_i (net)
                      0.023514    0.000192   25.402433 ^ _498_/A (sky130_fd_sc_hd__and2_2)
     3    0.052614    0.202390    0.198499   25.600931 ^ _498_/X (sky130_fd_sc_hd__and2_2)
                                                         u_ibex.clk (net)
                      0.203536    0.012307   25.613239 ^ clkbuf_0_u_ibex.clk/A (sky130_fd_sc_hd__clkbuf_16)
     9    0.081193    0.077163    0.153010   25.766249 ^ clkbuf_0_u_ibex.clk/X (sky130_fd_sc_hd__clkbuf_16)
                                                         clknet_0_u_ibex.clk (net)
                      0.077773    0.005377   25.771626 ^ clkbuf_2_1__f_u_ibex.clk/A (sky130_fd_sc_hd__clkbuf_16)
    33    0.094839    0.086324    0.133729   25.905355 ^ clkbuf_2_1__f_u_ibex.clk/X (sky130_fd_sc_hd__clkbuf_16)
                                                         clknet_2_1__leaf_u_ibex.clk (net)
                      0.087391    0.007644   25.912998 ^ _595_/CLK (sky130_fd_sc_hd__dfrtp_1)
                                 -0.250000   25.663000   clock uncertainty
                                  0.000000   25.663000   clock reconvergence pessimism
                                 -0.069803   25.593195   library setup time
                                             25.593195   data required time
---------------------------------------------------------------------------------------------
                                             25.593195   data required time
                                             -8.657221   data arrival time
---------------------------------------------------------------------------------------------
                                             16.935974   slack (MET)


Startpoint: tl_i[64] (input port clocked by clk_i)
Endpoint: _586_ (rising edge-triggered flip-flop clocked by clk_i)
Path Group: clk_i
Path Type: max

Fanout         Cap        Slew       Delay        Time   Description
---------------------------------------------------------------------------------------------
                                  0.000000    0.000000   clock clk_i (rise edge)
                                  0.000000    0.000000   clock network delay (propagated)
                                  5.000000    5.000000 v input external delay
     2    0.004621    0.007566    0.003863    5.003863 v tl_i[64] (in)
                                                         tl_i[64] (net)
                      0.007566    0.000000    5.003863 v input14/A (sky130_fd_sc_hd__clkbuf_4)
     3    0.042947    0.067327    0.122659    5.126522 v input14/X (sky130_fd_sc_hd__clkbuf_4)
                                                         net14 (net)
                      0.067351    0.001182    5.127704 v _423_/A (sky130_fd_sc_hd__xor2_4)
     3    0.070078    0.133979    0.175680    5.303384 v _423_/X (sky130_fd_sc_hd__xor2_4)
                                                         _176_ (net)
                      0.136960    0.015613    5.318997 v wire85/A (sky130_fd_sc_hd__buf_8)
     3    0.112650    0.059714    0.149318    5.468315 v wire85/X (sky130_fd_sc_hd__buf_8)
                                                         net85 (net)
                      0.097095    0.037575    5.505890 v _426_/B (sky130_fd_sc_hd__or4_4)
     3    0.068300    0.124657    0.414146    5.920036 v _426_/X (sky130_fd_sc_hd__or4_4)
                                                         _179_ (net)
                      0.129742    0.021019    5.941055 v _429_/C (sky130_fd_sc_hd__or4_1)
     1    0.002450    0.051190    0.283621    6.224676 v _429_/X (sky130_fd_sc_hd__or4_1)
                                                         _182_ (net)
                      0.051190    0.000069    6.224745 v _430_/A2 (sky130_fd_sc_hd__a21o_1)
     3    0.012171    0.050298    0.146704    6.371449 v _430_/X (sky130_fd_sc_hd__a21o_1)
                                                         _183_ (net)
                      0.050304    0.000570    6.372019 v _524_/A1 (sky130_fd_sc_hd__o31ai_1)
     1    0.010835    0.281533    0.274059    6.646078 ^ _524_/Y (sky130_fd_sc_hd__o31ai_1)
                                                         _250_ (net)
                      0.281536    0.000622    6.646700 ^ wire66/A (sky130_fd_sc_hd__clkbuf_4)
     3    0.051501    0.123878    0.198881    6.845582 ^ wire66/X (sky130_fd_sc_hd__clkbuf_4)
                                                         net66 (net)
                      0.126524    0.014250    6.859831 ^ fanout65/A (sky130_fd_sc_hd__clkbuf_2)
     7    0.028771    0.123289    0.152643    7.012475 ^ fanout65/X (sky130_fd_sc_hd__clkbuf_2)
                                                         net65 (net)
                      0.123290    0.000357    7.012832 ^ fanout64/A (sky130_fd_sc_hd__buf_2)
    13    0.049320    0.181856    0.194877    7.207709 ^ fanout64/X (sky130_fd_sc_hd__buf_2)
                                                         net64 (net)
                      0.181866    0.001189    7.208899 ^ fanout63/A (sky130_fd_sc_hd__clkbuf_2)
     5    0.033326    0.141817    0.170485    7.379384 ^ fanout63/X (sky130_fd_sc_hd__clkbuf_2)
                                                         net63 (net)
                      0.141838    0.001436    7.380820 ^ _531_/S (sky130_fd_sc_hd__mux2_1)
     1    0.002665    0.037453    0.190710    7.571529 v _531_/X (sky130_fd_sc_hd__mux2_1)
                                                         _017_ (net)
                      0.037453    0.000081    7.571610 v hold211/A (sky130_fd_sc_hd__dlygate4sd3_1)
     1    0.003914    0.042805    0.368686    7.940296 v hold211/X (sky130_fd_sc_hd__dlygate4sd3_1)
                                                         net382 (net)
                      0.042805    0.000140    7.940436 v hold42/A (sky130_fd_sc_hd__dlygate4sd3_1)
     1    0.002531    0.037115    0.362772    8.303208 v hold42/X (sky130_fd_sc_hd__dlygate4sd3_1)
                                                         net213 (net)
                      0.037115    0.000075    8.303283 v hold212/A (sky130_fd_sc_hd__dlygate4sd3_1)
     1    0.002503    0.037049    0.360446    8.663729 v hold212/X (sky130_fd_sc_hd__dlygate4sd3_1)
                                                         net383 (net)
                      0.037049    0.000050    8.663778 v _586_/D (sky130_fd_sc_hd__dfrtp_1)
                                              8.663778   data arrival time

                                 25.000000   25.000000   clock clk_i (rise edge)
                                  0.000000   25.000000   clock source latency
     2    0.077175    0.262105    0.196252   25.196251 ^ clk_i (in)
                                                         clk_i (net)
                      0.266425    0.000000   25.196251 ^ clkbuf_0_clk_i/A (sky130_fd_sc_hd__clkbuf_16)
     2    0.018739    0.036606    0.127372   25.323624 ^ clkbuf_0_clk_i/X (sky130_fd_sc_hd__clkbuf_16)
                                                         clknet_0_clk_i (net)
                      0.036606    0.000405   25.324028 ^ clkbuf_1_0__f_clk_i/A (sky130_fd_sc_hd__clkbuf_16)
     3    0.008468    0.023514    0.078213   25.402241 ^ clkbuf_1_0__f_clk_i/X (sky130_fd_sc_hd__clkbuf_16)
                                                         clknet_1_0__leaf_clk_i (net)
                      0.023514    0.000192   25.402433 ^ _498_/A (sky130_fd_sc_hd__and2_2)
     3    0.052614    0.202390    0.198499   25.600931 ^ _498_/X (sky130_fd_sc_hd__and2_2)
                                                         u_ibex.clk (net)
                      0.203536    0.012307   25.613239 ^ clkbuf_0_u_ibex.clk/A (sky130_fd_sc_hd__clkbuf_16)
     9    0.081193    0.077163    0.153010   25.766249 ^ clkbuf_0_u_ibex.clk/X (sky130_fd_sc_hd__clkbuf_16)
                                                         clknet_0_u_ibex.clk (net)
                      0.077775    0.005388   25.771637 ^ clkbuf_2_0__f_u_ibex.clk/A (sky130_fd_sc_hd__clkbuf_16)
    31    0.095262    0.086372    0.132406   25.904043 ^ clkbuf_2_0__f_u_ibex.clk/X (sky130_fd_sc_hd__clkbuf_16)
                                                         clknet_2_0__leaf_u_ibex.clk (net)
                      0.091063    0.015559   25.919601 ^ _586_/CLK (sky130_fd_sc_hd__dfrtp_1)
                                 -0.250000   25.669601   clock uncertainty
                                  0.000000   25.669601   clock reconvergence pessimism
                                 -0.068559   25.601042   library setup time
                                             25.601042   data required time
---------------------------------------------------------------------------------------------
                                             25.601042   data required time
                                             -8.663778   data arrival time
---------------------------------------------------------------------------------------------
                                             16.937265   slack (MET)


Startpoint: tl_i[64] (input port clocked by clk_i)
Endpoint: _608_ (rising edge-triggered flip-flop clocked by clk_i)
Path Group: clk_i
Path Type: max

Fanout         Cap        Slew       Delay        Time   Description
---------------------------------------------------------------------------------------------
                                  0.000000    0.000000   clock clk_i (rise edge)
                                  0.000000    0.000000   clock network delay (propagated)
                                  5.000000    5.000000 v input external delay
     2    0.004621    0.007566    0.003863    5.003863 v tl_i[64] (in)
                                                         tl_i[64] (net)
                      0.007566    0.000000    5.003863 v input14/A (sky130_fd_sc_hd__clkbuf_4)
     3    0.042947    0.067327    0.122659    5.126522 v input14/X (sky130_fd_sc_hd__clkbuf_4)
                                                         net14 (net)
                      0.067351    0.001182    5.127704 v _423_/A (sky130_fd_sc_hd__xor2_4)
     3    0.070078    0.133979    0.175680    5.303384 v _423_/X (sky130_fd_sc_hd__xor2_4)
                                                         _176_ (net)
                      0.136960    0.015613    5.318997 v wire85/A (sky130_fd_sc_hd__buf_8)
     3    0.112650    0.059714    0.149318    5.468315 v wire85/X (sky130_fd_sc_hd__buf_8)
                                                         net85 (net)
                      0.097095    0.037575    5.505890 v _426_/B (sky130_fd_sc_hd__or4_4)
     3    0.068300    0.124657    0.414146    5.920036 v _426_/X (sky130_fd_sc_hd__or4_4)
                                                         _179_ (net)
                      0.129742    0.021019    5.941055 v _429_/C (sky130_fd_sc_hd__or4_1)
     1    0.002450    0.051190    0.283621    6.224676 v _429_/X (sky130_fd_sc_hd__or4_1)
                                                         _182_ (net)
                      0.051190    0.000069    6.224745 v _430_/A2 (sky130_fd_sc_hd__a21o_1)
     3    0.012171    0.050298    0.146704    6.371449 v _430_/X (sky130_fd_sc_hd__a21o_1)
                                                         _183_ (net)
                      0.050304    0.000570    6.372019 v _524_/A1 (sky130_fd_sc_hd__o31ai_1)
     1    0.010835    0.281533    0.274059    6.646078 ^ _524_/Y (sky130_fd_sc_hd__o31ai_1)
                                                         _250_ (net)
                      0.281536    0.000622    6.646700 ^ wire66/A (sky130_fd_sc_hd__clkbuf_4)
     3    0.051501    0.123878    0.198881    6.845582 ^ wire66/X (sky130_fd_sc_hd__clkbuf_4)
                                                         net66 (net)
                      0.126524    0.014250    6.859831 ^ fanout65/A (sky130_fd_sc_hd__clkbuf_2)
     7    0.028771    0.123289    0.152643    7.012475 ^ fanout65/X (sky130_fd_sc_hd__clkbuf_2)
                                                         net65 (net)
                      0.123305    0.001160    7.013635 ^ fanout61/A (sky130_fd_sc_hd__dlymetal6s2s_1)
     4    0.024687    0.197909    0.190179    7.203814 ^ fanout61/X (sky130_fd_sc_hd__dlymetal6s2s_1)
                                                         net61 (net)
                      0.197925    0.001450    7.205264 ^ fanout60/A (sky130_fd_sc_hd__buf_2)
     6    0.039882    0.148275    0.180782    7.386046 ^ fanout60/X (sky130_fd_sc_hd__buf_2)
                                                         net60 (net)
                      0.148305    0.001730    7.387776 ^ _553_/S (sky130_fd_sc_hd__mux2_1)
     1    0.001871    0.034501    0.185905    7.573680 v _553_/X (sky130_fd_sc_hd__mux2_1)
                                                         _039_ (net)
                      0.034501    0.000052    7.573733 v hold179/A (sky130_fd_sc_hd__dlygate4sd3_1)
     1    0.003084    0.039328    0.362939    7.936672 v hold179/X (sky130_fd_sc_hd__dlygate4sd3_1)
                                                         net350 (net)
                      0.039328    0.000088    7.936760 v hold28/A (sky130_fd_sc_hd__dlygate4sd3_1)
     1    0.002448    0.036888    0.360951    8.297711 v hold28/X (sky130_fd_sc_hd__dlygate4sd3_1)
                                                         net199 (net)
                      0.036888    0.000071    8.297782 v hold180/A (sky130_fd_sc_hd__dlygate4sd3_1)
     1    0.002748    0.037831    0.361823    8.659605 v hold180/X (sky130_fd_sc_hd__dlygate4sd3_1)
                                                         net351 (net)
                      0.037831    0.000079    8.659684 v _608_/D (sky130_fd_sc_hd__dfrtp_1)
                                              8.659684   data arrival time

                                 25.000000   25.000000   clock clk_i (rise edge)
                                  0.000000   25.000000   clock source latency
     2    0.077175    0.262105    0.196252   25.196251 ^ clk_i (in)
                                                         clk_i (net)
                      0.266425    0.000000   25.196251 ^ clkbuf_0_clk_i/A (sky130_fd_sc_hd__clkbuf_16)
     2    0.018739    0.036606    0.127372   25.323624 ^ clkbuf_0_clk_i/X (sky130_fd_sc_hd__clkbuf_16)
                                                         clknet_0_clk_i (net)
                      0.036606    0.000405   25.324028 ^ clkbuf_1_0__f_clk_i/A (sky130_fd_sc_hd__clkbuf_16)
     3    0.008468    0.023514    0.078213   25.402241 ^ clkbuf_1_0__f_clk_i/X (sky130_fd_sc_hd__clkbuf_16)
                                                         clknet_1_0__leaf_clk_i (net)
                      0.023514    0.000192   25.402433 ^ _498_/A (sky130_fd_sc_hd__and2_2)
     3    0.052614    0.202390    0.198499   25.600931 ^ _498_/X (sky130_fd_sc_hd__and2_2)
                                                         u_ibex.clk (net)
                      0.203536    0.012307   25.613239 ^ clkbuf_0_u_ibex.clk/A (sky130_fd_sc_hd__clkbuf_16)
     9    0.081193    0.077163    0.153010   25.766249 ^ clkbuf_0_u_ibex.clk/X (sky130_fd_sc_hd__clkbuf_16)
                                                         clknet_0_u_ibex.clk (net)
                      0.077773    0.005377   25.771626 ^ clkbuf_2_1__f_u_ibex.clk/A (sky130_fd_sc_hd__clkbuf_16)
    33    0.094839    0.086324    0.133729   25.905355 ^ clkbuf_2_1__f_u_ibex.clk/X (sky130_fd_sc_hd__clkbuf_16)
                                                         clknet_2_1__leaf_u_ibex.clk (net)
                      0.089021    0.011957   25.917313 ^ _608_/CLK (sky130_fd_sc_hd__dfrtp_1)
                                 -0.250000   25.667313   clock uncertainty
                                  0.000000   25.667313   clock reconvergence pessimism
                                 -0.069035   25.598278   library setup time
                                             25.598278   data required time
---------------------------------------------------------------------------------------------
                                             25.598278   data required time
                                             -8.659684   data arrival time
---------------------------------------------------------------------------------------------
                                             16.938593   slack (MET)


Startpoint: tl_i[64] (input port clocked by clk_i)
Endpoint: _606_ (rising edge-triggered flip-flop clocked by clk_i)
Path Group: clk_i
Path Type: max

Fanout         Cap        Slew       Delay        Time   Description
---------------------------------------------------------------------------------------------
                                  0.000000    0.000000   clock clk_i (rise edge)
                                  0.000000    0.000000   clock network delay (propagated)
                                  5.000000    5.000000 v input external delay
     2    0.004621    0.007566    0.003863    5.003863 v tl_i[64] (in)
                                                         tl_i[64] (net)
                      0.007566    0.000000    5.003863 v input14/A (sky130_fd_sc_hd__clkbuf_4)
     3    0.042947    0.067327    0.122659    5.126522 v input14/X (sky130_fd_sc_hd__clkbuf_4)
                                                         net14 (net)
                      0.067351    0.001182    5.127704 v _423_/A (sky130_fd_sc_hd__xor2_4)
     3    0.070078    0.133979    0.175680    5.303384 v _423_/X (sky130_fd_sc_hd__xor2_4)
                                                         _176_ (net)
                      0.136960    0.015613    5.318997 v wire85/A (sky130_fd_sc_hd__buf_8)
     3    0.112650    0.059714    0.149318    5.468315 v wire85/X (sky130_fd_sc_hd__buf_8)
                                                         net85 (net)
                      0.097095    0.037575    5.505890 v _426_/B (sky130_fd_sc_hd__or4_4)
     3    0.068300    0.124657    0.414146    5.920036 v _426_/X (sky130_fd_sc_hd__or4_4)
                                                         _179_ (net)
                      0.129742    0.021019    5.941055 v _429_/C (sky130_fd_sc_hd__or4_1)
     1    0.002450    0.051190    0.283621    6.224676 v _429_/X (sky130_fd_sc_hd__or4_1)
                                                         _182_ (net)
                      0.051190    0.000069    6.224745 v _430_/A2 (sky130_fd_sc_hd__a21o_1)
     3    0.012171    0.050298    0.146704    6.371449 v _430_/X (sky130_fd_sc_hd__a21o_1)
                                                         _183_ (net)
                      0.050304    0.000570    6.372019 v _524_/A1 (sky130_fd_sc_hd__o31ai_1)
     1    0.010835    0.281533    0.274059    6.646078 ^ _524_/Y (sky130_fd_sc_hd__o31ai_1)
                                                         _250_ (net)
                      0.281536    0.000622    6.646700 ^ wire66/A (sky130_fd_sc_hd__clkbuf_4)
     3    0.051501    0.123878    0.198881    6.845582 ^ wire66/X (sky130_fd_sc_hd__clkbuf_4)
                                                         net66 (net)
                      0.126524    0.014250    6.859831 ^ fanout65/A (sky130_fd_sc_hd__clkbuf_2)
     7    0.028771    0.123289    0.152643    7.012475 ^ fanout65/X (sky130_fd_sc_hd__clkbuf_2)
                                                         net65 (net)
                      0.123305    0.001160    7.013635 ^ fanout61/A (sky130_fd_sc_hd__dlymetal6s2s_1)
     4    0.024687    0.197909    0.190179    7.203814 ^ fanout61/X (sky130_fd_sc_hd__dlymetal6s2s_1)
                                                         net61 (net)
                      0.197925    0.001450    7.205264 ^ fanout60/A (sky130_fd_sc_hd__buf_2)
     6    0.039882    0.148275    0.180782    7.386046 ^ fanout60/X (sky130_fd_sc_hd__buf_2)
                                                         net60 (net)
                      0.148317    0.002066    7.388112 ^ _551_/S (sky130_fd_sc_hd__mux2_1)
     1    0.001859    0.034455    0.185829    7.573941 v _551_/X (sky130_fd_sc_hd__mux2_1)
                                                         _037_ (net)
                      0.034455    0.000052    7.573993 v hold195/A (sky130_fd_sc_hd__dlygate4sd3_1)
     1    0.002891    0.038457    0.361759    7.935752 v hold195/X (sky130_fd_sc_hd__dlygate4sd3_1)
                                                         net366 (net)
                      0.038457    0.000087    7.935839 v hold30/A (sky130_fd_sc_hd__dlygate4sd3_1)
     1    0.002399    0.036755    0.360325    8.296164 v hold30/X (sky130_fd_sc_hd__dlygate4sd3_1)
                                                         net201 (net)
                      0.036755    0.000070    8.296234 v hold196/A (sky130_fd_sc_hd__dlygate4sd3_1)
     1    0.002692    0.037596    0.361436    8.657670 v hold196/X (sky130_fd_sc_hd__dlygate4sd3_1)
                                                         net367 (net)
                      0.037596    0.000079    8.657749 v _606_/D (sky130_fd_sc_hd__dfrtp_1)
                                              8.657749   data arrival time

                                 25.000000   25.000000   clock clk_i (rise edge)
                                  0.000000   25.000000   clock source latency
     2    0.077175    0.262105    0.196252   25.196251 ^ clk_i (in)
                                                         clk_i (net)
                      0.266425    0.000000   25.196251 ^ clkbuf_0_clk_i/A (sky130_fd_sc_hd__clkbuf_16)
     2    0.018739    0.036606    0.127372   25.323624 ^ clkbuf_0_clk_i/X (sky130_fd_sc_hd__clkbuf_16)
                                                         clknet_0_clk_i (net)
                      0.036606    0.000405   25.324028 ^ clkbuf_1_0__f_clk_i/A (sky130_fd_sc_hd__clkbuf_16)
     3    0.008468    0.023514    0.078213   25.402241 ^ clkbuf_1_0__f_clk_i/X (sky130_fd_sc_hd__clkbuf_16)
                                                         clknet_1_0__leaf_clk_i (net)
                      0.023514    0.000192   25.402433 ^ _498_/A (sky130_fd_sc_hd__and2_2)
     3    0.052614    0.202390    0.198499   25.600931 ^ _498_/X (sky130_fd_sc_hd__and2_2)
                                                         u_ibex.clk (net)
                      0.203536    0.012307   25.613239 ^ clkbuf_0_u_ibex.clk/A (sky130_fd_sc_hd__clkbuf_16)
     9    0.081193    0.077163    0.153010   25.766249 ^ clkbuf_0_u_ibex.clk/X (sky130_fd_sc_hd__clkbuf_16)
                                                         clknet_0_u_ibex.clk (net)
                      0.077773    0.005377   25.771626 ^ clkbuf_2_1__f_u_ibex.clk/A (sky130_fd_sc_hd__clkbuf_16)
    33    0.094839    0.086324    0.133729   25.905355 ^ clkbuf_2_1__f_u_ibex.clk/X (sky130_fd_sc_hd__clkbuf_16)
                                                         clknet_2_1__leaf_u_ibex.clk (net)
                      0.089400    0.012767   25.918121 ^ _606_/CLK (sky130_fd_sc_hd__dfrtp_1)
                                 -0.250000   25.668123   clock uncertainty
                                  0.000000   25.668123   clock reconvergence pessimism
                                 -0.068915   25.599209   library setup time
                                             25.599209   data required time
---------------------------------------------------------------------------------------------
                                             25.599209   data required time
                                             -8.657749   data arrival time
---------------------------------------------------------------------------------------------
                                             16.941460   slack (MET)


Startpoint: tl_i[64] (input port clocked by clk_i)
Endpoint: _589_ (rising edge-triggered flip-flop clocked by clk_i)
Path Group: clk_i
Path Type: max

Fanout         Cap        Slew       Delay        Time   Description
---------------------------------------------------------------------------------------------
                                  0.000000    0.000000   clock clk_i (rise edge)
                                  0.000000    0.000000   clock network delay (propagated)
                                  5.000000    5.000000 v input external delay
     2    0.004621    0.007566    0.003863    5.003863 v tl_i[64] (in)
                                                         tl_i[64] (net)
                      0.007566    0.000000    5.003863 v input14/A (sky130_fd_sc_hd__clkbuf_4)
     3    0.042947    0.067327    0.122659    5.126522 v input14/X (sky130_fd_sc_hd__clkbuf_4)
                                                         net14 (net)
                      0.067351    0.001182    5.127704 v _423_/A (sky130_fd_sc_hd__xor2_4)
     3    0.070078    0.133979    0.175680    5.303384 v _423_/X (sky130_fd_sc_hd__xor2_4)
                                                         _176_ (net)
                      0.136960    0.015613    5.318997 v wire85/A (sky130_fd_sc_hd__buf_8)
     3    0.112650    0.059714    0.149318    5.468315 v wire85/X (sky130_fd_sc_hd__buf_8)
                                                         net85 (net)
                      0.097095    0.037575    5.505890 v _426_/B (sky130_fd_sc_hd__or4_4)
     3    0.068300    0.124657    0.414146    5.920036 v _426_/X (sky130_fd_sc_hd__or4_4)
                                                         _179_ (net)
                      0.129742    0.021019    5.941055 v _429_/C (sky130_fd_sc_hd__or4_1)
     1    0.002450    0.051190    0.283621    6.224676 v _429_/X (sky130_fd_sc_hd__or4_1)
                                                         _182_ (net)
                      0.051190    0.000069    6.224745 v _430_/A2 (sky130_fd_sc_hd__a21o_1)
     3    0.012171    0.050298    0.146704    6.371449 v _430_/X (sky130_fd_sc_hd__a21o_1)
                                                         _183_ (net)
                      0.050304    0.000570    6.372019 v _524_/A1 (sky130_fd_sc_hd__o31ai_1)
     1    0.010835    0.281533    0.274059    6.646078 ^ _524_/Y (sky130_fd_sc_hd__o31ai_1)
                                                         _250_ (net)
                      0.281536    0.000622    6.646700 ^ wire66/A (sky130_fd_sc_hd__clkbuf_4)
     3    0.051501    0.123878    0.198881    6.845582 ^ wire66/X (sky130_fd_sc_hd__clkbuf_4)
                                                         net66 (net)
                      0.126524    0.014250    6.859831 ^ fanout65/A (sky130_fd_sc_hd__clkbuf_2)
     7    0.028771    0.123289    0.152643    7.012475 ^ fanout65/X (sky130_fd_sc_hd__clkbuf_2)
                                                         net65 (net)
                      0.123290    0.000357    7.012832 ^ fanout64/A (sky130_fd_sc_hd__buf_2)
    13    0.049320    0.181856    0.194877    7.207709 ^ fanout64/X (sky130_fd_sc_hd__buf_2)
                                                         net64 (net)
                      0.181866    0.001189    7.208899 ^ fanout63/A (sky130_fd_sc_hd__clkbuf_2)
     5    0.033326    0.141817    0.170485    7.379384 ^ fanout63/X (sky130_fd_sc_hd__clkbuf_2)
                                                         net63 (net)
                      0.141831    0.001160    7.380544 ^ _534_/S (sky130_fd_sc_hd__mux2_1)
     1    0.002598    0.037204    0.190298    7.570841 v _534_/X (sky130_fd_sc_hd__mux2_1)
                                                         _020_ (net)
                      0.037204    0.000077    7.570919 v hold187/A (sky130_fd_sc_hd__dlygate4sd3_1)
     1    0.003126    0.039500    0.364216    7.935134 v hold187/X (sky130_fd_sc_hd__dlygate4sd3_1)
                                                         net358 (net)
                      0.039500    0.000099    7.935234 v hold34/A (sky130_fd_sc_hd__dlygate4sd3_1)
     1    0.002135    0.035845    0.359137    8.294371 v hold34/X (sky130_fd_sc_hd__dlygate4sd3_1)
                                                         net205 (net)
                      0.035845    0.000061    8.294432 v hold188/A (sky130_fd_sc_hd__dlygate4sd3_1)
     1    0.002362    0.036665    0.359109    8.653542 v hold188/X (sky130_fd_sc_hd__dlygate4sd3_1)
                                                         net359 (net)
                      0.036665    0.000066    8.653607 v _589_/D (sky130_fd_sc_hd__dfrtp_1)
                                              8.653607   data arrival time

                                 25.000000   25.000000   clock clk_i (rise edge)
                                  0.000000   25.000000   clock source latency
     2    0.077175    0.262105    0.196252   25.196251 ^ clk_i (in)
                                                         clk_i (net)
                      0.266425    0.000000   25.196251 ^ clkbuf_0_clk_i/A (sky130_fd_sc_hd__clkbuf_16)
     2    0.018739    0.036606    0.127372   25.323624 ^ clkbuf_0_clk_i/X (sky130_fd_sc_hd__clkbuf_16)
                                                         clknet_0_clk_i (net)
                      0.036606    0.000405   25.324028 ^ clkbuf_1_0__f_clk_i/A (sky130_fd_sc_hd__clkbuf_16)
     3    0.008468    0.023514    0.078213   25.402241 ^ clkbuf_1_0__f_clk_i/X (sky130_fd_sc_hd__clkbuf_16)
                                                         clknet_1_0__leaf_clk_i (net)
                      0.023514    0.000192   25.402433 ^ _498_/A (sky130_fd_sc_hd__and2_2)
     3    0.052614    0.202390    0.198499   25.600931 ^ _498_/X (sky130_fd_sc_hd__and2_2)
                                                         u_ibex.clk (net)
                      0.203536    0.012307   25.613239 ^ clkbuf_0_u_ibex.clk/A (sky130_fd_sc_hd__clkbuf_16)
     9    0.081193    0.077163    0.153010   25.766249 ^ clkbuf_0_u_ibex.clk/X (sky130_fd_sc_hd__clkbuf_16)
                                                         clknet_0_u_ibex.clk (net)
                      0.077775    0.005388   25.771637 ^ clkbuf_2_0__f_u_ibex.clk/A (sky130_fd_sc_hd__clkbuf_16)
    31    0.095262    0.086372    0.132406   25.904043 ^ clkbuf_2_0__f_u_ibex.clk/X (sky130_fd_sc_hd__clkbuf_16)
                                                         clknet_2_0__leaf_u_ibex.clk (net)
                      0.089920    0.013527   25.917570 ^ _589_/CLK (sky130_fd_sc_hd__dfrtp_1)
                                 -0.250000   25.667570   clock uncertainty
                                  0.000000   25.667570   clock reconvergence pessimism
                                 -0.068533   25.599039   library setup time
                                             25.599039   data required time
---------------------------------------------------------------------------------------------
                                             25.599039   data required time
                                             -8.653607   data arrival time
---------------------------------------------------------------------------------------------
                                             16.945433   slack (MET)


Startpoint: tl_i[64] (input port clocked by clk_i)
Endpoint: _609_ (rising edge-triggered flip-flop clocked by clk_i)
Path Group: clk_i
Path Type: max

Fanout         Cap        Slew       Delay        Time   Description
---------------------------------------------------------------------------------------------
                                  0.000000    0.000000   clock clk_i (rise edge)
                                  0.000000    0.000000   clock network delay (propagated)
                                  5.000000    5.000000 v input external delay
     2    0.004621    0.007566    0.003863    5.003863 v tl_i[64] (in)
                                                         tl_i[64] (net)
                      0.007566    0.000000    5.003863 v input14/A (sky130_fd_sc_hd__clkbuf_4)
     3    0.042947    0.067327    0.122659    5.126522 v input14/X (sky130_fd_sc_hd__clkbuf_4)
                                                         net14 (net)
                      0.067351    0.001182    5.127704 v _423_/A (sky130_fd_sc_hd__xor2_4)
     3    0.070078    0.133979    0.175680    5.303384 v _423_/X (sky130_fd_sc_hd__xor2_4)
                                                         _176_ (net)
                      0.136960    0.015613    5.318997 v wire85/A (sky130_fd_sc_hd__buf_8)
     3    0.112650    0.059714    0.149318    5.468315 v wire85/X (sky130_fd_sc_hd__buf_8)
                                                         net85 (net)
                      0.097095    0.037575    5.505890 v _426_/B (sky130_fd_sc_hd__or4_4)
     3    0.068300    0.124657    0.414146    5.920036 v _426_/X (sky130_fd_sc_hd__or4_4)
                                                         _179_ (net)
                      0.129742    0.021019    5.941055 v _429_/C (sky130_fd_sc_hd__or4_1)
     1    0.002450    0.051190    0.283621    6.224676 v _429_/X (sky130_fd_sc_hd__or4_1)
                                                         _182_ (net)
                      0.051190    0.000069    6.224745 v _430_/A2 (sky130_fd_sc_hd__a21o_1)
     3    0.012171    0.050298    0.146704    6.371449 v _430_/X (sky130_fd_sc_hd__a21o_1)
                                                         _183_ (net)
                      0.050304    0.000570    6.372019 v _524_/A1 (sky130_fd_sc_hd__o31ai_1)
     1    0.010835    0.281533    0.274059    6.646078 ^ _524_/Y (sky130_fd_sc_hd__o31ai_1)
                                                         _250_ (net)
                      0.281536    0.000622    6.646700 ^ wire66/A (sky130_fd_sc_hd__clkbuf_4)
     3    0.051501    0.123878    0.198881    6.845582 ^ wire66/X (sky130_fd_sc_hd__clkbuf_4)
                                                         net66 (net)
                      0.126524    0.014250    6.859831 ^ fanout65/A (sky130_fd_sc_hd__clkbuf_2)
     7    0.028771    0.123289    0.152643    7.012475 ^ fanout65/X (sky130_fd_sc_hd__clkbuf_2)
                                                         net65 (net)
                      0.123305    0.001160    7.013635 ^ fanout61/A (sky130_fd_sc_hd__dlymetal6s2s_1)
     4    0.024687    0.197909    0.190179    7.203814 ^ fanout61/X (sky130_fd_sc_hd__dlymetal6s2s_1)
                                                         net61 (net)
                      0.197910    0.000298    7.204112 ^ fanout59/A (sky130_fd_sc_hd__buf_2)
     6    0.035873    0.133815    0.170641    7.374753 ^ fanout59/X (sky130_fd_sc_hd__buf_2)
                                                         net59 (net)
                      0.133893    0.002661    7.377414 ^ _554_/S (sky130_fd_sc_hd__mux2_1)
     1    0.001872    0.034531    0.185737    7.563151 v _554_/X (sky130_fd_sc_hd__mux2_1)
                                                         _040_ (net)
                      0.034531    0.000052    7.563204 v hold223/A (sky130_fd_sc_hd__dlygate4sd3_1)
     1    0.003512    0.041408    0.365519    7.928723 v hold223/X (sky130_fd_sc_hd__dlygate4sd3_1)
                                                         net394 (net)
                      0.041408    0.000109    7.928832 v hold57/A (sky130_fd_sc_hd__dlygate4sd3_1)
     1    0.002418    0.036807    0.361562    8.290395 v hold57/X (sky130_fd_sc_hd__dlygate4sd3_1)
                                                         net228 (net)
                      0.036807    0.000070    8.290464 v hold224/A (sky130_fd_sc_hd__dlygate4sd3_1)
     1    0.002710    0.037671    0.361567    8.652031 v hold224/X (sky130_fd_sc_hd__dlygate4sd3_1)
                                                         net395 (net)
                      0.037671    0.000076    8.652108 v _609_/D (sky130_fd_sc_hd__dfrtp_1)
                                              8.652108   data arrival time

                                 25.000000   25.000000   clock clk_i (rise edge)
                                  0.000000   25.000000   clock source latency
     2    0.077175    0.262105    0.196252   25.196251 ^ clk_i (in)
                                                         clk_i (net)
                      0.266425    0.000000   25.196251 ^ clkbuf_0_clk_i/A (sky130_fd_sc_hd__clkbuf_16)
     2    0.018739    0.036606    0.127372   25.323624 ^ clkbuf_0_clk_i/X (sky130_fd_sc_hd__clkbuf_16)
                                                         clknet_0_clk_i (net)
                      0.036606    0.000405   25.324028 ^ clkbuf_1_0__f_clk_i/A (sky130_fd_sc_hd__clkbuf_16)
     3    0.008468    0.023514    0.078213   25.402241 ^ clkbuf_1_0__f_clk_i/X (sky130_fd_sc_hd__clkbuf_16)
                                                         clknet_1_0__leaf_clk_i (net)
                      0.023514    0.000192   25.402433 ^ _498_/A (sky130_fd_sc_hd__and2_2)
     3    0.052614    0.202390    0.198499   25.600931 ^ _498_/X (sky130_fd_sc_hd__and2_2)
                                                         u_ibex.clk (net)
                      0.203536    0.012307   25.613239 ^ clkbuf_0_u_ibex.clk/A (sky130_fd_sc_hd__clkbuf_16)
     9    0.081193    0.077163    0.153010   25.766249 ^ clkbuf_0_u_ibex.clk/X (sky130_fd_sc_hd__clkbuf_16)
                                                         clknet_0_u_ibex.clk (net)
                      0.077773    0.005377   25.771626 ^ clkbuf_2_1__f_u_ibex.clk/A (sky130_fd_sc_hd__clkbuf_16)
    33    0.094839    0.086324    0.133729   25.905355 ^ clkbuf_2_1__f_u_ibex.clk/X (sky130_fd_sc_hd__clkbuf_16)
                                                         clknet_2_1__leaf_u_ibex.clk (net)
                      0.089057    0.012038   25.917393 ^ _609_/CLK (sky130_fd_sc_hd__dfrtp_1)
                                 -0.250000   25.667395   clock uncertainty
                                  0.000000   25.667395   clock reconvergence pessimism
                                 -0.068974   25.598419   library setup time
                                             25.598419   data required time
---------------------------------------------------------------------------------------------
                                             25.598419   data required time
                                             -8.652108   data arrival time
---------------------------------------------------------------------------------------------
                                             16.946314   slack (MET)


Startpoint: tl_i[64] (input port clocked by clk_i)
Endpoint: _584_ (rising edge-triggered flip-flop clocked by clk_i)
Path Group: clk_i
Path Type: max

Fanout         Cap        Slew       Delay        Time   Description
---------------------------------------------------------------------------------------------
                                  0.000000    0.000000   clock clk_i (rise edge)
                                  0.000000    0.000000   clock network delay (propagated)
                                  5.000000    5.000000 v input external delay
     2    0.004621    0.007566    0.003863    5.003863 v tl_i[64] (in)
                                                         tl_i[64] (net)
                      0.007566    0.000000    5.003863 v input14/A (sky130_fd_sc_hd__clkbuf_4)
     3    0.042947    0.067327    0.122659    5.126522 v input14/X (sky130_fd_sc_hd__clkbuf_4)
                                                         net14 (net)
                      0.067351    0.001182    5.127704 v _423_/A (sky130_fd_sc_hd__xor2_4)
     3    0.070078    0.133979    0.175680    5.303384 v _423_/X (sky130_fd_sc_hd__xor2_4)
                                                         _176_ (net)
                      0.136960    0.015613    5.318997 v wire85/A (sky130_fd_sc_hd__buf_8)
     3    0.112650    0.059714    0.149318    5.468315 v wire85/X (sky130_fd_sc_hd__buf_8)
                                                         net85 (net)
                      0.097095    0.037575    5.505890 v _426_/B (sky130_fd_sc_hd__or4_4)
     3    0.068300    0.124657    0.414146    5.920036 v _426_/X (sky130_fd_sc_hd__or4_4)
                                                         _179_ (net)
                      0.129742    0.021019    5.941055 v _429_/C (sky130_fd_sc_hd__or4_1)
     1    0.002450    0.051190    0.283621    6.224676 v _429_/X (sky130_fd_sc_hd__or4_1)
                                                         _182_ (net)
                      0.051190    0.000069    6.224745 v _430_/A2 (sky130_fd_sc_hd__a21o_1)
     3    0.012171    0.050298    0.146704    6.371449 v _430_/X (sky130_fd_sc_hd__a21o_1)
                                                         _183_ (net)
                      0.050304    0.000570    6.372019 v _524_/A1 (sky130_fd_sc_hd__o31ai_1)
     1    0.010835    0.281533    0.274059    6.646078 ^ _524_/Y (sky130_fd_sc_hd__o31ai_1)
                                                         _250_ (net)
                      0.281536    0.000622    6.646700 ^ wire66/A (sky130_fd_sc_hd__clkbuf_4)
     3    0.051501    0.123878    0.198881    6.845582 ^ wire66/X (sky130_fd_sc_hd__clkbuf_4)
                                                         net66 (net)
                      0.126524    0.014250    6.859831 ^ fanout65/A (sky130_fd_sc_hd__clkbuf_2)
     7    0.028771    0.123289    0.152643    7.012475 ^ fanout65/X (sky130_fd_sc_hd__clkbuf_2)
                                                         net65 (net)
                      0.123305    0.001160    7.013635 ^ fanout61/A (sky130_fd_sc_hd__dlymetal6s2s_1)
     4    0.024687    0.197909    0.190179    7.203814 ^ fanout61/X (sky130_fd_sc_hd__dlymetal6s2s_1)
                                                         net61 (net)
                      0.197910    0.000298    7.204112 ^ fanout59/A (sky130_fd_sc_hd__buf_2)
     6    0.035873    0.133815    0.170641    7.374753 ^ fanout59/X (sky130_fd_sc_hd__buf_2)
                                                         net59 (net)
                      0.133827    0.001060    7.375813 ^ _529_/S (sky130_fd_sc_hd__mux2_1)
     1    0.002299    0.036068    0.188372    7.564184 v _529_/X (sky130_fd_sc_hd__mux2_1)
                                                         _015_ (net)
                      0.036108    0.000047    7.564231 v hold257/A (sky130_fd_sc_hd__dlygate4sd3_1)
     1    0.002541    0.037150    0.360286    7.924517 v hold257/X (sky130_fd_sc_hd__dlygate4sd3_1)
                                                         net428 (net)
                      0.037150    0.000074    7.924591 v hold68/A (sky130_fd_sc_hd__dlygate4sd3_1)
     1    0.003248    0.040069    0.364921    8.289513 v hold68/X (sky130_fd_sc_hd__dlygate4sd3_1)
                                                         net239 (net)
                      0.040069    0.000110    8.289622 v hold258/A (sky130_fd_sc_hd__dlygate4sd3_1)
     1    0.002992    0.038872    0.364504    8.654126 v hold258/X (sky130_fd_sc_hd__dlygate4sd3_1)
                                                         net429 (net)
                      0.038872    0.000086    8.654213 v _584_/D (sky130_fd_sc_hd__dfrtp_1)
                                              8.654213   data arrival time

                                 25.000000   25.000000   clock clk_i (rise edge)
                                  0.000000   25.000000   clock source latency
     2    0.077175    0.262105    0.196252   25.196251 ^ clk_i (in)
                                                         clk_i (net)
                      0.266425    0.000000   25.196251 ^ clkbuf_0_clk_i/A (sky130_fd_sc_hd__clkbuf_16)
     2    0.018739    0.036606    0.127372   25.323624 ^ clkbuf_0_clk_i/X (sky130_fd_sc_hd__clkbuf_16)
                                                         clknet_0_clk_i (net)
                      0.036606    0.000405   25.324028 ^ clkbuf_1_0__f_clk_i/A (sky130_fd_sc_hd__clkbuf_16)
     3    0.008468    0.023514    0.078213   25.402241 ^ clkbuf_1_0__f_clk_i/X (sky130_fd_sc_hd__clkbuf_16)
                                                         clknet_1_0__leaf_clk_i (net)
                      0.023514    0.000192   25.402433 ^ _498_/A (sky130_fd_sc_hd__and2_2)
     3    0.052614    0.202390    0.198499   25.600931 ^ _498_/X (sky130_fd_sc_hd__and2_2)
                                                         u_ibex.clk (net)
                      0.203536    0.012307   25.613239 ^ clkbuf_0_u_ibex.clk/A (sky130_fd_sc_hd__clkbuf_16)
     9    0.081193    0.077163    0.153010   25.766249 ^ clkbuf_0_u_ibex.clk/X (sky130_fd_sc_hd__clkbuf_16)
                                                         clknet_0_u_ibex.clk (net)
                      0.077775    0.005388   25.771637 ^ clkbuf_2_0__f_u_ibex.clk/A (sky130_fd_sc_hd__clkbuf_16)
    31    0.095262    0.086372    0.132406   25.904043 ^ clkbuf_2_0__f_u_ibex.clk/X (sky130_fd_sc_hd__clkbuf_16)
                                                         clknet_2_0__leaf_u_ibex.clk (net)
                      0.091480    0.016247   25.920288 ^ _584_/CLK (sky130_fd_sc_hd__dfrtp_1)
                                 -0.250000   25.670290   clock uncertainty
                                  0.000000   25.670290   clock reconvergence pessimism
                                 -0.069169   25.601120   library setup time
                                             25.601120   data required time
---------------------------------------------------------------------------------------------
                                             25.601120   data required time
                                             -8.654213   data arrival time
---------------------------------------------------------------------------------------------
                                             16.946907   slack (MET)


Startpoint: tl_i[64] (input port clocked by clk_i)
Endpoint: _582_ (rising edge-triggered flip-flop clocked by clk_i)
Path Group: clk_i
Path Type: max

Fanout         Cap        Slew       Delay        Time   Description
---------------------------------------------------------------------------------------------
                                  0.000000    0.000000   clock clk_i (rise edge)
                                  0.000000    0.000000   clock network delay (propagated)
                                  5.000000    5.000000 v input external delay
     2    0.004621    0.007566    0.003863    5.003863 v tl_i[64] (in)
                                                         tl_i[64] (net)
                      0.007566    0.000000    5.003863 v input14/A (sky130_fd_sc_hd__clkbuf_4)
     3    0.042947    0.067327    0.122659    5.126522 v input14/X (sky130_fd_sc_hd__clkbuf_4)
                                                         net14 (net)
                      0.067351    0.001182    5.127704 v _423_/A (sky130_fd_sc_hd__xor2_4)
     3    0.070078    0.133979    0.175680    5.303384 v _423_/X (sky130_fd_sc_hd__xor2_4)
                                                         _176_ (net)
                      0.136960    0.015613    5.318997 v wire85/A (sky130_fd_sc_hd__buf_8)
     3    0.112650    0.059714    0.149318    5.468315 v wire85/X (sky130_fd_sc_hd__buf_8)
                                                         net85 (net)
                      0.097095    0.037575    5.505890 v _426_/B (sky130_fd_sc_hd__or4_4)
     3    0.068300    0.124657    0.414146    5.920036 v _426_/X (sky130_fd_sc_hd__or4_4)
                                                         _179_ (net)
                      0.129742    0.021019    5.941055 v _429_/C (sky130_fd_sc_hd__or4_1)
     1    0.002450    0.051190    0.283621    6.224676 v _429_/X (sky130_fd_sc_hd__or4_1)
                                                         _182_ (net)
                      0.051190    0.000069    6.224745 v _430_/A2 (sky130_fd_sc_hd__a21o_1)
     3    0.012171    0.050298    0.146704    6.371449 v _430_/X (sky130_fd_sc_hd__a21o_1)
                                                         _183_ (net)
                      0.050304    0.000570    6.372019 v _524_/A1 (sky130_fd_sc_hd__o31ai_1)
     1    0.010835    0.281533    0.274059    6.646078 ^ _524_/Y (sky130_fd_sc_hd__o31ai_1)
                                                         _250_ (net)
                      0.281536    0.000622    6.646700 ^ wire66/A (sky130_fd_sc_hd__clkbuf_4)
     3    0.051501    0.123878    0.198881    6.845582 ^ wire66/X (sky130_fd_sc_hd__clkbuf_4)
                                                         net66 (net)
                      0.126524    0.014250    6.859831 ^ fanout65/A (sky130_fd_sc_hd__clkbuf_2)
     7    0.028771    0.123289    0.152643    7.012475 ^ fanout65/X (sky130_fd_sc_hd__clkbuf_2)
                                                         net65 (net)
                      0.123305    0.001160    7.013635 ^ fanout61/A (sky130_fd_sc_hd__dlymetal6s2s_1)
     4    0.024687    0.197909    0.190179    7.203814 ^ fanout61/X (sky130_fd_sc_hd__dlymetal6s2s_1)
                                                         net61 (net)
                      0.197910    0.000298    7.204112 ^ fanout59/A (sky130_fd_sc_hd__buf_2)
     6    0.035873    0.133815    0.170641    7.374753 ^ fanout59/X (sky130_fd_sc_hd__buf_2)
                                                         net59 (net)
                      0.133859    0.002010    7.376763 ^ _527_/S (sky130_fd_sc_hd__mux2_1)
     1    0.003054    0.039024    0.193010    7.569773 v _527_/X (sky130_fd_sc_hd__mux2_1)
                                                         _013_ (net)
                      0.039024    0.000091    7.569864 v hold310/A (sky130_fd_sc_hd__dlygate4sd3_1)
     1    0.002321    0.036522    0.360076    7.929941 v hold310/X (sky130_fd_sc_hd__dlygate4sd3_1)
                                                         net481 (net)
                      0.036522    0.000064    7.930005 v hold98/A (sky130_fd_sc_hd__dlygate4sd3_1)
     1    0.002449    0.036890    0.359891    8.289895 v hold98/X (sky130_fd_sc_hd__dlygate4sd3_1)
                                                         net269 (net)
                      0.036890    0.000070    8.289966 v hold311/A (sky130_fd_sc_hd__dlygate4sd3_1)
     1    0.002909    0.038527    0.362792    8.652757 v hold311/X (sky130_fd_sc_hd__dlygate4sd3_1)
                                                         net482 (net)
                      0.038527    0.000091    8.652847 v _582_/D (sky130_fd_sc_hd__dfrtp_1)
                                              8.652847   data arrival time

                                 25.000000   25.000000   clock clk_i (rise edge)
                                  0.000000   25.000000   clock source latency
     2    0.077175    0.262105    0.196252   25.196251 ^ clk_i (in)
                                                         clk_i (net)
                      0.266425    0.000000   25.196251 ^ clkbuf_0_clk_i/A (sky130_fd_sc_hd__clkbuf_16)
     2    0.018739    0.036606    0.127372   25.323624 ^ clkbuf_0_clk_i/X (sky130_fd_sc_hd__clkbuf_16)
                                                         clknet_0_clk_i (net)
                      0.036606    0.000405   25.324028 ^ clkbuf_1_0__f_clk_i/A (sky130_fd_sc_hd__clkbuf_16)
     3    0.008468    0.023514    0.078213   25.402241 ^ clkbuf_1_0__f_clk_i/X (sky130_fd_sc_hd__clkbuf_16)
                                                         clknet_1_0__leaf_clk_i (net)
                      0.023514    0.000192   25.402433 ^ _498_/A (sky130_fd_sc_hd__and2_2)
     3    0.052614    0.202390    0.198499   25.600931 ^ _498_/X (sky130_fd_sc_hd__and2_2)
                                                         u_ibex.clk (net)
                      0.203536    0.012307   25.613239 ^ clkbuf_0_u_ibex.clk/A (sky130_fd_sc_hd__clkbuf_16)
     9    0.081193    0.077163    0.153010   25.766249 ^ clkbuf_0_u_ibex.clk/X (sky130_fd_sc_hd__clkbuf_16)
                                                         clknet_0_u_ibex.clk (net)
                      0.077775    0.005388   25.771637 ^ clkbuf_2_0__f_u_ibex.clk/A (sky130_fd_sc_hd__clkbuf_16)
    31    0.095262    0.086372    0.132406   25.904043 ^ clkbuf_2_0__f_u_ibex.clk/X (sky130_fd_sc_hd__clkbuf_16)
                                                         clknet_2_0__leaf_u_ibex.clk (net)
                      0.092102    0.017227   25.921270 ^ _582_/CLK (sky130_fd_sc_hd__dfrtp_1)
                                 -0.250000   25.671270   clock uncertainty
                                  0.000000   25.671270   clock reconvergence pessimism
                                 -0.068986   25.602283   library setup time
                                             25.602283   data required time
---------------------------------------------------------------------------------------------
                                             25.602283   data required time
                                             -8.652847   data arrival time
---------------------------------------------------------------------------------------------
                                             16.949436   slack (MET)


Startpoint: tl_i[64] (input port clocked by clk_i)
Endpoint: _581_ (rising edge-triggered flip-flop clocked by clk_i)
Path Group: clk_i
Path Type: max

Fanout         Cap        Slew       Delay        Time   Description
---------------------------------------------------------------------------------------------
                                  0.000000    0.000000   clock clk_i (rise edge)
                                  0.000000    0.000000   clock network delay (propagated)
                                  5.000000    5.000000 v input external delay
     2    0.004621    0.007566    0.003863    5.003863 v tl_i[64] (in)
                                                         tl_i[64] (net)
                      0.007566    0.000000    5.003863 v input14/A (sky130_fd_sc_hd__clkbuf_4)
     3    0.042947    0.067327    0.122659    5.126522 v input14/X (sky130_fd_sc_hd__clkbuf_4)
                                                         net14 (net)
                      0.067351    0.001182    5.127704 v _423_/A (sky130_fd_sc_hd__xor2_4)
     3    0.070078    0.133979    0.175680    5.303384 v _423_/X (sky130_fd_sc_hd__xor2_4)
                                                         _176_ (net)
                      0.136960    0.015613    5.318997 v wire85/A (sky130_fd_sc_hd__buf_8)
     3    0.112650    0.059714    0.149318    5.468315 v wire85/X (sky130_fd_sc_hd__buf_8)
                                                         net85 (net)
                      0.097095    0.037575    5.505890 v _426_/B (sky130_fd_sc_hd__or4_4)
     3    0.068300    0.124657    0.414146    5.920036 v _426_/X (sky130_fd_sc_hd__or4_4)
                                                         _179_ (net)
                      0.129742    0.021019    5.941055 v _429_/C (sky130_fd_sc_hd__or4_1)
     1    0.002450    0.051190    0.283621    6.224676 v _429_/X (sky130_fd_sc_hd__or4_1)
                                                         _182_ (net)
                      0.051190    0.000069    6.224745 v _430_/A2 (sky130_fd_sc_hd__a21o_1)
     3    0.012171    0.050298    0.146704    6.371449 v _430_/X (sky130_fd_sc_hd__a21o_1)
                                                         _183_ (net)
                      0.050304    0.000570    6.372019 v _524_/A1 (sky130_fd_sc_hd__o31ai_1)
     1    0.010835    0.281533    0.274059    6.646078 ^ _524_/Y (sky130_fd_sc_hd__o31ai_1)
                                                         _250_ (net)
                      0.281536    0.000622    6.646700 ^ wire66/A (sky130_fd_sc_hd__clkbuf_4)
     3    0.051501    0.123878    0.198881    6.845582 ^ wire66/X (sky130_fd_sc_hd__clkbuf_4)
                                                         net66 (net)
                      0.126524    0.014250    6.859831 ^ fanout65/A (sky130_fd_sc_hd__clkbuf_2)
     7    0.028771    0.123289    0.152643    7.012475 ^ fanout65/X (sky130_fd_sc_hd__clkbuf_2)
                                                         net65 (net)
                      0.123305    0.001160    7.013635 ^ fanout61/A (sky130_fd_sc_hd__dlymetal6s2s_1)
     4    0.024687    0.197909    0.190179    7.203814 ^ fanout61/X (sky130_fd_sc_hd__dlymetal6s2s_1)
                                                         net61 (net)
                      0.197910    0.000298    7.204112 ^ fanout59/A (sky130_fd_sc_hd__buf_2)
     6    0.035873    0.133815    0.170641    7.374753 ^ fanout59/X (sky130_fd_sc_hd__buf_2)
                                                         net59 (net)
                      0.133893    0.002662    7.377415 ^ _526_/S (sky130_fd_sc_hd__mux2_1)
     1    0.001877    0.034549    0.185767    7.563181 v _526_/X (sky130_fd_sc_hd__mux2_1)
                                                         _012_ (net)
                      0.034549    0.000052    7.563234 v hold302/A (sky130_fd_sc_hd__dlygate4sd3_1)
     1    0.003162    0.039691    0.363422    7.926656 v hold302/X (sky130_fd_sc_hd__dlygate4sd3_1)
                                                         net473 (net)
                      0.039691    0.000100    7.926756 v hold96/A (sky130_fd_sc_hd__dlygate4sd3_1)
     1    0.002701    0.037622    0.362610    8.289366 v hold96/X (sky130_fd_sc_hd__dlygate4sd3_1)
                                                         net267 (net)
                      0.037622    0.000077    8.289443 v hold303/A (sky130_fd_sc_hd__dlygate4sd3_1)
     1    0.002723    0.037723    0.361955    8.651398 v hold303/X (sky130_fd_sc_hd__dlygate4sd3_1)
                                                         net474 (net)
                      0.037723    0.000077    8.651475 v _581_/D (sky130_fd_sc_hd__dfrtp_1)
                                              8.651475   data arrival time

                                 25.000000   25.000000   clock clk_i (rise edge)
                                  0.000000   25.000000   clock source latency
     2    0.077175    0.262105    0.196252   25.196251 ^ clk_i (in)
                                                         clk_i (net)
                      0.266425    0.000000   25.196251 ^ clkbuf_0_clk_i/A (sky130_fd_sc_hd__clkbuf_16)
     2    0.018739    0.036606    0.127372   25.323624 ^ clkbuf_0_clk_i/X (sky130_fd_sc_hd__clkbuf_16)
                                                         clknet_0_clk_i (net)
                      0.036606    0.000405   25.324028 ^ clkbuf_1_0__f_clk_i/A (sky130_fd_sc_hd__clkbuf_16)
     3    0.008468    0.023514    0.078213   25.402241 ^ clkbuf_1_0__f_clk_i/X (sky130_fd_sc_hd__clkbuf_16)
                                                         clknet_1_0__leaf_clk_i (net)
                      0.023514    0.000192   25.402433 ^ _498_/A (sky130_fd_sc_hd__and2_2)
     3    0.052614    0.202390    0.198499   25.600931 ^ _498_/X (sky130_fd_sc_hd__and2_2)
                                                         u_ibex.clk (net)
                      0.203536    0.012307   25.613239 ^ clkbuf_0_u_ibex.clk/A (sky130_fd_sc_hd__clkbuf_16)
     9    0.081193    0.077163    0.153010   25.766249 ^ clkbuf_0_u_ibex.clk/X (sky130_fd_sc_hd__clkbuf_16)
                                                         clknet_0_u_ibex.clk (net)
                      0.077775    0.005388   25.771637 ^ clkbuf_2_0__f_u_ibex.clk/A (sky130_fd_sc_hd__clkbuf_16)
    31    0.095262    0.086372    0.132406   25.904043 ^ clkbuf_2_0__f_u_ibex.clk/X (sky130_fd_sc_hd__clkbuf_16)
                                                         clknet_2_0__leaf_u_ibex.clk (net)
                      0.092141    0.017288   25.921329 ^ _581_/CLK (sky130_fd_sc_hd__dfrtp_1)
                                 -0.250000   25.671331   clock uncertainty
                                  0.000000   25.671331   clock reconvergence pessimism
                                 -0.068696   25.602636   library setup time
                                             25.602636   data required time
---------------------------------------------------------------------------------------------
                                             25.602636   data required time
                                             -8.651475   data arrival time
---------------------------------------------------------------------------------------------
                                             16.951159   slack (MET)


Startpoint: tl_i[64] (input port clocked by clk_i)
Endpoint: _587_ (rising edge-triggered flip-flop clocked by clk_i)
Path Group: clk_i
Path Type: max

Fanout         Cap        Slew       Delay        Time   Description
---------------------------------------------------------------------------------------------
                                  0.000000    0.000000   clock clk_i (rise edge)
                                  0.000000    0.000000   clock network delay (propagated)
                                  5.000000    5.000000 v input external delay
     2    0.004621    0.007566    0.003863    5.003863 v tl_i[64] (in)
                                                         tl_i[64] (net)
                      0.007566    0.000000    5.003863 v input14/A (sky130_fd_sc_hd__clkbuf_4)
     3    0.042947    0.067327    0.122659    5.126522 v input14/X (sky130_fd_sc_hd__clkbuf_4)
                                                         net14 (net)
                      0.067351    0.001182    5.127704 v _423_/A (sky130_fd_sc_hd__xor2_4)
     3    0.070078    0.133979    0.175680    5.303384 v _423_/X (sky130_fd_sc_hd__xor2_4)
                                                         _176_ (net)
                      0.136960    0.015613    5.318997 v wire85/A (sky130_fd_sc_hd__buf_8)
     3    0.112650    0.059714    0.149318    5.468315 v wire85/X (sky130_fd_sc_hd__buf_8)
                                                         net85 (net)
                      0.097095    0.037575    5.505890 v _426_/B (sky130_fd_sc_hd__or4_4)
     3    0.068300    0.124657    0.414146    5.920036 v _426_/X (sky130_fd_sc_hd__or4_4)
                                                         _179_ (net)
                      0.129742    0.021019    5.941055 v _429_/C (sky130_fd_sc_hd__or4_1)
     1    0.002450    0.051190    0.283621    6.224676 v _429_/X (sky130_fd_sc_hd__or4_1)
                                                         _182_ (net)
                      0.051190    0.000069    6.224745 v _430_/A2 (sky130_fd_sc_hd__a21o_1)
     3    0.012171    0.050298    0.146704    6.371449 v _430_/X (sky130_fd_sc_hd__a21o_1)
                                                         _183_ (net)
                      0.050304    0.000570    6.372019 v _524_/A1 (sky130_fd_sc_hd__o31ai_1)
     1    0.010835    0.281533    0.274059    6.646078 ^ _524_/Y (sky130_fd_sc_hd__o31ai_1)
                                                         _250_ (net)
                      0.281536    0.000622    6.646700 ^ wire66/A (sky130_fd_sc_hd__clkbuf_4)
     3    0.051501    0.123878    0.198881    6.845582 ^ wire66/X (sky130_fd_sc_hd__clkbuf_4)
                                                         net66 (net)
                      0.126524    0.014250    6.859831 ^ fanout65/A (sky130_fd_sc_hd__clkbuf_2)
     7    0.028771    0.123289    0.152643    7.012475 ^ fanout65/X (sky130_fd_sc_hd__clkbuf_2)
                                                         net65 (net)
                      0.123290    0.000357    7.012832 ^ fanout64/A (sky130_fd_sc_hd__buf_2)
    13    0.049320    0.181856    0.194877    7.207709 ^ fanout64/X (sky130_fd_sc_hd__buf_2)
                                                         net64 (net)
                      0.181866    0.001189    7.208899 ^ fanout63/A (sky130_fd_sc_hd__clkbuf_2)
     5    0.033326    0.141817    0.170485    7.379384 ^ fanout63/X (sky130_fd_sc_hd__clkbuf_2)
                                                         net63 (net)
                      0.141839    0.001463    7.380847 ^ _532_/S (sky130_fd_sc_hd__mux2_1)
     1    0.002092    0.035331    0.187186    7.568033 v _532_/X (sky130_fd_sc_hd__mux2_1)
                                                         _018_ (net)
                      0.035331    0.000058    7.568090 v hold241/A (sky130_fd_sc_hd__dlygate4sd3_1)
     1    0.002461    0.036926    0.359512    7.927602 v hold241/X (sky130_fd_sc_hd__dlygate4sd3_1)
                                                         net412 (net)
                      0.036926    0.000069    7.927671 v hold50/A (sky130_fd_sc_hd__dlygate4sd3_1)
     1    0.002135    0.035836    0.358157    8.285829 v hold50/X (sky130_fd_sc_hd__dlygate4sd3_1)
                                                         net221 (net)
                      0.035836    0.000062    8.285891 v hold242/A (sky130_fd_sc_hd__dlygate4sd3_1)
     1    0.002520    0.037093    0.360057    8.645947 v hold242/X (sky130_fd_sc_hd__dlygate4sd3_1)
                                                         net413 (net)
                      0.037093    0.000071    8.646018 v _587_/D (sky130_fd_sc_hd__dfrtp_1)
                                              8.646018   data arrival time

                                 25.000000   25.000000   clock clk_i (rise edge)
                                  0.000000   25.000000   clock source latency
     2    0.077175    0.262105    0.196252   25.196251 ^ clk_i (in)
                                                         clk_i (net)
                      0.266425    0.000000   25.196251 ^ clkbuf_0_clk_i/A (sky130_fd_sc_hd__clkbuf_16)
     2    0.018739    0.036606    0.127372   25.323624 ^ clkbuf_0_clk_i/X (sky130_fd_sc_hd__clkbuf_16)
                                                         clknet_0_clk_i (net)
                      0.036606    0.000405   25.324028 ^ clkbuf_1_0__f_clk_i/A (sky130_fd_sc_hd__clkbuf_16)
     3    0.008468    0.023514    0.078213   25.402241 ^ clkbuf_1_0__f_clk_i/X (sky130_fd_sc_hd__clkbuf_16)
                                                         clknet_1_0__leaf_clk_i (net)
                      0.023514    0.000192   25.402433 ^ _498_/A (sky130_fd_sc_hd__and2_2)
     3    0.052614    0.202390    0.198499   25.600931 ^ _498_/X (sky130_fd_sc_hd__and2_2)
                                                         u_ibex.clk (net)
                      0.203536    0.012307   25.613239 ^ clkbuf_0_u_ibex.clk/A (sky130_fd_sc_hd__clkbuf_16)
     9    0.081193    0.077163    0.153010   25.766249 ^ clkbuf_0_u_ibex.clk/X (sky130_fd_sc_hd__clkbuf_16)
                                                         clknet_0_u_ibex.clk (net)
                      0.077775    0.005388   25.771637 ^ clkbuf_2_0__f_u_ibex.clk/A (sky130_fd_sc_hd__clkbuf_16)
    31    0.095262    0.086372    0.132406   25.904043 ^ clkbuf_2_0__f_u_ibex.clk/X (sky130_fd_sc_hd__clkbuf_16)
                                                         clknet_2_0__leaf_u_ibex.clk (net)
                      0.091008    0.015467   25.919510 ^ _587_/CLK (sky130_fd_sc_hd__dfrtp_1)
                                 -0.250000   25.669510   clock uncertainty
                                  0.000000   25.669510   clock reconvergence pessimism
                                 -0.068581   25.600929   library setup time
                                             25.600929   data required time
---------------------------------------------------------------------------------------------
                                             25.600929   data required time
                                             -8.646018   data arrival time
---------------------------------------------------------------------------------------------
                                             16.954910   slack (MET)


Startpoint: tl_i[64] (input port clocked by clk_i)
Endpoint: _574_ (rising edge-triggered flip-flop clocked by clk_i)
Path Group: clk_i
Path Type: max

Fanout         Cap        Slew       Delay        Time   Description
---------------------------------------------------------------------------------------------
                                  0.000000    0.000000   clock clk_i (rise edge)
                                  0.000000    0.000000   clock network delay (propagated)
                                  5.000000    5.000000 v input external delay
     2    0.004621    0.007566    0.003863    5.003863 v tl_i[64] (in)
                                                         tl_i[64] (net)
                      0.007566    0.000000    5.003863 v input14/A (sky130_fd_sc_hd__clkbuf_4)
     3    0.042947    0.067327    0.122659    5.126522 v input14/X (sky130_fd_sc_hd__clkbuf_4)
                                                         net14 (net)
                      0.067351    0.001182    5.127704 v _423_/A (sky130_fd_sc_hd__xor2_4)
     3    0.070078    0.133979    0.175680    5.303384 v _423_/X (sky130_fd_sc_hd__xor2_4)
                                                         _176_ (net)
                      0.136960    0.015613    5.318997 v wire85/A (sky130_fd_sc_hd__buf_8)
     3    0.112650    0.059714    0.149318    5.468315 v wire85/X (sky130_fd_sc_hd__buf_8)
                                                         net85 (net)
                      0.097095    0.037575    5.505890 v _426_/B (sky130_fd_sc_hd__or4_4)
     3    0.068300    0.124657    0.414146    5.920036 v _426_/X (sky130_fd_sc_hd__or4_4)
                                                         _179_ (net)
                      0.129742    0.021019    5.941055 v _429_/C (sky130_fd_sc_hd__or4_1)
     1    0.002450    0.051190    0.283621    6.224676 v _429_/X (sky130_fd_sc_hd__or4_1)
                                                         _182_ (net)
                      0.051190    0.000069    6.224745 v _430_/A2 (sky130_fd_sc_hd__a21o_1)
     3    0.012171    0.050298    0.146704    6.371449 v _430_/X (sky130_fd_sc_hd__a21o_1)
                                                         _183_ (net)
                      0.050303    0.000562    6.372011 v _432_/A2 (sky130_fd_sc_hd__o211a_1)
     1    0.002646    0.027516    0.130537    6.502548 v _432_/X (sky130_fd_sc_hd__o211a_1)
                                                         u_ibex.u_ibex_core.id_stage_i.controller_i.exc_req_lsu (net)
                      0.027517    0.000079    6.502626 v hold316/A (sky130_fd_sc_hd__dlygate4sd3_1)
     1    0.002336    0.036561    0.355783    6.858409 v hold316/X (sky130_fd_sc_hd__dlygate4sd3_1)
                                                         net487 (net)
                      0.036561    0.000068    6.858477 v hold102/A (sky130_fd_sc_hd__dlygate4sd3_1)
     2    0.009626    0.061187    0.393108    7.251585 v hold102/X (sky130_fd_sc_hd__dlygate4sd3_1)
                                                         net273 (net)
                      0.061187    0.000465    7.252050 v _485_/A2 (sky130_fd_sc_hd__o21ai_2)
     4    0.018248    0.169992    0.159796    7.411846 ^ _485_/Y (sky130_fd_sc_hd__o21ai_2)
                                                         _227_ (net)
                      0.169995    0.000506    7.412352 ^ _508_/A3 (sky130_fd_sc_hd__a32o_1)
     1    0.002874    0.035986    0.103141    7.515492 ^ _508_/X (sky130_fd_sc_hd__a32o_1)
                                                         _005_ (net)
                      0.035986    0.000083    7.515575 ^ hold199/A (sky130_fd_sc_hd__dlygate4sd3_1)
     1    0.002718    0.036799    0.371315    7.886890 ^ hold199/X (sky130_fd_sc_hd__dlygate4sd3_1)
                                                         net370 (net)
                      0.036799    0.000082    7.886972 ^ hold40/A (sky130_fd_sc_hd__dlygate4sd3_1)
     1    0.003346    0.040847    0.375509    8.262481 ^ hold40/X (sky130_fd_sc_hd__dlygate4sd3_1)
                                                         net211 (net)
                      0.041321    0.000104    8.262585 ^ hold200/A (sky130_fd_sc_hd__dlygate4sd3_1)
     1    0.003018    0.038720    0.374377    8.636962 ^ hold200/X (sky130_fd_sc_hd__dlygate4sd3_1)
                                                         net371 (net)
                      0.038720    0.000091    8.637053 ^ _574_/D (sky130_fd_sc_hd__dfrtp_1)
                                              8.637053   data arrival time

                                 25.000000   25.000000   clock clk_i (rise edge)
                                  0.000000   25.000000   clock source latency
     2    0.077175    0.262105    0.196252   25.196251 ^ clk_i (in)
                                                         clk_i (net)
                      0.266425    0.000000   25.196251 ^ clkbuf_0_clk_i/A (sky130_fd_sc_hd__clkbuf_16)
     2    0.018739    0.036606    0.127372   25.323624 ^ clkbuf_0_clk_i/X (sky130_fd_sc_hd__clkbuf_16)
                                                         clknet_0_clk_i (net)
                      0.036606    0.000405   25.324028 ^ clkbuf_1_0__f_clk_i/A (sky130_fd_sc_hd__clkbuf_16)
     3    0.008468    0.023514    0.078213   25.402241 ^ clkbuf_1_0__f_clk_i/X (sky130_fd_sc_hd__clkbuf_16)
                                                         clknet_1_0__leaf_clk_i (net)
                      0.023514    0.000192   25.402433 ^ _498_/A (sky130_fd_sc_hd__and2_2)
     3    0.052614    0.202390    0.198499   25.600931 ^ _498_/X (sky130_fd_sc_hd__and2_2)
                                                         u_ibex.clk (net)
                      0.203536    0.012307   25.613239 ^ clkbuf_0_u_ibex.clk/A (sky130_fd_sc_hd__clkbuf_16)
     9    0.081193    0.077163    0.153010   25.766249 ^ clkbuf_0_u_ibex.clk/X (sky130_fd_sc_hd__clkbuf_16)
                                                         clknet_0_u_ibex.clk (net)
                      0.078286    0.007306   25.773554 ^ clkbuf_2_3__f_u_ibex.clk/A (sky130_fd_sc_hd__clkbuf_16)
    23    0.080609    0.075178    0.128253   25.901808 ^ clkbuf_2_3__f_u_ibex.clk/X (sky130_fd_sc_hd__clkbuf_16)
                                                         clknet_2_3__leaf_u_ibex.clk (net)
                      0.077016    0.009123   25.910931 ^ _574_/CLK (sky130_fd_sc_hd__dfrtp_1)
                                 -0.250000   25.660933   clock uncertainty
                                  0.000000   25.660933   clock reconvergence pessimism
                                 -0.032931   25.628002   library setup time
                                             25.628002   data required time
---------------------------------------------------------------------------------------------
                                             25.628002   data required time
                                             -8.637053   data arrival time
---------------------------------------------------------------------------------------------
                                             16.990950   slack (MET)


Startpoint: tl_i[64] (input port clocked by clk_i)
Endpoint: _596_ (rising edge-triggered flip-flop clocked by clk_i)
Path Group: clk_i
Path Type: max

Fanout         Cap        Slew       Delay        Time   Description
---------------------------------------------------------------------------------------------
                                  0.000000    0.000000   clock clk_i (rise edge)
                                  0.000000    0.000000   clock network delay (propagated)
                                  5.000000    5.000000 v input external delay
     2    0.004621    0.007566    0.003863    5.003863 v tl_i[64] (in)
                                                         tl_i[64] (net)
                      0.007566    0.000000    5.003863 v input14/A (sky130_fd_sc_hd__clkbuf_4)
     3    0.042947    0.067327    0.122659    5.126522 v input14/X (sky130_fd_sc_hd__clkbuf_4)
                                                         net14 (net)
                      0.067351    0.001182    5.127704 v _423_/A (sky130_fd_sc_hd__xor2_4)
     3    0.070078    0.133979    0.175680    5.303384 v _423_/X (sky130_fd_sc_hd__xor2_4)
                                                         _176_ (net)
                      0.136960    0.015613    5.318997 v wire85/A (sky130_fd_sc_hd__buf_8)
     3    0.112650    0.059714    0.149318    5.468315 v wire85/X (sky130_fd_sc_hd__buf_8)
                                                         net85 (net)
                      0.097095    0.037575    5.505890 v _426_/B (sky130_fd_sc_hd__or4_4)
     3    0.068300    0.124657    0.414146    5.920036 v _426_/X (sky130_fd_sc_hd__or4_4)
                                                         _179_ (net)
                      0.129742    0.021019    5.941055 v _429_/C (sky130_fd_sc_hd__or4_1)
     1    0.002450    0.051190    0.283621    6.224676 v _429_/X (sky130_fd_sc_hd__or4_1)
                                                         _182_ (net)
                      0.051190    0.000069    6.224745 v _430_/A2 (sky130_fd_sc_hd__a21o_1)
     3    0.012171    0.050298    0.146704    6.371449 v _430_/X (sky130_fd_sc_hd__a21o_1)
                                                         _183_ (net)
                      0.050304    0.000570    6.372019 v _524_/A1 (sky130_fd_sc_hd__o31ai_1)
     1    0.010835    0.281533    0.274059    6.646078 ^ _524_/Y (sky130_fd_sc_hd__o31ai_1)
                                                         _250_ (net)
                      0.281536    0.000622    6.646700 ^ wire66/A (sky130_fd_sc_hd__clkbuf_4)
     3    0.051501    0.123878    0.198881    6.845582 ^ wire66/X (sky130_fd_sc_hd__clkbuf_4)
                                                         net66 (net)
                      0.126524    0.014250    6.859831 ^ fanout65/A (sky130_fd_sc_hd__clkbuf_2)
     7    0.028771    0.123289    0.152643    7.012475 ^ fanout65/X (sky130_fd_sc_hd__clkbuf_2)
                                                         net65 (net)
                      0.123290    0.000357    7.012832 ^ fanout64/A (sky130_fd_sc_hd__buf_2)
    13    0.049320    0.181856    0.194877    7.207709 ^ fanout64/X (sky130_fd_sc_hd__buf_2)
                                                         net64 (net)
                      0.181952    0.003479    7.211188 ^ _541_/S (sky130_fd_sc_hd__mux2_1)
     1    0.002576    0.037066    0.190631    7.401818 v _541_/X (sky130_fd_sc_hd__mux2_1)
                                                         _027_ (net)
                      0.037066    0.000078    7.401896 v hold191/A (sky130_fd_sc_hd__dlygate4sd3_1)
     1    0.002981    0.038840    0.363289    7.765185 v hold191/X (sky130_fd_sc_hd__dlygate4sd3_1)
                                                         net362 (net)
                      0.038840    0.000095    7.765280 v hold32/A (sky130_fd_sc_hd__dlygate4sd3_1)
     1    0.003450    0.041035    0.366787    8.132068 v hold32/X (sky130_fd_sc_hd__dlygate4sd3_1)
                                                         net203 (net)
                      0.041035    0.000109    8.132177 v hold192/A (sky130_fd_sc_hd__dlygate4sd3_1)
     1    0.002823    0.038134    0.363855    8.496032 v hold192/X (sky130_fd_sc_hd__dlygate4sd3_1)
                                                         net363 (net)
                      0.038134    0.000084    8.496116 v _596_/D (sky130_fd_sc_hd__dfrtp_1)
                                              8.496116   data arrival time

                                 25.000000   25.000000   clock clk_i (rise edge)
                                  0.000000   25.000000   clock source latency
     2    0.077175    0.262105    0.196252   25.196251 ^ clk_i (in)
                                                         clk_i (net)
                      0.266425    0.000000   25.196251 ^ clkbuf_0_clk_i/A (sky130_fd_sc_hd__clkbuf_16)
     2    0.018739    0.036606    0.127372   25.323624 ^ clkbuf_0_clk_i/X (sky130_fd_sc_hd__clkbuf_16)
                                                         clknet_0_clk_i (net)
                      0.036606    0.000405   25.324028 ^ clkbuf_1_0__f_clk_i/A (sky130_fd_sc_hd__clkbuf_16)
     3    0.008468    0.023514    0.078213   25.402241 ^ clkbuf_1_0__f_clk_i/X (sky130_fd_sc_hd__clkbuf_16)
                                                         clknet_1_0__leaf_clk_i (net)
                      0.023514    0.000192   25.402433 ^ _498_/A (sky130_fd_sc_hd__and2_2)
     3    0.052614    0.202390    0.198499   25.600931 ^ _498_/X (sky130_fd_sc_hd__and2_2)
                                                         u_ibex.clk (net)
                      0.203536    0.012307   25.613239 ^ clkbuf_0_u_ibex.clk/A (sky130_fd_sc_hd__clkbuf_16)
     9    0.081193    0.077163    0.153010   25.766249 ^ clkbuf_0_u_ibex.clk/X (sky130_fd_sc_hd__clkbuf_16)
                                                         clknet_0_u_ibex.clk (net)
                      0.077773    0.005377   25.771626 ^ clkbuf_2_1__f_u_ibex.clk/A (sky130_fd_sc_hd__clkbuf_16)
    33    0.094839    0.086324    0.133729   25.905355 ^ clkbuf_2_1__f_u_ibex.clk/X (sky130_fd_sc_hd__clkbuf_16)
                                                         clknet_2_1__leaf_u_ibex.clk (net)
                      0.087827    0.008995   25.914351 ^ _596_/CLK (sky130_fd_sc_hd__dfrtp_1)
                                 -0.250000   25.664351   clock uncertainty
                                  0.000000   25.664351   clock reconvergence pessimism
                                 -0.069258   25.595093   library setup time
                                             25.595093   data required time
---------------------------------------------------------------------------------------------
                                             25.595093   data required time
                                             -8.496116   data arrival time
---------------------------------------------------------------------------------------------
                                             17.098976   slack (MET)


Startpoint: tl_i[64] (input port clocked by clk_i)
Endpoint: _601_ (rising edge-triggered flip-flop clocked by clk_i)
Path Group: clk_i
Path Type: max

Fanout         Cap        Slew       Delay        Time   Description
---------------------------------------------------------------------------------------------
                                  0.000000    0.000000   clock clk_i (rise edge)
                                  0.000000    0.000000   clock network delay (propagated)
                                  5.000000    5.000000 v input external delay
     2    0.004621    0.007566    0.003863    5.003863 v tl_i[64] (in)
                                                         tl_i[64] (net)
                      0.007566    0.000000    5.003863 v input14/A (sky130_fd_sc_hd__clkbuf_4)
     3    0.042947    0.067327    0.122659    5.126522 v input14/X (sky130_fd_sc_hd__clkbuf_4)
                                                         net14 (net)
                      0.067351    0.001182    5.127704 v _423_/A (sky130_fd_sc_hd__xor2_4)
     3    0.070078    0.133979    0.175680    5.303384 v _423_/X (sky130_fd_sc_hd__xor2_4)
                                                         _176_ (net)
                      0.136960    0.015613    5.318997 v wire85/A (sky130_fd_sc_hd__buf_8)
     3    0.112650    0.059714    0.149318    5.468315 v wire85/X (sky130_fd_sc_hd__buf_8)
                                                         net85 (net)
                      0.097095    0.037575    5.505890 v _426_/B (sky130_fd_sc_hd__or4_4)
     3    0.068300    0.124657    0.414146    5.920036 v _426_/X (sky130_fd_sc_hd__or4_4)
                                                         _179_ (net)
                      0.129742    0.021019    5.941055 v _429_/C (sky130_fd_sc_hd__or4_1)
     1    0.002450    0.051190    0.283621    6.224676 v _429_/X (sky130_fd_sc_hd__or4_1)
                                                         _182_ (net)
                      0.051190    0.000069    6.224745 v _430_/A2 (sky130_fd_sc_hd__a21o_1)
     3    0.012171    0.050298    0.146704    6.371449 v _430_/X (sky130_fd_sc_hd__a21o_1)
                                                         _183_ (net)
                      0.050304    0.000570    6.372019 v _524_/A1 (sky130_fd_sc_hd__o31ai_1)
     1    0.010835    0.281533    0.274059    6.646078 ^ _524_/Y (sky130_fd_sc_hd__o31ai_1)
                                                         _250_ (net)
                      0.281536    0.000622    6.646700 ^ wire66/A (sky130_fd_sc_hd__clkbuf_4)
     3    0.051501    0.123878    0.198881    6.845582 ^ wire66/X (sky130_fd_sc_hd__clkbuf_4)
                                                         net66 (net)
                      0.126524    0.014250    6.859831 ^ fanout65/A (sky130_fd_sc_hd__clkbuf_2)
     7    0.028771    0.123289    0.152643    7.012475 ^ fanout65/X (sky130_fd_sc_hd__clkbuf_2)
                                                         net65 (net)
                      0.123290    0.000357    7.012832 ^ fanout64/A (sky130_fd_sc_hd__buf_2)
    13    0.049320    0.181856    0.194877    7.207709 ^ fanout64/X (sky130_fd_sc_hd__buf_2)
                                                         net64 (net)
                      0.182030    0.004639    7.212349 ^ _546_/S (sky130_fd_sc_hd__mux2_1)
     1    0.003299    0.040069    0.195063    7.407412 v _546_/X (sky130_fd_sc_hd__mux2_1)
                                                         _032_ (net)
                      0.040069    0.000104    7.407515 v hold249/A (sky130_fd_sc_hd__dlygate4sd3_1)
     1    0.002576    0.037244    0.362002    7.769517 v hold249/X (sky130_fd_sc_hd__dlygate4sd3_1)
                                                         net420 (net)
                      0.037244    0.000076    7.769593 v hold63/A (sky130_fd_sc_hd__dlygate4sd3_1)
     1    0.002694    0.037601    0.361634    8.131227 v hold63/X (sky130_fd_sc_hd__dlygate4sd3_1)
                                                         net234 (net)
                      0.037601    0.000082    8.131310 v hold250/A (sky130_fd_sc_hd__dlygate4sd3_1)
     1    0.003037    0.039092    0.363831    8.495140 v hold250/X (sky130_fd_sc_hd__dlygate4sd3_1)
                                                         net421 (net)
                      0.039092    0.000093    8.495234 v _601_/D (sky130_fd_sc_hd__dfrtp_1)
                                              8.495234   data arrival time

                                 25.000000   25.000000   clock clk_i (rise edge)
                                  0.000000   25.000000   clock source latency
     2    0.077175    0.262105    0.196252   25.196251 ^ clk_i (in)
                                                         clk_i (net)
                      0.266425    0.000000   25.196251 ^ clkbuf_0_clk_i/A (sky130_fd_sc_hd__clkbuf_16)
     2    0.018739    0.036606    0.127372   25.323624 ^ clkbuf_0_clk_i/X (sky130_fd_sc_hd__clkbuf_16)
                                                         clknet_0_clk_i (net)
                      0.036606    0.000405   25.324028 ^ clkbuf_1_0__f_clk_i/A (sky130_fd_sc_hd__clkbuf_16)
     3    0.008468    0.023514    0.078213   25.402241 ^ clkbuf_1_0__f_clk_i/X (sky130_fd_sc_hd__clkbuf_16)
                                                         clknet_1_0__leaf_clk_i (net)
                      0.023514    0.000192   25.402433 ^ _498_/A (sky130_fd_sc_hd__and2_2)
     3    0.052614    0.202390    0.198499   25.600931 ^ _498_/X (sky130_fd_sc_hd__and2_2)
                                                         u_ibex.clk (net)
                      0.203536    0.012307   25.613239 ^ clkbuf_0_u_ibex.clk/A (sky130_fd_sc_hd__clkbuf_16)
     9    0.081193    0.077163    0.153010   25.766249 ^ clkbuf_0_u_ibex.clk/X (sky130_fd_sc_hd__clkbuf_16)
                                                         clknet_0_u_ibex.clk (net)
                      0.077773    0.005377   25.771626 ^ clkbuf_2_1__f_u_ibex.clk/A (sky130_fd_sc_hd__clkbuf_16)
    33    0.094839    0.086324    0.133729   25.905355 ^ clkbuf_2_1__f_u_ibex.clk/X (sky130_fd_sc_hd__clkbuf_16)
                                                         clknet_2_1__leaf_u_ibex.clk (net)
                      0.089002    0.011918   25.917273 ^ _601_/CLK (sky130_fd_sc_hd__dfrtp_1)
                                 -0.250000   25.667273   clock uncertainty
                                  0.000000   25.667273   clock reconvergence pessimism
                                 -0.069486   25.597788   library setup time
                                             25.597788   data required time
---------------------------------------------------------------------------------------------
                                             25.597788   data required time
                                             -8.495234   data arrival time
---------------------------------------------------------------------------------------------
                                             17.102554   slack (MET)


Startpoint: tl_i[64] (input port clocked by clk_i)
Endpoint: _600_ (rising edge-triggered flip-flop clocked by clk_i)
Path Group: clk_i
Path Type: max

Fanout         Cap        Slew       Delay        Time   Description
---------------------------------------------------------------------------------------------
                                  0.000000    0.000000   clock clk_i (rise edge)
                                  0.000000    0.000000   clock network delay (propagated)
                                  5.000000    5.000000 v input external delay
     2    0.004621    0.007566    0.003863    5.003863 v tl_i[64] (in)
                                                         tl_i[64] (net)
                      0.007566    0.000000    5.003863 v input14/A (sky130_fd_sc_hd__clkbuf_4)
     3    0.042947    0.067327    0.122659    5.126522 v input14/X (sky130_fd_sc_hd__clkbuf_4)
                                                         net14 (net)
                      0.067351    0.001182    5.127704 v _423_/A (sky130_fd_sc_hd__xor2_4)
     3    0.070078    0.133979    0.175680    5.303384 v _423_/X (sky130_fd_sc_hd__xor2_4)
                                                         _176_ (net)
                      0.136960    0.015613    5.318997 v wire85/A (sky130_fd_sc_hd__buf_8)
     3    0.112650    0.059714    0.149318    5.468315 v wire85/X (sky130_fd_sc_hd__buf_8)
                                                         net85 (net)
                      0.097095    0.037575    5.505890 v _426_/B (sky130_fd_sc_hd__or4_4)
     3    0.068300    0.124657    0.414146    5.920036 v _426_/X (sky130_fd_sc_hd__or4_4)
                                                         _179_ (net)
                      0.129742    0.021019    5.941055 v _429_/C (sky130_fd_sc_hd__or4_1)
     1    0.002450    0.051190    0.283621    6.224676 v _429_/X (sky130_fd_sc_hd__or4_1)
                                                         _182_ (net)
                      0.051190    0.000069    6.224745 v _430_/A2 (sky130_fd_sc_hd__a21o_1)
     3    0.012171    0.050298    0.146704    6.371449 v _430_/X (sky130_fd_sc_hd__a21o_1)
                                                         _183_ (net)
                      0.050304    0.000570    6.372019 v _524_/A1 (sky130_fd_sc_hd__o31ai_1)
     1    0.010835    0.281533    0.274059    6.646078 ^ _524_/Y (sky130_fd_sc_hd__o31ai_1)
                                                         _250_ (net)
                      0.281536    0.000622    6.646700 ^ wire66/A (sky130_fd_sc_hd__clkbuf_4)
     3    0.051501    0.123878    0.198881    6.845582 ^ wire66/X (sky130_fd_sc_hd__clkbuf_4)
                                                         net66 (net)
                      0.126524    0.014250    6.859831 ^ fanout65/A (sky130_fd_sc_hd__clkbuf_2)
     7    0.028771    0.123289    0.152643    7.012475 ^ fanout65/X (sky130_fd_sc_hd__clkbuf_2)
                                                         net65 (net)
                      0.123290    0.000357    7.012832 ^ fanout64/A (sky130_fd_sc_hd__buf_2)
    13    0.049320    0.181856    0.194877    7.207709 ^ fanout64/X (sky130_fd_sc_hd__buf_2)
                                                         net64 (net)
                      0.182015    0.004446    7.212155 ^ _545_/S (sky130_fd_sc_hd__mux2_1)
     1    0.002688    0.037484    0.191322    7.403477 v _545_/X (sky130_fd_sc_hd__mux2_1)
                                                         _031_ (net)
                      0.037484    0.000081    7.403558 v hold215/A (sky130_fd_sc_hd__dlygate4sd3_1)
     1    0.003239    0.040026    0.365006    7.768564 v hold215/X (sky130_fd_sc_hd__dlygate4sd3_1)
                                                         net386 (net)
                      0.040026    0.000095    7.768659 v hold44/A (sky130_fd_sc_hd__dlygate4sd3_1)
     1    0.002140    0.035863    0.359371    8.128030 v hold44/X (sky130_fd_sc_hd__dlygate4sd3_1)
                                                         net215 (net)
                      0.035863    0.000044    8.128074 v hold216/A (sky130_fd_sc_hd__dlygate4sd3_1)
     1    0.003162    0.039679    0.363922    8.491996 v hold216/X (sky130_fd_sc_hd__dlygate4sd3_1)
                                                         net387 (net)
                      0.039679    0.000091    8.492087 v _600_/D (sky130_fd_sc_hd__dfrtp_1)
                                              8.492087   data arrival time

                                 25.000000   25.000000   clock clk_i (rise edge)
                                  0.000000   25.000000   clock source latency
     2    0.077175    0.262105    0.196252   25.196251 ^ clk_i (in)
                                                         clk_i (net)
                      0.266425    0.000000   25.196251 ^ clkbuf_0_clk_i/A (sky130_fd_sc_hd__clkbuf_16)
     2    0.018739    0.036606    0.127372   25.323624 ^ clkbuf_0_clk_i/X (sky130_fd_sc_hd__clkbuf_16)
                                                         clknet_0_clk_i (net)
                      0.036606    0.000405   25.324028 ^ clkbuf_1_0__f_clk_i/A (sky130_fd_sc_hd__clkbuf_16)
     3    0.008468    0.023514    0.078213   25.402241 ^ clkbuf_1_0__f_clk_i/X (sky130_fd_sc_hd__clkbuf_16)
                                                         clknet_1_0__leaf_clk_i (net)
                      0.023514    0.000192   25.402433 ^ _498_/A (sky130_fd_sc_hd__and2_2)
     3    0.052614    0.202390    0.198499   25.600931 ^ _498_/X (sky130_fd_sc_hd__and2_2)
                                                         u_ibex.clk (net)
                      0.203536    0.012307   25.613239 ^ clkbuf_0_u_ibex.clk/A (sky130_fd_sc_hd__clkbuf_16)
     9    0.081193    0.077163    0.153010   25.766249 ^ clkbuf_0_u_ibex.clk/X (sky130_fd_sc_hd__clkbuf_16)
                                                         clknet_0_u_ibex.clk (net)
                      0.077773    0.005377   25.771626 ^ clkbuf_2_1__f_u_ibex.clk/A (sky130_fd_sc_hd__clkbuf_16)
    33    0.094839    0.086324    0.133729   25.905355 ^ clkbuf_2_1__f_u_ibex.clk/X (sky130_fd_sc_hd__clkbuf_16)
                                                         clknet_2_1__leaf_u_ibex.clk (net)
                      0.088797    0.011458   25.916813 ^ _600_/CLK (sky130_fd_sc_hd__dfrtp_1)
                                 -0.250000   25.666813   clock uncertainty
                                  0.000000   25.666813   clock reconvergence pessimism
                                 -0.069715   25.597099   library setup time
                                             25.597099   data required time
---------------------------------------------------------------------------------------------
                                             25.597099   data required time
                                             -8.492087   data arrival time
---------------------------------------------------------------------------------------------
                                             17.105011   slack (MET)


Startpoint: tl_i[64] (input port clocked by clk_i)
Endpoint: _585_ (rising edge-triggered flip-flop clocked by clk_i)
Path Group: clk_i
Path Type: max

Fanout         Cap        Slew       Delay        Time   Description
---------------------------------------------------------------------------------------------
                                  0.000000    0.000000   clock clk_i (rise edge)
                                  0.000000    0.000000   clock network delay (propagated)
                                  5.000000    5.000000 v input external delay
     2    0.004621    0.007566    0.003863    5.003863 v tl_i[64] (in)
                                                         tl_i[64] (net)
                      0.007566    0.000000    5.003863 v input14/A (sky130_fd_sc_hd__clkbuf_4)
     3    0.042947    0.067327    0.122659    5.126522 v input14/X (sky130_fd_sc_hd__clkbuf_4)
                                                         net14 (net)
                      0.067351    0.001182    5.127704 v _423_/A (sky130_fd_sc_hd__xor2_4)
     3    0.070078    0.133979    0.175680    5.303384 v _423_/X (sky130_fd_sc_hd__xor2_4)
                                                         _176_ (net)
                      0.136960    0.015613    5.318997 v wire85/A (sky130_fd_sc_hd__buf_8)
     3    0.112650    0.059714    0.149318    5.468315 v wire85/X (sky130_fd_sc_hd__buf_8)
                                                         net85 (net)
                      0.097095    0.037575    5.505890 v _426_/B (sky130_fd_sc_hd__or4_4)
     3    0.068300    0.124657    0.414146    5.920036 v _426_/X (sky130_fd_sc_hd__or4_4)
                                                         _179_ (net)
                      0.129742    0.021019    5.941055 v _429_/C (sky130_fd_sc_hd__or4_1)
     1    0.002450    0.051190    0.283621    6.224676 v _429_/X (sky130_fd_sc_hd__or4_1)
                                                         _182_ (net)
                      0.051190    0.000069    6.224745 v _430_/A2 (sky130_fd_sc_hd__a21o_1)
     3    0.012171    0.050298    0.146704    6.371449 v _430_/X (sky130_fd_sc_hd__a21o_1)
                                                         _183_ (net)
                      0.050304    0.000570    6.372019 v _524_/A1 (sky130_fd_sc_hd__o31ai_1)
     1    0.010835    0.281533    0.274059    6.646078 ^ _524_/Y (sky130_fd_sc_hd__o31ai_1)
                                                         _250_ (net)
                      0.281536    0.000622    6.646700 ^ wire66/A (sky130_fd_sc_hd__clkbuf_4)
     3    0.051501    0.123878    0.198881    6.845582 ^ wire66/X (sky130_fd_sc_hd__clkbuf_4)
                                                         net66 (net)
                      0.126524    0.014250    6.859831 ^ fanout65/A (sky130_fd_sc_hd__clkbuf_2)
     7    0.028771    0.123289    0.152643    7.012475 ^ fanout65/X (sky130_fd_sc_hd__clkbuf_2)
                                                         net65 (net)
                      0.123305    0.001160    7.013635 ^ fanout61/A (sky130_fd_sc_hd__dlymetal6s2s_1)
     4    0.024687    0.197909    0.190179    7.203814 ^ fanout61/X (sky130_fd_sc_hd__dlymetal6s2s_1)
                                                         net61 (net)
                      0.197914    0.000763    7.204577 ^ _530_/S (sky130_fd_sc_hd__mux2_1)
     1    0.002463    0.036621    0.190127    7.394704 v _530_/X (sky130_fd_sc_hd__mux2_1)
                                                         _016_ (net)
                      0.036621    0.000071    7.394774 v hold344/A (sky130_fd_sc_hd__dlygate4sd3_1)
     1    0.002821    0.038147    0.362160    7.756934 v hold344/X (sky130_fd_sc_hd__dlygate4sd3_1)
                                                         net515 (net)
                      0.038147    0.000089    7.757023 v hold132/A (sky130_fd_sc_hd__dlygate4sd3_1)
     1    0.003443    0.041020    0.366486    8.123508 v hold132/X (sky130_fd_sc_hd__dlygate4sd3_1)
                                                         net303 (net)
                      0.041020    0.000088    8.123596 v hold345/A (sky130_fd_sc_hd__dlygate4sd3_1)
     1    0.003441    0.040964    0.367562    8.491158 v hold345/X (sky130_fd_sc_hd__dlygate4sd3_1)
                                                         net516 (net)
                      0.040964    0.000102    8.491261 v _585_/D (sky130_fd_sc_hd__dfrtp_1)
                                              8.491261   data arrival time

                                 25.000000   25.000000   clock clk_i (rise edge)
                                  0.000000   25.000000   clock source latency
     2    0.077175    0.262105    0.196252   25.196251 ^ clk_i (in)
                                                         clk_i (net)
                      0.266425    0.000000   25.196251 ^ clkbuf_0_clk_i/A (sky130_fd_sc_hd__clkbuf_16)
     2    0.018739    0.036606    0.127372   25.323624 ^ clkbuf_0_clk_i/X (sky130_fd_sc_hd__clkbuf_16)
                                                         clknet_0_clk_i (net)
                      0.036606    0.000405   25.324028 ^ clkbuf_1_0__f_clk_i/A (sky130_fd_sc_hd__clkbuf_16)
     3    0.008468    0.023514    0.078213   25.402241 ^ clkbuf_1_0__f_clk_i/X (sky130_fd_sc_hd__clkbuf_16)
                                                         clknet_1_0__leaf_clk_i (net)
                      0.023514    0.000192   25.402433 ^ _498_/A (sky130_fd_sc_hd__and2_2)
     3    0.052614    0.202390    0.198499   25.600931 ^ _498_/X (sky130_fd_sc_hd__and2_2)
                                                         u_ibex.clk (net)
                      0.203536    0.012307   25.613239 ^ clkbuf_0_u_ibex.clk/A (sky130_fd_sc_hd__clkbuf_16)
     9    0.081193    0.077163    0.153010   25.766249 ^ clkbuf_0_u_ibex.clk/X (sky130_fd_sc_hd__clkbuf_16)
                                                         clknet_0_u_ibex.clk (net)
                      0.077775    0.005388   25.771637 ^ clkbuf_2_0__f_u_ibex.clk/A (sky130_fd_sc_hd__clkbuf_16)
    31    0.095262    0.086372    0.132406   25.904043 ^ clkbuf_2_0__f_u_ibex.clk/X (sky130_fd_sc_hd__clkbuf_16)
                                                         clknet_2_0__leaf_u_ibex.clk (net)
                      0.091491    0.016264   25.920307 ^ _585_/CLK (sky130_fd_sc_hd__dfrtp_1)
                                 -0.250000   25.670307   clock uncertainty
                                  0.000000   25.670307   clock reconvergence pessimism
                                 -0.069913   25.600395   library setup time
                                             25.600395   data required time
---------------------------------------------------------------------------------------------
                                             25.600395   data required time
                                             -8.491261   data arrival time
---------------------------------------------------------------------------------------------
                                             17.109135   slack (MET)


Startpoint: tl_i[64] (input port clocked by clk_i)
Endpoint: _602_ (rising edge-triggered flip-flop clocked by clk_i)
Path Group: clk_i
Path Type: max

Fanout         Cap        Slew       Delay        Time   Description
---------------------------------------------------------------------------------------------
                                  0.000000    0.000000   clock clk_i (rise edge)
                                  0.000000    0.000000   clock network delay (propagated)
                                  5.000000    5.000000 v input external delay
     2    0.004621    0.007566    0.003863    5.003863 v tl_i[64] (in)
                                                         tl_i[64] (net)
                      0.007566    0.000000    5.003863 v input14/A (sky130_fd_sc_hd__clkbuf_4)
     3    0.042947    0.067327    0.122659    5.126522 v input14/X (sky130_fd_sc_hd__clkbuf_4)
                                                         net14 (net)
                      0.067351    0.001182    5.127704 v _423_/A (sky130_fd_sc_hd__xor2_4)
     3    0.070078    0.133979    0.175680    5.303384 v _423_/X (sky130_fd_sc_hd__xor2_4)
                                                         _176_ (net)
                      0.136960    0.015613    5.318997 v wire85/A (sky130_fd_sc_hd__buf_8)
     3    0.112650    0.059714    0.149318    5.468315 v wire85/X (sky130_fd_sc_hd__buf_8)
                                                         net85 (net)
                      0.097095    0.037575    5.505890 v _426_/B (sky130_fd_sc_hd__or4_4)
     3    0.068300    0.124657    0.414146    5.920036 v _426_/X (sky130_fd_sc_hd__or4_4)
                                                         _179_ (net)
                      0.129742    0.021019    5.941055 v _429_/C (sky130_fd_sc_hd__or4_1)
     1    0.002450    0.051190    0.283621    6.224676 v _429_/X (sky130_fd_sc_hd__or4_1)
                                                         _182_ (net)
                      0.051190    0.000069    6.224745 v _430_/A2 (sky130_fd_sc_hd__a21o_1)
     3    0.012171    0.050298    0.146704    6.371449 v _430_/X (sky130_fd_sc_hd__a21o_1)
                                                         _183_ (net)
                      0.050304    0.000570    6.372019 v _524_/A1 (sky130_fd_sc_hd__o31ai_1)
     1    0.010835    0.281533    0.274059    6.646078 ^ _524_/Y (sky130_fd_sc_hd__o31ai_1)
                                                         _250_ (net)
                      0.281536    0.000622    6.646700 ^ wire66/A (sky130_fd_sc_hd__clkbuf_4)
     3    0.051501    0.123878    0.198881    6.845582 ^ wire66/X (sky130_fd_sc_hd__clkbuf_4)
                                                         net66 (net)
                      0.126524    0.014250    6.859831 ^ fanout65/A (sky130_fd_sc_hd__clkbuf_2)
     7    0.028771    0.123289    0.152643    7.012475 ^ fanout65/X (sky130_fd_sc_hd__clkbuf_2)
                                                         net65 (net)
                      0.123305    0.001160    7.013635 ^ fanout61/A (sky130_fd_sc_hd__dlymetal6s2s_1)
     4    0.024687    0.197909    0.190179    7.203814 ^ fanout61/X (sky130_fd_sc_hd__dlymetal6s2s_1)
                                                         net61 (net)
                      0.197925    0.001449    7.205262 ^ _547_/S (sky130_fd_sc_hd__mux2_1)
     1    0.002293    0.035949    0.189090    7.394352 v _547_/X (sky130_fd_sc_hd__mux2_1)
                                                         _033_ (net)
                      0.035988    0.000065    7.394417 v hold219/A (sky130_fd_sc_hd__dlygate4sd3_1)
     1    0.002350    0.036624    0.359093    7.753510 v hold219/X (sky130_fd_sc_hd__dlygate4sd3_1)
                                                         net390 (net)
                      0.036624    0.000068    7.753578 v hold48/A (sky130_fd_sc_hd__dlygate4sd3_1)
     1    0.003098    0.039381    0.363833    8.117411 v hold48/X (sky130_fd_sc_hd__dlygate4sd3_1)
                                                         net219 (net)
                      0.039381    0.000073    8.117484 v hold220/A (sky130_fd_sc_hd__dlygate4sd3_1)
     1    0.003516    0.041359    0.367384    8.484868 v hold220/X (sky130_fd_sc_hd__dlygate4sd3_1)
                                                         net391 (net)
                      0.041359    0.000116    8.484984 v _602_/D (sky130_fd_sc_hd__dfrtp_1)
                                              8.484984   data arrival time

                                 25.000000   25.000000   clock clk_i (rise edge)
                                  0.000000   25.000000   clock source latency
     2    0.077175    0.262105    0.196252   25.196251 ^ clk_i (in)
                                                         clk_i (net)
                      0.266425    0.000000   25.196251 ^ clkbuf_0_clk_i/A (sky130_fd_sc_hd__clkbuf_16)
     2    0.018739    0.036606    0.127372   25.323624 ^ clkbuf_0_clk_i/X (sky130_fd_sc_hd__clkbuf_16)
                                                         clknet_0_clk_i (net)
                      0.036606    0.000405   25.324028 ^ clkbuf_1_0__f_clk_i/A (sky130_fd_sc_hd__clkbuf_16)
     3    0.008468    0.023514    0.078213   25.402241 ^ clkbuf_1_0__f_clk_i/X (sky130_fd_sc_hd__clkbuf_16)
                                                         clknet_1_0__leaf_clk_i (net)
                      0.023514    0.000192   25.402433 ^ _498_/A (sky130_fd_sc_hd__and2_2)
     3    0.052614    0.202390    0.198499   25.600931 ^ _498_/X (sky130_fd_sc_hd__and2_2)
                                                         u_ibex.clk (net)
                      0.203536    0.012307   25.613239 ^ clkbuf_0_u_ibex.clk/A (sky130_fd_sc_hd__clkbuf_16)
     9    0.081193    0.077163    0.153010   25.766249 ^ clkbuf_0_u_ibex.clk/X (sky130_fd_sc_hd__clkbuf_16)
                                                         clknet_0_u_ibex.clk (net)
                      0.077773    0.005377   25.771626 ^ clkbuf_2_1__f_u_ibex.clk/A (sky130_fd_sc_hd__clkbuf_16)
    33    0.094839    0.086324    0.133729   25.905355 ^ clkbuf_2_1__f_u_ibex.clk/X (sky130_fd_sc_hd__clkbuf_16)
                                                         clknet_2_1__leaf_u_ibex.clk (net)
                      0.088698    0.011228   25.916584 ^ _602_/CLK (sky130_fd_sc_hd__dfrtp_1)
                                 -0.250000   25.666584   clock uncertainty
                                  0.000000   25.666584   clock reconvergence pessimism
                                 -0.070323   25.596262   library setup time
                                             25.596262   data required time
---------------------------------------------------------------------------------------------
                                             25.596262   data required time
                                             -8.484984   data arrival time
---------------------------------------------------------------------------------------------
                                             17.111277   slack (MET)


Startpoint: tl_i[64] (input port clocked by clk_i)
Endpoint: _598_ (rising edge-triggered flip-flop clocked by clk_i)
Path Group: clk_i
Path Type: max

Fanout         Cap        Slew       Delay        Time   Description
---------------------------------------------------------------------------------------------
                                  0.000000    0.000000   clock clk_i (rise edge)
                                  0.000000    0.000000   clock network delay (propagated)
                                  5.000000    5.000000 v input external delay
     2    0.004621    0.007566    0.003863    5.003863 v tl_i[64] (in)
                                                         tl_i[64] (net)
                      0.007566    0.000000    5.003863 v input14/A (sky130_fd_sc_hd__clkbuf_4)
     3    0.042947    0.067327    0.122659    5.126522 v input14/X (sky130_fd_sc_hd__clkbuf_4)
                                                         net14 (net)
                      0.067351    0.001182    5.127704 v _423_/A (sky130_fd_sc_hd__xor2_4)
     3    0.070078    0.133979    0.175680    5.303384 v _423_/X (sky130_fd_sc_hd__xor2_4)
                                                         _176_ (net)
                      0.136960    0.015613    5.318997 v wire85/A (sky130_fd_sc_hd__buf_8)
     3    0.112650    0.059714    0.149318    5.468315 v wire85/X (sky130_fd_sc_hd__buf_8)
                                                         net85 (net)
                      0.097095    0.037575    5.505890 v _426_/B (sky130_fd_sc_hd__or4_4)
     3    0.068300    0.124657    0.414146    5.920036 v _426_/X (sky130_fd_sc_hd__or4_4)
                                                         _179_ (net)
                      0.129742    0.021019    5.941055 v _429_/C (sky130_fd_sc_hd__or4_1)
     1    0.002450    0.051190    0.283621    6.224676 v _429_/X (sky130_fd_sc_hd__or4_1)
                                                         _182_ (net)
                      0.051190    0.000069    6.224745 v _430_/A2 (sky130_fd_sc_hd__a21o_1)
     3    0.012171    0.050298    0.146704    6.371449 v _430_/X (sky130_fd_sc_hd__a21o_1)
                                                         _183_ (net)
                      0.050304    0.000570    6.372019 v _524_/A1 (sky130_fd_sc_hd__o31ai_1)
     1    0.010835    0.281533    0.274059    6.646078 ^ _524_/Y (sky130_fd_sc_hd__o31ai_1)
                                                         _250_ (net)
                      0.281536    0.000622    6.646700 ^ wire66/A (sky130_fd_sc_hd__clkbuf_4)
     3    0.051501    0.123878    0.198881    6.845582 ^ wire66/X (sky130_fd_sc_hd__clkbuf_4)
                                                         net66 (net)
                      0.126524    0.014250    6.859831 ^ fanout65/A (sky130_fd_sc_hd__clkbuf_2)
     7    0.028771    0.123289    0.152643    7.012475 ^ fanout65/X (sky130_fd_sc_hd__clkbuf_2)
                                                         net65 (net)
                      0.123290    0.000357    7.012832 ^ fanout64/A (sky130_fd_sc_hd__buf_2)
    13    0.049320    0.181856    0.194877    7.207709 ^ fanout64/X (sky130_fd_sc_hd__buf_2)
                                                         net64 (net)
                      0.181951    0.003457    7.211166 ^ _543_/S (sky130_fd_sc_hd__mux2_1)
     1    0.002446    0.036581    0.189834    7.401001 v _543_/X (sky130_fd_sc_hd__mux2_1)
                                                         _029_ (net)
                      0.036581    0.000071    7.401073 v hold285/A (sky130_fd_sc_hd__dlygate4sd3_1)
     1    0.002676    0.037548    0.361274    7.762347 v hold285/X (sky130_fd_sc_hd__dlygate4sd3_1)
                                                         net456 (net)
                      0.037548    0.000084    7.762431 v hold82/A (sky130_fd_sc_hd__dlygate4sd3_1)
     1    0.002136    0.035840    0.358406    8.120836 v hold82/X (sky130_fd_sc_hd__dlygate4sd3_1)
                                                         net253 (net)
                      0.035840    0.000043    8.120879 v hold286/A (sky130_fd_sc_hd__dlygate4sd3_1)
     1    0.003022    0.039036    0.363073    8.483953 v hold286/X (sky130_fd_sc_hd__dlygate4sd3_1)
                                                         net457 (net)
                      0.039036    0.000089    8.484041 v _598_/D (sky130_fd_sc_hd__dfrtp_1)
                                              8.484041   data arrival time

                                 25.000000   25.000000   clock clk_i (rise edge)
                                  0.000000   25.000000   clock source latency
     2    0.077175    0.262105    0.196252   25.196251 ^ clk_i (in)
                                                         clk_i (net)
                      0.266425    0.000000   25.196251 ^ clkbuf_0_clk_i/A (sky130_fd_sc_hd__clkbuf_16)
     2    0.018739    0.036606    0.127372   25.323624 ^ clkbuf_0_clk_i/X (sky130_fd_sc_hd__clkbuf_16)
                                                         clknet_0_clk_i (net)
                      0.036606    0.000405   25.324028 ^ clkbuf_1_0__f_clk_i/A (sky130_fd_sc_hd__clkbuf_16)
     3    0.008468    0.023514    0.078213   25.402241 ^ clkbuf_1_0__f_clk_i/X (sky130_fd_sc_hd__clkbuf_16)
                                                         clknet_1_0__leaf_clk_i (net)
                      0.023514    0.000192   25.402433 ^ _498_/A (sky130_fd_sc_hd__and2_2)
     3    0.052614    0.202390    0.198499   25.600931 ^ _498_/X (sky130_fd_sc_hd__and2_2)
                                                         u_ibex.clk (net)
                      0.203536    0.012307   25.613239 ^ clkbuf_0_u_ibex.clk/A (sky130_fd_sc_hd__clkbuf_16)
     9    0.081193    0.077163    0.153010   25.766249 ^ clkbuf_0_u_ibex.clk/X (sky130_fd_sc_hd__clkbuf_16)
                                                         clknet_0_u_ibex.clk (net)
                      0.077773    0.005377   25.771626 ^ clkbuf_2_1__f_u_ibex.clk/A (sky130_fd_sc_hd__clkbuf_16)
    33    0.094839    0.086324    0.133729   25.905355 ^ clkbuf_2_1__f_u_ibex.clk/X (sky130_fd_sc_hd__clkbuf_16)
                                                         clknet_2_1__leaf_u_ibex.clk (net)
                      0.088319    0.010314   25.915668 ^ _598_/CLK (sky130_fd_sc_hd__dfrtp_1)
                                 -0.250000   25.665668   clock uncertainty
                                  0.000000   25.665668   clock reconvergence pessimism
                                 -0.069532   25.596138   library setup time
                                             25.596138   data required time
---------------------------------------------------------------------------------------------
                                             25.596138   data required time
                                             -8.484041   data arrival time
---------------------------------------------------------------------------------------------
                                             17.112097   slack (MET)


Startpoint: tl_i[64] (input port clocked by clk_i)
Endpoint: _599_ (rising edge-triggered flip-flop clocked by clk_i)
Path Group: clk_i
Path Type: max

Fanout         Cap        Slew       Delay        Time   Description
---------------------------------------------------------------------------------------------
                                  0.000000    0.000000   clock clk_i (rise edge)
                                  0.000000    0.000000   clock network delay (propagated)
                                  5.000000    5.000000 v input external delay
     2    0.004621    0.007566    0.003863    5.003863 v tl_i[64] (in)
                                                         tl_i[64] (net)
                      0.007566    0.000000    5.003863 v input14/A (sky130_fd_sc_hd__clkbuf_4)
     3    0.042947    0.067327    0.122659    5.126522 v input14/X (sky130_fd_sc_hd__clkbuf_4)
                                                         net14 (net)
                      0.067351    0.001182    5.127704 v _423_/A (sky130_fd_sc_hd__xor2_4)
     3    0.070078    0.133979    0.175680    5.303384 v _423_/X (sky130_fd_sc_hd__xor2_4)
                                                         _176_ (net)
                      0.136960    0.015613    5.318997 v wire85/A (sky130_fd_sc_hd__buf_8)
     3    0.112650    0.059714    0.149318    5.468315 v wire85/X (sky130_fd_sc_hd__buf_8)
                                                         net85 (net)
                      0.097095    0.037575    5.505890 v _426_/B (sky130_fd_sc_hd__or4_4)
     3    0.068300    0.124657    0.414146    5.920036 v _426_/X (sky130_fd_sc_hd__or4_4)
                                                         _179_ (net)
                      0.129742    0.021019    5.941055 v _429_/C (sky130_fd_sc_hd__or4_1)
     1    0.002450    0.051190    0.283621    6.224676 v _429_/X (sky130_fd_sc_hd__or4_1)
                                                         _182_ (net)
                      0.051190    0.000069    6.224745 v _430_/A2 (sky130_fd_sc_hd__a21o_1)
     3    0.012171    0.050298    0.146704    6.371449 v _430_/X (sky130_fd_sc_hd__a21o_1)
                                                         _183_ (net)
                      0.050304    0.000570    6.372019 v _524_/A1 (sky130_fd_sc_hd__o31ai_1)
     1    0.010835    0.281533    0.274059    6.646078 ^ _524_/Y (sky130_fd_sc_hd__o31ai_1)
                                                         _250_ (net)
                      0.281536    0.000622    6.646700 ^ wire66/A (sky130_fd_sc_hd__clkbuf_4)
     3    0.051501    0.123878    0.198881    6.845582 ^ wire66/X (sky130_fd_sc_hd__clkbuf_4)
                                                         net66 (net)
                      0.126524    0.014250    6.859831 ^ fanout65/A (sky130_fd_sc_hd__clkbuf_2)
     7    0.028771    0.123289    0.152643    7.012475 ^ fanout65/X (sky130_fd_sc_hd__clkbuf_2)
                                                         net65 (net)
                      0.123290    0.000357    7.012832 ^ fanout64/A (sky130_fd_sc_hd__buf_2)
    13    0.049320    0.181856    0.194877    7.207709 ^ fanout64/X (sky130_fd_sc_hd__buf_2)
                                                         net64 (net)
                      0.181993    0.004128    7.211837 ^ _544_/S (sky130_fd_sc_hd__mux2_1)
     1    0.001946    0.034718    0.186776    7.398613 v _544_/X (sky130_fd_sc_hd__mux2_1)
                                                         _030_ (net)
                      0.034718    0.000038    7.398651 v hold253/A (sky130_fd_sc_hd__dlygate4sd3_1)
     1    0.003038    0.039119    0.362749    7.761400 v hold253/X (sky130_fd_sc_hd__dlygate4sd3_1)
                                                         net424 (net)
                      0.039119    0.000085    7.761485 v hold66/A (sky130_fd_sc_hd__dlygate4sd3_1)
     1    0.002036    0.035481    0.358394    8.119879 v hold66/X (sky130_fd_sc_hd__dlygate4sd3_1)
                                                         net237 (net)
                      0.035481    0.000058    8.119937 v hold254/A (sky130_fd_sc_hd__dlygate4sd3_1)
     1    0.002990    0.038897    0.362741    8.482677 v hold254/X (sky130_fd_sc_hd__dlygate4sd3_1)
                                                         net425 (net)
                      0.038897    0.000091    8.482769 v _599_/D (sky130_fd_sc_hd__dfrtp_1)
                                              8.482769   data arrival time

                                 25.000000   25.000000   clock clk_i (rise edge)
                                  0.000000   25.000000   clock source latency
     2    0.077175    0.262105    0.196252   25.196251 ^ clk_i (in)
                                                         clk_i (net)
                      0.266425    0.000000   25.196251 ^ clkbuf_0_clk_i/A (sky130_fd_sc_hd__clkbuf_16)
     2    0.018739    0.036606    0.127372   25.323624 ^ clkbuf_0_clk_i/X (sky130_fd_sc_hd__clkbuf_16)
                                                         clknet_0_clk_i (net)
                      0.036606    0.000405   25.324028 ^ clkbuf_1_0__f_clk_i/A (sky130_fd_sc_hd__clkbuf_16)
     3    0.008468    0.023514    0.078213   25.402241 ^ clkbuf_1_0__f_clk_i/X (sky130_fd_sc_hd__clkbuf_16)
                                                         clknet_1_0__leaf_clk_i (net)
                      0.023514    0.000192   25.402433 ^ _498_/A (sky130_fd_sc_hd__and2_2)
     3    0.052614    0.202390    0.198499   25.600931 ^ _498_/X (sky130_fd_sc_hd__and2_2)
                                                         u_ibex.clk (net)
                      0.203536    0.012307   25.613239 ^ clkbuf_0_u_ibex.clk/A (sky130_fd_sc_hd__clkbuf_16)
     9    0.081193    0.077163    0.153010   25.766249 ^ clkbuf_0_u_ibex.clk/X (sky130_fd_sc_hd__clkbuf_16)
                                                         clknet_0_u_ibex.clk (net)
                      0.077773    0.005377   25.771626 ^ clkbuf_2_1__f_u_ibex.clk/A (sky130_fd_sc_hd__clkbuf_16)
    33    0.094839    0.086324    0.133729   25.905355 ^ clkbuf_2_1__f_u_ibex.clk/X (sky130_fd_sc_hd__clkbuf_16)
                                                         clknet_2_1__leaf_u_ibex.clk (net)
                      0.088596    0.010990   25.916346 ^ _599_/CLK (sky130_fd_sc_hd__dfrtp_1)
                                 -0.250000   25.666346   clock uncertainty
                                  0.000000   25.666346   clock reconvergence pessimism
                                 -0.069455   25.596891   library setup time
                                             25.596891   data required time
---------------------------------------------------------------------------------------------
                                             25.596891   data required time
                                             -8.482769   data arrival time
---------------------------------------------------------------------------------------------
                                             17.114122   slack (MET)


Startpoint: _574_ (rising edge-triggered flip-flop clocked by clk_i)
Endpoint: _559_ (rising edge-triggered flip-flop clocked by clk_i)
Path Group: clk_i
Path Type: max

Fanout         Cap        Slew       Delay        Time   Description
---------------------------------------------------------------------------------------------
                                  0.000000    0.000000   clock clk_i (rise edge)
                                  0.000000    0.000000   clock source latency
     2    0.077175    0.262105    0.196252    0.196252 ^ clk_i (in)
                                                         clk_i (net)
                      0.266425    0.000000    0.196252 ^ clkbuf_0_clk_i/A (sky130_fd_sc_hd__clkbuf_16)
     2    0.018739    0.036606    0.127371    0.323623 ^ clkbuf_0_clk_i/X (sky130_fd_sc_hd__clkbuf_16)
                                                         clknet_0_clk_i (net)
                      0.036606    0.000406    0.324030 ^ clkbuf_1_0__f_clk_i/A (sky130_fd_sc_hd__clkbuf_16)
     3    0.008468    0.023514    0.078213    0.402242 ^ clkbuf_1_0__f_clk_i/X (sky130_fd_sc_hd__clkbuf_16)
                                                         clknet_1_0__leaf_clk_i (net)
                      0.023514    0.000191    0.402433 ^ _498_/A (sky130_fd_sc_hd__and2_2)
     3    0.052614    0.202686    0.198500    0.600933 ^ _498_/X (sky130_fd_sc_hd__and2_2)
                                                         u_ibex.clk (net)
                      0.203830    0.012306    0.613239 ^ clkbuf_0_u_ibex.clk/A (sky130_fd_sc_hd__clkbuf_16)
     9    0.081193    0.077169    0.153052    0.766291 ^ clkbuf_0_u_ibex.clk/X (sky130_fd_sc_hd__clkbuf_16)
                                                         clknet_0_u_ibex.clk (net)
                      0.078291    0.007306    0.773597 ^ clkbuf_2_3__f_u_ibex.clk/A (sky130_fd_sc_hd__clkbuf_16)
    23    0.080609    0.075178    0.128255    0.901852 ^ clkbuf_2_3__f_u_ibex.clk/X (sky130_fd_sc_hd__clkbuf_16)
                                                         clknet_2_3__leaf_u_ibex.clk (net)
                      0.077016    0.009123    0.910974 ^ _574_/CLK (sky130_fd_sc_hd__dfrtp_1)
     1    0.003734    0.031211    0.237602    1.148576 v _574_/Q (sky130_fd_sc_hd__dfrtp_1)
                                                         u_ibex.u_ibex_core.id_stage_i.controller_i.ctrl_fsm_cs[3] (net)
                      0.031211    0.000129    1.148705 v hold327/A (sky130_fd_sc_hd__dlygate4sd3_1)
     1    0.002756    0.037890    0.359713    1.508419 v hold327/X (sky130_fd_sc_hd__dlygate4sd3_1)
                                                         net498 (net)
                      0.037890    0.000084    1.508503 v hold113/A (sky130_fd_sc_hd__dlygate4sd3_1)
     1    0.002727    0.037738    0.362081    1.870584 v hold113/X (sky130_fd_sc_hd__dlygate4sd3_1)
                                                         net284 (net)
                      0.037738    0.000082    1.870666 v hold328/A (sky130_fd_sc_hd__dlygate4sd3_1)
     2    0.009816    0.061619    0.394452    2.265118 v hold328/X (sky130_fd_sc_hd__dlygate4sd3_1)
                                                         net499 (net)
                      0.061619    0.000201    2.265320 v fanout83/A (sky130_fd_sc_hd__buf_1)
     1    0.005582    0.028635    0.077607    2.342927 v fanout83/X (sky130_fd_sc_hd__buf_1)
                                                         net83 (net)
                      0.028636    0.000219    2.343145 v hold114/A (sky130_fd_sc_hd__dlygate4sd3_1)
     6    0.020200    0.093225    0.423380    2.766526 v hold114/X (sky130_fd_sc_hd__dlygate4sd3_1)
                                                         net285 (net)
                      0.093226    0.000463    2.766989 v _411_/A_N (sky130_fd_sc_hd__and2b_1)
     4    0.018187    0.128492    0.211741    2.978730 ^ _411_/X (sky130_fd_sc_hd__and2b_1)
                                                         _165_ (net)
                      0.128540    0.000902    2.979631 ^ _412_/B (sky130_fd_sc_hd__nand2_1)
     1    0.003154    0.043886    0.038695    3.018327 v _412_/Y (sky130_fd_sc_hd__nand2_1)
                                                         _166_ (net)
                      0.043886    0.000098    3.018424 v hold231/A (sky130_fd_sc_hd__dlygate4sd3_1)
     1    0.002868    0.038308    0.365212    3.383636 v hold231/X (sky130_fd_sc_hd__dlygate4sd3_1)
                                                         net402 (net)
                      0.038308    0.000083    3.383719 v hold52/A (sky130_fd_sc_hd__dlygate4sd3_1)
     2    0.005887    0.048862    0.377613    3.761331 v hold52/X (sky130_fd_sc_hd__dlygate4sd3_1)
                                                         net223 (net)
                      0.048862    0.000161    3.761492 v _413_/B (sky130_fd_sc_hd__nor2_1)
     2    0.011031    0.150109    0.132475    3.893967 ^ _413_/Y (sky130_fd_sc_hd__nor2_1)
                                                         _167_ (net)
                      0.150110    0.000314    3.894281 ^ _435_/B1 (sky130_fd_sc_hd__o21ai_1)
     1    0.002283    0.037451    0.025327    3.919608 v _435_/Y (sky130_fd_sc_hd__o21ai_1)
                                                         _186_ (net)
                      0.037451    0.000048    3.919655 v hold136/A (sky130_fd_sc_hd__dlygate4sd3_1)
     1    0.004617    0.044523    0.371748    4.291404 v hold136/X (sky130_fd_sc_hd__dlygate4sd3_1)
                                                         net307 (net)
                      0.044974    0.000133    4.291537 v _436_/B (sky130_fd_sc_hd__nand2b_2)
     1    0.003121    0.032171    0.045717    4.337254 ^ _436_/Y (sky130_fd_sc_hd__nand2b_2)
                                                         _187_ (net)
                      0.032171    0.000100    4.337354 ^ hold137/A (sky130_fd_sc_hd__dlygate4sd3_1)
     5    0.024649    0.191659    0.485612    4.822966 ^ hold137/X (sky130_fd_sc_hd__dlygate4sd3_1)
                                                         net308 (net)
                      0.191660    0.000770    4.823736 ^ _437_/A (sky130_fd_sc_hd__inv_2)
     1    0.001962    0.029265    0.004211    4.827948 v _437_/Y (sky130_fd_sc_hd__inv_2)
                                                         _188_ (net)
                      0.029265    0.000039    4.827986 v hold138/A (sky130_fd_sc_hd__dlygate4sd3_1)
     5    0.016612    0.081942    0.412537    5.240523 v hold138/X (sky130_fd_sc_hd__dlygate4sd3_1)
                                                         net309 (net)
                      0.081942    0.000229    5.240752 v _438_/B1 (sky130_fd_sc_hd__o211a_1)
     1    0.003274    0.029653    0.097533    5.338284 v _438_/X (sky130_fd_sc_hd__o211a_1)
                                                         _189_ (net)
                      0.029653    0.000103    5.338387 v hold139/A (sky130_fd_sc_hd__dlygate4sd3_1)
     1    0.003329    0.040548    0.362560    5.700947 v hold139/X (sky130_fd_sc_hd__dlygate4sd3_1)
                                                         net310 (net)
                      0.040548    0.000107    5.701054 v _441_/B (sky130_fd_sc_hd__nor4_1)
     1    0.002609    0.141663    0.159847    5.860901 ^ _441_/Y (sky130_fd_sc_hd__nor4_1)
                                                         instr_gnt (net)
                      0.141663    0.000078    5.860979 ^ hold140/A (sky130_fd_sc_hd__dlygate4sd3_1)
     1    0.002529    0.035645    0.385983    6.246961 ^ hold140/X (sky130_fd_sc_hd__dlygate4sd3_1)
                                                         net311 (net)
                      0.035645    0.000050    6.247011 ^ wire56/A (sky130_fd_sc_hd__buf_1)
     1    0.003888    0.041146    0.059152    6.306163 ^ wire56/X (sky130_fd_sc_hd__buf_1)
                                                         net56 (net)
                      0.041146    0.000139    6.306302 ^ hold141/A (sky130_fd_sc_hd__dlygate4sd3_1)
     3    0.013747    0.112861    0.432085    6.738387 ^ hold141/X (sky130_fd_sc_hd__dlygate4sd3_1)
                                                         net312 (net)
                      0.112861    0.000384    6.738770 ^ _445_/A2 (sky130_fd_sc_hd__a21oi_1)
     1    0.003003    0.038074    0.048880    6.787651 v _445_/Y (sky130_fd_sc_hd__a21oi_1)
                                                         _194_ (net)
                      0.038074    0.000093    6.787744 v hold297/A (sky130_fd_sc_hd__dlygate4sd3_1)
     2    0.012821    0.070300    0.404084    7.191828 v hold297/X (sky130_fd_sc_hd__dlygate4sd3_1)
                                                         net468 (net)
                      0.070300    0.000661    7.192489 v _446_/B (sky130_fd_sc_hd__nand2_1)
     1    0.006674    0.062522    0.076896    7.269385 ^ _446_/Y (sky130_fd_sc_hd__nand2_1)
                                                         _195_ (net)
                      0.062522    0.000276    7.269661 ^ _447_/B1 (sky130_fd_sc_hd__o31a_1)
     1    0.004589    0.046726    0.071829    7.341490 ^ _447_/X (sky130_fd_sc_hd__o31a_1)
                                                         u_ibex.u_ibex_core.if_stage_i.gen_prefetch_buffer.prefetch_buffer_i.rdata_outstanding_s[0] (net)
                      0.046726    0.000175    7.341665 ^ hold306/A (sky130_fd_sc_hd__dlygate4sd3_1)
     1    0.002287    0.034326    0.370870    7.712535 ^ hold306/X (sky130_fd_sc_hd__dlygate4sd3_1)
                                                         net477 (net)
                      0.034326    0.000066    7.712601 ^ hold7/A (sky130_fd_sc_hd__dlygate4sd3_1)
     1    0.005479    0.055381    0.386888    8.099488 ^ hold7/X (sky130_fd_sc_hd__dlygate4sd3_1)
                                                         net178 (net)
                      0.055381    0.000225    8.099713 ^ hold307/A (sky130_fd_sc_hd__dlygate4sd3_1)
     1    0.004020    0.045712    0.383348    8.483062 ^ hold307/X (sky130_fd_sc_hd__dlygate4sd3_1)
                                                         net478 (net)
                      0.045712    0.000141    8.483203 ^ _559_/D (sky130_fd_sc_hd__dfrtp_1)
                                              8.483203   data arrival time

                                 25.000000   25.000000   clock clk_i (rise edge)
                                  0.000000   25.000000   clock source latency
     2    0.077175    0.262105    0.196252   25.196251 ^ clk_i (in)
                                                         clk_i (net)
                      0.266425    0.000000   25.196251 ^ clkbuf_0_clk_i/A (sky130_fd_sc_hd__clkbuf_16)
     2    0.018739    0.036606    0.127372   25.323624 ^ clkbuf_0_clk_i/X (sky130_fd_sc_hd__clkbuf_16)
                                                         clknet_0_clk_i (net)
                      0.036606    0.000405   25.324028 ^ clkbuf_1_0__f_clk_i/A (sky130_fd_sc_hd__clkbuf_16)
     3    0.008468    0.023514    0.078213   25.402241 ^ clkbuf_1_0__f_clk_i/X (sky130_fd_sc_hd__clkbuf_16)
                                                         clknet_1_0__leaf_clk_i (net)
                      0.023514    0.000192   25.402433 ^ _498_/A (sky130_fd_sc_hd__and2_2)
     3    0.052614    0.202390    0.198499   25.600931 ^ _498_/X (sky130_fd_sc_hd__and2_2)
                                                         u_ibex.clk (net)
                      0.203536    0.012307   25.613239 ^ clkbuf_0_u_ibex.clk/A (sky130_fd_sc_hd__clkbuf_16)
     9    0.081193    0.077163    0.153010   25.766249 ^ clkbuf_0_u_ibex.clk/X (sky130_fd_sc_hd__clkbuf_16)
                                                         clknet_0_u_ibex.clk (net)
                      0.078334    0.007466   25.773714 ^ clkbuf_2_2__f_u_ibex.clk/A (sky130_fd_sc_hd__clkbuf_16)
    31    0.105244    0.094104    0.135618   25.909332 ^ clkbuf_2_2__f_u_ibex.clk/X (sky130_fd_sc_hd__clkbuf_16)
                                                         clknet_2_2__leaf_u_ibex.clk (net)
                      0.101283    0.020025   25.929358 ^ _559_/CLK (sky130_fd_sc_hd__dfrtp_1)
                                 -0.250000   25.679358   clock uncertainty
                                  0.000041   25.679399   clock reconvergence pessimism
                                 -0.032725   25.646675   library setup time
                                             25.646675   data required time
---------------------------------------------------------------------------------------------
                                             25.646675   data required time
                                             -8.483203   data arrival time
---------------------------------------------------------------------------------------------
                                             17.163473   slack (MET)


Startpoint: _574_ (rising edge-triggered flip-flop clocked by clk_i)
Endpoint: _560_ (rising edge-triggered flip-flop clocked by clk_i)
Path Group: clk_i
Path Type: max

Fanout         Cap        Slew       Delay        Time   Description
---------------------------------------------------------------------------------------------
                                  0.000000    0.000000   clock clk_i (rise edge)
                                  0.000000    0.000000   clock source latency
     2    0.077175    0.262105    0.196252    0.196252 ^ clk_i (in)
                                                         clk_i (net)
                      0.266425    0.000000    0.196252 ^ clkbuf_0_clk_i/A (sky130_fd_sc_hd__clkbuf_16)
     2    0.018739    0.036606    0.127371    0.323623 ^ clkbuf_0_clk_i/X (sky130_fd_sc_hd__clkbuf_16)
                                                         clknet_0_clk_i (net)
                      0.036606    0.000406    0.324030 ^ clkbuf_1_0__f_clk_i/A (sky130_fd_sc_hd__clkbuf_16)
     3    0.008468    0.023514    0.078213    0.402242 ^ clkbuf_1_0__f_clk_i/X (sky130_fd_sc_hd__clkbuf_16)
                                                         clknet_1_0__leaf_clk_i (net)
                      0.023514    0.000191    0.402433 ^ _498_/A (sky130_fd_sc_hd__and2_2)
     3    0.052614    0.202686    0.198500    0.600933 ^ _498_/X (sky130_fd_sc_hd__and2_2)
                                                         u_ibex.clk (net)
                      0.203830    0.012306    0.613239 ^ clkbuf_0_u_ibex.clk/A (sky130_fd_sc_hd__clkbuf_16)
     9    0.081193    0.077169    0.153052    0.766291 ^ clkbuf_0_u_ibex.clk/X (sky130_fd_sc_hd__clkbuf_16)
                                                         clknet_0_u_ibex.clk (net)
                      0.078291    0.007306    0.773597 ^ clkbuf_2_3__f_u_ibex.clk/A (sky130_fd_sc_hd__clkbuf_16)
    23    0.080609    0.075178    0.128255    0.901852 ^ clkbuf_2_3__f_u_ibex.clk/X (sky130_fd_sc_hd__clkbuf_16)
                                                         clknet_2_3__leaf_u_ibex.clk (net)
                      0.077016    0.009123    0.910974 ^ _574_/CLK (sky130_fd_sc_hd__dfrtp_1)
     1    0.003734    0.031211    0.237602    1.148576 v _574_/Q (sky130_fd_sc_hd__dfrtp_1)
                                                         u_ibex.u_ibex_core.id_stage_i.controller_i.ctrl_fsm_cs[3] (net)
                      0.031211    0.000129    1.148705 v hold327/A (sky130_fd_sc_hd__dlygate4sd3_1)
     1    0.002756    0.037890    0.359713    1.508419 v hold327/X (sky130_fd_sc_hd__dlygate4sd3_1)
                                                         net498 (net)
                      0.037890    0.000084    1.508503 v hold113/A (sky130_fd_sc_hd__dlygate4sd3_1)
     1    0.002727    0.037738    0.362081    1.870584 v hold113/X (sky130_fd_sc_hd__dlygate4sd3_1)
                                                         net284 (net)
                      0.037738    0.000082    1.870666 v hold328/A (sky130_fd_sc_hd__dlygate4sd3_1)
     2    0.009816    0.061619    0.394452    2.265118 v hold328/X (sky130_fd_sc_hd__dlygate4sd3_1)
                                                         net499 (net)
                      0.061619    0.000201    2.265320 v fanout83/A (sky130_fd_sc_hd__buf_1)
     1    0.005582    0.028635    0.077607    2.342927 v fanout83/X (sky130_fd_sc_hd__buf_1)
                                                         net83 (net)
                      0.028636    0.000219    2.343145 v hold114/A (sky130_fd_sc_hd__dlygate4sd3_1)
     6    0.020200    0.093225    0.423380    2.766526 v hold114/X (sky130_fd_sc_hd__dlygate4sd3_1)
                                                         net285 (net)
                      0.093226    0.000463    2.766989 v _411_/A_N (sky130_fd_sc_hd__and2b_1)
     4    0.018187    0.128492    0.211741    2.978730 ^ _411_/X (sky130_fd_sc_hd__and2b_1)
                                                         _165_ (net)
                      0.128540    0.000902    2.979631 ^ _412_/B (sky130_fd_sc_hd__nand2_1)
     1    0.003154    0.043886    0.038695    3.018327 v _412_/Y (sky130_fd_sc_hd__nand2_1)
                                                         _166_ (net)
                      0.043886    0.000098    3.018424 v hold231/A (sky130_fd_sc_hd__dlygate4sd3_1)
     1    0.002868    0.038308    0.365212    3.383636 v hold231/X (sky130_fd_sc_hd__dlygate4sd3_1)
                                                         net402 (net)
                      0.038308    0.000083    3.383719 v hold52/A (sky130_fd_sc_hd__dlygate4sd3_1)
     2    0.005887    0.048862    0.377613    3.761331 v hold52/X (sky130_fd_sc_hd__dlygate4sd3_1)
                                                         net223 (net)
                      0.048862    0.000161    3.761492 v _413_/B (sky130_fd_sc_hd__nor2_1)
     2    0.011031    0.150109    0.132475    3.893967 ^ _413_/Y (sky130_fd_sc_hd__nor2_1)
                                                         _167_ (net)
                      0.150110    0.000314    3.894281 ^ _435_/B1 (sky130_fd_sc_hd__o21ai_1)
     1    0.002283    0.037451    0.025327    3.919608 v _435_/Y (sky130_fd_sc_hd__o21ai_1)
                                                         _186_ (net)
                      0.037451    0.000048    3.919655 v hold136/A (sky130_fd_sc_hd__dlygate4sd3_1)
     1    0.004617    0.044523    0.371748    4.291404 v hold136/X (sky130_fd_sc_hd__dlygate4sd3_1)
                                                         net307 (net)
                      0.044974    0.000133    4.291537 v _436_/B (sky130_fd_sc_hd__nand2b_2)
     1    0.003121    0.032171    0.045717    4.337254 ^ _436_/Y (sky130_fd_sc_hd__nand2b_2)
                                                         _187_ (net)
                      0.032171    0.000100    4.337354 ^ hold137/A (sky130_fd_sc_hd__dlygate4sd3_1)
     5    0.024649    0.191659    0.485612    4.822966 ^ hold137/X (sky130_fd_sc_hd__dlygate4sd3_1)
                                                         net308 (net)
                      0.191660    0.000770    4.823736 ^ _437_/A (sky130_fd_sc_hd__inv_2)
     1    0.001962    0.029265    0.004211    4.827948 v _437_/Y (sky130_fd_sc_hd__inv_2)
                                                         _188_ (net)
                      0.029265    0.000039    4.827986 v hold138/A (sky130_fd_sc_hd__dlygate4sd3_1)
     5    0.016612    0.081942    0.412537    5.240523 v hold138/X (sky130_fd_sc_hd__dlygate4sd3_1)
                                                         net309 (net)
                      0.081942    0.000229    5.240752 v _438_/B1 (sky130_fd_sc_hd__o211a_1)
     1    0.003274    0.029653    0.097533    5.338284 v _438_/X (sky130_fd_sc_hd__o211a_1)
                                                         _189_ (net)
                      0.029653    0.000103    5.338387 v hold139/A (sky130_fd_sc_hd__dlygate4sd3_1)
     1    0.003329    0.040548    0.362560    5.700947 v hold139/X (sky130_fd_sc_hd__dlygate4sd3_1)
                                                         net310 (net)
                      0.040548    0.000107    5.701054 v _441_/B (sky130_fd_sc_hd__nor4_1)
     1    0.002609    0.141663    0.159847    5.860901 ^ _441_/Y (sky130_fd_sc_hd__nor4_1)
                                                         instr_gnt (net)
                      0.141663    0.000078    5.860979 ^ hold140/A (sky130_fd_sc_hd__dlygate4sd3_1)
     1    0.002529    0.035645    0.385983    6.246961 ^ hold140/X (sky130_fd_sc_hd__dlygate4sd3_1)
                                                         net311 (net)
                      0.035645    0.000050    6.247011 ^ wire56/A (sky130_fd_sc_hd__buf_1)
     1    0.003888    0.041146    0.059152    6.306163 ^ wire56/X (sky130_fd_sc_hd__buf_1)
                                                         net56 (net)
                      0.041146    0.000139    6.306302 ^ hold141/A (sky130_fd_sc_hd__dlygate4sd3_1)
     3    0.013747    0.112861    0.432085    6.738387 ^ hold141/X (sky130_fd_sc_hd__dlygate4sd3_1)
                                                         net312 (net)
                      0.112861    0.000384    6.738770 ^ _445_/A2 (sky130_fd_sc_hd__a21oi_1)
     1    0.003003    0.038074    0.048880    6.787651 v _445_/Y (sky130_fd_sc_hd__a21oi_1)
                                                         _194_ (net)
                      0.038074    0.000093    6.787744 v hold297/A (sky130_fd_sc_hd__dlygate4sd3_1)
     2    0.012821    0.070300    0.404084    7.191828 v hold297/X (sky130_fd_sc_hd__dlygate4sd3_1)
                                                         net468 (net)
                      0.070300    0.000512    7.192340 v _448_/B (sky130_fd_sc_hd__nor2_1)
     1    0.003462    0.065498    0.075292    7.267632 ^ _448_/Y (sky130_fd_sc_hd__nor2_1)
                                                         u_ibex.u_ibex_core.if_stage_i.gen_prefetch_buffer.prefetch_buffer_i.rdata_outstanding_s[1] (net)
                      0.065498    0.000118    7.267750 ^ hold298/A (sky130_fd_sc_hd__dlygate4sd3_1)
     1    0.002996    0.038570    0.378726    7.646477 ^ hold298/X (sky130_fd_sc_hd__dlygate4sd3_1)
                                                         net469 (net)
                      0.038570    0.000083    7.646560 ^ hold2/A (sky130_fd_sc_hd__dlygate4sd3_1)
     1    0.005627    0.056371    0.388612    8.035172 ^ hold2/X (sky130_fd_sc_hd__dlygate4sd3_1)
                                                         net173 (net)
                      0.056371    0.000213    8.035385 ^ hold299/A (sky130_fd_sc_hd__dlygate4sd3_1)
     1    0.003807    0.044342    0.382350    8.417735 ^ hold299/X (sky130_fd_sc_hd__dlygate4sd3_1)
                                                         net470 (net)
                      0.044342    0.000126    8.417861 ^ _560_/D (sky130_fd_sc_hd__dfrtp_1)
                                              8.417861   data arrival time

                                 25.000000   25.000000   clock clk_i (rise edge)
                                  0.000000   25.000000   clock source latency
     2    0.077175    0.262105    0.196252   25.196251 ^ clk_i (in)
                                                         clk_i (net)
                      0.266425    0.000000   25.196251 ^ clkbuf_0_clk_i/A (sky130_fd_sc_hd__clkbuf_16)
     2    0.018739    0.036606    0.127372   25.323624 ^ clkbuf_0_clk_i/X (sky130_fd_sc_hd__clkbuf_16)
                                                         clknet_0_clk_i (net)
                      0.036606    0.000405   25.324028 ^ clkbuf_1_0__f_clk_i/A (sky130_fd_sc_hd__clkbuf_16)
     3    0.008468    0.023514    0.078213   25.402241 ^ clkbuf_1_0__f_clk_i/X (sky130_fd_sc_hd__clkbuf_16)
                                                         clknet_1_0__leaf_clk_i (net)
                      0.023514    0.000192   25.402433 ^ _498_/A (sky130_fd_sc_hd__and2_2)
     3    0.052614    0.202390    0.198499   25.600931 ^ _498_/X (sky130_fd_sc_hd__and2_2)
                                                         u_ibex.clk (net)
                      0.203536    0.012307   25.613239 ^ clkbuf_0_u_ibex.clk/A (sky130_fd_sc_hd__clkbuf_16)
     9    0.081193    0.077163    0.153010   25.766249 ^ clkbuf_0_u_ibex.clk/X (sky130_fd_sc_hd__clkbuf_16)
                                                         clknet_0_u_ibex.clk (net)
                      0.078334    0.007466   25.773714 ^ clkbuf_2_2__f_u_ibex.clk/A (sky130_fd_sc_hd__clkbuf_16)
    31    0.105244    0.094104    0.135618   25.909332 ^ clkbuf_2_2__f_u_ibex.clk/X (sky130_fd_sc_hd__clkbuf_16)
                                                         clknet_2_2__leaf_u_ibex.clk (net)
                      0.101213    0.019927   25.929260 ^ _560_/CLK (sky130_fd_sc_hd__dfrtp_1)
                                 -0.250000   25.679260   clock uncertainty
                                  0.000041   25.679300   clock reconvergence pessimism
                                 -0.032601   25.646700   library setup time
                                             25.646700   data required time
---------------------------------------------------------------------------------------------
                                             25.646700   data required time
                                             -8.417861   data arrival time
---------------------------------------------------------------------------------------------
                                             17.228840   slack (MET)


Startpoint: tl_i[64] (input port clocked by clk_i)
Endpoint: _597_ (rising edge-triggered flip-flop clocked by clk_i)
Path Group: clk_i
Path Type: max

Fanout         Cap        Slew       Delay        Time   Description
---------------------------------------------------------------------------------------------
                                  0.000000    0.000000   clock clk_i (rise edge)
                                  0.000000    0.000000   clock network delay (propagated)
                                  5.000000    5.000000 v input external delay
     2    0.004621    0.007566    0.003863    5.003863 v tl_i[64] (in)
                                                         tl_i[64] (net)
                      0.007566    0.000000    5.003863 v input14/A (sky130_fd_sc_hd__clkbuf_4)
     3    0.042947    0.067327    0.122659    5.126522 v input14/X (sky130_fd_sc_hd__clkbuf_4)
                                                         net14 (net)
                      0.067351    0.001182    5.127704 v _423_/A (sky130_fd_sc_hd__xor2_4)
     3    0.070078    0.133979    0.175680    5.303384 v _423_/X (sky130_fd_sc_hd__xor2_4)
                                                         _176_ (net)
                      0.136960    0.015613    5.318997 v wire85/A (sky130_fd_sc_hd__buf_8)
     3    0.112650    0.059714    0.149318    5.468315 v wire85/X (sky130_fd_sc_hd__buf_8)
                                                         net85 (net)
                      0.097095    0.037575    5.505890 v _426_/B (sky130_fd_sc_hd__or4_4)
     3    0.068300    0.124657    0.414146    5.920036 v _426_/X (sky130_fd_sc_hd__or4_4)
                                                         _179_ (net)
                      0.129742    0.021019    5.941055 v _429_/C (sky130_fd_sc_hd__or4_1)
     1    0.002450    0.051190    0.283621    6.224676 v _429_/X (sky130_fd_sc_hd__or4_1)
                                                         _182_ (net)
                      0.051190    0.000069    6.224745 v _430_/A2 (sky130_fd_sc_hd__a21o_1)
     3    0.012171    0.050298    0.146704    6.371449 v _430_/X (sky130_fd_sc_hd__a21o_1)
                                                         _183_ (net)
                      0.050304    0.000570    6.372019 v _524_/A1 (sky130_fd_sc_hd__o31ai_1)
     1    0.010835    0.281533    0.274059    6.646078 ^ _524_/Y (sky130_fd_sc_hd__o31ai_1)
                                                         _250_ (net)
                      0.281536    0.000622    6.646700 ^ wire66/A (sky130_fd_sc_hd__clkbuf_4)
     3    0.051501    0.123878    0.198881    6.845582 ^ wire66/X (sky130_fd_sc_hd__clkbuf_4)
                                                         net66 (net)
                      0.126524    0.014250    6.859831 ^ fanout65/A (sky130_fd_sc_hd__clkbuf_2)
     7    0.028771    0.123289    0.152643    7.012475 ^ fanout65/X (sky130_fd_sc_hd__clkbuf_2)
                                                         net65 (net)
                      0.123312    0.001384    7.013859 ^ _542_/S (sky130_fd_sc_hd__mux2_1)
     1    0.002284    0.036045    0.188156    7.202015 v _542_/X (sky130_fd_sc_hd__mux2_1)
                                                         _028_ (net)
                      0.036045    0.000048    7.202062 v hold293/A (sky130_fd_sc_hd__dlygate4sd3_1)
     1    0.002416    0.036801    0.359512    7.561574 v hold293/X (sky130_fd_sc_hd__dlygate4sd3_1)
                                                         net464 (net)
                      0.036801    0.000071    7.561646 v hold86/A (sky130_fd_sc_hd__dlygate4sd3_1)
     1    0.002184    0.036013    0.358408    7.920054 v hold86/X (sky130_fd_sc_hd__dlygate4sd3_1)
                                                         net257 (net)
                      0.036013    0.000044    7.920099 v hold294/A (sky130_fd_sc_hd__dlygate4sd3_1)
     1    0.003379    0.040721    0.365285    8.285383 v hold294/X (sky130_fd_sc_hd__dlygate4sd3_1)
                                                         net465 (net)
                      0.040721    0.000104    8.285487 v _597_/D (sky130_fd_sc_hd__dfrtp_1)
                                              8.285487   data arrival time

                                 25.000000   25.000000   clock clk_i (rise edge)
                                  0.000000   25.000000   clock source latency
     2    0.077175    0.262105    0.196252   25.196251 ^ clk_i (in)
                                                         clk_i (net)
                      0.266425    0.000000   25.196251 ^ clkbuf_0_clk_i/A (sky130_fd_sc_hd__clkbuf_16)
     2    0.018739    0.036606    0.127372   25.323624 ^ clkbuf_0_clk_i/X (sky130_fd_sc_hd__clkbuf_16)
                                                         clknet_0_clk_i (net)
                      0.036606    0.000405   25.324028 ^ clkbuf_1_0__f_clk_i/A (sky130_fd_sc_hd__clkbuf_16)
     3    0.008468    0.023514    0.078213   25.402241 ^ clkbuf_1_0__f_clk_i/X (sky130_fd_sc_hd__clkbuf_16)
                                                         clknet_1_0__leaf_clk_i (net)
                      0.023514    0.000192   25.402433 ^ _498_/A (sky130_fd_sc_hd__and2_2)
     3    0.052614    0.202390    0.198499   25.600931 ^ _498_/X (sky130_fd_sc_hd__and2_2)
                                                         u_ibex.clk (net)
                      0.203536    0.012307   25.613239 ^ clkbuf_0_u_ibex.clk/A (sky130_fd_sc_hd__clkbuf_16)
     9    0.081193    0.077163    0.153010   25.766249 ^ clkbuf_0_u_ibex.clk/X (sky130_fd_sc_hd__clkbuf_16)
                                                         clknet_0_u_ibex.clk (net)
                      0.077773    0.005377   25.771626 ^ clkbuf_2_1__f_u_ibex.clk/A (sky130_fd_sc_hd__clkbuf_16)
    33    0.094839    0.086324    0.133729   25.905355 ^ clkbuf_2_1__f_u_ibex.clk/X (sky130_fd_sc_hd__clkbuf_16)
                                                         clknet_2_1__leaf_u_ibex.clk (net)
                      0.088371    0.010443   25.915798 ^ _597_/CLK (sky130_fd_sc_hd__dfrtp_1)
                                 -0.250000   25.665798   clock uncertainty
                                  0.000000   25.665798   clock reconvergence pessimism
                                 -0.070127   25.595673   library setup time
                                             25.595673   data required time
---------------------------------------------------------------------------------------------
                                             25.595673   data required time
                                             -8.285487   data arrival time
---------------------------------------------------------------------------------------------
                                             17.310186   slack (MET)


Startpoint: tl_i[64] (input port clocked by clk_i)
Endpoint: _580_ (rising edge-triggered flip-flop clocked by clk_i)
Path Group: clk_i
Path Type: max

Fanout         Cap        Slew       Delay        Time   Description
---------------------------------------------------------------------------------------------
                                  0.000000    0.000000   clock clk_i (rise edge)
                                  0.000000    0.000000   clock network delay (propagated)
                                  5.000000    5.000000 v input external delay
     2    0.004621    0.007566    0.003863    5.003863 v tl_i[64] (in)
                                                         tl_i[64] (net)
                      0.007566    0.000000    5.003863 v input14/A (sky130_fd_sc_hd__clkbuf_4)
     3    0.042947    0.067327    0.122659    5.126522 v input14/X (sky130_fd_sc_hd__clkbuf_4)
                                                         net14 (net)
                      0.067351    0.001182    5.127704 v _423_/A (sky130_fd_sc_hd__xor2_4)
     3    0.070078    0.133979    0.175680    5.303384 v _423_/X (sky130_fd_sc_hd__xor2_4)
                                                         _176_ (net)
                      0.136960    0.015613    5.318997 v wire85/A (sky130_fd_sc_hd__buf_8)
     3    0.112650    0.059714    0.149318    5.468315 v wire85/X (sky130_fd_sc_hd__buf_8)
                                                         net85 (net)
                      0.097095    0.037575    5.505890 v _426_/B (sky130_fd_sc_hd__or4_4)
     3    0.068300    0.124657    0.414146    5.920036 v _426_/X (sky130_fd_sc_hd__or4_4)
                                                         _179_ (net)
                      0.129742    0.021019    5.941055 v _429_/C (sky130_fd_sc_hd__or4_1)
     1    0.002450    0.051190    0.283621    6.224676 v _429_/X (sky130_fd_sc_hd__or4_1)
                                                         _182_ (net)
                      0.051190    0.000069    6.224745 v _430_/A2 (sky130_fd_sc_hd__a21o_1)
     3    0.012171    0.050298    0.146704    6.371449 v _430_/X (sky130_fd_sc_hd__a21o_1)
                                                         _183_ (net)
                      0.050304    0.000570    6.372019 v _524_/A1 (sky130_fd_sc_hd__o31ai_1)
     1    0.010835    0.281533    0.274059    6.646078 ^ _524_/Y (sky130_fd_sc_hd__o31ai_1)
                                                         _250_ (net)
                      0.281536    0.000622    6.646700 ^ wire66/A (sky130_fd_sc_hd__clkbuf_4)
     3    0.051501    0.123878    0.198881    6.845582 ^ wire66/X (sky130_fd_sc_hd__clkbuf_4)
                                                         net66 (net)
                      0.126524    0.014250    6.859831 ^ fanout65/A (sky130_fd_sc_hd__clkbuf_2)
     7    0.028771    0.123289    0.152643    7.012475 ^ fanout65/X (sky130_fd_sc_hd__clkbuf_2)
                                                         net65 (net)
                      0.123305    0.001160    7.013635 ^ fanout61/A (sky130_fd_sc_hd__dlymetal6s2s_1)
     4    0.024687    0.197909    0.190179    7.203814 ^ fanout61/X (sky130_fd_sc_hd__dlymetal6s2s_1)
                                                         net61 (net)
                      0.197910    0.000298    7.204112 ^ fanout59/A (sky130_fd_sc_hd__buf_2)
     6    0.035873    0.133815    0.170641    7.374753 ^ fanout59/X (sky130_fd_sc_hd__buf_2)
                                                         net59 (net)
                      0.133882    0.002462    7.377215 ^ _525_/S (sky130_fd_sc_hd__mux2_1)
     1    0.002407    0.036509    0.189027    7.566243 v _525_/X (sky130_fd_sc_hd__mux2_1)
                                                         _011_ (net)
                      0.036509    0.000071    7.566314 v hold337/A (sky130_fd_sc_hd__dlygate4sd3_1)
     1    0.002015    0.035393    0.357278    7.923592 v hold337/X (sky130_fd_sc_hd__dlygate4sd3_1)
                                                         net508 (net)
                      0.035393    0.000057    7.923649 v hold112/A (sky130_fd_sc_hd__dlygate4sd3_1)
     1    0.002680    0.037565    0.360851    8.284499 v hold112/X (sky130_fd_sc_hd__dlygate4sd3_1)
                                                         net283 (net)
                      0.037565    0.000075    8.284575 v _580_/D (sky130_fd_sc_hd__dfrtp_1)
                                              8.284575   data arrival time

                                 25.000000   25.000000   clock clk_i (rise edge)
                                  0.000000   25.000000   clock source latency
     2    0.077175    0.262105    0.196252   25.196251 ^ clk_i (in)
                                                         clk_i (net)
                      0.266425    0.000000   25.196251 ^ clkbuf_0_clk_i/A (sky130_fd_sc_hd__clkbuf_16)
     2    0.018739    0.036606    0.127372   25.323624 ^ clkbuf_0_clk_i/X (sky130_fd_sc_hd__clkbuf_16)
                                                         clknet_0_clk_i (net)
                      0.036606    0.000405   25.324028 ^ clkbuf_1_0__f_clk_i/A (sky130_fd_sc_hd__clkbuf_16)
     3    0.008468    0.023514    0.078213   25.402241 ^ clkbuf_1_0__f_clk_i/X (sky130_fd_sc_hd__clkbuf_16)
                                                         clknet_1_0__leaf_clk_i (net)
                      0.023514    0.000192   25.402433 ^ _498_/A (sky130_fd_sc_hd__and2_2)
     3    0.052614    0.202390    0.198499   25.600931 ^ _498_/X (sky130_fd_sc_hd__and2_2)
                                                         u_ibex.clk (net)
                      0.203536    0.012307   25.613239 ^ clkbuf_0_u_ibex.clk/A (sky130_fd_sc_hd__clkbuf_16)
     9    0.081193    0.077163    0.153010   25.766249 ^ clkbuf_0_u_ibex.clk/X (sky130_fd_sc_hd__clkbuf_16)
                                                         clknet_0_u_ibex.clk (net)
                      0.077775    0.005388   25.771637 ^ clkbuf_2_0__f_u_ibex.clk/A (sky130_fd_sc_hd__clkbuf_16)
    31    0.095262    0.086372    0.132406   25.904043 ^ clkbuf_2_0__f_u_ibex.clk/X (sky130_fd_sc_hd__clkbuf_16)
                                                         clknet_2_0__leaf_u_ibex.clk (net)
                      0.092219    0.017408   25.921450 ^ _580_/CLK (sky130_fd_sc_hd__dfrtp_1)
                                 -0.250000   25.671452   clock uncertainty
                                  0.000000   25.671452   clock reconvergence pessimism
                                 -0.068632   25.602819   library setup time
                                             25.602819   data required time
---------------------------------------------------------------------------------------------
                                             25.602819   data required time
                                             -8.284575   data arrival time
---------------------------------------------------------------------------------------------
                                             17.318247   slack (MET)


Startpoint: tl_i[64] (input port clocked by clk_i)
Endpoint: _571_ (rising edge-triggered flip-flop clocked by clk_i)
Path Group: clk_i
Path Type: max

Fanout         Cap        Slew       Delay        Time   Description
---------------------------------------------------------------------------------------------
                                  0.000000    0.000000   clock clk_i (rise edge)
                                  0.000000    0.000000   clock network delay (propagated)
                                  5.000000    5.000000 v input external delay
     2    0.004621    0.007566    0.003863    5.003863 v tl_i[64] (in)
                                                         tl_i[64] (net)
                      0.007566    0.000000    5.003863 v input14/A (sky130_fd_sc_hd__clkbuf_4)
     3    0.042947    0.067327    0.122659    5.126522 v input14/X (sky130_fd_sc_hd__clkbuf_4)
                                                         net14 (net)
                      0.067351    0.001182    5.127704 v _423_/A (sky130_fd_sc_hd__xor2_4)
     3    0.070078    0.133979    0.175680    5.303384 v _423_/X (sky130_fd_sc_hd__xor2_4)
                                                         _176_ (net)
                      0.136960    0.015613    5.318997 v wire85/A (sky130_fd_sc_hd__buf_8)
     3    0.112650    0.059714    0.149318    5.468315 v wire85/X (sky130_fd_sc_hd__buf_8)
                                                         net85 (net)
                      0.097095    0.037575    5.505890 v _426_/B (sky130_fd_sc_hd__or4_4)
     3    0.068300    0.124657    0.414146    5.920036 v _426_/X (sky130_fd_sc_hd__or4_4)
                                                         _179_ (net)
                      0.129742    0.021019    5.941055 v _429_/C (sky130_fd_sc_hd__or4_1)
     1    0.002450    0.051190    0.283621    6.224676 v _429_/X (sky130_fd_sc_hd__or4_1)
                                                         _182_ (net)
                      0.051190    0.000069    6.224745 v _430_/A2 (sky130_fd_sc_hd__a21o_1)
     3    0.012171    0.050298    0.146704    6.371449 v _430_/X (sky130_fd_sc_hd__a21o_1)
                                                         _183_ (net)
                      0.050303    0.000562    6.372011 v _432_/A2 (sky130_fd_sc_hd__o211a_1)
     1    0.002646    0.027516    0.130537    6.502548 v _432_/X (sky130_fd_sc_hd__o211a_1)
                                                         u_ibex.u_ibex_core.id_stage_i.controller_i.exc_req_lsu (net)
                      0.027517    0.000079    6.502626 v hold316/A (sky130_fd_sc_hd__dlygate4sd3_1)
     1    0.002336    0.036561    0.355783    6.858409 v hold316/X (sky130_fd_sc_hd__dlygate4sd3_1)
                                                         net487 (net)
                      0.036561    0.000068    6.858477 v hold102/A (sky130_fd_sc_hd__dlygate4sd3_1)
     2    0.009626    0.061187    0.393108    7.251585 v hold102/X (sky130_fd_sc_hd__dlygate4sd3_1)
                                                         net273 (net)
                      0.061187    0.000465    7.252050 v _485_/A2 (sky130_fd_sc_hd__o21ai_2)
     4    0.018248    0.169992    0.159796    7.411846 ^ _485_/Y (sky130_fd_sc_hd__o21ai_2)
                                                         _227_ (net)
                      0.169994    0.000465    7.412311 ^ _503_/A2 (sky130_fd_sc_hd__a2111o_1)
     1    0.002015    0.027040    0.094150    7.506461 ^ _503_/X (sky130_fd_sc_hd__a2111o_1)
                                                         _002_ (net)
                      0.027040    0.000038    7.506499 ^ hold330/A (sky130_fd_sc_hd__dlygate4sd3_1)
     1    0.002889    0.037889    0.370492    7.876991 ^ hold330/X (sky130_fd_sc_hd__dlygate4sd3_1)
                                                         net501 (net)
                      0.037889    0.000090    7.877080 ^ hold116/A (sky130_fd_sc_hd__dlygate4sd3_1)
     1    0.003217    0.040006    0.374915    8.251996 ^ hold116/X (sky130_fd_sc_hd__dlygate4sd3_1)
                                                         net287 (net)
                      0.040006    0.000094    8.252090 ^ _571_/D (sky130_fd_sc_hd__dfrtp_1)
                                              8.252090   data arrival time

                                 25.000000   25.000000   clock clk_i (rise edge)
                                  0.000000   25.000000   clock source latency
     2    0.077175    0.262105    0.196252   25.196251 ^ clk_i (in)
                                                         clk_i (net)
                      0.266425    0.000000   25.196251 ^ clkbuf_0_clk_i/A (sky130_fd_sc_hd__clkbuf_16)
     2    0.018739    0.036606    0.127372   25.323624 ^ clkbuf_0_clk_i/X (sky130_fd_sc_hd__clkbuf_16)
                                                         clknet_0_clk_i (net)
                      0.036606    0.000405   25.324028 ^ clkbuf_1_0__f_clk_i/A (sky130_fd_sc_hd__clkbuf_16)
     3    0.008468    0.023514    0.078213   25.402241 ^ clkbuf_1_0__f_clk_i/X (sky130_fd_sc_hd__clkbuf_16)
                                                         clknet_1_0__leaf_clk_i (net)
                      0.023514    0.000192   25.402433 ^ _498_/A (sky130_fd_sc_hd__and2_2)
     3    0.052614    0.202390    0.198499   25.600931 ^ _498_/X (sky130_fd_sc_hd__and2_2)
                                                         u_ibex.clk (net)
                      0.203536    0.012307   25.613239 ^ clkbuf_0_u_ibex.clk/A (sky130_fd_sc_hd__clkbuf_16)
     9    0.081193    0.077163    0.153010   25.766249 ^ clkbuf_0_u_ibex.clk/X (sky130_fd_sc_hd__clkbuf_16)
                                                         clknet_0_u_ibex.clk (net)
                      0.078334    0.007466   25.773714 ^ clkbuf_2_2__f_u_ibex.clk/A (sky130_fd_sc_hd__clkbuf_16)
    31    0.105244    0.094104    0.135618   25.909332 ^ clkbuf_2_2__f_u_ibex.clk/X (sky130_fd_sc_hd__clkbuf_16)
                                                         clknet_2_2__leaf_u_ibex.clk (net)
                      0.100610    0.019057   25.928389 ^ _571_/CLK (sky130_fd_sc_hd__dfrtp_1)
                                 -0.250000   25.678391   clock uncertainty
                                  0.000000   25.678391   clock reconvergence pessimism
                                 -0.032225   25.646166   library setup time
                                             25.646166   data required time
---------------------------------------------------------------------------------------------
                                             25.646166   data required time
                                             -8.252090   data arrival time
---------------------------------------------------------------------------------------------
                                             17.394075   slack (MET)


Startpoint: tl_i[64] (input port clocked by clk_i)
Endpoint: _573_ (rising edge-triggered flip-flop clocked by clk_i)
Path Group: clk_i
Path Type: max

Fanout         Cap        Slew       Delay        Time   Description
---------------------------------------------------------------------------------------------
                                  0.000000    0.000000   clock clk_i (rise edge)
                                  0.000000    0.000000   clock network delay (propagated)
                                  5.000000    5.000000 v input external delay
     2    0.004621    0.007566    0.003863    5.003863 v tl_i[64] (in)
                                                         tl_i[64] (net)
                      0.007566    0.000000    5.003863 v input14/A (sky130_fd_sc_hd__clkbuf_4)
     3    0.042947    0.067327    0.122659    5.126522 v input14/X (sky130_fd_sc_hd__clkbuf_4)
                                                         net14 (net)
                      0.067351    0.001182    5.127704 v _423_/A (sky130_fd_sc_hd__xor2_4)
     3    0.070078    0.133979    0.175680    5.303384 v _423_/X (sky130_fd_sc_hd__xor2_4)
                                                         _176_ (net)
                      0.136960    0.015613    5.318997 v wire85/A (sky130_fd_sc_hd__buf_8)
     3    0.112650    0.059714    0.149318    5.468315 v wire85/X (sky130_fd_sc_hd__buf_8)
                                                         net85 (net)
                      0.097095    0.037575    5.505890 v _426_/B (sky130_fd_sc_hd__or4_4)
     3    0.068300    0.124657    0.414146    5.920036 v _426_/X (sky130_fd_sc_hd__or4_4)
                                                         _179_ (net)
                      0.129742    0.021019    5.941055 v _429_/C (sky130_fd_sc_hd__or4_1)
     1    0.002450    0.051190    0.283621    6.224676 v _429_/X (sky130_fd_sc_hd__or4_1)
                                                         _182_ (net)
                      0.051190    0.000069    6.224745 v _430_/A2 (sky130_fd_sc_hd__a21o_1)
     3    0.012171    0.050298    0.146704    6.371449 v _430_/X (sky130_fd_sc_hd__a21o_1)
                                                         _183_ (net)
                      0.050303    0.000562    6.372011 v _432_/A2 (sky130_fd_sc_hd__o211a_1)
     1    0.002646    0.027516    0.130537    6.502548 v _432_/X (sky130_fd_sc_hd__o211a_1)
                                                         u_ibex.u_ibex_core.id_stage_i.controller_i.exc_req_lsu (net)
                      0.027517    0.000079    6.502626 v hold316/A (sky130_fd_sc_hd__dlygate4sd3_1)
     1    0.002336    0.036561    0.355783    6.858409 v hold316/X (sky130_fd_sc_hd__dlygate4sd3_1)
                                                         net487 (net)
                      0.036561    0.000068    6.858477 v hold102/A (sky130_fd_sc_hd__dlygate4sd3_1)
     2    0.009626    0.061187    0.393108    7.251585 v hold102/X (sky130_fd_sc_hd__dlygate4sd3_1)
                                                         net273 (net)
                      0.061187    0.000465    7.252050 v _485_/A2 (sky130_fd_sc_hd__o21ai_2)
     4    0.018248    0.169992    0.159796    7.411846 ^ _485_/Y (sky130_fd_sc_hd__o21ai_2)
                                                         _227_ (net)
                      0.169994    0.000437    7.412282 ^ _496_/B (sky130_fd_sc_hd__nor2_1)
     3    0.009797    0.060829    0.057332    7.469615 v _496_/Y (sky130_fd_sc_hd__nor2_1)
                                                         _235_ (net)
                      0.060829    0.000178    7.469792 v _506_/B (sky130_fd_sc_hd__or4b_1)
     1    0.005668    0.065628    0.304756    7.774549 v _506_/X (sky130_fd_sc_hd__or4b_1)
                                                         _239_ (net)
                      0.065629    0.000231    7.774779 v _507_/B1 (sky130_fd_sc_hd__o31a_1)
     1    0.002504    0.033155    0.073705    7.848484 v _507_/X (sky130_fd_sc_hd__o31a_1)
                                                         _004_ (net)
                      0.033155    0.000072    7.848556 v hold89/A (sky130_fd_sc_hd__dlygate4sd3_1)
     1    0.002734    0.037787    0.360321    8.208877 v hold89/X (sky130_fd_sc_hd__dlygate4sd3_1)
                                                         net260 (net)
                      0.037787    0.000078    8.208955 v _573_/D (sky130_fd_sc_hd__dfrtp_1)
                                              8.208955   data arrival time

                                 25.000000   25.000000   clock clk_i (rise edge)
                                  0.000000   25.000000   clock source latency
     2    0.077175    0.262105    0.196252   25.196251 ^ clk_i (in)
                                                         clk_i (net)
                      0.266425    0.000000   25.196251 ^ clkbuf_0_clk_i/A (sky130_fd_sc_hd__clkbuf_16)
     2    0.018739    0.036606    0.127372   25.323624 ^ clkbuf_0_clk_i/X (sky130_fd_sc_hd__clkbuf_16)
                                                         clknet_0_clk_i (net)
                      0.036606    0.000405   25.324028 ^ clkbuf_1_0__f_clk_i/A (sky130_fd_sc_hd__clkbuf_16)
     3    0.008468    0.023514    0.078213   25.402241 ^ clkbuf_1_0__f_clk_i/X (sky130_fd_sc_hd__clkbuf_16)
                                                         clknet_1_0__leaf_clk_i (net)
                      0.023514    0.000192   25.402433 ^ _498_/A (sky130_fd_sc_hd__and2_2)
     3    0.052614    0.202390    0.198499   25.600931 ^ _498_/X (sky130_fd_sc_hd__and2_2)
                                                         u_ibex.clk (net)
                      0.203536    0.012307   25.613239 ^ clkbuf_0_u_ibex.clk/A (sky130_fd_sc_hd__clkbuf_16)
     9    0.081193    0.077163    0.153010   25.766249 ^ clkbuf_0_u_ibex.clk/X (sky130_fd_sc_hd__clkbuf_16)
                                                         clknet_0_u_ibex.clk (net)
                      0.078334    0.007466   25.773714 ^ clkbuf_2_2__f_u_ibex.clk/A (sky130_fd_sc_hd__clkbuf_16)
    31    0.105244    0.094104    0.135618   25.909332 ^ clkbuf_2_2__f_u_ibex.clk/X (sky130_fd_sc_hd__clkbuf_16)
                                                         clknet_2_2__leaf_u_ibex.clk (net)
                      0.099306    0.017046   25.926378 ^ _573_/CLK (sky130_fd_sc_hd__dfrtp_1)
                                 -0.250000   25.676378   clock uncertainty
                                  0.000000   25.676378   clock reconvergence pessimism
                                 -0.068028   25.608351   library setup time
                                             25.608351   data required time
---------------------------------------------------------------------------------------------
                                             25.608351   data required time
                                             -8.208955   data arrival time
---------------------------------------------------------------------------------------------
                                             17.399395   slack (MET)


Startpoint: tl_i[64] (input port clocked by clk_i)
Endpoint: _572_ (rising edge-triggered flip-flop clocked by clk_i)
Path Group: clk_i
Path Type: max

Fanout         Cap        Slew       Delay        Time   Description
---------------------------------------------------------------------------------------------
                                  0.000000    0.000000   clock clk_i (rise edge)
                                  0.000000    0.000000   clock network delay (propagated)
                                  5.000000    5.000000 v input external delay
     2    0.004621    0.007566    0.003863    5.003863 v tl_i[64] (in)
                                                         tl_i[64] (net)
                      0.007566    0.000000    5.003863 v input14/A (sky130_fd_sc_hd__clkbuf_4)
     3    0.042947    0.067327    0.122659    5.126522 v input14/X (sky130_fd_sc_hd__clkbuf_4)
                                                         net14 (net)
                      0.067351    0.001182    5.127704 v _423_/A (sky130_fd_sc_hd__xor2_4)
     3    0.070078    0.133979    0.175680    5.303384 v _423_/X (sky130_fd_sc_hd__xor2_4)
                                                         _176_ (net)
                      0.136960    0.015613    5.318997 v wire85/A (sky130_fd_sc_hd__buf_8)
     3    0.112650    0.059714    0.149318    5.468315 v wire85/X (sky130_fd_sc_hd__buf_8)
                                                         net85 (net)
                      0.097095    0.037575    5.505890 v _426_/B (sky130_fd_sc_hd__or4_4)
     3    0.068300    0.124657    0.414146    5.920036 v _426_/X (sky130_fd_sc_hd__or4_4)
                                                         _179_ (net)
                      0.129742    0.021019    5.941055 v _429_/C (sky130_fd_sc_hd__or4_1)
     1    0.002450    0.051190    0.283621    6.224676 v _429_/X (sky130_fd_sc_hd__or4_1)
                                                         _182_ (net)
                      0.051190    0.000069    6.224745 v _430_/A2 (sky130_fd_sc_hd__a21o_1)
     3    0.012171    0.050298    0.146704    6.371449 v _430_/X (sky130_fd_sc_hd__a21o_1)
                                                         _183_ (net)
                      0.050303    0.000562    6.372011 v _432_/A2 (sky130_fd_sc_hd__o211a_1)
     1    0.002646    0.027516    0.130537    6.502548 v _432_/X (sky130_fd_sc_hd__o211a_1)
                                                         u_ibex.u_ibex_core.id_stage_i.controller_i.exc_req_lsu (net)
                      0.027517    0.000079    6.502626 v hold316/A (sky130_fd_sc_hd__dlygate4sd3_1)
     1    0.002336    0.036561    0.355783    6.858409 v hold316/X (sky130_fd_sc_hd__dlygate4sd3_1)
                                                         net487 (net)
                      0.036561    0.000068    6.858477 v hold102/A (sky130_fd_sc_hd__dlygate4sd3_1)
     2    0.009626    0.061187    0.393108    7.251585 v hold102/X (sky130_fd_sc_hd__dlygate4sd3_1)
                                                         net273 (net)
                      0.061187    0.000465    7.252050 v _485_/A2 (sky130_fd_sc_hd__o21ai_2)
     4    0.018248    0.169992    0.159796    7.411846 ^ _485_/Y (sky130_fd_sc_hd__o21ai_2)
                                                         _227_ (net)
                      0.169994    0.000437    7.412282 ^ _496_/B (sky130_fd_sc_hd__nor2_1)
     3    0.009797    0.060829    0.057332    7.469615 v _496_/Y (sky130_fd_sc_hd__nor2_1)
                                                         _235_ (net)
                      0.060831    0.000290    7.469904 v _504_/B (sky130_fd_sc_hd__or2_1)
     1    0.002016    0.029522    0.124338    7.594242 v _504_/X (sky130_fd_sc_hd__or2_1)
                                                         _003_ (net)
                      0.029522    0.000040    7.594282 v hold125/A (sky130_fd_sc_hd__dlygate4sd3_1)
     1    0.002462    0.036932    0.357305    7.951587 v hold125/X (sky130_fd_sc_hd__dlygate4sd3_1)
                                                         net296 (net)
                      0.036932    0.000071    7.951658 v _572_/D (sky130_fd_sc_hd__dfrtp_1)
                                              7.951658   data arrival time

                                 25.000000   25.000000   clock clk_i (rise edge)
                                  0.000000   25.000000   clock source latency
     2    0.077175    0.262105    0.196252   25.196251 ^ clk_i (in)
                                                         clk_i (net)
                      0.266425    0.000000   25.196251 ^ clkbuf_0_clk_i/A (sky130_fd_sc_hd__clkbuf_16)
     2    0.018739    0.036606    0.127372   25.323624 ^ clkbuf_0_clk_i/X (sky130_fd_sc_hd__clkbuf_16)
                                                         clknet_0_clk_i (net)
                      0.036606    0.000405   25.324028 ^ clkbuf_1_0__f_clk_i/A (sky130_fd_sc_hd__clkbuf_16)
     3    0.008468    0.023514    0.078213   25.402241 ^ clkbuf_1_0__f_clk_i/X (sky130_fd_sc_hd__clkbuf_16)
                                                         clknet_1_0__leaf_clk_i (net)
                      0.023514    0.000192   25.402433 ^ _498_/A (sky130_fd_sc_hd__and2_2)
     3    0.052614    0.202390    0.198499   25.600931 ^ _498_/X (sky130_fd_sc_hd__and2_2)
                                                         u_ibex.clk (net)
                      0.203536    0.012307   25.613239 ^ clkbuf_0_u_ibex.clk/A (sky130_fd_sc_hd__clkbuf_16)
     9    0.081193    0.077163    0.153010   25.766249 ^ clkbuf_0_u_ibex.clk/X (sky130_fd_sc_hd__clkbuf_16)
                                                         clknet_0_u_ibex.clk (net)
                      0.078334    0.007466   25.773714 ^ clkbuf_2_2__f_u_ibex.clk/A (sky130_fd_sc_hd__clkbuf_16)
    31    0.105244    0.094104    0.135618   25.909332 ^ clkbuf_2_2__f_u_ibex.clk/X (sky130_fd_sc_hd__clkbuf_16)
                                                         clknet_2_2__leaf_u_ibex.clk (net)
                      0.100988    0.019606   25.928938 ^ _572_/CLK (sky130_fd_sc_hd__dfrtp_1)
                                 -0.250000   25.678938   clock uncertainty
                                  0.000000   25.678938   clock reconvergence pessimism
                                 -0.067562   25.611378   library setup time
                                             25.611378   data required time
---------------------------------------------------------------------------------------------
                                             25.611378   data required time
                                             -7.951658   data arrival time
---------------------------------------------------------------------------------------------
                                             17.659719   slack (MET)


Startpoint: tl_i[64] (input port clocked by clk_i)
Endpoint: _568_ (rising edge-triggered flip-flop clocked by clk_i)
Path Group: clk_i
Path Type: max

Fanout         Cap        Slew       Delay        Time   Description
---------------------------------------------------------------------------------------------
                                  0.000000    0.000000   clock clk_i (rise edge)
                                  0.000000    0.000000   clock network delay (propagated)
                                  5.000000    5.000000 v input external delay
     2    0.004621    0.007566    0.003863    5.003863 v tl_i[64] (in)
                                                         tl_i[64] (net)
                      0.007566    0.000000    5.003863 v input14/A (sky130_fd_sc_hd__clkbuf_4)
     3    0.042947    0.067327    0.122659    5.126522 v input14/X (sky130_fd_sc_hd__clkbuf_4)
                                                         net14 (net)
                      0.067351    0.001182    5.127704 v _423_/A (sky130_fd_sc_hd__xor2_4)
     3    0.070078    0.133979    0.175680    5.303384 v _423_/X (sky130_fd_sc_hd__xor2_4)
                                                         _176_ (net)
                      0.136960    0.015613    5.318997 v wire85/A (sky130_fd_sc_hd__buf_8)
     3    0.112650    0.059714    0.149318    5.468315 v wire85/X (sky130_fd_sc_hd__buf_8)
                                                         net85 (net)
                      0.097095    0.037575    5.505890 v _426_/B (sky130_fd_sc_hd__or4_4)
     3    0.068300    0.124657    0.414146    5.920036 v _426_/X (sky130_fd_sc_hd__or4_4)
                                                         _179_ (net)
                      0.129742    0.021019    5.941055 v _429_/C (sky130_fd_sc_hd__or4_1)
     1    0.002450    0.051190    0.283621    6.224676 v _429_/X (sky130_fd_sc_hd__or4_1)
                                                         _182_ (net)
                      0.051190    0.000069    6.224745 v _430_/A2 (sky130_fd_sc_hd__a21o_1)
     3    0.012171    0.050298    0.146704    6.371449 v _430_/X (sky130_fd_sc_hd__a21o_1)
                                                         _183_ (net)
                      0.050303    0.000562    6.372011 v _432_/A2 (sky130_fd_sc_hd__o211a_1)
     1    0.002646    0.027516    0.130537    6.502548 v _432_/X (sky130_fd_sc_hd__o211a_1)
                                                         u_ibex.u_ibex_core.id_stage_i.controller_i.exc_req_lsu (net)
                      0.027517    0.000079    6.502626 v hold316/A (sky130_fd_sc_hd__dlygate4sd3_1)
     1    0.002336    0.036561    0.355783    6.858409 v hold316/X (sky130_fd_sc_hd__dlygate4sd3_1)
                                                         net487 (net)
                      0.036561    0.000068    6.858477 v hold102/A (sky130_fd_sc_hd__dlygate4sd3_1)
     2    0.009626    0.061187    0.393108    7.251585 v hold102/X (sky130_fd_sc_hd__dlygate4sd3_1)
                                                         net273 (net)
                      0.061187    0.000231    7.251817 v hold317/A (sky130_fd_sc_hd__dlygate4sd3_1)
     1    0.003179    0.039632    0.373885    7.625702 v hold317/X (sky130_fd_sc_hd__dlygate4sd3_1)
                                                         net488 (net)
                      0.039632    0.000099    7.625802 v _568_/D (sky130_fd_sc_hd__dfrtp_1)
                                              7.625802   data arrival time

                                 25.000000   25.000000   clock clk_i (rise edge)
                                  0.000000   25.000000   clock source latency
     2    0.077175    0.262105    0.196252   25.196251 ^ clk_i (in)
                                                         clk_i (net)
                      0.266425    0.000000   25.196251 ^ clkbuf_0_clk_i/A (sky130_fd_sc_hd__clkbuf_16)
     2    0.018739    0.036606    0.127372   25.323624 ^ clkbuf_0_clk_i/X (sky130_fd_sc_hd__clkbuf_16)
                                                         clknet_0_clk_i (net)
                      0.036606    0.000405   25.324028 ^ clkbuf_1_0__f_clk_i/A (sky130_fd_sc_hd__clkbuf_16)
     3    0.008468    0.023514    0.078213   25.402241 ^ clkbuf_1_0__f_clk_i/X (sky130_fd_sc_hd__clkbuf_16)
                                                         clknet_1_0__leaf_clk_i (net)
                      0.023514    0.000192   25.402433 ^ _498_/A (sky130_fd_sc_hd__and2_2)
     3    0.052614    0.202390    0.198499   25.600931 ^ _498_/X (sky130_fd_sc_hd__and2_2)
                                                         u_ibex.clk (net)
                      0.203536    0.012307   25.613239 ^ clkbuf_0_u_ibex.clk/A (sky130_fd_sc_hd__clkbuf_16)
     9    0.081193    0.077163    0.153010   25.766249 ^ clkbuf_0_u_ibex.clk/X (sky130_fd_sc_hd__clkbuf_16)
                                                         clknet_0_u_ibex.clk (net)
                      0.078334    0.007466   25.773714 ^ clkbuf_2_2__f_u_ibex.clk/A (sky130_fd_sc_hd__clkbuf_16)
    31    0.105244    0.094104    0.135618   25.909332 ^ clkbuf_2_2__f_u_ibex.clk/X (sky130_fd_sc_hd__clkbuf_16)
                                                         clknet_2_2__leaf_u_ibex.clk (net)
                      0.100607    0.019051   25.928383 ^ _568_/CLK (sky130_fd_sc_hd__dfrtp_1)
                                 -0.250000   25.678385   clock uncertainty
                                  0.000000   25.678385   clock reconvergence pessimism
                                 -0.068560   25.609825   library setup time
                                             25.609825   data required time
---------------------------------------------------------------------------------------------
                                             25.609825   data required time
                                             -7.625802   data arrival time
---------------------------------------------------------------------------------------------
                                             17.984022   slack (MET)


Startpoint: tl_i[64] (input port clocked by clk_i)
Endpoint: _575_ (rising edge-triggered flip-flop clocked by clk_i)
Path Group: clk_i
Path Type: max

Fanout         Cap        Slew       Delay        Time   Description
---------------------------------------------------------------------------------------------
                                  0.000000    0.000000   clock clk_i (rise edge)
                                  0.000000    0.000000   clock network delay (propagated)
                                  5.000000    5.000000 v input external delay
     2    0.004621    0.007566    0.003863    5.003863 v tl_i[64] (in)
                                                         tl_i[64] (net)
                      0.007566    0.000000    5.003863 v input14/A (sky130_fd_sc_hd__clkbuf_4)
     3    0.042947    0.067327    0.122659    5.126522 v input14/X (sky130_fd_sc_hd__clkbuf_4)
                                                         net14 (net)
                      0.067351    0.001182    5.127704 v _423_/A (sky130_fd_sc_hd__xor2_4)
     3    0.070078    0.133979    0.175680    5.303384 v _423_/X (sky130_fd_sc_hd__xor2_4)
                                                         _176_ (net)
                      0.136960    0.015613    5.318997 v wire85/A (sky130_fd_sc_hd__buf_8)
     3    0.112650    0.059714    0.149318    5.468315 v wire85/X (sky130_fd_sc_hd__buf_8)
                                                         net85 (net)
                      0.097095    0.037575    5.505890 v _426_/B (sky130_fd_sc_hd__or4_4)
     3    0.068300    0.124657    0.414146    5.920036 v _426_/X (sky130_fd_sc_hd__or4_4)
                                                         _179_ (net)
                      0.129742    0.021019    5.941055 v _429_/C (sky130_fd_sc_hd__or4_1)
     1    0.002450    0.051190    0.283621    6.224676 v _429_/X (sky130_fd_sc_hd__or4_1)
                                                         _182_ (net)
                      0.051190    0.000069    6.224745 v _430_/A2 (sky130_fd_sc_hd__a21o_1)
     3    0.012171    0.050298    0.146704    6.371449 v _430_/X (sky130_fd_sc_hd__a21o_1)
                                                         _183_ (net)
                      0.050301    0.000441    6.371890 v _510_/A0 (sky130_fd_sc_hd__mux2_1)
     1    0.002355    0.036291    0.143611    6.515501 v _510_/X (sky130_fd_sc_hd__mux2_1)
                                                         _006_ (net)
                      0.036291    0.000067    6.515567 v hold265/A (sky130_fd_sc_hd__dlygate4sd3_1)
     1    0.003004    0.038950    0.363132    6.878700 v hold265/X (sky130_fd_sc_hd__dlygate4sd3_1)
                                                         net436 (net)
                      0.038950    0.000096    6.878796 v hold72/A (sky130_fd_sc_hd__dlygate4sd3_1)
     1    0.002344    0.036604    0.360190    7.238986 v hold72/X (sky130_fd_sc_hd__dlygate4sd3_1)
                                                         net243 (net)
                      0.036604    0.000048    7.239034 v hold266/A (sky130_fd_sc_hd__dlygate4sd3_1)
     1    0.002758    0.037875    0.361777    7.600811 v hold266/X (sky130_fd_sc_hd__dlygate4sd3_1)
                                                         net437 (net)
                      0.037875    0.000079    7.600890 v _575_/D (sky130_fd_sc_hd__dfrtp_1)
                                              7.600890   data arrival time

                                 25.000000   25.000000   clock clk_i (rise edge)
                                  0.000000   25.000000   clock source latency
     2    0.077175    0.262105    0.196252   25.196251 ^ clk_i (in)
                                                         clk_i (net)
                      0.266425    0.000000   25.196251 ^ clkbuf_0_clk_i/A (sky130_fd_sc_hd__clkbuf_16)
     2    0.018739    0.036606    0.127372   25.323624 ^ clkbuf_0_clk_i/X (sky130_fd_sc_hd__clkbuf_16)
                                                         clknet_0_clk_i (net)
                      0.036606    0.000405   25.324028 ^ clkbuf_1_0__f_clk_i/A (sky130_fd_sc_hd__clkbuf_16)
     3    0.008468    0.023514    0.078213   25.402241 ^ clkbuf_1_0__f_clk_i/X (sky130_fd_sc_hd__clkbuf_16)
                                                         clknet_1_0__leaf_clk_i (net)
                      0.023514    0.000192   25.402433 ^ _498_/A (sky130_fd_sc_hd__and2_2)
     3    0.052614    0.202390    0.198499   25.600931 ^ _498_/X (sky130_fd_sc_hd__and2_2)
                                                         u_ibex.clk (net)
                      0.203536    0.012307   25.613239 ^ clkbuf_0_u_ibex.clk/A (sky130_fd_sc_hd__clkbuf_16)
     9    0.081193    0.077163    0.153010   25.766249 ^ clkbuf_0_u_ibex.clk/X (sky130_fd_sc_hd__clkbuf_16)
                                                         clknet_0_u_ibex.clk (net)
                      0.078334    0.007466   25.773714 ^ clkbuf_2_2__f_u_ibex.clk/A (sky130_fd_sc_hd__clkbuf_16)
    31    0.105244    0.094104    0.135618   25.909332 ^ clkbuf_2_2__f_u_ibex.clk/X (sky130_fd_sc_hd__clkbuf_16)
                                                         clknet_2_2__leaf_u_ibex.clk (net)
                      0.098393    0.015508   25.924839 ^ _575_/CLK (sky130_fd_sc_hd__dfrtp_1)
                                 -0.250000   25.674841   clock uncertainty
                                  0.000000   25.674841   clock reconvergence pessimism
                                 -0.068148   25.606693   library setup time
                                             25.606693   data required time
---------------------------------------------------------------------------------------------
                                             25.606693   data required time
                                             -7.600890   data arrival time
---------------------------------------------------------------------------------------------
                                             18.005804   slack (MET)


Startpoint: _574_ (rising edge-triggered flip-flop clocked by clk_i)
Endpoint: _556_ (rising edge-triggered flip-flop clocked by clk_i)
Path Group: clk_i
Path Type: max

Fanout         Cap        Slew       Delay        Time   Description
---------------------------------------------------------------------------------------------
                                  0.000000    0.000000   clock clk_i (rise edge)
                                  0.000000    0.000000   clock source latency
     2    0.077175    0.262105    0.196252    0.196252 ^ clk_i (in)
                                                         clk_i (net)
                      0.266425    0.000000    0.196252 ^ clkbuf_0_clk_i/A (sky130_fd_sc_hd__clkbuf_16)
     2    0.018739    0.036606    0.127371    0.323623 ^ clkbuf_0_clk_i/X (sky130_fd_sc_hd__clkbuf_16)
                                                         clknet_0_clk_i (net)
                      0.036606    0.000406    0.324030 ^ clkbuf_1_0__f_clk_i/A (sky130_fd_sc_hd__clkbuf_16)
     3    0.008468    0.023514    0.078213    0.402242 ^ clkbuf_1_0__f_clk_i/X (sky130_fd_sc_hd__clkbuf_16)
                                                         clknet_1_0__leaf_clk_i (net)
                      0.023514    0.000191    0.402433 ^ _498_/A (sky130_fd_sc_hd__and2_2)
     3    0.052614    0.202686    0.198500    0.600933 ^ _498_/X (sky130_fd_sc_hd__and2_2)
                                                         u_ibex.clk (net)
                      0.203830    0.012306    0.613239 ^ clkbuf_0_u_ibex.clk/A (sky130_fd_sc_hd__clkbuf_16)
     9    0.081193    0.077169    0.153052    0.766291 ^ clkbuf_0_u_ibex.clk/X (sky130_fd_sc_hd__clkbuf_16)
                                                         clknet_0_u_ibex.clk (net)
                      0.078291    0.007306    0.773597 ^ clkbuf_2_3__f_u_ibex.clk/A (sky130_fd_sc_hd__clkbuf_16)
    23    0.080609    0.075178    0.128255    0.901852 ^ clkbuf_2_3__f_u_ibex.clk/X (sky130_fd_sc_hd__clkbuf_16)
                                                         clknet_2_3__leaf_u_ibex.clk (net)
                      0.077016    0.009123    0.910974 ^ _574_/CLK (sky130_fd_sc_hd__dfrtp_1)
     1    0.003734    0.031211    0.237602    1.148576 v _574_/Q (sky130_fd_sc_hd__dfrtp_1)
                                                         u_ibex.u_ibex_core.id_stage_i.controller_i.ctrl_fsm_cs[3] (net)
                      0.031211    0.000129    1.148705 v hold327/A (sky130_fd_sc_hd__dlygate4sd3_1)
     1    0.002756    0.037890    0.359713    1.508419 v hold327/X (sky130_fd_sc_hd__dlygate4sd3_1)
                                                         net498 (net)
                      0.037890    0.000084    1.508503 v hold113/A (sky130_fd_sc_hd__dlygate4sd3_1)
     1    0.002727    0.037738    0.362081    1.870584 v hold113/X (sky130_fd_sc_hd__dlygate4sd3_1)
                                                         net284 (net)
                      0.037738    0.000082    1.870666 v hold328/A (sky130_fd_sc_hd__dlygate4sd3_1)
     2    0.009816    0.061619    0.394452    2.265118 v hold328/X (sky130_fd_sc_hd__dlygate4sd3_1)
                                                         net499 (net)
                      0.061619    0.000201    2.265320 v fanout83/A (sky130_fd_sc_hd__buf_1)
     1    0.005582    0.028635    0.077607    2.342927 v fanout83/X (sky130_fd_sc_hd__buf_1)
                                                         net83 (net)
                      0.028636    0.000219    2.343145 v hold114/A (sky130_fd_sc_hd__dlygate4sd3_1)
     6    0.020200    0.093225    0.423380    2.766526 v hold114/X (sky130_fd_sc_hd__dlygate4sd3_1)
                                                         net285 (net)
                      0.093226    0.000463    2.766989 v _411_/A_N (sky130_fd_sc_hd__and2b_1)
     4    0.018187    0.128492    0.211741    2.978730 ^ _411_/X (sky130_fd_sc_hd__and2b_1)
                                                         _165_ (net)
                      0.128540    0.000902    2.979631 ^ _412_/B (sky130_fd_sc_hd__nand2_1)
     1    0.003154    0.043886    0.038695    3.018327 v _412_/Y (sky130_fd_sc_hd__nand2_1)
                                                         _166_ (net)
                      0.043886    0.000098    3.018424 v hold231/A (sky130_fd_sc_hd__dlygate4sd3_1)
     1    0.002868    0.038308    0.365212    3.383636 v hold231/X (sky130_fd_sc_hd__dlygate4sd3_1)
                                                         net402 (net)
                      0.038308    0.000083    3.383719 v hold52/A (sky130_fd_sc_hd__dlygate4sd3_1)
     2    0.005887    0.048862    0.377613    3.761331 v hold52/X (sky130_fd_sc_hd__dlygate4sd3_1)
                                                         net223 (net)
                      0.048862    0.000161    3.761492 v _413_/B (sky130_fd_sc_hd__nor2_1)
     2    0.011031    0.150109    0.132475    3.893967 ^ _413_/Y (sky130_fd_sc_hd__nor2_1)
                                                         _167_ (net)
                      0.150110    0.000314    3.894281 ^ _435_/B1 (sky130_fd_sc_hd__o21ai_1)
     1    0.002283    0.037451    0.025327    3.919608 v _435_/Y (sky130_fd_sc_hd__o21ai_1)
                                                         _186_ (net)
                      0.037451    0.000048    3.919655 v hold136/A (sky130_fd_sc_hd__dlygate4sd3_1)
     1    0.004617    0.044523    0.371748    4.291404 v hold136/X (sky130_fd_sc_hd__dlygate4sd3_1)
                                                         net307 (net)
                      0.044974    0.000133    4.291537 v _436_/B (sky130_fd_sc_hd__nand2b_2)
     1    0.003121    0.032171    0.045717    4.337254 ^ _436_/Y (sky130_fd_sc_hd__nand2b_2)
                                                         _187_ (net)
                      0.032171    0.000100    4.337354 ^ hold137/A (sky130_fd_sc_hd__dlygate4sd3_1)
     5    0.024649    0.191659    0.485612    4.822966 ^ hold137/X (sky130_fd_sc_hd__dlygate4sd3_1)
                                                         net308 (net)
                      0.191660    0.000770    4.823736 ^ _437_/A (sky130_fd_sc_hd__inv_2)
     1    0.001962    0.029265    0.004211    4.827948 v _437_/Y (sky130_fd_sc_hd__inv_2)
                                                         _188_ (net)
                      0.029265    0.000039    4.827986 v hold138/A (sky130_fd_sc_hd__dlygate4sd3_1)
     5    0.016612    0.081942    0.412537    5.240523 v hold138/X (sky130_fd_sc_hd__dlygate4sd3_1)
                                                         net309 (net)
                      0.081942    0.000229    5.240752 v _438_/B1 (sky130_fd_sc_hd__o211a_1)
     1    0.003274    0.029653    0.097533    5.338284 v _438_/X (sky130_fd_sc_hd__o211a_1)
                                                         _189_ (net)
                      0.029653    0.000103    5.338387 v hold139/A (sky130_fd_sc_hd__dlygate4sd3_1)
     1    0.003329    0.040548    0.362560    5.700947 v hold139/X (sky130_fd_sc_hd__dlygate4sd3_1)
                                                         net310 (net)
                      0.040548    0.000107    5.701054 v _441_/B (sky130_fd_sc_hd__nor4_1)
     1    0.002609    0.141663    0.159847    5.860901 ^ _441_/Y (sky130_fd_sc_hd__nor4_1)
                                                         instr_gnt (net)
                      0.141663    0.000078    5.860979 ^ hold140/A (sky130_fd_sc_hd__dlygate4sd3_1)
     1    0.002529    0.035645    0.385983    6.246961 ^ hold140/X (sky130_fd_sc_hd__dlygate4sd3_1)
                                                         net311 (net)
                      0.035645    0.000050    6.247011 ^ wire56/A (sky130_fd_sc_hd__buf_1)
     1    0.003888    0.041146    0.059152    6.306163 ^ wire56/X (sky130_fd_sc_hd__buf_1)
                                                         net56 (net)
                      0.041146    0.000139    6.306302 ^ hold141/A (sky130_fd_sc_hd__dlygate4sd3_1)
     3    0.013747    0.112861    0.432085    6.738387 ^ hold141/X (sky130_fd_sc_hd__dlygate4sd3_1)
                                                         net312 (net)
                      0.112861    0.000294    6.738680 ^ _556_/D (sky130_fd_sc_hd__dfrtp_2)
                                              6.738680   data arrival time

                                 25.000000   25.000000   clock clk_i (rise edge)
                                  0.000000   25.000000   clock source latency
     2    0.077175    0.262105    0.196252   25.196251 ^ clk_i (in)
                                                         clk_i (net)
                      0.266425    0.000000   25.196251 ^ clkbuf_0_clk_i/A (sky130_fd_sc_hd__clkbuf_16)
     2    0.018739    0.036606    0.127372   25.323624 ^ clkbuf_0_clk_i/X (sky130_fd_sc_hd__clkbuf_16)
                                                         clknet_0_clk_i (net)
                      0.036606    0.000405   25.324028 ^ clkbuf_1_0__f_clk_i/A (sky130_fd_sc_hd__clkbuf_16)
     3    0.008468    0.023514    0.078213   25.402241 ^ clkbuf_1_0__f_clk_i/X (sky130_fd_sc_hd__clkbuf_16)
                                                         clknet_1_0__leaf_clk_i (net)
                      0.023514    0.000195   25.402437 ^ _556_/CLK (sky130_fd_sc_hd__dfrtp_2)
                                 -0.250000   25.152437   clock uncertainty
                                  0.000000   25.152437   clock reconvergence pessimism
                                 -0.045026   25.107412   library setup time
                                             25.107412   data required time
---------------------------------------------------------------------------------------------
                                             25.107412   data required time
                                             -6.738680   data arrival time
---------------------------------------------------------------------------------------------
                                             18.368731   slack (MET)


Startpoint: tl_i[0] (input port clocked by clk_i)
Endpoint: _576_ (rising edge-triggered flip-flop clocked by clk_i)
Path Group: clk_i
Path Type: max

Fanout         Cap        Slew       Delay        Time   Description
---------------------------------------------------------------------------------------------
                                  0.000000    0.000000   clock clk_i (rise edge)
                                  0.000000    0.000000   clock network delay (propagated)
                                  5.000000    5.000000 ^ input external delay
     2    0.006438    0.026509    0.016475    5.016475 ^ tl_i[0] (in)
                                                         tl_i[0] (net)
                      0.026510    0.000000    5.016475 ^ input2/A (sky130_fd_sc_hd__clkbuf_8)
    11    0.104863    0.136474    0.141854    5.158329 ^ input2/X (sky130_fd_sc_hd__clkbuf_8)
                                                         net2 (net)
                      0.161954    0.044042    5.202371 ^ _254_/A (sky130_fd_sc_hd__inv_2)
     2    0.007031    0.037681    0.023917    5.226288 v _254_/Y (sky130_fd_sc_hd__inv_2)
                                                         _045_ (net)
                      0.037682    0.000180    5.226469 v _511_/A1 (sky130_fd_sc_hd__a21oi_1)
     1    0.002757    0.076533    0.081473    5.307942 ^ _511_/Y (sky130_fd_sc_hd__a21oi_1)
                                                         _241_ (net)
                      0.076533    0.000083    5.308026 ^ hold119/A (sky130_fd_sc_hd__dlygate4sd3_1)
     1    0.004750    0.050471    0.390671    5.698697 ^ hold119/X (sky130_fd_sc_hd__dlygate4sd3_1)
                                                         net290 (net)
                      0.050471    0.000138    5.698835 ^ _512_/B1 (sky130_fd_sc_hd__o22ai_2)
     1    0.002374    0.043664    0.029971    5.728806 v _512_/Y (sky130_fd_sc_hd__o22ai_2)
                                                         _242_ (net)
                      0.043664    0.000049    5.728855 v hold120/A (sky130_fd_sc_hd__dlygate4sd3_1)
     5    0.016859    0.082493    0.418684    6.147539 v hold120/X (sky130_fd_sc_hd__dlygate4sd3_1)
                                                         net291 (net)
                      0.082496    0.000632    6.148170 v _516_/A3 (sky130_fd_sc_hd__o31a_1)
     1    0.005289    0.042097    0.168050    6.316220 v _516_/X (sky130_fd_sc_hd__o31a_1)
                                                         _246_ (net)
                      0.042098    0.000217    6.316437 v hold93/A (sky130_fd_sc_hd__dlygate4sd3_1)
     1    0.002578    0.037252    0.362792    6.679229 v hold93/X (sky130_fd_sc_hd__dlygate4sd3_1)
                                                         net264 (net)
                      0.037252    0.000056    6.679286 v _517_/B (sky130_fd_sc_hd__or2_1)
     1    0.002631    0.031620    0.119553    6.798838 v _517_/X (sky130_fd_sc_hd__or2_1)
                                                         _007_ (net)
                      0.031620    0.000081    6.798919 v hold94/A (sky130_fd_sc_hd__dlygate4sd3_1)
     1    0.002336    0.036566    0.357342    7.156260 v hold94/X (sky130_fd_sc_hd__dlygate4sd3_1)
                                                         net265 (net)
                      0.036566    0.000067    7.156327 v _576_/D (sky130_fd_sc_hd__dfrtp_1)
                                              7.156327   data arrival time

                                 25.000000   25.000000   clock clk_i (rise edge)
                                  0.000000   25.000000   clock source latency
     2    0.077175    0.262105    0.196252   25.196251 ^ clk_i (in)
                                                         clk_i (net)
                      0.266425    0.000000   25.196251 ^ clkbuf_0_clk_i/A (sky130_fd_sc_hd__clkbuf_16)
     2    0.018739    0.036606    0.127372   25.323624 ^ clkbuf_0_clk_i/X (sky130_fd_sc_hd__clkbuf_16)
                                                         clknet_0_clk_i (net)
                      0.036606    0.000405   25.324028 ^ clkbuf_1_0__f_clk_i/A (sky130_fd_sc_hd__clkbuf_16)
     3    0.008468    0.023514    0.078213   25.402241 ^ clkbuf_1_0__f_clk_i/X (sky130_fd_sc_hd__clkbuf_16)
                                                         clknet_1_0__leaf_clk_i (net)
                      0.023514    0.000192   25.402433 ^ _498_/A (sky130_fd_sc_hd__and2_2)
     3    0.052614    0.202390    0.198499   25.600931 ^ _498_/X (sky130_fd_sc_hd__and2_2)
                                                         u_ibex.clk (net)
                      0.203536    0.012307   25.613239 ^ clkbuf_0_u_ibex.clk/A (sky130_fd_sc_hd__clkbuf_16)
     9    0.081193    0.077163    0.153010   25.766249 ^ clkbuf_0_u_ibex.clk/X (sky130_fd_sc_hd__clkbuf_16)
                                                         clknet_0_u_ibex.clk (net)
                      0.078286    0.007306   25.773554 ^ clkbuf_2_3__f_u_ibex.clk/A (sky130_fd_sc_hd__clkbuf_16)
    23    0.080609    0.075178    0.128253   25.901808 ^ clkbuf_2_3__f_u_ibex.clk/X (sky130_fd_sc_hd__clkbuf_16)
                                                         clknet_2_3__leaf_u_ibex.clk (net)
                      0.076126    0.006553   25.908361 ^ _576_/CLK (sky130_fd_sc_hd__dfrtp_1)
                                 -0.250000   25.658361   clock uncertainty
                                  0.000000   25.658361   clock reconvergence pessimism
                                 -0.069826   25.588537   library setup time
                                             25.588537   data required time
---------------------------------------------------------------------------------------------
                                             25.588537   data required time
                                             -7.156327   data arrival time
---------------------------------------------------------------------------------------------
                                             18.432209   slack (MET)


Startpoint: tl_i[0] (input port clocked by clk_i)
Endpoint: _579_ (rising edge-triggered flip-flop clocked by clk_i)
Path Group: clk_i
Path Type: max

Fanout         Cap        Slew       Delay        Time   Description
---------------------------------------------------------------------------------------------
                                  0.000000    0.000000   clock clk_i (rise edge)
                                  0.000000    0.000000   clock network delay (propagated)
                                  5.000000    5.000000 ^ input external delay
     2    0.006438    0.026509    0.016475    5.016475 ^ tl_i[0] (in)
                                                         tl_i[0] (net)
                      0.026510    0.000000    5.016475 ^ input2/A (sky130_fd_sc_hd__clkbuf_8)
    11    0.104863    0.136474    0.141854    5.158329 ^ input2/X (sky130_fd_sc_hd__clkbuf_8)
                                                         net2 (net)
                      0.161954    0.044042    5.202371 ^ _254_/A (sky130_fd_sc_hd__inv_2)
     2    0.007031    0.037681    0.023917    5.226288 v _254_/Y (sky130_fd_sc_hd__inv_2)
                                                         _045_ (net)
                      0.037682    0.000180    5.226469 v _511_/A1 (sky130_fd_sc_hd__a21oi_1)
     1    0.002757    0.076533    0.081473    5.307942 ^ _511_/Y (sky130_fd_sc_hd__a21oi_1)
                                                         _241_ (net)
                      0.076533    0.000083    5.308026 ^ hold119/A (sky130_fd_sc_hd__dlygate4sd3_1)
     1    0.004750    0.050471    0.390671    5.698697 ^ hold119/X (sky130_fd_sc_hd__dlygate4sd3_1)
                                                         net290 (net)
                      0.050471    0.000138    5.698835 ^ _512_/B1 (sky130_fd_sc_hd__o22ai_2)
     1    0.002374    0.043664    0.029971    5.728806 v _512_/Y (sky130_fd_sc_hd__o22ai_2)
                                                         _242_ (net)
                      0.043664    0.000049    5.728855 v hold120/A (sky130_fd_sc_hd__dlygate4sd3_1)
     5    0.016859    0.082493    0.418684    6.147539 v hold120/X (sky130_fd_sc_hd__dlygate4sd3_1)
                                                         net291 (net)
                      0.082495    0.000553    6.148092 v _520_/C (sky130_fd_sc_hd__or3_1)
     1    0.002433    0.040768    0.182942    6.331034 v _520_/X (sky130_fd_sc_hd__or3_1)
                                                         _247_ (net)
                      0.040768    0.000072    6.331107 v _521_/A2_N (sky130_fd_sc_hd__a2bb2o_1)
     1    0.002116    0.028523    0.143618    6.474724 ^ _521_/X (sky130_fd_sc_hd__a2bb2o_1)
                                                         _010_ (net)
                      0.028523    0.000041    6.474765 ^ hold121/A (sky130_fd_sc_hd__dlygate4sd3_1)
     1    0.002535    0.035715    0.368539    6.843305 ^ hold121/X (sky130_fd_sc_hd__dlygate4sd3_1)
                                                         net292 (net)
                      0.035715    0.000075    6.843379 ^ _579_/D (sky130_fd_sc_hd__dfrtp_1)
                                              6.843379   data arrival time

                                 25.000000   25.000000   clock clk_i (rise edge)
                                  0.000000   25.000000   clock source latency
     2    0.077175    0.262105    0.196252   25.196251 ^ clk_i (in)
                                                         clk_i (net)
                      0.266425    0.000000   25.196251 ^ clkbuf_0_clk_i/A (sky130_fd_sc_hd__clkbuf_16)
     2    0.018739    0.036606    0.127372   25.323624 ^ clkbuf_0_clk_i/X (sky130_fd_sc_hd__clkbuf_16)
                                                         clknet_0_clk_i (net)
                      0.036606    0.000405   25.324028 ^ clkbuf_1_0__f_clk_i/A (sky130_fd_sc_hd__clkbuf_16)
     3    0.008468    0.023514    0.078213   25.402241 ^ clkbuf_1_0__f_clk_i/X (sky130_fd_sc_hd__clkbuf_16)
                                                         clknet_1_0__leaf_clk_i (net)
                      0.023514    0.000192   25.402433 ^ _498_/A (sky130_fd_sc_hd__and2_2)
     3    0.052614    0.202390    0.198499   25.600931 ^ _498_/X (sky130_fd_sc_hd__and2_2)
                                                         u_ibex.clk (net)
                      0.203536    0.012307   25.613239 ^ clkbuf_0_u_ibex.clk/A (sky130_fd_sc_hd__clkbuf_16)
     9    0.081193    0.077163    0.153010   25.766249 ^ clkbuf_0_u_ibex.clk/X (sky130_fd_sc_hd__clkbuf_16)
                                                         clknet_0_u_ibex.clk (net)
                      0.078334    0.007466   25.773714 ^ clkbuf_2_2__f_u_ibex.clk/A (sky130_fd_sc_hd__clkbuf_16)
    31    0.105244    0.094104    0.135618   25.909332 ^ clkbuf_2_2__f_u_ibex.clk/X (sky130_fd_sc_hd__clkbuf_16)
                                                         clknet_2_2__leaf_u_ibex.clk (net)
                      0.097537    0.013927   25.923260 ^ _579_/CLK (sky130_fd_sc_hd__dfrtp_1)
                                 -0.250000   25.673260   clock uncertainty
                                  0.000000   25.673260   clock reconvergence pessimism
                                 -0.031938   25.641321   library setup time
                                             25.641321   data required time
---------------------------------------------------------------------------------------------
                                             25.641321   data required time
                                             -6.843379   data arrival time
---------------------------------------------------------------------------------------------
                                             18.797941   slack (MET)


Startpoint: _611_ (rising edge-triggered flip-flop clocked by clk_i)
Endpoint: core_sleep_o (output port clocked by clk_i)
Path Group: clk_i
Path Type: max

Fanout         Cap        Slew       Delay        Time   Description
---------------------------------------------------------------------------------------------
                                  0.000000    0.000000   clock clk_i (rise edge)
                                  0.000000    0.000000   clock source latency
     2    0.077175    0.262105    0.196252    0.196252 ^ clk_i (in)
                                                         clk_i (net)
                      0.266425    0.000000    0.196252 ^ clkbuf_0_clk_i/A (sky130_fd_sc_hd__clkbuf_16)
     2    0.018739    0.036606    0.127371    0.323623 ^ clkbuf_0_clk_i/X (sky130_fd_sc_hd__clkbuf_16)
                                                         clknet_0_clk_i (net)
                      0.036606    0.000464    0.324087 ^ clkbuf_1_1__f_clk_i/A (sky130_fd_sc_hd__clkbuf_16)
     2    0.006743    0.022210    0.076823    0.400911 ^ clkbuf_1_1__f_clk_i/X (sky130_fd_sc_hd__clkbuf_16)
                                                         clknet_1_1__leaf_clk_i (net)
                      0.022211    0.000223    0.401134 ^ _611_/CLK (sky130_fd_sc_hd__dfrtp_1)
     2    0.012498    0.057404    0.252692    0.653826 v _611_/Q (sky130_fd_sc_hd__dfrtp_1)
                                                         u_ibex.clock_en (net)
                      0.057406    0.000408    0.654235 v _255_/A (sky130_fd_sc_hd__clkinv_4)
     3    0.073135    0.109460    0.093081    0.747316 ^ _255_/Y (sky130_fd_sc_hd__clkinv_4)
                                                         net17 (net)
                      0.119365    0.025296    0.772613 ^ output17/A (sky130_fd_sc_hd__buf_2)
     1    0.034911    0.130432    0.160553    0.933165 ^ output17/X (sky130_fd_sc_hd__buf_2)
                                                         core_sleep_o (net)
                      0.130480    0.000885    0.934051 ^ core_sleep_o (out)
                                              0.934051   data arrival time

                                 25.000000   25.000000   clock clk_i (rise edge)
                                  0.000000   25.000000   clock network delay (propagated)
                                 -0.250000   24.750000   clock uncertainty
                                  0.000000   24.750000   clock reconvergence pessimism
                                 -5.000000   19.750000   output external delay
                                             19.750000   data required time
---------------------------------------------------------------------------------------------
                                             19.750000   data required time
                                             -0.934051   data arrival time
---------------------------------------------------------------------------------------------
                                             18.815948   slack (MET)


Startpoint: tl_i[0] (input port clocked by clk_i)
Endpoint: _578_ (rising edge-triggered flip-flop clocked by clk_i)
Path Group: clk_i
Path Type: max

Fanout         Cap        Slew       Delay        Time   Description
---------------------------------------------------------------------------------------------
                                  0.000000    0.000000   clock clk_i (rise edge)
                                  0.000000    0.000000   clock network delay (propagated)
                                  5.000000    5.000000 ^ input external delay
     2    0.006438    0.026509    0.016475    5.016475 ^ tl_i[0] (in)
                                                         tl_i[0] (net)
                      0.026510    0.000000    5.016475 ^ input2/A (sky130_fd_sc_hd__clkbuf_8)
    11    0.104863    0.136474    0.141854    5.158329 ^ input2/X (sky130_fd_sc_hd__clkbuf_8)
                                                         net2 (net)
                      0.161954    0.044042    5.202371 ^ _254_/A (sky130_fd_sc_hd__inv_2)
     2    0.007031    0.037681    0.023917    5.226288 v _254_/Y (sky130_fd_sc_hd__inv_2)
                                                         _045_ (net)
                      0.037682    0.000180    5.226469 v _511_/A1 (sky130_fd_sc_hd__a21oi_1)
     1    0.002757    0.076533    0.081473    5.307942 ^ _511_/Y (sky130_fd_sc_hd__a21oi_1)
                                                         _241_ (net)
                      0.076533    0.000083    5.308026 ^ hold119/A (sky130_fd_sc_hd__dlygate4sd3_1)
     1    0.004750    0.050471    0.390671    5.698697 ^ hold119/X (sky130_fd_sc_hd__dlygate4sd3_1)
                                                         net290 (net)
                      0.050471    0.000138    5.698835 ^ _512_/B1 (sky130_fd_sc_hd__o22ai_2)
     1    0.002374    0.043664    0.029971    5.728806 v _512_/Y (sky130_fd_sc_hd__o22ai_2)
                                                         _242_ (net)
                      0.043664    0.000049    5.728855 v hold120/A (sky130_fd_sc_hd__dlygate4sd3_1)
     5    0.016859    0.082493    0.418684    6.147539 v hold120/X (sky130_fd_sc_hd__dlygate4sd3_1)
                                                         net291 (net)
                      0.082493    0.000361    6.147900 v _515_/B (sky130_fd_sc_hd__nor3_1)
     2    0.007956    0.191781    0.194468    6.342368 ^ _515_/Y (sky130_fd_sc_hd__nor3_1)
                                                         _245_ (net)
                      0.191781    0.000257    6.342625 ^ _519_/B1 (sky130_fd_sc_hd__a21o_1)
     1    0.002822    0.028539    0.051513    6.394138 ^ _519_/X (sky130_fd_sc_hd__a21o_1)
                                                         _009_ (net)
                      0.028539    0.000063    6.394201 ^ hold129/A (sky130_fd_sc_hd__dlygate4sd3_1)
     1    0.002519    0.035625    0.368444    6.762645 ^ hold129/X (sky130_fd_sc_hd__dlygate4sd3_1)
                                                         net300 (net)
                      0.035625    0.000072    6.762717 ^ _578_/D (sky130_fd_sc_hd__dfrtp_1)
                                              6.762717   data arrival time

                                 25.000000   25.000000   clock clk_i (rise edge)
                                  0.000000   25.000000   clock source latency
     2    0.077175    0.262105    0.196252   25.196251 ^ clk_i (in)
                                                         clk_i (net)
                      0.266425    0.000000   25.196251 ^ clkbuf_0_clk_i/A (sky130_fd_sc_hd__clkbuf_16)
     2    0.018739    0.036606    0.127372   25.323624 ^ clkbuf_0_clk_i/X (sky130_fd_sc_hd__clkbuf_16)
                                                         clknet_0_clk_i (net)
                      0.036606    0.000405   25.324028 ^ clkbuf_1_0__f_clk_i/A (sky130_fd_sc_hd__clkbuf_16)
     3    0.008468    0.023514    0.078213   25.402241 ^ clkbuf_1_0__f_clk_i/X (sky130_fd_sc_hd__clkbuf_16)
                                                         clknet_1_0__leaf_clk_i (net)
                      0.023514    0.000192   25.402433 ^ _498_/A (sky130_fd_sc_hd__and2_2)
     3    0.052614    0.202390    0.198499   25.600931 ^ _498_/X (sky130_fd_sc_hd__and2_2)
                                                         u_ibex.clk (net)
                      0.203536    0.012307   25.613239 ^ clkbuf_0_u_ibex.clk/A (sky130_fd_sc_hd__clkbuf_16)
     9    0.081193    0.077163    0.153010   25.766249 ^ clkbuf_0_u_ibex.clk/X (sky130_fd_sc_hd__clkbuf_16)
                                                         clknet_0_u_ibex.clk (net)
                      0.078334    0.007466   25.773714 ^ clkbuf_2_2__f_u_ibex.clk/A (sky130_fd_sc_hd__clkbuf_16)
    31    0.105244    0.094104    0.135618   25.909332 ^ clkbuf_2_2__f_u_ibex.clk/X (sky130_fd_sc_hd__clkbuf_16)
                                                         clknet_2_2__leaf_u_ibex.clk (net)
                      0.096859    0.012546   25.921879 ^ _578_/CLK (sky130_fd_sc_hd__dfrtp_1)
                                 -0.250000   25.671879   clock uncertainty
                                  0.000000   25.671879   clock reconvergence pessimism
                                 -0.031953   25.639927   library setup time
                                             25.639927   data required time
---------------------------------------------------------------------------------------------
                                             25.639927   data required time
                                             -6.762717   data arrival time
---------------------------------------------------------------------------------------------
                                             18.877209   slack (MET)


Startpoint: _574_ (rising edge-triggered flip-flop clocked by clk_i)
Endpoint: _557_ (rising edge-triggered flip-flop clocked by clk_i)
Path Group: clk_i
Path Type: max

Fanout         Cap        Slew       Delay        Time   Description
---------------------------------------------------------------------------------------------
                                  0.000000    0.000000   clock clk_i (rise edge)
                                  0.000000    0.000000   clock source latency
     2    0.077175    0.262105    0.196252    0.196252 ^ clk_i (in)
                                                         clk_i (net)
                      0.266425    0.000000    0.196252 ^ clkbuf_0_clk_i/A (sky130_fd_sc_hd__clkbuf_16)
     2    0.018739    0.036606    0.127371    0.323623 ^ clkbuf_0_clk_i/X (sky130_fd_sc_hd__clkbuf_16)
                                                         clknet_0_clk_i (net)
                      0.036606    0.000406    0.324030 ^ clkbuf_1_0__f_clk_i/A (sky130_fd_sc_hd__clkbuf_16)
     3    0.008468    0.023514    0.078213    0.402242 ^ clkbuf_1_0__f_clk_i/X (sky130_fd_sc_hd__clkbuf_16)
                                                         clknet_1_0__leaf_clk_i (net)
                      0.023514    0.000191    0.402433 ^ _498_/A (sky130_fd_sc_hd__and2_2)
     3    0.052614    0.202686    0.198500    0.600933 ^ _498_/X (sky130_fd_sc_hd__and2_2)
                                                         u_ibex.clk (net)
                      0.203830    0.012306    0.613239 ^ clkbuf_0_u_ibex.clk/A (sky130_fd_sc_hd__clkbuf_16)
     9    0.081193    0.077169    0.153052    0.766291 ^ clkbuf_0_u_ibex.clk/X (sky130_fd_sc_hd__clkbuf_16)
                                                         clknet_0_u_ibex.clk (net)
                      0.078291    0.007306    0.773597 ^ clkbuf_2_3__f_u_ibex.clk/A (sky130_fd_sc_hd__clkbuf_16)
    23    0.080609    0.075178    0.128255    0.901852 ^ clkbuf_2_3__f_u_ibex.clk/X (sky130_fd_sc_hd__clkbuf_16)
                                                         clknet_2_3__leaf_u_ibex.clk (net)
                      0.077016    0.009123    0.910974 ^ _574_/CLK (sky130_fd_sc_hd__dfrtp_1)
     1    0.003904    0.037903    0.215790    1.126764 ^ _574_/Q (sky130_fd_sc_hd__dfrtp_1)
                                                         u_ibex.u_ibex_core.id_stage_i.controller_i.ctrl_fsm_cs[3] (net)
                      0.037903    0.000136    1.126900 ^ hold327/A (sky130_fd_sc_hd__dlygate4sd3_1)
     1    0.002926    0.038129    0.373058    1.499958 ^ hold327/X (sky130_fd_sc_hd__dlygate4sd3_1)
                                                         net498 (net)
                      0.038129    0.000090    1.500047 ^ hold113/A (sky130_fd_sc_hd__dlygate4sd3_1)
     1    0.002897    0.037940    0.372921    1.872968 ^ hold113/X (sky130_fd_sc_hd__dlygate4sd3_1)
                                                         net284 (net)
                      0.037940    0.000088    1.873056 ^ hold328/A (sky130_fd_sc_hd__dlygate4sd3_1)
     2    0.010191    0.087303    0.413238    2.286294 ^ hold328/X (sky130_fd_sc_hd__dlygate4sd3_1)
                                                         net499 (net)
                      0.087303    0.000210    2.286505 ^ fanout83/A (sky130_fd_sc_hd__buf_1)
     1    0.005752    0.057018    0.075882    2.362387 ^ fanout83/X (sky130_fd_sc_hd__buf_1)
                                                         net83 (net)
                      0.057018    0.000227    2.362614 ^ hold114/A (sky130_fd_sc_hd__dlygate4sd3_1)
     6    0.021506    0.168850    0.474863    2.837477 ^ hold114/X (sky130_fd_sc_hd__dlygate4sd3_1)
                                                         net285 (net)
                      0.168850    0.000492    2.837969 ^ _411_/A_N (sky130_fd_sc_hd__and2b_1)
     4    0.017422    0.066452    0.160819    2.998788 v _411_/X (sky130_fd_sc_hd__and2b_1)
                                                         _165_ (net)
                      0.066463    0.000863    2.999651 v _412_/B (sky130_fd_sc_hd__nand2_1)
     1    0.003324    0.041729    0.059538    3.059190 ^ _412_/Y (sky130_fd_sc_hd__nand2_1)
                                                         _166_ (net)
                      0.041729    0.000104    3.059294 ^ hold231/A (sky130_fd_sc_hd__dlygate4sd3_1)
     1    0.003038    0.038846    0.374596    3.433890 ^ hold231/X (sky130_fd_sc_hd__dlygate4sd3_1)
                                                         net402 (net)
                      0.038846    0.000089    3.433978 ^ hold52/A (sky130_fd_sc_hd__dlygate4sd3_1)
     2    0.006357    0.061307    0.392664    3.826643 ^ hold52/X (sky130_fd_sc_hd__dlygate4sd3_1)
                                                         net223 (net)
                      0.061307    0.000176    3.826818 ^ _413_/B (sky130_fd_sc_hd__nor2_1)
     2    0.010706    0.071781    0.047504    3.874323 v _413_/Y (sky130_fd_sc_hd__nor2_1)
                                                         _167_ (net)
                      0.071783    0.000306    3.874629 v _435_/B1 (sky130_fd_sc_hd__o21ai_1)
     1    0.002453    0.065914    0.058799    3.933428 ^ _435_/Y (sky130_fd_sc_hd__o21ai_1)
                                                         _186_ (net)
                      0.065914    0.000052    3.933480 ^ hold136/A (sky130_fd_sc_hd__dlygate4sd3_1)
     1    0.005039    0.052398    0.390562    4.324042 ^ hold136/X (sky130_fd_sc_hd__dlygate4sd3_1)
                                                         net307 (net)
                      0.052398    0.000146    4.324187 ^ _436_/B (sky130_fd_sc_hd__nand2b_2)
     1    0.002951    0.027811    0.030286    4.354473 v _436_/Y (sky130_fd_sc_hd__nand2b_2)
                                                         _187_ (net)
                      0.027811    0.000094    4.354567 v hold137/A (sky130_fd_sc_hd__dlygate4sd3_1)
     5    0.023469    0.103950    0.432837    4.787404 v hold137/X (sky130_fd_sc_hd__dlygate4sd3_1)
                                                         net308 (net)
                      0.103952    0.000642    4.788046 v _450_/A2 (sky130_fd_sc_hd__a21o_1)
     1    0.002030    0.021680    0.131640    4.919685 v _450_/X (sky130_fd_sc_hd__a21o_1)
                                                         _197_ (net)
                      0.021680    0.000056    4.919742 v hold9/A (sky130_fd_sc_hd__dlygate4sd3_1)
     2    0.009507    0.061147    0.387136    5.306877 v hold9/X (sky130_fd_sc_hd__dlygate4sd3_1)
                                                         net180 (net)
                      0.061147    0.000294    5.307172 v _451_/A1 (sky130_fd_sc_hd__mux2_1)
     1    0.002791    0.037832    0.155437    5.462608 v _451_/X (sky130_fd_sc_hd__mux2_1)
                                                         u_ibex.u_ibex_core.if_stage_i.gen_prefetch_buffer.prefetch_buffer_i.branch_discard_s[0] (net)
                      0.037832    0.000083    5.462691 v hold146/A (sky130_fd_sc_hd__dlygate4sd3_1)
     1    0.002157    0.035917    0.358639    5.821330 v hold146/X (sky130_fd_sc_hd__dlygate4sd3_1)
                                                         net317 (net)
                      0.035917    0.000044    5.821373 v hold5/A (sky130_fd_sc_hd__dlygate4sd3_1)
     1    0.002354    0.036638    0.359090    6.180463 v hold5/X (sky130_fd_sc_hd__dlygate4sd3_1)
                                                         net176 (net)
                      0.036638    0.000065    6.180528 v hold147/A (sky130_fd_sc_hd__dlygate4sd3_1)
     1    0.002542    0.037154    0.360490    6.541018 v hold147/X (sky130_fd_sc_hd__dlygate4sd3_1)
                                                         net318 (net)
                      0.037154    0.000072    6.541090 v _557_/D (sky130_fd_sc_hd__dfrtp_1)
                                              6.541090   data arrival time

                                 25.000000   25.000000   clock clk_i (rise edge)
                                  0.000000   25.000000   clock source latency
     2    0.077175    0.262105    0.196252   25.196251 ^ clk_i (in)
                                                         clk_i (net)
                      0.266425    0.000000   25.196251 ^ clkbuf_0_clk_i/A (sky130_fd_sc_hd__clkbuf_16)
     2    0.018739    0.036606    0.127372   25.323624 ^ clkbuf_0_clk_i/X (sky130_fd_sc_hd__clkbuf_16)
                                                         clknet_0_clk_i (net)
                      0.036606    0.000405   25.324028 ^ clkbuf_1_0__f_clk_i/A (sky130_fd_sc_hd__clkbuf_16)
     3    0.008468    0.023514    0.078213   25.402241 ^ clkbuf_1_0__f_clk_i/X (sky130_fd_sc_hd__clkbuf_16)
                                                         clknet_1_0__leaf_clk_i (net)
                      0.023514    0.000192   25.402433 ^ _498_/A (sky130_fd_sc_hd__and2_2)
     3    0.052614    0.202390    0.198499   25.600931 ^ _498_/X (sky130_fd_sc_hd__and2_2)
                                                         u_ibex.clk (net)
                      0.203536    0.012307   25.613239 ^ clkbuf_0_u_ibex.clk/A (sky130_fd_sc_hd__clkbuf_16)
     9    0.081193    0.077163    0.153010   25.766249 ^ clkbuf_0_u_ibex.clk/X (sky130_fd_sc_hd__clkbuf_16)
                                                         clknet_0_u_ibex.clk (net)
                      0.078334    0.007466   25.773714 ^ clkbuf_2_2__f_u_ibex.clk/A (sky130_fd_sc_hd__clkbuf_16)
    31    0.105244    0.094104    0.135618   25.909332 ^ clkbuf_2_2__f_u_ibex.clk/X (sky130_fd_sc_hd__clkbuf_16)
                                                         clknet_2_2__leaf_u_ibex.clk (net)
                      0.101653    0.020542   25.929874 ^ _557_/CLK (sky130_fd_sc_hd__dfrtp_1)
                                 -0.250000   25.679874   clock uncertainty
                                  0.000041   25.679916   clock reconvergence pessimism
                                 -0.067577   25.612339   library setup time
                                             25.612339   data required time
---------------------------------------------------------------------------------------------
                                             25.612339   data required time
                                             -6.541090   data arrival time
---------------------------------------------------------------------------------------------
                                             19.071251   slack (MET)


Startpoint: _574_ (rising edge-triggered flip-flop clocked by clk_i)
Endpoint: _558_ (rising edge-triggered flip-flop clocked by clk_i)
Path Group: clk_i
Path Type: max

Fanout         Cap        Slew       Delay        Time   Description
---------------------------------------------------------------------------------------------
                                  0.000000    0.000000   clock clk_i (rise edge)
                                  0.000000    0.000000   clock source latency
     2    0.077175    0.262105    0.196252    0.196252 ^ clk_i (in)
                                                         clk_i (net)
                      0.266425    0.000000    0.196252 ^ clkbuf_0_clk_i/A (sky130_fd_sc_hd__clkbuf_16)
     2    0.018739    0.036606    0.127371    0.323623 ^ clkbuf_0_clk_i/X (sky130_fd_sc_hd__clkbuf_16)
                                                         clknet_0_clk_i (net)
                      0.036606    0.000406    0.324030 ^ clkbuf_1_0__f_clk_i/A (sky130_fd_sc_hd__clkbuf_16)
     3    0.008468    0.023514    0.078213    0.402242 ^ clkbuf_1_0__f_clk_i/X (sky130_fd_sc_hd__clkbuf_16)
                                                         clknet_1_0__leaf_clk_i (net)
                      0.023514    0.000191    0.402433 ^ _498_/A (sky130_fd_sc_hd__and2_2)
     3    0.052614    0.202686    0.198500    0.600933 ^ _498_/X (sky130_fd_sc_hd__and2_2)
                                                         u_ibex.clk (net)
                      0.203830    0.012306    0.613239 ^ clkbuf_0_u_ibex.clk/A (sky130_fd_sc_hd__clkbuf_16)
     9    0.081193    0.077169    0.153052    0.766291 ^ clkbuf_0_u_ibex.clk/X (sky130_fd_sc_hd__clkbuf_16)
                                                         clknet_0_u_ibex.clk (net)
                      0.078291    0.007306    0.773597 ^ clkbuf_2_3__f_u_ibex.clk/A (sky130_fd_sc_hd__clkbuf_16)
    23    0.080609    0.075178    0.128255    0.901852 ^ clkbuf_2_3__f_u_ibex.clk/X (sky130_fd_sc_hd__clkbuf_16)
                                                         clknet_2_3__leaf_u_ibex.clk (net)
                      0.077016    0.009123    0.910974 ^ _574_/CLK (sky130_fd_sc_hd__dfrtp_1)
     1    0.003904    0.037903    0.215790    1.126764 ^ _574_/Q (sky130_fd_sc_hd__dfrtp_1)
                                                         u_ibex.u_ibex_core.id_stage_i.controller_i.ctrl_fsm_cs[3] (net)
                      0.037903    0.000136    1.126900 ^ hold327/A (sky130_fd_sc_hd__dlygate4sd3_1)
     1    0.002926    0.038129    0.373058    1.499958 ^ hold327/X (sky130_fd_sc_hd__dlygate4sd3_1)
                                                         net498 (net)
                      0.038129    0.000090    1.500047 ^ hold113/A (sky130_fd_sc_hd__dlygate4sd3_1)
     1    0.002897    0.037940    0.372921    1.872968 ^ hold113/X (sky130_fd_sc_hd__dlygate4sd3_1)
                                                         net284 (net)
                      0.037940    0.000088    1.873056 ^ hold328/A (sky130_fd_sc_hd__dlygate4sd3_1)
     2    0.010191    0.087303    0.413238    2.286294 ^ hold328/X (sky130_fd_sc_hd__dlygate4sd3_1)
                                                         net499 (net)
                      0.087303    0.000210    2.286505 ^ fanout83/A (sky130_fd_sc_hd__buf_1)
     1    0.005752    0.057018    0.075882    2.362387 ^ fanout83/X (sky130_fd_sc_hd__buf_1)
                                                         net83 (net)
                      0.057018    0.000227    2.362614 ^ hold114/A (sky130_fd_sc_hd__dlygate4sd3_1)
     6    0.021506    0.168850    0.474863    2.837477 ^ hold114/X (sky130_fd_sc_hd__dlygate4sd3_1)
                                                         net285 (net)
                      0.168850    0.000492    2.837969 ^ _411_/A_N (sky130_fd_sc_hd__and2b_1)
     4    0.017422    0.066452    0.160819    2.998788 v _411_/X (sky130_fd_sc_hd__and2b_1)
                                                         _165_ (net)
                      0.066463    0.000863    2.999651 v _412_/B (sky130_fd_sc_hd__nand2_1)
     1    0.003324    0.041729    0.059538    3.059190 ^ _412_/Y (sky130_fd_sc_hd__nand2_1)
                                                         _166_ (net)
                      0.041729    0.000104    3.059294 ^ hold231/A (sky130_fd_sc_hd__dlygate4sd3_1)
     1    0.003038    0.038846    0.374596    3.433890 ^ hold231/X (sky130_fd_sc_hd__dlygate4sd3_1)
                                                         net402 (net)
                      0.038846    0.000089    3.433978 ^ hold52/A (sky130_fd_sc_hd__dlygate4sd3_1)
     2    0.006357    0.061307    0.392664    3.826643 ^ hold52/X (sky130_fd_sc_hd__dlygate4sd3_1)
                                                         net223 (net)
                      0.061307    0.000176    3.826818 ^ _413_/B (sky130_fd_sc_hd__nor2_1)
     2    0.010706    0.071781    0.047504    3.874323 v _413_/Y (sky130_fd_sc_hd__nor2_1)
                                                         _167_ (net)
                      0.071783    0.000306    3.874629 v _435_/B1 (sky130_fd_sc_hd__o21ai_1)
     1    0.002453    0.065914    0.058799    3.933428 ^ _435_/Y (sky130_fd_sc_hd__o21ai_1)
                                                         _186_ (net)
                      0.065914    0.000052    3.933480 ^ hold136/A (sky130_fd_sc_hd__dlygate4sd3_1)
     1    0.005039    0.052398    0.390562    4.324042 ^ hold136/X (sky130_fd_sc_hd__dlygate4sd3_1)
                                                         net307 (net)
                      0.052398    0.000146    4.324187 ^ _436_/B (sky130_fd_sc_hd__nand2b_2)
     1    0.002951    0.027811    0.030286    4.354473 v _436_/Y (sky130_fd_sc_hd__nand2b_2)
                                                         _187_ (net)
                      0.027811    0.000094    4.354567 v hold137/A (sky130_fd_sc_hd__dlygate4sd3_1)
     5    0.023469    0.103950    0.432837    4.787404 v hold137/X (sky130_fd_sc_hd__dlygate4sd3_1)
                                                         net308 (net)
                      0.103952    0.000642    4.788046 v _450_/A2 (sky130_fd_sc_hd__a21o_1)
     1    0.002030    0.021680    0.131640    4.919685 v _450_/X (sky130_fd_sc_hd__a21o_1)
                                                         _197_ (net)
                      0.021680    0.000056    4.919742 v hold9/A (sky130_fd_sc_hd__dlygate4sd3_1)
     2    0.009507    0.061147    0.387136    5.306877 v hold9/X (sky130_fd_sc_hd__dlygate4sd3_1)
                                                         net180 (net)
                      0.061147    0.000299    5.307177 v _452_/B (sky130_fd_sc_hd__and2b_1)
     1    0.002329    0.023347    0.103964    5.411140 v _452_/X (sky130_fd_sc_hd__and2b_1)
                                                         u_ibex.u_ibex_core.if_stage_i.gen_prefetch_buffer.prefetch_buffer_i.branch_discard_s[1] (net)
                      0.023347    0.000049    5.411190 v hold350/A (sky130_fd_sc_hd__dlygate4sd3_1)
     1    0.002696    0.037655    0.356361    5.767550 v hold350/X (sky130_fd_sc_hd__dlygate4sd3_1)
                                                         net521 (net)
                      0.037655    0.000083    5.767633 v hold10/A (sky130_fd_sc_hd__dlygate4sd3_1)
     1    0.003292    0.040277    0.365389    6.133022 v hold10/X (sky130_fd_sc_hd__dlygate4sd3_1)
                                                         net181 (net)
                      0.040277    0.000100    6.133122 v hold351/A (sky130_fd_sc_hd__dlygate4sd3_1)
     1    0.002501    0.037036    0.361632    6.494753 v hold351/X (sky130_fd_sc_hd__dlygate4sd3_1)
                                                         net522 (net)
                      0.037036    0.000072    6.494825 v _558_/D (sky130_fd_sc_hd__dfrtp_1)
                                              6.494825   data arrival time

                                 25.000000   25.000000   clock clk_i (rise edge)
                                  0.000000   25.000000   clock source latency
     2    0.077175    0.262105    0.196252   25.196251 ^ clk_i (in)
                                                         clk_i (net)
                      0.266425    0.000000   25.196251 ^ clkbuf_0_clk_i/A (sky130_fd_sc_hd__clkbuf_16)
     2    0.018739    0.036606    0.127372   25.323624 ^ clkbuf_0_clk_i/X (sky130_fd_sc_hd__clkbuf_16)
                                                         clknet_0_clk_i (net)
                      0.036606    0.000405   25.324028 ^ clkbuf_1_0__f_clk_i/A (sky130_fd_sc_hd__clkbuf_16)
     3    0.008468    0.023514    0.078213   25.402241 ^ clkbuf_1_0__f_clk_i/X (sky130_fd_sc_hd__clkbuf_16)
                                                         clknet_1_0__leaf_clk_i (net)
                      0.023514    0.000192   25.402433 ^ _498_/A (sky130_fd_sc_hd__and2_2)
     3    0.052614    0.202390    0.198499   25.600931 ^ _498_/X (sky130_fd_sc_hd__and2_2)
                                                         u_ibex.clk (net)
                      0.203536    0.012307   25.613239 ^ clkbuf_0_u_ibex.clk/A (sky130_fd_sc_hd__clkbuf_16)
     9    0.081193    0.077163    0.153010   25.766249 ^ clkbuf_0_u_ibex.clk/X (sky130_fd_sc_hd__clkbuf_16)
                                                         clknet_0_u_ibex.clk (net)
                      0.078334    0.007466   25.773714 ^ clkbuf_2_2__f_u_ibex.clk/A (sky130_fd_sc_hd__clkbuf_16)
    31    0.105244    0.094104    0.135618   25.909332 ^ clkbuf_2_2__f_u_ibex.clk/X (sky130_fd_sc_hd__clkbuf_16)
                                                         clknet_2_2__leaf_u_ibex.clk (net)
                      0.101492    0.020318   25.929649 ^ _558_/CLK (sky130_fd_sc_hd__dfrtp_1)
                                 -0.250000   25.679651   clock uncertainty
                                  0.000041   25.679691   clock reconvergence pessimism
                                 -0.067551   25.612141   library setup time
                                             25.612141   data required time
---------------------------------------------------------------------------------------------
                                             25.612141   data required time
                                             -6.494825   data arrival time
---------------------------------------------------------------------------------------------
                                             19.117317   slack (MET)


Startpoint: rst_ni (input port clocked by clk_i)
Endpoint: _556_ (recovery check against rising-edge clock clk_i)
Path Group: asynchronous
Path Type: max

Fanout         Cap        Slew       Delay        Time   Description
---------------------------------------------------------------------------------------------
                                  0.000000    0.000000   clock clk_i (rise edge)
                                  0.000000    0.000000   clock network delay (propagated)
                                  5.000000    5.000000 ^ input external delay
     2    0.009405    0.036510    0.023675    5.023675 ^ rst_ni (in)
                                                         rst_ni (net)
                      0.036511    0.000000    5.023675 ^ input1/A (sky130_fd_sc_hd__buf_8)
     5    0.139059    0.161377    0.127418    5.151093 ^ input1/X (sky130_fd_sc_hd__buf_8)
                                                         net1 (net)
                      0.203178    0.060996    5.212088 ^ fanout99/A (sky130_fd_sc_hd__clkbuf_2)
     7    0.033369    0.142141    0.171826    5.383914 ^ fanout99/X (sky130_fd_sc_hd__clkbuf_2)
                                                         net99 (net)
                      0.142145    0.000562    5.384476 ^ fanout98/A (sky130_fd_sc_hd__buf_1)
     4    0.020273    0.180099    0.163209    5.547685 ^ fanout98/X (sky130_fd_sc_hd__buf_1)
                                                         net98 (net)
                      0.180100    0.000371    5.548056 ^ fanout97/A (sky130_fd_sc_hd__buf_2)
     6    0.034924    0.130751    0.167231    5.715287 ^ fanout97/X (sky130_fd_sc_hd__buf_2)
                                                         net97 (net)
                      0.130806    0.001108    5.716395 ^ fanout96/A (sky130_fd_sc_hd__clkbuf_2)
     6    0.030295    0.129444    0.157042    5.873437 ^ fanout96/X (sky130_fd_sc_hd__clkbuf_2)
                                                         net96 (net)
                      0.129465    0.001337    5.874774 ^ _556_/RESET_B (sky130_fd_sc_hd__dfrtp_2)
                                              5.874774   data arrival time

                                 25.000000   25.000000   clock clk_i (rise edge)
                                  0.000000   25.000000   clock source latency
     2    0.077175    0.262105    0.196252   25.196251 ^ clk_i (in)
                                                         clk_i (net)
                      0.266425    0.000000   25.196251 ^ clkbuf_0_clk_i/A (sky130_fd_sc_hd__clkbuf_16)
     2    0.018739    0.036606    0.127372   25.323624 ^ clkbuf_0_clk_i/X (sky130_fd_sc_hd__clkbuf_16)
                                                         clknet_0_clk_i (net)
                      0.036606    0.000405   25.324028 ^ clkbuf_1_0__f_clk_i/A (sky130_fd_sc_hd__clkbuf_16)
     3    0.008468    0.023514    0.078213   25.402241 ^ clkbuf_1_0__f_clk_i/X (sky130_fd_sc_hd__clkbuf_16)
                                                         clknet_1_0__leaf_clk_i (net)
                      0.023514    0.000195   25.402437 ^ _556_/CLK (sky130_fd_sc_hd__dfrtp_2)
                                 -0.250000   25.152437   clock uncertainty
                                  0.000000   25.152437   clock reconvergence pessimism
                                  0.107257   25.259693   library recovery time
                                             25.259693   data required time
---------------------------------------------------------------------------------------------
                                             25.259693   data required time
                                             -5.874774   data arrival time
---------------------------------------------------------------------------------------------
                                             19.384918   slack (MET)


Startpoint: rst_ni (input port clocked by clk_i)
Endpoint: _611_ (recovery check against rising-edge clock clk_i)
Path Group: asynchronous
Path Type: max

Fanout         Cap        Slew       Delay        Time   Description
---------------------------------------------------------------------------------------------
                                  0.000000    0.000000   clock clk_i (rise edge)
                                  0.000000    0.000000   clock network delay (propagated)
                                  5.000000    5.000000 ^ input external delay
     2    0.009405    0.036510    0.023675    5.023675 ^ rst_ni (in)
                                                         rst_ni (net)
                      0.036511    0.000000    5.023675 ^ input1/A (sky130_fd_sc_hd__buf_8)
     5    0.139059    0.161377    0.127418    5.151093 ^ input1/X (sky130_fd_sc_hd__buf_8)
                                                         net1 (net)
                      0.203178    0.060996    5.212088 ^ fanout99/A (sky130_fd_sc_hd__clkbuf_2)
     7    0.033369    0.142141    0.171826    5.383914 ^ fanout99/X (sky130_fd_sc_hd__clkbuf_2)
                                                         net99 (net)
                      0.142145    0.000562    5.384476 ^ fanout98/A (sky130_fd_sc_hd__buf_1)
     4    0.020273    0.180099    0.163209    5.547685 ^ fanout98/X (sky130_fd_sc_hd__buf_1)
                                                         net98 (net)
                      0.180100    0.000371    5.548056 ^ fanout97/A (sky130_fd_sc_hd__buf_2)
     6    0.034924    0.130751    0.167231    5.715287 ^ fanout97/X (sky130_fd_sc_hd__buf_2)
                                                         net97 (net)
                      0.130810    0.001262    5.716549 ^ _611_/RESET_B (sky130_fd_sc_hd__dfrtp_1)
                                              5.716549   data arrival time

                                 25.000000   25.000000   clock clk_i (rise edge)
                                  0.000000   25.000000   clock source latency
     2    0.077175    0.262105    0.196252   25.196251 ^ clk_i (in)
                                                         clk_i (net)
                      0.266425    0.000000   25.196251 ^ clkbuf_0_clk_i/A (sky130_fd_sc_hd__clkbuf_16)
     2    0.018739    0.036606    0.127372   25.323624 ^ clkbuf_0_clk_i/X (sky130_fd_sc_hd__clkbuf_16)
                                                         clknet_0_clk_i (net)
                      0.036606    0.000464   25.324087 ^ clkbuf_1_1__f_clk_i/A (sky130_fd_sc_hd__clkbuf_16)
     2    0.006743    0.022210    0.076824   25.400911 ^ clkbuf_1_1__f_clk_i/X (sky130_fd_sc_hd__clkbuf_16)
                                                         clknet_1_1__leaf_clk_i (net)
                      0.022211    0.000222   25.401133 ^ _611_/CLK (sky130_fd_sc_hd__dfrtp_1)
                                 -0.250000   25.151133   clock uncertainty
                                  0.000000   25.151133   clock reconvergence pessimism
                                  0.123641   25.274775   library recovery time
                                             25.274775   data required time
---------------------------------------------------------------------------------------------
                                             25.274775   data required time
                                             -5.716549   data arrival time
---------------------------------------------------------------------------------------------
                                             19.558226   slack (MET)


Startpoint: tl_i[65] (input port clocked by clk_i)
Endpoint: _577_ (rising edge-triggered flip-flop clocked by clk_i)
Path Group: clk_i
Path Type: max

Fanout         Cap        Slew       Delay        Time   Description
---------------------------------------------------------------------------------------------
                                  0.000000    0.000000   clock clk_i (rise edge)
                                  0.000000    0.000000   clock network delay (propagated)
                                  5.000000    5.000000 ^ input external delay
     2    0.006031    0.025144    0.015471    5.015471 ^ tl_i[65] (in)
                                                         tl_i[65] (net)
                      0.025144    0.000000    5.015471 ^ input15/A (sky130_fd_sc_hd__clkbuf_8)
    13    0.132545    0.172425    0.165432    5.180902 ^ input15/X (sky130_fd_sc_hd__clkbuf_8)
                                                         net15 (net)
                      0.195959    0.047983    5.228886 ^ _513_/C_N (sky130_fd_sc_hd__or3b_1)
     2    0.006898    0.058649    0.220972    5.449858 v _513_/X (sky130_fd_sc_hd__or3b_1)
                                                         _243_ (net)
                      0.058649    0.000164    5.450022 v _518_/B1 (sky130_fd_sc_hd__o21ai_1)
     1    0.002376    0.068586    0.053460    5.503482 ^ _518_/Y (sky130_fd_sc_hd__o21ai_1)
                                                         _008_ (net)
                      0.068586    0.000068    5.503550 ^ hold109/A (sky130_fd_sc_hd__dlygate4sd3_1)
     1    0.002706    0.036722    0.377351    5.880901 ^ hold109/X (sky130_fd_sc_hd__dlygate4sd3_1)
                                                         net280 (net)
                      0.036722    0.000079    5.880980 ^ _577_/D (sky130_fd_sc_hd__dfrtp_2)
                                              5.880980   data arrival time

                                 25.000000   25.000000   clock clk_i (rise edge)
                                  0.000000   25.000000   clock source latency
     2    0.077175    0.262105    0.196252   25.196251 ^ clk_i (in)
                                                         clk_i (net)
                      0.266425    0.000000   25.196251 ^ clkbuf_0_clk_i/A (sky130_fd_sc_hd__clkbuf_16)
     2    0.018739    0.036606    0.127372   25.323624 ^ clkbuf_0_clk_i/X (sky130_fd_sc_hd__clkbuf_16)
                                                         clknet_0_clk_i (net)
                      0.036606    0.000405   25.324028 ^ clkbuf_1_0__f_clk_i/A (sky130_fd_sc_hd__clkbuf_16)
     3    0.008468    0.023514    0.078213   25.402241 ^ clkbuf_1_0__f_clk_i/X (sky130_fd_sc_hd__clkbuf_16)
                                                         clknet_1_0__leaf_clk_i (net)
                      0.023514    0.000192   25.402433 ^ _498_/A (sky130_fd_sc_hd__and2_2)
     3    0.052614    0.202390    0.198499   25.600931 ^ _498_/X (sky130_fd_sc_hd__and2_2)
                                                         u_ibex.clk (net)
                      0.203536    0.012307   25.613239 ^ clkbuf_0_u_ibex.clk/A (sky130_fd_sc_hd__clkbuf_16)
     9    0.081193    0.077163    0.153010   25.766249 ^ clkbuf_0_u_ibex.clk/X (sky130_fd_sc_hd__clkbuf_16)
                                                         clknet_0_u_ibex.clk (net)
                      0.078286    0.007306   25.773554 ^ clkbuf_2_3__f_u_ibex.clk/A (sky130_fd_sc_hd__clkbuf_16)
    23    0.080609    0.075178    0.128253   25.901808 ^ clkbuf_2_3__f_u_ibex.clk/X (sky130_fd_sc_hd__clkbuf_16)
                                                         clknet_2_3__leaf_u_ibex.clk (net)
                      0.076416    0.007477   25.909285 ^ _577_/CLK (sky130_fd_sc_hd__dfrtp_2)
                                 -0.250000   25.659285   clock uncertainty
                                  0.000000   25.659285   clock reconvergence pessimism
                                 -0.035224   25.624062   library setup time
                                             25.624062   data required time
---------------------------------------------------------------------------------------------
                                             25.624062   data required time
                                             -5.880980   data arrival time
---------------------------------------------------------------------------------------------
                                             19.743080   slack (MET)


Startpoint: rst_ni (input port clocked by clk_i)
Endpoint: _560_ (recovery check against rising-edge clock clk_i)
Path Group: asynchronous
Path Type: max

Fanout         Cap        Slew       Delay        Time   Description
---------------------------------------------------------------------------------------------
                                  0.000000    0.000000   clock clk_i (rise edge)
                                  0.000000    0.000000   clock network delay (propagated)
                                  5.000000    5.000000 ^ input external delay
     2    0.009405    0.036510    0.023675    5.023675 ^ rst_ni (in)
                                                         rst_ni (net)
                      0.036511    0.000000    5.023675 ^ input1/A (sky130_fd_sc_hd__buf_8)
     5    0.139059    0.161377    0.127418    5.151093 ^ input1/X (sky130_fd_sc_hd__buf_8)
                                                         net1 (net)
                      0.203178    0.060996    5.212088 ^ fanout99/A (sky130_fd_sc_hd__clkbuf_2)
     7    0.033369    0.142141    0.171826    5.383914 ^ fanout99/X (sky130_fd_sc_hd__clkbuf_2)
                                                         net99 (net)
                      0.142145    0.000562    5.384476 ^ fanout98/A (sky130_fd_sc_hd__buf_1)
     4    0.020273    0.180099    0.163209    5.547685 ^ fanout98/X (sky130_fd_sc_hd__buf_1)
                                                         net98 (net)
                      0.180100    0.000371    5.548056 ^ fanout97/A (sky130_fd_sc_hd__buf_2)
     6    0.034924    0.130751    0.167231    5.715287 ^ fanout97/X (sky130_fd_sc_hd__buf_2)
                                                         net97 (net)
                      0.130806    0.001108    5.716395 ^ fanout96/A (sky130_fd_sc_hd__clkbuf_2)
     6    0.030295    0.129444    0.157042    5.873437 ^ fanout96/X (sky130_fd_sc_hd__clkbuf_2)
                                                         net96 (net)
                      0.129473    0.001580    5.875018 ^ _560_/RESET_B (sky130_fd_sc_hd__dfrtp_1)
                                              5.875018   data arrival time

                                 25.000000   25.000000   clock clk_i (rise edge)
                                  0.000000   25.000000   clock source latency
     2    0.077175    0.262105    0.196252   25.196251 ^ clk_i (in)
                                                         clk_i (net)
                      0.266425    0.000000   25.196251 ^ clkbuf_0_clk_i/A (sky130_fd_sc_hd__clkbuf_16)
     2    0.018739    0.036606    0.127372   25.323624 ^ clkbuf_0_clk_i/X (sky130_fd_sc_hd__clkbuf_16)
                                                         clknet_0_clk_i (net)
                      0.036606    0.000405   25.324028 ^ clkbuf_1_0__f_clk_i/A (sky130_fd_sc_hd__clkbuf_16)
     3    0.008468    0.023514    0.078213   25.402241 ^ clkbuf_1_0__f_clk_i/X (sky130_fd_sc_hd__clkbuf_16)
                                                         clknet_1_0__leaf_clk_i (net)
                      0.023514    0.000192   25.402433 ^ _498_/A (sky130_fd_sc_hd__and2_2)
     3    0.052614    0.202390    0.198499   25.600931 ^ _498_/X (sky130_fd_sc_hd__and2_2)
                                                         u_ibex.clk (net)
                      0.203536    0.012307   25.613239 ^ clkbuf_0_u_ibex.clk/A (sky130_fd_sc_hd__clkbuf_16)
     9    0.081193    0.077163    0.153010   25.766249 ^ clkbuf_0_u_ibex.clk/X (sky130_fd_sc_hd__clkbuf_16)
                                                         clknet_0_u_ibex.clk (net)
                      0.078334    0.007466   25.773714 ^ clkbuf_2_2__f_u_ibex.clk/A (sky130_fd_sc_hd__clkbuf_16)
    31    0.105244    0.094104    0.135618   25.909332 ^ clkbuf_2_2__f_u_ibex.clk/X (sky130_fd_sc_hd__clkbuf_16)
                                                         clknet_2_2__leaf_u_ibex.clk (net)
                      0.101213    0.019927   25.929260 ^ _560_/CLK (sky130_fd_sc_hd__dfrtp_1)
                                 -0.250000   25.679260   clock uncertainty
                                  0.000000   25.679260   clock reconvergence pessimism
                                  0.136032   25.815292   library recovery time
                                             25.815292   data required time
---------------------------------------------------------------------------------------------
                                             25.815292   data required time
                                             -5.875018   data arrival time
---------------------------------------------------------------------------------------------
                                             19.940273   slack (MET)


Startpoint: rst_ni (input port clocked by clk_i)
Endpoint: _559_ (recovery check against rising-edge clock clk_i)
Path Group: asynchronous
Path Type: max

Fanout         Cap        Slew       Delay        Time   Description
---------------------------------------------------------------------------------------------
                                  0.000000    0.000000   clock clk_i (rise edge)
                                  0.000000    0.000000   clock network delay (propagated)
                                  5.000000    5.000000 ^ input external delay
     2    0.009405    0.036510    0.023675    5.023675 ^ rst_ni (in)
                                                         rst_ni (net)
                      0.036511    0.000000    5.023675 ^ input1/A (sky130_fd_sc_hd__buf_8)
     5    0.139059    0.161377    0.127418    5.151093 ^ input1/X (sky130_fd_sc_hd__buf_8)
                                                         net1 (net)
                      0.203178    0.060996    5.212088 ^ fanout99/A (sky130_fd_sc_hd__clkbuf_2)
     7    0.033369    0.142141    0.171826    5.383914 ^ fanout99/X (sky130_fd_sc_hd__clkbuf_2)
                                                         net99 (net)
                      0.142145    0.000562    5.384476 ^ fanout98/A (sky130_fd_sc_hd__buf_1)
     4    0.020273    0.180099    0.163209    5.547685 ^ fanout98/X (sky130_fd_sc_hd__buf_1)
                                                         net98 (net)
                      0.180100    0.000371    5.548056 ^ fanout97/A (sky130_fd_sc_hd__buf_2)
     6    0.034924    0.130751    0.167231    5.715287 ^ fanout97/X (sky130_fd_sc_hd__buf_2)
                                                         net97 (net)
                      0.130806    0.001108    5.716395 ^ fanout96/A (sky130_fd_sc_hd__clkbuf_2)
     6    0.030295    0.129444    0.157042    5.873437 ^ fanout96/X (sky130_fd_sc_hd__clkbuf_2)
                                                         net96 (net)
                      0.129472    0.001549    5.874987 ^ _559_/RESET_B (sky130_fd_sc_hd__dfrtp_1)
                                              5.874987   data arrival time

                                 25.000000   25.000000   clock clk_i (rise edge)
                                  0.000000   25.000000   clock source latency
     2    0.077175    0.262105    0.196252   25.196251 ^ clk_i (in)
                                                         clk_i (net)
                      0.266425    0.000000   25.196251 ^ clkbuf_0_clk_i/A (sky130_fd_sc_hd__clkbuf_16)
     2    0.018739    0.036606    0.127372   25.323624 ^ clkbuf_0_clk_i/X (sky130_fd_sc_hd__clkbuf_16)
                                                         clknet_0_clk_i (net)
                      0.036606    0.000405   25.324028 ^ clkbuf_1_0__f_clk_i/A (sky130_fd_sc_hd__clkbuf_16)
     3    0.008468    0.023514    0.078213   25.402241 ^ clkbuf_1_0__f_clk_i/X (sky130_fd_sc_hd__clkbuf_16)
                                                         clknet_1_0__leaf_clk_i (net)
                      0.023514    0.000192   25.402433 ^ _498_/A (sky130_fd_sc_hd__and2_2)
     3    0.052614    0.202390    0.198499   25.600931 ^ _498_/X (sky130_fd_sc_hd__and2_2)
                                                         u_ibex.clk (net)
                      0.203536    0.012307   25.613239 ^ clkbuf_0_u_ibex.clk/A (sky130_fd_sc_hd__clkbuf_16)
     9    0.081193    0.077163    0.153010   25.766249 ^ clkbuf_0_u_ibex.clk/X (sky130_fd_sc_hd__clkbuf_16)
                                                         clknet_0_u_ibex.clk (net)
                      0.078334    0.007466   25.773714 ^ clkbuf_2_2__f_u_ibex.clk/A (sky130_fd_sc_hd__clkbuf_16)
    31    0.105244    0.094104    0.135618   25.909332 ^ clkbuf_2_2__f_u_ibex.clk/X (sky130_fd_sc_hd__clkbuf_16)
                                                         clknet_2_2__leaf_u_ibex.clk (net)
                      0.101283    0.020025   25.929358 ^ _559_/CLK (sky130_fd_sc_hd__dfrtp_1)
                                 -0.250000   25.679358   clock uncertainty
                                  0.000000   25.679358   clock reconvergence pessimism
                                  0.136043   25.815403   library recovery time
                                             25.815403   data required time
---------------------------------------------------------------------------------------------
                                             25.815403   data required time
                                             -5.874987   data arrival time
---------------------------------------------------------------------------------------------
                                             19.940416   slack (MET)


Startpoint: rst_ni (input port clocked by clk_i)
Endpoint: _558_ (recovery check against rising-edge clock clk_i)
Path Group: asynchronous
Path Type: max

Fanout         Cap        Slew       Delay        Time   Description
---------------------------------------------------------------------------------------------
                                  0.000000    0.000000   clock clk_i (rise edge)
                                  0.000000    0.000000   clock network delay (propagated)
                                  5.000000    5.000000 ^ input external delay
     2    0.009405    0.036510    0.023675    5.023675 ^ rst_ni (in)
                                                         rst_ni (net)
                      0.036511    0.000000    5.023675 ^ input1/A (sky130_fd_sc_hd__buf_8)
     5    0.139059    0.161377    0.127418    5.151093 ^ input1/X (sky130_fd_sc_hd__buf_8)
                                                         net1 (net)
                      0.203178    0.060996    5.212088 ^ fanout99/A (sky130_fd_sc_hd__clkbuf_2)
     7    0.033369    0.142141    0.171826    5.383914 ^ fanout99/X (sky130_fd_sc_hd__clkbuf_2)
                                                         net99 (net)
                      0.142145    0.000562    5.384476 ^ fanout98/A (sky130_fd_sc_hd__buf_1)
     4    0.020273    0.180099    0.163209    5.547685 ^ fanout98/X (sky130_fd_sc_hd__buf_1)
                                                         net98 (net)
                      0.180100    0.000371    5.548056 ^ fanout97/A (sky130_fd_sc_hd__buf_2)
     6    0.034924    0.130751    0.167231    5.715287 ^ fanout97/X (sky130_fd_sc_hd__buf_2)
                                                         net97 (net)
                      0.130806    0.001108    5.716395 ^ fanout96/A (sky130_fd_sc_hd__clkbuf_2)
     6    0.030295    0.129444    0.157042    5.873437 ^ fanout96/X (sky130_fd_sc_hd__clkbuf_2)
                                                         net96 (net)
                      0.129473    0.001575    5.875012 ^ _558_/RESET_B (sky130_fd_sc_hd__dfrtp_1)
                                              5.875012   data arrival time

                                 25.000000   25.000000   clock clk_i (rise edge)
                                  0.000000   25.000000   clock source latency
     2    0.077175    0.262105    0.196252   25.196251 ^ clk_i (in)
                                                         clk_i (net)
                      0.266425    0.000000   25.196251 ^ clkbuf_0_clk_i/A (sky130_fd_sc_hd__clkbuf_16)
     2    0.018739    0.036606    0.127372   25.323624 ^ clkbuf_0_clk_i/X (sky130_fd_sc_hd__clkbuf_16)
                                                         clknet_0_clk_i (net)
                      0.036606    0.000405   25.324028 ^ clkbuf_1_0__f_clk_i/A (sky130_fd_sc_hd__clkbuf_16)
     3    0.008468    0.023514    0.078213   25.402241 ^ clkbuf_1_0__f_clk_i/X (sky130_fd_sc_hd__clkbuf_16)
                                                         clknet_1_0__leaf_clk_i (net)
                      0.023514    0.000192   25.402433 ^ _498_/A (sky130_fd_sc_hd__and2_2)
     3    0.052614    0.202390    0.198499   25.600931 ^ _498_/X (sky130_fd_sc_hd__and2_2)
                                                         u_ibex.clk (net)
                      0.203536    0.012307   25.613239 ^ clkbuf_0_u_ibex.clk/A (sky130_fd_sc_hd__clkbuf_16)
     9    0.081193    0.077163    0.153010   25.766249 ^ clkbuf_0_u_ibex.clk/X (sky130_fd_sc_hd__clkbuf_16)
                                                         clknet_0_u_ibex.clk (net)
                      0.078334    0.007466   25.773714 ^ clkbuf_2_2__f_u_ibex.clk/A (sky130_fd_sc_hd__clkbuf_16)
    31    0.105244    0.094104    0.135618   25.909332 ^ clkbuf_2_2__f_u_ibex.clk/X (sky130_fd_sc_hd__clkbuf_16)
                                                         clknet_2_2__leaf_u_ibex.clk (net)
                      0.101492    0.020318   25.929649 ^ _558_/CLK (sky130_fd_sc_hd__dfrtp_1)
                                 -0.250000   25.679651   clock uncertainty
                                  0.000000   25.679651   clock reconvergence pessimism
                                  0.136075   25.815727   library recovery time
                                             25.815727   data required time
---------------------------------------------------------------------------------------------
                                             25.815727   data required time
                                             -5.875012   data arrival time
---------------------------------------------------------------------------------------------
                                             19.940714   slack (MET)


Startpoint: rst_ni (input port clocked by clk_i)
Endpoint: _557_ (recovery check against rising-edge clock clk_i)
Path Group: asynchronous
Path Type: max

Fanout         Cap        Slew       Delay        Time   Description
---------------------------------------------------------------------------------------------
                                  0.000000    0.000000   clock clk_i (rise edge)
                                  0.000000    0.000000   clock network delay (propagated)
                                  5.000000    5.000000 ^ input external delay
     2    0.009405    0.036510    0.023675    5.023675 ^ rst_ni (in)
                                                         rst_ni (net)
                      0.036511    0.000000    5.023675 ^ input1/A (sky130_fd_sc_hd__buf_8)
     5    0.139059    0.161377    0.127418    5.151093 ^ input1/X (sky130_fd_sc_hd__buf_8)
                                                         net1 (net)
                      0.203178    0.060996    5.212088 ^ fanout99/A (sky130_fd_sc_hd__clkbuf_2)
     7    0.033369    0.142141    0.171826    5.383914 ^ fanout99/X (sky130_fd_sc_hd__clkbuf_2)
                                                         net99 (net)
                      0.142145    0.000562    5.384476 ^ fanout98/A (sky130_fd_sc_hd__buf_1)
     4    0.020273    0.180099    0.163209    5.547685 ^ fanout98/X (sky130_fd_sc_hd__buf_1)
                                                         net98 (net)
                      0.180100    0.000371    5.548056 ^ fanout97/A (sky130_fd_sc_hd__buf_2)
     6    0.034924    0.130751    0.167231    5.715287 ^ fanout97/X (sky130_fd_sc_hd__buf_2)
                                                         net97 (net)
                      0.130806    0.001108    5.716395 ^ fanout96/A (sky130_fd_sc_hd__clkbuf_2)
     6    0.030295    0.129444    0.157042    5.873437 ^ fanout96/X (sky130_fd_sc_hd__clkbuf_2)
                                                         net96 (net)
                      0.129468    0.001430    5.874867 ^ _557_/RESET_B (sky130_fd_sc_hd__dfrtp_1)
                                              5.874867   data arrival time

                                 25.000000   25.000000   clock clk_i (rise edge)
                                  0.000000   25.000000   clock source latency
     2    0.077175    0.262105    0.196252   25.196251 ^ clk_i (in)
                                                         clk_i (net)
                      0.266425    0.000000   25.196251 ^ clkbuf_0_clk_i/A (sky130_fd_sc_hd__clkbuf_16)
     2    0.018739    0.036606    0.127372   25.323624 ^ clkbuf_0_clk_i/X (sky130_fd_sc_hd__clkbuf_16)
                                                         clknet_0_clk_i (net)
                      0.036606    0.000405   25.324028 ^ clkbuf_1_0__f_clk_i/A (sky130_fd_sc_hd__clkbuf_16)
     3    0.008468    0.023514    0.078213   25.402241 ^ clkbuf_1_0__f_clk_i/X (sky130_fd_sc_hd__clkbuf_16)
                                                         clknet_1_0__leaf_clk_i (net)
                      0.023514    0.000192   25.402433 ^ _498_/A (sky130_fd_sc_hd__and2_2)
     3    0.052614    0.202390    0.198499   25.600931 ^ _498_/X (sky130_fd_sc_hd__and2_2)
                                                         u_ibex.clk (net)
                      0.203536    0.012307   25.613239 ^ clkbuf_0_u_ibex.clk/A (sky130_fd_sc_hd__clkbuf_16)
     9    0.081193    0.077163    0.153010   25.766249 ^ clkbuf_0_u_ibex.clk/X (sky130_fd_sc_hd__clkbuf_16)
                                                         clknet_0_u_ibex.clk (net)
                      0.078334    0.007466   25.773714 ^ clkbuf_2_2__f_u_ibex.clk/A (sky130_fd_sc_hd__clkbuf_16)
    31    0.105244    0.094104    0.135618   25.909332 ^ clkbuf_2_2__f_u_ibex.clk/X (sky130_fd_sc_hd__clkbuf_16)
                                                         clknet_2_2__leaf_u_ibex.clk (net)
                      0.101653    0.020542   25.929874 ^ _557_/CLK (sky130_fd_sc_hd__dfrtp_1)
                                 -0.250000   25.679874   clock uncertainty
                                  0.000000   25.679874   clock reconvergence pessimism
                                  0.136101   25.815975   library recovery time
                                             25.815975   data required time
---------------------------------------------------------------------------------------------
                                             25.815975   data required time
                                             -5.874867   data arrival time
---------------------------------------------------------------------------------------------
                                             19.941109   slack (MET)


Startpoint: rst_ni (input port clocked by clk_i)
Endpoint: _562_ (recovery check against rising-edge clock clk_i)
Path Group: asynchronous
Path Type: max

Fanout         Cap        Slew       Delay        Time   Description
---------------------------------------------------------------------------------------------
                                  0.000000    0.000000   clock clk_i (rise edge)
                                  0.000000    0.000000   clock network delay (propagated)
                                  5.000000    5.000000 ^ input external delay
     2    0.009405    0.036510    0.023675    5.023675 ^ rst_ni (in)
                                                         rst_ni (net)
                      0.036511    0.000000    5.023675 ^ input1/A (sky130_fd_sc_hd__buf_8)
     5    0.139059    0.161377    0.127418    5.151093 ^ input1/X (sky130_fd_sc_hd__buf_8)
                                                         net1 (net)
                      0.203178    0.060996    5.212088 ^ fanout99/A (sky130_fd_sc_hd__clkbuf_2)
     7    0.033369    0.142141    0.171826    5.383914 ^ fanout99/X (sky130_fd_sc_hd__clkbuf_2)
                                                         net99 (net)
                      0.142145    0.000562    5.384476 ^ fanout98/A (sky130_fd_sc_hd__buf_1)
     4    0.020273    0.180099    0.163209    5.547685 ^ fanout98/X (sky130_fd_sc_hd__buf_1)
                                                         net98 (net)
                      0.180100    0.000371    5.548056 ^ fanout97/A (sky130_fd_sc_hd__buf_2)
     6    0.034924    0.130751    0.167231    5.715287 ^ fanout97/X (sky130_fd_sc_hd__buf_2)
                                                         net97 (net)
                      0.130806    0.001108    5.716395 ^ fanout96/A (sky130_fd_sc_hd__clkbuf_2)
     6    0.030295    0.129444    0.157042    5.873437 ^ fanout96/X (sky130_fd_sc_hd__clkbuf_2)
                                                         net96 (net)
                      0.129449    0.000673    5.874110 ^ _562_/RESET_B (sky130_fd_sc_hd__dfrtp_1)
                                              5.874110   data arrival time

                                 25.000000   25.000000   clock clk_i (rise edge)
                                  0.000000   25.000000   clock source latency
     2    0.077175    0.262105    0.196252   25.196251 ^ clk_i (in)
                                                         clk_i (net)
                      0.266425    0.000000   25.196251 ^ clkbuf_0_clk_i/A (sky130_fd_sc_hd__clkbuf_16)
     2    0.018739    0.036606    0.127372   25.323624 ^ clkbuf_0_clk_i/X (sky130_fd_sc_hd__clkbuf_16)
                                                         clknet_0_clk_i (net)
                      0.036606    0.000405   25.324028 ^ clkbuf_1_0__f_clk_i/A (sky130_fd_sc_hd__clkbuf_16)
     3    0.008468    0.023514    0.078213   25.402241 ^ clkbuf_1_0__f_clk_i/X (sky130_fd_sc_hd__clkbuf_16)
                                                         clknet_1_0__leaf_clk_i (net)
                      0.023514    0.000192   25.402433 ^ _498_/A (sky130_fd_sc_hd__and2_2)
     3    0.052614    0.202390    0.198499   25.600931 ^ _498_/X (sky130_fd_sc_hd__and2_2)
                                                         u_ibex.clk (net)
                      0.203536    0.012307   25.613239 ^ clkbuf_0_u_ibex.clk/A (sky130_fd_sc_hd__clkbuf_16)
     9    0.081193    0.077163    0.153010   25.766249 ^ clkbuf_0_u_ibex.clk/X (sky130_fd_sc_hd__clkbuf_16)
                                                         clknet_0_u_ibex.clk (net)
                      0.078334    0.007466   25.773714 ^ clkbuf_2_2__f_u_ibex.clk/A (sky130_fd_sc_hd__clkbuf_16)
    31    0.105244    0.094104    0.135618   25.909332 ^ clkbuf_2_2__f_u_ibex.clk/X (sky130_fd_sc_hd__clkbuf_16)
                                                         clknet_2_2__leaf_u_ibex.clk (net)
                      0.101941    0.020936   25.930269 ^ _562_/CLK (sky130_fd_sc_hd__dfrtp_1)
                                 -0.250000   25.680269   clock uncertainty
                                  0.000000   25.680269   clock reconvergence pessimism
                                  0.136149   25.816418   library recovery time
                                             25.816418   data required time
---------------------------------------------------------------------------------------------
                                             25.816418   data required time
                                             -5.874110   data arrival time
---------------------------------------------------------------------------------------------
                                             19.942308   slack (MET)


Startpoint: rst_ni (input port clocked by clk_i)
Endpoint: _570_ (recovery check against rising-edge clock clk_i)
Path Group: asynchronous
Path Type: max

Fanout         Cap        Slew       Delay        Time   Description
---------------------------------------------------------------------------------------------
                                  0.000000    0.000000   clock clk_i (rise edge)
                                  0.000000    0.000000   clock network delay (propagated)
                                  5.000000    5.000000 ^ input external delay
     2    0.009405    0.036510    0.023675    5.023675 ^ rst_ni (in)
                                                         rst_ni (net)
                      0.036511    0.000000    5.023675 ^ input1/A (sky130_fd_sc_hd__buf_8)
     5    0.139059    0.161377    0.127418    5.151093 ^ input1/X (sky130_fd_sc_hd__buf_8)
                                                         net1 (net)
                      0.203178    0.060996    5.212088 ^ fanout99/A (sky130_fd_sc_hd__clkbuf_2)
     7    0.033369    0.142141    0.171826    5.383914 ^ fanout99/X (sky130_fd_sc_hd__clkbuf_2)
                                                         net99 (net)
                      0.142145    0.000562    5.384476 ^ fanout98/A (sky130_fd_sc_hd__buf_1)
     4    0.020273    0.180099    0.163209    5.547685 ^ fanout98/X (sky130_fd_sc_hd__buf_1)
                                                         net98 (net)
                      0.180100    0.000371    5.548056 ^ fanout97/A (sky130_fd_sc_hd__buf_2)
     6    0.034924    0.130751    0.167231    5.715287 ^ fanout97/X (sky130_fd_sc_hd__buf_2)
                                                         net97 (net)
                      0.130753    0.000751    5.716038 ^ _570_/RESET_B (sky130_fd_sc_hd__dfrtp_1)
                                              5.716038   data arrival time

                                 25.000000   25.000000   clock clk_i (rise edge)
                                  0.000000   25.000000   clock source latency
     2    0.077175    0.262105    0.196252   25.196251 ^ clk_i (in)
                                                         clk_i (net)
                      0.266425    0.000000   25.196251 ^ clkbuf_0_clk_i/A (sky130_fd_sc_hd__clkbuf_16)
     2    0.018739    0.036606    0.127372   25.323624 ^ clkbuf_0_clk_i/X (sky130_fd_sc_hd__clkbuf_16)
                                                         clknet_0_clk_i (net)
                      0.036606    0.000405   25.324028 ^ clkbuf_1_0__f_clk_i/A (sky130_fd_sc_hd__clkbuf_16)
     3    0.008468    0.023514    0.078213   25.402241 ^ clkbuf_1_0__f_clk_i/X (sky130_fd_sc_hd__clkbuf_16)
                                                         clknet_1_0__leaf_clk_i (net)
                      0.023514    0.000192   25.402433 ^ _498_/A (sky130_fd_sc_hd__and2_2)
     3    0.052614    0.202390    0.198499   25.600931 ^ _498_/X (sky130_fd_sc_hd__and2_2)
                                                         u_ibex.clk (net)
                      0.203536    0.012307   25.613239 ^ clkbuf_0_u_ibex.clk/A (sky130_fd_sc_hd__clkbuf_16)
     9    0.081193    0.077163    0.153010   25.766249 ^ clkbuf_0_u_ibex.clk/X (sky130_fd_sc_hd__clkbuf_16)
                                                         clknet_0_u_ibex.clk (net)
                      0.078286    0.007306   25.773554 ^ clkbuf_2_3__f_u_ibex.clk/A (sky130_fd_sc_hd__clkbuf_16)
    23    0.080609    0.075178    0.128253   25.901808 ^ clkbuf_2_3__f_u_ibex.clk/X (sky130_fd_sc_hd__clkbuf_16)
                                                         clknet_2_3__leaf_u_ibex.clk (net)
                      0.077694    0.010722   25.912529 ^ _570_/CLK (sky130_fd_sc_hd__dfrtp_1)
                                 -0.250000   25.662531   clock uncertainty
                                  0.000000   25.662531   clock reconvergence pessimism
                                  0.132181   25.794710   library recovery time
                                             25.794710   data required time
---------------------------------------------------------------------------------------------
                                             25.794710   data required time
                                             -5.716038   data arrival time
---------------------------------------------------------------------------------------------
                                             20.078674   slack (MET)


Startpoint: rst_ni (input port clocked by clk_i)
Endpoint: _565_ (recovery check against rising-edge clock clk_i)
Path Group: asynchronous
Path Type: max

Fanout         Cap        Slew       Delay        Time   Description
---------------------------------------------------------------------------------------------
                                  0.000000    0.000000   clock clk_i (rise edge)
                                  0.000000    0.000000   clock network delay (propagated)
                                  5.000000    5.000000 ^ input external delay
     2    0.009405    0.036510    0.023675    5.023675 ^ rst_ni (in)
                                                         rst_ni (net)
                      0.036511    0.000000    5.023675 ^ input1/A (sky130_fd_sc_hd__buf_8)
     5    0.139059    0.161377    0.127418    5.151093 ^ input1/X (sky130_fd_sc_hd__buf_8)
                                                         net1 (net)
                      0.203178    0.060996    5.212088 ^ fanout99/A (sky130_fd_sc_hd__clkbuf_2)
     7    0.033369    0.142141    0.171826    5.383914 ^ fanout99/X (sky130_fd_sc_hd__clkbuf_2)
                                                         net99 (net)
                      0.142145    0.000562    5.384476 ^ fanout98/A (sky130_fd_sc_hd__buf_1)
     4    0.020273    0.180099    0.163209    5.547685 ^ fanout98/X (sky130_fd_sc_hd__buf_1)
                                                         net98 (net)
                      0.180100    0.000371    5.548056 ^ fanout97/A (sky130_fd_sc_hd__buf_2)
     6    0.034924    0.130751    0.167231    5.715287 ^ fanout97/X (sky130_fd_sc_hd__buf_2)
                                                         net97 (net)
                      0.130752    0.000650    5.715937 ^ _565_/RESET_B (sky130_fd_sc_hd__dfrtp_1)
                                              5.715937   data arrival time

                                 25.000000   25.000000   clock clk_i (rise edge)
                                  0.000000   25.000000   clock source latency
     2    0.077175    0.262105    0.196252   25.196251 ^ clk_i (in)
                                                         clk_i (net)
                      0.266425    0.000000   25.196251 ^ clkbuf_0_clk_i/A (sky130_fd_sc_hd__clkbuf_16)
     2    0.018739    0.036606    0.127372   25.323624 ^ clkbuf_0_clk_i/X (sky130_fd_sc_hd__clkbuf_16)
                                                         clknet_0_clk_i (net)
                      0.036606    0.000405   25.324028 ^ clkbuf_1_0__f_clk_i/A (sky130_fd_sc_hd__clkbuf_16)
     3    0.008468    0.023514    0.078213   25.402241 ^ clkbuf_1_0__f_clk_i/X (sky130_fd_sc_hd__clkbuf_16)
                                                         clknet_1_0__leaf_clk_i (net)
                      0.023514    0.000192   25.402433 ^ _498_/A (sky130_fd_sc_hd__and2_2)
     3    0.052614    0.202390    0.198499   25.600931 ^ _498_/X (sky130_fd_sc_hd__and2_2)
                                                         u_ibex.clk (net)
                      0.203536    0.012307   25.613239 ^ clkbuf_0_u_ibex.clk/A (sky130_fd_sc_hd__clkbuf_16)
     9    0.081193    0.077163    0.153010   25.766249 ^ clkbuf_0_u_ibex.clk/X (sky130_fd_sc_hd__clkbuf_16)
                                                         clknet_0_u_ibex.clk (net)
                      0.078286    0.007306   25.773554 ^ clkbuf_2_3__f_u_ibex.clk/A (sky130_fd_sc_hd__clkbuf_16)
    23    0.080609    0.075178    0.128253   25.901808 ^ clkbuf_2_3__f_u_ibex.clk/X (sky130_fd_sc_hd__clkbuf_16)
                                                         clknet_2_3__leaf_u_ibex.clk (net)
                      0.077844    0.011049   25.912857 ^ _565_/CLK (sky130_fd_sc_hd__dfrtp_1)
                                 -0.250000   25.662857   clock uncertainty
                                  0.000000   25.662857   clock reconvergence pessimism
                                  0.132204   25.795061   library recovery time
                                             25.795061   data required time
---------------------------------------------------------------------------------------------
                                             25.795061   data required time
                                             -5.715937   data arrival time
---------------------------------------------------------------------------------------------
                                             20.079124   slack (MET)


Startpoint: rst_ni (input port clocked by clk_i)
Endpoint: _561_ (recovery check against rising-edge clock clk_i)
Path Group: asynchronous
Path Type: max

Fanout         Cap        Slew       Delay        Time   Description
---------------------------------------------------------------------------------------------
                                  0.000000    0.000000   clock clk_i (rise edge)
                                  0.000000    0.000000   clock network delay (propagated)
                                  5.000000    5.000000 ^ input external delay
     2    0.009405    0.036510    0.023675    5.023675 ^ rst_ni (in)
                                                         rst_ni (net)
                      0.036511    0.000000    5.023675 ^ input1/A (sky130_fd_sc_hd__buf_8)
     5    0.139059    0.161377    0.127418    5.151093 ^ input1/X (sky130_fd_sc_hd__buf_8)
                                                         net1 (net)
                      0.203178    0.060996    5.212088 ^ fanout99/A (sky130_fd_sc_hd__clkbuf_2)
     7    0.033369    0.142141    0.171826    5.383914 ^ fanout99/X (sky130_fd_sc_hd__clkbuf_2)
                                                         net99 (net)
                      0.142145    0.000562    5.384476 ^ fanout98/A (sky130_fd_sc_hd__buf_1)
     4    0.020273    0.180099    0.163209    5.547685 ^ fanout98/X (sky130_fd_sc_hd__buf_1)
                                                         net98 (net)
                      0.180100    0.000371    5.548056 ^ fanout97/A (sky130_fd_sc_hd__buf_2)
     6    0.034924    0.130751    0.167231    5.715287 ^ fanout97/X (sky130_fd_sc_hd__buf_2)
                                                         net97 (net)
                      0.130754    0.000842    5.716129 ^ _561_/RESET_B (sky130_fd_sc_hd__dfrtp_1)
                                              5.716129   data arrival time

                                 25.000000   25.000000   clock clk_i (rise edge)
                                  0.000000   25.000000   clock source latency
     2    0.077175    0.262105    0.196252   25.196251 ^ clk_i (in)
                                                         clk_i (net)
                      0.266425    0.000000   25.196251 ^ clkbuf_0_clk_i/A (sky130_fd_sc_hd__clkbuf_16)
     2    0.018739    0.036606    0.127372   25.323624 ^ clkbuf_0_clk_i/X (sky130_fd_sc_hd__clkbuf_16)
                                                         clknet_0_clk_i (net)
                      0.036606    0.000405   25.324028 ^ clkbuf_1_0__f_clk_i/A (sky130_fd_sc_hd__clkbuf_16)
     3    0.008468    0.023514    0.078213   25.402241 ^ clkbuf_1_0__f_clk_i/X (sky130_fd_sc_hd__clkbuf_16)
                                                         clknet_1_0__leaf_clk_i (net)
                      0.023514    0.000192   25.402433 ^ _498_/A (sky130_fd_sc_hd__and2_2)
     3    0.052614    0.202390    0.198499   25.600931 ^ _498_/X (sky130_fd_sc_hd__and2_2)
                                                         u_ibex.clk (net)
                      0.203536    0.012307   25.613239 ^ clkbuf_0_u_ibex.clk/A (sky130_fd_sc_hd__clkbuf_16)
     9    0.081193    0.077163    0.153010   25.766249 ^ clkbuf_0_u_ibex.clk/X (sky130_fd_sc_hd__clkbuf_16)
                                                         clknet_0_u_ibex.clk (net)
                      0.078286    0.007306   25.773554 ^ clkbuf_2_3__f_u_ibex.clk/A (sky130_fd_sc_hd__clkbuf_16)
    23    0.080609    0.075178    0.128253   25.901808 ^ clkbuf_2_3__f_u_ibex.clk/X (sky130_fd_sc_hd__clkbuf_16)
                                                         clknet_2_3__leaf_u_ibex.clk (net)
                      0.077947    0.011269   25.913076 ^ _561_/CLK (sky130_fd_sc_hd__dfrtp_1)
                                 -0.250000   25.663078   clock uncertainty
                                  0.000000   25.663078   clock reconvergence pessimism
                                  0.132220   25.795298   library recovery time
                                             25.795298   data required time
---------------------------------------------------------------------------------------------
                                             25.795298   data required time
                                             -5.716129   data arrival time
---------------------------------------------------------------------------------------------
                                             20.079166   slack (MET)


Startpoint: rst_ni (input port clocked by clk_i)
Endpoint: _577_ (recovery check against rising-edge clock clk_i)
Path Group: asynchronous
Path Type: max

Fanout         Cap        Slew       Delay        Time   Description
---------------------------------------------------------------------------------------------
                                  0.000000    0.000000   clock clk_i (rise edge)
                                  0.000000    0.000000   clock network delay (propagated)
                                  5.000000    5.000000 ^ input external delay
     2    0.009405    0.036510    0.023675    5.023675 ^ rst_ni (in)
                                                         rst_ni (net)
                      0.036511    0.000000    5.023675 ^ input1/A (sky130_fd_sc_hd__buf_8)
     5    0.139059    0.161377    0.127418    5.151093 ^ input1/X (sky130_fd_sc_hd__buf_8)
                                                         net1 (net)
                      0.203178    0.060996    5.212088 ^ fanout99/A (sky130_fd_sc_hd__clkbuf_2)
     7    0.033369    0.142141    0.171826    5.383914 ^ fanout99/X (sky130_fd_sc_hd__clkbuf_2)
                                                         net99 (net)
                      0.142145    0.000562    5.384476 ^ fanout98/A (sky130_fd_sc_hd__buf_1)
     4    0.020273    0.180099    0.163209    5.547685 ^ fanout98/X (sky130_fd_sc_hd__buf_1)
                                                         net98 (net)
                      0.180108    0.001092    5.548777 ^ fanout95/A (sky130_fd_sc_hd__clkbuf_2)
     4    0.025821    0.111556    0.149682    5.698459 ^ fanout95/X (sky130_fd_sc_hd__clkbuf_2)
                                                         net95 (net)
                      0.111631    0.001572    5.700031 ^ _577_/RESET_B (sky130_fd_sc_hd__dfrtp_2)
                                              5.700031   data arrival time

                                 25.000000   25.000000   clock clk_i (rise edge)
                                  0.000000   25.000000   clock source latency
     2    0.077175    0.262105    0.196252   25.196251 ^ clk_i (in)
                                                         clk_i (net)
                      0.266425    0.000000   25.196251 ^ clkbuf_0_clk_i/A (sky130_fd_sc_hd__clkbuf_16)
     2    0.018739    0.036606    0.127372   25.323624 ^ clkbuf_0_clk_i/X (sky130_fd_sc_hd__clkbuf_16)
                                                         clknet_0_clk_i (net)
                      0.036606    0.000405   25.324028 ^ clkbuf_1_0__f_clk_i/A (sky130_fd_sc_hd__clkbuf_16)
     3    0.008468    0.023514    0.078213   25.402241 ^ clkbuf_1_0__f_clk_i/X (sky130_fd_sc_hd__clkbuf_16)
                                                         clknet_1_0__leaf_clk_i (net)
                      0.023514    0.000192   25.402433 ^ _498_/A (sky130_fd_sc_hd__and2_2)
     3    0.052614    0.202390    0.198499   25.600931 ^ _498_/X (sky130_fd_sc_hd__and2_2)
                                                         u_ibex.clk (net)
                      0.203536    0.012307   25.613239 ^ clkbuf_0_u_ibex.clk/A (sky130_fd_sc_hd__clkbuf_16)
     9    0.081193    0.077163    0.153010   25.766249 ^ clkbuf_0_u_ibex.clk/X (sky130_fd_sc_hd__clkbuf_16)
                                                         clknet_0_u_ibex.clk (net)
                      0.078286    0.007306   25.773554 ^ clkbuf_2_3__f_u_ibex.clk/A (sky130_fd_sc_hd__clkbuf_16)
    23    0.080609    0.075178    0.128253   25.901808 ^ clkbuf_2_3__f_u_ibex.clk/X (sky130_fd_sc_hd__clkbuf_16)
                                                         clknet_2_3__leaf_u_ibex.clk (net)
                      0.076416    0.007477   25.909285 ^ _577_/CLK (sky130_fd_sc_hd__dfrtp_2)
                                 -0.250000   25.659285   clock uncertainty
                                  0.000000   25.659285   clock reconvergence pessimism
                                  0.120089   25.779373   library recovery time
                                             25.779373   data required time
---------------------------------------------------------------------------------------------
                                             25.779373   data required time
                                             -5.700031   data arrival time
---------------------------------------------------------------------------------------------
                                             20.079344   slack (MET)


Startpoint: rst_ni (input port clocked by clk_i)
Endpoint: _564_ (recovery check against rising-edge clock clk_i)
Path Group: asynchronous
Path Type: max

Fanout         Cap        Slew       Delay        Time   Description
---------------------------------------------------------------------------------------------
                                  0.000000    0.000000   clock clk_i (rise edge)
                                  0.000000    0.000000   clock network delay (propagated)
                                  5.000000    5.000000 ^ input external delay
     2    0.009405    0.036510    0.023675    5.023675 ^ rst_ni (in)
                                                         rst_ni (net)
                      0.036511    0.000000    5.023675 ^ input1/A (sky130_fd_sc_hd__buf_8)
     5    0.139059    0.161377    0.127418    5.151093 ^ input1/X (sky130_fd_sc_hd__buf_8)
                                                         net1 (net)
                      0.203178    0.060996    5.212088 ^ fanout99/A (sky130_fd_sc_hd__clkbuf_2)
     7    0.033369    0.142141    0.171826    5.383914 ^ fanout99/X (sky130_fd_sc_hd__clkbuf_2)
                                                         net99 (net)
                      0.142145    0.000562    5.384476 ^ fanout98/A (sky130_fd_sc_hd__buf_1)
     4    0.020273    0.180099    0.163209    5.547685 ^ fanout98/X (sky130_fd_sc_hd__buf_1)
                                                         net98 (net)
                      0.180109    0.001127    5.548811 ^ fanout94/A (sky130_fd_sc_hd__buf_2)
     6    0.033346    0.124935    0.162926    5.711737 ^ fanout94/X (sky130_fd_sc_hd__buf_2)
                                                         net94 (net)
                      0.124937    0.000489    5.712226 ^ _564_/RESET_B (sky130_fd_sc_hd__dfrtp_1)
                                              5.712226   data arrival time

                                 25.000000   25.000000   clock clk_i (rise edge)
                                  0.000000   25.000000   clock source latency
     2    0.077175    0.262105    0.196252   25.196251 ^ clk_i (in)
                                                         clk_i (net)
                      0.266425    0.000000   25.196251 ^ clkbuf_0_clk_i/A (sky130_fd_sc_hd__clkbuf_16)
     2    0.018739    0.036606    0.127372   25.323624 ^ clkbuf_0_clk_i/X (sky130_fd_sc_hd__clkbuf_16)
                                                         clknet_0_clk_i (net)
                      0.036606    0.000405   25.324028 ^ clkbuf_1_0__f_clk_i/A (sky130_fd_sc_hd__clkbuf_16)
     3    0.008468    0.023514    0.078213   25.402241 ^ clkbuf_1_0__f_clk_i/X (sky130_fd_sc_hd__clkbuf_16)
                                                         clknet_1_0__leaf_clk_i (net)
                      0.023514    0.000192   25.402433 ^ _498_/A (sky130_fd_sc_hd__and2_2)
     3    0.052614    0.202390    0.198499   25.600931 ^ _498_/X (sky130_fd_sc_hd__and2_2)
                                                         u_ibex.clk (net)
                      0.203536    0.012307   25.613239 ^ clkbuf_0_u_ibex.clk/A (sky130_fd_sc_hd__clkbuf_16)
     9    0.081193    0.077163    0.153010   25.766249 ^ clkbuf_0_u_ibex.clk/X (sky130_fd_sc_hd__clkbuf_16)
                                                         clknet_0_u_ibex.clk (net)
                      0.078286    0.007306   25.773554 ^ clkbuf_2_3__f_u_ibex.clk/A (sky130_fd_sc_hd__clkbuf_16)
    23    0.080609    0.075178    0.128253   25.901808 ^ clkbuf_2_3__f_u_ibex.clk/X (sky130_fd_sc_hd__clkbuf_16)
                                                         clknet_2_3__leaf_u_ibex.clk (net)
                      0.077009    0.009106   25.910913 ^ _564_/CLK (sky130_fd_sc_hd__dfrtp_1)
                                 -0.250000   25.660913   clock uncertainty
                                  0.000000   25.660913   clock reconvergence pessimism
                                  0.133152   25.794065   library recovery time
                                             25.794065   data required time
---------------------------------------------------------------------------------------------
                                             25.794065   data required time
                                             -5.712226   data arrival time
---------------------------------------------------------------------------------------------
                                             20.081841   slack (MET)


Startpoint: rst_ni (input port clocked by clk_i)
Endpoint: _608_ (recovery check against rising-edge clock clk_i)
Path Group: asynchronous
Path Type: max

Fanout         Cap        Slew       Delay        Time   Description
---------------------------------------------------------------------------------------------
                                  0.000000    0.000000   clock clk_i (rise edge)
                                  0.000000    0.000000   clock network delay (propagated)
                                  5.000000    5.000000 ^ input external delay
     2    0.009405    0.036510    0.023675    5.023675 ^ rst_ni (in)
                                                         rst_ni (net)
                      0.036511    0.000000    5.023675 ^ input1/A (sky130_fd_sc_hd__buf_8)
     5    0.139059    0.161377    0.127418    5.151093 ^ input1/X (sky130_fd_sc_hd__buf_8)
                                                         net1 (net)
                      0.220623    0.075773    5.226866 ^ fanout93/A (sky130_fd_sc_hd__buf_1)
     3    0.015299    0.137718    0.133368    5.360234 ^ fanout93/X (sky130_fd_sc_hd__buf_1)
                                                         net93 (net)
                      0.137721    0.000536    5.360770 ^ fanout90/A (sky130_fd_sc_hd__clkbuf_2)
     9    0.036655    0.154959    0.174396    5.535166 ^ fanout90/X (sky130_fd_sc_hd__clkbuf_2)
                                                         net90 (net)
                      0.155067    0.003343    5.538509 ^ fanout88/A (sky130_fd_sc_hd__buf_2)
     6    0.036892    0.137659    0.169049    5.707558 ^ fanout88/X (sky130_fd_sc_hd__buf_2)
                                                         net88 (net)
                      0.137693    0.001809    5.709367 ^ _608_/RESET_B (sky130_fd_sc_hd__dfrtp_1)
                                              5.709367   data arrival time

                                 25.000000   25.000000   clock clk_i (rise edge)
                                  0.000000   25.000000   clock source latency
     2    0.077175    0.262105    0.196252   25.196251 ^ clk_i (in)
                                                         clk_i (net)
                      0.266425    0.000000   25.196251 ^ clkbuf_0_clk_i/A (sky130_fd_sc_hd__clkbuf_16)
     2    0.018739    0.036606    0.127372   25.323624 ^ clkbuf_0_clk_i/X (sky130_fd_sc_hd__clkbuf_16)
                                                         clknet_0_clk_i (net)
                      0.036606    0.000405   25.324028 ^ clkbuf_1_0__f_clk_i/A (sky130_fd_sc_hd__clkbuf_16)
     3    0.008468    0.023514    0.078213   25.402241 ^ clkbuf_1_0__f_clk_i/X (sky130_fd_sc_hd__clkbuf_16)
                                                         clknet_1_0__leaf_clk_i (net)
                      0.023514    0.000192   25.402433 ^ _498_/A (sky130_fd_sc_hd__and2_2)
     3    0.052614    0.202390    0.198499   25.600931 ^ _498_/X (sky130_fd_sc_hd__and2_2)
                                                         u_ibex.clk (net)
                      0.203536    0.012307   25.613239 ^ clkbuf_0_u_ibex.clk/A (sky130_fd_sc_hd__clkbuf_16)
     9    0.081193    0.077163    0.153010   25.766249 ^ clkbuf_0_u_ibex.clk/X (sky130_fd_sc_hd__clkbuf_16)
                                                         clknet_0_u_ibex.clk (net)
                      0.077773    0.005377   25.771626 ^ clkbuf_2_1__f_u_ibex.clk/A (sky130_fd_sc_hd__clkbuf_16)
    33    0.094839    0.086324    0.133729   25.905355 ^ clkbuf_2_1__f_u_ibex.clk/X (sky130_fd_sc_hd__clkbuf_16)
                                                         clknet_2_1__leaf_u_ibex.clk (net)
                      0.089021    0.011957   25.917313 ^ _608_/CLK (sky130_fd_sc_hd__dfrtp_1)
                                 -0.250000   25.667313   clock uncertainty
                                  0.000000   25.667313   clock reconvergence pessimism
                                  0.132642   25.799955   library recovery time
                                             25.799955   data required time
---------------------------------------------------------------------------------------------
                                             25.799955   data required time
                                             -5.709367   data arrival time
---------------------------------------------------------------------------------------------
                                             20.090588   slack (MET)


Startpoint: rst_ni (input port clocked by clk_i)
Endpoint: _609_ (recovery check against rising-edge clock clk_i)
Path Group: asynchronous
Path Type: max

Fanout         Cap        Slew       Delay        Time   Description
---------------------------------------------------------------------------------------------
                                  0.000000    0.000000   clock clk_i (rise edge)
                                  0.000000    0.000000   clock network delay (propagated)
                                  5.000000    5.000000 ^ input external delay
     2    0.009405    0.036510    0.023675    5.023675 ^ rst_ni (in)
                                                         rst_ni (net)
                      0.036511    0.000000    5.023675 ^ input1/A (sky130_fd_sc_hd__buf_8)
     5    0.139059    0.161377    0.127418    5.151093 ^ input1/X (sky130_fd_sc_hd__buf_8)
                                                         net1 (net)
                      0.220623    0.075773    5.226866 ^ fanout93/A (sky130_fd_sc_hd__buf_1)
     3    0.015299    0.137718    0.133368    5.360234 ^ fanout93/X (sky130_fd_sc_hd__buf_1)
                                                         net93 (net)
                      0.137721    0.000536    5.360770 ^ fanout90/A (sky130_fd_sc_hd__clkbuf_2)
     9    0.036655    0.154959    0.174396    5.535166 ^ fanout90/X (sky130_fd_sc_hd__clkbuf_2)
                                                         net90 (net)
                      0.155067    0.003343    5.538509 ^ fanout88/A (sky130_fd_sc_hd__buf_2)
     6    0.036892    0.137659    0.169049    5.707558 ^ fanout88/X (sky130_fd_sc_hd__buf_2)
                                                         net88 (net)
                      0.137696    0.001867    5.709425 ^ _609_/RESET_B (sky130_fd_sc_hd__dfrtp_1)
                                              5.709425   data arrival time

                                 25.000000   25.000000   clock clk_i (rise edge)
                                  0.000000   25.000000   clock source latency
     2    0.077175    0.262105    0.196252   25.196251 ^ clk_i (in)
                                                         clk_i (net)
                      0.266425    0.000000   25.196251 ^ clkbuf_0_clk_i/A (sky130_fd_sc_hd__clkbuf_16)
     2    0.018739    0.036606    0.127372   25.323624 ^ clkbuf_0_clk_i/X (sky130_fd_sc_hd__clkbuf_16)
                                                         clknet_0_clk_i (net)
                      0.036606    0.000405   25.324028 ^ clkbuf_1_0__f_clk_i/A (sky130_fd_sc_hd__clkbuf_16)
     3    0.008468    0.023514    0.078213   25.402241 ^ clkbuf_1_0__f_clk_i/X (sky130_fd_sc_hd__clkbuf_16)
                                                         clknet_1_0__leaf_clk_i (net)
                      0.023514    0.000192   25.402433 ^ _498_/A (sky130_fd_sc_hd__and2_2)
     3    0.052614    0.202390    0.198499   25.600931 ^ _498_/X (sky130_fd_sc_hd__and2_2)
                                                         u_ibex.clk (net)
                      0.203536    0.012307   25.613239 ^ clkbuf_0_u_ibex.clk/A (sky130_fd_sc_hd__clkbuf_16)
     9    0.081193    0.077163    0.153010   25.766249 ^ clkbuf_0_u_ibex.clk/X (sky130_fd_sc_hd__clkbuf_16)
                                                         clknet_0_u_ibex.clk (net)
                      0.077773    0.005377   25.771626 ^ clkbuf_2_1__f_u_ibex.clk/A (sky130_fd_sc_hd__clkbuf_16)
    33    0.094839    0.086324    0.133729   25.905355 ^ clkbuf_2_1__f_u_ibex.clk/X (sky130_fd_sc_hd__clkbuf_16)
                                                         clknet_2_1__leaf_u_ibex.clk (net)
                      0.089057    0.012038   25.917393 ^ _609_/CLK (sky130_fd_sc_hd__dfrtp_1)
                                 -0.250000   25.667395   clock uncertainty
                                  0.000000   25.667395   clock reconvergence pessimism
                                  0.132648   25.800041   library recovery time
                                             25.800041   data required time
---------------------------------------------------------------------------------------------
                                             25.800041   data required time
                                             -5.709425   data arrival time
---------------------------------------------------------------------------------------------
                                             20.090616   slack (MET)


Startpoint: rst_ni (input port clocked by clk_i)
Endpoint: _605_ (recovery check against rising-edge clock clk_i)
Path Group: asynchronous
Path Type: max

Fanout         Cap        Slew       Delay        Time   Description
---------------------------------------------------------------------------------------------
                                  0.000000    0.000000   clock clk_i (rise edge)
                                  0.000000    0.000000   clock network delay (propagated)
                                  5.000000    5.000000 ^ input external delay
     2    0.009405    0.036510    0.023675    5.023675 ^ rst_ni (in)
                                                         rst_ni (net)
                      0.036511    0.000000    5.023675 ^ input1/A (sky130_fd_sc_hd__buf_8)
     5    0.139059    0.161377    0.127418    5.151093 ^ input1/X (sky130_fd_sc_hd__buf_8)
                                                         net1 (net)
                      0.220623    0.075773    5.226866 ^ fanout93/A (sky130_fd_sc_hd__buf_1)
     3    0.015299    0.137718    0.133368    5.360234 ^ fanout93/X (sky130_fd_sc_hd__buf_1)
                                                         net93 (net)
                      0.137721    0.000536    5.360770 ^ fanout90/A (sky130_fd_sc_hd__clkbuf_2)
     9    0.036655    0.154959    0.174396    5.535166 ^ fanout90/X (sky130_fd_sc_hd__clkbuf_2)
                                                         net90 (net)
                      0.155067    0.003343    5.538509 ^ fanout88/A (sky130_fd_sc_hd__buf_2)
     6    0.036892    0.137659    0.169049    5.707558 ^ fanout88/X (sky130_fd_sc_hd__buf_2)
                                                         net88 (net)
                      0.137668    0.000954    5.708512 ^ _605_/RESET_B (sky130_fd_sc_hd__dfrtp_1)
                                              5.708512   data arrival time

                                 25.000000   25.000000   clock clk_i (rise edge)
                                  0.000000   25.000000   clock source latency
     2    0.077175    0.262105    0.196252   25.196251 ^ clk_i (in)
                                                         clk_i (net)
                      0.266425    0.000000   25.196251 ^ clkbuf_0_clk_i/A (sky130_fd_sc_hd__clkbuf_16)
     2    0.018739    0.036606    0.127372   25.323624 ^ clkbuf_0_clk_i/X (sky130_fd_sc_hd__clkbuf_16)
                                                         clknet_0_clk_i (net)
                      0.036606    0.000405   25.324028 ^ clkbuf_1_0__f_clk_i/A (sky130_fd_sc_hd__clkbuf_16)
     3    0.008468    0.023514    0.078213   25.402241 ^ clkbuf_1_0__f_clk_i/X (sky130_fd_sc_hd__clkbuf_16)
                                                         clknet_1_0__leaf_clk_i (net)
                      0.023514    0.000192   25.402433 ^ _498_/A (sky130_fd_sc_hd__and2_2)
     3    0.052614    0.202390    0.198499   25.600931 ^ _498_/X (sky130_fd_sc_hd__and2_2)
                                                         u_ibex.clk (net)
                      0.203536    0.012307   25.613239 ^ clkbuf_0_u_ibex.clk/A (sky130_fd_sc_hd__clkbuf_16)
     9    0.081193    0.077163    0.153010   25.766249 ^ clkbuf_0_u_ibex.clk/X (sky130_fd_sc_hd__clkbuf_16)
                                                         clknet_0_u_ibex.clk (net)
                      0.077773    0.005377   25.771626 ^ clkbuf_2_1__f_u_ibex.clk/A (sky130_fd_sc_hd__clkbuf_16)
    33    0.094839    0.086324    0.133729   25.905355 ^ clkbuf_2_1__f_u_ibex.clk/X (sky130_fd_sc_hd__clkbuf_16)
                                                         clknet_2_1__leaf_u_ibex.clk (net)
                      0.088835    0.011545   25.916899 ^ _605_/CLK (sky130_fd_sc_hd__dfrtp_1)
                                 -0.250000   25.666901   clock uncertainty
                                  0.000000   25.666901   clock reconvergence pessimism
                                  0.132619   25.799520   library recovery time
                                             25.799520   data required time
---------------------------------------------------------------------------------------------
                                             25.799520   data required time
                                             -5.708512   data arrival time
---------------------------------------------------------------------------------------------
                                             20.091009   slack (MET)


Startpoint: rst_ni (input port clocked by clk_i)
Endpoint: _606_ (recovery check against rising-edge clock clk_i)
Path Group: asynchronous
Path Type: max

Fanout         Cap        Slew       Delay        Time   Description
---------------------------------------------------------------------------------------------
                                  0.000000    0.000000   clock clk_i (rise edge)
                                  0.000000    0.000000   clock network delay (propagated)
                                  5.000000    5.000000 ^ input external delay
     2    0.009405    0.036510    0.023675    5.023675 ^ rst_ni (in)
                                                         rst_ni (net)
                      0.036511    0.000000    5.023675 ^ input1/A (sky130_fd_sc_hd__buf_8)
     5    0.139059    0.161377    0.127418    5.151093 ^ input1/X (sky130_fd_sc_hd__buf_8)
                                                         net1 (net)
                      0.220623    0.075773    5.226866 ^ fanout93/A (sky130_fd_sc_hd__buf_1)
     3    0.015299    0.137718    0.133368    5.360234 ^ fanout93/X (sky130_fd_sc_hd__buf_1)
                                                         net93 (net)
                      0.137721    0.000536    5.360770 ^ fanout90/A (sky130_fd_sc_hd__clkbuf_2)
     9    0.036655    0.154959    0.174396    5.535166 ^ fanout90/X (sky130_fd_sc_hd__clkbuf_2)
                                                         net90 (net)
                      0.155067    0.003343    5.538509 ^ fanout88/A (sky130_fd_sc_hd__buf_2)
     6    0.036892    0.137659    0.169049    5.707558 ^ fanout88/X (sky130_fd_sc_hd__buf_2)
                                                         net88 (net)
                      0.137692    0.001781    5.709340 ^ _606_/RESET_B (sky130_fd_sc_hd__dfrtp_1)
                                              5.709340   data arrival time

                                 25.000000   25.000000   clock clk_i (rise edge)
                                  0.000000   25.000000   clock source latency
     2    0.077175    0.262105    0.196252   25.196251 ^ clk_i (in)
                                                         clk_i (net)
                      0.266425    0.000000   25.196251 ^ clkbuf_0_clk_i/A (sky130_fd_sc_hd__clkbuf_16)
     2    0.018739    0.036606    0.127372   25.323624 ^ clkbuf_0_clk_i/X (sky130_fd_sc_hd__clkbuf_16)
                                                         clknet_0_clk_i (net)
                      0.036606    0.000405   25.324028 ^ clkbuf_1_0__f_clk_i/A (sky130_fd_sc_hd__clkbuf_16)
     3    0.008468    0.023514    0.078213   25.402241 ^ clkbuf_1_0__f_clk_i/X (sky130_fd_sc_hd__clkbuf_16)
                                                         clknet_1_0__leaf_clk_i (net)
                      0.023514    0.000192   25.402433 ^ _498_/A (sky130_fd_sc_hd__and2_2)
     3    0.052614    0.202390    0.198499   25.600931 ^ _498_/X (sky130_fd_sc_hd__and2_2)
                                                         u_ibex.clk (net)
                      0.203536    0.012307   25.613239 ^ clkbuf_0_u_ibex.clk/A (sky130_fd_sc_hd__clkbuf_16)
     9    0.081193    0.077163    0.153010   25.766249 ^ clkbuf_0_u_ibex.clk/X (sky130_fd_sc_hd__clkbuf_16)
                                                         clknet_0_u_ibex.clk (net)
                      0.077773    0.005377   25.771626 ^ clkbuf_2_1__f_u_ibex.clk/A (sky130_fd_sc_hd__clkbuf_16)
    33    0.094839    0.086324    0.133729   25.905355 ^ clkbuf_2_1__f_u_ibex.clk/X (sky130_fd_sc_hd__clkbuf_16)
                                                         clknet_2_1__leaf_u_ibex.clk (net)
                      0.089400    0.012767   25.918121 ^ _606_/CLK (sky130_fd_sc_hd__dfrtp_1)
                                 -0.250000   25.668123   clock uncertainty
                                  0.000000   25.668123   clock reconvergence pessimism
                                  0.132701   25.800823   library recovery time
                                             25.800823   data required time
---------------------------------------------------------------------------------------------
                                             25.800823   data required time
                                             -5.709340   data arrival time
---------------------------------------------------------------------------------------------
                                             20.091484   slack (MET)


Startpoint: rst_ni (input port clocked by clk_i)
Endpoint: _607_ (recovery check against rising-edge clock clk_i)
Path Group: asynchronous
Path Type: max

Fanout         Cap        Slew       Delay        Time   Description
---------------------------------------------------------------------------------------------
                                  0.000000    0.000000   clock clk_i (rise edge)
                                  0.000000    0.000000   clock network delay (propagated)
                                  5.000000    5.000000 ^ input external delay
     2    0.009405    0.036510    0.023675    5.023675 ^ rst_ni (in)
                                                         rst_ni (net)
                      0.036511    0.000000    5.023675 ^ input1/A (sky130_fd_sc_hd__buf_8)
     5    0.139059    0.161377    0.127418    5.151093 ^ input1/X (sky130_fd_sc_hd__buf_8)
                                                         net1 (net)
                      0.220623    0.075773    5.226866 ^ fanout93/A (sky130_fd_sc_hd__buf_1)
     3    0.015299    0.137718    0.133368    5.360234 ^ fanout93/X (sky130_fd_sc_hd__buf_1)
                                                         net93 (net)
                      0.137721    0.000536    5.360770 ^ fanout90/A (sky130_fd_sc_hd__clkbuf_2)
     9    0.036655    0.154959    0.174396    5.535166 ^ fanout90/X (sky130_fd_sc_hd__clkbuf_2)
                                                         net90 (net)
                      0.155067    0.003343    5.538509 ^ fanout88/A (sky130_fd_sc_hd__buf_2)
     6    0.036892    0.137659    0.169049    5.707558 ^ fanout88/X (sky130_fd_sc_hd__buf_2)
                                                         net88 (net)
                      0.137690    0.001722    5.709280 ^ _607_/RESET_B (sky130_fd_sc_hd__dfrtp_1)
                                              5.709280   data arrival time

                                 25.000000   25.000000   clock clk_i (rise edge)
                                  0.000000   25.000000   clock source latency
     2    0.077175    0.262105    0.196252   25.196251 ^ clk_i (in)
                                                         clk_i (net)
                      0.266425    0.000000   25.196251 ^ clkbuf_0_clk_i/A (sky130_fd_sc_hd__clkbuf_16)
     2    0.018739    0.036606    0.127372   25.323624 ^ clkbuf_0_clk_i/X (sky130_fd_sc_hd__clkbuf_16)
                                                         clknet_0_clk_i (net)
                      0.036606    0.000405   25.324028 ^ clkbuf_1_0__f_clk_i/A (sky130_fd_sc_hd__clkbuf_16)
     3    0.008468    0.023514    0.078213   25.402241 ^ clkbuf_1_0__f_clk_i/X (sky130_fd_sc_hd__clkbuf_16)
                                                         clknet_1_0__leaf_clk_i (net)
                      0.023514    0.000192   25.402433 ^ _498_/A (sky130_fd_sc_hd__and2_2)
     3    0.052614    0.202390    0.198499   25.600931 ^ _498_/X (sky130_fd_sc_hd__and2_2)
                                                         u_ibex.clk (net)
                      0.203536    0.012307   25.613239 ^ clkbuf_0_u_ibex.clk/A (sky130_fd_sc_hd__clkbuf_16)
     9    0.081193    0.077163    0.153010   25.766249 ^ clkbuf_0_u_ibex.clk/X (sky130_fd_sc_hd__clkbuf_16)
                                                         clknet_0_u_ibex.clk (net)
                      0.077773    0.005377   25.771626 ^ clkbuf_2_1__f_u_ibex.clk/A (sky130_fd_sc_hd__clkbuf_16)
    33    0.094839    0.086324    0.133729   25.905355 ^ clkbuf_2_1__f_u_ibex.clk/X (sky130_fd_sc_hd__clkbuf_16)
                                                         clknet_2_1__leaf_u_ibex.clk (net)
                      0.089416    0.012800   25.918156 ^ _607_/CLK (sky130_fd_sc_hd__dfrtp_1)
                                 -0.250000   25.668156   clock uncertainty
                                  0.000000   25.668156   clock reconvergence pessimism
                                  0.132704   25.800861   library recovery time
                                             25.800861   data required time
---------------------------------------------------------------------------------------------
                                             25.800861   data required time
                                             -5.709280   data arrival time
---------------------------------------------------------------------------------------------
                                             20.091581   slack (MET)


Startpoint: rst_ni (input port clocked by clk_i)
Endpoint: _604_ (recovery check against rising-edge clock clk_i)
Path Group: asynchronous
Path Type: max

Fanout         Cap        Slew       Delay        Time   Description
---------------------------------------------------------------------------------------------
                                  0.000000    0.000000   clock clk_i (rise edge)
                                  0.000000    0.000000   clock network delay (propagated)
                                  5.000000    5.000000 ^ input external delay
     2    0.009405    0.036510    0.023675    5.023675 ^ rst_ni (in)
                                                         rst_ni (net)
                      0.036511    0.000000    5.023675 ^ input1/A (sky130_fd_sc_hd__buf_8)
     5    0.139059    0.161377    0.127418    5.151093 ^ input1/X (sky130_fd_sc_hd__buf_8)
                                                         net1 (net)
                      0.220623    0.075773    5.226866 ^ fanout93/A (sky130_fd_sc_hd__buf_1)
     3    0.015299    0.137718    0.133368    5.360234 ^ fanout93/X (sky130_fd_sc_hd__buf_1)
                                                         net93 (net)
                      0.137721    0.000536    5.360770 ^ fanout90/A (sky130_fd_sc_hd__clkbuf_2)
     9    0.036655    0.154959    0.174396    5.535166 ^ fanout90/X (sky130_fd_sc_hd__clkbuf_2)
                                                         net90 (net)
                      0.155067    0.003343    5.538509 ^ fanout88/A (sky130_fd_sc_hd__buf_2)
     6    0.036892    0.137659    0.169049    5.707558 ^ fanout88/X (sky130_fd_sc_hd__buf_2)
                                                         net88 (net)
                      0.137676    0.001277    5.708835 ^ _604_/RESET_B (sky130_fd_sc_hd__dfrtp_1)
                                              5.708835   data arrival time

                                 25.000000   25.000000   clock clk_i (rise edge)
                                  0.000000   25.000000   clock source latency
     2    0.077175    0.262105    0.196252   25.196251 ^ clk_i (in)
                                                         clk_i (net)
                      0.266425    0.000000   25.196251 ^ clkbuf_0_clk_i/A (sky130_fd_sc_hd__clkbuf_16)
     2    0.018739    0.036606    0.127372   25.323624 ^ clkbuf_0_clk_i/X (sky130_fd_sc_hd__clkbuf_16)
                                                         clknet_0_clk_i (net)
                      0.036606    0.000405   25.324028 ^ clkbuf_1_0__f_clk_i/A (sky130_fd_sc_hd__clkbuf_16)
     3    0.008468    0.023514    0.078213   25.402241 ^ clkbuf_1_0__f_clk_i/X (sky130_fd_sc_hd__clkbuf_16)
                                                         clknet_1_0__leaf_clk_i (net)
                      0.023514    0.000192   25.402433 ^ _498_/A (sky130_fd_sc_hd__and2_2)
     3    0.052614    0.202390    0.198499   25.600931 ^ _498_/X (sky130_fd_sc_hd__and2_2)
                                                         u_ibex.clk (net)
                      0.203536    0.012307   25.613239 ^ clkbuf_0_u_ibex.clk/A (sky130_fd_sc_hd__clkbuf_16)
     9    0.081193    0.077163    0.153010   25.766249 ^ clkbuf_0_u_ibex.clk/X (sky130_fd_sc_hd__clkbuf_16)
                                                         clknet_0_u_ibex.clk (net)
                      0.077773    0.005377   25.771626 ^ clkbuf_2_1__f_u_ibex.clk/A (sky130_fd_sc_hd__clkbuf_16)
    33    0.094839    0.086324    0.133729   25.905355 ^ clkbuf_2_1__f_u_ibex.clk/X (sky130_fd_sc_hd__clkbuf_16)
                                                         clknet_2_1__leaf_u_ibex.clk (net)
                      0.089308    0.012575   25.917931 ^ _604_/CLK (sky130_fd_sc_hd__dfrtp_1)
                                 -0.250000   25.667931   clock uncertainty
                                  0.000000   25.667931   clock reconvergence pessimism
                                  0.132690   25.800621   library recovery time
                                             25.800621   data required time
---------------------------------------------------------------------------------------------
                                             25.800621   data required time
                                             -5.708835   data arrival time
---------------------------------------------------------------------------------------------
                                             20.091787   slack (MET)


Startpoint: rst_ni (input port clocked by clk_i)
Endpoint: _598_ (recovery check against rising-edge clock clk_i)
Path Group: asynchronous
Path Type: max

Fanout         Cap        Slew       Delay        Time   Description
---------------------------------------------------------------------------------------------
                                  0.000000    0.000000   clock clk_i (rise edge)
                                  0.000000    0.000000   clock network delay (propagated)
                                  5.000000    5.000000 ^ input external delay
     2    0.009405    0.036510    0.023675    5.023675 ^ rst_ni (in)
                                                         rst_ni (net)
                      0.036511    0.000000    5.023675 ^ input1/A (sky130_fd_sc_hd__buf_8)
     5    0.139059    0.161377    0.127418    5.151093 ^ input1/X (sky130_fd_sc_hd__buf_8)
                                                         net1 (net)
                      0.220623    0.075773    5.226866 ^ fanout93/A (sky130_fd_sc_hd__buf_1)
     3    0.015299    0.137718    0.133368    5.360234 ^ fanout93/X (sky130_fd_sc_hd__buf_1)
                                                         net93 (net)
                      0.137721    0.000536    5.360770 ^ fanout90/A (sky130_fd_sc_hd__clkbuf_2)
     9    0.036655    0.154959    0.174396    5.535166 ^ fanout90/X (sky130_fd_sc_hd__clkbuf_2)
                                                         net90 (net)
                      0.154967    0.000879    5.536045 ^ fanout89/A (sky130_fd_sc_hd__clkbuf_2)
     5    0.032949    0.140115    0.166882    5.702926 ^ fanout89/X (sky130_fd_sc_hd__clkbuf_2)
                                                         net89 (net)
                      0.140125    0.000981    5.703908 ^ _598_/RESET_B (sky130_fd_sc_hd__dfrtp_1)
                                              5.703908   data arrival time

                                 25.000000   25.000000   clock clk_i (rise edge)
                                  0.000000   25.000000   clock source latency
     2    0.077175    0.262105    0.196252   25.196251 ^ clk_i (in)
                                                         clk_i (net)
                      0.266425    0.000000   25.196251 ^ clkbuf_0_clk_i/A (sky130_fd_sc_hd__clkbuf_16)
     2    0.018739    0.036606    0.127372   25.323624 ^ clkbuf_0_clk_i/X (sky130_fd_sc_hd__clkbuf_16)
                                                         clknet_0_clk_i (net)
                      0.036606    0.000405   25.324028 ^ clkbuf_1_0__f_clk_i/A (sky130_fd_sc_hd__clkbuf_16)
     3    0.008468    0.023514    0.078213   25.402241 ^ clkbuf_1_0__f_clk_i/X (sky130_fd_sc_hd__clkbuf_16)
                                                         clknet_1_0__leaf_clk_i (net)
                      0.023514    0.000192   25.402433 ^ _498_/A (sky130_fd_sc_hd__and2_2)
     3    0.052614    0.202390    0.198499   25.600931 ^ _498_/X (sky130_fd_sc_hd__and2_2)
                                                         u_ibex.clk (net)
                      0.203536    0.012307   25.613239 ^ clkbuf_0_u_ibex.clk/A (sky130_fd_sc_hd__clkbuf_16)
     9    0.081193    0.077163    0.153010   25.766249 ^ clkbuf_0_u_ibex.clk/X (sky130_fd_sc_hd__clkbuf_16)
                                                         clknet_0_u_ibex.clk (net)
                      0.077773    0.005377   25.771626 ^ clkbuf_2_1__f_u_ibex.clk/A (sky130_fd_sc_hd__clkbuf_16)
    33    0.094839    0.086324    0.133729   25.905355 ^ clkbuf_2_1__f_u_ibex.clk/X (sky130_fd_sc_hd__clkbuf_16)
                                                         clknet_2_1__leaf_u_ibex.clk (net)
                      0.088319    0.010314   25.915668 ^ _598_/CLK (sky130_fd_sc_hd__dfrtp_1)
                                 -0.250000   25.665668   clock uncertainty
                                  0.000000   25.665668   clock reconvergence pessimism
                                  0.132086   25.797756   library recovery time
                                             25.797756   data required time
---------------------------------------------------------------------------------------------
                                             25.797756   data required time
                                             -5.703908   data arrival time
---------------------------------------------------------------------------------------------
                                             20.093847   slack (MET)


Startpoint: rst_ni (input port clocked by clk_i)
Endpoint: _602_ (recovery check against rising-edge clock clk_i)
Path Group: asynchronous
Path Type: max

Fanout         Cap        Slew       Delay        Time   Description
---------------------------------------------------------------------------------------------
                                  0.000000    0.000000   clock clk_i (rise edge)
                                  0.000000    0.000000   clock network delay (propagated)
                                  5.000000    5.000000 ^ input external delay
     2    0.009405    0.036510    0.023675    5.023675 ^ rst_ni (in)
                                                         rst_ni (net)
                      0.036511    0.000000    5.023675 ^ input1/A (sky130_fd_sc_hd__buf_8)
     5    0.139059    0.161377    0.127418    5.151093 ^ input1/X (sky130_fd_sc_hd__buf_8)
                                                         net1 (net)
                      0.220623    0.075773    5.226866 ^ fanout93/A (sky130_fd_sc_hd__buf_1)
     3    0.015299    0.137718    0.133368    5.360234 ^ fanout93/X (sky130_fd_sc_hd__buf_1)
                                                         net93 (net)
                      0.137721    0.000536    5.360770 ^ fanout90/A (sky130_fd_sc_hd__clkbuf_2)
     9    0.036655    0.154959    0.174396    5.535166 ^ fanout90/X (sky130_fd_sc_hd__clkbuf_2)
                                                         net90 (net)
                      0.154967    0.000879    5.536045 ^ fanout89/A (sky130_fd_sc_hd__clkbuf_2)
     5    0.032949    0.140115    0.166882    5.702926 ^ fanout89/X (sky130_fd_sc_hd__clkbuf_2)
                                                         net89 (net)
                      0.140130    0.001193    5.704120 ^ _602_/RESET_B (sky130_fd_sc_hd__dfrtp_1)
                                              5.704120   data arrival time

                                 25.000000   25.000000   clock clk_i (rise edge)
                                  0.000000   25.000000   clock source latency
     2    0.077175    0.262105    0.196252   25.196251 ^ clk_i (in)
                                                         clk_i (net)
                      0.266425    0.000000   25.196251 ^ clkbuf_0_clk_i/A (sky130_fd_sc_hd__clkbuf_16)
     2    0.018739    0.036606    0.127372   25.323624 ^ clkbuf_0_clk_i/X (sky130_fd_sc_hd__clkbuf_16)
                                                         clknet_0_clk_i (net)
                      0.036606    0.000405   25.324028 ^ clkbuf_1_0__f_clk_i/A (sky130_fd_sc_hd__clkbuf_16)
     3    0.008468    0.023514    0.078213   25.402241 ^ clkbuf_1_0__f_clk_i/X (sky130_fd_sc_hd__clkbuf_16)
                                                         clknet_1_0__leaf_clk_i (net)
                      0.023514    0.000192   25.402433 ^ _498_/A (sky130_fd_sc_hd__and2_2)
     3    0.052614    0.202390    0.198499   25.600931 ^ _498_/X (sky130_fd_sc_hd__and2_2)
                                                         u_ibex.clk (net)
                      0.203536    0.012307   25.613239 ^ clkbuf_0_u_ibex.clk/A (sky130_fd_sc_hd__clkbuf_16)
     9    0.081193    0.077163    0.153010   25.766249 ^ clkbuf_0_u_ibex.clk/X (sky130_fd_sc_hd__clkbuf_16)
                                                         clknet_0_u_ibex.clk (net)
                      0.077773    0.005377   25.771626 ^ clkbuf_2_1__f_u_ibex.clk/A (sky130_fd_sc_hd__clkbuf_16)
    33    0.094839    0.086324    0.133729   25.905355 ^ clkbuf_2_1__f_u_ibex.clk/X (sky130_fd_sc_hd__clkbuf_16)
                                                         clknet_2_1__leaf_u_ibex.clk (net)
                      0.088698    0.011228   25.916584 ^ _602_/CLK (sky130_fd_sc_hd__dfrtp_1)
                                 -0.250000   25.666584   clock uncertainty
                                  0.000000   25.666584   clock reconvergence pessimism
                                  0.132143   25.798727   library recovery time
                                             25.798727   data required time
---------------------------------------------------------------------------------------------
                                             25.798727   data required time
                                             -5.704120   data arrival time
---------------------------------------------------------------------------------------------
                                             20.094608   slack (MET)


Startpoint: rst_ni (input port clocked by clk_i)
Endpoint: _600_ (recovery check against rising-edge clock clk_i)
Path Group: asynchronous
Path Type: max

Fanout         Cap        Slew       Delay        Time   Description
---------------------------------------------------------------------------------------------
                                  0.000000    0.000000   clock clk_i (rise edge)
                                  0.000000    0.000000   clock network delay (propagated)
                                  5.000000    5.000000 ^ input external delay
     2    0.009405    0.036510    0.023675    5.023675 ^ rst_ni (in)
                                                         rst_ni (net)
                      0.036511    0.000000    5.023675 ^ input1/A (sky130_fd_sc_hd__buf_8)
     5    0.139059    0.161377    0.127418    5.151093 ^ input1/X (sky130_fd_sc_hd__buf_8)
                                                         net1 (net)
                      0.220623    0.075773    5.226866 ^ fanout93/A (sky130_fd_sc_hd__buf_1)
     3    0.015299    0.137718    0.133368    5.360234 ^ fanout93/X (sky130_fd_sc_hd__buf_1)
                                                         net93 (net)
                      0.137721    0.000536    5.360770 ^ fanout90/A (sky130_fd_sc_hd__clkbuf_2)
     9    0.036655    0.154959    0.174396    5.535166 ^ fanout90/X (sky130_fd_sc_hd__clkbuf_2)
                                                         net90 (net)
                      0.154967    0.000879    5.536045 ^ fanout89/A (sky130_fd_sc_hd__clkbuf_2)
     5    0.032949    0.140115    0.166882    5.702926 ^ fanout89/X (sky130_fd_sc_hd__clkbuf_2)
                                                         net89 (net)
                      0.140120    0.000658    5.703584 ^ _600_/RESET_B (sky130_fd_sc_hd__dfrtp_1)
                                              5.703584   data arrival time

                                 25.000000   25.000000   clock clk_i (rise edge)
                                  0.000000   25.000000   clock source latency
     2    0.077175    0.262105    0.196252   25.196251 ^ clk_i (in)
                                                         clk_i (net)
                      0.266425    0.000000   25.196251 ^ clkbuf_0_clk_i/A (sky130_fd_sc_hd__clkbuf_16)
     2    0.018739    0.036606    0.127372   25.323624 ^ clkbuf_0_clk_i/X (sky130_fd_sc_hd__clkbuf_16)
                                                         clknet_0_clk_i (net)
                      0.036606    0.000405   25.324028 ^ clkbuf_1_0__f_clk_i/A (sky130_fd_sc_hd__clkbuf_16)
     3    0.008468    0.023514    0.078213   25.402241 ^ clkbuf_1_0__f_clk_i/X (sky130_fd_sc_hd__clkbuf_16)
                                                         clknet_1_0__leaf_clk_i (net)
                      0.023514    0.000192   25.402433 ^ _498_/A (sky130_fd_sc_hd__and2_2)
     3    0.052614    0.202390    0.198499   25.600931 ^ _498_/X (sky130_fd_sc_hd__and2_2)
                                                         u_ibex.clk (net)
                      0.203536    0.012307   25.613239 ^ clkbuf_0_u_ibex.clk/A (sky130_fd_sc_hd__clkbuf_16)
     9    0.081193    0.077163    0.153010   25.766249 ^ clkbuf_0_u_ibex.clk/X (sky130_fd_sc_hd__clkbuf_16)
                                                         clknet_0_u_ibex.clk (net)
                      0.077773    0.005377   25.771626 ^ clkbuf_2_1__f_u_ibex.clk/A (sky130_fd_sc_hd__clkbuf_16)
    33    0.094839    0.086324    0.133729   25.905355 ^ clkbuf_2_1__f_u_ibex.clk/X (sky130_fd_sc_hd__clkbuf_16)
                                                         clknet_2_1__leaf_u_ibex.clk (net)
                      0.088797    0.011458   25.916813 ^ _600_/CLK (sky130_fd_sc_hd__dfrtp_1)
                                 -0.250000   25.666813   clock uncertainty
                                  0.000000   25.666813   clock reconvergence pessimism
                                  0.132160   25.798975   library recovery time
                                             25.798975   data required time
---------------------------------------------------------------------------------------------
                                             25.798975   data required time
                                             -5.703584   data arrival time
---------------------------------------------------------------------------------------------
                                             20.095390   slack (MET)


Startpoint: rst_ni (input port clocked by clk_i)
Endpoint: _601_ (recovery check against rising-edge clock clk_i)
Path Group: asynchronous
Path Type: max

Fanout         Cap        Slew       Delay        Time   Description
---------------------------------------------------------------------------------------------
                                  0.000000    0.000000   clock clk_i (rise edge)
                                  0.000000    0.000000   clock network delay (propagated)
                                  5.000000    5.000000 ^ input external delay
     2    0.009405    0.036510    0.023675    5.023675 ^ rst_ni (in)
                                                         rst_ni (net)
                      0.036511    0.000000    5.023675 ^ input1/A (sky130_fd_sc_hd__buf_8)
     5    0.139059    0.161377    0.127418    5.151093 ^ input1/X (sky130_fd_sc_hd__buf_8)
                                                         net1 (net)
                      0.220623    0.075773    5.226866 ^ fanout93/A (sky130_fd_sc_hd__buf_1)
     3    0.015299    0.137718    0.133368    5.360234 ^ fanout93/X (sky130_fd_sc_hd__buf_1)
                                                         net93 (net)
                      0.137721    0.000536    5.360770 ^ fanout90/A (sky130_fd_sc_hd__clkbuf_2)
     9    0.036655    0.154959    0.174396    5.535166 ^ fanout90/X (sky130_fd_sc_hd__clkbuf_2)
                                                         net90 (net)
                      0.154967    0.000879    5.536045 ^ fanout89/A (sky130_fd_sc_hd__clkbuf_2)
     5    0.032949    0.140115    0.166882    5.702926 ^ fanout89/X (sky130_fd_sc_hd__clkbuf_2)
                                                         net89 (net)
                      0.140123    0.000894    5.703820 ^ _601_/RESET_B (sky130_fd_sc_hd__dfrtp_1)
                                              5.703820   data arrival time

                                 25.000000   25.000000   clock clk_i (rise edge)
                                  0.000000   25.000000   clock source latency
     2    0.077175    0.262105    0.196252   25.196251 ^ clk_i (in)
                                                         clk_i (net)
                      0.266425    0.000000   25.196251 ^ clkbuf_0_clk_i/A (sky130_fd_sc_hd__clkbuf_16)
     2    0.018739    0.036606    0.127372   25.323624 ^ clkbuf_0_clk_i/X (sky130_fd_sc_hd__clkbuf_16)
                                                         clknet_0_clk_i (net)
                      0.036606    0.000405   25.324028 ^ clkbuf_1_0__f_clk_i/A (sky130_fd_sc_hd__clkbuf_16)
     3    0.008468    0.023514    0.078213   25.402241 ^ clkbuf_1_0__f_clk_i/X (sky130_fd_sc_hd__clkbuf_16)
                                                         clknet_1_0__leaf_clk_i (net)
                      0.023514    0.000192   25.402433 ^ _498_/A (sky130_fd_sc_hd__and2_2)
     3    0.052614    0.202390    0.198499   25.600931 ^ _498_/X (sky130_fd_sc_hd__and2_2)
                                                         u_ibex.clk (net)
                      0.203536    0.012307   25.613239 ^ clkbuf_0_u_ibex.clk/A (sky130_fd_sc_hd__clkbuf_16)
     9    0.081193    0.077163    0.153010   25.766249 ^ clkbuf_0_u_ibex.clk/X (sky130_fd_sc_hd__clkbuf_16)
                                                         clknet_0_u_ibex.clk (net)
                      0.077773    0.005377   25.771626 ^ clkbuf_2_1__f_u_ibex.clk/A (sky130_fd_sc_hd__clkbuf_16)
    33    0.094839    0.086324    0.133729   25.905355 ^ clkbuf_2_1__f_u_ibex.clk/X (sky130_fd_sc_hd__clkbuf_16)
                                                         clknet_2_1__leaf_u_ibex.clk (net)
                      0.089002    0.011918   25.917273 ^ _601_/CLK (sky130_fd_sc_hd__dfrtp_1)
                                 -0.250000   25.667273   clock uncertainty
                                  0.000000   25.667273   clock reconvergence pessimism
                                  0.132191   25.799465   library recovery time
                                             25.799465   data required time
---------------------------------------------------------------------------------------------
                                             25.799465   data required time
                                             -5.703820   data arrival time
---------------------------------------------------------------------------------------------
                                             20.095644   slack (MET)


Startpoint: rst_ni (input port clocked by clk_i)
Endpoint: _603_ (recovery check against rising-edge clock clk_i)
Path Group: asynchronous
Path Type: max

Fanout         Cap        Slew       Delay        Time   Description
---------------------------------------------------------------------------------------------
                                  0.000000    0.000000   clock clk_i (rise edge)
                                  0.000000    0.000000   clock network delay (propagated)
                                  5.000000    5.000000 ^ input external delay
     2    0.009405    0.036510    0.023675    5.023675 ^ rst_ni (in)
                                                         rst_ni (net)
                      0.036511    0.000000    5.023675 ^ input1/A (sky130_fd_sc_hd__buf_8)
     5    0.139059    0.161377    0.127418    5.151093 ^ input1/X (sky130_fd_sc_hd__buf_8)
                                                         net1 (net)
                      0.220623    0.075773    5.226866 ^ fanout93/A (sky130_fd_sc_hd__buf_1)
     3    0.015299    0.137718    0.133368    5.360234 ^ fanout93/X (sky130_fd_sc_hd__buf_1)
                                                         net93 (net)
                      0.137721    0.000536    5.360770 ^ fanout90/A (sky130_fd_sc_hd__clkbuf_2)
     9    0.036655    0.154959    0.174396    5.535166 ^ fanout90/X (sky130_fd_sc_hd__clkbuf_2)
                                                         net90 (net)
                      0.154967    0.000879    5.536045 ^ fanout89/A (sky130_fd_sc_hd__clkbuf_2)
     5    0.032949    0.140115    0.166882    5.702926 ^ fanout89/X (sky130_fd_sc_hd__clkbuf_2)
                                                         net89 (net)
                      0.140127    0.001084    5.704010 ^ _603_/RESET_B (sky130_fd_sc_hd__dfrtp_1)
                                              5.704010   data arrival time

                                 25.000000   25.000000   clock clk_i (rise edge)
                                  0.000000   25.000000   clock source latency
     2    0.077175    0.262105    0.196252   25.196251 ^ clk_i (in)
                                                         clk_i (net)
                      0.266425    0.000000   25.196251 ^ clkbuf_0_clk_i/A (sky130_fd_sc_hd__clkbuf_16)
     2    0.018739    0.036606    0.127372   25.323624 ^ clkbuf_0_clk_i/X (sky130_fd_sc_hd__clkbuf_16)
                                                         clknet_0_clk_i (net)
                      0.036606    0.000405   25.324028 ^ clkbuf_1_0__f_clk_i/A (sky130_fd_sc_hd__clkbuf_16)
     3    0.008468    0.023514    0.078213   25.402241 ^ clkbuf_1_0__f_clk_i/X (sky130_fd_sc_hd__clkbuf_16)
                                                         clknet_1_0__leaf_clk_i (net)
                      0.023514    0.000192   25.402433 ^ _498_/A (sky130_fd_sc_hd__and2_2)
     3    0.052614    0.202390    0.198499   25.600931 ^ _498_/X (sky130_fd_sc_hd__and2_2)
                                                         u_ibex.clk (net)
                      0.203536    0.012307   25.613239 ^ clkbuf_0_u_ibex.clk/A (sky130_fd_sc_hd__clkbuf_16)
     9    0.081193    0.077163    0.153010   25.766249 ^ clkbuf_0_u_ibex.clk/X (sky130_fd_sc_hd__clkbuf_16)
                                                         clknet_0_u_ibex.clk (net)
                      0.077773    0.005377   25.771626 ^ clkbuf_2_1__f_u_ibex.clk/A (sky130_fd_sc_hd__clkbuf_16)
    33    0.094839    0.086324    0.133729   25.905355 ^ clkbuf_2_1__f_u_ibex.clk/X (sky130_fd_sc_hd__clkbuf_16)
                                                         clknet_2_1__leaf_u_ibex.clk (net)
                      0.089161    0.012262   25.917618 ^ _603_/CLK (sky130_fd_sc_hd__dfrtp_1)
                                 -0.250000   25.667618   clock uncertainty
                                  0.000000   25.667618   clock reconvergence pessimism
                                  0.132215   25.799831   library recovery time
                                             25.799831   data required time
---------------------------------------------------------------------------------------------
                                             25.799831   data required time
                                             -5.704010   data arrival time
---------------------------------------------------------------------------------------------
                                             20.095823   slack (MET)


Startpoint: rst_ni (input port clocked by clk_i)
Endpoint: _579_ (recovery check against rising-edge clock clk_i)
Path Group: asynchronous
Path Type: max

Fanout         Cap        Slew       Delay        Time   Description
---------------------------------------------------------------------------------------------
                                  0.000000    0.000000   clock clk_i (rise edge)
                                  0.000000    0.000000   clock network delay (propagated)
                                  5.000000    5.000000 ^ input external delay
     2    0.009405    0.036510    0.023675    5.023675 ^ rst_ni (in)
                                                         rst_ni (net)
                      0.036511    0.000000    5.023675 ^ input1/A (sky130_fd_sc_hd__buf_8)
     5    0.139059    0.161377    0.127418    5.151093 ^ input1/X (sky130_fd_sc_hd__buf_8)
                                                         net1 (net)
                      0.203178    0.060996    5.212088 ^ fanout99/A (sky130_fd_sc_hd__clkbuf_2)
     7    0.033369    0.142141    0.171826    5.383914 ^ fanout99/X (sky130_fd_sc_hd__clkbuf_2)
                                                         net99 (net)
                      0.142145    0.000562    5.384476 ^ fanout98/A (sky130_fd_sc_hd__buf_1)
     4    0.020273    0.180099    0.163209    5.547685 ^ fanout98/X (sky130_fd_sc_hd__buf_1)
                                                         net98 (net)
                      0.180109    0.001127    5.548811 ^ fanout94/A (sky130_fd_sc_hd__buf_2)
     6    0.033346    0.124935    0.162926    5.711737 ^ fanout94/X (sky130_fd_sc_hd__buf_2)
                                                         net94 (net)
                      0.124976    0.001867    5.713603 ^ _579_/RESET_B (sky130_fd_sc_hd__dfrtp_1)
                                              5.713603   data arrival time

                                 25.000000   25.000000   clock clk_i (rise edge)
                                  0.000000   25.000000   clock source latency
     2    0.077175    0.262105    0.196252   25.196251 ^ clk_i (in)
                                                         clk_i (net)
                      0.266425    0.000000   25.196251 ^ clkbuf_0_clk_i/A (sky130_fd_sc_hd__clkbuf_16)
     2    0.018739    0.036606    0.127372   25.323624 ^ clkbuf_0_clk_i/X (sky130_fd_sc_hd__clkbuf_16)
                                                         clknet_0_clk_i (net)
                      0.036606    0.000405   25.324028 ^ clkbuf_1_0__f_clk_i/A (sky130_fd_sc_hd__clkbuf_16)
     3    0.008468    0.023514    0.078213   25.402241 ^ clkbuf_1_0__f_clk_i/X (sky130_fd_sc_hd__clkbuf_16)
                                                         clknet_1_0__leaf_clk_i (net)
                      0.023514    0.000192   25.402433 ^ _498_/A (sky130_fd_sc_hd__and2_2)
     3    0.052614    0.202390    0.198499   25.600931 ^ _498_/X (sky130_fd_sc_hd__and2_2)
                                                         u_ibex.clk (net)
                      0.203536    0.012307   25.613239 ^ clkbuf_0_u_ibex.clk/A (sky130_fd_sc_hd__clkbuf_16)
     9    0.081193    0.077163    0.153010   25.766249 ^ clkbuf_0_u_ibex.clk/X (sky130_fd_sc_hd__clkbuf_16)
                                                         clknet_0_u_ibex.clk (net)
                      0.078334    0.007466   25.773714 ^ clkbuf_2_2__f_u_ibex.clk/A (sky130_fd_sc_hd__clkbuf_16)
    31    0.105244    0.094104    0.135618   25.909332 ^ clkbuf_2_2__f_u_ibex.clk/X (sky130_fd_sc_hd__clkbuf_16)
                                                         clknet_2_2__leaf_u_ibex.clk (net)
                      0.097537    0.013927   25.923260 ^ _579_/CLK (sky130_fd_sc_hd__dfrtp_1)
                                 -0.250000   25.673260   clock uncertainty
                                  0.000000   25.673260   clock reconvergence pessimism
                                  0.136295   25.809555   library recovery time
                                             25.809555   data required time
---------------------------------------------------------------------------------------------
                                             25.809555   data required time
                                             -5.713603   data arrival time
---------------------------------------------------------------------------------------------
                                             20.095951   slack (MET)


Startpoint: rst_ni (input port clocked by clk_i)
Endpoint: _574_ (recovery check against rising-edge clock clk_i)
Path Group: asynchronous
Path Type: max

Fanout         Cap        Slew       Delay        Time   Description
---------------------------------------------------------------------------------------------
                                  0.000000    0.000000   clock clk_i (rise edge)
                                  0.000000    0.000000   clock network delay (propagated)
                                  5.000000    5.000000 ^ input external delay
     2    0.009405    0.036510    0.023675    5.023675 ^ rst_ni (in)
                                                         rst_ni (net)
                      0.036511    0.000000    5.023675 ^ input1/A (sky130_fd_sc_hd__buf_8)
     5    0.139059    0.161377    0.127418    5.151093 ^ input1/X (sky130_fd_sc_hd__buf_8)
                                                         net1 (net)
                      0.203178    0.060996    5.212088 ^ fanout99/A (sky130_fd_sc_hd__clkbuf_2)
     7    0.033369    0.142141    0.171826    5.383914 ^ fanout99/X (sky130_fd_sc_hd__clkbuf_2)
                                                         net99 (net)
                      0.142145    0.000562    5.384476 ^ fanout98/A (sky130_fd_sc_hd__buf_1)
     4    0.020273    0.180099    0.163209    5.547685 ^ fanout98/X (sky130_fd_sc_hd__buf_1)
                                                         net98 (net)
                      0.180108    0.001092    5.548777 ^ fanout95/A (sky130_fd_sc_hd__clkbuf_2)
     4    0.025821    0.111556    0.149682    5.698459 ^ fanout95/X (sky130_fd_sc_hd__clkbuf_2)
                                                         net95 (net)
                      0.111614    0.001110    5.699569 ^ _574_/RESET_B (sky130_fd_sc_hd__dfrtp_1)
                                              5.699569   data arrival time

                                 25.000000   25.000000   clock clk_i (rise edge)
                                  0.000000   25.000000   clock source latency
     2    0.077175    0.262105    0.196252   25.196251 ^ clk_i (in)
                                                         clk_i (net)
                      0.266425    0.000000   25.196251 ^ clkbuf_0_clk_i/A (sky130_fd_sc_hd__clkbuf_16)
     2    0.018739    0.036606    0.127372   25.323624 ^ clkbuf_0_clk_i/X (sky130_fd_sc_hd__clkbuf_16)
                                                         clknet_0_clk_i (net)
                      0.036606    0.000405   25.324028 ^ clkbuf_1_0__f_clk_i/A (sky130_fd_sc_hd__clkbuf_16)
     3    0.008468    0.023514    0.078213   25.402241 ^ clkbuf_1_0__f_clk_i/X (sky130_fd_sc_hd__clkbuf_16)
                                                         clknet_1_0__leaf_clk_i (net)
                      0.023514    0.000192   25.402433 ^ _498_/A (sky130_fd_sc_hd__and2_2)
     3    0.052614    0.202390    0.198499   25.600931 ^ _498_/X (sky130_fd_sc_hd__and2_2)
                                                         u_ibex.clk (net)
                      0.203536    0.012307   25.613239 ^ clkbuf_0_u_ibex.clk/A (sky130_fd_sc_hd__clkbuf_16)
     9    0.081193    0.077163    0.153010   25.766249 ^ clkbuf_0_u_ibex.clk/X (sky130_fd_sc_hd__clkbuf_16)
                                                         clknet_0_u_ibex.clk (net)
                      0.078286    0.007306   25.773554 ^ clkbuf_2_3__f_u_ibex.clk/A (sky130_fd_sc_hd__clkbuf_16)
    23    0.080609    0.075178    0.128253   25.901808 ^ clkbuf_2_3__f_u_ibex.clk/X (sky130_fd_sc_hd__clkbuf_16)
                                                         clknet_2_3__leaf_u_ibex.clk (net)
                      0.077016    0.009123   25.910931 ^ _574_/CLK (sky130_fd_sc_hd__dfrtp_1)
                                 -0.250000   25.660933   clock uncertainty
                                  0.000000   25.660933   clock reconvergence pessimism
                                  0.135618   25.796549   library recovery time
                                             25.796549   data required time
---------------------------------------------------------------------------------------------
                                             25.796549   data required time
                                             -5.699569   data arrival time
---------------------------------------------------------------------------------------------
                                             20.096981   slack (MET)


Startpoint: rst_ni (input port clocked by clk_i)
Endpoint: _575_ (recovery check against rising-edge clock clk_i)
Path Group: asynchronous
Path Type: max

Fanout         Cap        Slew       Delay        Time   Description
---------------------------------------------------------------------------------------------
                                  0.000000    0.000000   clock clk_i (rise edge)
                                  0.000000    0.000000   clock network delay (propagated)
                                  5.000000    5.000000 ^ input external delay
     2    0.009405    0.036510    0.023675    5.023675 ^ rst_ni (in)
                                                         rst_ni (net)
                      0.036511    0.000000    5.023675 ^ input1/A (sky130_fd_sc_hd__buf_8)
     5    0.139059    0.161377    0.127418    5.151093 ^ input1/X (sky130_fd_sc_hd__buf_8)
                                                         net1 (net)
                      0.203178    0.060996    5.212088 ^ fanout99/A (sky130_fd_sc_hd__clkbuf_2)
     7    0.033369    0.142141    0.171826    5.383914 ^ fanout99/X (sky130_fd_sc_hd__clkbuf_2)
                                                         net99 (net)
                      0.142145    0.000562    5.384476 ^ fanout98/A (sky130_fd_sc_hd__buf_1)
     4    0.020273    0.180099    0.163209    5.547685 ^ fanout98/X (sky130_fd_sc_hd__buf_1)
                                                         net98 (net)
                      0.180109    0.001127    5.548811 ^ fanout94/A (sky130_fd_sc_hd__buf_2)
     6    0.033346    0.124935    0.162926    5.711737 ^ fanout94/X (sky130_fd_sc_hd__buf_2)
                                                         net94 (net)
                      0.124969    0.001720    5.713457 ^ _575_/RESET_B (sky130_fd_sc_hd__dfrtp_1)
                                              5.713457   data arrival time

                                 25.000000   25.000000   clock clk_i (rise edge)
                                  0.000000   25.000000   clock source latency
     2    0.077175    0.262105    0.196252   25.196251 ^ clk_i (in)
                                                         clk_i (net)
                      0.266425    0.000000   25.196251 ^ clkbuf_0_clk_i/A (sky130_fd_sc_hd__clkbuf_16)
     2    0.018739    0.036606    0.127372   25.323624 ^ clkbuf_0_clk_i/X (sky130_fd_sc_hd__clkbuf_16)
                                                         clknet_0_clk_i (net)
                      0.036606    0.000405   25.324028 ^ clkbuf_1_0__f_clk_i/A (sky130_fd_sc_hd__clkbuf_16)
     3    0.008468    0.023514    0.078213   25.402241 ^ clkbuf_1_0__f_clk_i/X (sky130_fd_sc_hd__clkbuf_16)
                                                         clknet_1_0__leaf_clk_i (net)
                      0.023514    0.000192   25.402433 ^ _498_/A (sky130_fd_sc_hd__and2_2)
     3    0.052614    0.202390    0.198499   25.600931 ^ _498_/X (sky130_fd_sc_hd__and2_2)
                                                         u_ibex.clk (net)
                      0.203536    0.012307   25.613239 ^ clkbuf_0_u_ibex.clk/A (sky130_fd_sc_hd__clkbuf_16)
     9    0.081193    0.077163    0.153010   25.766249 ^ clkbuf_0_u_ibex.clk/X (sky130_fd_sc_hd__clkbuf_16)
                                                         clknet_0_u_ibex.clk (net)
                      0.078334    0.007466   25.773714 ^ clkbuf_2_2__f_u_ibex.clk/A (sky130_fd_sc_hd__clkbuf_16)
    31    0.105244    0.094104    0.135618   25.909332 ^ clkbuf_2_2__f_u_ibex.clk/X (sky130_fd_sc_hd__clkbuf_16)
                                                         clknet_2_2__leaf_u_ibex.clk (net)
                      0.098393    0.015508   25.924839 ^ _575_/CLK (sky130_fd_sc_hd__dfrtp_1)
                                 -0.250000   25.674841   clock uncertainty
                                  0.000000   25.674841   clock reconvergence pessimism
                                  0.136428   25.811268   library recovery time
                                             25.811268   data required time
---------------------------------------------------------------------------------------------
                                             25.811268   data required time
                                             -5.713457   data arrival time
---------------------------------------------------------------------------------------------
                                             20.097813   slack (MET)


Startpoint: rst_ni (input port clocked by clk_i)
Endpoint: _566_ (recovery check against rising-edge clock clk_i)
Path Group: asynchronous
Path Type: max

Fanout         Cap        Slew       Delay        Time   Description
---------------------------------------------------------------------------------------------
                                  0.000000    0.000000   clock clk_i (rise edge)
                                  0.000000    0.000000   clock network delay (propagated)
                                  5.000000    5.000000 ^ input external delay
     2    0.009405    0.036510    0.023675    5.023675 ^ rst_ni (in)
                                                         rst_ni (net)
                      0.036511    0.000000    5.023675 ^ input1/A (sky130_fd_sc_hd__buf_8)
     5    0.139059    0.161377    0.127418    5.151093 ^ input1/X (sky130_fd_sc_hd__buf_8)
                                                         net1 (net)
                      0.203178    0.060996    5.212088 ^ fanout99/A (sky130_fd_sc_hd__clkbuf_2)
     7    0.033369    0.142141    0.171826    5.383914 ^ fanout99/X (sky130_fd_sc_hd__clkbuf_2)
                                                         net99 (net)
                      0.142145    0.000562    5.384476 ^ fanout98/A (sky130_fd_sc_hd__buf_1)
     4    0.020273    0.180099    0.163209    5.547685 ^ fanout98/X (sky130_fd_sc_hd__buf_1)
                                                         net98 (net)
                      0.180108    0.001092    5.548777 ^ fanout95/A (sky130_fd_sc_hd__clkbuf_2)
     4    0.025821    0.111556    0.149682    5.698459 ^ fanout95/X (sky130_fd_sc_hd__clkbuf_2)
                                                         net95 (net)
                      0.111603    0.000636    5.699095 ^ _566_/RESET_B (sky130_fd_sc_hd__dfrtp_1)
                                              5.699095   data arrival time

                                 25.000000   25.000000   clock clk_i (rise edge)
                                  0.000000   25.000000   clock source latency
     2    0.077175    0.262105    0.196252   25.196251 ^ clk_i (in)
                                                         clk_i (net)
                      0.266425    0.000000   25.196251 ^ clkbuf_0_clk_i/A (sky130_fd_sc_hd__clkbuf_16)
     2    0.018739    0.036606    0.127372   25.323624 ^ clkbuf_0_clk_i/X (sky130_fd_sc_hd__clkbuf_16)
                                                         clknet_0_clk_i (net)
                      0.036606    0.000405   25.324028 ^ clkbuf_1_0__f_clk_i/A (sky130_fd_sc_hd__clkbuf_16)
     3    0.008468    0.023514    0.078213   25.402241 ^ clkbuf_1_0__f_clk_i/X (sky130_fd_sc_hd__clkbuf_16)
                                                         clknet_1_0__leaf_clk_i (net)
                      0.023514    0.000192   25.402433 ^ _498_/A (sky130_fd_sc_hd__and2_2)
     3    0.052614    0.202390    0.198499   25.600931 ^ _498_/X (sky130_fd_sc_hd__and2_2)
                                                         u_ibex.clk (net)
                      0.203536    0.012307   25.613239 ^ clkbuf_0_u_ibex.clk/A (sky130_fd_sc_hd__clkbuf_16)
     9    0.081193    0.077163    0.153010   25.766249 ^ clkbuf_0_u_ibex.clk/X (sky130_fd_sc_hd__clkbuf_16)
                                                         clknet_0_u_ibex.clk (net)
                      0.078286    0.007306   25.773554 ^ clkbuf_2_3__f_u_ibex.clk/A (sky130_fd_sc_hd__clkbuf_16)
    23    0.080609    0.075178    0.128253   25.901808 ^ clkbuf_2_3__f_u_ibex.clk/X (sky130_fd_sc_hd__clkbuf_16)
                                                         clknet_2_3__leaf_u_ibex.clk (net)
                      0.077423    0.010109   25.911917 ^ _566_/CLK (sky130_fd_sc_hd__dfrtp_1)
                                 -0.250000   25.661919   clock uncertainty
                                  0.000000   25.661919   clock reconvergence pessimism
                                  0.135682   25.797600   library recovery time
                                             25.797600   data required time
---------------------------------------------------------------------------------------------
                                             25.797600   data required time
                                             -5.699095   data arrival time
---------------------------------------------------------------------------------------------
                                             20.098505   slack (MET)


Startpoint: rst_ni (input port clocked by clk_i)
Endpoint: _563_ (recovery check against rising-edge clock clk_i)
Path Group: asynchronous
Path Type: max

Fanout         Cap        Slew       Delay        Time   Description
---------------------------------------------------------------------------------------------
                                  0.000000    0.000000   clock clk_i (rise edge)
                                  0.000000    0.000000   clock network delay (propagated)
                                  5.000000    5.000000 ^ input external delay
     2    0.009405    0.036510    0.023675    5.023675 ^ rst_ni (in)
                                                         rst_ni (net)
                      0.036511    0.000000    5.023675 ^ input1/A (sky130_fd_sc_hd__buf_8)
     5    0.139059    0.161377    0.127418    5.151093 ^ input1/X (sky130_fd_sc_hd__buf_8)
                                                         net1 (net)
                      0.203178    0.060996    5.212088 ^ fanout99/A (sky130_fd_sc_hd__clkbuf_2)
     7    0.033369    0.142141    0.171826    5.383914 ^ fanout99/X (sky130_fd_sc_hd__clkbuf_2)
                                                         net99 (net)
                      0.142145    0.000562    5.384476 ^ fanout98/A (sky130_fd_sc_hd__buf_1)
     4    0.020273    0.180099    0.163209    5.547685 ^ fanout98/X (sky130_fd_sc_hd__buf_1)
                                                         net98 (net)
                      0.180100    0.000371    5.548056 ^ fanout97/A (sky130_fd_sc_hd__buf_2)
     6    0.034924    0.130751    0.167231    5.715287 ^ fanout97/X (sky130_fd_sc_hd__buf_2)
                                                         net97 (net)
                      0.130803    0.000988    5.716275 ^ _563_/RESET_B (sky130_fd_sc_hd__dfrtp_1)
                                              5.716275   data arrival time

                                 25.000000   25.000000   clock clk_i (rise edge)
                                  0.000000   25.000000   clock source latency
     2    0.077175    0.262105    0.196252   25.196251 ^ clk_i (in)
                                                         clk_i (net)
                      0.266425    0.000000   25.196251 ^ clkbuf_0_clk_i/A (sky130_fd_sc_hd__clkbuf_16)
     2    0.018739    0.036606    0.127372   25.323624 ^ clkbuf_0_clk_i/X (sky130_fd_sc_hd__clkbuf_16)
                                                         clknet_0_clk_i (net)
                      0.036606    0.000405   25.324028 ^ clkbuf_1_0__f_clk_i/A (sky130_fd_sc_hd__clkbuf_16)
     3    0.008468    0.023514    0.078213   25.402241 ^ clkbuf_1_0__f_clk_i/X (sky130_fd_sc_hd__clkbuf_16)
                                                         clknet_1_0__leaf_clk_i (net)
                      0.023514    0.000192   25.402433 ^ _498_/A (sky130_fd_sc_hd__and2_2)
     3    0.052614    0.202390    0.198499   25.600931 ^ _498_/X (sky130_fd_sc_hd__and2_2)
                                                         u_ibex.clk (net)
                      0.203536    0.012307   25.613239 ^ clkbuf_0_u_ibex.clk/A (sky130_fd_sc_hd__clkbuf_16)
     9    0.081193    0.077163    0.153010   25.766249 ^ clkbuf_0_u_ibex.clk/X (sky130_fd_sc_hd__clkbuf_16)
                                                         clknet_0_u_ibex.clk (net)
                      0.078334    0.007466   25.773714 ^ clkbuf_2_2__f_u_ibex.clk/A (sky130_fd_sc_hd__clkbuf_16)
    31    0.105244    0.094104    0.135618   25.909332 ^ clkbuf_2_2__f_u_ibex.clk/X (sky130_fd_sc_hd__clkbuf_16)
                                                         clknet_2_2__leaf_u_ibex.clk (net)
                      0.101850    0.020812   25.930143 ^ _563_/CLK (sky130_fd_sc_hd__dfrtp_1)
                                 -0.250000   25.680145   clock uncertainty
                                  0.000000   25.680145   clock reconvergence pessimism
                                  0.135886   25.816031   library recovery time
                                             25.816031   data required time
---------------------------------------------------------------------------------------------
                                             25.816031   data required time
                                             -5.716275   data arrival time
---------------------------------------------------------------------------------------------
                                             20.099756   slack (MET)


Startpoint: rst_ni (input port clocked by clk_i)
Endpoint: _567_ (recovery check against rising-edge clock clk_i)
Path Group: asynchronous
Path Type: max

Fanout         Cap        Slew       Delay        Time   Description
---------------------------------------------------------------------------------------------
                                  0.000000    0.000000   clock clk_i (rise edge)
                                  0.000000    0.000000   clock network delay (propagated)
                                  5.000000    5.000000 ^ input external delay
     2    0.009405    0.036510    0.023675    5.023675 ^ rst_ni (in)
                                                         rst_ni (net)
                      0.036511    0.000000    5.023675 ^ input1/A (sky130_fd_sc_hd__buf_8)
     5    0.139059    0.161377    0.127418    5.151093 ^ input1/X (sky130_fd_sc_hd__buf_8)
                                                         net1 (net)
                      0.203178    0.060996    5.212088 ^ fanout99/A (sky130_fd_sc_hd__clkbuf_2)
     7    0.033369    0.142141    0.171826    5.383914 ^ fanout99/X (sky130_fd_sc_hd__clkbuf_2)
                                                         net99 (net)
                      0.142145    0.000562    5.384476 ^ fanout98/A (sky130_fd_sc_hd__buf_1)
     4    0.020273    0.180099    0.163209    5.547685 ^ fanout98/X (sky130_fd_sc_hd__buf_1)
                                                         net98 (net)
                      0.180109    0.001127    5.548811 ^ fanout94/A (sky130_fd_sc_hd__buf_2)
     6    0.033346    0.124935    0.162926    5.711737 ^ fanout94/X (sky130_fd_sc_hd__buf_2)
                                                         net94 (net)
                      0.124982    0.002013    5.713749 ^ _567_/RESET_B (sky130_fd_sc_hd__dfrtp_1)
                                              5.713749   data arrival time

                                 25.000000   25.000000   clock clk_i (rise edge)
                                  0.000000   25.000000   clock source latency
     2    0.077175    0.262105    0.196252   25.196251 ^ clk_i (in)
                                                         clk_i (net)
                      0.266425    0.000000   25.196251 ^ clkbuf_0_clk_i/A (sky130_fd_sc_hd__clkbuf_16)
     2    0.018739    0.036606    0.127372   25.323624 ^ clkbuf_0_clk_i/X (sky130_fd_sc_hd__clkbuf_16)
                                                         clknet_0_clk_i (net)
                      0.036606    0.000405   25.324028 ^ clkbuf_1_0__f_clk_i/A (sky130_fd_sc_hd__clkbuf_16)
     3    0.008468    0.023514    0.078213   25.402241 ^ clkbuf_1_0__f_clk_i/X (sky130_fd_sc_hd__clkbuf_16)
                                                         clknet_1_0__leaf_clk_i (net)
                      0.023514    0.000192   25.402433 ^ _498_/A (sky130_fd_sc_hd__and2_2)
     3    0.052614    0.202390    0.198499   25.600931 ^ _498_/X (sky130_fd_sc_hd__and2_2)
                                                         u_ibex.clk (net)
                      0.203536    0.012307   25.613239 ^ clkbuf_0_u_ibex.clk/A (sky130_fd_sc_hd__clkbuf_16)
     9    0.081193    0.077163    0.153010   25.766249 ^ clkbuf_0_u_ibex.clk/X (sky130_fd_sc_hd__clkbuf_16)
                                                         clknet_0_u_ibex.clk (net)
                      0.078334    0.007466   25.773714 ^ clkbuf_2_2__f_u_ibex.clk/A (sky130_fd_sc_hd__clkbuf_16)
    31    0.105244    0.094104    0.135618   25.909332 ^ clkbuf_2_2__f_u_ibex.clk/X (sky130_fd_sc_hd__clkbuf_16)
                                                         clknet_2_2__leaf_u_ibex.clk (net)
                      0.100574    0.019003   25.928335 ^ _567_/CLK (sky130_fd_sc_hd__dfrtp_1)
                                 -0.250000   25.678337   clock uncertainty
                                  0.000000   25.678337   clock reconvergence pessimism
                                  0.136760   25.815096   library recovery time
                                             25.815096   data required time
---------------------------------------------------------------------------------------------
                                             25.815096   data required time
                                             -5.713749   data arrival time
---------------------------------------------------------------------------------------------
                                             20.101347   slack (MET)


Startpoint: rst_ni (input port clocked by clk_i)
Endpoint: _568_ (recovery check against rising-edge clock clk_i)
Path Group: asynchronous
Path Type: max

Fanout         Cap        Slew       Delay        Time   Description
---------------------------------------------------------------------------------------------
                                  0.000000    0.000000   clock clk_i (rise edge)
                                  0.000000    0.000000   clock network delay (propagated)
                                  5.000000    5.000000 ^ input external delay
     2    0.009405    0.036510    0.023675    5.023675 ^ rst_ni (in)
                                                         rst_ni (net)
                      0.036511    0.000000    5.023675 ^ input1/A (sky130_fd_sc_hd__buf_8)
     5    0.139059    0.161377    0.127418    5.151093 ^ input1/X (sky130_fd_sc_hd__buf_8)
                                                         net1 (net)
                      0.203178    0.060996    5.212088 ^ fanout99/A (sky130_fd_sc_hd__clkbuf_2)
     7    0.033369    0.142141    0.171826    5.383914 ^ fanout99/X (sky130_fd_sc_hd__clkbuf_2)
                                                         net99 (net)
                      0.142145    0.000562    5.384476 ^ fanout98/A (sky130_fd_sc_hd__buf_1)
     4    0.020273    0.180099    0.163209    5.547685 ^ fanout98/X (sky130_fd_sc_hd__buf_1)
                                                         net98 (net)
                      0.180109    0.001127    5.548811 ^ fanout94/A (sky130_fd_sc_hd__buf_2)
     6    0.033346    0.124935    0.162926    5.711737 ^ fanout94/X (sky130_fd_sc_hd__buf_2)
                                                         net94 (net)
                      0.124981    0.001974    5.713711 ^ _568_/RESET_B (sky130_fd_sc_hd__dfrtp_1)
                                              5.713711   data arrival time

                                 25.000000   25.000000   clock clk_i (rise edge)
                                  0.000000   25.000000   clock source latency
     2    0.077175    0.262105    0.196252   25.196251 ^ clk_i (in)
                                                         clk_i (net)
                      0.266425    0.000000   25.196251 ^ clkbuf_0_clk_i/A (sky130_fd_sc_hd__clkbuf_16)
     2    0.018739    0.036606    0.127372   25.323624 ^ clkbuf_0_clk_i/X (sky130_fd_sc_hd__clkbuf_16)
                                                         clknet_0_clk_i (net)
                      0.036606    0.000405   25.324028 ^ clkbuf_1_0__f_clk_i/A (sky130_fd_sc_hd__clkbuf_16)
     3    0.008468    0.023514    0.078213   25.402241 ^ clkbuf_1_0__f_clk_i/X (sky130_fd_sc_hd__clkbuf_16)
                                                         clknet_1_0__leaf_clk_i (net)
                      0.023514    0.000192   25.402433 ^ _498_/A (sky130_fd_sc_hd__and2_2)
     3    0.052614    0.202390    0.198499   25.600931 ^ _498_/X (sky130_fd_sc_hd__and2_2)
                                                         u_ibex.clk (net)
                      0.203536    0.012307   25.613239 ^ clkbuf_0_u_ibex.clk/A (sky130_fd_sc_hd__clkbuf_16)
     9    0.081193    0.077163    0.153010   25.766249 ^ clkbuf_0_u_ibex.clk/X (sky130_fd_sc_hd__clkbuf_16)
                                                         clknet_0_u_ibex.clk (net)
                      0.078334    0.007466   25.773714 ^ clkbuf_2_2__f_u_ibex.clk/A (sky130_fd_sc_hd__clkbuf_16)
    31    0.105244    0.094104    0.135618   25.909332 ^ clkbuf_2_2__f_u_ibex.clk/X (sky130_fd_sc_hd__clkbuf_16)
                                                         clknet_2_2__leaf_u_ibex.clk (net)
                      0.100607    0.019051   25.928383 ^ _568_/CLK (sky130_fd_sc_hd__dfrtp_1)
                                 -0.250000   25.678385   clock uncertainty
                                  0.000000   25.678385   clock reconvergence pessimism
                                  0.136765   25.815149   library recovery time
                                             25.815149   data required time
---------------------------------------------------------------------------------------------
                                             25.815149   data required time
                                             -5.713711   data arrival time
---------------------------------------------------------------------------------------------
                                             20.101439   slack (MET)


Startpoint: rst_ni (input port clocked by clk_i)
Endpoint: _571_ (recovery check against rising-edge clock clk_i)
Path Group: asynchronous
Path Type: max

Fanout         Cap        Slew       Delay        Time   Description
---------------------------------------------------------------------------------------------
                                  0.000000    0.000000   clock clk_i (rise edge)
                                  0.000000    0.000000   clock network delay (propagated)
                                  5.000000    5.000000 ^ input external delay
     2    0.009405    0.036510    0.023675    5.023675 ^ rst_ni (in)
                                                         rst_ni (net)
                      0.036511    0.000000    5.023675 ^ input1/A (sky130_fd_sc_hd__buf_8)
     5    0.139059    0.161377    0.127418    5.151093 ^ input1/X (sky130_fd_sc_hd__buf_8)
                                                         net1 (net)
                      0.203178    0.060996    5.212088 ^ fanout99/A (sky130_fd_sc_hd__clkbuf_2)
     7    0.033369    0.142141    0.171826    5.383914 ^ fanout99/X (sky130_fd_sc_hd__clkbuf_2)
                                                         net99 (net)
                      0.142145    0.000562    5.384476 ^ fanout98/A (sky130_fd_sc_hd__buf_1)
     4    0.020273    0.180099    0.163209    5.547685 ^ fanout98/X (sky130_fd_sc_hd__buf_1)
                                                         net98 (net)
                      0.180109    0.001127    5.548811 ^ fanout94/A (sky130_fd_sc_hd__buf_2)
     6    0.033346    0.124935    0.162926    5.711737 ^ fanout94/X (sky130_fd_sc_hd__buf_2)
                                                         net94 (net)
                      0.124978    0.001918    5.713655 ^ _571_/RESET_B (sky130_fd_sc_hd__dfrtp_1)
                                              5.713655   data arrival time

                                 25.000000   25.000000   clock clk_i (rise edge)
                                  0.000000   25.000000   clock source latency
     2    0.077175    0.262105    0.196252   25.196251 ^ clk_i (in)
                                                         clk_i (net)
                      0.266425    0.000000   25.196251 ^ clkbuf_0_clk_i/A (sky130_fd_sc_hd__clkbuf_16)
     2    0.018739    0.036606    0.127372   25.323624 ^ clkbuf_0_clk_i/X (sky130_fd_sc_hd__clkbuf_16)
                                                         clknet_0_clk_i (net)
                      0.036606    0.000405   25.324028 ^ clkbuf_1_0__f_clk_i/A (sky130_fd_sc_hd__clkbuf_16)
     3    0.008468    0.023514    0.078213   25.402241 ^ clkbuf_1_0__f_clk_i/X (sky130_fd_sc_hd__clkbuf_16)
                                                         clknet_1_0__leaf_clk_i (net)
                      0.023514    0.000192   25.402433 ^ _498_/A (sky130_fd_sc_hd__and2_2)
     3    0.052614    0.202390    0.198499   25.600931 ^ _498_/X (sky130_fd_sc_hd__and2_2)
                                                         u_ibex.clk (net)
                      0.203536    0.012307   25.613239 ^ clkbuf_0_u_ibex.clk/A (sky130_fd_sc_hd__clkbuf_16)
     9    0.081193    0.077163    0.153010   25.766249 ^ clkbuf_0_u_ibex.clk/X (sky130_fd_sc_hd__clkbuf_16)
                                                         clknet_0_u_ibex.clk (net)
                      0.078334    0.007466   25.773714 ^ clkbuf_2_2__f_u_ibex.clk/A (sky130_fd_sc_hd__clkbuf_16)
    31    0.105244    0.094104    0.135618   25.909332 ^ clkbuf_2_2__f_u_ibex.clk/X (sky130_fd_sc_hd__clkbuf_16)
                                                         clknet_2_2__leaf_u_ibex.clk (net)
                      0.100610    0.019057   25.928389 ^ _571_/CLK (sky130_fd_sc_hd__dfrtp_1)
                                 -0.250000   25.678391   clock uncertainty
                                  0.000000   25.678391   clock reconvergence pessimism
                                  0.136767   25.815157   library recovery time
                                             25.815157   data required time
---------------------------------------------------------------------------------------------
                                             25.815157   data required time
                                             -5.713655   data arrival time
---------------------------------------------------------------------------------------------
                                             20.101501   slack (MET)


Startpoint: rst_ni (input port clocked by clk_i)
Endpoint: _584_ (recovery check against rising-edge clock clk_i)
Path Group: asynchronous
Path Type: max

Fanout         Cap        Slew       Delay        Time   Description
---------------------------------------------------------------------------------------------
                                  0.000000    0.000000   clock clk_i (rise edge)
                                  0.000000    0.000000   clock network delay (propagated)
                                  5.000000    5.000000 ^ input external delay
     2    0.009405    0.036510    0.023675    5.023675 ^ rst_ni (in)
                                                         rst_ni (net)
                      0.036511    0.000000    5.023675 ^ input1/A (sky130_fd_sc_hd__buf_8)
     5    0.139059    0.161377    0.127418    5.151093 ^ input1/X (sky130_fd_sc_hd__buf_8)
                                                         net1 (net)
                      0.220623    0.075773    5.226866 ^ fanout93/A (sky130_fd_sc_hd__buf_1)
     3    0.015299    0.137718    0.133368    5.360234 ^ fanout93/X (sky130_fd_sc_hd__buf_1)
                                                         net93 (net)
                      0.137721    0.000536    5.360770 ^ fanout90/A (sky130_fd_sc_hd__clkbuf_2)
     9    0.036655    0.154959    0.174396    5.535166 ^ fanout90/X (sky130_fd_sc_hd__clkbuf_2)
                                                         net90 (net)
                      0.155052    0.003111    5.538277 ^ fanout86/A (sky130_fd_sc_hd__buf_2)
     6    0.034591    0.129146    0.163243    5.701520 ^ fanout86/X (sky130_fd_sc_hd__buf_2)
                                                         net86 (net)
                      0.129167    0.001386    5.702906 ^ _584_/RESET_B (sky130_fd_sc_hd__dfrtp_1)
                                              5.702906   data arrival time

                                 25.000000   25.000000   clock clk_i (rise edge)
                                  0.000000   25.000000   clock source latency
     2    0.077175    0.262105    0.196252   25.196251 ^ clk_i (in)
                                                         clk_i (net)
                      0.266425    0.000000   25.196251 ^ clkbuf_0_clk_i/A (sky130_fd_sc_hd__clkbuf_16)
     2    0.018739    0.036606    0.127372   25.323624 ^ clkbuf_0_clk_i/X (sky130_fd_sc_hd__clkbuf_16)
                                                         clknet_0_clk_i (net)
                      0.036606    0.000405   25.324028 ^ clkbuf_1_0__f_clk_i/A (sky130_fd_sc_hd__clkbuf_16)
     3    0.008468    0.023514    0.078213   25.402241 ^ clkbuf_1_0__f_clk_i/X (sky130_fd_sc_hd__clkbuf_16)
                                                         clknet_1_0__leaf_clk_i (net)
                      0.023514    0.000192   25.402433 ^ _498_/A (sky130_fd_sc_hd__and2_2)
     3    0.052614    0.202390    0.198499   25.600931 ^ _498_/X (sky130_fd_sc_hd__and2_2)
                                                         u_ibex.clk (net)
                      0.203536    0.012307   25.613239 ^ clkbuf_0_u_ibex.clk/A (sky130_fd_sc_hd__clkbuf_16)
     9    0.081193    0.077163    0.153010   25.766249 ^ clkbuf_0_u_ibex.clk/X (sky130_fd_sc_hd__clkbuf_16)
                                                         clknet_0_u_ibex.clk (net)
                      0.077775    0.005388   25.771637 ^ clkbuf_2_0__f_u_ibex.clk/A (sky130_fd_sc_hd__clkbuf_16)
    31    0.095262    0.086372    0.132406   25.904043 ^ clkbuf_2_0__f_u_ibex.clk/X (sky130_fd_sc_hd__clkbuf_16)
                                                         clknet_2_0__leaf_u_ibex.clk (net)
                      0.091480    0.016247   25.920288 ^ _584_/CLK (sky130_fd_sc_hd__dfrtp_1)
                                 -0.250000   25.670290   clock uncertainty
                                  0.000000   25.670290   clock reconvergence pessimism
                                  0.134593   25.804882   library recovery time
                                             25.804882   data required time
---------------------------------------------------------------------------------------------
                                             25.804882   data required time
                                             -5.702906   data arrival time
---------------------------------------------------------------------------------------------
                                             20.101976   slack (MET)


Startpoint: rst_ni (input port clocked by clk_i)
Endpoint: _581_ (recovery check against rising-edge clock clk_i)
Path Group: asynchronous
Path Type: max

Fanout         Cap        Slew       Delay        Time   Description
---------------------------------------------------------------------------------------------
                                  0.000000    0.000000   clock clk_i (rise edge)
                                  0.000000    0.000000   clock network delay (propagated)
                                  5.000000    5.000000 ^ input external delay
     2    0.009405    0.036510    0.023675    5.023675 ^ rst_ni (in)
                                                         rst_ni (net)
                      0.036511    0.000000    5.023675 ^ input1/A (sky130_fd_sc_hd__buf_8)
     5    0.139059    0.161377    0.127418    5.151093 ^ input1/X (sky130_fd_sc_hd__buf_8)
                                                         net1 (net)
                      0.220623    0.075773    5.226866 ^ fanout93/A (sky130_fd_sc_hd__buf_1)
     3    0.015299    0.137718    0.133368    5.360234 ^ fanout93/X (sky130_fd_sc_hd__buf_1)
                                                         net93 (net)
                      0.137721    0.000536    5.360770 ^ fanout90/A (sky130_fd_sc_hd__clkbuf_2)
     9    0.036655    0.154959    0.174396    5.535166 ^ fanout90/X (sky130_fd_sc_hd__clkbuf_2)
                                                         net90 (net)
                      0.155052    0.003111    5.538277 ^ fanout86/A (sky130_fd_sc_hd__buf_2)
     6    0.034591    0.129146    0.163243    5.701520 ^ fanout86/X (sky130_fd_sc_hd__buf_2)
                                                         net86 (net)
                      0.129209    0.002357    5.703877 ^ _581_/RESET_B (sky130_fd_sc_hd__dfrtp_1)
                                              5.703877   data arrival time

                                 25.000000   25.000000   clock clk_i (rise edge)
                                  0.000000   25.000000   clock source latency
     2    0.077175    0.262105    0.196252   25.196251 ^ clk_i (in)
                                                         clk_i (net)
                      0.266425    0.000000   25.196251 ^ clkbuf_0_clk_i/A (sky130_fd_sc_hd__clkbuf_16)
     2    0.018739    0.036606    0.127372   25.323624 ^ clkbuf_0_clk_i/X (sky130_fd_sc_hd__clkbuf_16)
                                                         clknet_0_clk_i (net)
                      0.036606    0.000405   25.324028 ^ clkbuf_1_0__f_clk_i/A (sky130_fd_sc_hd__clkbuf_16)
     3    0.008468    0.023514    0.078213   25.402241 ^ clkbuf_1_0__f_clk_i/X (sky130_fd_sc_hd__clkbuf_16)
                                                         clknet_1_0__leaf_clk_i (net)
                      0.023514    0.000192   25.402433 ^ _498_/A (sky130_fd_sc_hd__and2_2)
     3    0.052614    0.202390    0.198499   25.600931 ^ _498_/X (sky130_fd_sc_hd__and2_2)
                                                         u_ibex.clk (net)
                      0.203536    0.012307   25.613239 ^ clkbuf_0_u_ibex.clk/A (sky130_fd_sc_hd__clkbuf_16)
     9    0.081193    0.077163    0.153010   25.766249 ^ clkbuf_0_u_ibex.clk/X (sky130_fd_sc_hd__clkbuf_16)
                                                         clknet_0_u_ibex.clk (net)
                      0.077775    0.005388   25.771637 ^ clkbuf_2_0__f_u_ibex.clk/A (sky130_fd_sc_hd__clkbuf_16)
    31    0.095262    0.086372    0.132406   25.904043 ^ clkbuf_2_0__f_u_ibex.clk/X (sky130_fd_sc_hd__clkbuf_16)
                                                         clknet_2_0__leaf_u_ibex.clk (net)
                      0.092141    0.017288   25.921329 ^ _581_/CLK (sky130_fd_sc_hd__dfrtp_1)
                                 -0.250000   25.671331   clock uncertainty
                                  0.000000   25.671331   clock reconvergence pessimism
                                  0.134687   25.806017   library recovery time
                                             25.806017   data required time
---------------------------------------------------------------------------------------------
                                             25.806017   data required time
                                             -5.703877   data arrival time
---------------------------------------------------------------------------------------------
                                             20.102140   slack (MET)


Startpoint: rst_ni (input port clocked by clk_i)
Endpoint: _580_ (recovery check against rising-edge clock clk_i)
Path Group: asynchronous
Path Type: max

Fanout         Cap        Slew       Delay        Time   Description
---------------------------------------------------------------------------------------------
                                  0.000000    0.000000   clock clk_i (rise edge)
                                  0.000000    0.000000   clock network delay (propagated)
                                  5.000000    5.000000 ^ input external delay
     2    0.009405    0.036510    0.023675    5.023675 ^ rst_ni (in)
                                                         rst_ni (net)
                      0.036511    0.000000    5.023675 ^ input1/A (sky130_fd_sc_hd__buf_8)
     5    0.139059    0.161377    0.127418    5.151093 ^ input1/X (sky130_fd_sc_hd__buf_8)
                                                         net1 (net)
                      0.220623    0.075773    5.226866 ^ fanout93/A (sky130_fd_sc_hd__buf_1)
     3    0.015299    0.137718    0.133368    5.360234 ^ fanout93/X (sky130_fd_sc_hd__buf_1)
                                                         net93 (net)
                      0.137721    0.000536    5.360770 ^ fanout90/A (sky130_fd_sc_hd__clkbuf_2)
     9    0.036655    0.154959    0.174396    5.535166 ^ fanout90/X (sky130_fd_sc_hd__clkbuf_2)
                                                         net90 (net)
                      0.155052    0.003111    5.538277 ^ fanout86/A (sky130_fd_sc_hd__buf_2)
     6    0.034591    0.129146    0.163243    5.701520 ^ fanout86/X (sky130_fd_sc_hd__buf_2)
                                                         net86 (net)
                      0.129212    0.002401    5.703921 ^ _580_/RESET_B (sky130_fd_sc_hd__dfrtp_1)
                                              5.703921   data arrival time

                                 25.000000   25.000000   clock clk_i (rise edge)
                                  0.000000   25.000000   clock source latency
     2    0.077175    0.262105    0.196252   25.196251 ^ clk_i (in)
                                                         clk_i (net)
                      0.266425    0.000000   25.196251 ^ clkbuf_0_clk_i/A (sky130_fd_sc_hd__clkbuf_16)
     2    0.018739    0.036606    0.127372   25.323624 ^ clkbuf_0_clk_i/X (sky130_fd_sc_hd__clkbuf_16)
                                                         clknet_0_clk_i (net)
                      0.036606    0.000405   25.324028 ^ clkbuf_1_0__f_clk_i/A (sky130_fd_sc_hd__clkbuf_16)
     3    0.008468    0.023514    0.078213   25.402241 ^ clkbuf_1_0__f_clk_i/X (sky130_fd_sc_hd__clkbuf_16)
                                                         clknet_1_0__leaf_clk_i (net)
                      0.023514    0.000192   25.402433 ^ _498_/A (sky130_fd_sc_hd__and2_2)
     3    0.052614    0.202390    0.198499   25.600931 ^ _498_/X (sky130_fd_sc_hd__and2_2)
                                                         u_ibex.clk (net)
                      0.203536    0.012307   25.613239 ^ clkbuf_0_u_ibex.clk/A (sky130_fd_sc_hd__clkbuf_16)
     9    0.081193    0.077163    0.153010   25.766249 ^ clkbuf_0_u_ibex.clk/X (sky130_fd_sc_hd__clkbuf_16)
                                                         clknet_0_u_ibex.clk (net)
                      0.077775    0.005388   25.771637 ^ clkbuf_2_0__f_u_ibex.clk/A (sky130_fd_sc_hd__clkbuf_16)
    31    0.095262    0.086372    0.132406   25.904043 ^ clkbuf_2_0__f_u_ibex.clk/X (sky130_fd_sc_hd__clkbuf_16)
                                                         clknet_2_0__leaf_u_ibex.clk (net)
                      0.092219    0.017408   25.921450 ^ _580_/CLK (sky130_fd_sc_hd__dfrtp_1)
                                 -0.250000   25.671452   clock uncertainty
                                  0.000000   25.671452   clock reconvergence pessimism
                                  0.134698   25.806149   library recovery time
                                             25.806149   data required time
---------------------------------------------------------------------------------------------
                                             25.806149   data required time
                                             -5.703921   data arrival time
---------------------------------------------------------------------------------------------
                                             20.102228   slack (MET)


Startpoint: rst_ni (input port clocked by clk_i)
Endpoint: _582_ (recovery check against rising-edge clock clk_i)
Path Group: asynchronous
Path Type: max

Fanout         Cap        Slew       Delay        Time   Description
---------------------------------------------------------------------------------------------
                                  0.000000    0.000000   clock clk_i (rise edge)
                                  0.000000    0.000000   clock network delay (propagated)
                                  5.000000    5.000000 ^ input external delay
     2    0.009405    0.036510    0.023675    5.023675 ^ rst_ni (in)
                                                         rst_ni (net)
                      0.036511    0.000000    5.023675 ^ input1/A (sky130_fd_sc_hd__buf_8)
     5    0.139059    0.161377    0.127418    5.151093 ^ input1/X (sky130_fd_sc_hd__buf_8)
                                                         net1 (net)
                      0.220623    0.075773    5.226866 ^ fanout93/A (sky130_fd_sc_hd__buf_1)
     3    0.015299    0.137718    0.133368    5.360234 ^ fanout93/X (sky130_fd_sc_hd__buf_1)
                                                         net93 (net)
                      0.137721    0.000536    5.360770 ^ fanout90/A (sky130_fd_sc_hd__clkbuf_2)
     9    0.036655    0.154959    0.174396    5.535166 ^ fanout90/X (sky130_fd_sc_hd__clkbuf_2)
                                                         net90 (net)
                      0.155052    0.003111    5.538277 ^ fanout86/A (sky130_fd_sc_hd__buf_2)
     6    0.034591    0.129146    0.163243    5.701520 ^ fanout86/X (sky130_fd_sc_hd__buf_2)
                                                         net86 (net)
                      0.129192    0.002028    5.703548 ^ _582_/RESET_B (sky130_fd_sc_hd__dfrtp_1)
                                              5.703548   data arrival time

                                 25.000000   25.000000   clock clk_i (rise edge)
                                  0.000000   25.000000   clock source latency
     2    0.077175    0.262105    0.196252   25.196251 ^ clk_i (in)
                                                         clk_i (net)
                      0.266425    0.000000   25.196251 ^ clkbuf_0_clk_i/A (sky130_fd_sc_hd__clkbuf_16)
     2    0.018739    0.036606    0.127372   25.323624 ^ clkbuf_0_clk_i/X (sky130_fd_sc_hd__clkbuf_16)
                                                         clknet_0_clk_i (net)
                      0.036606    0.000405   25.324028 ^ clkbuf_1_0__f_clk_i/A (sky130_fd_sc_hd__clkbuf_16)
     3    0.008468    0.023514    0.078213   25.402241 ^ clkbuf_1_0__f_clk_i/X (sky130_fd_sc_hd__clkbuf_16)
                                                         clknet_1_0__leaf_clk_i (net)
                      0.023514    0.000192   25.402433 ^ _498_/A (sky130_fd_sc_hd__and2_2)
     3    0.052614    0.202390    0.198499   25.600931 ^ _498_/X (sky130_fd_sc_hd__and2_2)
                                                         u_ibex.clk (net)
                      0.203536    0.012307   25.613239 ^ clkbuf_0_u_ibex.clk/A (sky130_fd_sc_hd__clkbuf_16)
     9    0.081193    0.077163    0.153010   25.766249 ^ clkbuf_0_u_ibex.clk/X (sky130_fd_sc_hd__clkbuf_16)
                                                         clknet_0_u_ibex.clk (net)
                      0.077775    0.005388   25.771637 ^ clkbuf_2_0__f_u_ibex.clk/A (sky130_fd_sc_hd__clkbuf_16)
    31    0.095262    0.086372    0.132406   25.904043 ^ clkbuf_2_0__f_u_ibex.clk/X (sky130_fd_sc_hd__clkbuf_16)
                                                         clknet_2_0__leaf_u_ibex.clk (net)
                      0.092102    0.017227   25.921270 ^ _582_/CLK (sky130_fd_sc_hd__dfrtp_1)
                                 -0.250000   25.671270   clock uncertainty
                                  0.000000   25.671270   clock reconvergence pessimism
                                  0.134684   25.805954   library recovery time
                                             25.805954   data required time
---------------------------------------------------------------------------------------------
                                             25.805954   data required time
                                             -5.703548   data arrival time
---------------------------------------------------------------------------------------------
                                             20.102406   slack (MET)


Startpoint: rst_ni (input port clocked by clk_i)
Endpoint: _583_ (recovery check against rising-edge clock clk_i)
Path Group: asynchronous
Path Type: max

Fanout         Cap        Slew       Delay        Time   Description
---------------------------------------------------------------------------------------------
                                  0.000000    0.000000   clock clk_i (rise edge)
                                  0.000000    0.000000   clock network delay (propagated)
                                  5.000000    5.000000 ^ input external delay
     2    0.009405    0.036510    0.023675    5.023675 ^ rst_ni (in)
                                                         rst_ni (net)
                      0.036511    0.000000    5.023675 ^ input1/A (sky130_fd_sc_hd__buf_8)
     5    0.139059    0.161377    0.127418    5.151093 ^ input1/X (sky130_fd_sc_hd__buf_8)
                                                         net1 (net)
                      0.220623    0.075773    5.226866 ^ fanout93/A (sky130_fd_sc_hd__buf_1)
     3    0.015299    0.137718    0.133368    5.360234 ^ fanout93/X (sky130_fd_sc_hd__buf_1)
                                                         net93 (net)
                      0.137721    0.000536    5.360770 ^ fanout90/A (sky130_fd_sc_hd__clkbuf_2)
     9    0.036655    0.154959    0.174396    5.535166 ^ fanout90/X (sky130_fd_sc_hd__clkbuf_2)
                                                         net90 (net)
                      0.155052    0.003111    5.538277 ^ fanout86/A (sky130_fd_sc_hd__buf_2)
     6    0.034591    0.129146    0.163243    5.701520 ^ fanout86/X (sky130_fd_sc_hd__buf_2)
                                                         net86 (net)
                      0.129189    0.001951    5.703471 ^ _583_/RESET_B (sky130_fd_sc_hd__dfrtp_1)
                                              5.703471   data arrival time

                                 25.000000   25.000000   clock clk_i (rise edge)
                                  0.000000   25.000000   clock source latency
     2    0.077175    0.262105    0.196252   25.196251 ^ clk_i (in)
                                                         clk_i (net)
                      0.266425    0.000000   25.196251 ^ clkbuf_0_clk_i/A (sky130_fd_sc_hd__clkbuf_16)
     2    0.018739    0.036606    0.127372   25.323624 ^ clkbuf_0_clk_i/X (sky130_fd_sc_hd__clkbuf_16)
                                                         clknet_0_clk_i (net)
                      0.036606    0.000405   25.324028 ^ clkbuf_1_0__f_clk_i/A (sky130_fd_sc_hd__clkbuf_16)
     3    0.008468    0.023514    0.078213   25.402241 ^ clkbuf_1_0__f_clk_i/X (sky130_fd_sc_hd__clkbuf_16)
                                                         clknet_1_0__leaf_clk_i (net)
                      0.023514    0.000192   25.402433 ^ _498_/A (sky130_fd_sc_hd__and2_2)
     3    0.052614    0.202390    0.198499   25.600931 ^ _498_/X (sky130_fd_sc_hd__and2_2)
                                                         u_ibex.clk (net)
                      0.203536    0.012307   25.613239 ^ clkbuf_0_u_ibex.clk/A (sky130_fd_sc_hd__clkbuf_16)
     9    0.081193    0.077163    0.153010   25.766249 ^ clkbuf_0_u_ibex.clk/X (sky130_fd_sc_hd__clkbuf_16)
                                                         clknet_0_u_ibex.clk (net)
                      0.077775    0.005388   25.771637 ^ clkbuf_2_0__f_u_ibex.clk/A (sky130_fd_sc_hd__clkbuf_16)
    31    0.095262    0.086372    0.132406   25.904043 ^ clkbuf_2_0__f_u_ibex.clk/X (sky130_fd_sc_hd__clkbuf_16)
                                                         clknet_2_0__leaf_u_ibex.clk (net)
                      0.092125    0.017264   25.921307 ^ _583_/CLK (sky130_fd_sc_hd__dfrtp_1)
                                 -0.250000   25.671309   clock uncertainty
                                  0.000000   25.671309   clock reconvergence pessimism
                                  0.134688   25.805996   library recovery time
                                             25.805996   data required time
---------------------------------------------------------------------------------------------
                                             25.805996   data required time
                                             -5.703471   data arrival time
---------------------------------------------------------------------------------------------
                                             20.102524   slack (MET)


Startpoint: rst_ni (input port clocked by clk_i)
Endpoint: _585_ (recovery check against rising-edge clock clk_i)
Path Group: asynchronous
Path Type: max

Fanout         Cap        Slew       Delay        Time   Description
---------------------------------------------------------------------------------------------
                                  0.000000    0.000000   clock clk_i (rise edge)
                                  0.000000    0.000000   clock network delay (propagated)
                                  5.000000    5.000000 ^ input external delay
     2    0.009405    0.036510    0.023675    5.023675 ^ rst_ni (in)
                                                         rst_ni (net)
                      0.036511    0.000000    5.023675 ^ input1/A (sky130_fd_sc_hd__buf_8)
     5    0.139059    0.161377    0.127418    5.151093 ^ input1/X (sky130_fd_sc_hd__buf_8)
                                                         net1 (net)
                      0.220623    0.075773    5.226866 ^ fanout93/A (sky130_fd_sc_hd__buf_1)
     3    0.015299    0.137718    0.133368    5.360234 ^ fanout93/X (sky130_fd_sc_hd__buf_1)
                                                         net93 (net)
                      0.137721    0.000536    5.360770 ^ fanout90/A (sky130_fd_sc_hd__clkbuf_2)
     9    0.036655    0.154959    0.174396    5.535166 ^ fanout90/X (sky130_fd_sc_hd__clkbuf_2)
                                                         net90 (net)
                      0.155052    0.003111    5.538277 ^ fanout86/A (sky130_fd_sc_hd__buf_2)
     6    0.034591    0.129146    0.163243    5.701520 ^ fanout86/X (sky130_fd_sc_hd__buf_2)
                                                         net86 (net)
                      0.129154    0.000858    5.702378 ^ _585_/RESET_B (sky130_fd_sc_hd__dfrtp_1)
                                              5.702378   data arrival time

                                 25.000000   25.000000   clock clk_i (rise edge)
                                  0.000000   25.000000   clock source latency
     2    0.077175    0.262105    0.196252   25.196251 ^ clk_i (in)
                                                         clk_i (net)
                      0.266425    0.000000   25.196251 ^ clkbuf_0_clk_i/A (sky130_fd_sc_hd__clkbuf_16)
     2    0.018739    0.036606    0.127372   25.323624 ^ clkbuf_0_clk_i/X (sky130_fd_sc_hd__clkbuf_16)
                                                         clknet_0_clk_i (net)
                      0.036606    0.000405   25.324028 ^ clkbuf_1_0__f_clk_i/A (sky130_fd_sc_hd__clkbuf_16)
     3    0.008468    0.023514    0.078213   25.402241 ^ clkbuf_1_0__f_clk_i/X (sky130_fd_sc_hd__clkbuf_16)
                                                         clknet_1_0__leaf_clk_i (net)
                      0.023514    0.000192   25.402433 ^ _498_/A (sky130_fd_sc_hd__and2_2)
     3    0.052614    0.202390    0.198499   25.600931 ^ _498_/X (sky130_fd_sc_hd__and2_2)
                                                         u_ibex.clk (net)
                      0.203536    0.012307   25.613239 ^ clkbuf_0_u_ibex.clk/A (sky130_fd_sc_hd__clkbuf_16)
     9    0.081193    0.077163    0.153010   25.766249 ^ clkbuf_0_u_ibex.clk/X (sky130_fd_sc_hd__clkbuf_16)
                                                         clknet_0_u_ibex.clk (net)
                      0.077775    0.005388   25.771637 ^ clkbuf_2_0__f_u_ibex.clk/A (sky130_fd_sc_hd__clkbuf_16)
    31    0.095262    0.086372    0.132406   25.904043 ^ clkbuf_2_0__f_u_ibex.clk/X (sky130_fd_sc_hd__clkbuf_16)
                                                         clknet_2_0__leaf_u_ibex.clk (net)
                      0.091491    0.016264   25.920307 ^ _585_/CLK (sky130_fd_sc_hd__dfrtp_1)
                                 -0.250000   25.670307   clock uncertainty
                                  0.000000   25.670307   clock reconvergence pessimism
                                  0.134597   25.804905   library recovery time
                                             25.804905   data required time
---------------------------------------------------------------------------------------------
                                             25.804905   data required time
                                             -5.702378   data arrival time
---------------------------------------------------------------------------------------------
                                             20.102528   slack (MET)


Startpoint: rst_ni (input port clocked by clk_i)
Endpoint: _589_ (recovery check against rising-edge clock clk_i)
Path Group: asynchronous
Path Type: max

Fanout         Cap        Slew       Delay        Time   Description
---------------------------------------------------------------------------------------------
                                  0.000000    0.000000   clock clk_i (rise edge)
                                  0.000000    0.000000   clock network delay (propagated)
                                  5.000000    5.000000 ^ input external delay
     2    0.009405    0.036510    0.023675    5.023675 ^ rst_ni (in)
                                                         rst_ni (net)
                      0.036511    0.000000    5.023675 ^ input1/A (sky130_fd_sc_hd__buf_8)
     5    0.139059    0.161377    0.127418    5.151093 ^ input1/X (sky130_fd_sc_hd__buf_8)
                                                         net1 (net)
                      0.220623    0.075773    5.226866 ^ fanout93/A (sky130_fd_sc_hd__buf_1)
     3    0.015299    0.137718    0.133368    5.360234 ^ fanout93/X (sky130_fd_sc_hd__buf_1)
                                                         net93 (net)
                      0.137721    0.000536    5.360770 ^ fanout90/A (sky130_fd_sc_hd__clkbuf_2)
     9    0.036655    0.154959    0.174396    5.535166 ^ fanout90/X (sky130_fd_sc_hd__clkbuf_2)
                                                         net90 (net)
                      0.155032    0.002757    5.537923 ^ fanout87/A (sky130_fd_sc_hd__buf_1)
     3    0.017929    0.160122    0.149400    5.687322 ^ fanout87/X (sky130_fd_sc_hd__buf_1)
                                                         net87 (net)
                      0.160128    0.000817    5.688139 ^ _589_/RESET_B (sky130_fd_sc_hd__dfrtp_1)
                                              5.688139   data arrival time

                                 25.000000   25.000000   clock clk_i (rise edge)
                                  0.000000   25.000000   clock source latency
     2    0.077175    0.262105    0.196252   25.196251 ^ clk_i (in)
                                                         clk_i (net)
                      0.266425    0.000000   25.196251 ^ clkbuf_0_clk_i/A (sky130_fd_sc_hd__clkbuf_16)
     2    0.018739    0.036606    0.127372   25.323624 ^ clkbuf_0_clk_i/X (sky130_fd_sc_hd__clkbuf_16)
                                                         clknet_0_clk_i (net)
                      0.036606    0.000405   25.324028 ^ clkbuf_1_0__f_clk_i/A (sky130_fd_sc_hd__clkbuf_16)
     3    0.008468    0.023514    0.078213   25.402241 ^ clkbuf_1_0__f_clk_i/X (sky130_fd_sc_hd__clkbuf_16)
                                                         clknet_1_0__leaf_clk_i (net)
                      0.023514    0.000192   25.402433 ^ _498_/A (sky130_fd_sc_hd__and2_2)
     3    0.052614    0.202390    0.198499   25.600931 ^ _498_/X (sky130_fd_sc_hd__and2_2)
                                                         u_ibex.clk (net)
                      0.203536    0.012307   25.613239 ^ clkbuf_0_u_ibex.clk/A (sky130_fd_sc_hd__clkbuf_16)
     9    0.081193    0.077163    0.153010   25.766249 ^ clkbuf_0_u_ibex.clk/X (sky130_fd_sc_hd__clkbuf_16)
                                                         clknet_0_u_ibex.clk (net)
                      0.077775    0.005388   25.771637 ^ clkbuf_2_0__f_u_ibex.clk/A (sky130_fd_sc_hd__clkbuf_16)
    31    0.095262    0.086372    0.132406   25.904043 ^ clkbuf_2_0__f_u_ibex.clk/X (sky130_fd_sc_hd__clkbuf_16)
                                                         clknet_2_0__leaf_u_ibex.clk (net)
                      0.089920    0.013527   25.917570 ^ _589_/CLK (sky130_fd_sc_hd__dfrtp_1)
                                 -0.250000   25.667570   clock uncertainty
                                  0.000000   25.667570   clock reconvergence pessimism
                                  0.128644   25.796213   library recovery time
                                             25.796213   data required time
---------------------------------------------------------------------------------------------
                                             25.796213   data required time
                                             -5.688139   data arrival time
---------------------------------------------------------------------------------------------
                                             20.108074   slack (MET)


Startpoint: rst_ni (input port clocked by clk_i)
Endpoint: _586_ (recovery check against rising-edge clock clk_i)
Path Group: asynchronous
Path Type: max

Fanout         Cap        Slew       Delay        Time   Description
---------------------------------------------------------------------------------------------
                                  0.000000    0.000000   clock clk_i (rise edge)
                                  0.000000    0.000000   clock network delay (propagated)
                                  5.000000    5.000000 ^ input external delay
     2    0.009405    0.036510    0.023675    5.023675 ^ rst_ni (in)
                                                         rst_ni (net)
                      0.036511    0.000000    5.023675 ^ input1/A (sky130_fd_sc_hd__buf_8)
     5    0.139059    0.161377    0.127418    5.151093 ^ input1/X (sky130_fd_sc_hd__buf_8)
                                                         net1 (net)
                      0.220623    0.075773    5.226866 ^ fanout93/A (sky130_fd_sc_hd__buf_1)
     3    0.015299    0.137718    0.133368    5.360234 ^ fanout93/X (sky130_fd_sc_hd__buf_1)
                                                         net93 (net)
                      0.137721    0.000536    5.360770 ^ fanout90/A (sky130_fd_sc_hd__clkbuf_2)
     9    0.036655    0.154959    0.174396    5.535166 ^ fanout90/X (sky130_fd_sc_hd__clkbuf_2)
                                                         net90 (net)
                      0.155032    0.002757    5.537923 ^ fanout87/A (sky130_fd_sc_hd__buf_1)
     3    0.017929    0.160122    0.149400    5.687322 ^ fanout87/X (sky130_fd_sc_hd__buf_1)
                                                         net87 (net)
                      0.160126    0.000718    5.688040 ^ _586_/RESET_B (sky130_fd_sc_hd__dfrtp_1)
                                              5.688040   data arrival time

                                 25.000000   25.000000   clock clk_i (rise edge)
                                  0.000000   25.000000   clock source latency
     2    0.077175    0.262105    0.196252   25.196251 ^ clk_i (in)
                                                         clk_i (net)
                      0.266425    0.000000   25.196251 ^ clkbuf_0_clk_i/A (sky130_fd_sc_hd__clkbuf_16)
     2    0.018739    0.036606    0.127372   25.323624 ^ clkbuf_0_clk_i/X (sky130_fd_sc_hd__clkbuf_16)
                                                         clknet_0_clk_i (net)
                      0.036606    0.000405   25.324028 ^ clkbuf_1_0__f_clk_i/A (sky130_fd_sc_hd__clkbuf_16)
     3    0.008468    0.023514    0.078213   25.402241 ^ clkbuf_1_0__f_clk_i/X (sky130_fd_sc_hd__clkbuf_16)
                                                         clknet_1_0__leaf_clk_i (net)
                      0.023514    0.000192   25.402433 ^ _498_/A (sky130_fd_sc_hd__and2_2)
     3    0.052614    0.202390    0.198499   25.600931 ^ _498_/X (sky130_fd_sc_hd__and2_2)
                                                         u_ibex.clk (net)
                      0.203536    0.012307   25.613239 ^ clkbuf_0_u_ibex.clk/A (sky130_fd_sc_hd__clkbuf_16)
     9    0.081193    0.077163    0.153010   25.766249 ^ clkbuf_0_u_ibex.clk/X (sky130_fd_sc_hd__clkbuf_16)
                                                         clknet_0_u_ibex.clk (net)
                      0.077775    0.005388   25.771637 ^ clkbuf_2_0__f_u_ibex.clk/A (sky130_fd_sc_hd__clkbuf_16)
    31    0.095262    0.086372    0.132406   25.904043 ^ clkbuf_2_0__f_u_ibex.clk/X (sky130_fd_sc_hd__clkbuf_16)
                                                         clknet_2_0__leaf_u_ibex.clk (net)
                      0.091063    0.015559   25.919601 ^ _586_/CLK (sky130_fd_sc_hd__dfrtp_1)
                                 -0.250000   25.669601   clock uncertainty
                                  0.000000   25.669601   clock reconvergence pessimism
                                  0.128821   25.798424   library recovery time
                                             25.798424   data required time
---------------------------------------------------------------------------------------------
                                             25.798424   data required time
                                             -5.688040   data arrival time
---------------------------------------------------------------------------------------------
                                             20.110384   slack (MET)


Startpoint: rst_ni (input port clocked by clk_i)
Endpoint: _587_ (recovery check against rising-edge clock clk_i)
Path Group: asynchronous
Path Type: max

Fanout         Cap        Slew       Delay        Time   Description
---------------------------------------------------------------------------------------------
                                  0.000000    0.000000   clock clk_i (rise edge)
                                  0.000000    0.000000   clock network delay (propagated)
                                  5.000000    5.000000 ^ input external delay
     2    0.009405    0.036510    0.023675    5.023675 ^ rst_ni (in)
                                                         rst_ni (net)
                      0.036511    0.000000    5.023675 ^ input1/A (sky130_fd_sc_hd__buf_8)
     5    0.139059    0.161377    0.127418    5.151093 ^ input1/X (sky130_fd_sc_hd__buf_8)
                                                         net1 (net)
                      0.220623    0.075773    5.226866 ^ fanout93/A (sky130_fd_sc_hd__buf_1)
     3    0.015299    0.137718    0.133368    5.360234 ^ fanout93/X (sky130_fd_sc_hd__buf_1)
                                                         net93 (net)
                      0.137721    0.000536    5.360770 ^ fanout90/A (sky130_fd_sc_hd__clkbuf_2)
     9    0.036655    0.154959    0.174396    5.535166 ^ fanout90/X (sky130_fd_sc_hd__clkbuf_2)
                                                         net90 (net)
                      0.155032    0.002757    5.537923 ^ fanout87/A (sky130_fd_sc_hd__buf_1)
     3    0.017929    0.160122    0.149400    5.687322 ^ fanout87/X (sky130_fd_sc_hd__buf_1)
                                                         net87 (net)
                      0.160124    0.000520    5.687842 ^ _587_/RESET_B (sky130_fd_sc_hd__dfrtp_1)
                                              5.687842   data arrival time

                                 25.000000   25.000000   clock clk_i (rise edge)
                                  0.000000   25.000000   clock source latency
     2    0.077175    0.262105    0.196252   25.196251 ^ clk_i (in)
                                                         clk_i (net)
                      0.266425    0.000000   25.196251 ^ clkbuf_0_clk_i/A (sky130_fd_sc_hd__clkbuf_16)
     2    0.018739    0.036606    0.127372   25.323624 ^ clkbuf_0_clk_i/X (sky130_fd_sc_hd__clkbuf_16)
                                                         clknet_0_clk_i (net)
                      0.036606    0.000405   25.324028 ^ clkbuf_1_0__f_clk_i/A (sky130_fd_sc_hd__clkbuf_16)
     3    0.008468    0.023514    0.078213   25.402241 ^ clkbuf_1_0__f_clk_i/X (sky130_fd_sc_hd__clkbuf_16)
                                                         clknet_1_0__leaf_clk_i (net)
                      0.023514    0.000192   25.402433 ^ _498_/A (sky130_fd_sc_hd__and2_2)
     3    0.052614    0.202390    0.198499   25.600931 ^ _498_/X (sky130_fd_sc_hd__and2_2)
                                                         u_ibex.clk (net)
                      0.203536    0.012307   25.613239 ^ clkbuf_0_u_ibex.clk/A (sky130_fd_sc_hd__clkbuf_16)
     9    0.081193    0.077163    0.153010   25.766249 ^ clkbuf_0_u_ibex.clk/X (sky130_fd_sc_hd__clkbuf_16)
                                                         clknet_0_u_ibex.clk (net)
                      0.077775    0.005388   25.771637 ^ clkbuf_2_0__f_u_ibex.clk/A (sky130_fd_sc_hd__clkbuf_16)
    31    0.095262    0.086372    0.132406   25.904043 ^ clkbuf_2_0__f_u_ibex.clk/X (sky130_fd_sc_hd__clkbuf_16)
                                                         clknet_2_0__leaf_u_ibex.clk (net)
                      0.091008    0.015467   25.919510 ^ _587_/CLK (sky130_fd_sc_hd__dfrtp_1)
                                 -0.250000   25.669510   clock uncertainty
                                  0.000000   25.669510   clock reconvergence pessimism
                                  0.128813   25.798323   library recovery time
                                             25.798323   data required time
---------------------------------------------------------------------------------------------
                                             25.798323   data required time
                                             -5.687842   data arrival time
---------------------------------------------------------------------------------------------
                                             20.110481   slack (MET)


Startpoint: rst_ni (input port clocked by clk_i)
Endpoint: _573_ (recovery check against rising-edge clock clk_i)
Path Group: asynchronous
Path Type: max

Fanout         Cap        Slew       Delay        Time   Description
---------------------------------------------------------------------------------------------
                                  0.000000    0.000000   clock clk_i (rise edge)
                                  0.000000    0.000000   clock network delay (propagated)
                                  5.000000    5.000000 ^ input external delay
     2    0.009405    0.036510    0.023675    5.023675 ^ rst_ni (in)
                                                         rst_ni (net)
                      0.036511    0.000000    5.023675 ^ input1/A (sky130_fd_sc_hd__buf_8)
     5    0.139059    0.161377    0.127418    5.151093 ^ input1/X (sky130_fd_sc_hd__buf_8)
                                                         net1 (net)
                      0.203178    0.060996    5.212088 ^ fanout99/A (sky130_fd_sc_hd__clkbuf_2)
     7    0.033369    0.142141    0.171826    5.383914 ^ fanout99/X (sky130_fd_sc_hd__clkbuf_2)
                                                         net99 (net)
                      0.142145    0.000562    5.384476 ^ fanout98/A (sky130_fd_sc_hd__buf_1)
     4    0.020273    0.180099    0.163209    5.547685 ^ fanout98/X (sky130_fd_sc_hd__buf_1)
                                                         net98 (net)
                      0.180108    0.001092    5.548777 ^ fanout95/A (sky130_fd_sc_hd__clkbuf_2)
     4    0.025821    0.111556    0.149682    5.698459 ^ fanout95/X (sky130_fd_sc_hd__clkbuf_2)
                                                         net95 (net)
                      0.111625    0.001431    5.699890 ^ _573_/RESET_B (sky130_fd_sc_hd__dfrtp_1)
                                              5.699890   data arrival time

                                 25.000000   25.000000   clock clk_i (rise edge)
                                  0.000000   25.000000   clock source latency
     2    0.077175    0.262105    0.196252   25.196251 ^ clk_i (in)
                                                         clk_i (net)
                      0.266425    0.000000   25.196251 ^ clkbuf_0_clk_i/A (sky130_fd_sc_hd__clkbuf_16)
     2    0.018739    0.036606    0.127372   25.323624 ^ clkbuf_0_clk_i/X (sky130_fd_sc_hd__clkbuf_16)
                                                         clknet_0_clk_i (net)
                      0.036606    0.000405   25.324028 ^ clkbuf_1_0__f_clk_i/A (sky130_fd_sc_hd__clkbuf_16)
     3    0.008468    0.023514    0.078213   25.402241 ^ clkbuf_1_0__f_clk_i/X (sky130_fd_sc_hd__clkbuf_16)
                                                         clknet_1_0__leaf_clk_i (net)
                      0.023514    0.000192   25.402433 ^ _498_/A (sky130_fd_sc_hd__and2_2)
     3    0.052614    0.202390    0.198499   25.600931 ^ _498_/X (sky130_fd_sc_hd__and2_2)
                                                         u_ibex.clk (net)
                      0.203536    0.012307   25.613239 ^ clkbuf_0_u_ibex.clk/A (sky130_fd_sc_hd__clkbuf_16)
     9    0.081193    0.077163    0.153010   25.766249 ^ clkbuf_0_u_ibex.clk/X (sky130_fd_sc_hd__clkbuf_16)
                                                         clknet_0_u_ibex.clk (net)
                      0.078334    0.007466   25.773714 ^ clkbuf_2_2__f_u_ibex.clk/A (sky130_fd_sc_hd__clkbuf_16)
    31    0.105244    0.094104    0.135618   25.909332 ^ clkbuf_2_2__f_u_ibex.clk/X (sky130_fd_sc_hd__clkbuf_16)
                                                         clknet_2_2__leaf_u_ibex.clk (net)
                      0.099306    0.017046   25.926378 ^ _573_/CLK (sky130_fd_sc_hd__dfrtp_1)
                                 -0.250000   25.676378   clock uncertainty
                                  0.000000   25.676378   clock reconvergence pessimism
                                  0.139023   25.815403   library recovery time
                                             25.815403   data required time
---------------------------------------------------------------------------------------------
                                             25.815403   data required time
                                             -5.699890   data arrival time
---------------------------------------------------------------------------------------------
                                             20.115511   slack (MET)


Startpoint: _574_ (rising edge-triggered flip-flop clocked by clk_i)
Endpoint: _567_ (rising edge-triggered flip-flop clocked by clk_i)
Path Group: clk_i
Path Type: max

Fanout         Cap        Slew       Delay        Time   Description
---------------------------------------------------------------------------------------------
                                  0.000000    0.000000   clock clk_i (rise edge)
                                  0.000000    0.000000   clock source latency
     2    0.077175    0.262105    0.196252    0.196252 ^ clk_i (in)
                                                         clk_i (net)
                      0.266425    0.000000    0.196252 ^ clkbuf_0_clk_i/A (sky130_fd_sc_hd__clkbuf_16)
     2    0.018739    0.036606    0.127371    0.323623 ^ clkbuf_0_clk_i/X (sky130_fd_sc_hd__clkbuf_16)
                                                         clknet_0_clk_i (net)
                      0.036606    0.000406    0.324030 ^ clkbuf_1_0__f_clk_i/A (sky130_fd_sc_hd__clkbuf_16)
     3    0.008468    0.023514    0.078213    0.402242 ^ clkbuf_1_0__f_clk_i/X (sky130_fd_sc_hd__clkbuf_16)
                                                         clknet_1_0__leaf_clk_i (net)
                      0.023514    0.000191    0.402433 ^ _498_/A (sky130_fd_sc_hd__and2_2)
     3    0.052614    0.202686    0.198500    0.600933 ^ _498_/X (sky130_fd_sc_hd__and2_2)
                                                         u_ibex.clk (net)
                      0.203830    0.012306    0.613239 ^ clkbuf_0_u_ibex.clk/A (sky130_fd_sc_hd__clkbuf_16)
     9    0.081193    0.077169    0.153052    0.766291 ^ clkbuf_0_u_ibex.clk/X (sky130_fd_sc_hd__clkbuf_16)
                                                         clknet_0_u_ibex.clk (net)
                      0.078291    0.007306    0.773597 ^ clkbuf_2_3__f_u_ibex.clk/A (sky130_fd_sc_hd__clkbuf_16)
    23    0.080609    0.075178    0.128255    0.901852 ^ clkbuf_2_3__f_u_ibex.clk/X (sky130_fd_sc_hd__clkbuf_16)
                                                         clknet_2_3__leaf_u_ibex.clk (net)
                      0.077016    0.009123    0.910974 ^ _574_/CLK (sky130_fd_sc_hd__dfrtp_1)
     1    0.003904    0.037903    0.215790    1.126764 ^ _574_/Q (sky130_fd_sc_hd__dfrtp_1)
                                                         u_ibex.u_ibex_core.id_stage_i.controller_i.ctrl_fsm_cs[3] (net)
                      0.037903    0.000136    1.126900 ^ hold327/A (sky130_fd_sc_hd__dlygate4sd3_1)
     1    0.002926    0.038129    0.373058    1.499958 ^ hold327/X (sky130_fd_sc_hd__dlygate4sd3_1)
                                                         net498 (net)
                      0.038129    0.000090    1.500047 ^ hold113/A (sky130_fd_sc_hd__dlygate4sd3_1)
     1    0.002897    0.037940    0.372921    1.872968 ^ hold113/X (sky130_fd_sc_hd__dlygate4sd3_1)
                                                         net284 (net)
                      0.037940    0.000088    1.873056 ^ hold328/A (sky130_fd_sc_hd__dlygate4sd3_1)
     2    0.010191    0.087303    0.413238    2.286294 ^ hold328/X (sky130_fd_sc_hd__dlygate4sd3_1)
                                                         net499 (net)
                      0.087303    0.000210    2.286505 ^ fanout83/A (sky130_fd_sc_hd__buf_1)
     1    0.005752    0.057018    0.075882    2.362387 ^ fanout83/X (sky130_fd_sc_hd__buf_1)
                                                         net83 (net)
                      0.057018    0.000227    2.362614 ^ hold114/A (sky130_fd_sc_hd__dlygate4sd3_1)
     6    0.021506    0.168850    0.474863    2.837477 ^ hold114/X (sky130_fd_sc_hd__dlygate4sd3_1)
                                                         net285 (net)
                      0.168850    0.000492    2.837969 ^ _411_/A_N (sky130_fd_sc_hd__and2b_1)
     4    0.017422    0.066452    0.160819    2.998788 v _411_/X (sky130_fd_sc_hd__and2b_1)
                                                         _165_ (net)
                      0.066463    0.000863    2.999651 v _412_/B (sky130_fd_sc_hd__nand2_1)
     1    0.003324    0.041729    0.059538    3.059190 ^ _412_/Y (sky130_fd_sc_hd__nand2_1)
                                                         _166_ (net)
                      0.041729    0.000104    3.059294 ^ hold231/A (sky130_fd_sc_hd__dlygate4sd3_1)
     1    0.003038    0.038846    0.374596    3.433890 ^ hold231/X (sky130_fd_sc_hd__dlygate4sd3_1)
                                                         net402 (net)
                      0.038846    0.000089    3.433978 ^ hold52/A (sky130_fd_sc_hd__dlygate4sd3_1)
     2    0.006357    0.061307    0.392664    3.826643 ^ hold52/X (sky130_fd_sc_hd__dlygate4sd3_1)
                                                         net223 (net)
                      0.061307    0.000146    3.826789 ^ hold232/A (sky130_fd_sc_hd__dlygate4sd3_1)
     1    0.003141    0.039521    0.378996    4.205784 ^ hold232/X (sky130_fd_sc_hd__dlygate4sd3_1)
                                                         net403 (net)
                      0.039521    0.000067    4.205851 ^ _414_/A2 (sky130_fd_sc_hd__o211a_1)
     1    0.002052    0.027429    0.072957    4.278808 ^ _414_/X (sky130_fd_sc_hd__o211a_1)
                                                         u_ibex.u_ibex_core.id_stage_i.controller_i.exc_req_d (net)
                      0.027429    0.000058    4.278866 ^ hold233/A (sky130_fd_sc_hd__dlygate4sd3_1)
     1    0.002281    0.034286    0.366687    4.645553 ^ hold233/X (sky130_fd_sc_hd__dlygate4sd3_1)
                                                         net404 (net)
                      0.034286    0.000045    4.645598 ^ hold53/A (sky130_fd_sc_hd__dlygate4sd3_1)
     2    0.007677    0.070407    0.398878    5.044477 ^ hold53/X (sky130_fd_sc_hd__dlygate4sd3_1)
                                                         net224 (net)
                      0.070407    0.000094    5.044570 ^ hold234/A (sky130_fd_sc_hd__dlygate4sd3_1)
     1    0.004168    0.046656    0.386543    5.431113 ^ hold234/X (sky130_fd_sc_hd__dlygate4sd3_1)
                                                         net405 (net)
                      0.046656    0.000132    5.431245 ^ _567_/D (sky130_fd_sc_hd__dfrtp_1)
                                              5.431245   data arrival time

                                 25.000000   25.000000   clock clk_i (rise edge)
                                  0.000000   25.000000   clock source latency
     2    0.077175    0.262105    0.196252   25.196251 ^ clk_i (in)
                                                         clk_i (net)
                      0.266425    0.000000   25.196251 ^ clkbuf_0_clk_i/A (sky130_fd_sc_hd__clkbuf_16)
     2    0.018739    0.036606    0.127372   25.323624 ^ clkbuf_0_clk_i/X (sky130_fd_sc_hd__clkbuf_16)
                                                         clknet_0_clk_i (net)
                      0.036606    0.000405   25.324028 ^ clkbuf_1_0__f_clk_i/A (sky130_fd_sc_hd__clkbuf_16)
     3    0.008468    0.023514    0.078213   25.402241 ^ clkbuf_1_0__f_clk_i/X (sky130_fd_sc_hd__clkbuf_16)
                                                         clknet_1_0__leaf_clk_i (net)
                      0.023514    0.000192   25.402433 ^ _498_/A (sky130_fd_sc_hd__and2_2)
     3    0.052614    0.202390    0.198499   25.600931 ^ _498_/X (sky130_fd_sc_hd__and2_2)
                                                         u_ibex.clk (net)
                      0.203536    0.012307   25.613239 ^ clkbuf_0_u_ibex.clk/A (sky130_fd_sc_hd__clkbuf_16)
     9    0.081193    0.077163    0.153010   25.766249 ^ clkbuf_0_u_ibex.clk/X (sky130_fd_sc_hd__clkbuf_16)
                                                         clknet_0_u_ibex.clk (net)
                      0.078334    0.007466   25.773714 ^ clkbuf_2_2__f_u_ibex.clk/A (sky130_fd_sc_hd__clkbuf_16)
    31    0.105244    0.094104    0.135618   25.909332 ^ clkbuf_2_2__f_u_ibex.clk/X (sky130_fd_sc_hd__clkbuf_16)
                                                         clknet_2_2__leaf_u_ibex.clk (net)
                      0.100574    0.019003   25.928335 ^ _567_/CLK (sky130_fd_sc_hd__dfrtp_1)
                                 -0.250000   25.678337   clock uncertainty
                                  0.000041   25.678377   clock reconvergence pessimism
                                 -0.032836   25.645542   library setup time
                                             25.645542   data required time
---------------------------------------------------------------------------------------------
                                             25.645542   data required time
                                             -5.431245   data arrival time
---------------------------------------------------------------------------------------------
                                             20.214296   slack (MET)


Startpoint: rst_ni (input port clocked by clk_i)
Endpoint: _590_ (recovery check against rising-edge clock clk_i)
Path Group: asynchronous
Path Type: max

Fanout         Cap        Slew       Delay        Time   Description
---------------------------------------------------------------------------------------------
                                  0.000000    0.000000   clock clk_i (rise edge)
                                  0.000000    0.000000   clock network delay (propagated)
                                  5.000000    5.000000 ^ input external delay
     2    0.009405    0.036510    0.023675    5.023675 ^ rst_ni (in)
                                                         rst_ni (net)
                      0.036511    0.000000    5.023675 ^ input1/A (sky130_fd_sc_hd__buf_8)
     5    0.139059    0.161377    0.127418    5.151093 ^ input1/X (sky130_fd_sc_hd__buf_8)
                                                         net1 (net)
                      0.220623    0.075773    5.226866 ^ fanout93/A (sky130_fd_sc_hd__buf_1)
     3    0.015299    0.137718    0.133368    5.360234 ^ fanout93/X (sky130_fd_sc_hd__buf_1)
                                                         net93 (net)
                      0.137719    0.000414    5.360648 ^ fanout91/A (sky130_fd_sc_hd__clkbuf_2)
     6    0.035543    0.150447    0.171962    5.532610 ^ fanout91/X (sky130_fd_sc_hd__clkbuf_2)
                                                         net91 (net)
                      0.150470    0.001536    5.534146 ^ _590_/RESET_B (sky130_fd_sc_hd__dfrtp_2)
                                              5.534146   data arrival time

                                 25.000000   25.000000   clock clk_i (rise edge)
                                  0.000000   25.000000   clock source latency
     2    0.077175    0.262105    0.196252   25.196251 ^ clk_i (in)
                                                         clk_i (net)
                      0.266425    0.000000   25.196251 ^ clkbuf_0_clk_i/A (sky130_fd_sc_hd__clkbuf_16)
     2    0.018739    0.036606    0.127372   25.323624 ^ clkbuf_0_clk_i/X (sky130_fd_sc_hd__clkbuf_16)
                                                         clknet_0_clk_i (net)
                      0.036606    0.000405   25.324028 ^ clkbuf_1_0__f_clk_i/A (sky130_fd_sc_hd__clkbuf_16)
     3    0.008468    0.023514    0.078213   25.402241 ^ clkbuf_1_0__f_clk_i/X (sky130_fd_sc_hd__clkbuf_16)
                                                         clknet_1_0__leaf_clk_i (net)
                      0.023514    0.000192   25.402433 ^ _498_/A (sky130_fd_sc_hd__and2_2)
     3    0.052614    0.202390    0.198499   25.600931 ^ _498_/X (sky130_fd_sc_hd__and2_2)
                                                         u_ibex.clk (net)
                      0.203536    0.012307   25.613239 ^ clkbuf_0_u_ibex.clk/A (sky130_fd_sc_hd__clkbuf_16)
     9    0.081193    0.077163    0.153010   25.766249 ^ clkbuf_0_u_ibex.clk/X (sky130_fd_sc_hd__clkbuf_16)
                                                         clknet_0_u_ibex.clk (net)
                      0.077775    0.005388   25.771637 ^ clkbuf_2_0__f_u_ibex.clk/A (sky130_fd_sc_hd__clkbuf_16)
    31    0.095262    0.086372    0.132406   25.904043 ^ clkbuf_2_0__f_u_ibex.clk/X (sky130_fd_sc_hd__clkbuf_16)
                                                         clknet_2_0__leaf_u_ibex.clk (net)
                      0.087979    0.009225   25.913267 ^ _590_/CLK (sky130_fd_sc_hd__dfrtp_2)
                                 -0.250000   25.663267   clock uncertainty
                                  0.000000   25.663267   clock reconvergence pessimism
                                  0.112031   25.775299   library recovery time
                                             25.775299   data required time
---------------------------------------------------------------------------------------------
                                             25.775299   data required time
                                             -5.534146   data arrival time
---------------------------------------------------------------------------------------------
                                             20.241154   slack (MET)


Startpoint: rst_ni (input port clocked by clk_i)
Endpoint: _572_ (recovery check against rising-edge clock clk_i)
Path Group: asynchronous
Path Type: max

Fanout         Cap        Slew       Delay        Time   Description
---------------------------------------------------------------------------------------------
                                  0.000000    0.000000   clock clk_i (rise edge)
                                  0.000000    0.000000   clock network delay (propagated)
                                  5.000000    5.000000 ^ input external delay
     2    0.009405    0.036510    0.023675    5.023675 ^ rst_ni (in)
                                                         rst_ni (net)
                      0.036511    0.000000    5.023675 ^ input1/A (sky130_fd_sc_hd__buf_8)
     5    0.139059    0.161377    0.127418    5.151093 ^ input1/X (sky130_fd_sc_hd__buf_8)
                                                         net1 (net)
                      0.203178    0.060996    5.212088 ^ fanout99/A (sky130_fd_sc_hd__clkbuf_2)
     7    0.033369    0.142141    0.171826    5.383914 ^ fanout99/X (sky130_fd_sc_hd__clkbuf_2)
                                                         net99 (net)
                      0.142145    0.000562    5.384476 ^ fanout98/A (sky130_fd_sc_hd__buf_1)
     4    0.020273    0.180099    0.163209    5.547685 ^ fanout98/X (sky130_fd_sc_hd__buf_1)
                                                         net98 (net)
                      0.180104    0.000845    5.548530 ^ _572_/RESET_B (sky130_fd_sc_hd__dfrtp_1)
                                              5.548530   data arrival time

                                 25.000000   25.000000   clock clk_i (rise edge)
                                  0.000000   25.000000   clock source latency
     2    0.077175    0.262105    0.196252   25.196251 ^ clk_i (in)
                                                         clk_i (net)
                      0.266425    0.000000   25.196251 ^ clkbuf_0_clk_i/A (sky130_fd_sc_hd__clkbuf_16)
     2    0.018739    0.036606    0.127372   25.323624 ^ clkbuf_0_clk_i/X (sky130_fd_sc_hd__clkbuf_16)
                                                         clknet_0_clk_i (net)
                      0.036606    0.000405   25.324028 ^ clkbuf_1_0__f_clk_i/A (sky130_fd_sc_hd__clkbuf_16)
     3    0.008468    0.023514    0.078213   25.402241 ^ clkbuf_1_0__f_clk_i/X (sky130_fd_sc_hd__clkbuf_16)
                                                         clknet_1_0__leaf_clk_i (net)
                      0.023514    0.000192   25.402433 ^ _498_/A (sky130_fd_sc_hd__and2_2)
     3    0.052614    0.202390    0.198499   25.600931 ^ _498_/X (sky130_fd_sc_hd__and2_2)
                                                         u_ibex.clk (net)
                      0.203536    0.012307   25.613239 ^ clkbuf_0_u_ibex.clk/A (sky130_fd_sc_hd__clkbuf_16)
     9    0.081193    0.077163    0.153010   25.766249 ^ clkbuf_0_u_ibex.clk/X (sky130_fd_sc_hd__clkbuf_16)
                                                         clknet_0_u_ibex.clk (net)
                      0.078334    0.007466   25.773714 ^ clkbuf_2_2__f_u_ibex.clk/A (sky130_fd_sc_hd__clkbuf_16)
    31    0.105244    0.094104    0.135618   25.909332 ^ clkbuf_2_2__f_u_ibex.clk/X (sky130_fd_sc_hd__clkbuf_16)
                                                         clknet_2_2__leaf_u_ibex.clk (net)
                      0.100988    0.019606   25.928938 ^ _572_/CLK (sky130_fd_sc_hd__dfrtp_1)
                                 -0.250000   25.678938   clock uncertainty
                                  0.000000   25.678938   clock reconvergence pessimism
                                  0.126686   25.805626   library recovery time
                                             25.805626   data required time
---------------------------------------------------------------------------------------------
                                             25.805626   data required time
                                             -5.548530   data arrival time
---------------------------------------------------------------------------------------------
                                             20.257093   slack (MET)


Startpoint: rst_ni (input port clocked by clk_i)
Endpoint: _592_ (recovery check against rising-edge clock clk_i)
Path Group: asynchronous
Path Type: max

Fanout         Cap        Slew       Delay        Time   Description
---------------------------------------------------------------------------------------------
                                  0.000000    0.000000   clock clk_i (rise edge)
                                  0.000000    0.000000   clock network delay (propagated)
                                  5.000000    5.000000 ^ input external delay
     2    0.009405    0.036510    0.023675    5.023675 ^ rst_ni (in)
                                                         rst_ni (net)
                      0.036511    0.000000    5.023675 ^ input1/A (sky130_fd_sc_hd__buf_8)
     5    0.139059    0.161377    0.127418    5.151093 ^ input1/X (sky130_fd_sc_hd__buf_8)
                                                         net1 (net)
                      0.220623    0.075773    5.226866 ^ fanout93/A (sky130_fd_sc_hd__buf_1)
     3    0.015299    0.137718    0.133368    5.360234 ^ fanout93/X (sky130_fd_sc_hd__buf_1)
                                                         net93 (net)
                      0.137719    0.000414    5.360648 ^ fanout91/A (sky130_fd_sc_hd__clkbuf_2)
     6    0.035543    0.150447    0.171962    5.532610 ^ fanout91/X (sky130_fd_sc_hd__clkbuf_2)
                                                         net91 (net)
                      0.150464    0.001323    5.533934 ^ _592_/RESET_B (sky130_fd_sc_hd__dfrtp_1)
                                              5.533934   data arrival time

                                 25.000000   25.000000   clock clk_i (rise edge)
                                  0.000000   25.000000   clock source latency
     2    0.077175    0.262105    0.196252   25.196251 ^ clk_i (in)
                                                         clk_i (net)
                      0.266425    0.000000   25.196251 ^ clkbuf_0_clk_i/A (sky130_fd_sc_hd__clkbuf_16)
     2    0.018739    0.036606    0.127372   25.323624 ^ clkbuf_0_clk_i/X (sky130_fd_sc_hd__clkbuf_16)
                                                         clknet_0_clk_i (net)
                      0.036606    0.000405   25.324028 ^ clkbuf_1_0__f_clk_i/A (sky130_fd_sc_hd__clkbuf_16)
     3    0.008468    0.023514    0.078213   25.402241 ^ clkbuf_1_0__f_clk_i/X (sky130_fd_sc_hd__clkbuf_16)
                                                         clknet_1_0__leaf_clk_i (net)
                      0.023514    0.000192   25.402433 ^ _498_/A (sky130_fd_sc_hd__and2_2)
     3    0.052614    0.202390    0.198499   25.600931 ^ _498_/X (sky130_fd_sc_hd__and2_2)
                                                         u_ibex.clk (net)
                      0.203536    0.012307   25.613239 ^ clkbuf_0_u_ibex.clk/A (sky130_fd_sc_hd__clkbuf_16)
     9    0.081193    0.077163    0.153010   25.766249 ^ clkbuf_0_u_ibex.clk/X (sky130_fd_sc_hd__clkbuf_16)
                                                         clknet_0_u_ibex.clk (net)
                      0.077775    0.005388   25.771637 ^ clkbuf_2_0__f_u_ibex.clk/A (sky130_fd_sc_hd__clkbuf_16)
    31    0.095262    0.086372    0.132406   25.904043 ^ clkbuf_2_0__f_u_ibex.clk/X (sky130_fd_sc_hd__clkbuf_16)
                                                         clknet_2_0__leaf_u_ibex.clk (net)
                      0.087447    0.007649   25.911692 ^ _592_/CLK (sky130_fd_sc_hd__dfrtp_1)
                                 -0.250000   25.661692   clock uncertainty
                                  0.000000   25.661692   clock reconvergence pessimism
                                  0.130043   25.791737   library recovery time
                                             25.791737   data required time
---------------------------------------------------------------------------------------------
                                             25.791737   data required time
                                             -5.533934   data arrival time
---------------------------------------------------------------------------------------------
                                             20.257801   slack (MET)


Startpoint: rst_ni (input port clocked by clk_i)
Endpoint: _593_ (recovery check against rising-edge clock clk_i)
Path Group: asynchronous
Path Type: max

Fanout         Cap        Slew       Delay        Time   Description
---------------------------------------------------------------------------------------------
                                  0.000000    0.000000   clock clk_i (rise edge)
                                  0.000000    0.000000   clock network delay (propagated)
                                  5.000000    5.000000 ^ input external delay
     2    0.009405    0.036510    0.023675    5.023675 ^ rst_ni (in)
                                                         rst_ni (net)
                      0.036511    0.000000    5.023675 ^ input1/A (sky130_fd_sc_hd__buf_8)
     5    0.139059    0.161377    0.127418    5.151093 ^ input1/X (sky130_fd_sc_hd__buf_8)
                                                         net1 (net)
                      0.220623    0.075773    5.226866 ^ fanout93/A (sky130_fd_sc_hd__buf_1)
     3    0.015299    0.137718    0.133368    5.360234 ^ fanout93/X (sky130_fd_sc_hd__buf_1)
                                                         net93 (net)
                      0.137719    0.000414    5.360648 ^ fanout91/A (sky130_fd_sc_hd__clkbuf_2)
     6    0.035543    0.150447    0.171962    5.532610 ^ fanout91/X (sky130_fd_sc_hd__clkbuf_2)
                                                         net91 (net)
                      0.150472    0.001589    5.534200 ^ _593_/RESET_B (sky130_fd_sc_hd__dfrtp_1)
                                              5.534200   data arrival time

                                 25.000000   25.000000   clock clk_i (rise edge)
                                  0.000000   25.000000   clock source latency
     2    0.077175    0.262105    0.196252   25.196251 ^ clk_i (in)
                                                         clk_i (net)
                      0.266425    0.000000   25.196251 ^ clkbuf_0_clk_i/A (sky130_fd_sc_hd__clkbuf_16)
     2    0.018739    0.036606    0.127372   25.323624 ^ clkbuf_0_clk_i/X (sky130_fd_sc_hd__clkbuf_16)
                                                         clknet_0_clk_i (net)
                      0.036606    0.000405   25.324028 ^ clkbuf_1_0__f_clk_i/A (sky130_fd_sc_hd__clkbuf_16)
     3    0.008468    0.023514    0.078213   25.402241 ^ clkbuf_1_0__f_clk_i/X (sky130_fd_sc_hd__clkbuf_16)
                                                         clknet_1_0__leaf_clk_i (net)
                      0.023514    0.000192   25.402433 ^ _498_/A (sky130_fd_sc_hd__and2_2)
     3    0.052614    0.202390    0.198499   25.600931 ^ _498_/X (sky130_fd_sc_hd__and2_2)
                                                         u_ibex.clk (net)
                      0.203536    0.012307   25.613239 ^ clkbuf_0_u_ibex.clk/A (sky130_fd_sc_hd__clkbuf_16)
     9    0.081193    0.077163    0.153010   25.766249 ^ clkbuf_0_u_ibex.clk/X (sky130_fd_sc_hd__clkbuf_16)
                                                         clknet_0_u_ibex.clk (net)
                      0.077775    0.005388   25.771637 ^ clkbuf_2_0__f_u_ibex.clk/A (sky130_fd_sc_hd__clkbuf_16)
    31    0.095262    0.086372    0.132406   25.904043 ^ clkbuf_2_0__f_u_ibex.clk/X (sky130_fd_sc_hd__clkbuf_16)
                                                         clknet_2_0__leaf_u_ibex.clk (net)
                      0.087748    0.008576   25.912619 ^ _593_/CLK (sky130_fd_sc_hd__dfrtp_1)
                                 -0.250000   25.662619   clock uncertainty
                                  0.000000   25.662619   clock reconvergence pessimism
                                  0.130089   25.792707   library recovery time
                                             25.792707   data required time
---------------------------------------------------------------------------------------------
                                             25.792707   data required time
                                             -5.534200   data arrival time
---------------------------------------------------------------------------------------------
                                             20.258509   slack (MET)


Startpoint: rst_ni (input port clocked by clk_i)
Endpoint: _594_ (recovery check against rising-edge clock clk_i)
Path Group: asynchronous
Path Type: max

Fanout         Cap        Slew       Delay        Time   Description
---------------------------------------------------------------------------------------------
                                  0.000000    0.000000   clock clk_i (rise edge)
                                  0.000000    0.000000   clock network delay (propagated)
                                  5.000000    5.000000 ^ input external delay
     2    0.009405    0.036510    0.023675    5.023675 ^ rst_ni (in)
                                                         rst_ni (net)
                      0.036511    0.000000    5.023675 ^ input1/A (sky130_fd_sc_hd__buf_8)
     5    0.139059    0.161377    0.127418    5.151093 ^ input1/X (sky130_fd_sc_hd__buf_8)
                                                         net1 (net)
                      0.220623    0.075773    5.226866 ^ fanout93/A (sky130_fd_sc_hd__buf_1)
     3    0.015299    0.137718    0.133368    5.360234 ^ fanout93/X (sky130_fd_sc_hd__buf_1)
                                                         net93 (net)
                      0.137719    0.000414    5.360648 ^ fanout91/A (sky130_fd_sc_hd__clkbuf_2)
     6    0.035543    0.150447    0.171962    5.532610 ^ fanout91/X (sky130_fd_sc_hd__clkbuf_2)
                                                         net91 (net)
                      0.150453    0.000770    5.533381 ^ _594_/RESET_B (sky130_fd_sc_hd__dfrtp_1)
                                              5.533381   data arrival time

                                 25.000000   25.000000   clock clk_i (rise edge)
                                  0.000000   25.000000   clock source latency
     2    0.077175    0.262105    0.196252   25.196251 ^ clk_i (in)
                                                         clk_i (net)
                      0.266425    0.000000   25.196251 ^ clkbuf_0_clk_i/A (sky130_fd_sc_hd__clkbuf_16)
     2    0.018739    0.036606    0.127372   25.323624 ^ clkbuf_0_clk_i/X (sky130_fd_sc_hd__clkbuf_16)
                                                         clknet_0_clk_i (net)
                      0.036606    0.000405   25.324028 ^ clkbuf_1_0__f_clk_i/A (sky130_fd_sc_hd__clkbuf_16)
     3    0.008468    0.023514    0.078213   25.402241 ^ clkbuf_1_0__f_clk_i/X (sky130_fd_sc_hd__clkbuf_16)
                                                         clknet_1_0__leaf_clk_i (net)
                      0.023514    0.000192   25.402433 ^ _498_/A (sky130_fd_sc_hd__and2_2)
     3    0.052614    0.202390    0.198499   25.600931 ^ _498_/X (sky130_fd_sc_hd__and2_2)
                                                         u_ibex.clk (net)
                      0.203536    0.012307   25.613239 ^ clkbuf_0_u_ibex.clk/A (sky130_fd_sc_hd__clkbuf_16)
     9    0.081193    0.077163    0.153010   25.766249 ^ clkbuf_0_u_ibex.clk/X (sky130_fd_sc_hd__clkbuf_16)
                                                         clknet_0_u_ibex.clk (net)
                      0.077773    0.005377   25.771626 ^ clkbuf_2_1__f_u_ibex.clk/A (sky130_fd_sc_hd__clkbuf_16)
    33    0.094839    0.086324    0.133729   25.905355 ^ clkbuf_2_1__f_u_ibex.clk/X (sky130_fd_sc_hd__clkbuf_16)
                                                         clknet_2_1__leaf_u_ibex.clk (net)
                      0.087090    0.006548   25.911903 ^ _594_/CLK (sky130_fd_sc_hd__dfrtp_1)
                                 -0.250000   25.661903   clock uncertainty
                                  0.000000   25.661903   clock reconvergence pessimism
                                  0.129990   25.791893   library recovery time
                                             25.791893   data required time
---------------------------------------------------------------------------------------------
                                             25.791893   data required time
                                             -5.533381   data arrival time
---------------------------------------------------------------------------------------------
                                             20.258514   slack (MET)


Startpoint: rst_ni (input port clocked by clk_i)
Endpoint: _591_ (recovery check against rising-edge clock clk_i)
Path Group: asynchronous
Path Type: max

Fanout         Cap        Slew       Delay        Time   Description
---------------------------------------------------------------------------------------------
                                  0.000000    0.000000   clock clk_i (rise edge)
                                  0.000000    0.000000   clock network delay (propagated)
                                  5.000000    5.000000 ^ input external delay
     2    0.009405    0.036510    0.023675    5.023675 ^ rst_ni (in)
                                                         rst_ni (net)
                      0.036511    0.000000    5.023675 ^ input1/A (sky130_fd_sc_hd__buf_8)
     5    0.139059    0.161377    0.127418    5.151093 ^ input1/X (sky130_fd_sc_hd__buf_8)
                                                         net1 (net)
                      0.220623    0.075773    5.226866 ^ fanout93/A (sky130_fd_sc_hd__buf_1)
     3    0.015299    0.137718    0.133368    5.360234 ^ fanout93/X (sky130_fd_sc_hd__buf_1)
                                                         net93 (net)
                      0.137719    0.000414    5.360648 ^ fanout91/A (sky130_fd_sc_hd__clkbuf_2)
     6    0.035543    0.150447    0.171962    5.532610 ^ fanout91/X (sky130_fd_sc_hd__clkbuf_2)
                                                         net91 (net)
                      0.150482    0.001885    5.534495 ^ _591_/RESET_B (sky130_fd_sc_hd__dfrtp_1)
                                              5.534495   data arrival time

                                 25.000000   25.000000   clock clk_i (rise edge)
                                  0.000000   25.000000   clock source latency
     2    0.077175    0.262105    0.196252   25.196251 ^ clk_i (in)
                                                         clk_i (net)
                      0.266425    0.000000   25.196251 ^ clkbuf_0_clk_i/A (sky130_fd_sc_hd__clkbuf_16)
     2    0.018739    0.036606    0.127372   25.323624 ^ clkbuf_0_clk_i/X (sky130_fd_sc_hd__clkbuf_16)
                                                         clknet_0_clk_i (net)
                      0.036606    0.000405   25.324028 ^ clkbuf_1_0__f_clk_i/A (sky130_fd_sc_hd__clkbuf_16)
     3    0.008468    0.023514    0.078213   25.402241 ^ clkbuf_1_0__f_clk_i/X (sky130_fd_sc_hd__clkbuf_16)
                                                         clknet_1_0__leaf_clk_i (net)
                      0.023514    0.000192   25.402433 ^ _498_/A (sky130_fd_sc_hd__and2_2)
     3    0.052614    0.202390    0.198499   25.600931 ^ _498_/X (sky130_fd_sc_hd__and2_2)
                                                         u_ibex.clk (net)
                      0.203536    0.012307   25.613239 ^ clkbuf_0_u_ibex.clk/A (sky130_fd_sc_hd__clkbuf_16)
     9    0.081193    0.077163    0.153010   25.766249 ^ clkbuf_0_u_ibex.clk/X (sky130_fd_sc_hd__clkbuf_16)
                                                         clknet_0_u_ibex.clk (net)
                      0.077775    0.005388   25.771637 ^ clkbuf_2_0__f_u_ibex.clk/A (sky130_fd_sc_hd__clkbuf_16)
    31    0.095262    0.086372    0.132406   25.904043 ^ clkbuf_2_0__f_u_ibex.clk/X (sky130_fd_sc_hd__clkbuf_16)
                                                         clknet_2_0__leaf_u_ibex.clk (net)
                      0.088704    0.011013   25.915056 ^ _591_/CLK (sky130_fd_sc_hd__dfrtp_1)
                                 -0.250000   25.665056   clock uncertainty
                                  0.000000   25.665056   clock reconvergence pessimism
                                  0.130234   25.795290   library recovery time
                                             25.795290   data required time
---------------------------------------------------------------------------------------------
                                             25.795290   data required time
                                             -5.534495   data arrival time
---------------------------------------------------------------------------------------------
                                             20.260796   slack (MET)


Startpoint: rst_ni (input port clocked by clk_i)
Endpoint: _595_ (recovery check against rising-edge clock clk_i)
Path Group: asynchronous
Path Type: max

Fanout         Cap        Slew       Delay        Time   Description
---------------------------------------------------------------------------------------------
                                  0.000000    0.000000   clock clk_i (rise edge)
                                  0.000000    0.000000   clock network delay (propagated)
                                  5.000000    5.000000 ^ input external delay
     2    0.009405    0.036510    0.023675    5.023675 ^ rst_ni (in)
                                                         rst_ni (net)
                      0.036511    0.000000    5.023675 ^ input1/A (sky130_fd_sc_hd__buf_8)
     5    0.139059    0.161377    0.127418    5.151093 ^ input1/X (sky130_fd_sc_hd__buf_8)
                                                         net1 (net)
                      0.220623    0.075773    5.226866 ^ fanout93/A (sky130_fd_sc_hd__buf_1)
     3    0.015299    0.137718    0.133368    5.360234 ^ fanout93/X (sky130_fd_sc_hd__buf_1)
                                                         net93 (net)
                      0.137719    0.000306    5.360539 ^ fanout92/A (sky130_fd_sc_hd__dlymetal6s2s_1)
     4    0.020049    0.165438    0.168066    5.528606 ^ fanout92/X (sky130_fd_sc_hd__dlymetal6s2s_1)
                                                         net92 (net)
                      0.165443    0.000737    5.529343 ^ _595_/RESET_B (sky130_fd_sc_hd__dfrtp_1)
                                              5.529343   data arrival time

                                 25.000000   25.000000   clock clk_i (rise edge)
                                  0.000000   25.000000   clock source latency
     2    0.077175    0.262105    0.196252   25.196251 ^ clk_i (in)
                                                         clk_i (net)
                      0.266425    0.000000   25.196251 ^ clkbuf_0_clk_i/A (sky130_fd_sc_hd__clkbuf_16)
     2    0.018739    0.036606    0.127372   25.323624 ^ clkbuf_0_clk_i/X (sky130_fd_sc_hd__clkbuf_16)
                                                         clknet_0_clk_i (net)
                      0.036606    0.000405   25.324028 ^ clkbuf_1_0__f_clk_i/A (sky130_fd_sc_hd__clkbuf_16)
     3    0.008468    0.023514    0.078213   25.402241 ^ clkbuf_1_0__f_clk_i/X (sky130_fd_sc_hd__clkbuf_16)
                                                         clknet_1_0__leaf_clk_i (net)
                      0.023514    0.000192   25.402433 ^ _498_/A (sky130_fd_sc_hd__and2_2)
     3    0.052614    0.202390    0.198499   25.600931 ^ _498_/X (sky130_fd_sc_hd__and2_2)
                                                         u_ibex.clk (net)
                      0.203536    0.012307   25.613239 ^ clkbuf_0_u_ibex.clk/A (sky130_fd_sc_hd__clkbuf_16)
     9    0.081193    0.077163    0.153010   25.766249 ^ clkbuf_0_u_ibex.clk/X (sky130_fd_sc_hd__clkbuf_16)
                                                         clknet_0_u_ibex.clk (net)
                      0.077773    0.005377   25.771626 ^ clkbuf_2_1__f_u_ibex.clk/A (sky130_fd_sc_hd__clkbuf_16)
    33    0.094839    0.086324    0.133729   25.905355 ^ clkbuf_2_1__f_u_ibex.clk/X (sky130_fd_sc_hd__clkbuf_16)
                                                         clknet_2_1__leaf_u_ibex.clk (net)
                      0.087391    0.007644   25.912998 ^ _595_/CLK (sky130_fd_sc_hd__dfrtp_1)
                                 -0.250000   25.663000   clock uncertainty
                                  0.000000   25.663000   clock reconvergence pessimism
                                  0.127271   25.790270   library recovery time
                                             25.790270   data required time
---------------------------------------------------------------------------------------------
                                             25.790270   data required time
                                             -5.529343   data arrival time
---------------------------------------------------------------------------------------------
                                             20.260927   slack (MET)


Startpoint: rst_ni (input port clocked by clk_i)
Endpoint: _596_ (recovery check against rising-edge clock clk_i)
Path Group: asynchronous
Path Type: max

Fanout         Cap        Slew       Delay        Time   Description
---------------------------------------------------------------------------------------------
                                  0.000000    0.000000   clock clk_i (rise edge)
                                  0.000000    0.000000   clock network delay (propagated)
                                  5.000000    5.000000 ^ input external delay
     2    0.009405    0.036510    0.023675    5.023675 ^ rst_ni (in)
                                                         rst_ni (net)
                      0.036511    0.000000    5.023675 ^ input1/A (sky130_fd_sc_hd__buf_8)
     5    0.139059    0.161377    0.127418    5.151093 ^ input1/X (sky130_fd_sc_hd__buf_8)
                                                         net1 (net)
                      0.220623    0.075773    5.226866 ^ fanout93/A (sky130_fd_sc_hd__buf_1)
     3    0.015299    0.137718    0.133368    5.360234 ^ fanout93/X (sky130_fd_sc_hd__buf_1)
                                                         net93 (net)
                      0.137719    0.000306    5.360539 ^ fanout92/A (sky130_fd_sc_hd__dlymetal6s2s_1)
     4    0.020049    0.165438    0.168066    5.528606 ^ fanout92/X (sky130_fd_sc_hd__dlymetal6s2s_1)
                                                         net92 (net)
                      0.165442    0.000699    5.529305 ^ _596_/RESET_B (sky130_fd_sc_hd__dfrtp_1)
                                              5.529305   data arrival time

                                 25.000000   25.000000   clock clk_i (rise edge)
                                  0.000000   25.000000   clock source latency
     2    0.077175    0.262105    0.196252   25.196251 ^ clk_i (in)
                                                         clk_i (net)
                      0.266425    0.000000   25.196251 ^ clkbuf_0_clk_i/A (sky130_fd_sc_hd__clkbuf_16)
     2    0.018739    0.036606    0.127372   25.323624 ^ clkbuf_0_clk_i/X (sky130_fd_sc_hd__clkbuf_16)
                                                         clknet_0_clk_i (net)
                      0.036606    0.000405   25.324028 ^ clkbuf_1_0__f_clk_i/A (sky130_fd_sc_hd__clkbuf_16)
     3    0.008468    0.023514    0.078213   25.402241 ^ clkbuf_1_0__f_clk_i/X (sky130_fd_sc_hd__clkbuf_16)
                                                         clknet_1_0__leaf_clk_i (net)
                      0.023514    0.000192   25.402433 ^ _498_/A (sky130_fd_sc_hd__and2_2)
     3    0.052614    0.202390    0.198499   25.600931 ^ _498_/X (sky130_fd_sc_hd__and2_2)
                                                         u_ibex.clk (net)
                      0.203536    0.012307   25.613239 ^ clkbuf_0_u_ibex.clk/A (sky130_fd_sc_hd__clkbuf_16)
     9    0.081193    0.077163    0.153010   25.766249 ^ clkbuf_0_u_ibex.clk/X (sky130_fd_sc_hd__clkbuf_16)
                                                         clknet_0_u_ibex.clk (net)
                      0.077773    0.005377   25.771626 ^ clkbuf_2_1__f_u_ibex.clk/A (sky130_fd_sc_hd__clkbuf_16)
    33    0.094839    0.086324    0.133729   25.905355 ^ clkbuf_2_1__f_u_ibex.clk/X (sky130_fd_sc_hd__clkbuf_16)
                                                         clknet_2_1__leaf_u_ibex.clk (net)
                      0.087827    0.008995   25.914351 ^ _596_/CLK (sky130_fd_sc_hd__dfrtp_1)
                                 -0.250000   25.664351   clock uncertainty
                                  0.000000   25.664351   clock reconvergence pessimism
                                  0.127339   25.791689   library recovery time
                                             25.791689   data required time
---------------------------------------------------------------------------------------------
                                             25.791689   data required time
                                             -5.529305   data arrival time
---------------------------------------------------------------------------------------------
                                             20.262384   slack (MET)


Startpoint: rst_ni (input port clocked by clk_i)
Endpoint: _588_ (recovery check against rising-edge clock clk_i)
Path Group: asynchronous
Path Type: max

Fanout         Cap        Slew       Delay        Time   Description
---------------------------------------------------------------------------------------------
                                  0.000000    0.000000   clock clk_i (rise edge)
                                  0.000000    0.000000   clock network delay (propagated)
                                  5.000000    5.000000 ^ input external delay
     2    0.009405    0.036510    0.023675    5.023675 ^ rst_ni (in)
                                                         rst_ni (net)
                      0.036511    0.000000    5.023675 ^ input1/A (sky130_fd_sc_hd__buf_8)
     5    0.139059    0.161377    0.127418    5.151093 ^ input1/X (sky130_fd_sc_hd__buf_8)
                                                         net1 (net)
                      0.220623    0.075773    5.226866 ^ fanout93/A (sky130_fd_sc_hd__buf_1)
     3    0.015299    0.137718    0.133368    5.360234 ^ fanout93/X (sky130_fd_sc_hd__buf_1)
                                                         net93 (net)
                      0.137719    0.000414    5.360648 ^ fanout91/A (sky130_fd_sc_hd__clkbuf_2)
     6    0.035543    0.150447    0.171962    5.532610 ^ fanout91/X (sky130_fd_sc_hd__clkbuf_2)
                                                         net91 (net)
                      0.150487    0.002000    5.534610 ^ _588_/RESET_B (sky130_fd_sc_hd__dfrtp_1)
                                              5.534610   data arrival time

                                 25.000000   25.000000   clock clk_i (rise edge)
                                  0.000000   25.000000   clock source latency
     2    0.077175    0.262105    0.196252   25.196251 ^ clk_i (in)
                                                         clk_i (net)
                      0.266425    0.000000   25.196251 ^ clkbuf_0_clk_i/A (sky130_fd_sc_hd__clkbuf_16)
     2    0.018739    0.036606    0.127372   25.323624 ^ clkbuf_0_clk_i/X (sky130_fd_sc_hd__clkbuf_16)
                                                         clknet_0_clk_i (net)
                      0.036606    0.000405   25.324028 ^ clkbuf_1_0__f_clk_i/A (sky130_fd_sc_hd__clkbuf_16)
     3    0.008468    0.023514    0.078213   25.402241 ^ clkbuf_1_0__f_clk_i/X (sky130_fd_sc_hd__clkbuf_16)
                                                         clknet_1_0__leaf_clk_i (net)
                      0.023514    0.000192   25.402433 ^ _498_/A (sky130_fd_sc_hd__and2_2)
     3    0.052614    0.202390    0.198499   25.600931 ^ _498_/X (sky130_fd_sc_hd__and2_2)
                                                         u_ibex.clk (net)
                      0.203536    0.012307   25.613239 ^ clkbuf_0_u_ibex.clk/A (sky130_fd_sc_hd__clkbuf_16)
     9    0.081193    0.077163    0.153010   25.766249 ^ clkbuf_0_u_ibex.clk/X (sky130_fd_sc_hd__clkbuf_16)
                                                         clknet_0_u_ibex.clk (net)
                      0.077775    0.005388   25.771637 ^ clkbuf_2_0__f_u_ibex.clk/A (sky130_fd_sc_hd__clkbuf_16)
    31    0.095262    0.086372    0.132406   25.904043 ^ clkbuf_2_0__f_u_ibex.clk/X (sky130_fd_sc_hd__clkbuf_16)
                                                         clknet_2_0__leaf_u_ibex.clk (net)
                      0.089537    0.012784   25.916826 ^ _588_/CLK (sky130_fd_sc_hd__dfrtp_1)
                                 -0.250000   25.666828   clock uncertainty
                                  0.000000   25.666828   clock reconvergence pessimism
                                  0.130362   25.797192   library recovery time
                                             25.797192   data required time
---------------------------------------------------------------------------------------------
                                             25.797192   data required time
                                             -5.534610   data arrival time
---------------------------------------------------------------------------------------------
                                             20.262581   slack (MET)


Startpoint: rst_ni (input port clocked by clk_i)
Endpoint: _597_ (recovery check against rising-edge clock clk_i)
Path Group: asynchronous
Path Type: max

Fanout         Cap        Slew       Delay        Time   Description
---------------------------------------------------------------------------------------------
                                  0.000000    0.000000   clock clk_i (rise edge)
                                  0.000000    0.000000   clock network delay (propagated)
                                  5.000000    5.000000 ^ input external delay
     2    0.009405    0.036510    0.023675    5.023675 ^ rst_ni (in)
                                                         rst_ni (net)
                      0.036511    0.000000    5.023675 ^ input1/A (sky130_fd_sc_hd__buf_8)
     5    0.139059    0.161377    0.127418    5.151093 ^ input1/X (sky130_fd_sc_hd__buf_8)
                                                         net1 (net)
                      0.220623    0.075773    5.226866 ^ fanout93/A (sky130_fd_sc_hd__buf_1)
     3    0.015299    0.137718    0.133368    5.360234 ^ fanout93/X (sky130_fd_sc_hd__buf_1)
                                                         net93 (net)
                      0.137719    0.000306    5.360539 ^ fanout92/A (sky130_fd_sc_hd__dlymetal6s2s_1)
     4    0.020049    0.165438    0.168066    5.528606 ^ fanout92/X (sky130_fd_sc_hd__dlymetal6s2s_1)
                                                         net92 (net)
                      0.165439    0.000438    5.529044 ^ _597_/RESET_B (sky130_fd_sc_hd__dfrtp_1)
                                              5.529044   data arrival time

                                 25.000000   25.000000   clock clk_i (rise edge)
                                  0.000000   25.000000   clock source latency
     2    0.077175    0.262105    0.196252   25.196251 ^ clk_i (in)
                                                         clk_i (net)
                      0.266425    0.000000   25.196251 ^ clkbuf_0_clk_i/A (sky130_fd_sc_hd__clkbuf_16)
     2    0.018739    0.036606    0.127372   25.323624 ^ clkbuf_0_clk_i/X (sky130_fd_sc_hd__clkbuf_16)
                                                         clknet_0_clk_i (net)
                      0.036606    0.000405   25.324028 ^ clkbuf_1_0__f_clk_i/A (sky130_fd_sc_hd__clkbuf_16)
     3    0.008468    0.023514    0.078213   25.402241 ^ clkbuf_1_0__f_clk_i/X (sky130_fd_sc_hd__clkbuf_16)
                                                         clknet_1_0__leaf_clk_i (net)
                      0.023514    0.000192   25.402433 ^ _498_/A (sky130_fd_sc_hd__and2_2)
     3    0.052614    0.202390    0.198499   25.600931 ^ _498_/X (sky130_fd_sc_hd__and2_2)
                                                         u_ibex.clk (net)
                      0.203536    0.012307   25.613239 ^ clkbuf_0_u_ibex.clk/A (sky130_fd_sc_hd__clkbuf_16)
     9    0.081193    0.077163    0.153010   25.766249 ^ clkbuf_0_u_ibex.clk/X (sky130_fd_sc_hd__clkbuf_16)
                                                         clknet_0_u_ibex.clk (net)
                      0.077773    0.005377   25.771626 ^ clkbuf_2_1__f_u_ibex.clk/A (sky130_fd_sc_hd__clkbuf_16)
    33    0.094839    0.086324    0.133729   25.905355 ^ clkbuf_2_1__f_u_ibex.clk/X (sky130_fd_sc_hd__clkbuf_16)
                                                         clknet_2_1__leaf_u_ibex.clk (net)
                      0.088371    0.010443   25.915798 ^ _597_/CLK (sky130_fd_sc_hd__dfrtp_1)
                                 -0.250000   25.665798   clock uncertainty
                                  0.000000   25.665798   clock reconvergence pessimism
                                  0.127424   25.793222   library recovery time
                                             25.793222   data required time
---------------------------------------------------------------------------------------------
                                             25.793222   data required time
                                             -5.529044   data arrival time
---------------------------------------------------------------------------------------------
                                             20.264179   slack (MET)


Startpoint: rst_ni (input port clocked by clk_i)
Endpoint: _599_ (recovery check against rising-edge clock clk_i)
Path Group: asynchronous
Path Type: max

Fanout         Cap        Slew       Delay        Time   Description
---------------------------------------------------------------------------------------------
                                  0.000000    0.000000   clock clk_i (rise edge)
                                  0.000000    0.000000   clock network delay (propagated)
                                  5.000000    5.000000 ^ input external delay
     2    0.009405    0.036510    0.023675    5.023675 ^ rst_ni (in)
                                                         rst_ni (net)
                      0.036511    0.000000    5.023675 ^ input1/A (sky130_fd_sc_hd__buf_8)
     5    0.139059    0.161377    0.127418    5.151093 ^ input1/X (sky130_fd_sc_hd__buf_8)
                                                         net1 (net)
                      0.220623    0.075773    5.226866 ^ fanout93/A (sky130_fd_sc_hd__buf_1)
     3    0.015299    0.137718    0.133368    5.360234 ^ fanout93/X (sky130_fd_sc_hd__buf_1)
                                                         net93 (net)
                      0.137719    0.000306    5.360539 ^ fanout92/A (sky130_fd_sc_hd__dlymetal6s2s_1)
     4    0.020049    0.165438    0.168066    5.528606 ^ fanout92/X (sky130_fd_sc_hd__dlymetal6s2s_1)
                                                         net92 (net)
                      0.165439    0.000432    5.529037 ^ _599_/RESET_B (sky130_fd_sc_hd__dfrtp_1)
                                              5.529037   data arrival time

                                 25.000000   25.000000   clock clk_i (rise edge)
                                  0.000000   25.000000   clock source latency
     2    0.077175    0.262105    0.196252   25.196251 ^ clk_i (in)
                                                         clk_i (net)
                      0.266425    0.000000   25.196251 ^ clkbuf_0_clk_i/A (sky130_fd_sc_hd__clkbuf_16)
     2    0.018739    0.036606    0.127372   25.323624 ^ clkbuf_0_clk_i/X (sky130_fd_sc_hd__clkbuf_16)
                                                         clknet_0_clk_i (net)
                      0.036606    0.000405   25.324028 ^ clkbuf_1_0__f_clk_i/A (sky130_fd_sc_hd__clkbuf_16)
     3    0.008468    0.023514    0.078213   25.402241 ^ clkbuf_1_0__f_clk_i/X (sky130_fd_sc_hd__clkbuf_16)
                                                         clknet_1_0__leaf_clk_i (net)
                      0.023514    0.000192   25.402433 ^ _498_/A (sky130_fd_sc_hd__and2_2)
     3    0.052614    0.202390    0.198499   25.600931 ^ _498_/X (sky130_fd_sc_hd__and2_2)
                                                         u_ibex.clk (net)
                      0.203536    0.012307   25.613239 ^ clkbuf_0_u_ibex.clk/A (sky130_fd_sc_hd__clkbuf_16)
     9    0.081193    0.077163    0.153010   25.766249 ^ clkbuf_0_u_ibex.clk/X (sky130_fd_sc_hd__clkbuf_16)
                                                         clknet_0_u_ibex.clk (net)
                      0.077773    0.005377   25.771626 ^ clkbuf_2_1__f_u_ibex.clk/A (sky130_fd_sc_hd__clkbuf_16)
    33    0.094839    0.086324    0.133729   25.905355 ^ clkbuf_2_1__f_u_ibex.clk/X (sky130_fd_sc_hd__clkbuf_16)
                                                         clknet_2_1__leaf_u_ibex.clk (net)
                      0.088596    0.010990   25.916346 ^ _599_/CLK (sky130_fd_sc_hd__dfrtp_1)
                                 -0.250000   25.666346   clock uncertainty
                                  0.000000   25.666346   clock reconvergence pessimism
                                  0.127459   25.793806   library recovery time
                                             25.793806   data required time
---------------------------------------------------------------------------------------------
                                             25.793806   data required time
                                             -5.529037   data arrival time
---------------------------------------------------------------------------------------------
                                             20.264769   slack (MET)


Startpoint: rst_ni (input port clocked by clk_i)
Endpoint: _576_ (recovery check against rising-edge clock clk_i)
Path Group: asynchronous
Path Type: max

Fanout         Cap        Slew       Delay        Time   Description
---------------------------------------------------------------------------------------------
                                  0.000000    0.000000   clock clk_i (rise edge)
                                  0.000000    0.000000   clock network delay (propagated)
                                  5.000000    5.000000 ^ input external delay
     2    0.009405    0.036510    0.023675    5.023675 ^ rst_ni (in)
                                                         rst_ni (net)
                      0.036511    0.000000    5.023675 ^ input1/A (sky130_fd_sc_hd__buf_8)
     5    0.139059    0.161377    0.127418    5.151093 ^ input1/X (sky130_fd_sc_hd__buf_8)
                                                         net1 (net)
                      0.203178    0.060996    5.212088 ^ fanout99/A (sky130_fd_sc_hd__clkbuf_2)
     7    0.033369    0.142141    0.171826    5.383914 ^ fanout99/X (sky130_fd_sc_hd__clkbuf_2)
                                                         net99 (net)
                      0.142248    0.003180    5.387094 ^ _576_/RESET_B (sky130_fd_sc_hd__dfrtp_1)
                                              5.387094   data arrival time

                                 25.000000   25.000000   clock clk_i (rise edge)
                                  0.000000   25.000000   clock source latency
     2    0.077175    0.262105    0.196252   25.196251 ^ clk_i (in)
                                                         clk_i (net)
                      0.266425    0.000000   25.196251 ^ clkbuf_0_clk_i/A (sky130_fd_sc_hd__clkbuf_16)
     2    0.018739    0.036606    0.127372   25.323624 ^ clkbuf_0_clk_i/X (sky130_fd_sc_hd__clkbuf_16)
                                                         clknet_0_clk_i (net)
                      0.036606    0.000405   25.324028 ^ clkbuf_1_0__f_clk_i/A (sky130_fd_sc_hd__clkbuf_16)
     3    0.008468    0.023514    0.078213   25.402241 ^ clkbuf_1_0__f_clk_i/X (sky130_fd_sc_hd__clkbuf_16)
                                                         clknet_1_0__leaf_clk_i (net)
                      0.023514    0.000192   25.402433 ^ _498_/A (sky130_fd_sc_hd__and2_2)
     3    0.052614    0.202390    0.198499   25.600931 ^ _498_/X (sky130_fd_sc_hd__and2_2)
                                                         u_ibex.clk (net)
                      0.203536    0.012307   25.613239 ^ clkbuf_0_u_ibex.clk/A (sky130_fd_sc_hd__clkbuf_16)
     9    0.081193    0.077163    0.153010   25.766249 ^ clkbuf_0_u_ibex.clk/X (sky130_fd_sc_hd__clkbuf_16)
                                                         clknet_0_u_ibex.clk (net)
                      0.078286    0.007306   25.773554 ^ clkbuf_2_3__f_u_ibex.clk/A (sky130_fd_sc_hd__clkbuf_16)
    23    0.080609    0.075178    0.128253   25.901808 ^ clkbuf_2_3__f_u_ibex.clk/X (sky130_fd_sc_hd__clkbuf_16)
                                                         clknet_2_3__leaf_u_ibex.clk (net)
                      0.076126    0.006553   25.908361 ^ _576_/CLK (sky130_fd_sc_hd__dfrtp_1)
                                 -0.250000   25.658361   clock uncertainty
                                  0.000000   25.658361   clock reconvergence pessimism
                                  0.129813   25.788174   library recovery time
                                             25.788174   data required time
---------------------------------------------------------------------------------------------
                                             25.788174   data required time
                                             -5.387094   data arrival time
---------------------------------------------------------------------------------------------
                                             20.401081   slack (MET)


Startpoint: rst_ni (input port clocked by clk_i)
Endpoint: _578_ (recovery check against rising-edge clock clk_i)
Path Group: asynchronous
Path Type: max

Fanout         Cap        Slew       Delay        Time   Description
---------------------------------------------------------------------------------------------
                                  0.000000    0.000000   clock clk_i (rise edge)
                                  0.000000    0.000000   clock network delay (propagated)
                                  5.000000    5.000000 ^ input external delay
     2    0.009405    0.036510    0.023675    5.023675 ^ rst_ni (in)
                                                         rst_ni (net)
                      0.036511    0.000000    5.023675 ^ input1/A (sky130_fd_sc_hd__buf_8)
     5    0.139059    0.161377    0.127418    5.151093 ^ input1/X (sky130_fd_sc_hd__buf_8)
                                                         net1 (net)
                      0.203178    0.060996    5.212088 ^ fanout99/A (sky130_fd_sc_hd__clkbuf_2)
     7    0.033369    0.142141    0.171826    5.383914 ^ fanout99/X (sky130_fd_sc_hd__clkbuf_2)
                                                         net99 (net)
                      0.142250    0.003205    5.387118 ^ _578_/RESET_B (sky130_fd_sc_hd__dfrtp_1)
                                              5.387118   data arrival time

                                 25.000000   25.000000   clock clk_i (rise edge)
                                  0.000000   25.000000   clock source latency
     2    0.077175    0.262105    0.196252   25.196251 ^ clk_i (in)
                                                         clk_i (net)
                      0.266425    0.000000   25.196251 ^ clkbuf_0_clk_i/A (sky130_fd_sc_hd__clkbuf_16)
     2    0.018739    0.036606    0.127372   25.323624 ^ clkbuf_0_clk_i/X (sky130_fd_sc_hd__clkbuf_16)
                                                         clknet_0_clk_i (net)
                      0.036606    0.000405   25.324028 ^ clkbuf_1_0__f_clk_i/A (sky130_fd_sc_hd__clkbuf_16)
     3    0.008468    0.023514    0.078213   25.402241 ^ clkbuf_1_0__f_clk_i/X (sky130_fd_sc_hd__clkbuf_16)
                                                         clknet_1_0__leaf_clk_i (net)
                      0.023514    0.000192   25.402433 ^ _498_/A (sky130_fd_sc_hd__and2_2)
     3    0.052614    0.202390    0.198499   25.600931 ^ _498_/X (sky130_fd_sc_hd__and2_2)
                                                         u_ibex.clk (net)
                      0.203536    0.012307   25.613239 ^ clkbuf_0_u_ibex.clk/A (sky130_fd_sc_hd__clkbuf_16)
     9    0.081193    0.077163    0.153010   25.766249 ^ clkbuf_0_u_ibex.clk/X (sky130_fd_sc_hd__clkbuf_16)
                                                         clknet_0_u_ibex.clk (net)
                      0.078334    0.007466   25.773714 ^ clkbuf_2_2__f_u_ibex.clk/A (sky130_fd_sc_hd__clkbuf_16)
    31    0.105244    0.094104    0.135618   25.909332 ^ clkbuf_2_2__f_u_ibex.clk/X (sky130_fd_sc_hd__clkbuf_16)
                                                         clknet_2_2__leaf_u_ibex.clk (net)
                      0.096859    0.012546   25.921879 ^ _578_/CLK (sky130_fd_sc_hd__dfrtp_1)
                                 -0.250000   25.671879   clock uncertainty
                                  0.000000   25.671879   clock reconvergence pessimism
                                  0.133011   25.804892   library recovery time
                                             25.804892   data required time
---------------------------------------------------------------------------------------------
                                             25.804892   data required time
                                             -5.387118   data arrival time
---------------------------------------------------------------------------------------------
                                             20.417772   slack (MET)


Startpoint: _578_ (rising edge-triggered flip-flop clocked by clk_i)
Endpoint: _611_ (rising edge-triggered flip-flop clocked by clk_i)
Path Group: clk_i
Path Type: max

Fanout         Cap        Slew       Delay        Time   Description
---------------------------------------------------------------------------------------------
                                  0.000000    0.000000   clock clk_i (rise edge)
                                  0.000000    0.000000   clock source latency
     2    0.077175    0.262105    0.196252    0.196252 ^ clk_i (in)
                                                         clk_i (net)
                      0.266425    0.000000    0.196252 ^ clkbuf_0_clk_i/A (sky130_fd_sc_hd__clkbuf_16)
     2    0.018739    0.036606    0.127371    0.323623 ^ clkbuf_0_clk_i/X (sky130_fd_sc_hd__clkbuf_16)
                                                         clknet_0_clk_i (net)
                      0.036606    0.000406    0.324030 ^ clkbuf_1_0__f_clk_i/A (sky130_fd_sc_hd__clkbuf_16)
     3    0.008468    0.023514    0.078213    0.402242 ^ clkbuf_1_0__f_clk_i/X (sky130_fd_sc_hd__clkbuf_16)
                                                         clknet_1_0__leaf_clk_i (net)
                      0.023514    0.000191    0.402433 ^ _498_/A (sky130_fd_sc_hd__and2_2)
     3    0.052614    0.202686    0.198500    0.600933 ^ _498_/X (sky130_fd_sc_hd__and2_2)
                                                         u_ibex.clk (net)
                      0.203830    0.012306    0.613239 ^ clkbuf_0_u_ibex.clk/A (sky130_fd_sc_hd__clkbuf_16)
     9    0.081193    0.077169    0.153052    0.766291 ^ clkbuf_0_u_ibex.clk/X (sky130_fd_sc_hd__clkbuf_16)
                                                         clknet_0_u_ibex.clk (net)
                      0.078340    0.007465    0.773756 ^ clkbuf_2_2__f_u_ibex.clk/A (sky130_fd_sc_hd__clkbuf_16)
    31    0.105244    0.094104    0.135620    0.909376 ^ clkbuf_2_2__f_u_ibex.clk/X (sky130_fd_sc_hd__clkbuf_16)
                                                         clknet_2_2__leaf_u_ibex.clk (net)
                      0.096859    0.012546    0.921921 ^ _578_/CLK (sky130_fd_sc_hd__dfrtp_1)
     1    0.005731    0.037189    0.250194    1.172116 v _578_/Q (sky130_fd_sc_hd__dfrtp_1)
                                                         u_ibex.u_ibex_core.load_store_unit_i.ls_fsm_cs[1] (net)
                      0.037189    0.000209    1.172325 v hold126/A (sky130_fd_sc_hd__dlygate4sd3_1)
     1    0.003453    0.041071    0.366177    1.538502 v hold126/X (sky130_fd_sc_hd__dlygate4sd3_1)
                                                         net297 (net)
                      0.041071    0.000103    1.538605 v hold117/A (sky130_fd_sc_hd__dlygate4sd3_1)
     1    0.002040    0.035506    0.359161    1.897766 v hold117/X (sky130_fd_sc_hd__dlygate4sd3_1)
                                                         net288 (net)
                      0.035506    0.000059    1.897825 v hold127/A (sky130_fd_sc_hd__dlygate4sd3_1)
     3    0.011196    0.065598    0.398246    2.296071 v hold127/X (sky130_fd_sc_hd__dlygate4sd3_1)
                                                         net298 (net)
                      0.065598    0.000154    2.296225 v fanout82/A (sky130_fd_sc_hd__dlymetal6s2s_1)
     2    0.006944    0.038618    0.110378    2.406603 v fanout82/X (sky130_fd_sc_hd__dlymetal6s2s_1)
                                                         net82 (net)
                      0.038619    0.000203    2.406806 v _258_/B (sky130_fd_sc_hd__nor2_1)
     2    0.009061    0.126311    0.111940    2.518746 ^ _258_/Y (sky130_fd_sc_hd__nor2_1)
                                                         _048_ (net)
                      0.126312    0.000235    2.518981 ^ hold100/A (sky130_fd_sc_hd__dlygate4sd3_1)
     2    0.008007    0.072658    0.415892    2.934873 ^ hold100/X (sky130_fd_sc_hd__dlygate4sd3_1)
                                                         net271 (net)
                      0.072658    0.000173    2.935045 ^ _431_/B (sky130_fd_sc_hd__and2b_1)
     1    0.002493    0.027785    0.076292    3.011337 ^ _431_/X (sky130_fd_sc_hd__and2b_1)
                                                         _184_ (net)
                      0.027785    0.000073    3.011411 ^ hold315/A (sky130_fd_sc_hd__dlygate4sd3_1)
     1    0.002360    0.034719    0.367260    3.378671 ^ hold315/X (sky130_fd_sc_hd__dlygate4sd3_1)
                                                         net486 (net)
                      0.034719    0.000069    3.378740 ^ hold101/A (sky130_fd_sc_hd__dlygate4sd3_1)
     4    0.020279    0.160007    0.464036    3.842776 ^ hold101/X (sky130_fd_sc_hd__dlygate4sd3_1)
                                                         net272 (net)
                      0.160007    0.000678    3.843454 ^ _444_/C_N (sky130_fd_sc_hd__or4bb_1)
     1    0.005001    0.061122    0.287264    4.130718 v _444_/X (sky130_fd_sc_hd__or4bb_1)
                                                         u_ibex.core_busy_d[0] (net)
                      0.061122    0.000197    4.130915 v hold134/A (sky130_fd_sc_hd__dlygate4sd3_1)
     1    0.004239    0.043355    0.379329    4.510244 v hold134/X (sky130_fd_sc_hd__dlygate4sd3_1)
                                                         net305 (net)
                      0.043355    0.000154    4.510398 v _611_/D (sky130_fd_sc_hd__dfrtp_1)
                                              4.510398   data arrival time

                                 25.000000   25.000000   clock clk_i (rise edge)
                                  0.000000   25.000000   clock source latency
     2    0.077175    0.262105    0.196252   25.196251 ^ clk_i (in)
                                                         clk_i (net)
                      0.266425    0.000000   25.196251 ^ clkbuf_0_clk_i/A (sky130_fd_sc_hd__clkbuf_16)
     2    0.018739    0.036606    0.127372   25.323624 ^ clkbuf_0_clk_i/X (sky130_fd_sc_hd__clkbuf_16)
                                                         clknet_0_clk_i (net)
                      0.036606    0.000464   25.324087 ^ clkbuf_1_1__f_clk_i/A (sky130_fd_sc_hd__clkbuf_16)
     2    0.006743    0.022210    0.076824   25.400911 ^ clkbuf_1_1__f_clk_i/X (sky130_fd_sc_hd__clkbuf_16)
                                                         clknet_1_1__leaf_clk_i (net)
                      0.022211    0.000222   25.401133 ^ _611_/CLK (sky130_fd_sc_hd__dfrtp_1)
                                 -0.250000   25.151133   clock uncertainty
                                  0.000000   25.151133   clock reconvergence pessimism
                                 -0.077444   25.073690   library setup time
                                             25.073690   data required time
---------------------------------------------------------------------------------------------
                                             25.073690   data required time
                                             -4.510398   data arrival time
---------------------------------------------------------------------------------------------
                                             20.563292   slack (MET)


Startpoint: _573_ (rising edge-triggered flip-flop clocked by clk_i)
Endpoint: _564_ (rising edge-triggered flip-flop clocked by clk_i)
Path Group: clk_i
Path Type: max

Fanout         Cap        Slew       Delay        Time   Description
---------------------------------------------------------------------------------------------
                                  0.000000    0.000000   clock clk_i (rise edge)
                                  0.000000    0.000000   clock source latency
     2    0.077175    0.262105    0.196252    0.196252 ^ clk_i (in)
                                                         clk_i (net)
                      0.266425    0.000000    0.196252 ^ clkbuf_0_clk_i/A (sky130_fd_sc_hd__clkbuf_16)
     2    0.018739    0.036606    0.127371    0.323623 ^ clkbuf_0_clk_i/X (sky130_fd_sc_hd__clkbuf_16)
                                                         clknet_0_clk_i (net)
                      0.036606    0.000406    0.324030 ^ clkbuf_1_0__f_clk_i/A (sky130_fd_sc_hd__clkbuf_16)
     3    0.008468    0.023514    0.078213    0.402242 ^ clkbuf_1_0__f_clk_i/X (sky130_fd_sc_hd__clkbuf_16)
                                                         clknet_1_0__leaf_clk_i (net)
                      0.023514    0.000191    0.402433 ^ _498_/A (sky130_fd_sc_hd__and2_2)
     3    0.052614    0.202686    0.198500    0.600933 ^ _498_/X (sky130_fd_sc_hd__and2_2)
                                                         u_ibex.clk (net)
                      0.203830    0.012306    0.613239 ^ clkbuf_0_u_ibex.clk/A (sky130_fd_sc_hd__clkbuf_16)
     9    0.081193    0.077169    0.153052    0.766291 ^ clkbuf_0_u_ibex.clk/X (sky130_fd_sc_hd__clkbuf_16)
                                                         clknet_0_u_ibex.clk (net)
                      0.078340    0.007465    0.773756 ^ clkbuf_2_2__f_u_ibex.clk/A (sky130_fd_sc_hd__clkbuf_16)
    31    0.105244    0.094104    0.135620    0.909376 ^ clkbuf_2_2__f_u_ibex.clk/X (sky130_fd_sc_hd__clkbuf_16)
                                                         clknet_2_2__leaf_u_ibex.clk (net)
                      0.099306    0.017047    0.926422 ^ _573_/CLK (sky130_fd_sc_hd__dfrtp_1)
     1    0.002079    0.025336    0.234988    1.161410 v _573_/Q (sky130_fd_sc_hd__dfrtp_1)
                                                         u_ibex.u_ibex_core.id_stage_i.controller_i.ctrl_fsm_cs[2] (net)
                      0.025336    0.000060    1.161470 v hold346/A (sky130_fd_sc_hd__dlygate4sd3_1)
     1    0.002021    0.035359    0.353063    1.514534 v hold346/X (sky130_fd_sc_hd__dlygate4sd3_1)
                                                         net517 (net)
                      0.035359    0.000057    1.514591 v hold322/A (sky130_fd_sc_hd__dlygate4sd3_1)
     1    0.002337    0.036576    0.358774    1.873364 v hold322/X (sky130_fd_sc_hd__dlygate4sd3_1)
                                                         net493 (net)
                      0.036576    0.000069    1.873433 v hold87/A (sky130_fd_sc_hd__dlygate4sd3_1)
     1    0.002082    0.035638    0.357703    2.231136 v hold87/X (sky130_fd_sc_hd__dlygate4sd3_1)
                                                         net258 (net)
                      0.035638    0.000060    2.231196 v hold323/A (sky130_fd_sc_hd__dlygate4sd3_1)
     6    0.018424    0.087502    0.420519    2.651715 v hold323/X (sky130_fd_sc_hd__dlygate4sd3_1)
                                                         net494 (net)
                      0.087504    0.000481    2.652196 v _434_/B (sky130_fd_sc_hd__nor2_1)
     4    0.015872    0.208428    0.188486    2.840682 ^ _434_/Y (sky130_fd_sc_hd__nor2_1)
                                                         _185_ (net)
                      0.208430    0.000520    2.841201 ^ hold324/A (sky130_fd_sc_hd__dlygate4sd3_1)
     1    0.004542    0.049034    0.402631    3.243832 ^ hold324/X (sky130_fd_sc_hd__dlygate4sd3_1)
                                                         net495 (net)
                      0.049034    0.000149    3.243981 ^ _499_/A2 (sky130_fd_sc_hd__a21o_1)
     1    0.003851    0.034328    0.073789    3.317770 ^ _499_/X (sky130_fd_sc_hd__a21o_1)
                                                         _000_ (net)
                      0.034328    0.000129    3.317900 ^ hold325/A (sky130_fd_sc_hd__dlygate4sd3_1)
     1    0.002288    0.034322    0.368209    3.686109 ^ hold325/X (sky130_fd_sc_hd__dlygate4sd3_1)
                                                         net496 (net)
                      0.034322    0.000065    3.686173 ^ hold61/A (sky130_fd_sc_hd__dlygate4sd3_1)
     1    0.003284    0.040444    0.374579    4.060752 ^ hold61/X (sky130_fd_sc_hd__dlygate4sd3_1)
                                                         net232 (net)
                      0.040911    0.000104    4.060856 ^ hold326/A (sky130_fd_sc_hd__dlygate4sd3_1)
     1    0.004155    0.046596    0.381126    4.441982 ^ hold326/X (sky130_fd_sc_hd__dlygate4sd3_1)
                                                         net497 (net)
                      0.046596    0.000129    4.442111 ^ _564_/D (sky130_fd_sc_hd__dfrtp_1)
                                              4.442111   data arrival time

                                 25.000000   25.000000   clock clk_i (rise edge)
                                  0.000000   25.000000   clock source latency
     2    0.077175    0.262105    0.196252   25.196251 ^ clk_i (in)
                                                         clk_i (net)
                      0.266425    0.000000   25.196251 ^ clkbuf_0_clk_i/A (sky130_fd_sc_hd__clkbuf_16)
     2    0.018739    0.036606    0.127372   25.323624 ^ clkbuf_0_clk_i/X (sky130_fd_sc_hd__clkbuf_16)
                                                         clknet_0_clk_i (net)
                      0.036606    0.000405   25.324028 ^ clkbuf_1_0__f_clk_i/A (sky130_fd_sc_hd__clkbuf_16)
     3    0.008468    0.023514    0.078213   25.402241 ^ clkbuf_1_0__f_clk_i/X (sky130_fd_sc_hd__clkbuf_16)
                                                         clknet_1_0__leaf_clk_i (net)
                      0.023514    0.000192   25.402433 ^ _498_/A (sky130_fd_sc_hd__and2_2)
     3    0.052614    0.202390    0.198499   25.600931 ^ _498_/X (sky130_fd_sc_hd__and2_2)
                                                         u_ibex.clk (net)
                      0.203536    0.012307   25.613239 ^ clkbuf_0_u_ibex.clk/A (sky130_fd_sc_hd__clkbuf_16)
     9    0.081193    0.077163    0.153010   25.766249 ^ clkbuf_0_u_ibex.clk/X (sky130_fd_sc_hd__clkbuf_16)
                                                         clknet_0_u_ibex.clk (net)
                      0.078286    0.007306   25.773554 ^ clkbuf_2_3__f_u_ibex.clk/A (sky130_fd_sc_hd__clkbuf_16)
    23    0.080609    0.075178    0.128253   25.901808 ^ clkbuf_2_3__f_u_ibex.clk/X (sky130_fd_sc_hd__clkbuf_16)
                                                         clknet_2_3__leaf_u_ibex.clk (net)
                      0.077009    0.009106   25.910913 ^ _564_/CLK (sky130_fd_sc_hd__dfrtp_1)
                                 -0.250000   25.660913   clock uncertainty
                                  0.000041   25.660955   clock reconvergence pessimism
                                 -0.033662   25.627293   library setup time
                                             25.627293   data required time
---------------------------------------------------------------------------------------------
                                             25.627293   data required time
                                             -4.442111   data arrival time
---------------------------------------------------------------------------------------------
                                             21.185181   slack (MET)


Startpoint: _565_ (rising edge-triggered flip-flop clocked by clk_i)
Endpoint: _566_ (rising edge-triggered flip-flop clocked by clk_i)
Path Group: clk_i
Path Type: max

Fanout         Cap        Slew       Delay        Time   Description
---------------------------------------------------------------------------------------------
                                  0.000000    0.000000   clock clk_i (rise edge)
                                  0.000000    0.000000   clock source latency
     2    0.077175    0.262105    0.196252    0.196252 ^ clk_i (in)
                                                         clk_i (net)
                      0.266425    0.000000    0.196252 ^ clkbuf_0_clk_i/A (sky130_fd_sc_hd__clkbuf_16)
     2    0.018739    0.036606    0.127371    0.323623 ^ clkbuf_0_clk_i/X (sky130_fd_sc_hd__clkbuf_16)
                                                         clknet_0_clk_i (net)
                      0.036606    0.000406    0.324030 ^ clkbuf_1_0__f_clk_i/A (sky130_fd_sc_hd__clkbuf_16)
     3    0.008468    0.023514    0.078213    0.402242 ^ clkbuf_1_0__f_clk_i/X (sky130_fd_sc_hd__clkbuf_16)
                                                         clknet_1_0__leaf_clk_i (net)
                      0.023514    0.000191    0.402433 ^ _498_/A (sky130_fd_sc_hd__and2_2)
     3    0.052614    0.202686    0.198500    0.600933 ^ _498_/X (sky130_fd_sc_hd__and2_2)
                                                         u_ibex.clk (net)
                      0.203830    0.012306    0.613239 ^ clkbuf_0_u_ibex.clk/A (sky130_fd_sc_hd__clkbuf_16)
     9    0.081193    0.077169    0.153052    0.766291 ^ clkbuf_0_u_ibex.clk/X (sky130_fd_sc_hd__clkbuf_16)
                                                         clknet_0_u_ibex.clk (net)
                      0.078291    0.007306    0.773597 ^ clkbuf_2_3__f_u_ibex.clk/A (sky130_fd_sc_hd__clkbuf_16)
    23    0.080609    0.075178    0.128255    0.901852 ^ clkbuf_2_3__f_u_ibex.clk/X (sky130_fd_sc_hd__clkbuf_16)
                                                         clknet_2_3__leaf_u_ibex.clk (net)
                      0.077844    0.011048    0.912900 ^ _565_/CLK (sky130_fd_sc_hd__dfrtp_1)
     1    0.002092    0.027638    0.205737    1.118637 ^ _565_/Q (sky130_fd_sc_hd__dfrtp_1)
                                                         u_ibex.u_ibex_core.id_stage_i.controller_i.id_wb_pending (net)
                      0.027638    0.000041    1.118678 ^ hold163/A (sky130_fd_sc_hd__dlygate4sd3_1)
     1    0.002024    0.032879    0.365075    1.483753 ^ hold163/X (sky130_fd_sc_hd__dlygate4sd3_1)
                                                         net334 (net)
                      0.032879    0.000056    1.483809 ^ hold21/A (sky130_fd_sc_hd__dlygate4sd3_1)
     1    0.003701    0.043680    0.376939    1.860749 ^ hold21/X (sky130_fd_sc_hd__dlygate4sd3_1)
                                                         net192 (net)
                      0.043680    0.000121    1.860869 ^ hold164/A (sky130_fd_sc_hd__dlygate4sd3_1)
     3    0.013751    0.112889    0.432631    2.293501 ^ hold164/X (sky130_fd_sc_hd__dlygate4sd3_1)
                                                         net335 (net)
                      0.112889    0.000447    2.293947 ^ _409_/A_N (sky130_fd_sc_hd__and2b_1)
     1    0.003707    0.027669    0.119421    2.413368 v _409_/X (sky130_fd_sc_hd__and2b_1)
                                                         u_ibex.u_ibex_core.id_stage_i.controller_i.do_single_step_d (net)
                      0.027678    0.000117    2.413486 v hold183/A (sky130_fd_sc_hd__dlygate4sd3_1)
     1    0.001843    0.034691    0.352885    2.766371 v hold183/X (sky130_fd_sc_hd__dlygate4sd3_1)
                                                         net354 (net)
                      0.034691    0.000035    2.766406 v hold26/A (sky130_fd_sc_hd__dlygate4sd3_1)
     2    0.004956    0.046001    0.372189    3.138595 v hold26/X (sky130_fd_sc_hd__dlygate4sd3_1)
                                                         net197 (net)
                      0.046001    0.000126    3.138721 v _410_/B (sky130_fd_sc_hd__and2b_1)
     1    0.002419    0.023603    0.098156    3.236877 v _410_/X (sky130_fd_sc_hd__and2b_1)
                                                         u_ibex.u_ibex_core.id_stage_i.controller_i.enter_debug_mode (net)
                      0.023603    0.000069    3.236946 v hold105/A (sky130_fd_sc_hd__dlygate4sd3_1)
     3    0.010424    0.063674    0.391290    3.628237 v hold105/X (sky130_fd_sc_hd__dlygate4sd3_1)
                                                         net276 (net)
                      0.063674    0.000229    3.628465 v _566_/D (sky130_fd_sc_hd__dfrtp_1)
                                              3.628465   data arrival time

                                 25.000000   25.000000   clock clk_i (rise edge)
                                  0.000000   25.000000   clock source latency
     2    0.077175    0.262105    0.196252   25.196251 ^ clk_i (in)
                                                         clk_i (net)
                      0.266425    0.000000   25.196251 ^ clkbuf_0_clk_i/A (sky130_fd_sc_hd__clkbuf_16)
     2    0.018739    0.036606    0.127372   25.323624 ^ clkbuf_0_clk_i/X (sky130_fd_sc_hd__clkbuf_16)
                                                         clknet_0_clk_i (net)
                      0.036606    0.000405   25.324028 ^ clkbuf_1_0__f_clk_i/A (sky130_fd_sc_hd__clkbuf_16)
     3    0.008468    0.023514    0.078213   25.402241 ^ clkbuf_1_0__f_clk_i/X (sky130_fd_sc_hd__clkbuf_16)
                                                         clknet_1_0__leaf_clk_i (net)
                      0.023514    0.000192   25.402433 ^ _498_/A (sky130_fd_sc_hd__and2_2)
     3    0.052614    0.202390    0.198499   25.600931 ^ _498_/X (sky130_fd_sc_hd__and2_2)
                                                         u_ibex.clk (net)
                      0.203536    0.012307   25.613239 ^ clkbuf_0_u_ibex.clk/A (sky130_fd_sc_hd__clkbuf_16)
     9    0.081193    0.077163    0.153010   25.766249 ^ clkbuf_0_u_ibex.clk/X (sky130_fd_sc_hd__clkbuf_16)
                                                         clknet_0_u_ibex.clk (net)
                      0.078286    0.007306   25.773554 ^ clkbuf_2_3__f_u_ibex.clk/A (sky130_fd_sc_hd__clkbuf_16)
    23    0.080609    0.075178    0.128253   25.901808 ^ clkbuf_2_3__f_u_ibex.clk/X (sky130_fd_sc_hd__clkbuf_16)
                                                         clknet_2_3__leaf_u_ibex.clk (net)
                      0.077423    0.010109   25.911917 ^ _566_/CLK (sky130_fd_sc_hd__dfrtp_1)
                                 -0.250000   25.661919   clock uncertainty
                                  0.000043   25.661961   clock reconvergence pessimism
                                 -0.079363   25.582596   library setup time
                                             25.582596   data required time
---------------------------------------------------------------------------------------------
                                             25.582596   data required time
                                             -3.628465   data arrival time
---------------------------------------------------------------------------------------------
                                             21.954132   slack (MET)


Startpoint: _565_ (rising edge-triggered flip-flop clocked by clk_i)
Endpoint: _570_ (rising edge-triggered flip-flop clocked by clk_i)
Path Group: clk_i
Path Type: max

Fanout         Cap        Slew       Delay        Time   Description
---------------------------------------------------------------------------------------------
                                  0.000000    0.000000   clock clk_i (rise edge)
                                  0.000000    0.000000   clock source latency
     2    0.077175    0.262105    0.196252    0.196252 ^ clk_i (in)
                                                         clk_i (net)
                      0.266425    0.000000    0.196252 ^ clkbuf_0_clk_i/A (sky130_fd_sc_hd__clkbuf_16)
     2    0.018739    0.036606    0.127371    0.323623 ^ clkbuf_0_clk_i/X (sky130_fd_sc_hd__clkbuf_16)
                                                         clknet_0_clk_i (net)
                      0.036606    0.000406    0.324030 ^ clkbuf_1_0__f_clk_i/A (sky130_fd_sc_hd__clkbuf_16)
     3    0.008468    0.023514    0.078213    0.402242 ^ clkbuf_1_0__f_clk_i/X (sky130_fd_sc_hd__clkbuf_16)
                                                         clknet_1_0__leaf_clk_i (net)
                      0.023514    0.000191    0.402433 ^ _498_/A (sky130_fd_sc_hd__and2_2)
     3    0.052614    0.202686    0.198500    0.600933 ^ _498_/X (sky130_fd_sc_hd__and2_2)
                                                         u_ibex.clk (net)
                      0.203830    0.012306    0.613239 ^ clkbuf_0_u_ibex.clk/A (sky130_fd_sc_hd__clkbuf_16)
     9    0.081193    0.077169    0.153052    0.766291 ^ clkbuf_0_u_ibex.clk/X (sky130_fd_sc_hd__clkbuf_16)
                                                         clknet_0_u_ibex.clk (net)
                      0.078291    0.007306    0.773597 ^ clkbuf_2_3__f_u_ibex.clk/A (sky130_fd_sc_hd__clkbuf_16)
    23    0.080609    0.075178    0.128255    0.901852 ^ clkbuf_2_3__f_u_ibex.clk/X (sky130_fd_sc_hd__clkbuf_16)
                                                         clknet_2_3__leaf_u_ibex.clk (net)
                      0.077844    0.011048    0.912900 ^ _565_/CLK (sky130_fd_sc_hd__dfrtp_1)
     1    0.002092    0.027638    0.205737    1.118637 ^ _565_/Q (sky130_fd_sc_hd__dfrtp_1)
                                                         u_ibex.u_ibex_core.id_stage_i.controller_i.id_wb_pending (net)
                      0.027638    0.000041    1.118678 ^ hold163/A (sky130_fd_sc_hd__dlygate4sd3_1)
     1    0.002024    0.032879    0.365075    1.483753 ^ hold163/X (sky130_fd_sc_hd__dlygate4sd3_1)
                                                         net334 (net)
                      0.032879    0.000056    1.483809 ^ hold21/A (sky130_fd_sc_hd__dlygate4sd3_1)
     1    0.003701    0.043680    0.376939    1.860749 ^ hold21/X (sky130_fd_sc_hd__dlygate4sd3_1)
                                                         net192 (net)
                      0.043680    0.000121    1.860869 ^ hold164/A (sky130_fd_sc_hd__dlygate4sd3_1)
     3    0.013751    0.112889    0.432631    2.293501 ^ hold164/X (sky130_fd_sc_hd__dlygate4sd3_1)
                                                         net335 (net)
                      0.112889    0.000447    2.293947 ^ _409_/A_N (sky130_fd_sc_hd__and2b_1)
     1    0.003707    0.027669    0.119421    2.413368 v _409_/X (sky130_fd_sc_hd__and2b_1)
                                                         u_ibex.u_ibex_core.id_stage_i.controller_i.do_single_step_d (net)
                      0.027678    0.000117    2.413486 v hold183/A (sky130_fd_sc_hd__dlygate4sd3_1)
     1    0.001843    0.034691    0.352885    2.766371 v hold183/X (sky130_fd_sc_hd__dlygate4sd3_1)
                                                         net354 (net)
                      0.034691    0.000035    2.766406 v hold26/A (sky130_fd_sc_hd__dlygate4sd3_1)
     2    0.004956    0.046001    0.372189    3.138595 v hold26/X (sky130_fd_sc_hd__dlygate4sd3_1)
                                                         net197 (net)
                      0.046001    0.000119    3.138714 v hold184/A (sky130_fd_sc_hd__dlygate4sd3_1)
     1    0.002723    0.037695    0.365147    3.503861 v hold184/X (sky130_fd_sc_hd__dlygate4sd3_1)
                                                         net355 (net)
                      0.037695    0.000077    3.503938 v _570_/D (sky130_fd_sc_hd__dfrtp_1)
                                              3.503938   data arrival time

                                 25.000000   25.000000   clock clk_i (rise edge)
                                  0.000000   25.000000   clock source latency
     2    0.077175    0.262105    0.196252   25.196251 ^ clk_i (in)
                                                         clk_i (net)
                      0.266425    0.000000   25.196251 ^ clkbuf_0_clk_i/A (sky130_fd_sc_hd__clkbuf_16)
     2    0.018739    0.036606    0.127372   25.323624 ^ clkbuf_0_clk_i/X (sky130_fd_sc_hd__clkbuf_16)
                                                         clknet_0_clk_i (net)
                      0.036606    0.000405   25.324028 ^ clkbuf_1_0__f_clk_i/A (sky130_fd_sc_hd__clkbuf_16)
     3    0.008468    0.023514    0.078213   25.402241 ^ clkbuf_1_0__f_clk_i/X (sky130_fd_sc_hd__clkbuf_16)
                                                         clknet_1_0__leaf_clk_i (net)
                      0.023514    0.000192   25.402433 ^ _498_/A (sky130_fd_sc_hd__and2_2)
     3    0.052614    0.202390    0.198499   25.600931 ^ _498_/X (sky130_fd_sc_hd__and2_2)
                                                         u_ibex.clk (net)
                      0.203536    0.012307   25.613239 ^ clkbuf_0_u_ibex.clk/A (sky130_fd_sc_hd__clkbuf_16)
     9    0.081193    0.077163    0.153010   25.766249 ^ clkbuf_0_u_ibex.clk/X (sky130_fd_sc_hd__clkbuf_16)
                                                         clknet_0_u_ibex.clk (net)
                      0.078286    0.007306   25.773554 ^ clkbuf_2_3__f_u_ibex.clk/A (sky130_fd_sc_hd__clkbuf_16)
    23    0.080609    0.075178    0.128253   25.901808 ^ clkbuf_2_3__f_u_ibex.clk/X (sky130_fd_sc_hd__clkbuf_16)
                                                         clknet_2_3__leaf_u_ibex.clk (net)
                      0.077694    0.010722   25.912529 ^ _570_/CLK (sky130_fd_sc_hd__dfrtp_1)
                                 -0.250000   25.662531   clock uncertainty
                                  0.000043   25.662573   clock reconvergence pessimism
                                 -0.070077   25.592497   library setup time
                                             25.592497   data required time
---------------------------------------------------------------------------------------------
                                             25.592497   data required time
                                             -3.503938   data arrival time
---------------------------------------------------------------------------------------------
                                             22.088558   slack (MET)



