
===========================================================================
report_checks -unconstrained
===========================================================================
======================= max_tt_025C_1v80 Corner ===================================

Startpoint: rst_ni (input port clocked by clk_i)
Endpoint: _09371_ (recovery check against rising-edge clock clk_i)
Path Group: asynchronous
Path Type: max

Fanout         Cap        Slew       Delay        Time   Description
---------------------------------------------------------------------------------------------
                                  0.000000    0.000000   clock clk_i (rise edge)
                                  0.000000    0.000000   clock network delay (propagated)
                                  5.000000    5.000000 ^ input external delay
     2    0.004336    0.026406    0.015739    5.015738 ^ rst_ni (in)
                                                         rst_ni (net)
                      0.026407    0.000000    5.015738 ^ input100/A (sky130_fd_sc_hd__buf_2)
     5    0.081752    0.392949    0.341403    5.357142 ^ input100/X (sky130_fd_sc_hd__buf_2)
                                                         net100 (net)
                      0.393027    0.004666    5.361808 ^ fanout2321/A (sky130_fd_sc_hd__clkbuf_4)
     7    0.091142    0.273061    0.403385    5.765193 ^ fanout2321/X (sky130_fd_sc_hd__clkbuf_4)
                                                         net2321 (net)
                      0.273261    0.004327    5.769519 ^ fanout2320/A (sky130_fd_sc_hd__clkbuf_2)
     7    0.079986    0.429186    0.435854    6.205373 ^ fanout2320/X (sky130_fd_sc_hd__clkbuf_2)
                                                         net2320 (net)
                      0.429293    0.005643    6.211016 ^ fanout2302/A (sky130_fd_sc_hd__clkbuf_2)
     8    0.109231    0.579970    0.562848    6.773864 ^ fanout2302/X (sky130_fd_sc_hd__clkbuf_2)
                                                         net2302 (net)
                      0.579991    0.002980    6.776844 ^ fanout2290/A (sky130_fd_sc_hd__clkbuf_2)
     9    0.116824    0.620015    0.611735    7.388579 ^ fanout2290/X (sky130_fd_sc_hd__clkbuf_2)
                                                         net2290 (net)
                      0.620174    0.008310    7.396889 ^ fanout2289/A (sky130_fd_sc_hd__dlymetal6s2s_1)
     4    0.032848    0.334531    0.387626    7.784514 ^ fanout2289/X (sky130_fd_sc_hd__dlymetal6s2s_1)
                                                         net2289 (net)
                      0.334537    0.001185    7.785699 ^ fanout2286/A (sky130_fd_sc_hd__buf_1)
     3    0.032062    0.375258    0.359419    8.145119 ^ fanout2286/X (sky130_fd_sc_hd__buf_1)
                                                         net2286 (net)
                      0.375267    0.001551    8.146669 ^ fanout2284/A (sky130_fd_sc_hd__clkbuf_2)
     6    0.049887    0.271817    0.343655    8.490324 ^ fanout2284/X (sky130_fd_sc_hd__clkbuf_2)
                                                         net2284 (net)
                      0.272152    0.007834    8.498158 ^ _09371_/RESET_B (sky130_fd_sc_hd__dfrtp_1)
                                              8.498158   data arrival time

                                 25.000000   25.000000   clock clk_i (rise edge)
                                  0.000000   25.000000   clock source latency
     2    0.109509    0.492874    0.350235   25.350235 ^ clk_i (in)
                                                         clk_i (net)
                      0.493815    0.000000   25.350235 ^ clkbuf_0_clk_i/A (sky130_fd_sc_hd__clkbuf_16)
     9    0.315884    0.326261    0.421656   25.771891 ^ clkbuf_0_clk_i/X (sky130_fd_sc_hd__clkbuf_16)
                                                         clknet_0_clk_i (net)
                      0.350106    0.068743   25.840633 ^ clkbuf_2_1_0_clk_i/A (sky130_fd_sc_hd__clkbuf_8)
     9    0.172940    0.300893    0.380989   26.221622 ^ clkbuf_2_1_0_clk_i/X (sky130_fd_sc_hd__clkbuf_8)
                                                         clknet_2_1_0_clk_i (net)
                      0.312397    0.046285   26.267908 ^ clkbuf_4_5__f_clk_i/A (sky130_fd_sc_hd__clkbuf_16)
    19    0.150971    0.164461    0.298256   26.566164 ^ clkbuf_4_5__f_clk_i/X (sky130_fd_sc_hd__clkbuf_16)
                                                         clknet_4_5__leaf_clk_i (net)
                      0.165162    0.008717   26.574881 ^ clkbuf_leaf_140_clk_i/A (sky130_fd_sc_hd__clkbuf_8)
     7    0.027184    0.062734    0.182702   26.757582 ^ clkbuf_leaf_140_clk_i/X (sky130_fd_sc_hd__clkbuf_8)
                                                         clknet_leaf_140_clk_i (net)
                      0.062761    0.001204   26.758785 ^ _09371_/CLK (sky130_fd_sc_hd__dfrtp_1)
                                 -0.250000   26.508787   clock uncertainty
                                  0.000000   26.508787   clock reconvergence pessimism
                                  0.177133   26.685921   library recovery time
                                             26.685921   data required time
---------------------------------------------------------------------------------------------
                                             26.685921   data required time
                                             -8.498158   data arrival time
---------------------------------------------------------------------------------------------
                                             18.187763   slack (MET)


Startpoint: _09866_ (rising edge-triggered flip-flop clocked by clk_i)
Endpoint: _09553_ (rising edge-triggered flip-flop clocked by clk_i)
Path Group: clk_i
Path Type: max

Fanout         Cap        Slew       Delay        Time   Description
---------------------------------------------------------------------------------------------
                                  0.000000    0.000000   clock clk_i (rise edge)
                                  0.000000    0.000000   clock source latency
     2    0.109509    0.492874    0.350236    0.350236 ^ clk_i (in)
                                                         clk_i (net)
                      0.493815    0.000000    0.350236 ^ clkbuf_0_clk_i/A (sky130_fd_sc_hd__clkbuf_16)
     9    0.315884    0.326261    0.421656    0.771892 ^ clkbuf_0_clk_i/X (sky130_fd_sc_hd__clkbuf_16)
                                                         clknet_0_clk_i (net)
                      0.329833    0.027900    0.799792 ^ clkbuf_2_2_0_clk_i/A (sky130_fd_sc_hd__clkbuf_8)
     9    0.103620    0.184652    0.316717    1.116509 ^ clkbuf_2_2_0_clk_i/X (sky130_fd_sc_hd__clkbuf_8)
                                                         clknet_2_2_0_clk_i (net)
                      0.184967    0.005264    1.121773 ^ clkbuf_4_8__f_clk_i/A (sky130_fd_sc_hd__clkbuf_16)
    25    0.144150    0.158089    0.256257    1.378031 ^ clkbuf_4_8__f_clk_i/X (sky130_fd_sc_hd__clkbuf_16)
                                                         clknet_4_8__leaf_clk_i (net)
                      0.159345    0.011325    1.389356 ^ clkbuf_leaf_18_clk_i/A (sky130_fd_sc_hd__clkbuf_8)
     5    0.023958    0.057735    0.176950    1.566306 ^ clkbuf_leaf_18_clk_i/X (sky130_fd_sc_hd__clkbuf_8)
                                                         clknet_leaf_18_clk_i (net)
                      0.057806    0.001717    1.568023 ^ _09866_/CLK (sky130_fd_sc_hd__dfxtp_1)
     1    0.003646    0.047547    0.310120    1.878143 ^ _09866_/Q (sky130_fd_sc_hd__dfxtp_1)
                                                         u_dmi_jtag.i_dmi_cdc.i_cdc_req.i_dst.data_dst_q[36] (net)
                      0.047547    0.000222    1.878365 ^ hold5445/A (sky130_fd_sc_hd__dlygate4sd3_1)
     1    0.002914    0.053862    0.536718    2.415083 ^ hold5445/X (sky130_fd_sc_hd__dlygate4sd3_1)
                                                         net7974 (net)
                      0.053862    0.000181    2.415265 ^ hold2163/A (sky130_fd_sc_hd__dlygate4sd3_1)
     5    0.074647    0.722975    1.020559    3.435823 ^ hold2163/X (sky130_fd_sc_hd__dlygate4sd3_1)
                                                         net4692 (net)
                      0.723024    0.006433    3.442256 ^ fanout1565/A (sky130_fd_sc_hd__clkbuf_4)
    10    0.186595    0.549221    0.637608    4.079865 ^ fanout1565/X (sky130_fd_sc_hd__clkbuf_4)
                                                         net1565 (net)
                      0.553414    0.039018    4.118882 ^ fanout1547/A (sky130_fd_sc_hd__dlymetal6s2s_1)
     7    0.071704    0.690556    0.626391    4.745273 ^ fanout1547/X (sky130_fd_sc_hd__dlymetal6s2s_1)
                                                         net1547 (net)
                      0.690925    0.013266    4.758540 ^ fanout1540/A (sky130_fd_sc_hd__clkbuf_2)
     5    0.031978    0.180311    0.327621    5.086161 ^ fanout1540/X (sky130_fd_sc_hd__clkbuf_2)
                                                         net1540 (net)
                      0.180335    0.002105    5.088265 ^ fanout1538/A (sky130_fd_sc_hd__clkbuf_2)
     6    0.033387    0.184225    0.246021    5.334286 ^ fanout1538/X (sky130_fd_sc_hd__clkbuf_2)
                                                         net1538 (net)
                      0.184350    0.002844    5.337130 ^ _04390_/A (sky130_fd_sc_hd__inv_2)
     5    0.082183    0.193580    0.197698    5.534828 v _04390_/Y (sky130_fd_sc_hd__inv_2)
                                                         _01117_ (net)
                      0.196288    0.018511    5.553339 v fanout1318/A (sky130_fd_sc_hd__clkbuf_2)
     9    0.107722    0.401088    0.442089    5.995428 v fanout1318/X (sky130_fd_sc_hd__clkbuf_2)
                                                         net1318 (net)
                      0.401157    0.004479    5.999907 v fanout1308/A (sky130_fd_sc_hd__buf_2)
    11    0.127867    0.290983    0.468340    6.468247 v fanout1308/X (sky130_fd_sc_hd__buf_2)
                                                         net1308 (net)
                      0.291304    0.008197    6.476444 v fanout1307/A (sky130_fd_sc_hd__clkbuf_2)
    13    0.123587    0.458706    0.520454    6.996899 v fanout1307/X (sky130_fd_sc_hd__clkbuf_2)
                                                         net1307 (net)
                      0.458920    0.006012    7.002911 v fanout1306/A (sky130_fd_sc_hd__clkbuf_2)
     6    0.043924    0.169795    0.356934    7.359845 v fanout1306/X (sky130_fd_sc_hd__clkbuf_2)
                                                         net1306 (net)
                      0.170090    0.006218    7.366062 v fanout1305/A (sky130_fd_sc_hd__clkbuf_2)
     6    0.029405    0.115601    0.227256    7.593318 v fanout1305/X (sky130_fd_sc_hd__clkbuf_2)
                                                         net1305 (net)
                      0.115617    0.001389    7.594707 v _04452_/B (sky130_fd_sc_hd__nor2_2)
     5    0.146725    1.525618    1.148966    8.743673 ^ _04452_/Y (sky130_fd_sc_hd__nor2_2)
                                                         _01176_ (net)
                      1.525653    0.006345    8.750019 ^ fanout1017/A (sky130_fd_sc_hd__buf_2)
    14    0.190140    0.907532    0.877133    9.627151 ^ fanout1017/X (sky130_fd_sc_hd__buf_2)
                                                         net1017 (net)
                      0.912407    0.054309    9.681460 ^ _04454_/C (sky130_fd_sc_hd__and3_1)
     1    0.013464    0.157981    0.335474   10.016934 ^ _04454_/X (sky130_fd_sc_hd__and3_1)
                                                         _01178_ (net)
                      0.157995    0.001593   10.018528 ^ fanout746/A (sky130_fd_sc_hd__clkbuf_4)
     9    0.180785    0.532672    0.502419   10.520947 ^ fanout746/X (sky130_fd_sc_hd__clkbuf_4)
                                                         net746 (net)
                      0.534029    0.022256   10.543203 ^ fanout744/A (sky130_fd_sc_hd__clkbuf_2)
     9    0.113273    0.605366    0.581485   11.124688 ^ fanout744/X (sky130_fd_sc_hd__clkbuf_2)
                                                         net744 (net)
                      0.605422    0.004955   11.129643 ^ fanout743/A (sky130_fd_sc_hd__clkbuf_2)
     5    0.034086    0.189592    0.325136   11.454780 ^ fanout743/X (sky130_fd_sc_hd__clkbuf_2)
                                                         net743 (net)
                      0.189604    0.001738   11.456518 ^ fanout742/A (sky130_fd_sc_hd__buf_1)
     3    0.018865    0.226173    0.238753   11.695271 ^ fanout742/X (sky130_fd_sc_hd__buf_1)
                                                         net742 (net)
                      0.226190    0.001630   11.696900 ^ fanout741/A (sky130_fd_sc_hd__clkbuf_2)
     6    0.034934    0.192761    0.264104   11.961005 ^ fanout741/X (sky130_fd_sc_hd__clkbuf_2)
                                                         net741 (net)
                      0.192768    0.001455   11.962460 ^ fanout740/A (sky130_fd_sc_hd__clkbuf_2)
     6    0.035547    0.195866    0.257617   12.220077 ^ fanout740/X (sky130_fd_sc_hd__clkbuf_2)
                                                         net740 (net)
                      0.195869    0.001094   12.221171 ^ _05384_/A1 (sky130_fd_sc_hd__o21ai_1)
     3    0.010147    0.107731    0.146048   12.367219 v _05384_/Y (sky130_fd_sc_hd__o21ai_1)
                                                         _01967_ (net)
                      0.107731    0.000478   12.367697 v _06757_/B1 (sky130_fd_sc_hd__o31a_1)
     3    0.016959    0.108044    0.183354   12.551050 v _06757_/X (sky130_fd_sc_hd__o31a_1)
                                                         _02976_ (net)
                      0.108053    0.001032   12.552082 v _07662_/B1 (sky130_fd_sc_hd__o2111ai_4)
     6    0.078142    0.601053    0.293515   12.845597 ^ _07662_/Y (sky130_fd_sc_hd__o2111ai_4)
                                                         _03666_ (net)
                      0.601099    0.004240   12.849837 ^ fanout312/A (sky130_fd_sc_hd__clkbuf_2)
     9    0.106029    0.566929    0.569433   13.419271 ^ fanout312/X (sky130_fd_sc_hd__clkbuf_2)
                                                         net312 (net)
                      0.567193    0.010258   13.429528 ^ fanout311/A (sky130_fd_sc_hd__dlymetal6s2s_1)
     7    0.107681    1.026014    0.864581   14.294109 ^ fanout311/X (sky130_fd_sc_hd__dlymetal6s2s_1)
                                                         net311 (net)
                      1.026074    0.006614   14.300724 ^ fanout310/A (sky130_fd_sc_hd__dlymetal6s2s_1)
     9    0.082961    0.794831    0.725003   15.025727 ^ fanout310/X (sky130_fd_sc_hd__dlymetal6s2s_1)
                                                         net310 (net)
                      0.794928    0.007415   15.033141 ^ fanout307/A (sky130_fd_sc_hd__clkbuf_2)
     6    0.031787    0.180052    0.335689   15.368830 ^ fanout307/X (sky130_fd_sc_hd__clkbuf_2)
                                                         net307 (net)
                      0.180056    0.001156   15.369987 ^ fanout306/A (sky130_fd_sc_hd__clkbuf_2)
     6    0.039828    0.217716    0.268757   15.638744 ^ fanout306/X (sky130_fd_sc_hd__clkbuf_2)
                                                         net306 (net)
                      0.217814    0.003830   15.642574 ^ _07866_/S (sky130_fd_sc_hd__mux2_1)
     1    0.003208    0.057699    0.347274   15.989848 v _07866_/X (sky130_fd_sc_hd__mux2_1)
                                                         _00658_ (net)
                      0.057699    0.000183   15.990031 v hold4626/A (sky130_fd_sc_hd__dlygate4sd3_1)
     1    0.001848    0.048216    0.544759   16.534790 v hold4626/X (sky130_fd_sc_hd__dlygate4sd3_1)
                                                         net7155 (net)
                      0.048216    0.000083   16.534874 v hold1115/A (sky130_fd_sc_hd__dlygate4sd3_1)
     1    0.003168    0.055338    0.552740   17.087614 v hold1115/X (sky130_fd_sc_hd__dlygate4sd3_1)
                                                         net3644 (net)
                      0.055338    0.000183   17.087797 v hold4627/A (sky130_fd_sc_hd__dlygate4sd3_1)
     1    0.003685    0.057768    0.559556   17.647352 v hold4627/X (sky130_fd_sc_hd__dlygate4sd3_1)
                                                         net7156 (net)
                      0.057768    0.000270   17.647623 v _09553_/D (sky130_fd_sc_hd__dfrtp_1)
                                             17.647623   data arrival time

                                 25.000000   25.000000   clock clk_i (rise edge)
                                  0.000000   25.000000   clock source latency
     2    0.109509    0.492874    0.350235   25.350235 ^ clk_i (in)
                                                         clk_i (net)
                      0.493815    0.000000   25.350235 ^ clkbuf_0_clk_i/A (sky130_fd_sc_hd__clkbuf_16)
     9    0.315884    0.326261    0.421656   25.771891 ^ clkbuf_0_clk_i/X (sky130_fd_sc_hd__clkbuf_16)
                                                         clknet_0_clk_i (net)
                      0.329833    0.027901   25.799791 ^ clkbuf_2_2_0_clk_i/A (sky130_fd_sc_hd__clkbuf_8)
     9    0.103620    0.184652    0.316717   26.116508 ^ clkbuf_2_2_0_clk_i/X (sky130_fd_sc_hd__clkbuf_8)
                                                         clknet_2_2_0_clk_i (net)
                      0.185382    0.008786   26.125294 ^ clkbuf_4_9__f_clk_i/A (sky130_fd_sc_hd__clkbuf_16)
    27    0.187728    0.198993    0.287326   26.412621 ^ clkbuf_4_9__f_clk_i/X (sky130_fd_sc_hd__clkbuf_16)
                                                         clknet_4_9__leaf_clk_i (net)
                      0.199996    0.011463   26.424084 ^ clkbuf_leaf_46_clk_i/A (sky130_fd_sc_hd__clkbuf_8)
     6    0.031591    0.070046    0.198789   26.622871 ^ clkbuf_leaf_46_clk_i/X (sky130_fd_sc_hd__clkbuf_8)
                                                         clknet_leaf_46_clk_i (net)
                      0.070114    0.001931   26.624804 ^ _09553_/CLK (sky130_fd_sc_hd__dfrtp_1)
                                 -0.250000   26.374804   clock uncertainty
                                  0.000000   26.374804   clock reconvergence pessimism
                                 -0.114089   26.260714   library setup time
                                             26.260714   data required time
---------------------------------------------------------------------------------------------
                                             26.260714   data required time
                                            -17.647623   data arrival time
---------------------------------------------------------------------------------------------
                                              8.613091   slack (MET)




===========================================================================
report_checks --slack_max -0.01
============================================================================
======================= max_tt_025C_1v80 Corner ===================================

No paths found.


===========================================================================
 report_check_types -max_slew -max_cap -max_fanout -violators
============================================================================
======================= max_tt_025C_1v80 Corner ===================================

max slew

Pin                                        Limit        Slew       Slack
------------------------------------------------------------------------
ANTENNA__05449__B/DIODE                 1.000000    2.391851   -1.391851 (VIOLATED)
_05449_/B                               1.000000    2.391788   -1.391788 (VIOLATED)
_05616_/A                               1.000000    2.391779   -1.391780 (VIOLATED)
ANTENNA__05616__A/DIODE                 1.000000    2.391742   -1.391742 (VIOLATED)
ANTENNA_fanout1782_A/DIODE              1.000000    2.391512   -1.391512 (VIOLATED)
fanout1782/A                            1.000000    2.391512   -1.391512 (VIOLATED)
ANTENNA_fanout1781_A/DIODE              1.000000    2.391493   -1.391493 (VIOLATED)
fanout1781/A                            1.000000    2.391484   -1.391484 (VIOLATED)
ANTENNA_hold1607_X/DIODE                1.000000    2.391473   -1.391473 (VIOLATED)
hold1607/X                              1.000000    2.391376   -1.391376 (VIOLATED)
ANTENNA__06167__B1/DIODE                1.000000    2.094884   -1.094884 (VIOLATED)
_06167_/B1                              1.000000    2.094868   -1.094868 (VIOLATED)
ANTENNA__06005__A1/DIODE                1.000000    2.094859   -1.094859 (VIOLATED)
ANTENNA__04503__B1/DIODE                1.000000    2.094765   -1.094765 (VIOLATED)
ANTENNA__05342__C1/DIODE                1.000000    2.094542   -1.094541 (VIOLATED)
ANTENNA__05341__C/DIODE                 1.000000    2.094491   -1.094490 (VIOLATED)
ANTENNA__06879__A1/DIODE                1.000000    2.094288   -1.094288 (VIOLATED)
ANTENNA_hold1941_X/DIODE                1.000000    2.094235   -1.094235 (VIOLATED)
_06879_/A1                              1.000000    2.093991   -1.093991 (VIOLATED)
_04503_/B1                              1.000000    2.093949   -1.093949 (VIOLATED)
_06005_/A1                              1.000000    2.093950   -1.093950 (VIOLATED)
_05342_/C1                              1.000000    2.093940   -1.093940 (VIOLATED)
_05341_/C                               1.000000    2.093934   -1.093934 (VIOLATED)
hold1941/X                              1.000000    2.093875   -1.093875 (VIOLATED)
ANTENNA_fanout1779_A/DIODE              1.000000    1.992461   -0.992461 (VIOLATED)
ANTENNA_81/DIODE                        1.000000    1.992407   -0.992407 (VIOLATED)
fanout1779/A                            1.000000    1.992373   -0.992373 (VIOLATED)
ANTENNA__08620__A0/DIODE                1.000000    1.991848   -0.991848 (VIOLATED)
_08620_/A0                              1.000000    1.991803   -0.991803 (VIOLATED)
ANTENNA__07591__B1/DIODE                1.000000    1.991782   -0.991782 (VIOLATED)
ANTENNA__06800__B1/DIODE                1.000000    1.991780   -0.991780 (VIOLATED)
_07591_/B1                              1.000000    1.991776   -0.991776 (VIOLATED)
_06800_/B1                              1.000000    1.991775   -0.991775 (VIOLATED)
ANTENNA_hold1652_X/DIODE                1.000000    1.991760   -0.991760 (VIOLATED)
hold1652/X                              1.000000    1.991728   -0.991728 (VIOLATED)
ANTENNA__05114__B/DIODE                 1.000000    1.990218   -0.990218 (VIOLATED)
ANTENNA_hold1968_X/DIODE                1.000000    1.990178   -0.990178 (VIOLATED)
ANTENNA__05118__B/DIODE                 1.000000    1.989905   -0.989905 (VIOLATED)
ANTENNA__05341__D/DIODE                 1.000000    1.989672   -0.989672 (VIOLATED)
ANTENNA__07129__B/DIODE                 1.000000    1.989502   -0.989502 (VIOLATED)
ANTENNA__05713__A2/DIODE                1.000000    1.989492   -0.989492 (VIOLATED)
_07129_/B                               1.000000    1.989397   -0.989397 (VIOLATED)
_05341_/D                               1.000000    1.989270   -0.989270 (VIOLATED)
_05114_/B                               1.000000    1.989245   -0.989245 (VIOLATED)
_05713_/A2                              1.000000    1.989076   -0.989076 (VIOLATED)
_05118_/B                               1.000000    1.989073   -0.989073 (VIOLATED)
hold1968/X                              1.000000    1.989019   -0.989019 (VIOLATED)
_05619_/A                               1.000000    1.949763   -0.949763 (VIOLATED)
ANTENNA__06665__B/DIODE                 1.000000    1.949760   -0.949760 (VIOLATED)
ANTENNA__05619__A/DIODE                 1.000000    1.949753   -0.949753 (VIOLATED)
_06665_/B                               1.000000    1.949737   -0.949737 (VIOLATED)
ANTENNA__05479__A1/DIODE                1.000000    1.949622   -0.949622 (VIOLATED)
_05479_/A1                              1.000000    1.949580   -0.949580 (VIOLATED)
ANTENNA__08068__B/DIODE                 1.000000    1.949174   -0.949174 (VIOLATED)
ANTENNA_hold1890_X/DIODE                1.000000    1.949141   -0.949141 (VIOLATED)
ANTENNA__08261__A2/DIODE                1.000000    1.949090   -0.949090 (VIOLATED)
ANTENNA_119/DIODE                       1.000000    1.948565   -0.948565 (VIOLATED)
_08068_/B                               1.000000    1.948556   -0.948556 (VIOLATED)
_08261_/A2                              1.000000    1.948345   -0.948345 (VIOLATED)
ANTENNA_fanout1773_A/DIODE              1.000000    1.948281   -0.948281 (VIOLATED)
fanout1773/A                            1.000000    1.948276   -0.948276 (VIOLATED)
hold1890/X                              1.000000    1.948141   -0.948141 (VIOLATED)
_05487_/B                               1.000000    1.897247   -0.897247 (VIOLATED)
ANTENNA__05487__B/DIODE                 1.000000    1.897230   -0.897230 (VIOLATED)
ANTENNA_fanout1771_A/DIODE              1.000000    1.896301   -0.896301 (VIOLATED)
fanout1771/A                            1.000000    1.896301   -0.896301 (VIOLATED)
ANTENNA_hold2123_X/DIODE                1.000000    1.895873   -0.895873 (VIOLATED)
hold2123/X                              1.000000    1.895825   -0.895825 (VIOLATED)
ANTENNA__05557__B/DIODE                 1.000000    1.873472   -0.873472 (VIOLATED)
_05557_/B                               1.000000    1.873452   -0.873452 (VIOLATED)
ANTENNA__05634__A/DIODE                 1.000000    1.873407   -0.873407 (VIOLATED)
ANTENNA__06722__B/DIODE                 1.000000    1.873407   -0.873407 (VIOLATED)
_06722_/B                               1.000000    1.873385   -0.873385 (VIOLATED)
_05634_/A                               1.000000    1.873380   -0.873380 (VIOLATED)
ANTENNA__05648__A_N/DIODE               1.000000    1.873333   -0.873333 (VIOLATED)
ANTENNA_79/DIODE                        1.000000    1.873290   -0.873290 (VIOLATED)
_05648_/A_N                             1.000000    1.873290   -0.873290 (VIOLATED)
ANTENNA_fanout1728_A/DIODE              1.000000    1.873254   -0.873254 (VIOLATED)
ANTENNA_fanout1727_A/DIODE              1.000000    1.873253   -0.873253 (VIOLATED)
fanout1728/A                            1.000000    1.873253   -0.873253 (VIOLATED)
fanout1727/A                            1.000000    1.873238   -0.873238 (VIOLATED)
ANTENNA_hold1566_X/DIODE                1.000000    1.873207   -0.873207 (VIOLATED)
hold1566/X                              1.000000    1.873147   -0.873147 (VIOLATED)
ANTENNA__08398__A2/DIODE                1.000000    1.871872   -0.871872 (VIOLATED)
ANTENNA__07823__A2/DIODE                1.000000    1.871829   -0.871829 (VIOLATED)
ANTENNA__07919__A1/DIODE                1.000000    1.871768   -0.871768 (VIOLATED)
_07919_/A1                              1.000000    1.871407   -0.871407 (VIOLATED)
_07823_/A2                              1.000000    1.871139   -0.871139 (VIOLATED)
ANTENNA__06487__A2/DIODE                1.000000    1.870968   -0.870968 (VIOLATED)
_08398_/A2                              1.000000    1.870900   -0.870900 (VIOLATED)
_06487_/A2                              1.000000    1.870884   -0.870884 (VIOLATED)
ANTENNA__08636__A0/DIODE                1.000000    1.870658   -0.870658 (VIOLATED)
ANTENNA_hold1945_X/DIODE                1.000000    1.870555   -0.870555 (VIOLATED)
_08636_/A0                              1.000000    1.870530   -0.870530 (VIOLATED)
hold1945/X                              1.000000    1.870476   -0.870476 (VIOLATED)
ANTENNA__05470__B/DIODE                 1.000000    1.812200   -0.812200 (VIOLATED)
_05470_/B                               1.000000    1.812030   -0.812030 (VIOLATED)
ANTENNA_153/DIODE                       1.000000    1.811976   -0.811976 (VIOLATED)
ANTENNA__05618__A/DIODE                 1.000000    1.811809   -0.811809 (VIOLATED)
ANTENNA_155/DIODE                       1.000000    1.811800   -0.811800 (VIOLATED)
_05618_/A                               1.000000    1.811800   -0.811800 (VIOLATED)
ANTENNA_154/DIODE                       1.000000    1.811798   -0.811798 (VIOLATED)
ANTENNA_fanout1776_A/DIODE              1.000000    1.810317   -0.810317 (VIOLATED)
fanout1776/A                            1.000000    1.810317   -0.810317 (VIOLATED)
ANTENNA_hold1625_X/DIODE                1.000000    1.810211   -0.810211 (VIOLATED)
hold1625/X                              1.000000    1.810122   -0.810122 (VIOLATED)
ANTENNA_wire1190_A/DIODE                1.000000    1.786602   -0.786602 (VIOLATED)
ANTENNA__04490__Y/DIODE                 1.000000    1.786596   -0.786596 (VIOLATED)
ANTENNA_1/DIODE                         1.000000    1.786526   -0.786526 (VIOLATED)
wire1190/A                              1.000000    1.786525   -0.786525 (VIOLATED)
_04490_/Y                               1.000000    1.786428   -0.786428 (VIOLATED)
ANTENNA_fanout1755_A/DIODE              1.000000    1.739901   -0.739901 (VIOLATED)
ANTENNA_85/DIODE                        1.000000    1.739893   -0.739893 (VIOLATED)
fanout1755/A                            1.000000    1.739894   -0.739894 (VIOLATED)
ANTENNA__06834__B1/DIODE                1.000000    1.739420   -0.739420 (VIOLATED)
ANTENNA__06867__A1/DIODE                1.000000    1.739414   -0.739414 (VIOLATED)
_06834_/B1                              1.000000    1.739394   -0.739394 (VIOLATED)
_06867_/A1                              1.000000    1.739390   -0.739390 (VIOLATED)
_08628_/A0                              1.000000    1.739338   -0.739338 (VIOLATED)
ANTENNA__08628__A0/DIODE                1.000000    1.739336   -0.739336 (VIOLATED)
ANTENNA_hold1720_X/DIODE                1.000000    1.739268   -0.739268 (VIOLATED)
hold1720/X                              1.000000    1.739252   -0.739252 (VIOLATED)
ANTENNA__07726__B/DIODE                 1.000000    1.733941   -0.733941 (VIOLATED)
ANTENNA__08302__A2/DIODE                1.000000    1.733934   -0.733934 (VIOLATED)
_07726_/B                               1.000000    1.733868   -0.733868 (VIOLATED)
_05633_/A                               1.000000    1.733647   -0.733647 (VIOLATED)
ANTENNA__06719__B/DIODE                 1.000000    1.733643   -0.733643 (VIOLATED)
ANTENNA__05633__A/DIODE                 1.000000    1.733638   -0.733638 (VIOLATED)
ANTENNA_118/DIODE                       1.000000    1.733612   -0.733612 (VIOLATED)
_06719_/B                               1.000000    1.733610   -0.733609 (VIOLATED)
_08302_/A2                              1.000000    1.733599   -0.733599 (VIOLATED)
_08109_/B                               1.000000    1.733470   -0.733470 (VIOLATED)
ANTENNA__05551__B/DIODE                 1.000000    1.733448   -0.733448 (VIOLATED)
ANTENNA__08109__B/DIODE                 1.000000    1.733423   -0.733423 (VIOLATED)
_05551_/B                               1.000000    1.733355   -0.733355 (VIOLATED)
ANTENNA_hold1886_X/DIODE                1.000000    1.733324   -0.733324 (VIOLATED)
hold1886/X                              1.000000    1.732868   -0.732868 (VIOLATED)
ANTENNA_fanout1613_A/DIODE              1.000000    1.729957   -0.729957 (VIOLATED)
fanout1613/A                            1.000000    1.729882   -0.729882 (VIOLATED)
ANTENNA_fanout1628_A/DIODE              1.000000    1.729735   -0.729735 (VIOLATED)
fanout1628/A                            1.000000    1.729724   -0.729724 (VIOLATED)
ANTENNA_fanout1574_A/DIODE              1.000000    1.729623   -0.729623 (VIOLATED)
fanout1574/A                            1.000000    1.729622   -0.729622 (VIOLATED)
ANTENNA_fanout1590_A/DIODE              1.000000    1.729550   -0.729550 (VIOLATED)
fanout1590/A                            1.000000    1.729551   -0.729551 (VIOLATED)
ANTENNA_hold2102_X/DIODE                1.000000    1.729541   -0.729541 (VIOLATED)
hold2102/X                              1.000000    1.729527   -0.729527 (VIOLATED)
ANTENNA__08083__B/DIODE                 1.000000    1.685120   -0.685120 (VIOLATED)
ANTENNA__08372__A2/DIODE                1.000000    1.685117   -0.685117 (VIOLATED)
_08372_/A2                              1.000000    1.685115   -0.685115 (VIOLATED)
_08083_/B                               1.000000    1.685091   -0.685091 (VIOLATED)
ANTENNA_fanout1757_A/DIODE              1.000000    1.685031   -0.685031 (VIOLATED)
fanout1757/A                            1.000000    1.685023   -0.685023 (VIOLATED)
ANTENNA_hold2071_X/DIODE                1.000000    1.684985   -0.684985 (VIOLATED)
ANTENNA_fanout1758_A/DIODE              1.000000    1.684968   -0.684968 (VIOLATED)
fanout1758/A                            1.000000    1.684968   -0.684968 (VIOLATED)
hold2071/X                              1.000000    1.684910   -0.684910 (VIOLATED)
ANTENNA__06151__A1/DIODE                1.000000    1.669073   -0.669073 (VIOLATED)
ANTENNA_hold2155_X/DIODE                1.000000    1.668990   -0.668990 (VIOLATED)
ANTENNA__06600__C1/DIODE                1.000000    1.668932   -0.668932 (VIOLATED)
ANTENNA__05363__A/DIODE                 1.000000    1.668797   -0.668797 (VIOLATED)
ANTENNA__05372__B1/DIODE                1.000000    1.668698   -0.668698 (VIOLATED)
ANTENNA__05346__A/DIODE                 1.000000    1.668460   -0.668460 (VIOLATED)
ANTENNA__04395__A/DIODE                 1.000000    1.668437   -0.668437 (VIOLATED)
_05346_/A                               1.000000    1.667448   -0.667448 (VIOLATED)
_04395_/A                               1.000000    1.667228   -0.667228 (VIOLATED)
_05372_/B1                              1.000000    1.666995   -0.666995 (VIOLATED)
_05363_/A                               1.000000    1.666921   -0.666921 (VIOLATED)
_06151_/A1                              1.000000    1.666745   -0.666745 (VIOLATED)
_06600_/C1                              1.000000    1.666688   -0.666688 (VIOLATED)
hold2155/X                              1.000000    1.666669   -0.666669 (VIOLATED)
ANTENNA__06822__A2/DIODE                1.000000    1.640693   -0.640693 (VIOLATED)
ANTENNA__06855__A1/DIODE                1.000000    1.640693   -0.640693 (VIOLATED)
_06822_/A2                              1.000000    1.640668   -0.640668 (VIOLATED)
ANTENNA_fanout1765_A/DIODE              1.000000    1.640666   -0.640666 (VIOLATED)
ANTENNA_87/DIODE                        1.000000    1.640650   -0.640650 (VIOLATED)
_06855_/A1                              1.000000    1.640647   -0.640647 (VIOLATED)
fanout1765/A                            1.000000    1.640616   -0.640616 (VIOLATED)
ANTENNA__08625__A0/DIODE                1.000000    1.640210   -0.640210 (VIOLATED)
ANTENNA_hold1744_X/DIODE                1.000000    1.640210   -0.640210 (VIOLATED)
_08625_/A0                              1.000000    1.640210   -0.640210 (VIOLATED)
hold1744/X                              1.000000    1.640172   -0.640172 (VIOLATED)
ANTENNA__07796__A2/DIODE                1.000000    1.600013   -0.600013 (VIOLATED)
_07796_/A2                              1.000000    1.599952   -0.599952 (VIOLATED)
ANTENNA__06685__B/DIODE                 1.000000    1.599596   -0.599596 (VIOLATED)
_05506_/B                               1.000000    1.599511   -0.599511 (VIOLATED)
ANTENNA__05506__B/DIODE                 1.000000    1.599230   -0.599230 (VIOLATED)
ANTENNA__06689__A1/DIODE                1.000000    1.598574   -0.598574 (VIOLATED)
_06685_/B                               1.000000    1.598436   -0.598436 (VIOLATED)
_06689_/A1                              1.000000    1.598383   -0.598383 (VIOLATED)
ANTENNA__05624__A/DIODE                 1.000000    1.598217   -0.598217 (VIOLATED)
_05624_/A                               1.000000    1.598132   -0.598132 (VIOLATED)
ANTENNA_hold2072_X/DIODE                1.000000    1.598041   -0.598041 (VIOLATED)
ANTENNA__07645__A/DIODE                 1.000000    1.597903   -0.597903 (VIOLATED)
_07645_/A                               1.000000    1.597837   -0.597837 (VIOLATED)
hold2072/X                              1.000000    1.597820   -0.597820 (VIOLATED)
ANTENNA__06177__B1/DIODE                1.000000    1.569260   -0.569260 (VIOLATED)
ANTENNA__05931__B1/DIODE                1.000000    1.569244   -0.569244 (VIOLATED)
ANTENNA__04454__A/DIODE                 1.000000    1.569153   -0.569153 (VIOLATED)
_04454_/A                               1.000000    1.569151   -0.569151 (VIOLATED)
ANTENNA__05914__B1/DIODE                1.000000    1.569149   -0.569149 (VIOLATED)
_05914_/B1                              1.000000    1.569144   -0.569144 (VIOLATED)
_06177_/B1                              1.000000    1.569102   -0.569102 (VIOLATED)
_05931_/B1                              1.000000    1.569099   -0.569099 (VIOLATED)
ANTENNA__05727__A1/DIODE                1.000000    1.568701   -0.568701 (VIOLATED)
_05727_/A1                              1.000000    1.568686   -0.568686 (VIOLATED)
ANTENNA__04420__B/DIODE                 1.000000    1.568614   -0.568614 (VIOLATED)
ANTENNA__04419__Y/DIODE                 1.000000    1.568613   -0.568613 (VIOLATED)
_04420_/B                               1.000000    1.568608   -0.568608 (VIOLATED)
_04419_/Y                               1.000000    1.568595   -0.568595 (VIOLATED)
ANTENNA_fanout1018_A/DIODE              1.000000    1.526104   -0.526104 (VIOLATED)
fanout1018/A                            1.000000    1.526031   -0.526031 (VIOLATED)
ANTENNA__04452__Y/DIODE                 1.000000    1.525664   -0.525664 (VIOLATED)
ANTENNA_fanout1017_A/DIODE              1.000000    1.525664   -0.525664 (VIOLATED)
fanout1017/A                            1.000000    1.525653   -0.525653 (VIOLATED)
_04452_/Y                               1.000000    1.525618   -0.525618 (VIOLATED)
ANTENNA__05536__B/DIODE                 1.000000    1.485982   -0.485982 (VIOLATED)
ANTENNA__06707__B/DIODE                 1.000000    1.485952   -0.485952 (VIOLATED)
_05536_/B                               1.000000    1.485879   -0.485879 (VIOLATED)
_06707_/B                               1.000000    1.485871   -0.485871 (VIOLATED)
ANTENNA__05629__A/DIODE                 1.000000    1.485722   -0.485722 (VIOLATED)
ANTENNA_80/DIODE                        1.000000    1.485499   -0.485499 (VIOLATED)
_05629_/A                               1.000000    1.485499   -0.485499 (VIOLATED)
fanout1742/A                            1.000000    1.485310   -0.485310 (VIOLATED)
ANTENNA_fanout1742_A/DIODE              1.000000    1.485309   -0.485309 (VIOLATED)
ANTENNA_hold1604_X/DIODE                1.000000    1.485299   -0.485299 (VIOLATED)
hold1604/X                              1.000000    1.485221   -0.485221 (VIOLATED)
ANTENNA__06642__B/DIODE                 1.000000    1.474408   -0.474408 (VIOLATED)
_06642_/B                               1.000000    1.474406   -0.474406 (VIOLATED)
ANTENNA__05615__A/DIODE                 1.000000    1.474396   -0.474396 (VIOLATED)
_05615_/A                               1.000000    1.474374   -0.474374 (VIOLATED)
ANTENNA__05440__B/DIODE                 1.000000    1.474350   -0.474350 (VIOLATED)
_05440_/B                               1.000000    1.474314   -0.474314 (VIOLATED)
fanout1785/A                            1.000000    1.474024   -0.474024 (VIOLATED)
ANTENNA_fanout1785_A/DIODE              1.000000    1.474023   -0.474023 (VIOLATED)
ANTENNA_fanout1784_A/DIODE              1.000000    1.473981   -0.473981 (VIOLATED)
fanout1784/A                            1.000000    1.473955   -0.473955 (VIOLATED)
ANTENNA_hold1598_X/DIODE                1.000000    1.473873   -0.473873 (VIOLATED)
hold1598/X                              1.000000    1.473831   -0.473831 (VIOLATED)
ANTENNA__07125__C/DIODE                 1.000000    1.469959   -0.469960 (VIOLATED)
ANTENNA__07126__D_N/DIODE               1.000000    1.469958   -0.469958 (VIOLATED)
ANTENNA__05361__D/DIODE                 1.000000    1.469925   -0.469925 (VIOLATED)
_07126_/D_N                             1.000000    1.469880   -0.469880 (VIOLATED)
_07125_/C                               1.000000    1.469845   -0.469845 (VIOLATED)
_05361_/D                               1.000000    1.469754   -0.469754 (VIOLATED)
ANTENNA__05360__Y/DIODE                 1.000000    1.468795   -0.468795 (VIOLATED)
_05360_/Y                               1.000000    1.468788   -0.468788 (VIOLATED)
ANTENNA_fanout1715_A/DIODE              1.000000    1.443211   -0.443211 (VIOLATED)
fanout1715/A                            1.000000    1.443193   -0.443193 (VIOLATED)
ANTENNA__05584__A1/DIODE                1.000000    1.443091   -0.443091 (VIOLATED)
_05584_/A1                              1.000000    1.443092   -0.443092 (VIOLATED)
ANTENNA__08641__A0/DIODE                1.000000    1.443055   -0.443055 (VIOLATED)
_08641_/A0                              1.000000    1.443045   -0.443045 (VIOLATED)
ANTENNA_hold1647_X/DIODE                1.000000    1.443037   -0.443037 (VIOLATED)
hold1647/X                              1.000000    1.443018   -0.443018 (VIOLATED)
ANTENNA__05762__A1/DIODE                1.000000    1.385769   -0.385769 (VIOLATED)
_05762_/A1                              1.000000    1.385643   -0.385643 (VIOLATED)
_06431_/A1                              1.000000    1.385601   -0.385601 (VIOLATED)
ANTENNA__06431__A1/DIODE                1.000000    1.385601   -0.385601 (VIOLATED)
_05581_/B1                              1.000000    1.385582   -0.385582 (VIOLATED)
hold5565/A                              1.000000    1.385568   -0.385568 (VIOLATED)
ANTENNA__05586__A/DIODE                 1.000000    1.385567   -0.385567 (VIOLATED)
ANTENNA_hold1660_X/DIODE                1.000000    1.385566   -0.385566 (VIOLATED)
ANTENNA__05581__B1/DIODE                1.000000    1.385561   -0.385561 (VIOLATED)
ANTENNA_hold5565_A/DIODE                1.000000    1.385557   -0.385557 (VIOLATED)
_05586_/A                               1.000000    1.385550   -0.385550 (VIOLATED)
hold1660/X                              1.000000    1.385536   -0.385536 (VIOLATED)
ANTENNA__07135__A/DIODE                 1.000000    1.383704   -0.383704 (VIOLATED)
_07135_/A                               1.000000    1.383696   -0.383696 (VIOLATED)
ANTENNA__05345__A1_N/DIODE              1.000000    1.383692   -0.383692 (VIOLATED)
ANTENNA__05343__B1/DIODE                1.000000    1.383632   -0.383632 (VIOLATED)
ANTENNA__05358__C_N/DIODE               1.000000    1.383620   -0.383620 (VIOLATED)
ANTENNA_hold2265_X/DIODE                1.000000    1.383615   -0.383615 (VIOLATED)
_05345_/A1_N                            1.000000    1.383254   -0.383254 (VIOLATED)
_05343_/B1                              1.000000    1.383249   -0.383249 (VIOLATED)
_05358_/C_N                             1.000000    1.383248   -0.383248 (VIOLATED)
hold2265/X                              1.000000    1.383235   -0.383235 (VIOLATED)
fanout1698/A                            1.000000    1.379312   -0.379312 (VIOLATED)
ANTENNA_fanout1698_A/DIODE              1.000000    1.379310   -0.379310 (VIOLATED)
ANTENNA__06596__A1/DIODE                1.000000    1.379282   -0.379282 (VIOLATED)
ANTENNA__06563__A0/DIODE                1.000000    1.379280   -0.379280 (VIOLATED)
_06563_/A0                              1.000000    1.379240   -0.379240 (VIOLATED)
_06596_/A1                              1.000000    1.379205   -0.379205 (VIOLATED)
ANTENNA_hold1628_X/DIODE                1.000000    1.379091   -0.379091 (VIOLATED)
ANTENNA__08646__A0/DIODE                1.000000    1.379072   -0.379072 (VIOLATED)
_08646_/A0                              1.000000    1.379073   -0.379073 (VIOLATED)
hold1628/X                              1.000000    1.379061   -0.379061 (VIOLATED)
_08182_/B1                              1.000000    1.366886   -0.366886 (VIOLATED)
ANTENNA_fanout353_A/DIODE               1.000000    1.366885   -0.366885 (VIOLATED)
ANTENNA_fanout370_A/DIODE               1.000000    1.366885   -0.366885 (VIOLATED)
ANTENNA_fanout371_X/DIODE               1.000000    1.366882   -0.366882 (VIOLATED)
ANTENNA__08182__B1/DIODE                1.000000    1.366862   -0.366862 (VIOLATED)
fanout370/A                             1.000000    1.366319   -0.366319 (VIOLATED)
fanout353/A                             1.000000    1.366316   -0.366316 (VIOLATED)
fanout371/X                             1.000000    1.366251   -0.366251 (VIOLATED)
ANTENNA__07129__A_N/DIODE               1.000000    1.356543   -0.356543 (VIOLATED)
_07129_/A_N                             1.000000    1.356470   -0.356470 (VIOLATED)
_07575_/B1                              1.000000    1.356377   -0.356377 (VIOLATED)
_06782_/A2                              1.000000    1.356349   -0.356349 (VIOLATED)
ANTENNA__06782__A2/DIODE                1.000000    1.356283   -0.356283 (VIOLATED)
ANTENNA__07575__B1/DIODE                1.000000    1.356159   -0.356159 (VIOLATED)
ANTENNA_hold5394_A/DIODE                1.000000    1.356096   -0.356096 (VIOLATED)
hold5394/A                              1.000000    1.356094   -0.356093 (VIOLATED)
ANTENNA_hold1649_X/DIODE                1.000000    1.356042   -0.356042 (VIOLATED)
hold1649/X                              1.000000    1.355943   -0.355943 (VIOLATED)
ANTENNA__04502__A2/DIODE                1.000000    1.332336   -0.332336 (VIOLATED)
ANTENNA__04489__B/DIODE                 1.000000    1.332199   -0.332199 (VIOLATED)
_04489_/B                               1.000000    1.332141   -0.332141 (VIOLATED)
_04502_/A2                              1.000000    1.332138   -0.332138 (VIOLATED)
_05367_/C                               1.000000    1.332075   -0.332075 (VIOLATED)
ANTENNA__05367__C/DIODE                 1.000000    1.332071   -0.332071 (VIOLATED)
ANTENNA_hold2349_X/DIODE                1.000000    1.332062   -0.332062 (VIOLATED)
hold2349/X                              1.000000    1.332009   -0.332009 (VIOLATED)
ANTENNA__06054__Y/DIODE                 1.000000    1.312383   -0.312383 (VIOLATED)
ANTENNA__06055__C1/DIODE                1.000000    1.312364   -0.312364 (VIOLATED)
_06055_/C1                              1.000000    1.312333   -0.312333 (VIOLATED)
_06054_/Y                               1.000000    1.312254   -0.312254 (VIOLATED)
ANTENNA_fanout1883_X/DIODE              1.000000    1.255679   -0.255679 (VIOLATED)
ANTENNA_fanout1879_A/DIODE              1.000000    1.255558   -0.255558 (VIOLATED)
ANTENNA_fanout1881_A/DIODE              1.000000    1.255485   -0.255485 (VIOLATED)
ANTENNA_fanout1882_A/DIODE              1.000000    1.255481   -0.255481 (VIOLATED)
fanout1881/A                            1.000000    1.255431   -0.255431 (VIOLATED)
fanout1882/A                            1.000000    1.255402   -0.255402 (VIOLATED)
fanout1879/A                            1.000000    1.255375   -0.255375 (VIOLATED)
fanout1883/X                            1.000000    1.255355   -0.255355 (VIOLATED)
fanout1708/A                            1.000000    1.253966   -0.253966 (VIOLATED)
ANTENNA_fanout1708_A/DIODE              1.000000    1.253955   -0.253955 (VIOLATED)
ANTENNA__06551__B1/DIODE                1.000000    1.253899   -0.253899 (VIOLATED)
ANTENNA__06584__A1/DIODE                1.000000    1.253899   -0.253899 (VIOLATED)
_06584_/A1                              1.000000    1.253882   -0.253882 (VIOLATED)
_06551_/B1                              1.000000    1.253882   -0.253882 (VIOLATED)
ANTENNA_hold1658_X/DIODE                1.000000    1.253809   -0.253809 (VIOLATED)
_08643_/A0                              1.000000    1.253801   -0.253801 (VIOLATED)
ANTENNA__08643__A0/DIODE                1.000000    1.253778   -0.253778 (VIOLATED)
hold1658/X                              1.000000    1.253433   -0.253433 (VIOLATED)
ANTENNA_fanout1529_A/DIODE              1.000000    1.252478   -0.252478 (VIOLATED)
ANTENNA_fanout1526_A/DIODE              1.000000    1.252327   -0.252327 (VIOLATED)
ANTENNA_fanout1530_X/DIODE              1.000000    1.252258   -0.252258 (VIOLATED)
ANTENNA_fanout1527_A/DIODE              1.000000    1.252250   -0.252250 (VIOLATED)
fanout1529/A                            1.000000    1.251916   -0.251916 (VIOLATED)
fanout1526/A                            1.000000    1.251764   -0.251764 (VIOLATED)
fanout1527/A                            1.000000    1.251762   -0.251761 (VIOLATED)
fanout1530/X                            1.000000    1.251751   -0.251751 (VIOLATED)
fanout924/A                             1.000000    1.239436   -0.239436 (VIOLATED)
ANTENNA_fanout924_A/DIODE               1.000000    1.239425   -0.239425 (VIOLATED)
ANTENNA_fanout929_A/DIODE               1.000000    1.239061   -0.239061 (VIOLATED)
fanout929/A                             1.000000    1.239060   -0.239060 (VIOLATED)
ANTENNA__05373__Y/DIODE                 1.000000    1.239057   -0.239057 (VIOLATED)
_05373_/Y                               1.000000    1.239032   -0.239032 (VIOLATED)
_06423_/A1                              1.000000    1.234492   -0.234492 (VIOLATED)
ANTENNA__06423__A1/DIODE                1.000000    1.234490   -0.234490 (VIOLATED)
ANTENNA__05883__A1/DIODE                1.000000    1.234452   -0.234452 (VIOLATED)
_05883_/A1                              1.000000    1.234363   -0.234363 (VIOLATED)
ANTENNA__05544__C/DIODE                 1.000000    1.234357   -0.234357 (VIOLATED)
ANTENNA_hold5575_A/DIODE                1.000000    1.234346   -0.234346 (VIOLATED)
ANTENNA_hold1762_X/DIODE                1.000000    1.234345   -0.234345 (VIOLATED)
ANTENNA__05539__B1/DIODE                1.000000    1.234345   -0.234345 (VIOLATED)
_05544_/C                               1.000000    1.234326   -0.234326 (VIOLATED)
hold5575/A                              1.000000    1.234242   -0.234242 (VIOLATED)
_05539_/B1                              1.000000    1.234241   -0.234241 (VIOLATED)
hold1762/X                              1.000000    1.234189   -0.234189 (VIOLATED)
ANTENNA_fanout1240_A/DIODE              1.000000    1.233729   -0.233729 (VIOLATED)
ANTENNA_fanout1243_X/DIODE              1.000000    1.233725   -0.233725 (VIOLATED)
ANTENNA_fanout1242_A/DIODE              1.000000    1.233716   -0.233716 (VIOLATED)
ANTENNA__05720__B2/DIODE                1.000000    1.233712   -0.233712 (VIOLATED)
_05720_/B2                              1.000000    1.233694   -0.233694 (VIOLATED)
fanout1241/A                            1.000000    1.233679   -0.233679 (VIOLATED)
ANTENNA_54/DIODE                        1.000000    1.233675   -0.233676 (VIOLATED)
ANTENNA_fanout1241_A/DIODE              1.000000    1.233658   -0.233658 (VIOLATED)
_06434_/A1                              1.000000    1.233637   -0.233637 (VIOLATED)
ANTENNA__06434__A1/DIODE                1.000000    1.233636   -0.233636 (VIOLATED)
fanout1242/A                            1.000000    1.233612   -0.233612 (VIOLATED)
fanout1240/A                            1.000000    1.233608   -0.233608 (VIOLATED)
ANTENNA__05597__B1/DIODE                1.000000    1.233541   -0.233541 (VIOLATED)
fanout1243/X                            1.000000    1.233523   -0.233523 (VIOLATED)
ANTENNA__05606__C/DIODE                 1.000000    1.233517   -0.233517 (VIOLATED)
ANTENNA_hold5572_A/DIODE                1.000000    1.233517   -0.233517 (VIOLATED)
ANTENNA_hold1990_X/DIODE                1.000000    1.233505   -0.233505 (VIOLATED)
_05606_/C                               1.000000    1.233492   -0.233492 (VIOLATED)
_05597_/B1                              1.000000    1.233480   -0.233480 (VIOLATED)
hold5572/A                              1.000000    1.233444   -0.233444 (VIOLATED)
hold1990/X                              1.000000    1.233412   -0.233412 (VIOLATED)
ANTENNA__07247__X/DIODE                 1.000000    1.204168   -0.204168 (VIOLATED)
ANTENNA__07248__B2/DIODE                1.000000    1.204120   -0.204120 (VIOLATED)
_07248_/B2                              1.000000    1.203932   -0.203932 (VIOLATED)
_07247_/X                               1.000000    1.203812   -0.203812 (VIOLATED)
_05371_/B                               1.000000    1.179066   -0.179066 (VIOLATED)
_04488_/C                               1.000000    1.179040   -0.179040 (VIOLATED)
_07118_/B                               1.000000    1.178999   -0.178999 (VIOLATED)
_07119_/B1                              1.000000    1.178980   -0.178980 (VIOLATED)
ANTENNA__04488__C/DIODE                 1.000000    1.178939   -0.178939 (VIOLATED)
ANTENNA__05371__B/DIODE                 1.000000    1.178938   -0.178938 (VIOLATED)
ANTENNA__07119__B1/DIODE                1.000000    1.178875   -0.178875 (VIOLATED)
ANTENNA__07118__B/DIODE                 1.000000    1.178873   -0.178873 (VIOLATED)
ANTENNA__04485__Y/DIODE                 1.000000    1.178719   -0.178719 (VIOLATED)
_04485_/Y                               1.000000    1.178673   -0.178673 (VIOLATED)
ANTENNA__06567__Y/DIODE                 1.000000    1.173456   -0.173456 (VIOLATED)
ANTENNA_fanout447_A/DIODE               1.000000    1.173437   -0.173437 (VIOLATED)
ANTENNA__06575__A2/DIODE                1.000000    1.173432   -0.173432 (VIOLATED)
_06599_/A2                              1.000000    1.173384   -0.173384 (VIOLATED)
ANTENNA_142/DIODE                       1.000000    1.173383   -0.173383 (VIOLATED)
fanout447/A                             1.000000    1.173379   -0.173379 (VIOLATED)
_06575_/A2                              1.000000    1.173375   -0.173375 (VIOLATED)
ANTENNA__06599__A2/DIODE                1.000000    1.173035   -0.173035 (VIOLATED)
_06567_/Y                               1.000000    1.172996   -0.172996 (VIOLATED)
ANTENNA__05858__C1/DIODE                1.000000    1.161505   -0.161505 (VIOLATED)
_05858_/C1                              1.000000    1.161490   -0.161490 (VIOLATED)
ANTENNA__05856__X/DIODE                 1.000000    1.161406   -0.161406 (VIOLATED)
_05856_/X                               1.000000    1.161357   -0.161357 (VIOLATED)
ANTENNA__05698__A1/DIODE                1.000000    1.154551   -0.154551 (VIOLATED)
_05698_/A1                              1.000000    1.154473   -0.154473 (VIOLATED)
_06436_/A1                              1.000000    1.154443   -0.154443 (VIOLATED)
ANTENNA__06436__A1/DIODE                1.000000    1.154443   -0.154443 (VIOLATED)
ANTENNA_hold5379_A/DIODE                1.000000    1.154423   -0.154423 (VIOLATED)
hold5379/A                              1.000000    1.154422   -0.154422 (VIOLATED)
ANTENNA__04418__A/DIODE                 1.000000    1.154410   -0.154410 (VIOLATED)
_04418_/A                               1.000000    1.154408   -0.154408 (VIOLATED)
ANTENNA_hold1722_X/DIODE                1.000000    1.154077   -0.154077 (VIOLATED)
hold1722/X                              1.000000    1.154077   -0.154077 (VIOLATED)
ANTENNA__06415__A1/DIODE                1.000000    1.143085   -0.143085 (VIOLATED)
_06415_/A1                              1.000000    1.143085   -0.143085 (VIOLATED)
ANTENNA__05499__B/DIODE                 1.000000    1.143033   -0.143033 (VIOLATED)
ANTENNA__05500__C/DIODE                 1.000000    1.143004   -0.143004 (VIOLATED)
_05500_/C                               1.000000    1.142977   -0.142977 (VIOLATED)
ANTENNA__06012__A1/DIODE                1.000000    1.142969   -0.142969 (VIOLATED)
_05499_/B                               1.000000    1.142938   -0.142938 (VIOLATED)
_06012_/A1                              1.000000    1.142920   -0.142920 (VIOLATED)
_05498_/A2                              1.000000    1.142897   -0.142897 (VIOLATED)
ANTENNA__05498__A2/DIODE                1.000000    1.142880   -0.142880 (VIOLATED)
ANTENNA_hold1928_X/DIODE                1.000000    1.142873   -0.142873 (VIOLATED)
ANTENNA_hold5570_A/DIODE                1.000000    1.142873   -0.142873 (VIOLATED)
hold5570/A                              1.000000    1.142830   -0.142830 (VIOLATED)
hold1928/X                              1.000000    1.142472   -0.142472 (VIOLATED)
ANTENNA__06430__A1/DIODE                1.000000    1.138397   -0.138397 (VIOLATED)
_06430_/A1                              1.000000    1.138396   -0.138396 (VIOLATED)
ANTENNA__05775__A1/DIODE                1.000000    1.138334   -0.138334 (VIOLATED)
_05775_/A1                              1.000000    1.138321   -0.138321 (VIOLATED)
ANTENNA__05576__B1/DIODE                1.000000    1.138318   -0.138318 (VIOLATED)
ANTENNA_hold1918_X/DIODE                1.000000    1.138308   -0.138308 (VIOLATED)
ANTENNA_hold5581_A/DIODE                1.000000    1.138307   -0.138307 (VIOLATED)
_05576_/B1                              1.000000    1.138298   -0.138298 (VIOLATED)
hold5581/A                              1.000000    1.137959   -0.137959 (VIOLATED)
hold1918/X                              1.000000    1.137950   -0.137950 (VIOLATED)
ANTENNA__05885__A2/DIODE                1.000000    1.131015   -0.131015 (VIOLATED)
ANTENNA__05413__A/DIODE                 1.000000    1.130931   -0.130931 (VIOLATED)
_05413_/A                               1.000000    1.130903   -0.130903 (VIOLATED)
ANTENNA_fanout2035_A/DIODE              1.000000    1.130813   -0.130813 (VIOLATED)
ANTENNA_hold1959_X/DIODE                1.000000    1.130813   -0.130813 (VIOLATED)
_05885_/A2                              1.000000    1.130792   -0.130792 (VIOLATED)
fanout2035/A                            1.000000    1.130751   -0.130751 (VIOLATED)
hold1959/X                              1.000000    1.130741   -0.130741 (VIOLATED)
ANTENNA__06592__B1/DIODE                1.000000    1.126016   -0.126016 (VIOLATED)
_06559_/B1                              1.000000    1.125978   -0.125978 (VIOLATED)
_06592_/B1                              1.000000    1.125974   -0.125974 (VIOLATED)
fanout1702/A                            1.000000    1.125951   -0.125951 (VIOLATED)
ANTENNA_fanout1702_A/DIODE              1.000000    1.125949   -0.125949 (VIOLATED)
ANTENNA__06559__B1/DIODE                1.000000    1.125948   -0.125948 (VIOLATED)
ANTENNA_hold1702_X/DIODE                1.000000    1.125904   -0.125904 (VIOLATED)
_08645_/A0                              1.000000    1.125555   -0.125555 (VIOLATED)
ANTENNA__08645__A0/DIODE                1.000000    1.125553   -0.125553 (VIOLATED)
hold1702/X                              1.000000    1.125548   -0.125548 (VIOLATED)
ANTENNA__06547__A2/DIODE                1.000000    1.097679   -0.097679 (VIOLATED)
ANTENNA__06580__A1/DIODE                1.000000    1.097677   -0.097677 (VIOLATED)
_06547_/A2                              1.000000    1.097667   -0.097667 (VIOLATED)
_06580_/A1                              1.000000    1.097585   -0.097585 (VIOLATED)
fanout1711/A                            1.000000    1.097104   -0.097104 (VIOLATED)
fanout1710/A                            1.000000    1.097095   -0.097095 (VIOLATED)
ANTENNA_fanout1711_A/DIODE              1.000000    1.097090   -0.097090 (VIOLATED)
ANTENNA_fanout1710_A/DIODE              1.000000    1.097080   -0.097080 (VIOLATED)
ANTENNA__08642__A0/DIODE                1.000000    1.096937   -0.096937 (VIOLATED)
_08642_/A0                              1.000000    1.096928   -0.096928 (VIOLATED)
ANTENNA_hold1730_X/DIODE                1.000000    1.096903   -0.096903 (VIOLATED)
hold1730/X                              1.000000    1.096874   -0.096874 (VIOLATED)
wire1189/A                              1.000000    1.093939   -0.093939 (VIOLATED)
_04491_/Y                               1.000000    1.093926   -0.093926 (VIOLATED)
ANTENNA_fanout1852_A/DIODE              1.000000    1.093517   -0.093517 (VIOLATED)
ANTENNA_fanout1865_A/DIODE              1.000000    1.093428   -0.093428 (VIOLATED)
ANTENNA_hold1898_X/DIODE                1.000000    1.093375   -0.093375 (VIOLATED)
fanout1852/A                            1.000000    1.093240   -0.093240 (VIOLATED)
ANTENNA_fanout1860_A/DIODE              1.000000    1.093142   -0.093142 (VIOLATED)
fanout1860/A                            1.000000    1.093105   -0.093105 (VIOLATED)
fanout1865/A                            1.000000    1.093064   -0.093064 (VIOLATED)
hold1898/X                              1.000000    1.093037   -0.093037 (VIOLATED)
ANTENNA__07601__A/DIODE                 1.000000    1.075830   -0.075830 (VIOLATED)
_07601_/A                               1.000000    1.075738   -0.075738 (VIOLATED)
fanout1119/A                            1.000000    1.075730   -0.075730 (VIOLATED)
ANTENNA_fanout1119_A/DIODE              1.000000    1.075697   -0.075697 (VIOLATED)
ANTENNA__05381__C/DIODE                 1.000000    1.075629   -0.075630 (VIOLATED)
ANTENNA_hold965_X/DIODE                 1.000000    1.075585   -0.075585 (VIOLATED)
ANTENNA__05380__C/DIODE                 1.000000    1.075492   -0.075492 (VIOLATED)
ANTENNA__05378__C/DIODE                 1.000000    1.075487   -0.075487 (VIOLATED)
_05378_/C                               1.000000    1.075365   -0.075365 (VIOLATED)
ANTENNA__06389__A/DIODE                 1.000000    1.075364   -0.075364 (VIOLATED)
_06389_/A                               1.000000    1.075352   -0.075352 (VIOLATED)
_05380_/C                               1.000000    1.075330   -0.075330 (VIOLATED)
_05381_/C                               1.000000    1.075315   -0.075315 (VIOLATED)
hold965/X                               1.000000    1.075304   -0.075304 (VIOLATED)
ANTENNA_fanout1692_A/DIODE              1.000000    1.061754   -0.061754 (VIOLATED)
fanout1692/A                            1.000000    1.061698   -0.061698 (VIOLATED)
fanout1639/A                            1.000000    1.061608   -0.061608 (VIOLATED)
ANTENNA_fanout1639_A/DIODE              1.000000    1.061603   -0.061603 (VIOLATED)
ANTENNA_hold2056_X/DIODE                1.000000    1.061528   -0.061528 (VIOLATED)
ANTENNA_fanout1650_A/DIODE              1.000000    1.061213   -0.061213 (VIOLATED)
fanout1650/A                            1.000000    1.061213   -0.061213 (VIOLATED)
hold2056/X                              1.000000    1.061213   -0.061213 (VIOLATED)
ANTENNA__07144__A/DIODE                 1.000000    1.049913   -0.049913 (VIOLATED)
_07144_/A                               1.000000    1.049903   -0.049903 (VIOLATED)
ANTENNA__06177__A2/DIODE                1.000000    1.049858   -0.049858 (VIOLATED)
hold5266/A                              1.000000    1.049788   -0.049788 (VIOLATED)
ANTENNA_hold5266_A/DIODE                1.000000    1.049783   -0.049783 (VIOLATED)
ANTENNA_hold1516_X/DIODE                1.000000    1.049782   -0.049782 (VIOLATED)
_06177_/A2                              1.000000    1.049459   -0.049459 (VIOLATED)
hold1516/X                              1.000000    1.049449   -0.049449 (VIOLATED)
ANTENNA__05710__X/DIODE                 1.000000    1.041026   -0.041027 (VIOLATED)
ANTENNA__06178__A2/DIODE                1.000000    1.040850   -0.040850 (VIOLATED)
ANTENNA__07381__A1/DIODE                1.000000    1.040844   -0.040844 (VIOLATED)
_06178_/A2                              1.000000    1.040839   -0.040839 (VIOLATED)
_07381_/A1                              1.000000    1.040839   -0.040839 (VIOLATED)
ANTENNA_hold1401_X/DIODE                1.000000    1.040818   -0.040818 (VIOLATED)
ANTENNA_hold5224_A/DIODE                1.000000    1.040818   -0.040818 (VIOLATED)
hold5224/A                              1.000000    1.040813   -0.040813 (VIOLATED)
hold1401/X                              1.000000    1.040808   -0.040808 (VIOLATED)
fanout2095/A                            1.000000    1.040276   -0.040276 (VIOLATED)
ANTENNA_fanout2095_A/DIODE              1.000000    1.040260   -0.040260 (VIOLATED)
_06456_/C                               1.000000    1.040254   -0.040253 (VIOLATED)
ANTENNA__06456__C/DIODE                 1.000000    1.040231   -0.040231 (VIOLATED)
ANTENNA__05711__A2/DIODE                1.000000    1.040222   -0.040222 (VIOLATED)
ANTENNA_hold1687_X/DIODE                1.000000    1.040063   -0.040063 (VIOLATED)
ANTENNA__06268__A0/DIODE                1.000000    1.040004   -0.040004 (VIOLATED)
_06268_/A0                              1.000000    1.039980   -0.039980 (VIOLATED)
_05711_/A2                              1.000000    1.039900   -0.039900 (VIOLATED)
_05710_/X                               1.000000    1.039715   -0.039715 (VIOLATED)
hold1687/X                              1.000000    1.039635   -0.039635 (VIOLATED)
ANTENNA_fanout364_A/DIODE               1.000000    1.038467   -0.038467 (VIOLATED)
ANTENNA_fanout370_X/DIODE               1.000000    1.038461   -0.038461 (VIOLATED)
ANTENNA_fanout369_A/DIODE               1.000000    1.038432   -0.038431 (VIOLATED)
fanout369/A                             1.000000    1.038393   -0.038393 (VIOLATED)
fanout364/A                             1.000000    1.038384   -0.038384 (VIOLATED)
ANTENNA_fanout360_A/DIODE               1.000000    1.038381   -0.038381 (VIOLATED)
fanout360/A                             1.000000    1.038369   -0.038369 (VIOLATED)
ANTENNA_106/DIODE                       1.000000    1.038368   -0.038368 (VIOLATED)
fanout370/X                             1.000000    1.038288   -0.038288 (VIOLATED)
ANTENNA__08106__B/DIODE                 1.000000    1.038250   -0.038250 (VIOLATED)
_08106_/B                               1.000000    1.038234   -0.038234 (VIOLATED)
fanout1733/A                            1.000000    1.037782   -0.037782 (VIOLATED)
ANTENNA_fanout1733_A/DIODE              1.000000    1.037782   -0.037782 (VIOLATED)
ANTENNA_hold2159_X/DIODE                1.000000    1.037781   -0.037781 (VIOLATED)
hold2159/X                              1.000000    1.037777   -0.037777 (VIOLATED)
ANTENNA_fanout1530_A/DIODE              1.000000    1.037553   -0.037553 (VIOLATED)
ANTENNA_fanout1531_A/DIODE              1.000000    1.037551   -0.037551 (VIOLATED)
ANTENNA_fanout1533_A/DIODE              1.000000    1.037549   -0.037549 (VIOLATED)
ANTENNA_fanout1534_X/DIODE              1.000000    1.037544   -0.037544 (VIOLATED)
fanout1531/A                            1.000000    1.037474   -0.037474 (VIOLATED)
ANTENNA__06479__B1/DIODE                1.000000    1.037319   -0.037319 (VIOLATED)
fanout1533/A                            1.000000    1.037308   -0.037308 (VIOLATED)
_06513_/B1                              1.000000    1.037271   -0.037272 (VIOLATED)
_06479_/B1                              1.000000    1.037270   -0.037270 (VIOLATED)
fanout1530/A                            1.000000    1.037192   -0.037192 (VIOLATED)
fanout1534/X                            1.000000    1.037136   -0.037136 (VIOLATED)
ANTENNA__06037__X/DIODE                 1.000000    1.037126   -0.037126 (VIOLATED)
ANTENNA__06513__B1/DIODE                1.000000    1.037116   -0.037116 (VIOLATED)
ANTENNA__06038__A/DIODE                 1.000000    1.037001   -0.037002 (VIOLATED)
_06038_/A                               1.000000    1.036997   -0.036997 (VIOLATED)
ANTENNA_fanout1735_A/DIODE              1.000000    1.036839   -0.036839 (VIOLATED)
_06037_/X                               1.000000    1.036836   -0.036836 (VIOLATED)
fanout1735/A                            1.000000    1.036834   -0.036834 (VIOLATED)
fanout1734/A                            1.000000    1.036831   -0.036831 (VIOLATED)
ANTENNA_fanout1734_A/DIODE              1.000000    1.036831   -0.036831 (VIOLATED)
ANTENNA__08634__A0/DIODE                1.000000    1.036798   -0.036798 (VIOLATED)
ANTENNA_hold1639_X/DIODE                1.000000    1.036796   -0.036796 (VIOLATED)
_08634_/A0                              1.000000    1.036791   -0.036791 (VIOLATED)
hold1639/X                              1.000000    1.036767   -0.036767 (VIOLATED)
ANTENNA_fanout1730_A/DIODE              1.000000    1.026794   -0.026794 (VIOLATED)
ANTENNA_120/DIODE                       1.000000    1.026741   -0.026741 (VIOLATED)
fanout1730/A                            1.000000    1.026674   -0.026674 (VIOLATED)
ANTENNA_hold1944_X/DIODE                1.000000    1.026368   -0.026368 (VIOLATED)
ANTENNA_fanout1731_A/DIODE              1.000000    1.026350   -0.026350 (VIOLATED)
fanout1731/A                            1.000000    1.026349   -0.026349 (VIOLATED)
hold1944/X                              1.000000    1.026304   -0.026304 (VIOLATED)
ANTENNA_fanout311_X/DIODE               1.000000    1.026170   -0.026170 (VIOLATED)
ANTENNA_fanout305_A/DIODE               1.000000    1.026154   -0.026154 (VIOLATED)
ANTENNA_fanout300_A/DIODE               1.000000    1.026126   -0.026126 (VIOLATED)
ANTENNA_fanout310_A/DIODE               1.000000    1.026084   -0.026084 (VIOLATED)
fanout305/A                             1.000000    1.026077   -0.026077 (VIOLATED)
fanout310/A                             1.000000    1.026074   -0.026074 (VIOLATED)
fanout300/A                             1.000000    1.026027   -0.026027 (VIOLATED)
fanout311/X                             1.000000    1.026014   -0.026014 (VIOLATED)
ANTENNA__05542__A1/DIODE                1.000000    1.023196   -0.023195 (VIOLATED)
_05542_/A1                              1.000000    1.023161   -0.023161 (VIOLATED)
ANTENNA__04385__A/DIODE                 1.000000    1.022771   -0.022771 (VIOLATED)
_04385_/A                               1.000000    1.022754   -0.022754 (VIOLATED)
_08633_/A0                              1.000000    1.022708   -0.022708 (VIOLATED)
ANTENNA__08633__A0/DIODE                1.000000    1.022707   -0.022707 (VIOLATED)
ANTENNA_hold1741_X/DIODE                1.000000    1.022694   -0.022694 (VIOLATED)
hold1741/X                              1.000000    1.022672   -0.022672 (VIOLATED)
ANTENNA_fanout393_A/DIODE               1.000000    1.004857   -0.004857 (VIOLATED)
ANTENNA_fanout394_X/DIODE               1.000000    1.004846   -0.004846 (VIOLATED)
ANTENNA_fanout392_A/DIODE               1.000000    1.004775   -0.004775 (VIOLATED)
ANTENNA__07779__A2/DIODE                1.000000    1.004742   -0.004742 (VIOLATED)
_07779_/A2                              1.000000    1.004736   -0.004736 (VIOLATED)
fanout392/A                             1.000000    1.004689   -0.004689 (VIOLATED)
fanout393/A                             1.000000    1.004689   -0.004688 (VIOLATED)
fanout394/X                             1.000000    1.004660   -0.004660 (VIOLATED)
_05854_/B                               1.000000    1.001634   -0.001634 (VIOLATED)
ANTENNA__05853__Y/DIODE                 1.000000    1.001632   -0.001632 (VIOLATED)
ANTENNA__05854__B/DIODE                 1.000000    1.001628   -0.001628 (VIOLATED)
_05853_/Y                               1.000000    1.001582   -0.001582 (VIOLATED)

max fanout

Pin                                   Limit Fanout  Slack
---------------------------------------------------------
clkbuf_4_1__f_clk_i/X                     6     33    -27 (VIOLATED)
clkbuf_4_0__f_clk_i/X                     6     29    -23 (VIOLATED)
clkbuf_4_4__f_clk_i/X                     6     27    -21 (VIOLATED)
clkbuf_4_6__f_clk_i/X                     6     27    -21 (VIOLATED)
clkbuf_4_7__f_clk_i/X                     6     27    -21 (VIOLATED)
clkbuf_4_9__f_clk_i/X                     6     27    -21 (VIOLATED)
clkbuf_4_10__f_clk_i/X                    6     25    -19 (VIOLATED)
clkbuf_4_12__f_clk_i/X                    6     25    -19 (VIOLATED)
clkbuf_4_13__f_clk_i/X                    6     25    -19 (VIOLATED)
clkbuf_4_15__f_clk_i/X                    6     25    -19 (VIOLATED)
clkbuf_4_2__f_clk_i/X                     6     25    -19 (VIOLATED)
clkbuf_4_8__f_clk_i/X                     6     25    -19 (VIOLATED)
clkbuf_4_14__f_clk_i/X                    6     23    -17 (VIOLATED)
clkbuf_4_3__f_clk_i/X                     6     23    -17 (VIOLATED)
clkbuf_4_11__f_clk_i/X                    6     21    -15 (VIOLATED)
clkbuf_4_5__f_clk_i/X                     6     19    -13 (VIOLATED)
_05522_/X                                 6     16    -10 (VIOLATED)
_05407_/X                                 6     15     -9 (VIOLATED)
_05543_/X                                 6     15     -9 (VIOLATED)
fanout1768/X                              6     15     -9 (VIOLATED)
fanout772/X                               6     15     -9 (VIOLATED)
fanout918/X                               6     15     -9 (VIOLATED)
hold1883/X                                6     15     -9 (VIOLATED)
_05432_/X                                 6     14     -8 (VIOLATED)
_05449_/X                                 6     14     -8 (VIOLATED)
_05532_/X                                 6     14     -8 (VIOLATED)
_05536_/X                                 6     14     -8 (VIOLATED)
_05551_/X                                 6     14     -8 (VIOLATED)
_06096_/X                                 6     14     -8 (VIOLATED)
fanout1017/X                              6     14     -8 (VIOLATED)
fanout1231/X                              6     14     -8 (VIOLATED)
fanout1240/X                              6     14     -8 (VIOLATED)
fanout1335/X                              6     14     -8 (VIOLATED)
fanout1721/X                              6     14     -8 (VIOLATED)
fanout1773/X                              6     14     -8 (VIOLATED)
fanout745/X                               6     14     -8 (VIOLATED)
fanout904/X                               6     14     -8 (VIOLATED)
hold1566/X                                6     14     -8 (VIOLATED)
hold1610/X                                6     14     -8 (VIOLATED)
hold1886/X                                6     14     -8 (VIOLATED)
hold1890/X                                6     14     -8 (VIOLATED)
hold2029/X                                6     14     -8 (VIOLATED)
_04419_/Y                                 6     13     -7 (VIOLATED)
_04470_/X                                 6     13     -7 (VIOLATED)
_05434_/X                                 6     13     -7 (VIOLATED)
_05548_/X                                 6     13     -7 (VIOLATED)
_05571_/X                                 6     13     -7 (VIOLATED)
_07141_/Y                                 6     13     -7 (VIOLATED)
_09242_/Q                                 6     13     -7 (VIOLATED)
fanout1003/X                              6     13     -7 (VIOLATED)
fanout1005/X                              6     13     -7 (VIOLATED)
fanout1007/X                              6     13     -7 (VIOLATED)
fanout1013/X                              6     13     -7 (VIOLATED)
fanout1015/X                              6     13     -7 (VIOLATED)
fanout1019/X                              6     13     -7 (VIOLATED)
fanout1021/X                              6     13     -7 (VIOLATED)
fanout1022/X                              6     13     -7 (VIOLATED)
fanout1023/X                              6     13     -7 (VIOLATED)
fanout1024/X                              6     13     -7 (VIOLATED)
fanout1032/X                              6     13     -7 (VIOLATED)
fanout1036/X                              6     13     -7 (VIOLATED)
fanout1037/X                              6     13     -7 (VIOLATED)
fanout1038/X                              6     13     -7 (VIOLATED)
fanout1040/X                              6     13     -7 (VIOLATED)
fanout1052/X                              6     13     -7 (VIOLATED)
fanout1053/X                              6     13     -7 (VIOLATED)
fanout1055/X                              6     13     -7 (VIOLATED)
fanout1056/X                              6     13     -7 (VIOLATED)
fanout1065/X                              6     13     -7 (VIOLATED)
fanout1080/X                              6     13     -7 (VIOLATED)
fanout1093/X                              6     13     -7 (VIOLATED)
fanout1099/X                              6     13     -7 (VIOLATED)
fanout1110/X                              6     13     -7 (VIOLATED)
fanout1121/X                              6     13     -7 (VIOLATED)
fanout1127/X                              6     13     -7 (VIOLATED)
fanout1128/X                              6     13     -7 (VIOLATED)
fanout1129/X                              6     13     -7 (VIOLATED)
fanout1131/X                              6     13     -7 (VIOLATED)
fanout1134/X                              6     13     -7 (VIOLATED)
fanout1137/X                              6     13     -7 (VIOLATED)
fanout1138/X                              6     13     -7 (VIOLATED)
fanout1144/X                              6     13     -7 (VIOLATED)
fanout1147/X                              6     13     -7 (VIOLATED)
fanout1192/X                              6     13     -7 (VIOLATED)
fanout1194/X                              6     13     -7 (VIOLATED)
fanout1197/X                              6     13     -7 (VIOLATED)
fanout1198/X                              6     13     -7 (VIOLATED)
fanout1206/X                              6     13     -7 (VIOLATED)
fanout1212/X                              6     13     -7 (VIOLATED)
fanout1213/X                              6     13     -7 (VIOLATED)
fanout1220/X                              6     13     -7 (VIOLATED)
fanout1228/X                              6     13     -7 (VIOLATED)
fanout1230/X                              6     13     -7 (VIOLATED)
fanout1233/X                              6     13     -7 (VIOLATED)
fanout1236/X                              6     13     -7 (VIOLATED)
fanout1241/X                              6     13     -7 (VIOLATED)
fanout1244/X                              6     13     -7 (VIOLATED)
fanout1246/X                              6     13     -7 (VIOLATED)
fanout1249/X                              6     13     -7 (VIOLATED)
fanout1252/X                              6     13     -7 (VIOLATED)
fanout1253/X                              6     13     -7 (VIOLATED)
fanout1266/X                              6     13     -7 (VIOLATED)
fanout1269/X                              6     13     -7 (VIOLATED)
fanout1271/X                              6     13     -7 (VIOLATED)
fanout1273/X                              6     13     -7 (VIOLATED)
fanout1288/X                              6     13     -7 (VIOLATED)
fanout1290/X                              6     13     -7 (VIOLATED)
fanout1295/X                              6     13     -7 (VIOLATED)
fanout1296/X                              6     13     -7 (VIOLATED)
fanout1298/X                              6     13     -7 (VIOLATED)
fanout1304/X                              6     13     -7 (VIOLATED)
fanout1307/X                              6     13     -7 (VIOLATED)
fanout1319/X                              6     13     -7 (VIOLATED)
fanout1322/X                              6     13     -7 (VIOLATED)
fanout1327/X                              6     13     -7 (VIOLATED)
fanout1341/X                              6     13     -7 (VIOLATED)
fanout1343/X                              6     13     -7 (VIOLATED)
fanout1345/X                              6     13     -7 (VIOLATED)
fanout1353/X                              6     13     -7 (VIOLATED)
fanout1361/X                              6     13     -7 (VIOLATED)
fanout1362/X                              6     13     -7 (VIOLATED)
fanout1367/X                              6     13     -7 (VIOLATED)
fanout1369/X                              6     13     -7 (VIOLATED)
fanout1370/X                              6     13     -7 (VIOLATED)
fanout1373/X                              6     13     -7 (VIOLATED)
fanout1378/X                              6     13     -7 (VIOLATED)
fanout1379/X                              6     13     -7 (VIOLATED)
fanout1380/X                              6     13     -7 (VIOLATED)
fanout1455/X                              6     13     -7 (VIOLATED)
fanout1457/X                              6     13     -7 (VIOLATED)
fanout1491/X                              6     13     -7 (VIOLATED)
fanout1494/X                              6     13     -7 (VIOLATED)
fanout1529/X                              6     13     -7 (VIOLATED)
fanout1531/X                              6     13     -7 (VIOLATED)
fanout1549/X                              6     13     -7 (VIOLATED)
fanout1568/X                              6     13     -7 (VIOLATED)
fanout1569/X                              6     13     -7 (VIOLATED)
fanout1573/X                              6     13     -7 (VIOLATED)
fanout1575/X                              6     13     -7 (VIOLATED)
fanout1632/X                              6     13     -7 (VIOLATED)
fanout1633/X                              6     13     -7 (VIOLATED)
fanout1635/X                              6     13     -7 (VIOLATED)
fanout1640/X                              6     13     -7 (VIOLATED)
fanout1644/X                              6     13     -7 (VIOLATED)
fanout1651/X                              6     13     -7 (VIOLATED)
fanout1655/X                              6     13     -7 (VIOLATED)
fanout1700/X                              6     13     -7 (VIOLATED)
fanout1704/X                              6     13     -7 (VIOLATED)
fanout1707/X                              6     13     -7 (VIOLATED)
fanout1708/X                              6     13     -7 (VIOLATED)
fanout1710/X                              6     13     -7 (VIOLATED)
fanout1713/X                              6     13     -7 (VIOLATED)
fanout1717/X                              6     13     -7 (VIOLATED)
fanout1732/X                              6     13     -7 (VIOLATED)
fanout1734/X                              6     13     -7 (VIOLATED)
fanout1737/X                              6     13     -7 (VIOLATED)
fanout1750/X                              6     13     -7 (VIOLATED)
fanout1752/X                              6     13     -7 (VIOLATED)
fanout1758/X                              6     13     -7 (VIOLATED)
fanout1763/X                              6     13     -7 (VIOLATED)
fanout1778/X                              6     13     -7 (VIOLATED)
fanout1787/X                              6     13     -7 (VIOLATED)
fanout1789/X                              6     13     -7 (VIOLATED)
fanout1792/X                              6     13     -7 (VIOLATED)
fanout1793/X                              6     13     -7 (VIOLATED)
fanout1816/X                              6     13     -7 (VIOLATED)
fanout1825/X                              6     13     -7 (VIOLATED)
fanout1830/X                              6     13     -7 (VIOLATED)
fanout1871/X                              6     13     -7 (VIOLATED)
fanout1922/X                              6     13     -7 (VIOLATED)
fanout1924/X                              6     13     -7 (VIOLATED)
fanout1945/X                              6     13     -7 (VIOLATED)
fanout1952/X                              6     13     -7 (VIOLATED)
fanout2018/X                              6     13     -7 (VIOLATED)
fanout2029/X                              6     13     -7 (VIOLATED)
fanout2078/X                              6     13     -7 (VIOLATED)
fanout2083/X                              6     13     -7 (VIOLATED)
fanout2086/X                              6     13     -7 (VIOLATED)
fanout2087/X                              6     13     -7 (VIOLATED)
fanout2098/X                              6     13     -7 (VIOLATED)
fanout2106/X                              6     13     -7 (VIOLATED)
fanout2108/X                              6     13     -7 (VIOLATED)
fanout2111/X                              6     13     -7 (VIOLATED)
fanout2117/X                              6     13     -7 (VIOLATED)
fanout2127/X                              6     13     -7 (VIOLATED)
fanout2130/X                              6     13     -7 (VIOLATED)
fanout2132/X                              6     13     -7 (VIOLATED)
fanout2137/X                              6     13     -7 (VIOLATED)
fanout2138/X                              6     13     -7 (VIOLATED)
fanout2187/X                              6     13     -7 (VIOLATED)
fanout2211/X                              6     13     -7 (VIOLATED)
fanout2239/X                              6     13     -7 (VIOLATED)
fanout2287/X                              6     13     -7 (VIOLATED)
fanout2300/X                              6     13     -7 (VIOLATED)
fanout2313/X                              6     13     -7 (VIOLATED)
fanout2350/X                              6     13     -7 (VIOLATED)
fanout2364/X                              6     13     -7 (VIOLATED)
fanout2368/X                              6     13     -7 (VIOLATED)
fanout2391/X                              6     13     -7 (VIOLATED)
fanout2478/X                              6     13     -7 (VIOLATED)
fanout293/X                               6     13     -7 (VIOLATED)
fanout302/X                               6     13     -7 (VIOLATED)
fanout340/X                               6     13     -7 (VIOLATED)
fanout353/X                               6     13     -7 (VIOLATED)
fanout396/X                               6     13     -7 (VIOLATED)
fanout420/X                               6     13     -7 (VIOLATED)
fanout432/X                               6     13     -7 (VIOLATED)
fanout433/X                               6     13     -7 (VIOLATED)
fanout434/X                               6     13     -7 (VIOLATED)
fanout435/X                               6     13     -7 (VIOLATED)
fanout447/X                               6     13     -7 (VIOLATED)
fanout448/X                               6     13     -7 (VIOLATED)
fanout449/X                               6     13     -7 (VIOLATED)
fanout451/X                               6     13     -7 (VIOLATED)
fanout452/X                               6     13     -7 (VIOLATED)
fanout453/X                               6     13     -7 (VIOLATED)
fanout465/X                               6     13     -7 (VIOLATED)
fanout467/X                               6     13     -7 (VIOLATED)
fanout481/X                               6     13     -7 (VIOLATED)
fanout487/X                               6     13     -7 (VIOLATED)
fanout496/X                               6     13     -7 (VIOLATED)
fanout504/X                               6     13     -7 (VIOLATED)
fanout506/X                               6     13     -7 (VIOLATED)
fanout508/X                               6     13     -7 (VIOLATED)
fanout517/X                               6     13     -7 (VIOLATED)
fanout519/X                               6     13     -7 (VIOLATED)
fanout525/X                               6     13     -7 (VIOLATED)
fanout558/X                               6     13     -7 (VIOLATED)
fanout560/X                               6     13     -7 (VIOLATED)
fanout575/X                               6     13     -7 (VIOLATED)
fanout576/X                               6     13     -7 (VIOLATED)
fanout579/X                               6     13     -7 (VIOLATED)
fanout593/X                               6     13     -7 (VIOLATED)
fanout601/X                               6     13     -7 (VIOLATED)
fanout608/X                               6     13     -7 (VIOLATED)
fanout610/X                               6     13     -7 (VIOLATED)
fanout612/X                               6     13     -7 (VIOLATED)
fanout617/X                               6     13     -7 (VIOLATED)
fanout644/X                               6     13     -7 (VIOLATED)
fanout647/X                               6     13     -7 (VIOLATED)
fanout649/X                               6     13     -7 (VIOLATED)
fanout653/X                               6     13     -7 (VIOLATED)
fanout654/X                               6     13     -7 (VIOLATED)
fanout660/X                               6     13     -7 (VIOLATED)
fanout667/X                               6     13     -7 (VIOLATED)
fanout671/X                               6     13     -7 (VIOLATED)
fanout686/X                               6     13     -7 (VIOLATED)
fanout689/X                               6     13     -7 (VIOLATED)
fanout691/X                               6     13     -7 (VIOLATED)
fanout692/X                               6     13     -7 (VIOLATED)
fanout724/X                               6     13     -7 (VIOLATED)
fanout734/X                               6     13     -7 (VIOLATED)
fanout738/X                               6     13     -7 (VIOLATED)
fanout755/X                               6     13     -7 (VIOLATED)
fanout756/X                               6     13     -7 (VIOLATED)
fanout770/X                               6     13     -7 (VIOLATED)
fanout773/X                               6     13     -7 (VIOLATED)
fanout775/X                               6     13     -7 (VIOLATED)
fanout778/X                               6     13     -7 (VIOLATED)
fanout781/X                               6     13     -7 (VIOLATED)
fanout782/X                               6     13     -7 (VIOLATED)
fanout783/X                               6     13     -7 (VIOLATED)
fanout785/X                               6     13     -7 (VIOLATED)
fanout787/X                               6     13     -7 (VIOLATED)
fanout788/X                               6     13     -7 (VIOLATED)
fanout790/X                               6     13     -7 (VIOLATED)
fanout797/X                               6     13     -7 (VIOLATED)
fanout801/X                               6     13     -7 (VIOLATED)
fanout802/X                               6     13     -7 (VIOLATED)
fanout803/X                               6     13     -7 (VIOLATED)
fanout805/X                               6     13     -7 (VIOLATED)
fanout819/X                               6     13     -7 (VIOLATED)
fanout824/X                               6     13     -7 (VIOLATED)
fanout825/X                               6     13     -7 (VIOLATED)
fanout837/X                               6     13     -7 (VIOLATED)
fanout848/X                               6     13     -7 (VIOLATED)
fanout868/X                               6     13     -7 (VIOLATED)
fanout873/X                               6     13     -7 (VIOLATED)
fanout874/X                               6     13     -7 (VIOLATED)
fanout876/X                               6     13     -7 (VIOLATED)
fanout877/X                               6     13     -7 (VIOLATED)
fanout879/X                               6     13     -7 (VIOLATED)
fanout882/X                               6     13     -7 (VIOLATED)
fanout894/X                               6     13     -7 (VIOLATED)
fanout905/X                               6     13     -7 (VIOLATED)
fanout908/X                               6     13     -7 (VIOLATED)
fanout910/X                               6     13     -7 (VIOLATED)
fanout921/X                               6     13     -7 (VIOLATED)
fanout922/X                               6     13     -7 (VIOLATED)
fanout925/X                               6     13     -7 (VIOLATED)
fanout927/X                               6     13     -7 (VIOLATED)
fanout934/X                               6     13     -7 (VIOLATED)
fanout935/X                               6     13     -7 (VIOLATED)
fanout938/X                               6     13     -7 (VIOLATED)
fanout939/X                               6     13     -7 (VIOLATED)
fanout987/X                               6     13     -7 (VIOLATED)
fanout988/X                               6     13     -7 (VIOLATED)
fanout990/X                               6     13     -7 (VIOLATED)
fanout992/X                               6     13     -7 (VIOLATED)
fanout993/X                               6     13     -7 (VIOLATED)
hold1526/X                                6     13     -7 (VIOLATED)
hold1545/X                                6     13     -7 (VIOLATED)
hold1601/X                                6     13     -7 (VIOLATED)
hold1636/X                                6     13     -7 (VIOLATED)
hold1642/X                                6     13     -7 (VIOLATED)
hold1693/X                                6     13     -7 (VIOLATED)
hold1708/X                                6     13     -7 (VIOLATED)
hold1770/X                                6     13     -7 (VIOLATED)
hold1777/X                                6     13     -7 (VIOLATED)
hold1851/X                                6     13     -7 (VIOLATED)
hold1878/X                                6     13     -7 (VIOLATED)
hold1905/X                                6     13     -7 (VIOLATED)
hold1913/X                                6     13     -7 (VIOLATED)
hold1928/X                                6     13     -7 (VIOLATED)
hold1941/X                                6     13     -7 (VIOLATED)
hold1953/X                                6     13     -7 (VIOLATED)
hold1956/X                                6     13     -7 (VIOLATED)
hold1972/X                                6     13     -7 (VIOLATED)
hold1977/X                                6     13     -7 (VIOLATED)
hold2003/X                                6     13     -7 (VIOLATED)
hold2065/X                                6     13     -7 (VIOLATED)
hold2072/X                                6     13     -7 (VIOLATED)
hold2125/X                                6     13     -7 (VIOLATED)
hold2155/X                                6     13     -7 (VIOLATED)
hold2172/X                                6     13     -7 (VIOLATED)
hold2280/X                                6     13     -7 (VIOLATED)
hold965/X                                 6     13     -7 (VIOLATED)
_05557_/X                                 6     12     -6 (VIOLATED)
_06731_/X                                 6     12     -6 (VIOLATED)
clkbuf_leaf_1_clk_i/X                     6     12     -6 (VIOLATED)
clkbuf_leaf_44_clk_i/X                    6     12     -6 (VIOLATED)
fanout2252/X                              6     12     -6 (VIOLATED)
fanout924/X                               6     12     -6 (VIOLATED)
hold1736/X                                6     12     -6 (VIOLATED)
hold1820/X                                6     12     -6 (VIOLATED)
_04462_/X                                 6     11     -5 (VIOLATED)
_05119_/X                                 6     11     -5 (VIOLATED)
_05456_/X                                 6     11     -5 (VIOLATED)
_05470_/X                                 6     11     -5 (VIOLATED)
_05495_/X                                 6     11     -5 (VIOLATED)
_05526_/X                                 6     11     -5 (VIOLATED)
_05538_/X                                 6     11     -5 (VIOLATED)
_05585_/X                                 6     11     -5 (VIOLATED)
_06735_/X                                 6     11     -5 (VIOLATED)
_06922_/X                                 6     11     -5 (VIOLATED)
_07001_/Y                                 6     11     -5 (VIOLATED)
_09059_/Q                                 6     11     -5 (VIOLATED)
_09065_/Q                                 6     11     -5 (VIOLATED)
_09089_/Q                                 6     11     -5 (VIOLATED)
_09111_/Q                                 6     11     -5 (VIOLATED)
_09248_/Q                                 6     11     -5 (VIOLATED)
_09266_/Q                                 6     11     -5 (VIOLATED)
_09268_/Q                                 6     11     -5 (VIOLATED)
_09269_/Q                                 6     11     -5 (VIOLATED)
clkbuf_leaf_37_clk_i/X                    6     11     -5 (VIOLATED)
clkbuf_leaf_42_clk_i/X                    6     11     -5 (VIOLATED)
clkbuf_leaf_54_clk_i/X                    6     11     -5 (VIOLATED)
clkbuf_leaf_96_clk_i/X                    6     11     -5 (VIOLATED)
fanout1012/X                              6     11     -5 (VIOLATED)
fanout1016/X                              6     11     -5 (VIOLATED)
fanout1051/X                              6     11     -5 (VIOLATED)
fanout1092/X                              6     11     -5 (VIOLATED)
fanout1145/X                              6     11     -5 (VIOLATED)
fanout1226/X                              6     11     -5 (VIOLATED)
fanout1229/X                              6     11     -5 (VIOLATED)
fanout1245/X                              6     11     -5 (VIOLATED)
fanout1258/X                              6     11     -5 (VIOLATED)
fanout1259/X                              6     11     -5 (VIOLATED)
fanout1270/X                              6     11     -5 (VIOLATED)
fanout1297/X                              6     11     -5 (VIOLATED)
fanout1299/X                              6     11     -5 (VIOLATED)
fanout1308/X                              6     11     -5 (VIOLATED)
fanout1316/X                              6     11     -5 (VIOLATED)
fanout1323/X                              6     11     -5 (VIOLATED)
fanout1333/X                              6     11     -5 (VIOLATED)
fanout1357/X                              6     11     -5 (VIOLATED)
fanout1460/X                              6     11     -5 (VIOLATED)
fanout1523/X                              6     11     -5 (VIOLATED)
fanout1698/X                              6     11     -5 (VIOLATED)
fanout1725/X                              6     11     -5 (VIOLATED)
fanout1779/X                              6     11     -5 (VIOLATED)
fanout1822/X                              6     11     -5 (VIOLATED)
fanout1911/X                              6     11     -5 (VIOLATED)
fanout1928/X                              6     11     -5 (VIOLATED)
fanout2051/X                              6     11     -5 (VIOLATED)
fanout2081/X                              6     11     -5 (VIOLATED)
fanout2112/X                              6     11     -5 (VIOLATED)
fanout2115/X                              6     11     -5 (VIOLATED)
fanout2121/X                              6     11     -5 (VIOLATED)
fanout2131/X                              6     11     -5 (VIOLATED)
fanout2301/X                              6     11     -5 (VIOLATED)
fanout2335/X                              6     11     -5 (VIOLATED)
fanout2421/X                              6     11     -5 (VIOLATED)
fanout321/X                               6     11     -5 (VIOLATED)
fanout342/X                               6     11     -5 (VIOLATED)
fanout416/X                               6     11     -5 (VIOLATED)
fanout437/X                               6     11     -5 (VIOLATED)
fanout585/X                               6     11     -5 (VIOLATED)
fanout607/X                               6     11     -5 (VIOLATED)
fanout609/X                               6     11     -5 (VIOLATED)
fanout620/X                               6     11     -5 (VIOLATED)
fanout636/X                               6     11     -5 (VIOLATED)
fanout646/X                               6     11     -5 (VIOLATED)
fanout694/X                               6     11     -5 (VIOLATED)
fanout733/X                               6     11     -5 (VIOLATED)
fanout765/X                               6     11     -5 (VIOLATED)
fanout774/X                               6     11     -5 (VIOLATED)
fanout779/X                               6     11     -5 (VIOLATED)
fanout780/X                               6     11     -5 (VIOLATED)
fanout836/X                               6     11     -5 (VIOLATED)
fanout839/X                               6     11     -5 (VIOLATED)
fanout878/X                               6     11     -5 (VIOLATED)
fanout909/X                               6     11     -5 (VIOLATED)
fanout919/X                               6     11     -5 (VIOLATED)
fanout923/X                               6     11     -5 (VIOLATED)
fanout932/X                               6     11     -5 (VIOLATED)
fanout940/X                               6     11     -5 (VIOLATED)
fanout984/X                               6     11     -5 (VIOLATED)
hold1339/X                                6     11     -5 (VIOLATED)
hold1524/X                                6     11     -5 (VIOLATED)
hold1598/X                                6     11     -5 (VIOLATED)
hold1639/X                                6     11     -5 (VIOLATED)
hold1660/X                                6     11     -5 (VIOLATED)
hold1713/X                                6     11     -5 (VIOLATED)
hold1730/X                                6     11     -5 (VIOLATED)
hold1733/X                                6     11     -5 (VIOLATED)
hold1750/X                                6     11     -5 (VIOLATED)
hold1755/X                                6     11     -5 (VIOLATED)
hold1762/X                                6     11     -5 (VIOLATED)
hold1799/X                                6     11     -5 (VIOLATED)
hold1827/X                                6     11     -5 (VIOLATED)
hold1908/X                                6     11     -5 (VIOLATED)
hold1945/X                                6     11     -5 (VIOLATED)
hold1947/X                                6     11     -5 (VIOLATED)
hold1968/X                                6     11     -5 (VIOLATED)
hold1990/X                                6     11     -5 (VIOLATED)
hold2010/X                                6     11     -5 (VIOLATED)
hold2110/X                                6     11     -5 (VIOLATED)
hold2132/X                                6     11     -5 (VIOLATED)
hold2180/X                                6     11     -5 (VIOLATED)
input2/X                                  6     11     -5 (VIOLATED)
_05487_/X                                 6     10     -4 (VIOLATED)
clkbuf_leaf_144_clk_i/X                   6     10     -4 (VIOLATED)
clkbuf_leaf_45_clk_i/X                    6     10     -4 (VIOLATED)
clkbuf_leaf_55_clk_i/X                    6     10     -4 (VIOLATED)
clkbuf_leaf_66_clk_i/X                    6     10     -4 (VIOLATED)
fanout1002/X                              6     10     -4 (VIOLATED)
fanout1026/X                              6     10     -4 (VIOLATED)
fanout1130/X                              6     10     -4 (VIOLATED)
fanout1133/X                              6     10     -4 (VIOLATED)
fanout1251/X                              6     10     -4 (VIOLATED)
fanout1565/X                              6     10     -4 (VIOLATED)
fanout1754/X                              6     10     -4 (VIOLATED)
fanout2123/X                              6     10     -4 (VIOLATED)
fanout693/X                               6     10     -4 (VIOLATED)
hold1604/X                                6     10     -4 (VIOLATED)
hold1625/X                                6     10     -4 (VIOLATED)
hold1652/X                                6     10     -4 (VIOLATED)
hold1720/X                                6     10     -4 (VIOLATED)
hold1744/X                                6     10     -4 (VIOLATED)
hold693/X                                 6     10     -4 (VIOLATED)
_04485_/Y                                 6      9     -3 (VIOLATED)
_05440_/X                                 6      9     -3 (VIOLATED)
_05506_/X                                 6      9     -3 (VIOLATED)
_05596_/X                                 6      9     -3 (VIOLATED)
_06770_/X                                 6      9     -3 (VIOLATED)
_06776_/X                                 6      9     -3 (VIOLATED)
_06778_/X                                 6      9     -3 (VIOLATED)
_07127_/Y                                 6      9     -3 (VIOLATED)
_09074_/Q                                 6      9     -3 (VIOLATED)
_09265_/Q                                 6      9     -3 (VIOLATED)
clkbuf_0_clk_i/X                          6      9     -3 (VIOLATED)
clkbuf_2_0_0_clk_i/X                      6      9     -3 (VIOLATED)
clkbuf_2_1_0_clk_i/X                      6      9     -3 (VIOLATED)
clkbuf_2_2_0_clk_i/X                      6      9     -3 (VIOLATED)
clkbuf_2_3_0_clk_i/X                      6      9     -3 (VIOLATED)
clkbuf_leaf_105_clk_i/X                   6      9     -3 (VIOLATED)
clkbuf_leaf_139_clk_i/X                   6      9     -3 (VIOLATED)
clkbuf_leaf_170_clk_i/X                   6      9     -3 (VIOLATED)
clkbuf_leaf_48_clk_i/X                    6      9     -3 (VIOLATED)
clkbuf_leaf_51_clk_i/X                    6      9     -3 (VIOLATED)
clkbuf_leaf_70_clk_i/X                    6      9     -3 (VIOLATED)
clkbuf_leaf_98_clk_i/X                    6      9     -3 (VIOLATED)
fanout1008/X                              6      9     -3 (VIOLATED)
fanout1010/X                              6      9     -3 (VIOLATED)
fanout1020/X                              6      9     -3 (VIOLATED)
fanout1025/X                              6      9     -3 (VIOLATED)
fanout1035/X                              6      9     -3 (VIOLATED)
fanout1113/X                              6      9     -3 (VIOLATED)
fanout1123/X                              6      9     -3 (VIOLATED)
fanout1159/X                              6      9     -3 (VIOLATED)
fanout1179/X                              6      9     -3 (VIOLATED)
fanout1184/X                              6      9     -3 (VIOLATED)
fanout1195/X                              6      9     -3 (VIOLATED)
fanout1221/X                              6      9     -3 (VIOLATED)
fanout1234/X                              6      9     -3 (VIOLATED)
fanout1235/X                              6      9     -3 (VIOLATED)
fanout1257/X                              6      9     -3 (VIOLATED)
fanout1262/X                              6      9     -3 (VIOLATED)
fanout1265/X                              6      9     -3 (VIOLATED)
fanout1318/X                              6      9     -3 (VIOLATED)
fanout1329/X                              6      9     -3 (VIOLATED)
fanout1344/X                              6      9     -3 (VIOLATED)
fanout1352/X                              6      9     -3 (VIOLATED)
fanout1365/X                              6      9     -3 (VIOLATED)
fanout1366/X                              6      9     -3 (VIOLATED)
fanout1376/X                              6      9     -3 (VIOLATED)
fanout1377/X                              6      9     -3 (VIOLATED)
fanout1517/X                              6      9     -3 (VIOLATED)
fanout1546/X                              6      9     -3 (VIOLATED)
fanout1654/X                              6      9     -3 (VIOLATED)
fanout1663/X                              6      9     -3 (VIOLATED)
fanout1676/X                              6      9     -3 (VIOLATED)
fanout1680/X                              6      9     -3 (VIOLATED)
fanout1681/X                              6      9     -3 (VIOLATED)
fanout1691/X                              6      9     -3 (VIOLATED)
fanout1742/X                              6      9     -3 (VIOLATED)
fanout1761/X                              6      9     -3 (VIOLATED)
fanout1764/X                              6      9     -3 (VIOLATED)
fanout1771/X                              6      9     -3 (VIOLATED)
fanout1776/X                              6      9     -3 (VIOLATED)
fanout1790/X                              6      9     -3 (VIOLATED)
fanout1917/X                              6      9     -3 (VIOLATED)
fanout1918/X                              6      9     -3 (VIOLATED)
fanout1943/X                              6      9     -3 (VIOLATED)
fanout1949/X                              6      9     -3 (VIOLATED)
fanout1955/X                              6      9     -3 (VIOLATED)
fanout2134/X                              6      9     -3 (VIOLATED)
fanout2140/X                              6      9     -3 (VIOLATED)
fanout2176/X                              6      9     -3 (VIOLATED)
fanout2218/X                              6      9     -3 (VIOLATED)
fanout2275/X                              6      9     -3 (VIOLATED)
fanout2290/X                              6      9     -3 (VIOLATED)
fanout2305/X                              6      9     -3 (VIOLATED)
fanout2332/X                              6      9     -3 (VIOLATED)
fanout2333/X                              6      9     -3 (VIOLATED)
fanout2344/X                              6      9     -3 (VIOLATED)
fanout2354/X                              6      9     -3 (VIOLATED)
fanout2375/X                              6      9     -3 (VIOLATED)
fanout2396/X                              6      9     -3 (VIOLATED)
fanout2406/X                              6      9     -3 (VIOLATED)
fanout2423/X                              6      9     -3 (VIOLATED)
fanout2437/X                              6      9     -3 (VIOLATED)
fanout310/X                               6      9     -3 (VIOLATED)
fanout312/X                               6      9     -3 (VIOLATED)
fanout336/X                               6      9     -3 (VIOLATED)
fanout364/X                               6      9     -3 (VIOLATED)
fanout375/X                               6      9     -3 (VIOLATED)
fanout391/X                               6      9     -3 (VIOLATED)
fanout399/X                               6      9     -3 (VIOLATED)
fanout430/X                               6      9     -3 (VIOLATED)
fanout463/X                               6      9     -3 (VIOLATED)
fanout472/X                               6      9     -3 (VIOLATED)
fanout490/X                               6      9     -3 (VIOLATED)
fanout515/X                               6      9     -3 (VIOLATED)
fanout524/X                               6      9     -3 (VIOLATED)
fanout570/X                               6      9     -3 (VIOLATED)
fanout574/X                               6      9     -3 (VIOLATED)
fanout586/X                               6      9     -3 (VIOLATED)
fanout599/X                               6      9     -3 (VIOLATED)
fanout659/X                               6      9     -3 (VIOLATED)
fanout665/X                               6      9     -3 (VIOLATED)
fanout688/X                               6      9     -3 (VIOLATED)
fanout736/X                               6      9     -3 (VIOLATED)
fanout744/X                               6      9     -3 (VIOLATED)
fanout746/X                               6      9     -3 (VIOLATED)
fanout759/X                               6      9     -3 (VIOLATED)
fanout776/X                               6      9     -3 (VIOLATED)
fanout789/X                               6      9     -3 (VIOLATED)
fanout800/X                               6      9     -3 (VIOLATED)
fanout863/X                               6      9     -3 (VIOLATED)
fanout870/X                               6      9     -3 (VIOLATED)
fanout875/X                               6      9     -3 (VIOLATED)
fanout880/X                               6      9     -3 (VIOLATED)
fanout897/X                               6      9     -3 (VIOLATED)
fanout907/X                               6      9     -3 (VIOLATED)
fanout911/X                               6      9     -3 (VIOLATED)
fanout926/X                               6      9     -3 (VIOLATED)
fanout928/X                               6      9     -3 (VIOLATED)
fanout941/X                               6      9     -3 (VIOLATED)
fanout967/X                               6      9     -3 (VIOLATED)
fanout974/X                               6      9     -3 (VIOLATED)
hold1231/X                                6      9     -3 (VIOLATED)
hold1391/X                                6      9     -3 (VIOLATED)
hold1492/X                                6      9     -3 (VIOLATED)
hold1497/X                                6      9     -3 (VIOLATED)
hold1586/X                                6      9     -3 (VIOLATED)
hold1607/X                                6      9     -3 (VIOLATED)
hold1616/X                                6      9     -3 (VIOLATED)
hold1628/X                                6      9     -3 (VIOLATED)
hold1649/X                                6      9     -3 (VIOLATED)
hold1658/X                                6      9     -3 (VIOLATED)
hold1699/X                                6      9     -3 (VIOLATED)
hold1702/X                                6      9     -3 (VIOLATED)
hold1707/X                                6      9     -3 (VIOLATED)
hold1722/X                                6      9     -3 (VIOLATED)
hold1747/X                                6      9     -3 (VIOLATED)
hold1809/X                                6      9     -3 (VIOLATED)
hold1918/X                                6      9     -3 (VIOLATED)
hold1931/X                                6      9     -3 (VIOLATED)
hold1935/X                                6      9     -3 (VIOLATED)
hold2016/X                                6      9     -3 (VIOLATED)
hold2020/X                                6      9     -3 (VIOLATED)
hold2071/X                                6      9     -3 (VIOLATED)
hold2102/X                                6      9     -3 (VIOLATED)
hold2103/X                                6      9     -3 (VIOLATED)
hold2265/X                                6      9     -3 (VIOLATED)
hold2271/X                                6      9     -3 (VIOLATED)
_06567_/Y                                 6      8     -2 (VIOLATED)
clkbuf_leaf_100_clk_i/X                   6      8     -2 (VIOLATED)
clkbuf_leaf_104_clk_i/X                   6      8     -2 (VIOLATED)
clkbuf_leaf_132_clk_i/X                   6      8     -2 (VIOLATED)
clkbuf_leaf_133_clk_i/X                   6      8     -2 (VIOLATED)
clkbuf_leaf_148_clk_i/X                   6      8     -2 (VIOLATED)
clkbuf_leaf_157_clk_i/X                   6      8     -2 (VIOLATED)
clkbuf_leaf_15_clk_i/X                    6      8     -2 (VIOLATED)
clkbuf_leaf_162_clk_i/X                   6      8     -2 (VIOLATED)
clkbuf_leaf_164_clk_i/X                   6      8     -2 (VIOLATED)
clkbuf_leaf_165_clk_i/X                   6      8     -2 (VIOLATED)
clkbuf_leaf_168_clk_i/X                   6      8     -2 (VIOLATED)
clkbuf_leaf_176_clk_i/X                   6      8     -2 (VIOLATED)
clkbuf_leaf_178_clk_i/X                   6      8     -2 (VIOLATED)
clkbuf_leaf_183_clk_i/X                   6      8     -2 (VIOLATED)
clkbuf_leaf_22_clk_i/X                    6      8     -2 (VIOLATED)
clkbuf_leaf_34_clk_i/X                    6      8     -2 (VIOLATED)
clkbuf_leaf_36_clk_i/X                    6      8     -2 (VIOLATED)
clkbuf_leaf_50_clk_i/X                    6      8     -2 (VIOLATED)
clkbuf_leaf_61_clk_i/X                    6      8     -2 (VIOLATED)
clkbuf_leaf_68_clk_i/X                    6      8     -2 (VIOLATED)
clkbuf_leaf_74_clk_i/X                    6      8     -2 (VIOLATED)
clkbuf_leaf_79_clk_i/X                    6      8     -2 (VIOLATED)
clkbuf_leaf_88_clk_i/X                    6      8     -2 (VIOLATED)
fanout1232/X                              6      8     -2 (VIOLATED)
fanout1243/X                              6      8     -2 (VIOLATED)
fanout1346/X                              6      8     -2 (VIOLATED)
fanout1360/X                              6      8     -2 (VIOLATED)
fanout1382/X                              6      8     -2 (VIOLATED)
fanout1511/X                              6      8     -2 (VIOLATED)
fanout1612/X                              6      8     -2 (VIOLATED)
fanout1714/X                              6      8     -2 (VIOLATED)
fanout1739/X                              6      8     -2 (VIOLATED)
fanout1755/X                              6      8     -2 (VIOLATED)
fanout1765/X                              6      8     -2 (VIOLATED)
fanout2102/X                              6      8     -2 (VIOLATED)
fanout2302/X                              6      8     -2 (VIOLATED)
fanout370/X                               6      8     -2 (VIOLATED)
fanout431/X                               6      8     -2 (VIOLATED)
fanout486/X                               6      8     -2 (VIOLATED)
fanout614/X                               6      8     -2 (VIOLATED)
fanout616/X                               6      8     -2 (VIOLATED)
fanout619/X                               6      8     -2 (VIOLATED)
fanout793/X                               6      8     -2 (VIOLATED)
fanout881/X                               6      8     -2 (VIOLATED)
hold1690/X                                6      8     -2 (VIOLATED)
hold1727/X                                6      8     -2 (VIOLATED)
_04459_/X                                 6      7        (VIOLATED)
_04484_/X                                 6      7        (VIOLATED)
_04636_/X                                 6      7        (VIOLATED)
_04663_/X                                 6      7        (VIOLATED)
_05360_/Y                                 6      7        (VIOLATED)
_05683_/X                                 6      7        (VIOLATED)
_06337_/X                                 6      7        (VIOLATED)
_06390_/X                                 6      7        (VIOLATED)
_06566_/X                                 6      7        (VIOLATED)
_06619_/X                                 6      7        (VIOLATED)
_06639_/X                                 6      7        (VIOLATED)
_06812_/Y                                 6      7        (VIOLATED)
_06845_/X                                 6      7        (VIOLATED)
_06846_/Y                                 6      7        (VIOLATED)
_07139_/Y                                 6      7        (VIOLATED)
_07643_/Y                                 6      7        (VIOLATED)
_08238_/X                                 6      7        (VIOLATED)
clkbuf_leaf_102_clk_i/X                   6      7        (VIOLATED)
clkbuf_leaf_103_clk_i/X                   6      7        (VIOLATED)
clkbuf_leaf_106_clk_i/X                   6      7        (VIOLATED)
clkbuf_leaf_107_clk_i/X                   6      7        (VIOLATED)
clkbuf_leaf_109_clk_i/X                   6      7        (VIOLATED)
clkbuf_leaf_115_clk_i/X                   6      7        (VIOLATED)
clkbuf_leaf_118_clk_i/X                   6      7        (VIOLATED)
clkbuf_leaf_11_clk_i/X                    6      7        (VIOLATED)
clkbuf_leaf_124_clk_i/X                   6      7        (VIOLATED)
clkbuf_leaf_125_clk_i/X                   6      7        (VIOLATED)
clkbuf_leaf_126_clk_i/X                   6      7        (VIOLATED)
clkbuf_leaf_128_clk_i/X                   6      7        (VIOLATED)
clkbuf_leaf_131_clk_i/X                   6      7        (VIOLATED)
clkbuf_leaf_135_clk_i/X                   6      7        (VIOLATED)
clkbuf_leaf_137_clk_i/X                   6      7        (VIOLATED)
clkbuf_leaf_140_clk_i/X                   6      7        (VIOLATED)
clkbuf_leaf_146_clk_i/X                   6      7        (VIOLATED)
clkbuf_leaf_163_clk_i/X                   6      7        (VIOLATED)
clkbuf_leaf_166_clk_i/X                   6      7        (VIOLATED)
clkbuf_leaf_167_clk_i/X                   6      7        (VIOLATED)
clkbuf_leaf_171_clk_i/X                   6      7        (VIOLATED)
clkbuf_leaf_174_clk_i/X                   6      7        (VIOLATED)
clkbuf_leaf_19_clk_i/X                    6      7        (VIOLATED)
clkbuf_leaf_23_clk_i/X                    6      7        (VIOLATED)
clkbuf_leaf_26_clk_i/X                    6      7        (VIOLATED)
clkbuf_leaf_28_clk_i/X                    6      7        (VIOLATED)
clkbuf_leaf_30_clk_i/X                    6      7        (VIOLATED)
clkbuf_leaf_38_clk_i/X                    6      7        (VIOLATED)
clkbuf_leaf_47_clk_i/X                    6      7        (VIOLATED)
clkbuf_leaf_4_clk_i/X                     6      7        (VIOLATED)
clkbuf_leaf_52_clk_i/X                    6      7        (VIOLATED)
clkbuf_leaf_56_clk_i/X                    6      7        (VIOLATED)
clkbuf_leaf_62_clk_i/X                    6      7        (VIOLATED)
clkbuf_leaf_73_clk_i/X                    6      7        (VIOLATED)
clkbuf_leaf_85_clk_i/X                    6      7        (VIOLATED)
clkbuf_leaf_8_clk_i/X                     6      7        (VIOLATED)
clkbuf_leaf_90_clk_i/X                    6      7        (VIOLATED)
clkbuf_leaf_91_clk_i/X                    6      7        (VIOLATED)
clkbuf_leaf_95_clk_i/X                    6      7        (VIOLATED)
fanout1001/X                              6      7        (VIOLATED)
fanout1011/X                              6      7        (VIOLATED)
fanout1041/X                              6      7        (VIOLATED)
fanout1057/X                              6      7        (VIOLATED)
fanout1073/X                              6      7        (VIOLATED)
fanout1081/X                              6      7        (VIOLATED)
fanout1098/X                              6      7        (VIOLATED)
fanout1105/X                              6      7        (VIOLATED)
fanout1126/X                              6      7        (VIOLATED)
fanout1136/X                              6      7        (VIOLATED)
fanout1199/X                              6      7        (VIOLATED)
fanout1211/X                              6      7        (VIOLATED)
fanout1216/X                              6      7        (VIOLATED)
fanout1222/X                              6      7        (VIOLATED)
fanout1227/X                              6      7        (VIOLATED)
fanout1238/X                              6      7        (VIOLATED)
fanout1247/X                              6      7        (VIOLATED)
fanout1272/X                              6      7        (VIOLATED)
fanout1336/X                              6      7        (VIOLATED)
fanout1372/X                              6      7        (VIOLATED)
fanout1381/X                              6      7        (VIOLATED)
fanout1456/X                              6      7        (VIOLATED)
fanout1461/X                              6      7        (VIOLATED)
fanout1487/X                              6      7        (VIOLATED)
fanout1490/X                              6      7        (VIOLATED)
fanout1492/X                              6      7        (VIOLATED)
fanout1530/X                              6      7        (VIOLATED)
fanout1534/X                              6      7        (VIOLATED)
fanout1547/X                              6      7        (VIOLATED)
fanout1553/X                              6      7        (VIOLATED)
fanout1564/X                              6      7        (VIOLATED)
fanout1589/X                              6      7        (VIOLATED)
fanout1590/X                              6      7        (VIOLATED)
fanout1613/X                              6      7        (VIOLATED)
fanout1618/X                              6      7        (VIOLATED)
fanout1628/X                              6      7        (VIOLATED)
fanout1638/X                              6      7        (VIOLATED)
fanout1639/X                              6      7        (VIOLATED)
fanout1657/X                              6      7        (VIOLATED)
fanout1670/X                              6      7        (VIOLATED)
fanout1692/X                              6      7        (VIOLATED)
fanout1702/X                              6      7        (VIOLATED)
fanout1715/X                              6      7        (VIOLATED)
fanout1718/X                              6      7        (VIOLATED)
fanout1719/X                              6      7        (VIOLATED)
fanout1728/X                              6      7        (VIOLATED)
fanout1748/X                              6      7        (VIOLATED)
fanout1782/X                              6      7        (VIOLATED)
fanout1852/X                              6      7        (VIOLATED)
fanout1865/X                              6      7        (VIOLATED)
fanout1883/X                              6      7        (VIOLATED)
fanout1890/X                              6      7        (VIOLATED)
fanout1900/X                              6      7        (VIOLATED)
fanout1925/X                              6      7        (VIOLATED)
fanout1944/X                              6      7        (VIOLATED)
fanout1950/X                              6      7        (VIOLATED)
fanout1956/X                              6      7        (VIOLATED)
fanout1957/X                              6      7        (VIOLATED)
fanout2010/X                              6      7        (VIOLATED)
fanout2048/X                              6      7        (VIOLATED)
fanout2056/X                              6      7        (VIOLATED)
fanout2068/X                              6      7        (VIOLATED)
fanout2085/X                              6      7        (VIOLATED)
fanout2126/X                              6      7        (VIOLATED)
fanout2129/X                              6      7        (VIOLATED)
fanout2133/X                              6      7        (VIOLATED)
fanout2141/X                              6      7        (VIOLATED)
fanout2159/X                              6      7        (VIOLATED)
fanout2195/X                              6      7        (VIOLATED)
fanout2199/X                              6      7        (VIOLATED)
fanout2200/X                              6      7        (VIOLATED)
fanout2231/X                              6      7        (VIOLATED)
fanout2250/X                              6      7        (VIOLATED)
fanout2280/X                              6      7        (VIOLATED)
fanout2320/X                              6      7        (VIOLATED)
fanout2321/X                              6      7        (VIOLATED)
fanout2334/X                              6      7        (VIOLATED)
fanout2355/X                              6      7        (VIOLATED)
fanout2356/X                              6      7        (VIOLATED)
fanout2389/X                              6      7        (VIOLATED)
fanout2407/X                              6      7        (VIOLATED)
fanout2422/X                              6      7        (VIOLATED)
fanout2463/X                              6      7        (VIOLATED)
fanout2479/X                              6      7        (VIOLATED)
fanout2494/X                              6      7        (VIOLATED)
fanout2495/X                              6      7        (VIOLATED)
fanout311/X                               6      7        (VIOLATED)
fanout333/X                               6      7        (VIOLATED)
fanout348/X                               6      7        (VIOLATED)
fanout371/X                               6      7        (VIOLATED)
fanout394/X                               6      7        (VIOLATED)
fanout405/X                               6      7        (VIOLATED)
fanout438/X                               6      7        (VIOLATED)
fanout450/X                               6      7        (VIOLATED)
fanout493/X                               6      7        (VIOLATED)
fanout543/X                               6      7        (VIOLATED)
fanout611/X                               6      7        (VIOLATED)
fanout613/X                               6      7        (VIOLATED)
fanout642/X                               6      7        (VIOLATED)
fanout650/X                               6      7        (VIOLATED)
fanout651/X                               6      7        (VIOLATED)
fanout672/X                               6      7        (VIOLATED)
fanout682/X                               6      7        (VIOLATED)
fanout711/X                               6      7        (VIOLATED)
fanout728/X                               6      7        (VIOLATED)
fanout730/X                               6      7        (VIOLATED)
fanout760/X                               6      7        (VIOLATED)
fanout771/X                               6      7        (VIOLATED)
fanout777/X                               6      7        (VIOLATED)
fanout791/X                               6      7        (VIOLATED)
fanout806/X                               6      7        (VIOLATED)
fanout822/X                               6      7        (VIOLATED)
fanout847/X                               6      7        (VIOLATED)
fanout864/X                               6      7        (VIOLATED)
fanout900/X                               6      7        (VIOLATED)
fanout913/X                               6      7        (VIOLATED)
fanout937/X                               6      7        (VIOLATED)
fanout989/X                               6      7        (VIOLATED)
fanout995/X                               6      7        (VIOLATED)
fanout999/X                               6      7        (VIOLATED)
hold1174/X                                6      7        (VIOLATED)
hold1225/X                                6      7        (VIOLATED)
hold1262/X                                6      7        (VIOLATED)
hold1321/X                                6      7        (VIOLATED)
hold1325/X                                6      7        (VIOLATED)
hold1328/X                                6      7        (VIOLATED)
hold1343/X                                6      7        (VIOLATED)
hold1359/X                                6      7        (VIOLATED)
hold1365/X                                6      7        (VIOLATED)
hold1381/X                                6      7        (VIOLATED)
hold1399/X                                6      7        (VIOLATED)
hold1401/X                                6      7        (VIOLATED)
hold1406/X                                6      7        (VIOLATED)
hold1410/X                                6      7        (VIOLATED)
hold1440/X                                6      7        (VIOLATED)
hold1462/X                                6      7        (VIOLATED)
hold1468/X                                6      7        (VIOLATED)
hold1474/X                                6      7        (VIOLATED)
hold1476/X                                6      7        (VIOLATED)
hold1478/X                                6      7        (VIOLATED)
hold1485/X                                6      7        (VIOLATED)
hold1499/X                                6      7        (VIOLATED)
hold1501/X                                6      7        (VIOLATED)
hold1503/X                                6      7        (VIOLATED)
hold1505/X                                6      7        (VIOLATED)
hold1510/X                                6      7        (VIOLATED)
hold1516/X                                6      7        (VIOLATED)
hold1532/X                                6      7        (VIOLATED)
hold1540/X                                6      7        (VIOLATED)
hold1547/X                                6      7        (VIOLATED)
hold1557/X                                6      7        (VIOLATED)
hold1572/X                                6      7        (VIOLATED)
hold1589/X                                6      7        (VIOLATED)
hold1619/X                                6      7        (VIOLATED)
hold1622/X                                6      7        (VIOLATED)
hold1647/X                                6      7        (VIOLATED)
hold1675/X                                6      7        (VIOLATED)
hold1687/X                                6      7        (VIOLATED)
hold1717/X                                6      7        (VIOLATED)
hold1741/X                                6      7        (VIOLATED)
hold1766/X                                6      7        (VIOLATED)
hold1847/X                                6      7        (VIOLATED)
hold1889/X                                6      7        (VIOLATED)
hold1898/X                                6      7        (VIOLATED)
hold1959/X                                6      7        (VIOLATED)
hold2047/X                                6      7        (VIOLATED)
hold2056/X                                6      7        (VIOLATED)
hold2057/X                                6      7        (VIOLATED)
hold2131/X                                6      7        (VIOLATED)
hold2164/X                                6      7        (VIOLATED)
hold2165/X                                6      7        (VIOLATED)
hold2179/X                                6      7        (VIOLATED)
hold2201/X                                6      7        (VIOLATED)
hold2213/X                                6      7        (VIOLATED)
hold2245/X                                6      7        (VIOLATED)
hold2270/X                                6      7        (VIOLATED)
hold2349/X                                6      7        (VIOLATED)
hold5190/X                                6      7        (VIOLATED)
hold5256/X                                6      7        (VIOLATED)
hold5300/X                                6      7        (VIOLATED)
hold5370/X                                6      7        (VIOLATED)
hold5435/X                                6      7        (VIOLATED)
hold967/X                                 6      7        (VIOLATED)
input128/X                                6      7        (VIOLATED)
input133/X                                6      7        (VIOLATED)
input134/X                                6      7        (VIOLATED)
input137/X                                6      7        (VIOLATED)

max capacitance

Pin                                        Limit         Cap       Slack
------------------------------------------------------------------------
clkbuf_0_clk_i/X                        0.200000    0.315884   -0.115884 (VIOLATED)
clkbuf_4_6__f_clk_i/X                   0.200000    0.295528   -0.095528 (VIOLATED)
hold1607/X                              0.154734    0.249909   -0.095175 (VIOLATED)
hold1883/X                              0.200000    0.268497   -0.068497 (VIOLATED)
hold1733/X                              0.200000    0.264332   -0.064332 (VIOLATED)
hold1941/X                              0.154734    0.218413   -0.063679 (VIOLATED)
_05432_/X                               0.200000    0.262075   -0.062074 (VIOLATED)
_05532_/X                               0.200000    0.259158   -0.059158 (VIOLATED)
fanout1793/X                            0.200000    0.257818   -0.057818 (VIOLATED)
hold1652/X                              0.154734    0.207814   -0.053080 (VIOLATED)
hold1968/X                              0.154734    0.207449   -0.052715 (VIOLATED)
_05536_/X                               0.200000    0.252336   -0.052336 (VIOLATED)
hold1890/X                              0.154734    0.204037   -0.049303 (VIOLATED)
hold2123/X                              0.154734    0.198541   -0.043807 (VIOLATED)
hold2029/X                              0.200000    0.243458   -0.043458 (VIOLATED)
_05557_/X                               0.200000    0.241908   -0.041908 (VIOLATED)
clkbuf_4_1__f_clk_i/X                   0.200000    0.241275   -0.041275 (VIOLATED)
hold1945/X                              0.154734    0.195837   -0.041103 (VIOLATED)
hold1566/X                              0.154734    0.195476   -0.040742 (VIOLATED)
hold1727/X                              0.200000    0.236167   -0.036167 (VIOLATED)
hold1625/X                              0.154734    0.189542   -0.034808 (VIOLATED)
clkbuf_4_12__f_clk_i/X                  0.200000    0.234673   -0.034673 (VIOLATED)
fanout1787/X                            0.200000    0.231844   -0.031844 (VIOLATED)
_05522_/X                               0.200000    0.226846   -0.026846 (VIOLATED)
hold1886/X                              0.154734    0.181341   -0.026607 (VIOLATED)
hold1720/X                              0.154734    0.181326   -0.026592 (VIOLATED)
hold2102/X                              0.154734    0.180339   -0.025605 (VIOLATED)
hold1693/X                              0.200000    0.222680   -0.022680 (VIOLATED)
_05548_/X                               0.200000    0.222147   -0.022147 (VIOLATED)
_05526_/X                               0.200000    0.221977   -0.021977 (VIOLATED)
hold2071/X                              0.154734    0.175702   -0.020968 (VIOLATED)
hold2155/X                              0.154734    0.173496   -0.018762 (VIOLATED)
fanout772/X                             0.200000    0.218204   -0.018204 (VIOLATED)
hold1744/X                              0.154734    0.170965   -0.016231 (VIOLATED)
_04490_/Y                               0.064097    0.079913   -0.015816 (VIOLATED)
_05407_/X                               0.200000    0.215157   -0.015157 (VIOLATED)
hold2072/X                              0.154734    0.166305   -0.011571 (VIOLATED)
_05449_/X                               0.200000    0.209538   -0.009538 (VIOLATED)
_04419_/Y                               0.141917    0.151169   -0.009252 (VIOLATED)
_05551_/X                               0.200000    0.206326   -0.006326 (VIOLATED)
clkbuf_4_4__f_clk_i/X                   0.200000    0.204844   -0.004844 (VIOLATED)
_04452_/Y                               0.141917    0.146725   -0.004808 (VIOLATED)
_05487_/X                               0.200000    0.204667   -0.004667 (VIOLATED)
_05360_/Y                               0.112620    0.113980   -0.001360 (VIOLATED)



===========================================================================
report_parasitic_annotation -report_unannotated
============================================================================
Found 282 unannotated drivers.
 regs_tl_d_i[103]
 regs_tl_d_i[104]
 regs_tl_d_i[105]
 regs_tl_d_i[106]
 regs_tl_d_i[10]
 regs_tl_d_i[11]
 regs_tl_d_i[12]
 regs_tl_d_i[13]
 regs_tl_d_i[14]
 regs_tl_d_i[15]
 regs_tl_d_i[16]
 regs_tl_d_i[17]
 regs_tl_d_i[18]
 regs_tl_d_i[19]
 regs_tl_d_i[1]
 regs_tl_d_i[20]
 regs_tl_d_i[21]
 regs_tl_d_i[22]
 regs_tl_d_i[23]
 regs_tl_d_i[24]
 regs_tl_d_i[2]
 regs_tl_d_i[3]
 regs_tl_d_i[4]
 regs_tl_d_i[5]
 regs_tl_d_i[6]
 regs_tl_d_i[73]
 regs_tl_d_i[74]
 regs_tl_d_i[75]
 regs_tl_d_i[76]
 regs_tl_d_i[77]
 regs_tl_d_i[78]
 regs_tl_d_i[79]
 regs_tl_d_i[7]
 regs_tl_d_i[80]
 regs_tl_d_i[81]
 regs_tl_d_i[82]
 regs_tl_d_i[83]
 regs_tl_d_i[84]
 regs_tl_d_i[85]
 regs_tl_d_i[86]
 regs_tl_d_i[87]
 regs_tl_d_i[88]
 regs_tl_d_i[89]
 regs_tl_d_i[8]
 regs_tl_d_i[90]
 regs_tl_d_i[91]
 regs_tl_d_i[92]
 regs_tl_d_i[9]
 sba_tl_h_i[10]
 sba_tl_h_i[11]
 sba_tl_h_i[12]
 sba_tl_h_i[13]
 sba_tl_h_i[14]
 sba_tl_h_i[15]
 sba_tl_h_i[2]
 sba_tl_h_i[3]
 sba_tl_h_i[48]
 sba_tl_h_i[49]
 sba_tl_h_i[4]
 sba_tl_h_i[50]
 sba_tl_h_i[51]
 sba_tl_h_i[52]
 sba_tl_h_i[53]
 sba_tl_h_i[54]
 sba_tl_h_i[55]
 sba_tl_h_i[56]
 sba_tl_h_i[57]
 sba_tl_h_i[58]
 sba_tl_h_i[59]
 sba_tl_h_i[5]
 sba_tl_h_i[60]
 sba_tl_h_i[61]
 sba_tl_h_i[62]
 sba_tl_h_i[63]
 sba_tl_h_i[64]
 sba_tl_h_i[6]
 sba_tl_h_i[7]
 sba_tl_h_i[8]
 sba_tl_h_i[9]
 clkload0/Y
 clkload1/Y
 clkload10/Y
 clkload100/Y
 clkload101/Y
 clkload102/Y
 clkload103/Y
 clkload104/X
 clkload105/Y
 clkload106/Y
 clkload107/X
 clkload108/X
 clkload109/Y
 clkload11/X
 clkload110/Y
 clkload111/Y
 clkload112/Y
 clkload113/Y
 clkload114/X
 clkload115/X
 clkload116/Y
 clkload117/Y
 clkload118/X
 clkload119/X
 clkload12/X
 clkload120/X
 clkload121/Y
 clkload122/Y
 clkload123/Y
 clkload124/X
 clkload125/Y
 clkload126/X
 clkload127/Y
 clkload128/Y
 clkload129/X
 clkload13/Y
 clkload130/Y
 clkload131/Y
 clkload132/Y
 clkload133/Y
 clkload134/Y
 clkload135/Y
 clkload136/Y
 clkload137/Y
 clkload138/Y
 clkload139/Y
 clkload14/Y
 clkload140/X
 clkload141/Y
 clkload142/Y
 clkload143/Y
 clkload144/X
 clkload145/Y
 clkload146/Y
 clkload147/X
 clkload148/X
 clkload149/X
 clkload15/X
 clkload150/X
 clkload151/Y
 clkload152/Y
 clkload153/Y
 clkload154/Y
 clkload155/Y
 clkload156/X
 clkload157/Y
 clkload158/Y
 clkload159/X
 clkload16/X
 clkload160/Y
 clkload161/Y
 clkload162/X
 clkload163/X
 clkload164/Y
 clkload165/Y
 clkload166/Y
 clkload167/Y
 clkload168/X
 clkload17/Y
 clkload18/Y
 clkload19/Y
 clkload2/Y
 clkload20/Y
 clkload21/X
 clkload22/X
 clkload23/Y
 clkload24/X
 clkload25/Y
 clkload26/Y
 clkload27/Y
 clkload28/X
 clkload29/X
 clkload3/Y
 clkload30/X
 clkload31/X
 clkload32/X
 clkload33/X
 clkload34/X
 clkload35/Y
 clkload36/Y
 clkload37/Y
 clkload38/Y
 clkload39/Y
 clkload4/X
 clkload40/Y
 clkload41/Y
 clkload42/Y
 clkload43/Y
 clkload44/Y
 clkload45/X
 clkload46/Y
 clkload47/Y
 clkload48/Y
 clkload49/Y
 clkload5/X
 clkload50/X
 clkload51/Y
 clkload52/Y
 clkload53/Y
 clkload54/Y
 clkload55/Y
 clkload56/Y
 clkload57/Y
 clkload58/Y
 clkload59/Y
 clkload6/X
 clkload60/Y
 clkload61/Y
 clkload62/Y
 clkload63/Y
 clkload64/X
 clkload65/X
 clkload66/Y
 clkload67/Y
 clkload68/Y
 clkload69/X
 clkload7/Y
 clkload70/Y
 clkload71/Y
 clkload72/X
 clkload73/Y
 clkload74/Y
 clkload75/X
 clkload76/X
 clkload77/Y
 clkload78/X
 clkload79/Y
 clkload8/X
 clkload80/Y
 clkload81/X
 clkload82/X
 clkload83/X
 clkload84/X
 clkload85/X
 clkload86/Y
 clkload87/Y
 clkload88/Y
 clkload89/X
 clkload9/Y
 clkload90/X
 clkload91/X
 clkload92/X
 clkload93/X
 clkload94/X
 clkload95/Y
 clkload96/Y
 clkload97/X
 clkload98/Y
 clkload99/X
 vyges_rv_dbg_tlul_2496/HI
 vyges_rv_dbg_tlul_2497/HI
 vyges_rv_dbg_tlul_2498/HI
 vyges_rv_dbg_tlul_2499/HI
 vyges_rv_dbg_tlul_2500/HI
 vyges_rv_dbg_tlul_2501/HI
 vyges_rv_dbg_tlul_2502/HI
 vyges_rv_dbg_tlul_2503/HI
 vyges_rv_dbg_tlul_2504/HI
 vyges_rv_dbg_tlul_2505/HI
 vyges_rv_dbg_tlul_2506/HI
 vyges_rv_dbg_tlul_2507/HI
 vyges_rv_dbg_tlul_2508/HI
 vyges_rv_dbg_tlul_2509/HI
 vyges_rv_dbg_tlul_2510/HI
 vyges_rv_dbg_tlul_2511/HI
 vyges_rv_dbg_tlul_2512/HI
 vyges_rv_dbg_tlul_2513/HI
 vyges_rv_dbg_tlul_2514/HI
 vyges_rv_dbg_tlul_2515/HI
 vyges_rv_dbg_tlul_2516/HI
 vyges_rv_dbg_tlul_2517/HI
 vyges_rv_dbg_tlul_2518/HI
 vyges_rv_dbg_tlul_2519/HI
 vyges_rv_dbg_tlul_2520/HI
 vyges_rv_dbg_tlul_2521/HI
 vyges_rv_dbg_tlul_2522/HI
 vyges_rv_dbg_tlul_2523/HI
 vyges_rv_dbg_tlul_2524/HI
 vyges_rv_dbg_tlul_2525/HI
 vyges_rv_dbg_tlul_2526/LO
 vyges_rv_dbg_tlul_2527/LO
 vyges_rv_dbg_tlul_2528/LO
 vyges_rv_dbg_tlul_2529/LO
Found 0 partially unannotated drivers.

===========================================================================
max slew violation count 607
max fanout violation count 898
max cap violation count 44
============================================================================

===========================================================================
check_setup -verbose -unconstrained_endpoints -multiple_clock -no_clock -no_input_delay -loops -generated_clocks
===========================================================================
Warning: There are 289 unclocked register/latch pins.
  _08896_/CLK
  _08897_/CLK
  _08898_/CLK
  _08899_/CLK
  _08900_/CLK
  _08901_/CLK
  _08902_/CLK
  _08903_/CLK
  _08904_/CLK
  _08905_/CLK
  _08906_/CLK
  _08907_/CLK
  _08908_/CLK
  _08909_/CLK
  _08910_/CLK
  _08911_/CLK
  _08912_/CLK
  _08913_/CLK
  _08914_/CLK
  _08915_/CLK
  _08916_/CLK
  _08917_/CLK
  _08918_/CLK
  _08919_/CLK
  _08920_/CLK
  _08921_/CLK
  _08922_/CLK
  _08923_/CLK
  _08924_/CLK
  _08925_/CLK
  _09120_/CLK
  _09121_/CLK
  _09122_/CLK
  _09123_/CLK
  _09124_/CLK
  _09756_/CLK
  _09757_/CLK
  _09758_/CLK
  _09759_/CLK
  _09760_/CLK
  _09761_/CLK
  _09762_/CLK
  _09763_/CLK
  _09764_/CLK
  _09765_/CLK
  _09766_/CLK
  _09767_/CLK
  _09768_/CLK
  _09769_/CLK
  _09770_/CLK
  _09771_/CLK
  _09772_/CLK
  _09773_/CLK
  _09774_/CLK
  _09775_/CLK
  _09776_/CLK
  _09777_/CLK
  _09778_/CLK
  _09779_/CLK
  _09780_/CLK
  _09781_/CLK
  _09782_/CLK
  _09783_/CLK
  _09784_/CLK
  _09785_/CLK
  _09786_/CLK
  _09787_/CLK
  _09788_/CLK
  _09789_/CLK
  _09790_/CLK
  _09791_/CLK
  _09792_/CLK
  _09793_/CLK
  _09794_/CLK
  _09795_/CLK
  _09796_/CLK
  _09797_/CLK
  _09798_/CLK
  _09799_/CLK
  _09800_/CLK
  _09801_/CLK
  _09802_/CLK
  _09803_/CLK
  _09818_/CLK
  _09819_/CLK
  _09829_/CLK
  _09871_/CLK
  _09872_/CLK
  _09873_/CLK
  _09874_/CLK
  _09876_/CLK
  _09891_/CLK
  _09892_/CLK
  _09893_/CLK
  _09894_/CLK
  _09895_/CLK
  _09896_/CLK
  _09897_/CLK
  _09898_/CLK
  _09899_/CLK
  _09900_/CLK
  _09901_/CLK
  _09902_/CLK
  _09903_/CLK
  _09904_/CLK
  _09905_/CLK
  _09906_/CLK
  _09907_/CLK
  _09908_/CLK
  _09909_/CLK
  _09910_/CLK
  _09911_/CLK
  _09912_/CLK
  _09913_/CLK
  _09914_/CLK
  _09915_/CLK
  _09916_/CLK
  _09917_/CLK
  _09918_/CLK
  _09919_/CLK
  _09920_/CLK
  _09921_/CLK
  _09922_/CLK
  _09923_/CLK
  _09924_/CLK
  _09925_/CLK
  _09926_/CLK
  _09927_/CLK
  _09928_/CLK
  _09929_/CLK
  _09930_/CLK
  _09931_/CLK
  _09934_/CLK
  _09935_/CLK
  _09936_/CLK
  _09937_/CLK
  _09938_/CLK
  _09939_/CLK
  _09940_/CLK
  _09941_/CLK
  _09942_/CLK
  _09943_/CLK
  _09944_/CLK
  _09945_/CLK
  _09946_/CLK
  _09947_/CLK
  _09950_/CLK
  _09951_/CLK
  _09952_/CLK
  _09953_/CLK
  _09954_/CLK
  _09955_/CLK
  _09956_/CLK
  _09957_/CLK
  _09958_/CLK
  _09960_/CLK
  _09961_/CLK
  _09962_/CLK
  _09963_/CLK
  _09964_/CLK
  _09965_/CLK
  _09966_/CLK
  _09967_/CLK
  _09968_/CLK
  _09969_/CLK
  _09970_/CLK
  _09971_/CLK
  _09972_/CLK
  _09973_/CLK
  _09974_/CLK
  _09975_/CLK
  _09976_/CLK
  _09977_/CLK
  _09978_/CLK
  _09979_/CLK
  _09980_/CLK
  _09981_/CLK
  _09982_/CLK
  _09983_/CLK
  _09984_/CLK
  _09985_/CLK
  _09986_/CLK
  _09987_/CLK
  _09988_/CLK
  _09989_/CLK
  _09990_/CLK
  _09991_/CLK
  _09992_/CLK
  _09996_/CLK
  _09998_/CLK
  _10000_/CLK
  _10001_/CLK
  _10002_/CLK
  _10003_/CLK
  _10004_/CLK
  _10008_/CLK
  _10009_/CLK
  _10010_/CLK
  _10011_/CLK
  _10012_/CLK
  _10013_/CLK
  _10014_/CLK
  _10015_/CLK
  _10016_/CLK
  _10017_/CLK
  _10018_/CLK
  _10019_/CLK
  _10020_/CLK
  _10021_/CLK
  _10022_/CLK
  _10023_/CLK
  _10024_/CLK
  _10025_/CLK
  _10026_/CLK
  _10027_/CLK
  _10028_/CLK
  _10029_/CLK
  _10030_/CLK
  _10031_/CLK
  _10032_/CLK
  _10033_/CLK
  _10034_/CLK
  _10035_/CLK
  _10036_/CLK
  _10037_/CLK
  _10038_/CLK
  _10039_/CLK
  _10040_/CLK
  _10041_/CLK
  _10042_/CLK
  _10043_/CLK
  _10077_/CLK
  _10078_/CLK
  _10079_/CLK
  _10080_/CLK
  _10081_/CLK
  _10082_/CLK
  _10083_/CLK
  _10084_/CLK
  _10085_/CLK
  _10086_/CLK
  _10087_/CLK
  _10088_/CLK
  _10089_/CLK
  _10090_/CLK
  _10091_/CLK
  _10092_/CLK
  _10093_/CLK
  _10094_/CLK
  _10095_/CLK
  _10096_/CLK
  _10097_/CLK
  _10098_/CLK
  _10099_/CLK
  _10100_/CLK
  _10101_/CLK
  _10102_/CLK
  _10103_/CLK
  _10104_/CLK
  _10105_/CLK
  _10106_/CLK
  _10107_/CLK
  _10108_/CLK
  _10109_/CLK
  _10110_/CLK
  _10111_/CLK
  _10112_/CLK
  _10113_/CLK
  _10114_/CLK
  _10115_/CLK
  _10116_/CLK
  _10117_/CLK
  _10118_/CLK
  _10119_/CLK
  _10120_/CLK
  _10121_/CLK
  _10122_/CLK
  _10123_/CLK
  _10124_/CLK
  _10125_/CLK
  _10126_/CLK
  _10127_/CLK
  _10128_/CLK
  _10129_/CLK
  _10133_/CLK
  _10134_/CLK
  _10135_/CLK
  _10136_/CLK
  _10137_/CLK
Warning: There are 331 unconstrained endpoints.
  jtag_tdo_o
  jtag_tdo_oe_o
  regs_tl_d_o[11]
  regs_tl_d_o[15]
  regs_tl_d_o[1]
  regs_tl_d_o[48]
  regs_tl_d_o[59]
  regs_tl_d_o[60]
  regs_tl_d_o[61]
  regs_tl_d_o[63]
  regs_tl_d_o[64]
  sba_tl_h_o[0]
  sba_tl_h_o[100]
  sba_tl_h_o[101]
  sba_tl_h_o[102]
  sba_tl_h_o[103]
  sba_tl_h_o[104]
  sba_tl_h_o[105]
  sba_tl_h_o[107]
  sba_tl_h_o[15]
  sba_tl_h_o[16]
  sba_tl_h_o[17]
  sba_tl_h_o[18]
  sba_tl_h_o[19]
  sba_tl_h_o[20]
  sba_tl_h_o[21]
  sba_tl_h_o[22]
  sba_tl_h_o[23]
  sba_tl_h_o[24]
  sba_tl_h_o[93]
  sba_tl_h_o[94]
  sba_tl_h_o[95]
  sba_tl_h_o[96]
  sba_tl_h_o[97]
  sba_tl_h_o[98]
  sba_tl_h_o[99]
  _08896_/D
  _08897_/D
  _08898_/D
  _08899_/D
  _08900_/D
  _08901_/D
  _08902_/D
  _08903_/D
  _08904_/D
  _08905_/D
  _08906_/D
  _08907_/D
  _08908_/D
  _08909_/D
  _08910_/D
  _08911_/D
  _08912_/D
  _08913_/D
  _08914_/D
  _08915_/D
  _08916_/D
  _08917_/D
  _08918_/D
  _08919_/D
  _08920_/D
  _08921_/D
  _08922_/D
  _08923_/D
  _08924_/D
  _08925_/D
  _09120_/D
  _09121_/D
  _09122_/D
  _09123_/D
  _09124_/D
  _09756_/D
  _09757_/D
  _09758_/D
  _09759_/D
  _09760_/D
  _09761_/D
  _09762_/D
  _09763_/D
  _09764_/D
  _09765_/D
  _09766_/D
  _09767_/D
  _09768_/D
  _09769_/D
  _09770_/D
  _09771_/D
  _09772_/D
  _09773_/D
  _09774_/D
  _09775_/D
  _09776_/D
  _09777_/D
  _09778_/D
  _09779_/D
  _09780_/D
  _09781_/D
  _09782_/D
  _09783_/D
  _09784_/D
  _09785_/D
  _09786_/D
  _09787_/D
  _09788_/D
  _09789_/D
  _09790_/D
  _09791_/D
  _09792_/D
  _09793_/D
  _09794_/D
  _09795_/D
  _09796_/D
  _09797_/D
  _09798_/D
  _09799_/D
  _09800_/D
  _09801_/D
  _09802_/D
  _09803_/D
  _09809_/D
  _09816_/D
  _09818_/D
  _09819_/D
  _09826_/D
  _09829_/D
  _09871_/D
  _09872_/D
  _09873_/D
  _09874_/D
  _09876_/D
  _09882_/D
  _09889_/D
  _09891_/D
  _09892_/D
  _09893_/D
  _09894_/D
  _09895_/D
  _09896_/D
  _09897_/D
  _09898_/D
  _09899_/D
  _09900_/D
  _09901_/D
  _09902_/D
  _09903_/D
  _09904_/D
  _09905_/D
  _09906_/D
  _09907_/D
  _09908_/D
  _09909_/D
  _09910_/D
  _09911_/D
  _09912_/D
  _09913_/D
  _09914_/D
  _09915_/D
  _09916_/D
  _09917_/D
  _09918_/D
  _09919_/D
  _09920_/D
  _09921_/D
  _09922_/D
  _09923_/D
  _09924_/D
  _09925_/D
  _09926_/D
  _09927_/D
  _09928_/D
  _09929_/D
  _09930_/D
  _09931_/D
  _09934_/D
  _09935_/D
  _09936_/D
  _09937_/D
  _09938_/D
  _09939_/D
  _09940_/D
  _09941_/D
  _09942_/D
  _09943_/D
  _09944_/D
  _09945_/D
  _09946_/D
  _09947_/D
  _09950_/D
  _09951_/D
  _09952_/D
  _09953_/D
  _09954_/D
  _09955_/D
  _09956_/D
  _09957_/D
  _09958_/D
  _09960_/D
  _09961_/D
  _09962_/D
  _09963_/D
  _09964_/D
  _09965_/D
  _09966_/D
  _09967_/D
  _09968_/D
  _09969_/D
  _09970_/D
  _09971_/D
  _09972_/D
  _09973_/D
  _09974_/D
  _09975_/D
  _09976_/D
  _09977_/D
  _09978_/D
  _09979_/D
  _09980_/D
  _09981_/D
  _09982_/D
  _09983_/D
  _09984_/D
  _09985_/D
  _09986_/D
  _09987_/D
  _09988_/D
  _09989_/D
  _09990_/D
  _09991_/D
  _09992_/D
  _09993_/D
  _09996_/D
  _09998_/D
  _10000_/D
  _10001_/D
  _10002_/D
  _10003_/D
  _10004_/D
  _10008_/D
  _10009_/D
  _10010_/D
  _10011_/D
  _10012_/D
  _10013_/D
  _10014_/D
  _10015_/D
  _10016_/D
  _10017_/D
  _10018_/D
  _10019_/D
  _10020_/D
  _10021_/D
  _10022_/D
  _10023_/D
  _10024_/D
  _10025_/D
  _10026_/D
  _10027_/D
  _10028_/D
  _10029_/D
  _10030_/D
  _10031_/D
  _10032_/D
  _10033_/D
  _10034_/D
  _10035_/D
  _10036_/D
  _10037_/D
  _10038_/D
  _10039_/D
  _10040_/D
  _10041_/D
  _10042_/D
  _10043_/D
  _10077_/D
  _10078_/D
  _10079_/D
  _10080_/D
  _10081_/D
  _10082_/D
  _10083_/D
  _10084_/D
  _10085_/D
  _10086_/D
  _10087_/D
  _10088_/D
  _10089_/D
  _10090_/D
  _10091_/D
  _10092_/D
  _10093_/D
  _10094_/D
  _10095_/D
  _10096_/D
  _10097_/D
  _10098_/D
  _10099_/D
  _10100_/D
  _10101_/D
  _10102_/D
  _10103_/D
  _10104_/D
  _10105_/D
  _10106_/D
  _10107_/D
  _10108_/D
  _10109_/D
  _10110_/D
  _10111_/D
  _10112_/D
  _10113_/D
  _10114_/D
  _10115_/D
  _10116_/D
  _10117_/D
  _10118_/D
  _10119_/D
  _10120_/D
  _10121_/D
  _10122_/D
  _10123_/D
  _10124_/D
  _10125_/D
  _10126_/D
  _10127_/D
  _10128_/D
  _10129_/D
  _10133_/D
  _10134_/D
  _10135_/D
  _10136_/D
  _10137_/D
