solid OpenSCAD_Model
  facet normal 0.956941 0.290283 0
    outer loop
      vertex 64.9231 51.7804 20.6
      vertex 64.6955 52.5307 0
      vertex 64.6955 52.5307 20.6
    endloop
  endfacet
  facet normal 0.956941 0.290283 0
    outer loop
      vertex 64.6955 52.5307 0
      vertex 64.9231 51.7804 20.6
      vertex 64.9231 51.7804 0
    endloop
  endfacet
  facet normal -0.634389 -0.773014 0
    outer loop
      vertex 1.17157 1.17157 0
      vertex 1.77772 0.674121 20.6
      vertex 1.17157 1.17157 20.6
    endloop
  endfacet
  facet normal -0.634389 -0.773014 -0
    outer loop
      vertex 1.77772 0.674121 20.6
      vertex 1.17157 1.17157 0
      vertex 1.77772 0.674121 0
    endloop
  endfacet
  facet normal -0.471356 0.881943 0
    outer loop
      vertex 2.46927 54.6955 0
      vertex 1.77772 54.3259 20.6
      vertex 2.46927 54.6955 20.6
    endloop
  endfacet
  facet normal -0.471356 0.881943 0
    outer loop
      vertex 1.77772 54.3259 20.6
      vertex 2.46927 54.6955 0
      vertex 1.77772 54.3259 0
    endloop
  endfacet
  facet normal -0.95694 -0.290286 0
    outer loop
      vertex 0.304482 2.46927 0
      vertex 0.0768585 3.21964 20.6
      vertex 0.0768585 3.21964 0
    endloop
  endfacet
  facet normal -0.95694 -0.290286 0
    outer loop
      vertex 0.0768585 3.21964 20.6
      vertex 0.304482 2.46927 0
      vertex 0.304482 2.46927 20.6
    endloop
  endfacet
  facet normal 0.290283 0.956941 -0
    outer loop
      vertex 62.5307 54.6955 0
      vertex 61.7804 54.9231 20.6
      vertex 62.5307 54.6955 20.6
    endloop
  endfacet
  facet normal 0.290283 0.956941 0
    outer loop
      vertex 61.7804 54.9231 20.6
      vertex 62.5307 54.6955 0
      vertex 61.7804 54.9231 0
    endloop
  endfacet
  facet normal 1 0 0
    outer loop
      vertex 65 35.5 7
      vertex 65 51 20.6
      vertex 65 35.5 18.6
    endloop
  endfacet
  facet normal 1 0 0
    outer loop
      vertex 65 51 20.6
      vertex 65 19.5 18.6
      vertex 65 35.5 18.6
    endloop
  endfacet
  facet normal 1 0 0
    outer loop
      vertex 65 19.5 18.6
      vertex 65 4 20.6
      vertex 65 19.5 7
    endloop
  endfacet
  facet normal 1 -0 0
    outer loop
      vertex 65 4 20.6
      vertex 65 19.5 18.6
      vertex 65 51 20.6
    endloop
  endfacet
  facet normal 1 0 0
    outer loop
      vertex 65 51 20.6
      vertex 65 35.5 7
      vertex 65 51 0
    endloop
  endfacet
  facet normal 1 -0 0
    outer loop
      vertex 65 19.5 7
      vertex 65 51 0
      vertex 65 35.5 7
    endloop
  endfacet
  facet normal 1 0 0
    outer loop
      vertex 65 19.5 7
      vertex 65 4 0
      vertex 65 51 0
    endloop
  endfacet
  facet normal 1 0 0
    outer loop
      vertex 65 4 0
      vertex 65 19.5 7
      vertex 65 4 20.6
    endloop
  endfacet
  facet normal 0.0980643 0.99518 -0
    outer loop
      vertex 61.7804 54.9231 0
      vertex 61 55 20.6
      vertex 61.7804 54.9231 20.6
    endloop
  endfacet
  facet normal 0.0980643 0.99518 0
    outer loop
      vertex 61 55 20.6
      vertex 61.7804 54.9231 0
      vertex 61 55 0
    endloop
  endfacet
  facet normal -0.0980692 0.99518 0
    outer loop
      vertex 4 55 0
      vertex 3.21964 54.9231 20.6
      vertex 4 55 20.6
    endloop
  endfacet
  facet normal -0.0980692 0.99518 0
    outer loop
      vertex 3.21964 54.9231 20.6
      vertex 4 55 0
      vertex 3.21964 54.9231 0
    endloop
  endfacet
  facet normal -0.773014 -0.634389 0
    outer loop
      vertex 1.17157 1.17157 0
      vertex 0.674121 1.77772 20.6
      vertex 0.674121 1.77772 0
    endloop
  endfacet
  facet normal -0.773014 -0.634389 0
    outer loop
      vertex 0.674121 1.77772 20.6
      vertex 1.17157 1.17157 0
      vertex 1.17157 1.17157 20.6
    endloop
  endfacet
  facet normal -0.881937 0.471368 0
    outer loop
      vertex 0.304482 52.5307 0
      vertex 0.674121 53.2223 20.6
      vertex 0.674121 53.2223 0
    endloop
  endfacet
  facet normal -0.881937 0.471368 0
    outer loop
      vertex 0.674121 53.2223 20.6
      vertex 0.304482 52.5307 0
      vertex 0.304482 52.5307 20.6
    endloop
  endfacet
  facet normal -0.995185 -0.0980168 0
    outer loop
      vertex 0.0768585 3.21964 0
      vertex 0 4 20.6
      vertex 0 4 0
    endloop
  endfacet
  facet normal -0.995185 -0.0980168 0
    outer loop
      vertex 0 4 20.6
      vertex 0.0768585 3.21964 0
      vertex 0.0768585 3.21964 20.6
    endloop
  endfacet
  facet normal 0 1 -0
    outer loop
      vertex 61 55 0
      vertex 4 55 20.6
      vertex 61 55 20.6
    endloop
  endfacet
  facet normal 0 1 0
    outer loop
      vertex 4 55 20.6
      vertex 61 55 0
      vertex 4 55 0
    endloop
  endfacet
  facet normal 0.99518 -0.0980692 0
    outer loop
      vertex 64.9231 3.21964 20.6
      vertex 65 4 0
      vertex 65 4 20.6
    endloop
  endfacet
  facet normal 0.99518 -0.0980692 0
    outer loop
      vertex 65 4 0
      vertex 64.9231 3.21964 20.6
      vertex 64.9231 3.21964 0
    endloop
  endfacet
  facet normal 0.772982 -0.634428 0
    outer loop
      vertex 63.8284 1.17157 20.6
      vertex 64.3259 1.77772 0
      vertex 64.3259 1.77772 20.6
    endloop
  endfacet
  facet normal 0.772982 -0.634428 0
    outer loop
      vertex 64.3259 1.77772 0
      vertex 63.8284 1.17157 20.6
      vertex 63.8284 1.17157 0
    endloop
  endfacet
  facet normal 0 -1 0
    outer loop
      vertex 4 0 20.6
      vertex 27.5 0 12.6
      vertex 61 0 20.6
    endloop
  endfacet
  facet normal 0 -1 0
    outer loop
      vertex 4 0 0
      vertex 27.5 0 12.6
      vertex 4 0 20.6
    endloop
  endfacet
  facet normal 0 -1 -0
    outer loop
      vertex 27.5 0 7
      vertex 4 0 0
      vertex 37.5 0 7
    endloop
  endfacet
  facet normal 0 -1 -0
    outer loop
      vertex 27.5 0 12.6
      vertex 4 0 0
      vertex 27.5 0 7
    endloop
  endfacet
  facet normal 0 -1 0
    outer loop
      vertex 37.5 0 12.6
      vertex 61 0 20.6
      vertex 27.5 0 12.6
    endloop
  endfacet
  facet normal 0 -1 0
    outer loop
      vertex 61 0 0
      vertex 37.5 0 12.6
      vertex 37.5 0 7
    endloop
  endfacet
  facet normal 0 -1 0
    outer loop
      vertex 37.5 0 12.6
      vertex 61 0 0
      vertex 61 0 20.6
    endloop
  endfacet
  facet normal 0 -1 0
    outer loop
      vertex 61 0 0
      vertex 37.5 0 7
      vertex 4 0 0
    endloop
  endfacet
  facet normal 0.634459 0.772956 -0
    outer loop
      vertex 63.8284 53.8284 0
      vertex 63.2223 54.3259 20.6
      vertex 63.8284 53.8284 20.6
    endloop
  endfacet
  facet normal 0.634459 0.772956 0
    outer loop
      vertex 63.2223 54.3259 20.6
      vertex 63.8284 53.8284 0
      vertex 63.2223 54.3259 0
    endloop
  endfacet
  facet normal 0.99518 0.0980643 0
    outer loop
      vertex 65 51 20.6
      vertex 64.9231 51.7804 0
      vertex 64.9231 51.7804 20.6
    endloop
  endfacet
  facet normal 0.99518 0.0980643 0
    outer loop
      vertex 64.9231 51.7804 0
      vertex 65 51 20.6
      vertex 65 51 0
    endloop
  endfacet
  facet normal 0.290311 -0.956932 0
    outer loop
      vertex 61.7804 0.0768585 0
      vertex 62.5307 0.304482 20.6
      vertex 61.7804 0.0768585 20.6
    endloop
  endfacet
  facet normal 0.290311 -0.956932 0
    outer loop
      vertex 62.5307 0.304482 20.6
      vertex 61.7804 0.0768585 0
      vertex 62.5307 0.304482 0
    endloop
  endfacet
  facet normal 0.772956 0.634459 0
    outer loop
      vertex 64.3259 53.2223 20.6
      vertex 63.8284 53.8284 0
      vertex 63.8284 53.8284 20.6
    endloop
  endfacet
  facet normal 0.772956 0.634459 0
    outer loop
      vertex 63.8284 53.8284 0
      vertex 64.3259 53.2223 20.6
      vertex 64.3259 53.2223 0
    endloop
  endfacet
  facet normal -0.995185 0.0980118 0
    outer loop
      vertex 0 51 0
      vertex 0.0768585 51.7804 20.6
      vertex 0.0768585 51.7804 0
    endloop
  endfacet
  facet normal -0.995185 0.0980118 0
    outer loop
      vertex 0.0768585 51.7804 20.6
      vertex 0 51 0
      vertex 0 51 20.6
    endloop
  endfacet
  facet normal -1 0 0
    outer loop
      vertex 0 4 0
      vertex 0 51 20.6
      vertex 0 51 0
    endloop
  endfacet
  facet normal -1 -0 0
    outer loop
      vertex 0 51 20.6
      vertex 0 4 0
      vertex 0 4 20.6
    endloop
  endfacet
  facet normal -0.471395 -0.881922 0
    outer loop
      vertex 1.77772 0.674121 0
      vertex 2.46927 0.304482 20.6
      vertex 1.77772 0.674121 20.6
    endloop
  endfacet
  facet normal -0.471395 -0.881922 -0
    outer loop
      vertex 2.46927 0.304482 20.6
      vertex 1.77772 0.674121 0
      vertex 2.46927 0.304482 0
    endloop
  endfacet
  facet normal 0.471368 -0.881937 0
    outer loop
      vertex 62.5307 0.304482 0
      vertex 63.2223 0.674121 20.6
      vertex 62.5307 0.304482 20.6
    endloop
  endfacet
  facet normal 0.471368 -0.881937 0
    outer loop
      vertex 63.2223 0.674121 20.6
      vertex 62.5307 0.304482 0
      vertex 63.2223 0.674121 0
    endloop
  endfacet
  facet normal 0 0 -1
    outer loop
      vertex 61 0 0
      vertex 65 4 0
      vertex 64.9231 3.21964 0
    endloop
  endfacet
  facet normal -0 0 -1
    outer loop
      vertex 65 4 0
      vertex 61 0 0
      vertex 65 51 0
    endloop
  endfacet
  facet normal 0 0 -1
    outer loop
      vertex 61 0 0
      vertex 64.9231 3.21964 0
      vertex 64.6955 2.46927 0
    endloop
  endfacet
  facet normal 0 0 -1
    outer loop
      vertex 61 55 0
      vertex 65 51 0
      vertex 61 0 0
    endloop
  endfacet
  facet normal 0 0 -1
    outer loop
      vertex 61 0 0
      vertex 64.6955 2.46927 0
      vertex 64.3259 1.77772 0
    endloop
  endfacet
  facet normal 0 0 -1
    outer loop
      vertex 65 51 0
      vertex 61 55 0
      vertex 64.9231 51.7804 0
    endloop
  endfacet
  facet normal 0 0 -1
    outer loop
      vertex 61 0 0
      vertex 64.3259 1.77772 0
      vertex 63.8284 1.17157 0
    endloop
  endfacet
  facet normal 0 0 -1
    outer loop
      vertex 64.9231 51.7804 0
      vertex 61 55 0
      vertex 64.6955 52.5307 0
    endloop
  endfacet
  facet normal 0 0 -1
    outer loop
      vertex 61 0 0
      vertex 63.8284 1.17157 0
      vertex 63.2223 0.674121 0
    endloop
  endfacet
  facet normal 0 0 -1
    outer loop
      vertex 64.6955 52.5307 0
      vertex 61 55 0
      vertex 64.3259 53.2223 0
    endloop
  endfacet
  facet normal 0 0 -1
    outer loop
      vertex 61 0 0
      vertex 63.2223 0.674121 0
      vertex 62.5307 0.304482 0
    endloop
  endfacet
  facet normal 0 0 -1
    outer loop
      vertex 64.3259 53.2223 0
      vertex 61 55 0
      vertex 63.8284 53.8284 0
    endloop
  endfacet
  facet normal 0 0 -1
    outer loop
      vertex 61 0 0
      vertex 62.5307 0.304482 0
      vertex 61.7804 0.0768585 0
    endloop
  endfacet
  facet normal 0 0 -1
    outer loop
      vertex 63.8284 53.8284 0
      vertex 61 55 0
      vertex 63.2223 54.3259 0
    endloop
  endfacet
  facet normal 0 0 -1
    outer loop
      vertex 63.2223 54.3259 0
      vertex 61 55 0
      vertex 62.5307 54.6955 0
    endloop
  endfacet
  facet normal 0 0 -1
    outer loop
      vertex 62.5307 54.6955 0
      vertex 61 55 0
      vertex 61.7804 54.9231 0
    endloop
  endfacet
  facet normal 0 0 -1
    outer loop
      vertex 4 0 0
      vertex 61 55 0
      vertex 61 0 0
    endloop
  endfacet
  facet normal 0 0 -1
    outer loop
      vertex 4 0 0
      vertex 4 55 0
      vertex 61 55 0
    endloop
  endfacet
  facet normal 0 0 -1
    outer loop
      vertex 0 4 0
      vertex 4 0 0
      vertex 3.21964 0.0768585 0
    endloop
  endfacet
  facet normal 0 0 -1
    outer loop
      vertex 4 0 0
      vertex 0 4 0
      vertex 4 55 0
    endloop
  endfacet
  facet normal 0 0 -1
    outer loop
      vertex 0 4 0
      vertex 3.21964 0.0768585 0
      vertex 2.46927 0.304482 0
    endloop
  endfacet
  facet normal 0 0 -1
    outer loop
      vertex 0 51 0
      vertex 4 55 0
      vertex 0 4 0
    endloop
  endfacet
  facet normal 0 0 -1
    outer loop
      vertex 0 4 0
      vertex 2.46927 0.304482 0
      vertex 1.77772 0.674121 0
    endloop
  endfacet
  facet normal 0 0 -1
    outer loop
      vertex 4 55 0
      vertex 0 51 0
      vertex 3.21964 54.9231 0
    endloop
  endfacet
  facet normal 0 0 -1
    outer loop
      vertex 0 4 0
      vertex 1.77772 0.674121 0
      vertex 1.17157 1.17157 0
    endloop
  endfacet
  facet normal 0 0 -1
    outer loop
      vertex 3.21964 54.9231 0
      vertex 0 51 0
      vertex 2.46927 54.6955 0
    endloop
  endfacet
  facet normal 0 0 -1
    outer loop
      vertex 0 4 0
      vertex 1.17157 1.17157 0
      vertex 0.674121 1.77772 0
    endloop
  endfacet
  facet normal 0 0 -1
    outer loop
      vertex 2.46927 54.6955 0
      vertex 0 51 0
      vertex 1.77772 54.3259 0
    endloop
  endfacet
  facet normal 0 0 -1
    outer loop
      vertex 0 4 0
      vertex 0.674121 1.77772 0
      vertex 0.304482 2.46927 0
    endloop
  endfacet
  facet normal 0 0 -1
    outer loop
      vertex 1.77772 54.3259 0
      vertex 0 51 0
      vertex 1.17157 53.8284 0
    endloop
  endfacet
  facet normal 0 0 -1
    outer loop
      vertex 0 4 0
      vertex 0.304482 2.46927 0
      vertex 0.0768585 3.21964 0
    endloop
  endfacet
  facet normal 0 0 -1
    outer loop
      vertex 1.17157 53.8284 0
      vertex 0 51 0
      vertex 0.674121 53.2223 0
    endloop
  endfacet
  facet normal 0 0 -1
    outer loop
      vertex 0.674121 53.2223 0
      vertex 0 51 0
      vertex 0.304482 52.5307 0
    endloop
  endfacet
  facet normal 0 0 -1
    outer loop
      vertex 0.304482 52.5307 0
      vertex 0 51 0
      vertex 0.0768585 51.7804 0
    endloop
  endfacet
  facet normal 0.956948 -0.290259 0
    outer loop
      vertex 64.6955 2.46927 20.6
      vertex 64.9231 3.21964 0
      vertex 64.9231 3.21964 20.6
    endloop
  endfacet
  facet normal 0.956948 -0.290259 0
    outer loop
      vertex 64.9231 3.21964 0
      vertex 64.6955 2.46927 20.6
      vertex 64.6955 2.46927 0
    endloop
  endfacet
  facet normal 0.471329 0.881957 -0
    outer loop
      vertex 63.2223 54.3259 0
      vertex 62.5307 54.6955 20.6
      vertex 63.2223 54.3259 20.6
    endloop
  endfacet
  facet normal 0.471329 0.881957 0
    outer loop
      vertex 62.5307 54.6955 20.6
      vertex 63.2223 54.3259 0
      vertex 62.5307 54.6955 0
    endloop
  endfacet
  facet normal -0.0980168 -0.995185 0
    outer loop
      vertex 3.21964 0.0768585 0
      vertex 4 0 20.6
      vertex 3.21964 0.0768585 20.6
    endloop
  endfacet
  facet normal -0.0980168 -0.995185 -0
    outer loop
      vertex 4 0 20.6
      vertex 3.21964 0.0768585 0
      vertex 4 0 0
    endloop
  endfacet
  facet normal -0.881922 -0.471395 0
    outer loop
      vertex 0.674121 1.77772 0
      vertex 0.304482 2.46927 20.6
      vertex 0.304482 2.46927 0
    endloop
  endfacet
  facet normal -0.881922 -0.471395 0
    outer loop
      vertex 0.304482 2.46927 20.6
      vertex 0.674121 1.77772 0
      vertex 0.674121 1.77772 20.6
    endloop
  endfacet
  facet normal 0.881943 -0.471356 0
    outer loop
      vertex 64.3259 1.77772 20.6
      vertex 64.6955 2.46927 0
      vertex 64.6955 2.46927 20.6
    endloop
  endfacet
  facet normal 0.881943 -0.471356 0
    outer loop
      vertex 64.6955 2.46927 0
      vertex 64.3259 1.77772 20.6
      vertex 64.3259 1.77772 0
    endloop
  endfacet
  facet normal 0 0 1
    outer loop
      vertex 63 51 20.6
      vertex 65 51 20.6
      vertex 64.9231 51.7804 20.6
    endloop
  endfacet
  facet normal 0 0 1
    outer loop
      vertex 65 51 20.6
      vertex 63 51 20.6
      vertex 65 4 20.6
    endloop
  endfacet
  facet normal 0 0 1
    outer loop
      vertex 62.9616 51.3902 20.6
      vertex 64.9231 51.7804 20.6
      vertex 64.6955 52.5307 20.6
    endloop
  endfacet
  facet normal 0 0 1
    outer loop
      vertex 63 4 20.6
      vertex 65 4 20.6
      vertex 63 51 20.6
    endloop
  endfacet
  facet normal 0 0 1
    outer loop
      vertex 62.8478 51.7654 20.6
      vertex 64.6955 52.5307 20.6
      vertex 64.3259 53.2223 20.6
    endloop
  endfacet
  facet normal 0 0 1
    outer loop
      vertex 65 4 20.6
      vertex 63 4 20.6
      vertex 64.9231 3.21964 20.6
    endloop
  endfacet
  facet normal 0 0 1
    outer loop
      vertex 62.6629 52.1111 20.6
      vertex 64.3259 53.2223 20.6
      vertex 63.8284 53.8284 20.6
    endloop
  endfacet
  facet normal -0 0 1
    outer loop
      vertex 62.9616 3.60982 20.6
      vertex 64.9231 3.21964 20.6
      vertex 63 4 20.6
    endloop
  endfacet
  facet normal 0 0 1
    outer loop
      vertex 62.4142 52.4142 20.6
      vertex 63.8284 53.8284 20.6
      vertex 63.2223 54.3259 20.6
    endloop
  endfacet
  facet normal 0 0 1
    outer loop
      vertex 64.9231 3.21964 20.6
      vertex 62.9616 3.60982 20.6
      vertex 64.6955 2.46927 20.6
    endloop
  endfacet
  facet normal -0 0 1
    outer loop
      vertex 62.8478 3.23463 20.6
      vertex 64.6955 2.46927 20.6
      vertex 62.9616 3.60982 20.6
    endloop
  endfacet
  facet normal 0 0 1
    outer loop
      vertex 64.9231 51.7804 20.6
      vertex 62.9616 51.3902 20.6
      vertex 63 51 20.6
    endloop
  endfacet
  facet normal 0 0 1
    outer loop
      vertex 64.6955 52.5307 20.6
      vertex 62.8478 51.7654 20.6
      vertex 62.9616 51.3902 20.6
    endloop
  endfacet
  facet normal 0 0 1
    outer loop
      vertex 64.3259 53.2223 20.6
      vertex 62.6629 52.1111 20.6
      vertex 62.8478 51.7654 20.6
    endloop
  endfacet
  facet normal 0 0 1
    outer loop
      vertex 62.1111 52.6629 20.6
      vertex 63.2223 54.3259 20.6
      vertex 62.5307 54.6955 20.6
    endloop
  endfacet
  facet normal 0 0 1
    outer loop
      vertex 63.8284 53.8284 20.6
      vertex 62.4142 52.4142 20.6
      vertex 62.6629 52.1111 20.6
    endloop
  endfacet
  facet normal 0 0 1
    outer loop
      vertex 63.2223 54.3259 20.6
      vertex 62.1111 52.6629 20.6
      vertex 62.4142 52.4142 20.6
    endloop
  endfacet
  facet normal 0 0 1
    outer loop
      vertex 61.7654 52.8478 20.6
      vertex 62.5307 54.6955 20.6
      vertex 61.7804 54.9231 20.6
    endloop
  endfacet
  facet normal 0 0 1
    outer loop
      vertex 62.5307 54.6955 20.6
      vertex 61.7654 52.8478 20.6
      vertex 62.1111 52.6629 20.6
    endloop
  endfacet
  facet normal 0 0 1
    outer loop
      vertex 61.7804 54.9231 20.6
      vertex 61.3902 52.9616 20.6
      vertex 61.7654 52.8478 20.6
    endloop
  endfacet
  facet normal 0 0 1
    outer loop
      vertex 61 55 20.6
      vertex 61.3902 52.9616 20.6
      vertex 61.7804 54.9231 20.6
    endloop
  endfacet
  facet normal 0 0 1
    outer loop
      vertex 61 55 20.6
      vertex 61 53 20.6
      vertex 61.3902 52.9616 20.6
    endloop
  endfacet
  facet normal -0 0 1
    outer loop
      vertex 4 55 20.6
      vertex 61 53 20.6
      vertex 61 55 20.6
    endloop
  endfacet
  facet normal 0 0 1
    outer loop
      vertex 4 55 20.6
      vertex 4 53 20.6
      vertex 61 53 20.6
    endloop
  endfacet
  facet normal 0 0 1
    outer loop
      vertex 4 55 20.6
      vertex 3.60982 52.9616 20.6
      vertex 4 53 20.6
    endloop
  endfacet
  facet normal -0 0 1
    outer loop
      vertex 3.21964 54.9231 20.6
      vertex 3.60982 52.9616 20.6
      vertex 4 55 20.6
    endloop
  endfacet
  facet normal 0 0 1
    outer loop
      vertex 3.60982 52.9616 20.6
      vertex 3.21964 54.9231 20.6
      vertex 3.23463 52.8478 20.6
    endloop
  endfacet
  facet normal -0 0 1
    outer loop
      vertex 2.46927 54.6955 20.6
      vertex 3.23463 52.8478 20.6
      vertex 3.21964 54.9231 20.6
    endloop
  endfacet
  facet normal 0 0 1
    outer loop
      vertex 3.23463 52.8478 20.6
      vertex 2.46927 54.6955 20.6
      vertex 2.88886 52.6629 20.6
    endloop
  endfacet
  facet normal -0 0 1
    outer loop
      vertex 1.77772 54.3259 20.6
      vertex 2.88886 52.6629 20.6
      vertex 2.46927 54.6955 20.6
    endloop
  endfacet
  facet normal 0 0 1
    outer loop
      vertex 2.88886 52.6629 20.6
      vertex 1.77772 54.3259 20.6
      vertex 2.58579 52.4142 20.6
    endloop
  endfacet
  facet normal -0 0 1
    outer loop
      vertex 1.17157 53.8284 20.6
      vertex 2.58579 52.4142 20.6
      vertex 1.77772 54.3259 20.6
    endloop
  endfacet
  facet normal 0 0 1
    outer loop
      vertex 2.58579 52.4142 20.6
      vertex 1.17157 53.8284 20.6
      vertex 2.33706 52.1111 20.6
    endloop
  endfacet
  facet normal -0 0 1
    outer loop
      vertex 0.304482 52.5307 20.6
      vertex 2.15224 51.7654 20.6
      vertex 0.674121 53.2223 20.6
    endloop
  endfacet
  facet normal 0 0 1
    outer loop
      vertex 2.33706 52.1111 20.6
      vertex 0.674121 53.2223 20.6
      vertex 2.15224 51.7654 20.6
    endloop
  endfacet
  facet normal -0 0 1
    outer loop
      vertex 0.674121 53.2223 20.6
      vertex 2.33706 52.1111 20.6
      vertex 1.17157 53.8284 20.6
    endloop
  endfacet
  facet normal 0 0 1
    outer loop
      vertex 64.6955 2.46927 20.6
      vertex 62.8478 3.23463 20.6
      vertex 64.3259 1.77772 20.6
    endloop
  endfacet
  facet normal -0 0 1
    outer loop
      vertex 62.6629 2.88886 20.6
      vertex 64.3259 1.77772 20.6
      vertex 62.8478 3.23463 20.6
    endloop
  endfacet
  facet normal 0 0 1
    outer loop
      vertex 64.3259 1.77772 20.6
      vertex 62.6629 2.88886 20.6
      vertex 63.8284 1.17157 20.6
    endloop
  endfacet
  facet normal -0 0 1
    outer loop
      vertex 62.4142 2.58579 20.6
      vertex 63.8284 1.17157 20.6
      vertex 62.6629 2.88886 20.6
    endloop
  endfacet
  facet normal 0 0 1
    outer loop
      vertex 63.8284 1.17157 20.6
      vertex 62.4142 2.58579 20.6
      vertex 63.2223 0.674121 20.6
    endloop
  endfacet
  facet normal -0 0 1
    outer loop
      vertex 62.1111 2.33706 20.6
      vertex 63.2223 0.674121 20.6
      vertex 62.4142 2.58579 20.6
    endloop
  endfacet
  facet normal 0 0 1
    outer loop
      vertex 63.2223 0.674121 20.6
      vertex 62.1111 2.33706 20.6
      vertex 62.5307 0.304482 20.6
    endloop
  endfacet
  facet normal -0 0 1
    outer loop
      vertex 61.7654 2.15224 20.6
      vertex 62.5307 0.304482 20.6
      vertex 62.1111 2.33706 20.6
    endloop
  endfacet
  facet normal 0 0 1
    outer loop
      vertex 62.5307 0.304482 20.6
      vertex 61.7654 2.15224 20.6
      vertex 61.7804 0.0768585 20.6
    endloop
  endfacet
  facet normal -0 0 1
    outer loop
      vertex 61.3902 2.03843 20.6
      vertex 61.7804 0.0768585 20.6
      vertex 61.7654 2.15224 20.6
    endloop
  endfacet
  facet normal -0 0 1
    outer loop
      vertex 61 2 20.6
      vertex 61.7804 0.0768585 20.6
      vertex 61.3902 2.03843 20.6
    endloop
  endfacet
  facet normal 0 0 1
    outer loop
      vertex 61 2 20.6
      vertex 61 0 20.6
      vertex 61.7804 0.0768585 20.6
    endloop
  endfacet
  facet normal -0 0 1
    outer loop
      vertex 4 2 20.6
      vertex 61 0 20.6
      vertex 61 2 20.6
    endloop
  endfacet
  facet normal 0 0 1
    outer loop
      vertex 4 2 20.6
      vertex 4 0 20.6
      vertex 61 0 20.6
    endloop
  endfacet
  facet normal 0 0 1
    outer loop
      vertex 3.60982 2.03843 20.6
      vertex 4 0 20.6
      vertex 4 2 20.6
    endloop
  endfacet
  facet normal 0 0 1
    outer loop
      vertex 3.21964 0.0768585 20.6
      vertex 3.60982 2.03843 20.6
      vertex 3.23463 2.15224 20.6
    endloop
  endfacet
  facet normal 0 0 1
    outer loop
      vertex 3.60982 2.03843 20.6
      vertex 3.21964 0.0768585 20.6
      vertex 4 0 20.6
    endloop
  endfacet
  facet normal 0 0 1
    outer loop
      vertex 2.46927 0.304482 20.6
      vertex 3.23463 2.15224 20.6
      vertex 2.88886 2.33706 20.6
    endloop
  endfacet
  facet normal 0 0 1
    outer loop
      vertex 1.77772 0.674121 20.6
      vertex 2.88886 2.33706 20.6
      vertex 2.58579 2.58579 20.6
    endloop
  endfacet
  facet normal 0 0 1
    outer loop
      vertex 3.23463 2.15224 20.6
      vertex 2.46927 0.304482 20.6
      vertex 3.21964 0.0768585 20.6
    endloop
  endfacet
  facet normal 0 0 1
    outer loop
      vertex 1.17157 1.17157 20.6
      vertex 2.58579 2.58579 20.6
      vertex 2.33706 2.88886 20.6
    endloop
  endfacet
  facet normal 0 0 1
    outer loop
      vertex 0.674121 1.77772 20.6
      vertex 2.33706 2.88886 20.6
      vertex 2.15224 3.23463 20.6
    endloop
  endfacet
  facet normal 0 0 1
    outer loop
      vertex 0.304482 2.46927 20.6
      vertex 2.15224 3.23463 20.6
      vertex 2.03843 3.60982 20.6
    endloop
  endfacet
  facet normal 0 0 1
    outer loop
      vertex 2.88886 2.33706 20.6
      vertex 1.77772 0.674121 20.6
      vertex 2.46927 0.304482 20.6
    endloop
  endfacet
  facet normal 0 0 1
    outer loop
      vertex 0.0768585 3.21964 20.6
      vertex 2.03843 3.60982 20.6
      vertex 2 4 20.6
    endloop
  endfacet
  facet normal 0 0 1
    outer loop
      vertex 2 51 20.6
      vertex 0 51 20.6
      vertex 2 4 20.6
    endloop
  endfacet
  facet normal 0 0 1
    outer loop
      vertex 2.15224 51.7654 20.6
      vertex 0.304482 52.5307 20.6
      vertex 2.03843 51.3902 20.6
    endloop
  endfacet
  facet normal 0 0 1
    outer loop
      vertex 0 4 20.6
      vertex 2 4 20.6
      vertex 0 51 20.6
    endloop
  endfacet
  facet normal -0 0 1
    outer loop
      vertex 0.0768585 51.7804 20.6
      vertex 2.03843 51.3902 20.6
      vertex 0.304482 52.5307 20.6
    endloop
  endfacet
  facet normal 0 -0 1
    outer loop
      vertex 0.0768585 3.21964 20.6
      vertex 2 4 20.6
      vertex 0 4 20.6
    endloop
  endfacet
  facet normal 0 0 1
    outer loop
      vertex 2.03843 51.3902 20.6
      vertex 0.0768585 51.7804 20.6
      vertex 2 51 20.6
    endloop
  endfacet
  facet normal 0 0 1
    outer loop
      vertex 2.58579 2.58579 20.6
      vertex 1.17157 1.17157 20.6
      vertex 1.77772 0.674121 20.6
    endloop
  endfacet
  facet normal 0 0 1
    outer loop
      vertex 2 51 20.6
      vertex 0.0768585 51.7804 20.6
      vertex 0 51 20.6
    endloop
  endfacet
  facet normal 0 0 1
    outer loop
      vertex 2.33706 2.88886 20.6
      vertex 0.674121 1.77772 20.6
      vertex 1.17157 1.17157 20.6
    endloop
  endfacet
  facet normal 0 0 1
    outer loop
      vertex 2.15224 3.23463 20.6
      vertex 0.304482 2.46927 20.6
      vertex 0.674121 1.77772 20.6
    endloop
  endfacet
  facet normal 0 0 1
    outer loop
      vertex 2.03843 3.60982 20.6
      vertex 0.0768585 3.21964 20.6
      vertex 0.304482 2.46927 20.6
    endloop
  endfacet
  facet normal 0.881957 0.471329 0
    outer loop
      vertex 64.6955 52.5307 20.6
      vertex 64.3259 53.2223 0
      vertex 64.3259 53.2223 20.6
    endloop
  endfacet
  facet normal 0.881957 0.471329 0
    outer loop
      vertex 64.3259 53.2223 0
      vertex 64.6955 52.5307 20.6
      vertex 64.6955 52.5307 0
    endloop
  endfacet
  facet normal -0.290286 -0.95694 0
    outer loop
      vertex 2.46927 0.304482 0
      vertex 3.21964 0.0768585 20.6
      vertex 2.46927 0.304482 20.6
    endloop
  endfacet
  facet normal -0.290286 -0.95694 -0
    outer loop
      vertex 3.21964 0.0768585 20.6
      vertex 2.46927 0.304482 0
      vertex 3.21964 0.0768585 0
    endloop
  endfacet
  facet normal -0.956932 0.290311 0
    outer loop
      vertex 0.0768585 51.7804 0
      vertex 0.304482 52.5307 20.6
      vertex 0.304482 52.5307 0
    endloop
  endfacet
  facet normal -0.956932 0.290311 0
    outer loop
      vertex 0.304482 52.5307 20.6
      vertex 0.0768585 51.7804 0
      vertex 0.0768585 51.7804 20.6
    endloop
  endfacet
  facet normal 0.63442 -0.772988 0
    outer loop
      vertex 63.2223 0.674121 0
      vertex 63.8284 1.17157 20.6
      vertex 63.2223 0.674121 20.6
    endloop
  endfacet
  facet normal 0.63442 -0.772988 0
    outer loop
      vertex 63.8284 1.17157 20.6
      vertex 63.2223 0.674121 0
      vertex 63.8284 1.17157 0
    endloop
  endfacet
  facet normal 0.0980118 -0.995185 0
    outer loop
      vertex 61 0 0
      vertex 61.7804 0.0768585 20.6
      vertex 61 0 20.6
    endloop
  endfacet
  facet normal 0.0980118 -0.995185 0
    outer loop
      vertex 61.7804 0.0768585 20.6
      vertex 61 0 0
      vertex 61.7804 0.0768585 0
    endloop
  endfacet
  facet normal -0.772988 0.63442 0
    outer loop
      vertex 0.674121 53.2223 0
      vertex 1.17157 53.8284 20.6
      vertex 1.17157 53.8284 0
    endloop
  endfacet
  facet normal -0.772988 0.63442 0
    outer loop
      vertex 1.17157 53.8284 20.6
      vertex 0.674121 53.2223 0
      vertex 0.674121 53.2223 20.6
    endloop
  endfacet
  facet normal -0.634428 0.772982 0
    outer loop
      vertex 1.77772 54.3259 0
      vertex 1.17157 53.8284 20.6
      vertex 1.77772 54.3259 20.6
    endloop
  endfacet
  facet normal -0.634428 0.772982 0
    outer loop
      vertex 1.17157 53.8284 20.6
      vertex 1.77772 54.3259 0
      vertex 1.17157 53.8284 0
    endloop
  endfacet
  facet normal -0.290259 0.956948 0
    outer loop
      vertex 3.21964 54.9231 0
      vertex 2.46927 54.6955 20.6
      vertex 3.21964 54.9231 20.6
    endloop
  endfacet
  facet normal -0.290259 0.956948 0
    outer loop
      vertex 2.46927 54.6955 20.6
      vertex 3.21964 54.9231 0
      vertex 2.46927 54.6955 0
    endloop
  endfacet
  facet normal 0.634404 0.773002 -0
    outer loop
      vertex 2.88886 2.33706 2
      vertex 2.58579 2.58579 6
      vertex 2.88886 2.33706 6
    endloop
  endfacet
  facet normal 0.634404 0.773002 0
    outer loop
      vertex 2.58579 2.58579 6
      vertex 2.88886 2.33706 2
      vertex 2.58579 2.58579 2
    endloop
  endfacet
  facet normal 0.634404 0.773002 -0
    outer loop
      vertex 2.88886 2.33706 7
      vertex 2.58579 2.58579 20.6
      vertex 2.88886 2.33706 20.6
    endloop
  endfacet
  facet normal 0.634404 0.773002 0
    outer loop
      vertex 2.58579 2.58579 20.6
      vertex 2.88886 2.33706 7
      vertex 2.58579 2.58579 7
    endloop
  endfacet
  facet normal 0 1 -0
    outer loop
      vertex 61 2 2
      vertex 4 2 6
      vertex 61 2 6
    endloop
  endfacet
  facet normal 0 1 0
    outer loop
      vertex 4 2 6
      vertex 61 2 2
      vertex 4 2 2
    endloop
  endfacet
  facet normal 0 1 0
    outer loop
      vertex 61 2 20.6
      vertex 37.5 2 12.6
      vertex 4 2 20.6
    endloop
  endfacet
  facet normal 0 1 -0
    outer loop
      vertex 61 2 7
      vertex 37.5 2 12.6
      vertex 61 2 20.6
    endloop
  endfacet
  facet normal 0 1 0
    outer loop
      vertex 37.5 2 12.6
      vertex 61 2 7
      vertex 37.5 2 7
    endloop
  endfacet
  facet normal 0 1 -0
    outer loop
      vertex 27.5 2 12.6
      vertex 4 2 20.6
      vertex 37.5 2 12.6
    endloop
  endfacet
  facet normal 0 1 0
    outer loop
      vertex 4 2 7
      vertex 27.5 2 12.6
      vertex 27.5 2 7
    endloop
  endfacet
  facet normal 0 1 0
    outer loop
      vertex 27.5 2 12.6
      vertex 4 2 7
      vertex 4 2 20.6
    endloop
  endfacet
  facet normal -0.881795 -0.471634 0
    outer loop
      vertex 62.8478 51.7654 2
      vertex 62.6629 52.1111 6
      vertex 62.6629 52.1111 2
    endloop
  endfacet
  facet normal -0.881795 -0.471634 0
    outer loop
      vertex 62.6629 52.1111 6
      vertex 62.8478 51.7654 2
      vertex 62.8478 51.7654 6
    endloop
  endfacet
  facet normal -0.881795 -0.471634 0
    outer loop
      vertex 62.8478 51.7654 7
      vertex 62.6629 52.1111 20.6
      vertex 62.6629 52.1111 7
    endloop
  endfacet
  facet normal -0.881795 -0.471634 0
    outer loop
      vertex 62.6629 52.1111 20.6
      vertex 62.8478 51.7654 7
      vertex 62.8478 51.7654 20.6
    endloop
  endfacet
  facet normal -1 0 0
    outer loop
      vertex 63 19.5 7
      vertex 63 4 7
      vertex 63 19.5 18.6
    endloop
  endfacet
  facet normal -1 0 0
    outer loop
      vertex 63 35.5 18.6
      vertex 63 51 7
      vertex 63 35.5 7
    endloop
  endfacet
  facet normal -1 0 0
    outer loop
      vertex 63 51 7
      vertex 63 35.5 18.6
      vertex 63 51 20.6
    endloop
  endfacet
  facet normal -1 0 0
    outer loop
      vertex 63 19.5 18.6
      vertex 63 51 20.6
      vertex 63 35.5 18.6
    endloop
  endfacet
  facet normal -1 0 0
    outer loop
      vertex 63 19.5 18.6
      vertex 63 4 20.6
      vertex 63 51 20.6
    endloop
  endfacet
  facet normal -1 0 0
    outer loop
      vertex 63 4 20.6
      vertex 63 19.5 18.6
      vertex 63 4 7
    endloop
  endfacet
  facet normal -1 0 0
    outer loop
      vertex 63 4 2
      vertex 63 51 6
      vertex 63 51 2
    endloop
  endfacet
  facet normal -1 -0 0
    outer loop
      vertex 63 51 6
      vertex 63 4 2
      vertex 63 4 6
    endloop
  endfacet
  facet normal 0.773033 -0.634366 0
    outer loop
      vertex 2.33706 52.1111 20.6
      vertex 2.58579 52.4142 7
      vertex 2.58579 52.4142 20.6
    endloop
  endfacet
  facet normal 0.773033 -0.634366 0
    outer loop
      vertex 2.58579 52.4142 7
      vertex 2.33706 52.1111 20.6
      vertex 2.33706 52.1111 7
    endloop
  endfacet
  facet normal 0.773033 -0.634366 0
    outer loop
      vertex 2.33706 52.1111 6
      vertex 2.58579 52.4142 2
      vertex 2.58579 52.4142 6
    endloop
  endfacet
  facet normal 0.773033 -0.634366 0
    outer loop
      vertex 2.58579 52.4142 2
      vertex 2.33706 52.1111 6
      vertex 2.33706 52.1111 2
    endloop
  endfacet
  facet normal 0.0979429 -0.995192 0
    outer loop
      vertex 3.60982 52.9616 2
      vertex 4 53 6
      vertex 3.60982 52.9616 6
    endloop
  endfacet
  facet normal 0.0979429 -0.995192 0
    outer loop
      vertex 4 53 6
      vertex 3.60982 52.9616 2
      vertex 4 53 2
    endloop
  endfacet
  facet normal 0.0979429 -0.995192 0
    outer loop
      vertex 3.60982 52.9616 7
      vertex 4 53 20.6
      vertex 3.60982 52.9616 20.6
    endloop
  endfacet
  facet normal 0.0979429 -0.995192 0
    outer loop
      vertex 4 53 20.6
      vertex 3.60982 52.9616 7
      vertex 4 53 7
    endloop
  endfacet
  facet normal 0.0980187 0.995185 -0
    outer loop
      vertex 4 2 7
      vertex 3.60982 2.03843 20.6
      vertex 4 2 20.6
    endloop
  endfacet
  facet normal 0.0980187 0.995185 0
    outer loop
      vertex 3.60982 2.03843 20.6
      vertex 4 2 7
      vertex 3.60982 2.03843 7
    endloop
  endfacet
  facet normal 0.0980187 0.995185 -0
    outer loop
      vertex 4 2 2
      vertex 3.60982 2.03843 6
      vertex 4 2 6
    endloop
  endfacet
  facet normal 0.0980187 0.995185 0
    outer loop
      vertex 3.60982 2.03843 6
      vertex 4 2 2
      vertex 3.60982 2.03843 2
    endloop
  endfacet
  facet normal -0.995192 0.0979429 0
    outer loop
      vertex 62.9616 3.60982 7
      vertex 63 4 20.6
      vertex 63 4 7
    endloop
  endfacet
  facet normal -0.995192 0.0979429 0
    outer loop
      vertex 63 4 20.6
      vertex 62.9616 3.60982 7
      vertex 62.9616 3.60982 20.6
    endloop
  endfacet
  facet normal -0.995192 0.0979429 0
    outer loop
      vertex 62.9616 3.60982 2
      vertex 63 4 6
      vertex 63 4 2
    endloop
  endfacet
  facet normal -0.995192 0.0979429 0
    outer loop
      vertex 63 4 6
      vertex 62.9616 3.60982 2
      vertex 62.9616 3.60982 6
    endloop
  endfacet
  facet normal -0.290271 0.956944 0
    outer loop
      vertex 61.7654 2.15224 2
      vertex 61.3902 2.03843 6
      vertex 61.7654 2.15224 6
    endloop
  endfacet
  facet normal -0.290271 0.956944 0
    outer loop
      vertex 61.3902 2.03843 6
      vertex 61.7654 2.15224 2
      vertex 61.3902 2.03843 2
    endloop
  endfacet
  facet normal -0.290271 0.956944 0
    outer loop
      vertex 61.7654 2.15224 7
      vertex 61.3902 2.03843 20.6
      vertex 61.7654 2.15224 20.6
    endloop
  endfacet
  facet normal -0.290271 0.956944 0
    outer loop
      vertex 61.3902 2.03843 20.6
      vertex 61.7654 2.15224 7
      vertex 61.3902 2.03843 7
    endloop
  endfacet
  facet normal 0.471401 0.881919 -0
    outer loop
      vertex 3.23463 2.15224 2
      vertex 2.88886 2.33706 6
      vertex 3.23463 2.15224 6
    endloop
  endfacet
  facet normal 0.471401 0.881919 0
    outer loop
      vertex 2.88886 2.33706 6
      vertex 3.23463 2.15224 2
      vertex 2.88886 2.33706 2
    endloop
  endfacet
  facet normal 0.471401 0.881919 -0
    outer loop
      vertex 3.23463 2.15224 7
      vertex 2.88886 2.33706 20.6
      vertex 3.23463 2.15224 20.6
    endloop
  endfacet
  facet normal 0.471401 0.881919 0
    outer loop
      vertex 2.88886 2.33706 20.6
      vertex 3.23463 2.15224 7
      vertex 2.88886 2.33706 7
    endloop
  endfacet
  facet normal -0.471475 0.881879 0
    outer loop
      vertex 62.1111 2.33706 2
      vertex 61.7654 2.15224 6
      vertex 62.1111 2.33706 6
    endloop
  endfacet
  facet normal -0.471475 0.881879 0
    outer loop
      vertex 61.7654 2.15224 6
      vertex 62.1111 2.33706 2
      vertex 61.7654 2.15224 2
    endloop
  endfacet
  facet normal -0.471475 0.881879 0
    outer loop
      vertex 62.1111 2.33706 7
      vertex 61.7654 2.15224 20.6
      vertex 62.1111 2.33706 20.6
    endloop
  endfacet
  facet normal -0.471475 0.881879 0
    outer loop
      vertex 61.7654 2.15224 20.6
      vertex 62.1111 2.33706 7
      vertex 61.7654 2.15224 7
    endloop
  endfacet
  facet normal -0.0980137 0.995185 0
    outer loop
      vertex 61.3902 2.03843 2
      vertex 61 2 6
      vertex 61.3902 2.03843 6
    endloop
  endfacet
  facet normal -0.0980137 0.995185 0
    outer loop
      vertex 61 2 6
      vertex 61.3902 2.03843 2
      vertex 61 2 2
    endloop
  endfacet
  facet normal -0.0980137 0.995185 0
    outer loop
      vertex 61.3902 2.03843 7
      vertex 61 2 20.6
      vertex 61.3902 2.03843 20.6
    endloop
  endfacet
  facet normal -0.0980137 0.995185 0
    outer loop
      vertex 61 2 20.6
      vertex 61.3902 2.03843 7
      vertex 61 2 7
    endloop
  endfacet
  facet normal 0 -1 0
    outer loop
      vertex 4 53 7
      vertex 61 53 20.6
      vertex 4 53 20.6
    endloop
  endfacet
  facet normal 0 -1 -0
    outer loop
      vertex 61 53 20.6
      vertex 4 53 7
      vertex 61 53 7
    endloop
  endfacet
  facet normal 0 -1 0
    outer loop
      vertex 4 53 2
      vertex 61 53 6
      vertex 4 53 6
    endloop
  endfacet
  facet normal 0 -1 -0
    outer loop
      vertex 61 53 6
      vertex 4 53 2
      vertex 61 53 2
    endloop
  endfacet
  facet normal -0.773039 0.634358 0
    outer loop
      vertex 62.4142 2.58579 7
      vertex 62.6629 2.88886 20.6
      vertex 62.6629 2.88886 7
    endloop
  endfacet
  facet normal -0.773039 0.634358 0
    outer loop
      vertex 62.6629 2.88886 20.6
      vertex 62.4142 2.58579 7
      vertex 62.4142 2.58579 20.6
    endloop
  endfacet
  facet normal -0.773039 0.634358 0
    outer loop
      vertex 62.4142 2.58579 2
      vertex 62.6629 2.88886 6
      vertex 62.6629 2.88886 2
    endloop
  endfacet
  facet normal -0.773039 0.634358 0
    outer loop
      vertex 62.6629 2.88886 6
      vertex 62.4142 2.58579 2
      vertex 62.4142 2.58579 6
    endloop
  endfacet
  facet normal -0.290248 -0.956951 0
    outer loop
      vertex 61.3902 52.9616 2
      vertex 61.7654 52.8478 6
      vertex 61.3902 52.9616 6
    endloop
  endfacet
  facet normal -0.290248 -0.956951 -0
    outer loop
      vertex 61.7654 52.8478 6
      vertex 61.3902 52.9616 2
      vertex 61.7654 52.8478 2
    endloop
  endfacet
  facet normal -0.290248 -0.956951 0
    outer loop
      vertex 61.3902 52.9616 7
      vertex 61.7654 52.8478 20.6
      vertex 61.3902 52.9616 20.6
    endloop
  endfacet
  facet normal -0.290248 -0.956951 -0
    outer loop
      vertex 61.7654 52.8478 20.6
      vertex 61.3902 52.9616 7
      vertex 61.7654 52.8478 7
    endloop
  endfacet
  facet normal 0.290255 -0.956949 0
    outer loop
      vertex 3.23463 52.8478 2
      vertex 3.60982 52.9616 6
      vertex 3.23463 52.8478 6
    endloop
  endfacet
  facet normal 0.290255 -0.956949 0
    outer loop
      vertex 3.60982 52.9616 6
      vertex 3.23463 52.8478 2
      vertex 3.60982 52.9616 2
    endloop
  endfacet
  facet normal 0.290255 -0.956949 0
    outer loop
      vertex 3.23463 52.8478 7
      vertex 3.60982 52.9616 20.6
      vertex 3.23463 52.8478 20.6
    endloop
  endfacet
  facet normal 0.290255 -0.956949 0
    outer loop
      vertex 3.60982 52.9616 20.6
      vertex 3.23463 52.8478 7
      vertex 3.60982 52.9616 7
    endloop
  endfacet
  facet normal -0.634366 0.773033 0
    outer loop
      vertex 62.4142 2.58579 7
      vertex 62.1111 2.33706 20.6
      vertex 62.4142 2.58579 20.6
    endloop
  endfacet
  facet normal -0.634366 0.773033 0
    outer loop
      vertex 62.1111 2.33706 20.6
      vertex 62.4142 2.58579 7
      vertex 62.1111 2.33706 7
    endloop
  endfacet
  facet normal -0.634366 0.773033 0
    outer loop
      vertex 62.4142 2.58579 2
      vertex 62.1111 2.33706 6
      vertex 62.4142 2.58579 6
    endloop
  endfacet
  facet normal -0.634366 0.773033 0
    outer loop
      vertex 62.1111 2.33706 6
      vertex 62.4142 2.58579 2
      vertex 62.1111 2.33706 2
    endloop
  endfacet
  facet normal 1 -0 0
    outer loop
      vertex 2 4 6
      vertex 2 51 2
      vertex 2 51 6
    endloop
  endfacet
  facet normal 1 0 0
    outer loop
      vertex 2 51 2
      vertex 2 4 6
      vertex 2 4 2
    endloop
  endfacet
  facet normal 1 -0 0
    outer loop
      vertex 2 4 20.6
      vertex 2 51 7
      vertex 2 51 20.6
    endloop
  endfacet
  facet normal 1 0 0
    outer loop
      vertex 2 51 7
      vertex 2 4 20.6
      vertex 2 4 7
    endloop
  endfacet
  facet normal 0.881879 -0.471475 0
    outer loop
      vertex 2.15224 51.7654 20.6
      vertex 2.33706 52.1111 7
      vertex 2.33706 52.1111 20.6
    endloop
  endfacet
  facet normal 0.881879 -0.471475 0
    outer loop
      vertex 2.33706 52.1111 7
      vertex 2.15224 51.7654 20.6
      vertex 2.15224 51.7654 7
    endloop
  endfacet
  facet normal 0.881879 -0.471475 0
    outer loop
      vertex 2.15224 51.7654 6
      vertex 2.33706 52.1111 2
      vertex 2.33706 52.1111 6
    endloop
  endfacet
  facet normal 0.881879 -0.471475 0
    outer loop
      vertex 2.33706 52.1111 2
      vertex 2.15224 51.7654 6
      vertex 2.15224 51.7654 2
    endloop
  endfacet
  facet normal -0.881834 0.47156 0
    outer loop
      vertex 62.6629 2.88886 7
      vertex 62.8478 3.23463 20.6
      vertex 62.8478 3.23463 7
    endloop
  endfacet
  facet normal -0.881834 0.47156 0
    outer loop
      vertex 62.8478 3.23463 20.6
      vertex 62.6629 2.88886 7
      vertex 62.6629 2.88886 20.6
    endloop
  endfacet
  facet normal -0.881834 0.47156 0
    outer loop
      vertex 62.6629 2.88886 2
      vertex 62.8478 3.23463 6
      vertex 62.8478 3.23463 2
    endloop
  endfacet
  facet normal -0.881834 0.47156 0
    outer loop
      vertex 62.8478 3.23463 6
      vertex 62.6629 2.88886 2
      vertex 62.6629 2.88886 6
    endloop
  endfacet
  facet normal 0.773002 0.634404 0
    outer loop
      vertex 2.58579 2.58579 20.6
      vertex 2.33706 2.88886 7
      vertex 2.33706 2.88886 20.6
    endloop
  endfacet
  facet normal 0.773002 0.634404 0
    outer loop
      vertex 2.33706 2.88886 7
      vertex 2.58579 2.58579 20.6
      vertex 2.58579 2.58579 7
    endloop
  endfacet
  facet normal 0.773002 0.634404 0
    outer loop
      vertex 2.58579 2.58579 6
      vertex 2.33706 2.88886 2
      vertex 2.33706 2.88886 6
    endloop
  endfacet
  facet normal 0.773002 0.634404 0
    outer loop
      vertex 2.33706 2.88886 2
      vertex 2.58579 2.58579 6
      vertex 2.58579 2.58579 2
    endloop
  endfacet
  facet normal 0.995185 -0.0980137 0
    outer loop
      vertex 2 51 6
      vertex 2.03843 51.3902 2
      vertex 2.03843 51.3902 6
    endloop
  endfacet
  facet normal 0.995185 -0.0980137 0
    outer loop
      vertex 2.03843 51.3902 2
      vertex 2 51 6
      vertex 2 51 2
    endloop
  endfacet
  facet normal 0.995185 -0.0980137 0
    outer loop
      vertex 2 51 20.6
      vertex 2.03843 51.3902 7
      vertex 2.03843 51.3902 20.6
    endloop
  endfacet
  facet normal 0.995185 -0.0980137 0
    outer loop
      vertex 2.03843 51.3902 7
      vertex 2 51 20.6
      vertex 2 51 7
    endloop
  endfacet
  facet normal 0.995185 0.0980187 0
    outer loop
      vertex 2.03843 3.60982 6
      vertex 2 4 2
      vertex 2 4 6
    endloop
  endfacet
  facet normal 0.995185 0.0980187 0
    outer loop
      vertex 2 4 2
      vertex 2.03843 3.60982 6
      vertex 2.03843 3.60982 2
    endloop
  endfacet
  facet normal 0.995185 0.0980187 0
    outer loop
      vertex 2.03843 3.60982 20.6
      vertex 2 4 7
      vertex 2 4 20.6
    endloop
  endfacet
  facet normal 0.995185 0.0980187 0
    outer loop
      vertex 2 4 7
      vertex 2.03843 3.60982 20.6
      vertex 2.03843 3.60982 7
    endloop
  endfacet
  facet normal -0.956949 0.290255 0
    outer loop
      vertex 62.8478 3.23463 2
      vertex 62.9616 3.60982 6
      vertex 62.9616 3.60982 2
    endloop
  endfacet
  facet normal -0.956949 0.290255 0
    outer loop
      vertex 62.9616 3.60982 6
      vertex 62.8478 3.23463 2
      vertex 62.8478 3.23463 6
    endloop
  endfacet
  facet normal -0.956949 0.290255 0
    outer loop
      vertex 62.8478 3.23463 7
      vertex 62.9616 3.60982 20.6
      vertex 62.9616 3.60982 7
    endloop
  endfacet
  facet normal -0.956949 0.290255 0
    outer loop
      vertex 62.9616 3.60982 20.6
      vertex 62.8478 3.23463 7
      vertex 62.8478 3.23463 20.6
    endloop
  endfacet
  facet normal -0.77307 -0.634321 0
    outer loop
      vertex 62.6629 52.1111 7
      vertex 62.4142 52.4142 20.6
      vertex 62.4142 52.4142 7
    endloop
  endfacet
  facet normal -0.77307 -0.634321 0
    outer loop
      vertex 62.4142 52.4142 20.6
      vertex 62.6629 52.1111 7
      vertex 62.6629 52.1111 20.6
    endloop
  endfacet
  facet normal -0.77307 -0.634321 0
    outer loop
      vertex 62.6629 52.1111 2
      vertex 62.4142 52.4142 6
      vertex 62.4142 52.4142 2
    endloop
  endfacet
  facet normal -0.77307 -0.634321 0
    outer loop
      vertex 62.4142 52.4142 6
      vertex 62.6629 52.1111 2
      vertex 62.6629 52.1111 6
    endloop
  endfacet
  facet normal 0.634358 -0.773039 0
    outer loop
      vertex 2.58579 52.4142 7
      vertex 2.88886 52.6629 20.6
      vertex 2.58579 52.4142 20.6
    endloop
  endfacet
  facet normal 0.634358 -0.773039 0
    outer loop
      vertex 2.88886 52.6629 20.6
      vertex 2.58579 52.4142 7
      vertex 2.88886 52.6629 7
    endloop
  endfacet
  facet normal 0.634358 -0.773039 0
    outer loop
      vertex 2.58579 52.4142 2
      vertex 2.88886 52.6629 6
      vertex 2.58579 52.4142 6
    endloop
  endfacet
  facet normal 0.634358 -0.773039 0
    outer loop
      vertex 2.88886 52.6629 6
      vertex 2.58579 52.4142 2
      vertex 2.88886 52.6629 2
    endloop
  endfacet
  facet normal 0 0 1
    outer loop
      vertex 8.62132 46.3787 2
      vertex 56.3787 46.3787 2
      vertex 9.09808 47 2
    endloop
  endfacet
  facet normal 0 0 1
    outer loop
      vertex 56.3787 8.62132 2
      vertex 9.39778 7.27646 2
      vertex 9.5 6.5 2
    endloop
  endfacet
  facet normal 0 0 1
    outer loop
      vertex 56.3787 46.3787 2
      vertex 8.62132 46.3787 2
      vertex 56.3787 8.62132 2
    endloop
  endfacet
  facet normal 0 0 1
    outer loop
      vertex 56.3787 8.62132 2
      vertex 9.09808 8 2
      vertex 9.39778 7.27646 2
    endloop
  endfacet
  facet normal 0 0 1
    outer loop
      vertex 8.62132 8.62132 2
      vertex 56.3787 8.62132 2
      vertex 8.62132 46.3787 2
    endloop
  endfacet
  facet normal 0 0 1
    outer loop
      vertex 56.3787 8.62132 2
      vertex 8.62132 8.62132 2
      vertex 9.09808 8 2
    endloop
  endfacet
  facet normal -0 0 1
    outer loop
      vertex 8 45.9019 2
      vertex 8.62132 8.62132 2
      vertex 8.62132 46.3787 2
    endloop
  endfacet
  facet normal 0 0 1
    outer loop
      vertex 8 45.9019 2
      vertex 8 9.09808 2
      vertex 8.62132 8.62132 2
    endloop
  endfacet
  facet normal -0 0 1
    outer loop
      vertex 7.27646 45.6022 2
      vertex 8 9.09808 2
      vertex 8 45.9019 2
    endloop
  endfacet
  facet normal 0 0 1
    outer loop
      vertex 7.27646 45.6022 2
      vertex 7.27646 9.39778 2
      vertex 8 9.09808 2
    endloop
  endfacet
  facet normal -0 0 1
    outer loop
      vertex 6.5 45.5 2
      vertex 7.27646 9.39778 2
      vertex 7.27646 45.6022 2
    endloop
  endfacet
  facet normal 0 0 1
    outer loop
      vertex 6.5 45.5 2
      vertex 6.5 9.5 2
      vertex 7.27646 9.39778 2
    endloop
  endfacet
  facet normal 0 0 1
    outer loop
      vertex 5.72354 45.6022 2
      vertex 6.5 9.5 2
      vertex 6.5 45.5 2
    endloop
  endfacet
  facet normal 0 0 1
    outer loop
      vertex 5.72354 45.6022 2
      vertex 5.72354 9.39778 2
      vertex 6.5 9.5 2
    endloop
  endfacet
  facet normal 0 0 1
    outer loop
      vertex 5 45.9019 2
      vertex 5.72354 9.39778 2
      vertex 5.72354 45.6022 2
    endloop
  endfacet
  facet normal 0 0 1
    outer loop
      vertex 5 45.9019 2
      vertex 5 9.09808 2
      vertex 5.72354 9.39778 2
    endloop
  endfacet
  facet normal 0 0 1
    outer loop
      vertex 4.37868 46.3787 2
      vertex 5 9.09808 2
      vertex 5 45.9019 2
    endloop
  endfacet
  facet normal 0 0 1
    outer loop
      vertex 4.37868 46.3787 2
      vertex 4.37868 8.62132 2
      vertex 5 9.09808 2
    endloop
  endfacet
  facet normal 0 0 1
    outer loop
      vertex 3.90192 47 2
      vertex 4.37868 8.62132 2
      vertex 4.37868 46.3787 2
    endloop
  endfacet
  facet normal 0 0 1
    outer loop
      vertex 3.90192 47 2
      vertex 3.90192 8 2
      vertex 4.37868 8.62132 2
    endloop
  endfacet
  facet normal 0 0 1
    outer loop
      vertex 2 51 2
      vertex 3.90192 47 2
      vertex 3.60222 47.7235 2
    endloop
  endfacet
  facet normal 0 0 1
    outer loop
      vertex 3.90192 47 2
      vertex 2 51 2
      vertex 3.90192 8 2
    endloop
  endfacet
  facet normal 0 0 1
    outer loop
      vertex 2 51 2
      vertex 3.60222 47.7235 2
      vertex 3.5 48.5 2
    endloop
  endfacet
  facet normal 0 0 1
    outer loop
      vertex 2 4 2
      vertex 3.90192 8 2
      vertex 2 51 2
    endloop
  endfacet
  facet normal 0 0 1
    outer loop
      vertex 63 51 2
      vertex 61.0981 47 2
      vertex 63 4 2
    endloop
  endfacet
  facet normal 0 0 1
    outer loop
      vertex 63 4 2
      vertex 61.3978 7.27646 2
      vertex 61.5 6.5 2
    endloop
  endfacet
  facet normal -0 0 1
    outer loop
      vertex 61.0981 8 2
      vertex 63 4 2
      vertex 61.0981 47 2
    endloop
  endfacet
  facet normal 0 0 1
    outer loop
      vertex 63 4 2
      vertex 61.0981 8 2
      vertex 61.3978 7.27646 2
    endloop
  endfacet
  facet normal -0 0 1
    outer loop
      vertex 60.6213 46.3787 2
      vertex 61.0981 8 2
      vertex 61.0981 47 2
    endloop
  endfacet
  facet normal 0 0 1
    outer loop
      vertex 60.6213 46.3787 2
      vertex 60.6213 8.62132 2
      vertex 61.0981 8 2
    endloop
  endfacet
  facet normal -0 0 1
    outer loop
      vertex 60 45.9019 2
      vertex 60.6213 8.62132 2
      vertex 60.6213 46.3787 2
    endloop
  endfacet
  facet normal 0 0 1
    outer loop
      vertex 60 45.9019 2
      vertex 60 9.09808 2
      vertex 60.6213 8.62132 2
    endloop
  endfacet
  facet normal -0 0 1
    outer loop
      vertex 59.2765 45.6022 2
      vertex 60 9.09808 2
      vertex 60 45.9019 2
    endloop
  endfacet
  facet normal 0 0 1
    outer loop
      vertex 59.2765 45.6022 2
      vertex 59.2765 9.39778 2
      vertex 60 9.09808 2
    endloop
  endfacet
  facet normal -0 0 1
    outer loop
      vertex 58.5 45.5 2
      vertex 59.2765 9.39778 2
      vertex 59.2765 45.6022 2
    endloop
  endfacet
  facet normal 0 0 1
    outer loop
      vertex 58.5 45.5 2
      vertex 58.5 9.5 2
      vertex 59.2765 9.39778 2
    endloop
  endfacet
  facet normal 0 0 1
    outer loop
      vertex 57.7235 45.6022 2
      vertex 58.5 9.5 2
      vertex 58.5 45.5 2
    endloop
  endfacet
  facet normal 0 0 1
    outer loop
      vertex 57.7235 45.6022 2
      vertex 57.7235 9.39778 2
      vertex 58.5 9.5 2
    endloop
  endfacet
  facet normal 0 0 1
    outer loop
      vertex 57 45.9019 2
      vertex 57.7235 9.39778 2
      vertex 57.7235 45.6022 2
    endloop
  endfacet
  facet normal 0 0 1
    outer loop
      vertex 57 45.9019 2
      vertex 57 9.09808 2
      vertex 57.7235 9.39778 2
    endloop
  endfacet
  facet normal 0 0 1
    outer loop
      vertex 56.3787 46.3787 2
      vertex 57 9.09808 2
      vertex 57 45.9019 2
    endloop
  endfacet
  facet normal 0 0 1
    outer loop
      vertex 56.3787 46.3787 2
      vertex 56.3787 8.62132 2
      vertex 57 9.09808 2
    endloop
  endfacet
  facet normal 0 0 1
    outer loop
      vertex 55.6022 47.7235 2
      vertex 9.39778 47.7235 2
      vertex 55.9019 47 2
    endloop
  endfacet
  facet normal 0 0 1
    outer loop
      vertex 9.09808 47 2
      vertex 55.9019 47 2
      vertex 9.39778 47.7235 2
    endloop
  endfacet
  facet normal 0 0 1
    outer loop
      vertex 9.39778 47.7235 2
      vertex 55.6022 47.7235 2
      vertex 9.5 48.5 2
    endloop
  endfacet
  facet normal 0 0 1
    outer loop
      vertex 55.9019 47 2
      vertex 9.09808 47 2
      vertex 56.3787 46.3787 2
    endloop
  endfacet
  facet normal -0 0 1
    outer loop
      vertex 9.5 48.5 2
      vertex 55.6022 47.7235 2
      vertex 55.5 48.5 2
    endloop
  endfacet
  facet normal 0 0 1
    outer loop
      vertex 56.3787 8.62132 2
      vertex 9.5 6.5 2
      vertex 55.9019 8 2
    endloop
  endfacet
  facet normal 0 0 1
    outer loop
      vertex 60.6213 50.6213 2
      vertex 63 51 2
      vertex 62.9616 51.3902 2
    endloop
  endfacet
  facet normal 0 0 1
    outer loop
      vertex 61.3978 47.7235 2
      vertex 63 51 2
      vertex 61.5 48.5 2
    endloop
  endfacet
  facet normal 0 0 1
    outer loop
      vertex 60.6213 50.6213 2
      vertex 62.9616 51.3902 2
      vertex 62.8478 51.7654 2
    endloop
  endfacet
  facet normal 0 0 1
    outer loop
      vertex 61.0981 47 2
      vertex 63 51 2
      vertex 61.3978 47.7235 2
    endloop
  endfacet
  facet normal 0 0 1
    outer loop
      vertex 60.6213 50.6213 2
      vertex 62.8478 51.7654 2
      vertex 62.6629 52.1111 2
    endloop
  endfacet
  facet normal -0 0 1
    outer loop
      vertex 61.3978 5.72354 2
      vertex 63 4 2
      vertex 61.5 6.5 2
    endloop
  endfacet
  facet normal 0 0 1
    outer loop
      vertex 60.6213 50.6213 2
      vertex 62.6629 52.1111 2
      vertex 62.4142 52.4142 2
    endloop
  endfacet
  facet normal -0 0 1
    outer loop
      vertex 61.0981 5 2
      vertex 63 4 2
      vertex 61.3978 5.72354 2
    endloop
  endfacet
  facet normal 0 0 1
    outer loop
      vertex 60.6213 50.6213 2
      vertex 62.4142 52.4142 2
      vertex 62.1111 52.6629 2
    endloop
  endfacet
  facet normal -0 0 1
    outer loop
      vertex 60.6213 4.37868 2
      vertex 63 4 2
      vertex 61.0981 5 2
    endloop
  endfacet
  facet normal 0 0 1
    outer loop
      vertex 60.6213 50.6213 2
      vertex 62.1111 52.6629 2
      vertex 61.7654 52.8478 2
    endloop
  endfacet
  facet normal 0 0 1
    outer loop
      vertex 63 4 2
      vertex 60.6213 4.37868 2
      vertex 62.9616 3.60982 2
    endloop
  endfacet
  facet normal 0 0 1
    outer loop
      vertex 62.9616 3.60982 2
      vertex 60.6213 4.37868 2
      vertex 62.8478 3.23463 2
    endloop
  endfacet
  facet normal 0 0 1
    outer loop
      vertex 63 51 2
      vertex 61.3978 49.2765 2
      vertex 61.5 48.5 2
    endloop
  endfacet
  facet normal 0 0 1
    outer loop
      vertex 60.6213 50.6213 2
      vertex 61.7654 52.8478 2
      vertex 61.3902 52.9616 2
    endloop
  endfacet
  facet normal 0 0 1
    outer loop
      vertex 63 51 2
      vertex 61.0981 50 2
      vertex 61.3978 49.2765 2
    endloop
  endfacet
  facet normal 0 0 1
    outer loop
      vertex 60.6213 50.6213 2
      vertex 61.3902 52.9616 2
      vertex 61 53 2
    endloop
  endfacet
  facet normal 0 0 1
    outer loop
      vertex 63 51 2
      vertex 60.6213 50.6213 2
      vertex 61.0981 50 2
    endloop
  endfacet
  facet normal 0 0 1
    outer loop
      vertex 61 53 2
      vertex 60 51.0981 2
      vertex 60.6213 50.6213 2
    endloop
  endfacet
  facet normal 0 0 1
    outer loop
      vertex 61 53 2
      vertex 59.2765 51.3978 2
      vertex 60 51.0981 2
    endloop
  endfacet
  facet normal 0 0 1
    outer loop
      vertex 61 53 2
      vertex 58.5 51.5 2
      vertex 59.2765 51.3978 2
    endloop
  endfacet
  facet normal 0 0 1
    outer loop
      vertex 61 53 2
      vertex 57.7235 51.3978 2
      vertex 58.5 51.5 2
    endloop
  endfacet
  facet normal 0 0 1
    outer loop
      vertex 61 53 2
      vertex 57 51.0981 2
      vertex 57.7235 51.3978 2
    endloop
  endfacet
  facet normal 0 0 1
    outer loop
      vertex 55.9019 8 2
      vertex 9.5 6.5 2
      vertex 55.6022 7.27646 2
    endloop
  endfacet
  facet normal 0 0 1
    outer loop
      vertex 55.6022 49.2765 2
      vertex 9.5 48.5 2
      vertex 55.5 48.5 2
    endloop
  endfacet
  facet normal 0 0 1
    outer loop
      vertex 9.39778 49.2765 2
      vertex 55.6022 49.2765 2
      vertex 55.9019 50 2
    endloop
  endfacet
  facet normal 0 0 1
    outer loop
      vertex 9.09808 50 2
      vertex 55.9019 50 2
      vertex 56.3787 50.6213 2
    endloop
  endfacet
  facet normal 0 0 1
    outer loop
      vertex 8.62132 50.6213 2
      vertex 56.3787 50.6213 2
      vertex 57 51.0981 2
    endloop
  endfacet
  facet normal 0 0 1
    outer loop
      vertex 8 51.0981 2
      vertex 57 51.0981 2
      vertex 61 53 2
    endloop
  endfacet
  facet normal 0 0 1
    outer loop
      vertex 55.6022 49.2765 2
      vertex 9.39778 49.2765 2
      vertex 9.5 48.5 2
    endloop
  endfacet
  facet normal 0 0 1
    outer loop
      vertex 55.9019 50 2
      vertex 9.09808 50 2
      vertex 9.39778 49.2765 2
    endloop
  endfacet
  facet normal 0 0 1
    outer loop
      vertex 56.3787 50.6213 2
      vertex 8.62132 50.6213 2
      vertex 9.09808 50 2
    endloop
  endfacet
  facet normal 0 0 1
    outer loop
      vertex 57 51.0981 2
      vertex 8 51.0981 2
      vertex 8.62132 50.6213 2
    endloop
  endfacet
  facet normal -0 0 1
    outer loop
      vertex 4 53 2
      vertex 8 51.0981 2
      vertex 61 53 2
    endloop
  endfacet
  facet normal 0 0 1
    outer loop
      vertex 8 51.0981 2
      vertex 4 53 2
      vertex 7.27646 51.3978 2
    endloop
  endfacet
  facet normal 0 0 1
    outer loop
      vertex 7.27646 51.3978 2
      vertex 4 53 2
      vertex 6.5 51.5 2
    endloop
  endfacet
  facet normal 0 0 1
    outer loop
      vertex 4 53 2
      vertex 5.72354 51.3978 2
      vertex 6.5 51.5 2
    endloop
  endfacet
  facet normal 0 0 1
    outer loop
      vertex 4 53 2
      vertex 5 51.0981 2
      vertex 5.72354 51.3978 2
    endloop
  endfacet
  facet normal 0 0 1
    outer loop
      vertex 4 53 2
      vertex 4.37868 50.6213 2
      vertex 5 51.0981 2
    endloop
  endfacet
  facet normal -0 0 1
    outer loop
      vertex 3.60982 52.9616 2
      vertex 4.37868 50.6213 2
      vertex 4 53 2
    endloop
  endfacet
  facet normal -0 0 1
    outer loop
      vertex 3.23463 52.8478 2
      vertex 4.37868 50.6213 2
      vertex 3.60982 52.9616 2
    endloop
  endfacet
  facet normal -0 0 1
    outer loop
      vertex 2.88886 52.6629 2
      vertex 4.37868 50.6213 2
      vertex 3.23463 52.8478 2
    endloop
  endfacet
  facet normal -0 0 1
    outer loop
      vertex 2.58579 52.4142 2
      vertex 4.37868 50.6213 2
      vertex 2.88886 52.6629 2
    endloop
  endfacet
  facet normal 0 0 1
    outer loop
      vertex 3.60222 49.2765 2
      vertex 2 51 2
      vertex 3.5 48.5 2
    endloop
  endfacet
  facet normal -0 0 1
    outer loop
      vertex 2.33706 52.1111 2
      vertex 4.37868 50.6213 2
      vertex 2.58579 52.4142 2
    endloop
  endfacet
  facet normal 0 0 1
    outer loop
      vertex 62.8478 3.23463 2
      vertex 60.6213 4.37868 2
      vertex 62.6629 2.88886 2
    endloop
  endfacet
  facet normal 0 0 1
    outer loop
      vertex 62.6629 2.88886 2
      vertex 60.6213 4.37868 2
      vertex 62.4142 2.58579 2
    endloop
  endfacet
  facet normal 0 0 1
    outer loop
      vertex 62.4142 2.58579 2
      vertex 60.6213 4.37868 2
      vertex 62.1111 2.33706 2
    endloop
  endfacet
  facet normal 0 0 1
    outer loop
      vertex 62.1111 2.33706 2
      vertex 60.6213 4.37868 2
      vertex 61.7654 2.15224 2
    endloop
  endfacet
  facet normal 0 0 1
    outer loop
      vertex 61.7654 2.15224 2
      vertex 60.6213 4.37868 2
      vertex 61.3902 2.03843 2
    endloop
  endfacet
  facet normal 0 0 1
    outer loop
      vertex 61.3902 2.03843 2
      vertex 60.6213 4.37868 2
      vertex 61 2 2
    endloop
  endfacet
  facet normal -0 0 1
    outer loop
      vertex 60 3.90192 2
      vertex 61 2 2
      vertex 60.6213 4.37868 2
    endloop
  endfacet
  facet normal -0 0 1
    outer loop
      vertex 59.2765 3.60222 2
      vertex 61 2 2
      vertex 60 3.90192 2
    endloop
  endfacet
  facet normal -0 0 1
    outer loop
      vertex 58.5 3.5 2
      vertex 61 2 2
      vertex 59.2765 3.60222 2
    endloop
  endfacet
  facet normal 0 0 1
    outer loop
      vertex 57.7235 3.60222 2
      vertex 61 2 2
      vertex 58.5 3.5 2
    endloop
  endfacet
  facet normal 0 0 1
    outer loop
      vertex 57 3.90192 2
      vertex 61 2 2
      vertex 57.7235 3.60222 2
    endloop
  endfacet
  facet normal 0 0 1
    outer loop
      vertex 55.6022 7.27646 2
      vertex 9.5 6.5 2
      vertex 55.5 6.5 2
    endloop
  endfacet
  facet normal 0 0 1
    outer loop
      vertex 55.5 6.5 2
      vertex 9.5 6.5 2
      vertex 55.6022 5.72354 2
    endloop
  endfacet
  facet normal 0 0 1
    outer loop
      vertex 9.39778 5.72354 2
      vertex 55.6022 5.72354 2
      vertex 9.5 6.5 2
    endloop
  endfacet
  facet normal 0 0 1
    outer loop
      vertex 55.6022 5.72354 2
      vertex 9.39778 5.72354 2
      vertex 55.9019 5 2
    endloop
  endfacet
  facet normal 0 0 1
    outer loop
      vertex 9.09808 5 2
      vertex 55.9019 5 2
      vertex 9.39778 5.72354 2
    endloop
  endfacet
  facet normal 0 0 1
    outer loop
      vertex 55.9019 5 2
      vertex 9.09808 5 2
      vertex 56.3787 4.37868 2
    endloop
  endfacet
  facet normal 0 0 1
    outer loop
      vertex 8.62132 4.37868 2
      vertex 56.3787 4.37868 2
      vertex 9.09808 5 2
    endloop
  endfacet
  facet normal 0 0 1
    outer loop
      vertex 56.3787 4.37868 2
      vertex 8.62132 4.37868 2
      vertex 57 3.90192 2
    endloop
  endfacet
  facet normal 0 0 1
    outer loop
      vertex 8 3.90192 2
      vertex 57 3.90192 2
      vertex 8.62132 4.37868 2
    endloop
  endfacet
  facet normal 0 0 1
    outer loop
      vertex 57 3.90192 2
      vertex 8 3.90192 2
      vertex 61 2 2
    endloop
  endfacet
  facet normal 0 0 1
    outer loop
      vertex 4 2 2
      vertex 8 3.90192 2
      vertex 7.27646 3.60222 2
    endloop
  endfacet
  facet normal 0 0 1
    outer loop
      vertex 4 2 2
      vertex 7.27646 3.60222 2
      vertex 6.5 3.5 2
    endloop
  endfacet
  facet normal 0 0 1
    outer loop
      vertex 8 3.90192 2
      vertex 4 2 2
      vertex 61 2 2
    endloop
  endfacet
  facet normal 0 0 1
    outer loop
      vertex 5.72354 3.60222 2
      vertex 4 2 2
      vertex 6.5 3.5 2
    endloop
  endfacet
  facet normal 0 0 1
    outer loop
      vertex 5 3.90192 2
      vertex 4 2 2
      vertex 5.72354 3.60222 2
    endloop
  endfacet
  facet normal 0 0 1
    outer loop
      vertex 4.37868 4.37868 2
      vertex 4 2 2
      vertex 5 3.90192 2
    endloop
  endfacet
  facet normal 0 0 1
    outer loop
      vertex 2 4 2
      vertex 4.37868 4.37868 2
      vertex 3.90192 5 2
    endloop
  endfacet
  facet normal 0 0 1
    outer loop
      vertex 4.37868 4.37868 2
      vertex 3.60982 2.03843 2
      vertex 4 2 2
    endloop
  endfacet
  facet normal 0 0 1
    outer loop
      vertex 2 4 2
      vertex 3.90192 5 2
      vertex 3.60222 5.72354 2
    endloop
  endfacet
  facet normal 0 0 1
    outer loop
      vertex 2 4 2
      vertex 3.60222 5.72354 2
      vertex 3.5 6.5 2
    endloop
  endfacet
  facet normal 0 0 1
    outer loop
      vertex 4.37868 4.37868 2
      vertex 2 4 2
      vertex 2.03843 3.60982 2
    endloop
  endfacet
  facet normal 0 0 1
    outer loop
      vertex 3.90192 8 2
      vertex 2 4 2
      vertex 3.60222 7.27646 2
    endloop
  endfacet
  facet normal -0 0 1
    outer loop
      vertex 2.15224 51.7654 2
      vertex 4.37868 50.6213 2
      vertex 2.33706 52.1111 2
    endloop
  endfacet
  facet normal 0 0 1
    outer loop
      vertex 3.60222 7.27646 2
      vertex 2 4 2
      vertex 3.5 6.5 2
    endloop
  endfacet
  facet normal -0 0 1
    outer loop
      vertex 2.03843 51.3902 2
      vertex 4.37868 50.6213 2
      vertex 2.15224 51.7654 2
    endloop
  endfacet
  facet normal 0 0 1
    outer loop
      vertex 4.37868 4.37868 2
      vertex 3.23463 2.15224 2
      vertex 3.60982 2.03843 2
    endloop
  endfacet
  facet normal -0 0 1
    outer loop
      vertex 2 51 2
      vertex 4.37868 50.6213 2
      vertex 2.03843 51.3902 2
    endloop
  endfacet
  facet normal 0 0 1
    outer loop
      vertex 4.37868 4.37868 2
      vertex 2.88886 2.33706 2
      vertex 3.23463 2.15224 2
    endloop
  endfacet
  facet normal 0 0 1
    outer loop
      vertex 4.37868 50.6213 2
      vertex 2 51 2
      vertex 3.90192 50 2
    endloop
  endfacet
  facet normal 0 0 1
    outer loop
      vertex 4.37868 4.37868 2
      vertex 2.58579 2.58579 2
      vertex 2.88886 2.33706 2
    endloop
  endfacet
  facet normal 0 0 1
    outer loop
      vertex 3.90192 50 2
      vertex 2 51 2
      vertex 3.60222 49.2765 2
    endloop
  endfacet
  facet normal 0 0 1
    outer loop
      vertex 4.37868 4.37868 2
      vertex 2.33706 2.88886 2
      vertex 2.58579 2.58579 2
    endloop
  endfacet
  facet normal 0 0 1
    outer loop
      vertex 4.37868 4.37868 2
      vertex 2.15224 3.23463 2
      vertex 2.33706 2.88886 2
    endloop
  endfacet
  facet normal 0 0 1
    outer loop
      vertex 4.37868 4.37868 2
      vertex 2.03843 3.60982 2
      vertex 2.15224 3.23463 2
    endloop
  endfacet
  facet normal 0 0 1
    outer loop
      vertex 7.70741 6.82352 2
      vertex 7.70741 6.17648 2
      vertex 7.75 6.5 2
    endloop
  endfacet
  facet normal 0 0 1
    outer loop
      vertex 7.58253 7.125 2
      vertex 7.70741 6.17648 2
      vertex 7.70741 6.82352 2
    endloop
  endfacet
  facet normal 0 0 1
    outer loop
      vertex 7.58253 7.125 2
      vertex 7.58253 5.875 2
      vertex 7.70741 6.17648 2
    endloop
  endfacet
  facet normal 0 0 1
    outer loop
      vertex 7.38388 7.38388 2
      vertex 7.58253 5.875 2
      vertex 7.58253 7.125 2
    endloop
  endfacet
  facet normal 0 0 1
    outer loop
      vertex 7.38388 7.38388 2
      vertex 7.38388 5.61612 2
      vertex 7.58253 5.875 2
    endloop
  endfacet
  facet normal 0 0 1
    outer loop
      vertex 7.125 7.58253 2
      vertex 7.38388 5.61612 2
      vertex 7.38388 7.38388 2
    endloop
  endfacet
  facet normal 0 0 1
    outer loop
      vertex 7.125 7.58253 2
      vertex 7.125 5.41747 2
      vertex 7.38388 5.61612 2
    endloop
  endfacet
  facet normal 0 0 1
    outer loop
      vertex 6.82352 7.70741 2
      vertex 7.125 5.41747 2
      vertex 7.125 7.58253 2
    endloop
  endfacet
  facet normal 0 0 1
    outer loop
      vertex 6.82352 7.70741 2
      vertex 6.82352 5.29259 2
      vertex 7.125 5.41747 2
    endloop
  endfacet
  facet normal 0 0 1
    outer loop
      vertex 6.5 7.75 2
      vertex 6.82352 5.29259 2
      vertex 6.82352 7.70741 2
    endloop
  endfacet
  facet normal 0 0 1
    outer loop
      vertex 6.5 7.75 2
      vertex 6.5 5.25 2
      vertex 6.82352 5.29259 2
    endloop
  endfacet
  facet normal -0 0 1
    outer loop
      vertex 6.17648 7.70741 2
      vertex 6.5 5.25 2
      vertex 6.5 7.75 2
    endloop
  endfacet
  facet normal 0 0 1
    outer loop
      vertex 6.17648 7.70741 2
      vertex 6.17648 5.29259 2
      vertex 6.5 5.25 2
    endloop
  endfacet
  facet normal -0 0 1
    outer loop
      vertex 5.875 7.58253 2
      vertex 6.17648 5.29259 2
      vertex 6.17648 7.70741 2
    endloop
  endfacet
  facet normal 0 0 1
    outer loop
      vertex 5.875 7.58253 2
      vertex 5.875 5.41747 2
      vertex 6.17648 5.29259 2
    endloop
  endfacet
  facet normal -0 0 1
    outer loop
      vertex 5.61612 7.38388 2
      vertex 5.875 5.41747 2
      vertex 5.875 7.58253 2
    endloop
  endfacet
  facet normal 0 0 1
    outer loop
      vertex 5.61612 7.38388 2
      vertex 5.61612 5.61612 2
      vertex 5.875 5.41747 2
    endloop
  endfacet
  facet normal -0 0 1
    outer loop
      vertex 5.41747 7.125 2
      vertex 5.61612 5.61612 2
      vertex 5.61612 7.38388 2
    endloop
  endfacet
  facet normal 0 0 1
    outer loop
      vertex 5.41747 7.125 2
      vertex 5.41747 5.875 2
      vertex 5.61612 5.61612 2
    endloop
  endfacet
  facet normal -0 0 1
    outer loop
      vertex 5.29259 6.82352 2
      vertex 5.41747 5.875 2
      vertex 5.41747 7.125 2
    endloop
  endfacet
  facet normal 0 0 1
    outer loop
      vertex 5.29259 6.82352 2
      vertex 5.29259 6.17648 2
      vertex 5.41747 5.875 2
    endloop
  endfacet
  facet normal 0 -0 1
    outer loop
      vertex 5.29259 6.17648 2
      vertex 5.29259 6.82352 2
      vertex 5.25 6.5 2
    endloop
  endfacet
  facet normal 0 0 1
    outer loop
      vertex 7.70741 48.8235 2
      vertex 7.70741 48.1765 2
      vertex 7.75 48.5 2
    endloop
  endfacet
  facet normal 0 0 1
    outer loop
      vertex 7.58253 49.125 2
      vertex 7.70741 48.1765 2
      vertex 7.70741 48.8235 2
    endloop
  endfacet
  facet normal 0 0 1
    outer loop
      vertex 7.58253 49.125 2
      vertex 7.58253 47.875 2
      vertex 7.70741 48.1765 2
    endloop
  endfacet
  facet normal 0 0 1
    outer loop
      vertex 7.38388 49.3839 2
      vertex 7.58253 47.875 2
      vertex 7.58253 49.125 2
    endloop
  endfacet
  facet normal 0 0 1
    outer loop
      vertex 7.38388 49.3839 2
      vertex 7.38388 47.6161 2
      vertex 7.58253 47.875 2
    endloop
  endfacet
  facet normal 0 0 1
    outer loop
      vertex 7.125 49.5825 2
      vertex 7.38388 47.6161 2
      vertex 7.38388 49.3839 2
    endloop
  endfacet
  facet normal 0 0 1
    outer loop
      vertex 7.125 49.5825 2
      vertex 7.125 47.4175 2
      vertex 7.38388 47.6161 2
    endloop
  endfacet
  facet normal 0 0 1
    outer loop
      vertex 6.82352 49.7074 2
      vertex 7.125 47.4175 2
      vertex 7.125 49.5825 2
    endloop
  endfacet
  facet normal 0 0 1
    outer loop
      vertex 6.82352 49.7074 2
      vertex 6.82352 47.2926 2
      vertex 7.125 47.4175 2
    endloop
  endfacet
  facet normal 0 0 1
    outer loop
      vertex 6.5 49.75 2
      vertex 6.82352 47.2926 2
      vertex 6.82352 49.7074 2
    endloop
  endfacet
  facet normal 0 0 1
    outer loop
      vertex 6.5 49.75 2
      vertex 6.5 47.25 2
      vertex 6.82352 47.2926 2
    endloop
  endfacet
  facet normal -0 0 1
    outer loop
      vertex 6.17648 49.7074 2
      vertex 6.5 47.25 2
      vertex 6.5 49.75 2
    endloop
  endfacet
  facet normal 0 0 1
    outer loop
      vertex 6.17648 49.7074 2
      vertex 6.17648 47.2926 2
      vertex 6.5 47.25 2
    endloop
  endfacet
  facet normal -0 0 1
    outer loop
      vertex 5.875 49.5825 2
      vertex 6.17648 47.2926 2
      vertex 6.17648 49.7074 2
    endloop
  endfacet
  facet normal 0 0 1
    outer loop
      vertex 5.875 49.5825 2
      vertex 5.875 47.4175 2
      vertex 6.17648 47.2926 2
    endloop
  endfacet
  facet normal -0 0 1
    outer loop
      vertex 5.61612 49.3839 2
      vertex 5.875 47.4175 2
      vertex 5.875 49.5825 2
    endloop
  endfacet
  facet normal 0 0 1
    outer loop
      vertex 5.61612 49.3839 2
      vertex 5.61612 47.6161 2
      vertex 5.875 47.4175 2
    endloop
  endfacet
  facet normal -0 0 1
    outer loop
      vertex 5.41747 49.125 2
      vertex 5.61612 47.6161 2
      vertex 5.61612 49.3839 2
    endloop
  endfacet
  facet normal 0 0 1
    outer loop
      vertex 5.41747 49.125 2
      vertex 5.41747 47.875 2
      vertex 5.61612 47.6161 2
    endloop
  endfacet
  facet normal -0 0 1
    outer loop
      vertex 5.29259 48.8235 2
      vertex 5.41747 47.875 2
      vertex 5.41747 49.125 2
    endloop
  endfacet
  facet normal 0 0 1
    outer loop
      vertex 5.29259 48.8235 2
      vertex 5.29259 48.1765 2
      vertex 5.41747 47.875 2
    endloop
  endfacet
  facet normal 0 -0 1
    outer loop
      vertex 5.29259 48.1765 2
      vertex 5.29259 48.8235 2
      vertex 5.25 48.5 2
    endloop
  endfacet
  facet normal 0 0 1
    outer loop
      vertex 59.7074 6.82352 2
      vertex 59.7074 6.17648 2
      vertex 59.75 6.5 2
    endloop
  endfacet
  facet normal 0 0 1
    outer loop
      vertex 59.5825 7.125 2
      vertex 59.7074 6.17648 2
      vertex 59.7074 6.82352 2
    endloop
  endfacet
  facet normal 0 0 1
    outer loop
      vertex 59.5825 7.125 2
      vertex 59.5825 5.875 2
      vertex 59.7074 6.17648 2
    endloop
  endfacet
  facet normal 0 0 1
    outer loop
      vertex 59.3839 7.38388 2
      vertex 59.5825 5.875 2
      vertex 59.5825 7.125 2
    endloop
  endfacet
  facet normal 0 0 1
    outer loop
      vertex 59.3839 7.38388 2
      vertex 59.3839 5.61612 2
      vertex 59.5825 5.875 2
    endloop
  endfacet
  facet normal 0 0 1
    outer loop
      vertex 59.125 7.58253 2
      vertex 59.3839 5.61612 2
      vertex 59.3839 7.38388 2
    endloop
  endfacet
  facet normal 0 0 1
    outer loop
      vertex 59.125 7.58253 2
      vertex 59.125 5.41747 2
      vertex 59.3839 5.61612 2
    endloop
  endfacet
  facet normal 0 0 1
    outer loop
      vertex 58.8235 7.70741 2
      vertex 59.125 5.41747 2
      vertex 59.125 7.58253 2
    endloop
  endfacet
  facet normal 0 0 1
    outer loop
      vertex 58.8235 7.70741 2
      vertex 58.8235 5.29259 2
      vertex 59.125 5.41747 2
    endloop
  endfacet
  facet normal 0 0 1
    outer loop
      vertex 58.5 7.75 2
      vertex 58.8235 5.29259 2
      vertex 58.8235 7.70741 2
    endloop
  endfacet
  facet normal 0 0 1
    outer loop
      vertex 58.5 7.75 2
      vertex 58.5 5.25 2
      vertex 58.8235 5.29259 2
    endloop
  endfacet
  facet normal -0 0 1
    outer loop
      vertex 58.1765 7.70741 2
      vertex 58.5 5.25 2
      vertex 58.5 7.75 2
    endloop
  endfacet
  facet normal 0 0 1
    outer loop
      vertex 58.1765 7.70741 2
      vertex 58.1765 5.29259 2
      vertex 58.5 5.25 2
    endloop
  endfacet
  facet normal -0 0 1
    outer loop
      vertex 57.875 7.58253 2
      vertex 58.1765 5.29259 2
      vertex 58.1765 7.70741 2
    endloop
  endfacet
  facet normal 0 0 1
    outer loop
      vertex 57.875 7.58253 2
      vertex 57.875 5.41747 2
      vertex 58.1765 5.29259 2
    endloop
  endfacet
  facet normal -0 0 1
    outer loop
      vertex 57.6161 7.38388 2
      vertex 57.875 5.41747 2
      vertex 57.875 7.58253 2
    endloop
  endfacet
  facet normal 0 0 1
    outer loop
      vertex 57.6161 7.38388 2
      vertex 57.6161 5.61612 2
      vertex 57.875 5.41747 2
    endloop
  endfacet
  facet normal -0 0 1
    outer loop
      vertex 57.4175 7.125 2
      vertex 57.6161 5.61612 2
      vertex 57.6161 7.38388 2
    endloop
  endfacet
  facet normal 0 0 1
    outer loop
      vertex 57.4175 7.125 2
      vertex 57.4175 5.875 2
      vertex 57.6161 5.61612 2
    endloop
  endfacet
  facet normal -0 0 1
    outer loop
      vertex 57.2926 6.82352 2
      vertex 57.4175 5.875 2
      vertex 57.4175 7.125 2
    endloop
  endfacet
  facet normal 0 0 1
    outer loop
      vertex 57.2926 6.82352 2
      vertex 57.2926 6.17648 2
      vertex 57.4175 5.875 2
    endloop
  endfacet
  facet normal 0 -0 1
    outer loop
      vertex 57.2926 6.17648 2
      vertex 57.2926 6.82352 2
      vertex 57.25 6.5 2
    endloop
  endfacet
  facet normal 0 0 1
    outer loop
      vertex 59.7074 48.8235 2
      vertex 59.7074 48.1765 2
      vertex 59.75 48.5 2
    endloop
  endfacet
  facet normal 0 0 1
    outer loop
      vertex 59.5825 49.125 2
      vertex 59.7074 48.1765 2
      vertex 59.7074 48.8235 2
    endloop
  endfacet
  facet normal 0 0 1
    outer loop
      vertex 59.5825 49.125 2
      vertex 59.5825 47.875 2
      vertex 59.7074 48.1765 2
    endloop
  endfacet
  facet normal 0 0 1
    outer loop
      vertex 59.3839 49.3839 2
      vertex 59.5825 47.875 2
      vertex 59.5825 49.125 2
    endloop
  endfacet
  facet normal 0 0 1
    outer loop
      vertex 59.3839 49.3839 2
      vertex 59.3839 47.6161 2
      vertex 59.5825 47.875 2
    endloop
  endfacet
  facet normal 0 0 1
    outer loop
      vertex 59.125 49.5825 2
      vertex 59.3839 47.6161 2
      vertex 59.3839 49.3839 2
    endloop
  endfacet
  facet normal 0 0 1
    outer loop
      vertex 59.125 49.5825 2
      vertex 59.125 47.4175 2
      vertex 59.3839 47.6161 2
    endloop
  endfacet
  facet normal 0 0 1
    outer loop
      vertex 58.8235 49.7074 2
      vertex 59.125 47.4175 2
      vertex 59.125 49.5825 2
    endloop
  endfacet
  facet normal 0 0 1
    outer loop
      vertex 58.8235 49.7074 2
      vertex 58.8235 47.2926 2
      vertex 59.125 47.4175 2
    endloop
  endfacet
  facet normal 0 0 1
    outer loop
      vertex 58.5 49.75 2
      vertex 58.8235 47.2926 2
      vertex 58.8235 49.7074 2
    endloop
  endfacet
  facet normal 0 0 1
    outer loop
      vertex 58.5 49.75 2
      vertex 58.5 47.25 2
      vertex 58.8235 47.2926 2
    endloop
  endfacet
  facet normal -0 0 1
    outer loop
      vertex 58.1765 49.7074 2
      vertex 58.5 47.25 2
      vertex 58.5 49.75 2
    endloop
  endfacet
  facet normal 0 0 1
    outer loop
      vertex 58.1765 49.7074 2
      vertex 58.1765 47.2926 2
      vertex 58.5 47.25 2
    endloop
  endfacet
  facet normal -0 0 1
    outer loop
      vertex 57.875 49.5825 2
      vertex 58.1765 47.2926 2
      vertex 58.1765 49.7074 2
    endloop
  endfacet
  facet normal 0 0 1
    outer loop
      vertex 57.875 49.5825 2
      vertex 57.875 47.4175 2
      vertex 58.1765 47.2926 2
    endloop
  endfacet
  facet normal -0 0 1
    outer loop
      vertex 57.6161 49.3839 2
      vertex 57.875 47.4175 2
      vertex 57.875 49.5825 2
    endloop
  endfacet
  facet normal 0 0 1
    outer loop
      vertex 57.6161 49.3839 2
      vertex 57.6161 47.6161 2
      vertex 57.875 47.4175 2
    endloop
  endfacet
  facet normal -0 0 1
    outer loop
      vertex 57.4175 49.125 2
      vertex 57.6161 47.6161 2
      vertex 57.6161 49.3839 2
    endloop
  endfacet
  facet normal 0 0 1
    outer loop
      vertex 57.4175 49.125 2
      vertex 57.4175 47.875 2
      vertex 57.6161 47.6161 2
    endloop
  endfacet
  facet normal -0 0 1
    outer loop
      vertex 57.2926 48.8235 2
      vertex 57.4175 47.875 2
      vertex 57.4175 49.125 2
    endloop
  endfacet
  facet normal 0 0 1
    outer loop
      vertex 57.2926 48.8235 2
      vertex 57.2926 48.1765 2
      vertex 57.4175 47.875 2
    endloop
  endfacet
  facet normal 0 -0 1
    outer loop
      vertex 57.2926 48.1765 2
      vertex 57.2926 48.8235 2
      vertex 57.25 48.5 2
    endloop
  endfacet
  facet normal 0.290279 0.956942 -0
    outer loop
      vertex 3.60982 2.03843 7
      vertex 3.23463 2.15224 20.6
      vertex 3.60982 2.03843 20.6
    endloop
  endfacet
  facet normal 0.290279 0.956942 0
    outer loop
      vertex 3.23463 2.15224 20.6
      vertex 3.60982 2.03843 7
      vertex 3.23463 2.15224 7
    endloop
  endfacet
  facet normal 0.290279 0.956942 -0
    outer loop
      vertex 3.60982 2.03843 2
      vertex 3.23463 2.15224 6
      vertex 3.60982 2.03843 6
    endloop
  endfacet
  facet normal 0.290279 0.956942 0
    outer loop
      vertex 3.23463 2.15224 6
      vertex 3.60982 2.03843 2
      vertex 3.23463 2.15224 2
    endloop
  endfacet
  facet normal 0.47156 -0.881834 0
    outer loop
      vertex 2.88886 52.6629 2
      vertex 3.23463 52.8478 6
      vertex 2.88886 52.6629 6
    endloop
  endfacet
  facet normal 0.47156 -0.881834 0
    outer loop
      vertex 3.23463 52.8478 6
      vertex 2.88886 52.6629 2
      vertex 3.23463 52.8478 2
    endloop
  endfacet
  facet normal 0.47156 -0.881834 0
    outer loop
      vertex 2.88886 52.6629 7
      vertex 3.23463 52.8478 20.6
      vertex 2.88886 52.6629 20.6
    endloop
  endfacet
  facet normal 0.47156 -0.881834 0
    outer loop
      vertex 3.23463 52.8478 20.6
      vertex 2.88886 52.6629 7
      vertex 3.23463 52.8478 7
    endloop
  endfacet
  facet normal -0.995193 -0.097938 0
    outer loop
      vertex 63 51 7
      vertex 62.9616 51.3902 20.6
      vertex 62.9616 51.3902 7
    endloop
  endfacet
  facet normal -0.995193 -0.097938 0
    outer loop
      vertex 62.9616 51.3902 20.6
      vertex 63 51 7
      vertex 63 51 20.6
    endloop
  endfacet
  facet normal -0.995193 -0.097938 0
    outer loop
      vertex 63 51 2
      vertex 62.9616 51.3902 6
      vertex 62.9616 51.3902 2
    endloop
  endfacet
  facet normal -0.995193 -0.097938 0
    outer loop
      vertex 62.9616 51.3902 6
      vertex 63 51 2
      vertex 63 51 6
    endloop
  endfacet
  facet normal -0.471634 -0.881795 0
    outer loop
      vertex 61.7654 52.8478 2
      vertex 62.1111 52.6629 6
      vertex 61.7654 52.8478 6
    endloop
  endfacet
  facet normal -0.471634 -0.881795 -0
    outer loop
      vertex 62.1111 52.6629 6
      vertex 61.7654 52.8478 2
      vertex 62.1111 52.6629 2
    endloop
  endfacet
  facet normal -0.471634 -0.881795 0
    outer loop
      vertex 61.7654 52.8478 7
      vertex 62.1111 52.6629 20.6
      vertex 61.7654 52.8478 20.6
    endloop
  endfacet
  facet normal -0.471634 -0.881795 -0
    outer loop
      vertex 62.1111 52.6629 20.6
      vertex 61.7654 52.8478 7
      vertex 62.1111 52.6629 7
    endloop
  endfacet
  facet normal 0.956944 -0.290271 0
    outer loop
      vertex 2.03843 51.3902 20.6
      vertex 2.15224 51.7654 7
      vertex 2.15224 51.7654 20.6
    endloop
  endfacet
  facet normal 0.956944 -0.290271 0
    outer loop
      vertex 2.15224 51.7654 7
      vertex 2.03843 51.3902 20.6
      vertex 2.03843 51.3902 7
    endloop
  endfacet
  facet normal 0.956944 -0.290271 0
    outer loop
      vertex 2.03843 51.3902 6
      vertex 2.15224 51.7654 2
      vertex 2.15224 51.7654 6
    endloop
  endfacet
  facet normal 0.956944 -0.290271 0
    outer loop
      vertex 2.15224 51.7654 2
      vertex 2.03843 51.3902 6
      vertex 2.03843 51.3902 2
    endloop
  endfacet
  facet normal 0.881919 0.471401 0
    outer loop
      vertex 2.33706 2.88886 20.6
      vertex 2.15224 3.23463 7
      vertex 2.15224 3.23463 20.6
    endloop
  endfacet
  facet normal 0.881919 0.471401 0
    outer loop
      vertex 2.15224 3.23463 7
      vertex 2.33706 2.88886 20.6
      vertex 2.33706 2.88886 7
    endloop
  endfacet
  facet normal 0.881919 0.471401 0
    outer loop
      vertex 2.33706 2.88886 6
      vertex 2.15224 3.23463 2
      vertex 2.15224 3.23463 6
    endloop
  endfacet
  facet normal 0.881919 0.471401 0
    outer loop
      vertex 2.15224 3.23463 2
      vertex 2.33706 2.88886 6
      vertex 2.33706 2.88886 2
    endloop
  endfacet
  facet normal 0.956942 0.290279 0
    outer loop
      vertex 2.15224 3.23463 20.6
      vertex 2.03843 3.60982 7
      vertex 2.03843 3.60982 20.6
    endloop
  endfacet
  facet normal 0.956942 0.290279 0
    outer loop
      vertex 2.03843 3.60982 7
      vertex 2.15224 3.23463 20.6
      vertex 2.15224 3.23463 7
    endloop
  endfacet
  facet normal 0.956942 0.290279 0
    outer loop
      vertex 2.15224 3.23463 6
      vertex 2.03843 3.60982 2
      vertex 2.03843 3.60982 6
    endloop
  endfacet
  facet normal 0.956942 0.290279 0
    outer loop
      vertex 2.03843 3.60982 2
      vertex 2.15224 3.23463 6
      vertex 2.15224 3.23463 2
    endloop
  endfacet
  facet normal -0.634321 -0.77307 0
    outer loop
      vertex 62.1111 52.6629 7
      vertex 62.4142 52.4142 20.6
      vertex 62.1111 52.6629 20.6
    endloop
  endfacet
  facet normal -0.634321 -0.77307 -0
    outer loop
      vertex 62.4142 52.4142 20.6
      vertex 62.1111 52.6629 7
      vertex 62.4142 52.4142 7
    endloop
  endfacet
  facet normal -0.634321 -0.77307 0
    outer loop
      vertex 62.1111 52.6629 2
      vertex 62.4142 52.4142 6
      vertex 62.1111 52.6629 6
    endloop
  endfacet
  facet normal -0.634321 -0.77307 -0
    outer loop
      vertex 62.4142 52.4142 6
      vertex 62.1111 52.6629 2
      vertex 62.4142 52.4142 2
    endloop
  endfacet
  facet normal -0.956951 -0.290248 0
    outer loop
      vertex 62.9616 51.3902 2
      vertex 62.8478 51.7654 6
      vertex 62.8478 51.7654 2
    endloop
  endfacet
  facet normal -0.956951 -0.290248 0
    outer loop
      vertex 62.8478 51.7654 6
      vertex 62.9616 51.3902 2
      vertex 62.9616 51.3902 6
    endloop
  endfacet
  facet normal -0.956951 -0.290248 0
    outer loop
      vertex 62.9616 51.3902 7
      vertex 62.8478 51.7654 20.6
      vertex 62.8478 51.7654 7
    endloop
  endfacet
  facet normal -0.956951 -0.290248 0
    outer loop
      vertex 62.8478 51.7654 20.6
      vertex 62.9616 51.3902 7
      vertex 62.9616 51.3902 20.6
    endloop
  endfacet
  facet normal -0.097938 -0.995193 0
    outer loop
      vertex 61 53 7
      vertex 61.3902 52.9616 20.6
      vertex 61 53 20.6
    endloop
  endfacet
  facet normal -0.097938 -0.995193 -0
    outer loop
      vertex 61.3902 52.9616 20.6
      vertex 61 53 7
      vertex 61.3902 52.9616 7
    endloop
  endfacet
  facet normal -0.097938 -0.995193 0
    outer loop
      vertex 61 53 2
      vertex 61.3902 52.9616 6
      vertex 61 53 6
    endloop
  endfacet
  facet normal -0.097938 -0.995193 -0
    outer loop
      vertex 61.3902 52.9616 6
      vertex 61 53 2
      vertex 61.3902 52.9616 2
    endloop
  endfacet
  facet normal 0.92388 0.382683 0
    outer loop
      vertex 9.39778 7.27646 7
      vertex 9.09808 8 2
      vertex 9.09808 8 7
    endloop
  endfacet
  facet normal 0.92388 0.382683 0
    outer loop
      vertex 9.09808 8 2
      vertex 9.39778 7.27646 7
      vertex 9.39778 7.27646 2
    endloop
  endfacet
  facet normal 0.991445 0.130523 0
    outer loop
      vertex 9.5 6.5 7
      vertex 9.39778 7.27646 2
      vertex 9.39778 7.27646 7
    endloop
  endfacet
  facet normal 0.991445 0.130523 0
    outer loop
      vertex 9.39778 7.27646 2
      vertex 9.5 6.5 7
      vertex 9.5 6.5 2
    endloop
  endfacet
  facet normal -0.608765 0.793351 0
    outer loop
      vertex 5 9.09808 2
      vertex 4.37868 8.62132 7
      vertex 5 9.09808 7
    endloop
  endfacet
  facet normal -0.608765 0.793351 0
    outer loop
      vertex 4.37868 8.62132 7
      vertex 5 9.09808 2
      vertex 4.37868 8.62132 2
    endloop
  endfacet
  facet normal -0.382683 0.92388 0
    outer loop
      vertex 5.72354 9.39778 2
      vertex 5 9.09808 7
      vertex 5.72354 9.39778 7
    endloop
  endfacet
  facet normal -0.382683 0.92388 0
    outer loop
      vertex 5 9.09808 7
      vertex 5.72354 9.39778 2
      vertex 5 9.09808 2
    endloop
  endfacet
  facet normal 0.608765 -0.793351 0
    outer loop
      vertex 8 3.90192 2
      vertex 8.62132 4.37868 7
      vertex 8 3.90192 7
    endloop
  endfacet
  facet normal 0.608765 -0.793351 0
    outer loop
      vertex 8.62132 4.37868 7
      vertex 8 3.90192 2
      vertex 8.62132 4.37868 2
    endloop
  endfacet
  facet normal 0.608765 0.793351 -0
    outer loop
      vertex 8.62132 8.62132 2
      vertex 8 9.09808 7
      vertex 8.62132 8.62132 7
    endloop
  endfacet
  facet normal 0.608765 0.793351 0
    outer loop
      vertex 8 9.09808 7
      vertex 8.62132 8.62132 2
      vertex 8 9.09808 2
    endloop
  endfacet
  facet normal -0.991445 0.130523 0
    outer loop
      vertex 3.5 6.5 2
      vertex 3.60222 7.27646 7
      vertex 3.60222 7.27646 2
    endloop
  endfacet
  facet normal -0.991445 0.130523 0
    outer loop
      vertex 3.60222 7.27646 7
      vertex 3.5 6.5 2
      vertex 3.5 6.5 7
    endloop
  endfacet
  facet normal -0.130523 -0.991445 0
    outer loop
      vertex 5.72354 3.60222 2
      vertex 6.5 3.5 7
      vertex 5.72354 3.60222 7
    endloop
  endfacet
  facet normal -0.130523 -0.991445 -0
    outer loop
      vertex 6.5 3.5 7
      vertex 5.72354 3.60222 2
      vertex 6.5 3.5 2
    endloop
  endfacet
  facet normal 0.130523 0.991445 -0
    outer loop
      vertex 7.27646 9.39778 2
      vertex 6.5 9.5 7
      vertex 7.27646 9.39778 7
    endloop
  endfacet
  facet normal 0.130523 0.991445 0
    outer loop
      vertex 6.5 9.5 7
      vertex 7.27646 9.39778 2
      vertex 6.5 9.5 2
    endloop
  endfacet
  facet normal 0.382683 0.92388 -0
    outer loop
      vertex 8 9.09808 2
      vertex 7.27646 9.39778 7
      vertex 8 9.09808 7
    endloop
  endfacet
  facet normal 0.382683 0.92388 0
    outer loop
      vertex 7.27646 9.39778 7
      vertex 8 9.09808 2
      vertex 7.27646 9.39778 2
    endloop
  endfacet
  facet normal -0.608765 -0.793351 0
    outer loop
      vertex 4.37868 4.37868 2
      vertex 5 3.90192 7
      vertex 4.37868 4.37868 7
    endloop
  endfacet
  facet normal -0.608765 -0.793351 -0
    outer loop
      vertex 5 3.90192 7
      vertex 4.37868 4.37868 2
      vertex 5 3.90192 2
    endloop
  endfacet
  facet normal 0.130523 -0.991445 0
    outer loop
      vertex 6.5 3.5 2
      vertex 7.27646 3.60222 7
      vertex 6.5 3.5 7
    endloop
  endfacet
  facet normal 0.130523 -0.991445 0
    outer loop
      vertex 7.27646 3.60222 7
      vertex 6.5 3.5 2
      vertex 7.27646 3.60222 2
    endloop
  endfacet
  facet normal 0.793351 -0.608765 0
    outer loop
      vertex 8.62132 4.37868 7
      vertex 9.09808 5 2
      vertex 9.09808 5 7
    endloop
  endfacet
  facet normal 0.793351 -0.608765 0
    outer loop
      vertex 9.09808 5 2
      vertex 8.62132 4.37868 7
      vertex 8.62132 4.37868 2
    endloop
  endfacet
  facet normal 0.382683 -0.92388 0
    outer loop
      vertex 7.27646 3.60222 2
      vertex 8 3.90192 7
      vertex 7.27646 3.60222 7
    endloop
  endfacet
  facet normal 0.382683 -0.92388 0
    outer loop
      vertex 8 3.90192 7
      vertex 7.27646 3.60222 2
      vertex 8 3.90192 2
    endloop
  endfacet
  facet normal -0.793351 0.608765 0
    outer loop
      vertex 3.90192 8 2
      vertex 4.37868 8.62132 7
      vertex 4.37868 8.62132 2
    endloop
  endfacet
  facet normal -0.793351 0.608765 0
    outer loop
      vertex 4.37868 8.62132 7
      vertex 3.90192 8 2
      vertex 3.90192 8 7
    endloop
  endfacet
  facet normal -0.793351 -0.608765 0
    outer loop
      vertex 4.37868 4.37868 2
      vertex 3.90192 5 7
      vertex 3.90192 5 2
    endloop
  endfacet
  facet normal -0.793351 -0.608765 0
    outer loop
      vertex 3.90192 5 7
      vertex 4.37868 4.37868 2
      vertex 4.37868 4.37868 7
    endloop
  endfacet
  facet normal 0.991445 -0.130523 0
    outer loop
      vertex 9.39778 5.72354 7
      vertex 9.5 6.5 2
      vertex 9.5 6.5 7
    endloop
  endfacet
  facet normal 0.991445 -0.130523 0
    outer loop
      vertex 9.5 6.5 2
      vertex 9.39778 5.72354 7
      vertex 9.39778 5.72354 2
    endloop
  endfacet
  facet normal -0.130523 0.991445 0
    outer loop
      vertex 6.5 9.5 2
      vertex 5.72354 9.39778 7
      vertex 6.5 9.5 7
    endloop
  endfacet
  facet normal -0.130523 0.991445 0
    outer loop
      vertex 5.72354 9.39778 7
      vertex 6.5 9.5 2
      vertex 5.72354 9.39778 2
    endloop
  endfacet
  facet normal -0.92388 -0.382683 0
    outer loop
      vertex 3.90192 5 2
      vertex 3.60222 5.72354 7
      vertex 3.60222 5.72354 2
    endloop
  endfacet
  facet normal -0.92388 -0.382683 0
    outer loop
      vertex 3.60222 5.72354 7
      vertex 3.90192 5 2
      vertex 3.90192 5 7
    endloop
  endfacet
  facet normal -0.991445 -0.130523 0
    outer loop
      vertex 3.60222 5.72354 2
      vertex 3.5 6.5 7
      vertex 3.5 6.5 2
    endloop
  endfacet
  facet normal -0.991445 -0.130523 0
    outer loop
      vertex 3.5 6.5 7
      vertex 3.60222 5.72354 2
      vertex 3.60222 5.72354 7
    endloop
  endfacet
  facet normal 0.92388 -0.382683 0
    outer loop
      vertex 9.09808 5 7
      vertex 9.39778 5.72354 2
      vertex 9.39778 5.72354 7
    endloop
  endfacet
  facet normal 0.92388 -0.382683 0
    outer loop
      vertex 9.39778 5.72354 2
      vertex 9.09808 5 7
      vertex 9.09808 5 2
    endloop
  endfacet
  facet normal -0.382683 -0.92388 0
    outer loop
      vertex 5 3.90192 2
      vertex 5.72354 3.60222 7
      vertex 5 3.90192 7
    endloop
  endfacet
  facet normal -0.382683 -0.92388 -0
    outer loop
      vertex 5.72354 3.60222 7
      vertex 5 3.90192 2
      vertex 5.72354 3.60222 2
    endloop
  endfacet
  facet normal 0 0 1
    outer loop
      vertex 7.75 6.5 7
      vertex 9.5 6.5 7
      vertex 9.39778 7.27646 7
    endloop
  endfacet
  facet normal 0 0 1
    outer loop
      vertex 7.70741 6.82352 7
      vertex 9.39778 7.27646 7
      vertex 9.09808 8 7
    endloop
  endfacet
  facet normal 0 0 1
    outer loop
      vertex 9.5 6.5 7
      vertex 7.75 6.5 7
      vertex 9.39778 5.72354 7
    endloop
  endfacet
  facet normal 0 0 1
    outer loop
      vertex 7.58253 7.125 7
      vertex 9.09808 8 7
      vertex 8.62132 8.62132 7
    endloop
  endfacet
  facet normal -0 0 1
    outer loop
      vertex 7.70741 6.17648 7
      vertex 9.39778 5.72354 7
      vertex 7.75 6.5 7
    endloop
  endfacet
  facet normal 0 0 1
    outer loop
      vertex 7.38388 7.38388 7
      vertex 8.62132 8.62132 7
      vertex 8 9.09808 7
    endloop
  endfacet
  facet normal 0 0 1
    outer loop
      vertex 9.39778 5.72354 7
      vertex 7.70741 6.17648 7
      vertex 9.09808 5 7
    endloop
  endfacet
  facet normal -0 0 1
    outer loop
      vertex 7.58253 5.875 7
      vertex 9.09808 5 7
      vertex 7.70741 6.17648 7
    endloop
  endfacet
  facet normal 0 0 1
    outer loop
      vertex 9.39778 7.27646 7
      vertex 7.70741 6.82352 7
      vertex 7.75 6.5 7
    endloop
  endfacet
  facet normal 0 0 1
    outer loop
      vertex 9.09808 8 7
      vertex 7.58253 7.125 7
      vertex 7.70741 6.82352 7
    endloop
  endfacet
  facet normal 0 0 1
    outer loop
      vertex 8.62132 8.62132 7
      vertex 7.38388 7.38388 7
      vertex 7.58253 7.125 7
    endloop
  endfacet
  facet normal 0 0 1
    outer loop
      vertex 7.125 7.58253 7
      vertex 8 9.09808 7
      vertex 7.27646 9.39778 7
    endloop
  endfacet
  facet normal 0 0 1
    outer loop
      vertex 8 9.09808 7
      vertex 7.125 7.58253 7
      vertex 7.38388 7.38388 7
    endloop
  endfacet
  facet normal 0 0 1
    outer loop
      vertex 7.27646 9.39778 7
      vertex 6.82352 7.70741 7
      vertex 7.125 7.58253 7
    endloop
  endfacet
  facet normal 0 0 1
    outer loop
      vertex 6.5 9.5 7
      vertex 6.82352 7.70741 7
      vertex 7.27646 9.39778 7
    endloop
  endfacet
  facet normal 0 0 1
    outer loop
      vertex 6.5 9.5 7
      vertex 6.5 7.75 7
      vertex 6.82352 7.70741 7
    endloop
  endfacet
  facet normal 0 0 1
    outer loop
      vertex 6.5 9.5 7
      vertex 6.17648 7.70741 7
      vertex 6.5 7.75 7
    endloop
  endfacet
  facet normal -0 0 1
    outer loop
      vertex 5.72354 9.39778 7
      vertex 6.17648 7.70741 7
      vertex 6.5 9.5 7
    endloop
  endfacet
  facet normal 0 0 1
    outer loop
      vertex 6.17648 7.70741 7
      vertex 5.72354 9.39778 7
      vertex 5.875 7.58253 7
    endloop
  endfacet
  facet normal -0 0 1
    outer loop
      vertex 5 9.09808 7
      vertex 5.875 7.58253 7
      vertex 5.72354 9.39778 7
    endloop
  endfacet
  facet normal 0 0 1
    outer loop
      vertex 5.875 7.58253 7
      vertex 5 9.09808 7
      vertex 5.61612 7.38388 7
    endloop
  endfacet
  facet normal -0 0 1
    outer loop
      vertex 4.37868 8.62132 7
      vertex 5.61612 7.38388 7
      vertex 5 9.09808 7
    endloop
  endfacet
  facet normal -0 0 1
    outer loop
      vertex 3.90192 8 7
      vertex 5.41747 7.125 7
      vertex 4.37868 8.62132 7
    endloop
  endfacet
  facet normal 0 0 1
    outer loop
      vertex 5.61612 7.38388 7
      vertex 4.37868 8.62132 7
      vertex 5.41747 7.125 7
    endloop
  endfacet
  facet normal 0 0 1
    outer loop
      vertex 9.09808 5 7
      vertex 7.58253 5.875 7
      vertex 8.62132 4.37868 7
    endloop
  endfacet
  facet normal -0 0 1
    outer loop
      vertex 7.38388 5.61612 7
      vertex 8.62132 4.37868 7
      vertex 7.58253 5.875 7
    endloop
  endfacet
  facet normal 0 0 1
    outer loop
      vertex 8.62132 4.37868 7
      vertex 7.38388 5.61612 7
      vertex 8 3.90192 7
    endloop
  endfacet
  facet normal -0 0 1
    outer loop
      vertex 7.125 5.41747 7
      vertex 8 3.90192 7
      vertex 7.38388 5.61612 7
    endloop
  endfacet
  facet normal 0 0 1
    outer loop
      vertex 8 3.90192 7
      vertex 7.125 5.41747 7
      vertex 7.27646 3.60222 7
    endloop
  endfacet
  facet normal -0 0 1
    outer loop
      vertex 6.82352 5.29259 7
      vertex 7.27646 3.60222 7
      vertex 7.125 5.41747 7
    endloop
  endfacet
  facet normal -0 0 1
    outer loop
      vertex 6.5 5.25 7
      vertex 7.27646 3.60222 7
      vertex 6.82352 5.29259 7
    endloop
  endfacet
  facet normal 0 0 1
    outer loop
      vertex 6.5 5.25 7
      vertex 6.5 3.5 7
      vertex 7.27646 3.60222 7
    endloop
  endfacet
  facet normal 0 0 1
    outer loop
      vertex 6.17648 5.29259 7
      vertex 6.5 3.5 7
      vertex 6.5 5.25 7
    endloop
  endfacet
  facet normal 0 0 1
    outer loop
      vertex 5.72354 3.60222 7
      vertex 6.17648 5.29259 7
      vertex 5.875 5.41747 7
    endloop
  endfacet
  facet normal 0 0 1
    outer loop
      vertex 6.17648 5.29259 7
      vertex 5.72354 3.60222 7
      vertex 6.5 3.5 7
    endloop
  endfacet
  facet normal 0 0 1
    outer loop
      vertex 5 3.90192 7
      vertex 5.875 5.41747 7
      vertex 5.61612 5.61612 7
    endloop
  endfacet
  facet normal 0 0 1
    outer loop
      vertex 4.37868 4.37868 7
      vertex 5.61612 5.61612 7
      vertex 5.41747 5.875 7
    endloop
  endfacet
  facet normal 0 0 1
    outer loop
      vertex 3.90192 5 7
      vertex 5.41747 5.875 7
      vertex 5.29259 6.17648 7
    endloop
  endfacet
  facet normal 0 0 1
    outer loop
      vertex 5.875 5.41747 7
      vertex 5 3.90192 7
      vertex 5.72354 3.60222 7
    endloop
  endfacet
  facet normal 0 0 1
    outer loop
      vertex 3.60222 5.72354 7
      vertex 5.29259 6.17648 7
      vertex 5.25 6.5 7
    endloop
  endfacet
  facet normal 0 0 1
    outer loop
      vertex 5.41747 7.125 7
      vertex 3.90192 8 7
      vertex 5.29259 6.82352 7
    endloop
  endfacet
  facet normal -0 0 1
    outer loop
      vertex 3.60222 7.27646 7
      vertex 5.29259 6.82352 7
      vertex 3.90192 8 7
    endloop
  endfacet
  facet normal 0 0 1
    outer loop
      vertex 5.61612 5.61612 7
      vertex 4.37868 4.37868 7
      vertex 5 3.90192 7
    endloop
  endfacet
  facet normal 0 0 1
    outer loop
      vertex 5.29259 6.82352 7
      vertex 3.60222 7.27646 7
      vertex 5.25 6.5 7
    endloop
  endfacet
  facet normal 0 0 1
    outer loop
      vertex 5.41747 5.875 7
      vertex 3.90192 5 7
      vertex 4.37868 4.37868 7
    endloop
  endfacet
  facet normal 0 0 1
    outer loop
      vertex 3.5 6.5 7
      vertex 5.25 6.5 7
      vertex 3.60222 7.27646 7
    endloop
  endfacet
  facet normal 0 0 1
    outer loop
      vertex 5.29259 6.17648 7
      vertex 3.60222 5.72354 7
      vertex 3.90192 5 7
    endloop
  endfacet
  facet normal 0 0 1
    outer loop
      vertex 5.25 6.5 7
      vertex 3.5 6.5 7
      vertex 3.60222 5.72354 7
    endloop
  endfacet
  facet normal 0.793351 0.608765 0
    outer loop
      vertex 9.09808 8 7
      vertex 8.62132 8.62132 2
      vertex 8.62132 8.62132 7
    endloop
  endfacet
  facet normal 0.793351 0.608765 0
    outer loop
      vertex 8.62132 8.62132 2
      vertex 9.09808 8 7
      vertex 9.09808 8 2
    endloop
  endfacet
  facet normal -0.92388 0.382683 0
    outer loop
      vertex 3.60222 7.27646 2
      vertex 3.90192 8 7
      vertex 3.90192 8 2
    endloop
  endfacet
  facet normal -0.92388 0.382683 0
    outer loop
      vertex 3.90192 8 7
      vertex 3.60222 7.27646 2
      vertex 3.60222 7.27646 7
    endloop
  endfacet
  facet normal 0.991446 -0.13052 0
    outer loop
      vertex 5.25 6.5 7
      vertex 5.29259 6.82352 2
      vertex 5.29259 6.82352 7
    endloop
  endfacet
  facet normal 0.991446 -0.13052 0
    outer loop
      vertex 5.29259 6.82352 2
      vertex 5.25 6.5 7
      vertex 5.25 6.5 2
    endloop
  endfacet
  facet normal -0.923876 -0.382691 0
    outer loop
      vertex 7.70741 6.82352 2
      vertex 7.58253 7.125 7
      vertex 7.58253 7.125 2
    endloop
  endfacet
  facet normal -0.923876 -0.382691 0
    outer loop
      vertex 7.58253 7.125 7
      vertex 7.70741 6.82352 2
      vertex 7.70741 6.82352 7
    endloop
  endfacet
  facet normal -0.991446 -0.13052 0
    outer loop
      vertex 7.75 6.5 2
      vertex 7.70741 6.82352 7
      vertex 7.70741 6.82352 2
    endloop
  endfacet
  facet normal -0.991446 -0.13052 0
    outer loop
      vertex 7.70741 6.82352 7
      vertex 7.75 6.5 2
      vertex 7.75 6.5 7
    endloop
  endfacet
  facet normal -0.793347 -0.60877 0
    outer loop
      vertex 7.58253 7.125 2
      vertex 7.38388 7.38388 7
      vertex 7.38388 7.38388 2
    endloop
  endfacet
  facet normal -0.793347 -0.60877 0
    outer loop
      vertex 7.38388 7.38388 7
      vertex 7.58253 7.125 2
      vertex 7.58253 7.125 7
    endloop
  endfacet
  facet normal -0.991446 0.13052 0
    outer loop
      vertex 7.70741 6.17648 2
      vertex 7.75 6.5 7
      vertex 7.75 6.5 2
    endloop
  endfacet
  facet normal -0.991446 0.13052 0
    outer loop
      vertex 7.75 6.5 7
      vertex 7.70741 6.17648 2
      vertex 7.70741 6.17648 7
    endloop
  endfacet
  facet normal -0.13052 0.991446 0
    outer loop
      vertex 6.82352 5.29259 2
      vertex 6.5 5.25 7
      vertex 6.82352 5.29259 7
    endloop
  endfacet
  facet normal -0.13052 0.991446 0
    outer loop
      vertex 6.5 5.25 7
      vertex 6.82352 5.29259 2
      vertex 6.5 5.25 2
    endloop
  endfacet
  facet normal 0.923876 -0.382691 0
    outer loop
      vertex 5.29259 6.82352 7
      vertex 5.41747 7.125 2
      vertex 5.41747 7.125 7
    endloop
  endfacet
  facet normal 0.923876 -0.382691 0
    outer loop
      vertex 5.41747 7.125 2
      vertex 5.29259 6.82352 7
      vertex 5.29259 6.82352 2
    endloop
  endfacet
  facet normal -0.60877 0.793347 0
    outer loop
      vertex 7.38388 5.61612 2
      vertex 7.125 5.41747 7
      vertex 7.38388 5.61612 7
    endloop
  endfacet
  facet normal -0.60877 0.793347 0
    outer loop
      vertex 7.125 5.41747 7
      vertex 7.38388 5.61612 2
      vertex 7.125 5.41747 2
    endloop
  endfacet
  facet normal -0.382691 -0.923876 0
    outer loop
      vertex 6.82352 7.70741 2
      vertex 7.125 7.58253 7
      vertex 6.82352 7.70741 7
    endloop
  endfacet
  facet normal -0.382691 -0.923876 -0
    outer loop
      vertex 7.125 7.58253 7
      vertex 6.82352 7.70741 2
      vertex 7.125 7.58253 2
    endloop
  endfacet
  facet normal 0.793347 -0.60877 0
    outer loop
      vertex 5.41747 7.125 7
      vertex 5.61612 7.38388 2
      vertex 5.61612 7.38388 7
    endloop
  endfacet
  facet normal 0.793347 -0.60877 0
    outer loop
      vertex 5.61612 7.38388 2
      vertex 5.41747 7.125 7
      vertex 5.41747 7.125 2
    endloop
  endfacet
  facet normal 0.923876 0.382691 0
    outer loop
      vertex 5.41747 5.875 7
      vertex 5.29259 6.17648 2
      vertex 5.29259 6.17648 7
    endloop
  endfacet
  facet normal 0.923876 0.382691 0
    outer loop
      vertex 5.29259 6.17648 2
      vertex 5.41747 5.875 7
      vertex 5.41747 5.875 2
    endloop
  endfacet
  facet normal -0.13052 -0.991446 0
    outer loop
      vertex 6.5 7.75 2
      vertex 6.82352 7.70741 7
      vertex 6.5 7.75 7
    endloop
  endfacet
  facet normal -0.13052 -0.991446 -0
    outer loop
      vertex 6.82352 7.70741 7
      vertex 6.5 7.75 2
      vertex 6.82352 7.70741 2
    endloop
  endfacet
  facet normal 0.382691 -0.923876 0
    outer loop
      vertex 5.875 7.58253 2
      vertex 6.17648 7.70741 7
      vertex 5.875 7.58253 7
    endloop
  endfacet
  facet normal 0.382691 -0.923876 0
    outer loop
      vertex 6.17648 7.70741 7
      vertex 5.875 7.58253 2
      vertex 6.17648 7.70741 2
    endloop
  endfacet
  facet normal 0.13052 -0.991446 0
    outer loop
      vertex 6.17648 7.70741 2
      vertex 6.5 7.75 7
      vertex 6.17648 7.70741 7
    endloop
  endfacet
  facet normal 0.13052 -0.991446 0
    outer loop
      vertex 6.5 7.75 7
      vertex 6.17648 7.70741 2
      vertex 6.5 7.75 2
    endloop
  endfacet
  facet normal 0.60877 0.793347 -0
    outer loop
      vertex 5.875 5.41747 2
      vertex 5.61612 5.61612 7
      vertex 5.875 5.41747 7
    endloop
  endfacet
  facet normal 0.60877 0.793347 0
    outer loop
      vertex 5.61612 5.61612 7
      vertex 5.875 5.41747 2
      vertex 5.61612 5.61612 2
    endloop
  endfacet
  facet normal 0.60877 -0.793347 0
    outer loop
      vertex 5.61612 7.38388 2
      vertex 5.875 7.58253 7
      vertex 5.61612 7.38388 7
    endloop
  endfacet
  facet normal 0.60877 -0.793347 0
    outer loop
      vertex 5.875 7.58253 7
      vertex 5.61612 7.38388 2
      vertex 5.875 7.58253 2
    endloop
  endfacet
  facet normal -0.923876 0.382691 0
    outer loop
      vertex 7.58253 5.875 2
      vertex 7.70741 6.17648 7
      vertex 7.70741 6.17648 2
    endloop
  endfacet
  facet normal -0.923876 0.382691 0
    outer loop
      vertex 7.70741 6.17648 7
      vertex 7.58253 5.875 2
      vertex 7.58253 5.875 7
    endloop
  endfacet
  facet normal -0.793347 0.60877 0
    outer loop
      vertex 7.38388 5.61612 2
      vertex 7.58253 5.875 7
      vertex 7.58253 5.875 2
    endloop
  endfacet
  facet normal -0.793347 0.60877 0
    outer loop
      vertex 7.58253 5.875 7
      vertex 7.38388 5.61612 2
      vertex 7.38388 5.61612 7
    endloop
  endfacet
  facet normal -0.60877 -0.793347 0
    outer loop
      vertex 7.125 7.58253 2
      vertex 7.38388 7.38388 7
      vertex 7.125 7.58253 7
    endloop
  endfacet
  facet normal -0.60877 -0.793347 -0
    outer loop
      vertex 7.38388 7.38388 7
      vertex 7.125 7.58253 2
      vertex 7.38388 7.38388 2
    endloop
  endfacet
  facet normal 0.991446 0.13052 0
    outer loop
      vertex 5.29259 6.17648 7
      vertex 5.25 6.5 2
      vertex 5.25 6.5 7
    endloop
  endfacet
  facet normal 0.991446 0.13052 0
    outer loop
      vertex 5.25 6.5 2
      vertex 5.29259 6.17648 7
      vertex 5.29259 6.17648 2
    endloop
  endfacet
  facet normal -0.382691 0.923876 0
    outer loop
      vertex 7.125 5.41747 2
      vertex 6.82352 5.29259 7
      vertex 7.125 5.41747 7
    endloop
  endfacet
  facet normal -0.382691 0.923876 0
    outer loop
      vertex 6.82352 5.29259 7
      vertex 7.125 5.41747 2
      vertex 6.82352 5.29259 2
    endloop
  endfacet
  facet normal 0.793347 0.60877 0
    outer loop
      vertex 5.61612 5.61612 7
      vertex 5.41747 5.875 2
      vertex 5.41747 5.875 7
    endloop
  endfacet
  facet normal 0.793347 0.60877 0
    outer loop
      vertex 5.41747 5.875 2
      vertex 5.61612 5.61612 7
      vertex 5.61612 5.61612 2
    endloop
  endfacet
  facet normal 0.382691 0.923876 -0
    outer loop
      vertex 6.17648 5.29259 2
      vertex 5.875 5.41747 7
      vertex 6.17648 5.29259 7
    endloop
  endfacet
  facet normal 0.382691 0.923876 0
    outer loop
      vertex 5.875 5.41747 7
      vertex 6.17648 5.29259 2
      vertex 5.875 5.41747 2
    endloop
  endfacet
  facet normal 0.13052 0.991446 -0
    outer loop
      vertex 6.5 5.25 2
      vertex 6.17648 5.29259 7
      vertex 6.5 5.25 7
    endloop
  endfacet
  facet normal 0.13052 0.991446 0
    outer loop
      vertex 6.17648 5.29259 7
      vertex 6.5 5.25 2
      vertex 6.17648 5.29259 2
    endloop
  endfacet
  facet normal 0.92388 0.382683 0
    outer loop
      vertex 61.3978 7.27646 7
      vertex 61.0981 8 2
      vertex 61.0981 8 7
    endloop
  endfacet
  facet normal 0.92388 0.382683 0
    outer loop
      vertex 61.0981 8 2
      vertex 61.3978 7.27646 7
      vertex 61.3978 7.27646 2
    endloop
  endfacet
  facet normal 0.991449 0.130497 0
    outer loop
      vertex 61.5 6.5 7
      vertex 61.3978 7.27646 2
      vertex 61.3978 7.27646 7
    endloop
  endfacet
  facet normal 0.991449 0.130497 0
    outer loop
      vertex 61.3978 7.27646 2
      vertex 61.5 6.5 7
      vertex 61.5 6.5 2
    endloop
  endfacet
  facet normal -0.608777 0.793341 0
    outer loop
      vertex 57 9.09808 2
      vertex 56.3787 8.62132 7
      vertex 57 9.09808 7
    endloop
  endfacet
  facet normal -0.608777 0.793341 0
    outer loop
      vertex 56.3787 8.62132 7
      vertex 57 9.09808 2
      vertex 56.3787 8.62132 2
    endloop
  endfacet
  facet normal -0.382701 0.923872 0
    outer loop
      vertex 57.7235 9.39778 2
      vertex 57 9.09808 7
      vertex 57.7235 9.39778 7
    endloop
  endfacet
  facet normal -0.382701 0.923872 0
    outer loop
      vertex 57 9.09808 7
      vertex 57.7235 9.39778 2
      vertex 57 9.09808 2
    endloop
  endfacet
  facet normal 0.608777 -0.793341 0
    outer loop
      vertex 60 3.90192 2
      vertex 60.6213 4.37868 7
      vertex 60 3.90192 7
    endloop
  endfacet
  facet normal 0.608777 -0.793341 0
    outer loop
      vertex 60.6213 4.37868 7
      vertex 60 3.90192 2
      vertex 60.6213 4.37868 2
    endloop
  endfacet
  facet normal 0.608777 0.793341 -0
    outer loop
      vertex 60.6213 8.62132 2
      vertex 60 9.09808 7
      vertex 60.6213 8.62132 7
    endloop
  endfacet
  facet normal 0.608777 0.793341 0
    outer loop
      vertex 60 9.09808 7
      vertex 60.6213 8.62132 2
      vertex 60 9.09808 2
    endloop
  endfacet
  facet normal -0.991449 0.130497 0
    outer loop
      vertex 55.5 6.5 2
      vertex 55.6022 7.27646 7
      vertex 55.6022 7.27646 2
    endloop
  endfacet
  facet normal -0.991449 0.130497 0
    outer loop
      vertex 55.6022 7.27646 7
      vertex 55.5 6.5 2
      vertex 55.5 6.5 7
    endloop
  endfacet
  facet normal -0.130516 -0.991446 0
    outer loop
      vertex 57.7235 3.60222 2
      vertex 58.5 3.5 7
      vertex 57.7235 3.60222 7
    endloop
  endfacet
  facet normal -0.130516 -0.991446 -0
    outer loop
      vertex 58.5 3.5 7
      vertex 57.7235 3.60222 2
      vertex 58.5 3.5 2
    endloop
  endfacet
  facet normal 0.130516 0.991446 -0
    outer loop
      vertex 59.2765 9.39778 2
      vertex 58.5 9.5 7
      vertex 59.2765 9.39778 7
    endloop
  endfacet
  facet normal 0.130516 0.991446 0
    outer loop
      vertex 58.5 9.5 7
      vertex 59.2765 9.39778 2
      vertex 58.5 9.5 2
    endloop
  endfacet
  facet normal 0.382701 0.923872 -0
    outer loop
      vertex 60 9.09808 2
      vertex 59.2765 9.39778 7
      vertex 60 9.09808 7
    endloop
  endfacet
  facet normal 0.382701 0.923872 0
    outer loop
      vertex 59.2765 9.39778 7
      vertex 60 9.09808 2
      vertex 59.2765 9.39778 2
    endloop
  endfacet
  facet normal -0.608777 -0.793341 0
    outer loop
      vertex 56.3787 4.37868 2
      vertex 57 3.90192 7
      vertex 56.3787 4.37868 7
    endloop
  endfacet
  facet normal -0.608777 -0.793341 -0
    outer loop
      vertex 57 3.90192 7
      vertex 56.3787 4.37868 2
      vertex 57 3.90192 2
    endloop
  endfacet
  facet normal 0.130516 -0.991446 0
    outer loop
      vertex 58.5 3.5 2
      vertex 59.2765 3.60222 7
      vertex 58.5 3.5 7
    endloop
  endfacet
  facet normal 0.130516 -0.991446 0
    outer loop
      vertex 59.2765 3.60222 7
      vertex 58.5 3.5 2
      vertex 59.2765 3.60222 2
    endloop
  endfacet
  facet normal 0.793326 -0.608797 0
    outer loop
      vertex 60.6213 4.37868 7
      vertex 61.0981 5 2
      vertex 61.0981 5 7
    endloop
  endfacet
  facet normal 0.793326 -0.608797 0
    outer loop
      vertex 61.0981 5 2
      vertex 60.6213 4.37868 7
      vertex 60.6213 4.37868 2
    endloop
  endfacet
  facet normal 0.382701 -0.923872 0
    outer loop
      vertex 59.2765 3.60222 2
      vertex 60 3.90192 7
      vertex 59.2765 3.60222 7
    endloop
  endfacet
  facet normal 0.382701 -0.923872 0
    outer loop
      vertex 60 3.90192 7
      vertex 59.2765 3.60222 2
      vertex 60 3.90192 2
    endloop
  endfacet
  facet normal -0.793326 0.608797 0
    outer loop
      vertex 55.9019 8 2
      vertex 56.3787 8.62132 7
      vertex 56.3787 8.62132 2
    endloop
  endfacet
  facet normal -0.793326 0.608797 0
    outer loop
      vertex 56.3787 8.62132 7
      vertex 55.9019 8 2
      vertex 55.9019 8 7
    endloop
  endfacet
  facet normal -0.793326 -0.608797 0
    outer loop
      vertex 56.3787 4.37868 2
      vertex 55.9019 5 7
      vertex 55.9019 5 2
    endloop
  endfacet
  facet normal -0.793326 -0.608797 0
    outer loop
      vertex 55.9019 5 7
      vertex 56.3787 4.37868 2
      vertex 56.3787 4.37868 7
    endloop
  endfacet
  facet normal 0.991449 -0.130497 0
    outer loop
      vertex 61.3978 5.72354 7
      vertex 61.5 6.5 2
      vertex 61.5 6.5 7
    endloop
  endfacet
  facet normal 0.991449 -0.130497 0
    outer loop
      vertex 61.5 6.5 2
      vertex 61.3978 5.72354 7
      vertex 61.3978 5.72354 2
    endloop
  endfacet
  facet normal -0.130516 0.991446 0
    outer loop
      vertex 58.5 9.5 2
      vertex 57.7235 9.39778 7
      vertex 58.5 9.5 7
    endloop
  endfacet
  facet normal -0.130516 0.991446 0
    outer loop
      vertex 57.7235 9.39778 7
      vertex 58.5 9.5 2
      vertex 57.7235 9.39778 2
    endloop
  endfacet
  facet normal -0.92388 -0.382683 0
    outer loop
      vertex 55.9019 5 2
      vertex 55.6022 5.72354 7
      vertex 55.6022 5.72354 2
    endloop
  endfacet
  facet normal -0.92388 -0.382683 0
    outer loop
      vertex 55.6022 5.72354 7
      vertex 55.9019 5 2
      vertex 55.9019 5 7
    endloop
  endfacet
  facet normal -0.991449 -0.130497 0
    outer loop
      vertex 55.6022 5.72354 2
      vertex 55.5 6.5 7
      vertex 55.5 6.5 2
    endloop
  endfacet
  facet normal -0.991449 -0.130497 0
    outer loop
      vertex 55.5 6.5 7
      vertex 55.6022 5.72354 2
      vertex 55.6022 5.72354 7
    endloop
  endfacet
  facet normal 0.92388 -0.382683 0
    outer loop
      vertex 61.0981 5 7
      vertex 61.3978 5.72354 2
      vertex 61.3978 5.72354 7
    endloop
  endfacet
  facet normal 0.92388 -0.382683 0
    outer loop
      vertex 61.3978 5.72354 2
      vertex 61.0981 5 7
      vertex 61.0981 5 2
    endloop
  endfacet
  facet normal -0.382701 -0.923872 0
    outer loop
      vertex 57 3.90192 2
      vertex 57.7235 3.60222 7
      vertex 57 3.90192 7
    endloop
  endfacet
  facet normal -0.382701 -0.923872 -0
    outer loop
      vertex 57.7235 3.60222 7
      vertex 57 3.90192 2
      vertex 57.7235 3.60222 2
    endloop
  endfacet
  facet normal 0 0 1
    outer loop
      vertex 59.75 6.5 7
      vertex 61.5 6.5 7
      vertex 61.3978 7.27646 7
    endloop
  endfacet
  facet normal 0 0 1
    outer loop
      vertex 59.7074 6.82352 7
      vertex 61.3978 7.27646 7
      vertex 61.0981 8 7
    endloop
  endfacet
  facet normal 0 0 1
    outer loop
      vertex 61.5 6.5 7
      vertex 59.75 6.5 7
      vertex 61.3978 5.72354 7
    endloop
  endfacet
  facet normal 0 0 1
    outer loop
      vertex 59.5825 7.125 7
      vertex 61.0981 8 7
      vertex 60.6213 8.62132 7
    endloop
  endfacet
  facet normal -0 0 1
    outer loop
      vertex 59.7074 6.17648 7
      vertex 61.3978 5.72354 7
      vertex 59.75 6.5 7
    endloop
  endfacet
  facet normal 0 0 1
    outer loop
      vertex 59.3839 7.38388 7
      vertex 60.6213 8.62132 7
      vertex 60 9.09808 7
    endloop
  endfacet
  facet normal 0 0 1
    outer loop
      vertex 61.3978 5.72354 7
      vertex 59.7074 6.17648 7
      vertex 61.0981 5 7
    endloop
  endfacet
  facet normal -0 0 1
    outer loop
      vertex 59.5825 5.875 7
      vertex 61.0981 5 7
      vertex 59.7074 6.17648 7
    endloop
  endfacet
  facet normal 0 0 1
    outer loop
      vertex 61.3978 7.27646 7
      vertex 59.7074 6.82352 7
      vertex 59.75 6.5 7
    endloop
  endfacet
  facet normal 0 0 1
    outer loop
      vertex 61.0981 8 7
      vertex 59.5825 7.125 7
      vertex 59.7074 6.82352 7
    endloop
  endfacet
  facet normal 0 0 1
    outer loop
      vertex 60.6213 8.62132 7
      vertex 59.3839 7.38388 7
      vertex 59.5825 7.125 7
    endloop
  endfacet
  facet normal 0 0 1
    outer loop
      vertex 59.125 7.58253 7
      vertex 60 9.09808 7
      vertex 59.2765 9.39778 7
    endloop
  endfacet
  facet normal 0 0 1
    outer loop
      vertex 60 9.09808 7
      vertex 59.125 7.58253 7
      vertex 59.3839 7.38388 7
    endloop
  endfacet
  facet normal 0 0 1
    outer loop
      vertex 59.2765 9.39778 7
      vertex 58.8235 7.70741 7
      vertex 59.125 7.58253 7
    endloop
  endfacet
  facet normal 0 0 1
    outer loop
      vertex 58.5 9.5 7
      vertex 58.8235 7.70741 7
      vertex 59.2765 9.39778 7
    endloop
  endfacet
  facet normal 0 0 1
    outer loop
      vertex 58.5 9.5 7
      vertex 58.5 7.75 7
      vertex 58.8235 7.70741 7
    endloop
  endfacet
  facet normal 0 0 1
    outer loop
      vertex 58.5 9.5 7
      vertex 58.1765 7.70741 7
      vertex 58.5 7.75 7
    endloop
  endfacet
  facet normal -0 0 1
    outer loop
      vertex 57.7235 9.39778 7
      vertex 58.1765 7.70741 7
      vertex 58.5 9.5 7
    endloop
  endfacet
  facet normal 0 0 1
    outer loop
      vertex 58.1765 7.70741 7
      vertex 57.7235 9.39778 7
      vertex 57.875 7.58253 7
    endloop
  endfacet
  facet normal -0 0 1
    outer loop
      vertex 57 9.09808 7
      vertex 57.875 7.58253 7
      vertex 57.7235 9.39778 7
    endloop
  endfacet
  facet normal 0 0 1
    outer loop
      vertex 57.875 7.58253 7
      vertex 57 9.09808 7
      vertex 57.6161 7.38388 7
    endloop
  endfacet
  facet normal -0 0 1
    outer loop
      vertex 56.3787 8.62132 7
      vertex 57.6161 7.38388 7
      vertex 57 9.09808 7
    endloop
  endfacet
  facet normal -0 0 1
    outer loop
      vertex 55.9019 8 7
      vertex 57.4175 7.125 7
      vertex 56.3787 8.62132 7
    endloop
  endfacet
  facet normal 0 0 1
    outer loop
      vertex 57.6161 7.38388 7
      vertex 56.3787 8.62132 7
      vertex 57.4175 7.125 7
    endloop
  endfacet
  facet normal 0 0 1
    outer loop
      vertex 61.0981 5 7
      vertex 59.5825 5.875 7
      vertex 60.6213 4.37868 7
    endloop
  endfacet
  facet normal -0 0 1
    outer loop
      vertex 59.3839 5.61612 7
      vertex 60.6213 4.37868 7
      vertex 59.5825 5.875 7
    endloop
  endfacet
  facet normal 0 0 1
    outer loop
      vertex 60.6213 4.37868 7
      vertex 59.3839 5.61612 7
      vertex 60 3.90192 7
    endloop
  endfacet
  facet normal -0 0 1
    outer loop
      vertex 59.125 5.41747 7
      vertex 60 3.90192 7
      vertex 59.3839 5.61612 7
    endloop
  endfacet
  facet normal 0 0 1
    outer loop
      vertex 60 3.90192 7
      vertex 59.125 5.41747 7
      vertex 59.2765 3.60222 7
    endloop
  endfacet
  facet normal -0 0 1
    outer loop
      vertex 58.8235 5.29259 7
      vertex 59.2765 3.60222 7
      vertex 59.125 5.41747 7
    endloop
  endfacet
  facet normal -0 0 1
    outer loop
      vertex 58.5 5.25 7
      vertex 59.2765 3.60222 7
      vertex 58.8235 5.29259 7
    endloop
  endfacet
  facet normal 0 0 1
    outer loop
      vertex 58.5 5.25 7
      vertex 58.5 3.5 7
      vertex 59.2765 3.60222 7
    endloop
  endfacet
  facet normal 0 0 1
    outer loop
      vertex 58.1765 5.29259 7
      vertex 58.5 3.5 7
      vertex 58.5 5.25 7
    endloop
  endfacet
  facet normal 0 0 1
    outer loop
      vertex 57.7235 3.60222 7
      vertex 58.1765 5.29259 7
      vertex 57.875 5.41747 7
    endloop
  endfacet
  facet normal 0 0 1
    outer loop
      vertex 58.1765 5.29259 7
      vertex 57.7235 3.60222 7
      vertex 58.5 3.5 7
    endloop
  endfacet
  facet normal 0 0 1
    outer loop
      vertex 57 3.90192 7
      vertex 57.875 5.41747 7
      vertex 57.6161 5.61612 7
    endloop
  endfacet
  facet normal 0 0 1
    outer loop
      vertex 56.3787 4.37868 7
      vertex 57.6161 5.61612 7
      vertex 57.4175 5.875 7
    endloop
  endfacet
  facet normal 0 0 1
    outer loop
      vertex 55.9019 5 7
      vertex 57.4175 5.875 7
      vertex 57.2926 6.17648 7
    endloop
  endfacet
  facet normal 0 0 1
    outer loop
      vertex 57.875 5.41747 7
      vertex 57 3.90192 7
      vertex 57.7235 3.60222 7
    endloop
  endfacet
  facet normal 0 0 1
    outer loop
      vertex 55.6022 5.72354 7
      vertex 57.2926 6.17648 7
      vertex 57.25 6.5 7
    endloop
  endfacet
  facet normal 0 0 1
    outer loop
      vertex 57.4175 7.125 7
      vertex 55.9019 8 7
      vertex 57.2926 6.82352 7
    endloop
  endfacet
  facet normal -0 0 1
    outer loop
      vertex 55.6022 7.27646 7
      vertex 57.2926 6.82352 7
      vertex 55.9019 8 7
    endloop
  endfacet
  facet normal 0 0 1
    outer loop
      vertex 57.6161 5.61612 7
      vertex 56.3787 4.37868 7
      vertex 57 3.90192 7
    endloop
  endfacet
  facet normal 0 0 1
    outer loop
      vertex 57.2926 6.82352 7
      vertex 55.6022 7.27646 7
      vertex 57.25 6.5 7
    endloop
  endfacet
  facet normal 0 0 1
    outer loop
      vertex 57.4175 5.875 7
      vertex 55.9019 5 7
      vertex 56.3787 4.37868 7
    endloop
  endfacet
  facet normal 0 0 1
    outer loop
      vertex 55.5 6.5 7
      vertex 57.25 6.5 7
      vertex 55.6022 7.27646 7
    endloop
  endfacet
  facet normal 0 0 1
    outer loop
      vertex 57.2926 6.17648 7
      vertex 55.6022 5.72354 7
      vertex 55.9019 5 7
    endloop
  endfacet
  facet normal 0 0 1
    outer loop
      vertex 57.25 6.5 7
      vertex 55.5 6.5 7
      vertex 55.6022 5.72354 7
    endloop
  endfacet
  facet normal 0.793326 0.608797 0
    outer loop
      vertex 61.0981 8 7
      vertex 60.6213 8.62132 2
      vertex 60.6213 8.62132 7
    endloop
  endfacet
  facet normal 0.793326 0.608797 0
    outer loop
      vertex 60.6213 8.62132 2
      vertex 61.0981 8 7
      vertex 61.0981 8 2
    endloop
  endfacet
  facet normal -0.92388 0.382683 0
    outer loop
      vertex 55.6022 7.27646 2
      vertex 55.9019 8 7
      vertex 55.9019 8 2
    endloop
  endfacet
  facet normal -0.92388 0.382683 0
    outer loop
      vertex 55.9019 8 7
      vertex 55.6022 7.27646 2
      vertex 55.6022 7.27646 7
    endloop
  endfacet
  facet normal 0.991442 -0.13055 0
    outer loop
      vertex 57.25 6.5 7
      vertex 57.2926 6.82352 2
      vertex 57.2926 6.82352 7
    endloop
  endfacet
  facet normal 0.991442 -0.13055 0
    outer loop
      vertex 57.2926 6.82352 2
      vertex 57.25 6.5 7
      vertex 57.25 6.5 2
    endloop
  endfacet
  facet normal -0.923855 -0.382743 0
    outer loop
      vertex 59.7074 6.82352 2
      vertex 59.5825 7.125 7
      vertex 59.5825 7.125 2
    endloop
  endfacet
  facet normal -0.923855 -0.382743 0
    outer loop
      vertex 59.5825 7.125 7
      vertex 59.7074 6.82352 2
      vertex 59.7074 6.82352 7
    endloop
  endfacet
  facet normal -0.991442 -0.13055 0
    outer loop
      vertex 59.75 6.5 2
      vertex 59.7074 6.82352 7
      vertex 59.7074 6.82352 2
    endloop
  endfacet
  facet normal -0.991442 -0.13055 0
    outer loop
      vertex 59.7074 6.82352 7
      vertex 59.75 6.5 2
      vertex 59.75 6.5 7
    endloop
  endfacet
  facet normal -0.793421 -0.608673 0
    outer loop
      vertex 59.5825 7.125 2
      vertex 59.3839 7.38388 7
      vertex 59.3839 7.38388 2
    endloop
  endfacet
  facet normal -0.793421 -0.608673 0
    outer loop
      vertex 59.3839 7.38388 7
      vertex 59.5825 7.125 2
      vertex 59.5825 7.125 7
    endloop
  endfacet
  facet normal -0.991442 0.13055 0
    outer loop
      vertex 59.7074 6.17648 2
      vertex 59.75 6.5 7
      vertex 59.75 6.5 2
    endloop
  endfacet
  facet normal -0.991442 0.13055 0
    outer loop
      vertex 59.75 6.5 7
      vertex 59.7074 6.17648 2
      vertex 59.7074 6.17648 7
    endloop
  endfacet
  facet normal -0.130527 0.991445 0
    outer loop
      vertex 58.8235 5.29259 2
      vertex 58.5 5.25 7
      vertex 58.8235 5.29259 7
    endloop
  endfacet
  facet normal -0.130527 0.991445 0
    outer loop
      vertex 58.5 5.25 7
      vertex 58.8235 5.29259 2
      vertex 58.5 5.25 2
    endloop
  endfacet
  facet normal 0.923855 -0.382743 0
    outer loop
      vertex 57.2926 6.82352 7
      vertex 57.4175 7.125 2
      vertex 57.4175 7.125 7
    endloop
  endfacet
  facet normal 0.923855 -0.382743 0
    outer loop
      vertex 57.4175 7.125 2
      vertex 57.2926 6.82352 7
      vertex 57.2926 6.82352 2
    endloop
  endfacet
  facet normal -0.60874 0.79337 0
    outer loop
      vertex 59.3839 5.61612 2
      vertex 59.125 5.41747 7
      vertex 59.3839 5.61612 7
    endloop
  endfacet
  facet normal -0.60874 0.79337 0
    outer loop
      vertex 59.125 5.41747 7
      vertex 59.3839 5.61612 2
      vertex 59.125 5.41747 2
    endloop
  endfacet
  facet normal -0.382669 -0.923885 0
    outer loop
      vertex 58.8235 7.70741 2
      vertex 59.125 7.58253 7
      vertex 58.8235 7.70741 7
    endloop
  endfacet
  facet normal -0.382669 -0.923885 -0
    outer loop
      vertex 59.125 7.58253 7
      vertex 58.8235 7.70741 2
      vertex 59.125 7.58253 2
    endloop
  endfacet
  facet normal 0.793421 -0.608673 0
    outer loop
      vertex 57.4175 7.125 7
      vertex 57.6161 7.38388 2
      vertex 57.6161 7.38388 7
    endloop
  endfacet
  facet normal 0.793421 -0.608673 0
    outer loop
      vertex 57.6161 7.38388 2
      vertex 57.4175 7.125 7
      vertex 57.4175 7.125 2
    endloop
  endfacet
  facet normal 0.923855 0.382743 0
    outer loop
      vertex 57.4175 5.875 7
      vertex 57.2926 6.17648 2
      vertex 57.2926 6.17648 7
    endloop
  endfacet
  facet normal 0.923855 0.382743 0
    outer loop
      vertex 57.2926 6.17648 2
      vertex 57.4175 5.875 7
      vertex 57.4175 5.875 2
    endloop
  endfacet
  facet normal -0.130527 -0.991445 0
    outer loop
      vertex 58.5 7.75 2
      vertex 58.8235 7.70741 7
      vertex 58.5 7.75 7
    endloop
  endfacet
  facet normal -0.130527 -0.991445 -0
    outer loop
      vertex 58.8235 7.70741 7
      vertex 58.5 7.75 2
      vertex 58.8235 7.70741 2
    endloop
  endfacet
  facet normal 0.382669 -0.923885 0
    outer loop
      vertex 57.875 7.58253 2
      vertex 58.1765 7.70741 7
      vertex 57.875 7.58253 7
    endloop
  endfacet
  facet normal 0.382669 -0.923885 0
    outer loop
      vertex 58.1765 7.70741 7
      vertex 57.875 7.58253 2
      vertex 58.1765 7.70741 2
    endloop
  endfacet
  facet normal 0.130527 -0.991445 0
    outer loop
      vertex 58.1765 7.70741 2
      vertex 58.5 7.75 7
      vertex 58.1765 7.70741 7
    endloop
  endfacet
  facet normal 0.130527 -0.991445 0
    outer loop
      vertex 58.5 7.75 7
      vertex 58.1765 7.70741 2
      vertex 58.5 7.75 2
    endloop
  endfacet
  facet normal 0.60874 0.79337 -0
    outer loop
      vertex 57.875 5.41747 2
      vertex 57.6161 5.61612 7
      vertex 57.875 5.41747 7
    endloop
  endfacet
  facet normal 0.60874 0.79337 0
    outer loop
      vertex 57.6161 5.61612 7
      vertex 57.875 5.41747 2
      vertex 57.6161 5.61612 2
    endloop
  endfacet
  facet normal 0.60874 -0.79337 0
    outer loop
      vertex 57.6161 7.38388 2
      vertex 57.875 7.58253 7
      vertex 57.6161 7.38388 7
    endloop
  endfacet
  facet normal 0.60874 -0.79337 0
    outer loop
      vertex 57.875 7.58253 7
      vertex 57.6161 7.38388 2
      vertex 57.875 7.58253 2
    endloop
  endfacet
  facet normal -0.923855 0.382743 0
    outer loop
      vertex 59.5825 5.875 2
      vertex 59.7074 6.17648 7
      vertex 59.7074 6.17648 2
    endloop
  endfacet
  facet normal -0.923855 0.382743 0
    outer loop
      vertex 59.7074 6.17648 7
      vertex 59.5825 5.875 2
      vertex 59.5825 5.875 7
    endloop
  endfacet
  facet normal -0.793421 0.608673 0
    outer loop
      vertex 59.3839 5.61612 2
      vertex 59.5825 5.875 7
      vertex 59.5825 5.875 2
    endloop
  endfacet
  facet normal -0.793421 0.608673 0
    outer loop
      vertex 59.5825 5.875 7
      vertex 59.3839 5.61612 2
      vertex 59.3839 5.61612 7
    endloop
  endfacet
  facet normal -0.60874 -0.79337 0
    outer loop
      vertex 59.125 7.58253 2
      vertex 59.3839 7.38388 7
      vertex 59.125 7.58253 7
    endloop
  endfacet
  facet normal -0.60874 -0.79337 -0
    outer loop
      vertex 59.3839 7.38388 7
      vertex 59.125 7.58253 2
      vertex 59.3839 7.38388 2
    endloop
  endfacet
  facet normal 0.991442 0.13055 0
    outer loop
      vertex 57.2926 6.17648 7
      vertex 57.25 6.5 2
      vertex 57.25 6.5 7
    endloop
  endfacet
  facet normal 0.991442 0.13055 0
    outer loop
      vertex 57.25 6.5 2
      vertex 57.2926 6.17648 7
      vertex 57.2926 6.17648 2
    endloop
  endfacet
  facet normal -0.382669 0.923885 0
    outer loop
      vertex 59.125 5.41747 2
      vertex 58.8235 5.29259 7
      vertex 59.125 5.41747 7
    endloop
  endfacet
  facet normal -0.382669 0.923885 0
    outer loop
      vertex 58.8235 5.29259 7
      vertex 59.125 5.41747 2
      vertex 58.8235 5.29259 2
    endloop
  endfacet
  facet normal 0.793421 0.608673 0
    outer loop
      vertex 57.6161 5.61612 7
      vertex 57.4175 5.875 2
      vertex 57.4175 5.875 7
    endloop
  endfacet
  facet normal 0.793421 0.608673 0
    outer loop
      vertex 57.4175 5.875 2
      vertex 57.6161 5.61612 7
      vertex 57.6161 5.61612 2
    endloop
  endfacet
  facet normal 0.382669 0.923885 -0
    outer loop
      vertex 58.1765 5.29259 2
      vertex 57.875 5.41747 7
      vertex 58.1765 5.29259 7
    endloop
  endfacet
  facet normal 0.382669 0.923885 0
    outer loop
      vertex 57.875 5.41747 7
      vertex 58.1765 5.29259 2
      vertex 57.875 5.41747 2
    endloop
  endfacet
  facet normal 0.130527 0.991445 -0
    outer loop
      vertex 58.5 5.25 2
      vertex 58.1765 5.29259 7
      vertex 58.5 5.25 7
    endloop
  endfacet
  facet normal 0.130527 0.991445 0
    outer loop
      vertex 58.1765 5.29259 7
      vertex 58.5 5.25 2
      vertex 58.1765 5.29259 2
    endloop
  endfacet
  facet normal 0.923872 0.382701 0
    outer loop
      vertex 9.39778 49.2765 7
      vertex 9.09808 50 2
      vertex 9.09808 50 7
    endloop
  endfacet
  facet normal 0.923872 0.382701 0
    outer loop
      vertex 9.09808 50 2
      vertex 9.39778 49.2765 7
      vertex 9.39778 49.2765 2
    endloop
  endfacet
  facet normal 0.991446 0.130516 0
    outer loop
      vertex 9.5 48.5 7
      vertex 9.39778 49.2765 2
      vertex 9.39778 49.2765 7
    endloop
  endfacet
  facet normal 0.991446 0.130516 0
    outer loop
      vertex 9.39778 49.2765 2
      vertex 9.5 48.5 7
      vertex 9.5 48.5 2
    endloop
  endfacet
  facet normal -0.608797 0.793326 0
    outer loop
      vertex 5 51.0981 2
      vertex 4.37868 50.6213 7
      vertex 5 51.0981 7
    endloop
  endfacet
  facet normal -0.608797 0.793326 0
    outer loop
      vertex 4.37868 50.6213 7
      vertex 5 51.0981 2
      vertex 4.37868 50.6213 2
    endloop
  endfacet
  facet normal -0.382683 0.92388 0
    outer loop
      vertex 5.72354 51.3978 2
      vertex 5 51.0981 7
      vertex 5.72354 51.3978 7
    endloop
  endfacet
  facet normal -0.382683 0.92388 0
    outer loop
      vertex 5 51.0981 7
      vertex 5.72354 51.3978 2
      vertex 5 51.0981 2
    endloop
  endfacet
  facet normal 0.608797 -0.793326 0
    outer loop
      vertex 8 45.9019 2
      vertex 8.62132 46.3787 7
      vertex 8 45.9019 7
    endloop
  endfacet
  facet normal 0.608797 -0.793326 0
    outer loop
      vertex 8.62132 46.3787 7
      vertex 8 45.9019 2
      vertex 8.62132 46.3787 2
    endloop
  endfacet
  facet normal 0.608797 0.793326 -0
    outer loop
      vertex 8.62132 50.6213 2
      vertex 8 51.0981 7
      vertex 8.62132 50.6213 7
    endloop
  endfacet
  facet normal 0.608797 0.793326 0
    outer loop
      vertex 8 51.0981 7
      vertex 8.62132 50.6213 2
      vertex 8 51.0981 2
    endloop
  endfacet
  facet normal -0.991446 0.130516 0
    outer loop
      vertex 3.5 48.5 2
      vertex 3.60222 49.2765 7
      vertex 3.60222 49.2765 2
    endloop
  endfacet
  facet normal -0.991446 0.130516 0
    outer loop
      vertex 3.60222 49.2765 7
      vertex 3.5 48.5 2
      vertex 3.5 48.5 7
    endloop
  endfacet
  facet normal -0.130497 -0.991449 0
    outer loop
      vertex 5.72354 45.6022 2
      vertex 6.5 45.5 7
      vertex 5.72354 45.6022 7
    endloop
  endfacet
  facet normal -0.130497 -0.991449 -0
    outer loop
      vertex 6.5 45.5 7
      vertex 5.72354 45.6022 2
      vertex 6.5 45.5 2
    endloop
  endfacet
  facet normal 0.130497 0.991449 -0
    outer loop
      vertex 7.27646 51.3978 2
      vertex 6.5 51.5 7
      vertex 7.27646 51.3978 7
    endloop
  endfacet
  facet normal 0.130497 0.991449 0
    outer loop
      vertex 6.5 51.5 7
      vertex 7.27646 51.3978 2
      vertex 6.5 51.5 2
    endloop
  endfacet
  facet normal 0.382683 0.92388 -0
    outer loop
      vertex 8 51.0981 2
      vertex 7.27646 51.3978 7
      vertex 8 51.0981 7
    endloop
  endfacet
  facet normal 0.382683 0.92388 0
    outer loop
      vertex 7.27646 51.3978 7
      vertex 8 51.0981 2
      vertex 7.27646 51.3978 2
    endloop
  endfacet
  facet normal -0.608797 -0.793326 0
    outer loop
      vertex 4.37868 46.3787 2
      vertex 5 45.9019 7
      vertex 4.37868 46.3787 7
    endloop
  endfacet
  facet normal -0.608797 -0.793326 -0
    outer loop
      vertex 5 45.9019 7
      vertex 4.37868 46.3787 2
      vertex 5 45.9019 2
    endloop
  endfacet
  facet normal 0.130497 -0.991449 0
    outer loop
      vertex 6.5 45.5 2
      vertex 7.27646 45.6022 7
      vertex 6.5 45.5 7
    endloop
  endfacet
  facet normal 0.130497 -0.991449 0
    outer loop
      vertex 7.27646 45.6022 7
      vertex 6.5 45.5 2
      vertex 7.27646 45.6022 2
    endloop
  endfacet
  facet normal 0.793341 -0.608777 0
    outer loop
      vertex 8.62132 46.3787 7
      vertex 9.09808 47 2
      vertex 9.09808 47 7
    endloop
  endfacet
  facet normal 0.793341 -0.608777 0
    outer loop
      vertex 9.09808 47 2
      vertex 8.62132 46.3787 7
      vertex 8.62132 46.3787 2
    endloop
  endfacet
  facet normal 0.382683 -0.92388 0
    outer loop
      vertex 7.27646 45.6022 2
      vertex 8 45.9019 7
      vertex 7.27646 45.6022 7
    endloop
  endfacet
  facet normal 0.382683 -0.92388 0
    outer loop
      vertex 8 45.9019 7
      vertex 7.27646 45.6022 2
      vertex 8 45.9019 2
    endloop
  endfacet
  facet normal -0.793341 0.608777 0
    outer loop
      vertex 3.90192 50 2
      vertex 4.37868 50.6213 7
      vertex 4.37868 50.6213 2
    endloop
  endfacet
  facet normal -0.793341 0.608777 0
    outer loop
      vertex 4.37868 50.6213 7
      vertex 3.90192 50 2
      vertex 3.90192 50 7
    endloop
  endfacet
  facet normal -0.793341 -0.608777 0
    outer loop
      vertex 4.37868 46.3787 2
      vertex 3.90192 47 7
      vertex 3.90192 47 2
    endloop
  endfacet
  facet normal -0.793341 -0.608777 0
    outer loop
      vertex 3.90192 47 7
      vertex 4.37868 46.3787 2
      vertex 4.37868 46.3787 7
    endloop
  endfacet
  facet normal 0.991446 -0.130516 0
    outer loop
      vertex 9.39778 47.7235 7
      vertex 9.5 48.5 2
      vertex 9.5 48.5 7
    endloop
  endfacet
  facet normal 0.991446 -0.130516 0
    outer loop
      vertex 9.5 48.5 2
      vertex 9.39778 47.7235 7
      vertex 9.39778 47.7235 2
    endloop
  endfacet
  facet normal -0.130497 0.991449 0
    outer loop
      vertex 6.5 51.5 2
      vertex 5.72354 51.3978 7
      vertex 6.5 51.5 7
    endloop
  endfacet
  facet normal -0.130497 0.991449 0
    outer loop
      vertex 5.72354 51.3978 7
      vertex 6.5 51.5 2
      vertex 5.72354 51.3978 2
    endloop
  endfacet
  facet normal -0.923872 -0.382701 0
    outer loop
      vertex 3.90192 47 2
      vertex 3.60222 47.7235 7
      vertex 3.60222 47.7235 2
    endloop
  endfacet
  facet normal -0.923872 -0.382701 0
    outer loop
      vertex 3.60222 47.7235 7
      vertex 3.90192 47 2
      vertex 3.90192 47 7
    endloop
  endfacet
  facet normal -0.991446 -0.130516 0
    outer loop
      vertex 3.60222 47.7235 2
      vertex 3.5 48.5 7
      vertex 3.5 48.5 2
    endloop
  endfacet
  facet normal -0.991446 -0.130516 0
    outer loop
      vertex 3.5 48.5 7
      vertex 3.60222 47.7235 2
      vertex 3.60222 47.7235 7
    endloop
  endfacet
  facet normal 0.923872 -0.382701 0
    outer loop
      vertex 9.09808 47 7
      vertex 9.39778 47.7235 2
      vertex 9.39778 47.7235 7
    endloop
  endfacet
  facet normal 0.923872 -0.382701 0
    outer loop
      vertex 9.39778 47.7235 2
      vertex 9.09808 47 7
      vertex 9.09808 47 2
    endloop
  endfacet
  facet normal -0.382683 -0.92388 0
    outer loop
      vertex 5 45.9019 2
      vertex 5.72354 45.6022 7
      vertex 5 45.9019 7
    endloop
  endfacet
  facet normal -0.382683 -0.92388 -0
    outer loop
      vertex 5.72354 45.6022 7
      vertex 5 45.9019 2
      vertex 5.72354 45.6022 2
    endloop
  endfacet
  facet normal 0 0 1
    outer loop
      vertex 7.75 48.5 7
      vertex 9.5 48.5 7
      vertex 9.39778 49.2765 7
    endloop
  endfacet
  facet normal 0 0 1
    outer loop
      vertex 7.70741 48.8235 7
      vertex 9.39778 49.2765 7
      vertex 9.09808 50 7
    endloop
  endfacet
  facet normal 0 0 1
    outer loop
      vertex 9.5 48.5 7
      vertex 7.75 48.5 7
      vertex 9.39778 47.7235 7
    endloop
  endfacet
  facet normal 0 0 1
    outer loop
      vertex 7.58253 49.125 7
      vertex 9.09808 50 7
      vertex 8.62132 50.6213 7
    endloop
  endfacet
  facet normal -0 0 1
    outer loop
      vertex 7.70741 48.1765 7
      vertex 9.39778 47.7235 7
      vertex 7.75 48.5 7
    endloop
  endfacet
  facet normal 0 0 1
    outer loop
      vertex 7.38388 49.3839 7
      vertex 8.62132 50.6213 7
      vertex 8 51.0981 7
    endloop
  endfacet
  facet normal 0 0 1
    outer loop
      vertex 9.39778 47.7235 7
      vertex 7.70741 48.1765 7
      vertex 9.09808 47 7
    endloop
  endfacet
  facet normal -0 0 1
    outer loop
      vertex 7.58253 47.875 7
      vertex 9.09808 47 7
      vertex 7.70741 48.1765 7
    endloop
  endfacet
  facet normal 0 0 1
    outer loop
      vertex 9.39778 49.2765 7
      vertex 7.70741 48.8235 7
      vertex 7.75 48.5 7
    endloop
  endfacet
  facet normal 0 0 1
    outer loop
      vertex 9.09808 50 7
      vertex 7.58253 49.125 7
      vertex 7.70741 48.8235 7
    endloop
  endfacet
  facet normal 0 0 1
    outer loop
      vertex 8.62132 50.6213 7
      vertex 7.38388 49.3839 7
      vertex 7.58253 49.125 7
    endloop
  endfacet
  facet normal 0 0 1
    outer loop
      vertex 7.125 49.5825 7
      vertex 8 51.0981 7
      vertex 7.27646 51.3978 7
    endloop
  endfacet
  facet normal 0 0 1
    outer loop
      vertex 8 51.0981 7
      vertex 7.125 49.5825 7
      vertex 7.38388 49.3839 7
    endloop
  endfacet
  facet normal 0 0 1
    outer loop
      vertex 7.27646 51.3978 7
      vertex 6.82352 49.7074 7
      vertex 7.125 49.5825 7
    endloop
  endfacet
  facet normal 0 0 1
    outer loop
      vertex 6.5 51.5 7
      vertex 6.82352 49.7074 7
      vertex 7.27646 51.3978 7
    endloop
  endfacet
  facet normal 0 0 1
    outer loop
      vertex 6.5 51.5 7
      vertex 6.5 49.75 7
      vertex 6.82352 49.7074 7
    endloop
  endfacet
  facet normal 0 0 1
    outer loop
      vertex 6.5 51.5 7
      vertex 6.17648 49.7074 7
      vertex 6.5 49.75 7
    endloop
  endfacet
  facet normal -0 0 1
    outer loop
      vertex 5.72354 51.3978 7
      vertex 6.17648 49.7074 7
      vertex 6.5 51.5 7
    endloop
  endfacet
  facet normal 0 0 1
    outer loop
      vertex 6.17648 49.7074 7
      vertex 5.72354 51.3978 7
      vertex 5.875 49.5825 7
    endloop
  endfacet
  facet normal -0 0 1
    outer loop
      vertex 5 51.0981 7
      vertex 5.875 49.5825 7
      vertex 5.72354 51.3978 7
    endloop
  endfacet
  facet normal 0 0 1
    outer loop
      vertex 5.875 49.5825 7
      vertex 5 51.0981 7
      vertex 5.61612 49.3839 7
    endloop
  endfacet
  facet normal -0 0 1
    outer loop
      vertex 4.37868 50.6213 7
      vertex 5.61612 49.3839 7
      vertex 5 51.0981 7
    endloop
  endfacet
  facet normal -0 0 1
    outer loop
      vertex 3.90192 50 7
      vertex 5.41747 49.125 7
      vertex 4.37868 50.6213 7
    endloop
  endfacet
  facet normal 0 0 1
    outer loop
      vertex 5.61612 49.3839 7
      vertex 4.37868 50.6213 7
      vertex 5.41747 49.125 7
    endloop
  endfacet
  facet normal 0 0 1
    outer loop
      vertex 9.09808 47 7
      vertex 7.58253 47.875 7
      vertex 8.62132 46.3787 7
    endloop
  endfacet
  facet normal -0 0 1
    outer loop
      vertex 7.38388 47.6161 7
      vertex 8.62132 46.3787 7
      vertex 7.58253 47.875 7
    endloop
  endfacet
  facet normal 0 0 1
    outer loop
      vertex 8.62132 46.3787 7
      vertex 7.38388 47.6161 7
      vertex 8 45.9019 7
    endloop
  endfacet
  facet normal -0 0 1
    outer loop
      vertex 7.125 47.4175 7
      vertex 8 45.9019 7
      vertex 7.38388 47.6161 7
    endloop
  endfacet
  facet normal 0 0 1
    outer loop
      vertex 8 45.9019 7
      vertex 7.125 47.4175 7
      vertex 7.27646 45.6022 7
    endloop
  endfacet
  facet normal -0 0 1
    outer loop
      vertex 6.82352 47.2926 7
      vertex 7.27646 45.6022 7
      vertex 7.125 47.4175 7
    endloop
  endfacet
  facet normal -0 0 1
    outer loop
      vertex 6.5 47.25 7
      vertex 7.27646 45.6022 7
      vertex 6.82352 47.2926 7
    endloop
  endfacet
  facet normal 0 0 1
    outer loop
      vertex 6.5 47.25 7
      vertex 6.5 45.5 7
      vertex 7.27646 45.6022 7
    endloop
  endfacet
  facet normal 0 0 1
    outer loop
      vertex 6.17648 47.2926 7
      vertex 6.5 45.5 7
      vertex 6.5 47.25 7
    endloop
  endfacet
  facet normal 0 0 1
    outer loop
      vertex 5.72354 45.6022 7
      vertex 6.17648 47.2926 7
      vertex 5.875 47.4175 7
    endloop
  endfacet
  facet normal 0 0 1
    outer loop
      vertex 6.17648 47.2926 7
      vertex 5.72354 45.6022 7
      vertex 6.5 45.5 7
    endloop
  endfacet
  facet normal 0 0 1
    outer loop
      vertex 5 45.9019 7
      vertex 5.875 47.4175 7
      vertex 5.61612 47.6161 7
    endloop
  endfacet
  facet normal 0 0 1
    outer loop
      vertex 4.37868 46.3787 7
      vertex 5.61612 47.6161 7
      vertex 5.41747 47.875 7
    endloop
  endfacet
  facet normal 0 0 1
    outer loop
      vertex 3.90192 47 7
      vertex 5.41747 47.875 7
      vertex 5.29259 48.1765 7
    endloop
  endfacet
  facet normal 0 0 1
    outer loop
      vertex 5.875 47.4175 7
      vertex 5 45.9019 7
      vertex 5.72354 45.6022 7
    endloop
  endfacet
  facet normal 0 0 1
    outer loop
      vertex 3.60222 47.7235 7
      vertex 5.29259 48.1765 7
      vertex 5.25 48.5 7
    endloop
  endfacet
  facet normal 0 0 1
    outer loop
      vertex 5.41747 49.125 7
      vertex 3.90192 50 7
      vertex 5.29259 48.8235 7
    endloop
  endfacet
  facet normal -0 0 1
    outer loop
      vertex 3.60222 49.2765 7
      vertex 5.29259 48.8235 7
      vertex 3.90192 50 7
    endloop
  endfacet
  facet normal 0 0 1
    outer loop
      vertex 5.61612 47.6161 7
      vertex 4.37868 46.3787 7
      vertex 5 45.9019 7
    endloop
  endfacet
  facet normal 0 0 1
    outer loop
      vertex 5.29259 48.8235 7
      vertex 3.60222 49.2765 7
      vertex 5.25 48.5 7
    endloop
  endfacet
  facet normal 0 0 1
    outer loop
      vertex 5.41747 47.875 7
      vertex 3.90192 47 7
      vertex 4.37868 46.3787 7
    endloop
  endfacet
  facet normal 0 0 1
    outer loop
      vertex 3.5 48.5 7
      vertex 5.25 48.5 7
      vertex 3.60222 49.2765 7
    endloop
  endfacet
  facet normal 0 0 1
    outer loop
      vertex 5.29259 48.1765 7
      vertex 3.60222 47.7235 7
      vertex 3.90192 47 7
    endloop
  endfacet
  facet normal 0 0 1
    outer loop
      vertex 5.25 48.5 7
      vertex 3.5 48.5 7
      vertex 3.60222 47.7235 7
    endloop
  endfacet
  facet normal 0.793341 0.608777 0
    outer loop
      vertex 9.09808 50 7
      vertex 8.62132 50.6213 2
      vertex 8.62132 50.6213 7
    endloop
  endfacet
  facet normal 0.793341 0.608777 0
    outer loop
      vertex 8.62132 50.6213 2
      vertex 9.09808 50 7
      vertex 9.09808 50 2
    endloop
  endfacet
  facet normal -0.923872 0.382701 0
    outer loop
      vertex 3.60222 49.2765 2
      vertex 3.90192 50 7
      vertex 3.90192 50 2
    endloop
  endfacet
  facet normal -0.923872 0.382701 0
    outer loop
      vertex 3.90192 50 7
      vertex 3.60222 49.2765 2
      vertex 3.60222 49.2765 7
    endloop
  endfacet
  facet normal 0.991445 -0.130527 0
    outer loop
      vertex 5.25 48.5 7
      vertex 5.29259 48.8235 2
      vertex 5.29259 48.8235 7
    endloop
  endfacet
  facet normal 0.991445 -0.130527 0
    outer loop
      vertex 5.29259 48.8235 2
      vertex 5.25 48.5 7
      vertex 5.25 48.5 2
    endloop
  endfacet
  facet normal -0.923885 -0.382669 0
    outer loop
      vertex 7.70741 48.8235 2
      vertex 7.58253 49.125 7
      vertex 7.58253 49.125 2
    endloop
  endfacet
  facet normal -0.923885 -0.382669 0
    outer loop
      vertex 7.58253 49.125 7
      vertex 7.70741 48.8235 2
      vertex 7.70741 48.8235 7
    endloop
  endfacet
  facet normal -0.991445 -0.130527 0
    outer loop
      vertex 7.75 48.5 2
      vertex 7.70741 48.8235 7
      vertex 7.70741 48.8235 2
    endloop
  endfacet
  facet normal -0.991445 -0.130527 0
    outer loop
      vertex 7.70741 48.8235 7
      vertex 7.75 48.5 2
      vertex 7.75 48.5 7
    endloop
  endfacet
  facet normal -0.79337 -0.60874 0
    outer loop
      vertex 7.58253 49.125 2
      vertex 7.38388 49.3839 7
      vertex 7.38388 49.3839 2
    endloop
  endfacet
  facet normal -0.79337 -0.60874 0
    outer loop
      vertex 7.38388 49.3839 7
      vertex 7.58253 49.125 2
      vertex 7.58253 49.125 7
    endloop
  endfacet
  facet normal -0.991445 0.130527 0
    outer loop
      vertex 7.70741 48.1765 2
      vertex 7.75 48.5 7
      vertex 7.75 48.5 2
    endloop
  endfacet
  facet normal -0.991445 0.130527 0
    outer loop
      vertex 7.75 48.5 7
      vertex 7.70741 48.1765 2
      vertex 7.70741 48.1765 7
    endloop
  endfacet
  facet normal -0.13055 0.991442 0
    outer loop
      vertex 6.82352 47.2926 2
      vertex 6.5 47.25 7
      vertex 6.82352 47.2926 7
    endloop
  endfacet
  facet normal -0.13055 0.991442 0
    outer loop
      vertex 6.5 47.25 7
      vertex 6.82352 47.2926 2
      vertex 6.5 47.25 2
    endloop
  endfacet
  facet normal 0.923885 -0.382669 0
    outer loop
      vertex 5.29259 48.8235 7
      vertex 5.41747 49.125 2
      vertex 5.41747 49.125 7
    endloop
  endfacet
  facet normal 0.923885 -0.382669 0
    outer loop
      vertex 5.41747 49.125 2
      vertex 5.29259 48.8235 7
      vertex 5.29259 48.8235 2
    endloop
  endfacet
  facet normal -0.608673 0.793421 0
    outer loop
      vertex 7.38388 47.6161 2
      vertex 7.125 47.4175 7
      vertex 7.38388 47.6161 7
    endloop
  endfacet
  facet normal -0.608673 0.793421 0
    outer loop
      vertex 7.125 47.4175 7
      vertex 7.38388 47.6161 2
      vertex 7.125 47.4175 2
    endloop
  endfacet
  facet normal -0.382743 -0.923855 0
    outer loop
      vertex 6.82352 49.7074 2
      vertex 7.125 49.5825 7
      vertex 6.82352 49.7074 7
    endloop
  endfacet
  facet normal -0.382743 -0.923855 -0
    outer loop
      vertex 7.125 49.5825 7
      vertex 6.82352 49.7074 2
      vertex 7.125 49.5825 2
    endloop
  endfacet
  facet normal 0.79337 -0.60874 0
    outer loop
      vertex 5.41747 49.125 7
      vertex 5.61612 49.3839 2
      vertex 5.61612 49.3839 7
    endloop
  endfacet
  facet normal 0.79337 -0.60874 0
    outer loop
      vertex 5.61612 49.3839 2
      vertex 5.41747 49.125 7
      vertex 5.41747 49.125 2
    endloop
  endfacet
  facet normal 0.923885 0.382669 0
    outer loop
      vertex 5.41747 47.875 7
      vertex 5.29259 48.1765 2
      vertex 5.29259 48.1765 7
    endloop
  endfacet
  facet normal 0.923885 0.382669 0
    outer loop
      vertex 5.29259 48.1765 2
      vertex 5.41747 47.875 7
      vertex 5.41747 47.875 2
    endloop
  endfacet
  facet normal -0.13055 -0.991442 0
    outer loop
      vertex 6.5 49.75 2
      vertex 6.82352 49.7074 7
      vertex 6.5 49.75 7
    endloop
  endfacet
  facet normal -0.13055 -0.991442 -0
    outer loop
      vertex 6.82352 49.7074 7
      vertex 6.5 49.75 2
      vertex 6.82352 49.7074 2
    endloop
  endfacet
  facet normal 0.382743 -0.923855 0
    outer loop
      vertex 5.875 49.5825 2
      vertex 6.17648 49.7074 7
      vertex 5.875 49.5825 7
    endloop
  endfacet
  facet normal 0.382743 -0.923855 0
    outer loop
      vertex 6.17648 49.7074 7
      vertex 5.875 49.5825 2
      vertex 6.17648 49.7074 2
    endloop
  endfacet
  facet normal 0.13055 -0.991442 0
    outer loop
      vertex 6.17648 49.7074 2
      vertex 6.5 49.75 7
      vertex 6.17648 49.7074 7
    endloop
  endfacet
  facet normal 0.13055 -0.991442 0
    outer loop
      vertex 6.5 49.75 7
      vertex 6.17648 49.7074 2
      vertex 6.5 49.75 2
    endloop
  endfacet
  facet normal 0.608673 0.793421 -0
    outer loop
      vertex 5.875 47.4175 2
      vertex 5.61612 47.6161 7
      vertex 5.875 47.4175 7
    endloop
  endfacet
  facet normal 0.608673 0.793421 0
    outer loop
      vertex 5.61612 47.6161 7
      vertex 5.875 47.4175 2
      vertex 5.61612 47.6161 2
    endloop
  endfacet
  facet normal 0.608673 -0.793421 0
    outer loop
      vertex 5.61612 49.3839 2
      vertex 5.875 49.5825 7
      vertex 5.61612 49.3839 7
    endloop
  endfacet
  facet normal 0.608673 -0.793421 0
    outer loop
      vertex 5.875 49.5825 7
      vertex 5.61612 49.3839 2
      vertex 5.875 49.5825 2
    endloop
  endfacet
  facet normal -0.923885 0.382669 0
    outer loop
      vertex 7.58253 47.875 2
      vertex 7.70741 48.1765 7
      vertex 7.70741 48.1765 2
    endloop
  endfacet
  facet normal -0.923885 0.382669 0
    outer loop
      vertex 7.70741 48.1765 7
      vertex 7.58253 47.875 2
      vertex 7.58253 47.875 7
    endloop
  endfacet
  facet normal -0.79337 0.60874 0
    outer loop
      vertex 7.38388 47.6161 2
      vertex 7.58253 47.875 7
      vertex 7.58253 47.875 2
    endloop
  endfacet
  facet normal -0.79337 0.60874 0
    outer loop
      vertex 7.58253 47.875 7
      vertex 7.38388 47.6161 2
      vertex 7.38388 47.6161 7
    endloop
  endfacet
  facet normal -0.608673 -0.793421 0
    outer loop
      vertex 7.125 49.5825 2
      vertex 7.38388 49.3839 7
      vertex 7.125 49.5825 7
    endloop
  endfacet
  facet normal -0.608673 -0.793421 -0
    outer loop
      vertex 7.38388 49.3839 7
      vertex 7.125 49.5825 2
      vertex 7.38388 49.3839 2
    endloop
  endfacet
  facet normal 0.991445 0.130527 0
    outer loop
      vertex 5.29259 48.1765 7
      vertex 5.25 48.5 2
      vertex 5.25 48.5 7
    endloop
  endfacet
  facet normal 0.991445 0.130527 0
    outer loop
      vertex 5.25 48.5 2
      vertex 5.29259 48.1765 7
      vertex 5.29259 48.1765 2
    endloop
  endfacet
  facet normal -0.382743 0.923855 0
    outer loop
      vertex 7.125 47.4175 2
      vertex 6.82352 47.2926 7
      vertex 7.125 47.4175 7
    endloop
  endfacet
  facet normal -0.382743 0.923855 0
    outer loop
      vertex 6.82352 47.2926 7
      vertex 7.125 47.4175 2
      vertex 6.82352 47.2926 2
    endloop
  endfacet
  facet normal 0.79337 0.60874 0
    outer loop
      vertex 5.61612 47.6161 7
      vertex 5.41747 47.875 2
      vertex 5.41747 47.875 7
    endloop
  endfacet
  facet normal 0.79337 0.60874 0
    outer loop
      vertex 5.41747 47.875 2
      vertex 5.61612 47.6161 7
      vertex 5.61612 47.6161 2
    endloop
  endfacet
  facet normal 0.382743 0.923855 -0
    outer loop
      vertex 6.17648 47.2926 2
      vertex 5.875 47.4175 7
      vertex 6.17648 47.2926 7
    endloop
  endfacet
  facet normal 0.382743 0.923855 0
    outer loop
      vertex 5.875 47.4175 7
      vertex 6.17648 47.2926 2
      vertex 5.875 47.4175 2
    endloop
  endfacet
  facet normal 0.13055 0.991442 -0
    outer loop
      vertex 6.5 47.25 2
      vertex 6.17648 47.2926 7
      vertex 6.5 47.25 7
    endloop
  endfacet
  facet normal 0.13055 0.991442 0
    outer loop
      vertex 6.17648 47.2926 7
      vertex 6.5 47.25 2
      vertex 6.17648 47.2926 2
    endloop
  endfacet
  facet normal 0.923872 0.382701 0
    outer loop
      vertex 61.3978 49.2765 7
      vertex 61.0981 50 2
      vertex 61.0981 50 7
    endloop
  endfacet
  facet normal 0.923872 0.382701 0
    outer loop
      vertex 61.0981 50 2
      vertex 61.3978 49.2765 7
      vertex 61.3978 49.2765 2
    endloop
  endfacet
  facet normal 0.99145 0.130491 0
    outer loop
      vertex 61.5 48.5 7
      vertex 61.3978 49.2765 2
      vertex 61.3978 49.2765 7
    endloop
  endfacet
  facet normal 0.99145 0.130491 0
    outer loop
      vertex 61.3978 49.2765 2
      vertex 61.5 48.5 7
      vertex 61.5 48.5 2
    endloop
  endfacet
  facet normal -0.608809 0.793316 0
    outer loop
      vertex 57 51.0981 2
      vertex 56.3787 50.6213 7
      vertex 57 51.0981 7
    endloop
  endfacet
  facet normal -0.608809 0.793316 0
    outer loop
      vertex 56.3787 50.6213 7
      vertex 57 51.0981 2
      vertex 56.3787 50.6213 2
    endloop
  endfacet
  facet normal -0.382701 0.923872 0
    outer loop
      vertex 57.7235 51.3978 2
      vertex 57 51.0981 7
      vertex 57.7235 51.3978 7
    endloop
  endfacet
  facet normal -0.382701 0.923872 0
    outer loop
      vertex 57 51.0981 7
      vertex 57.7235 51.3978 2
      vertex 57 51.0981 2
    endloop
  endfacet
  facet normal 0.608809 -0.793316 0
    outer loop
      vertex 60 45.9019 2
      vertex 60.6213 46.3787 7
      vertex 60 45.9019 7
    endloop
  endfacet
  facet normal 0.608809 -0.793316 0
    outer loop
      vertex 60.6213 46.3787 7
      vertex 60 45.9019 2
      vertex 60.6213 46.3787 2
    endloop
  endfacet
  facet normal 0.608809 0.793316 -0
    outer loop
      vertex 60.6213 50.6213 2
      vertex 60 51.0981 7
      vertex 60.6213 50.6213 7
    endloop
  endfacet
  facet normal 0.608809 0.793316 0
    outer loop
      vertex 60 51.0981 7
      vertex 60.6213 50.6213 2
      vertex 60 51.0981 2
    endloop
  endfacet
  facet normal -0.99145 0.130491 0
    outer loop
      vertex 55.5 48.5 2
      vertex 55.6022 49.2765 7
      vertex 55.6022 49.2765 2
    endloop
  endfacet
  facet normal -0.99145 0.130491 0
    outer loop
      vertex 55.6022 49.2765 7
      vertex 55.5 48.5 2
      vertex 55.5 48.5 7
    endloop
  endfacet
  facet normal -0.130491 -0.99145 0
    outer loop
      vertex 57.7235 45.6022 2
      vertex 58.5 45.5 7
      vertex 57.7235 45.6022 7
    endloop
  endfacet
  facet normal -0.130491 -0.99145 -0
    outer loop
      vertex 58.5 45.5 7
      vertex 57.7235 45.6022 2
      vertex 58.5 45.5 2
    endloop
  endfacet
  facet normal 0.130491 0.99145 -0
    outer loop
      vertex 59.2765 51.3978 2
      vertex 58.5 51.5 7
      vertex 59.2765 51.3978 7
    endloop
  endfacet
  facet normal 0.130491 0.99145 0
    outer loop
      vertex 58.5 51.5 7
      vertex 59.2765 51.3978 2
      vertex 58.5 51.5 2
    endloop
  endfacet
  facet normal 0.382701 0.923872 -0
    outer loop
      vertex 60 51.0981 2
      vertex 59.2765 51.3978 7
      vertex 60 51.0981 7
    endloop
  endfacet
  facet normal 0.382701 0.923872 0
    outer loop
      vertex 59.2765 51.3978 7
      vertex 60 51.0981 2
      vertex 59.2765 51.3978 2
    endloop
  endfacet
  facet normal -0.608809 -0.793316 0
    outer loop
      vertex 56.3787 46.3787 2
      vertex 57 45.9019 7
      vertex 56.3787 46.3787 7
    endloop
  endfacet
  facet normal -0.608809 -0.793316 -0
    outer loop
      vertex 57 45.9019 7
      vertex 56.3787 46.3787 2
      vertex 57 45.9019 2
    endloop
  endfacet
  facet normal 0.130491 -0.99145 0
    outer loop
      vertex 58.5 45.5 2
      vertex 59.2765 45.6022 7
      vertex 58.5 45.5 7
    endloop
  endfacet
  facet normal 0.130491 -0.99145 0
    outer loop
      vertex 59.2765 45.6022 7
      vertex 58.5 45.5 2
      vertex 59.2765 45.6022 2
    endloop
  endfacet
  facet normal 0.793316 -0.608809 0
    outer loop
      vertex 60.6213 46.3787 7
      vertex 61.0981 47 2
      vertex 61.0981 47 7
    endloop
  endfacet
  facet normal 0.793316 -0.608809 0
    outer loop
      vertex 61.0981 47 2
      vertex 60.6213 46.3787 7
      vertex 60.6213 46.3787 2
    endloop
  endfacet
  facet normal 0.382701 -0.923872 0
    outer loop
      vertex 59.2765 45.6022 2
      vertex 60 45.9019 7
      vertex 59.2765 45.6022 7
    endloop
  endfacet
  facet normal 0.382701 -0.923872 0
    outer loop
      vertex 60 45.9019 7
      vertex 59.2765 45.6022 2
      vertex 60 45.9019 2
    endloop
  endfacet
  facet normal -0.793316 0.608809 0
    outer loop
      vertex 55.9019 50 2
      vertex 56.3787 50.6213 7
      vertex 56.3787 50.6213 2
    endloop
  endfacet
  facet normal -0.793316 0.608809 0
    outer loop
      vertex 56.3787 50.6213 7
      vertex 55.9019 50 2
      vertex 55.9019 50 7
    endloop
  endfacet
  facet normal -0.793316 -0.608809 0
    outer loop
      vertex 56.3787 46.3787 2
      vertex 55.9019 47 7
      vertex 55.9019 47 2
    endloop
  endfacet
  facet normal -0.793316 -0.608809 0
    outer loop
      vertex 55.9019 47 7
      vertex 56.3787 46.3787 2
      vertex 56.3787 46.3787 7
    endloop
  endfacet
  facet normal 0.99145 -0.130491 0
    outer loop
      vertex 61.3978 47.7235 7
      vertex 61.5 48.5 2
      vertex 61.5 48.5 7
    endloop
  endfacet
  facet normal 0.99145 -0.130491 0
    outer loop
      vertex 61.5 48.5 2
      vertex 61.3978 47.7235 7
      vertex 61.3978 47.7235 2
    endloop
  endfacet
  facet normal -0.130491 0.99145 0
    outer loop
      vertex 58.5 51.5 2
      vertex 57.7235 51.3978 7
      vertex 58.5 51.5 7
    endloop
  endfacet
  facet normal -0.130491 0.99145 0
    outer loop
      vertex 57.7235 51.3978 7
      vertex 58.5 51.5 2
      vertex 57.7235 51.3978 2
    endloop
  endfacet
  facet normal -0.923872 -0.382701 0
    outer loop
      vertex 55.9019 47 2
      vertex 55.6022 47.7235 7
      vertex 55.6022 47.7235 2
    endloop
  endfacet
  facet normal -0.923872 -0.382701 0
    outer loop
      vertex 55.6022 47.7235 7
      vertex 55.9019 47 2
      vertex 55.9019 47 7
    endloop
  endfacet
  facet normal -0.99145 -0.130491 0
    outer loop
      vertex 55.6022 47.7235 2
      vertex 55.5 48.5 7
      vertex 55.5 48.5 2
    endloop
  endfacet
  facet normal -0.99145 -0.130491 0
    outer loop
      vertex 55.5 48.5 7
      vertex 55.6022 47.7235 2
      vertex 55.6022 47.7235 7
    endloop
  endfacet
  facet normal 0.923872 -0.382701 0
    outer loop
      vertex 61.0981 47 7
      vertex 61.3978 47.7235 2
      vertex 61.3978 47.7235 7
    endloop
  endfacet
  facet normal 0.923872 -0.382701 0
    outer loop
      vertex 61.3978 47.7235 2
      vertex 61.0981 47 7
      vertex 61.0981 47 2
    endloop
  endfacet
  facet normal -0.382701 -0.923872 0
    outer loop
      vertex 57 45.9019 2
      vertex 57.7235 45.6022 7
      vertex 57 45.9019 7
    endloop
  endfacet
  facet normal -0.382701 -0.923872 -0
    outer loop
      vertex 57.7235 45.6022 7
      vertex 57 45.9019 2
      vertex 57.7235 45.6022 2
    endloop
  endfacet
  facet normal 0 0 1
    outer loop
      vertex 59.75 48.5 7
      vertex 61.5 48.5 7
      vertex 61.3978 49.2765 7
    endloop
  endfacet
  facet normal 0 0 1
    outer loop
      vertex 59.7074 48.8235 7
      vertex 61.3978 49.2765 7
      vertex 61.0981 50 7
    endloop
  endfacet
  facet normal 0 0 1
    outer loop
      vertex 61.5 48.5 7
      vertex 59.75 48.5 7
      vertex 61.3978 47.7235 7
    endloop
  endfacet
  facet normal 0 0 1
    outer loop
      vertex 59.5825 49.125 7
      vertex 61.0981 50 7
      vertex 60.6213 50.6213 7
    endloop
  endfacet
  facet normal -0 0 1
    outer loop
      vertex 59.7074 48.1765 7
      vertex 61.3978 47.7235 7
      vertex 59.75 48.5 7
    endloop
  endfacet
  facet normal 0 0 1
    outer loop
      vertex 59.3839 49.3839 7
      vertex 60.6213 50.6213 7
      vertex 60 51.0981 7
    endloop
  endfacet
  facet normal 0 0 1
    outer loop
      vertex 61.3978 47.7235 7
      vertex 59.7074 48.1765 7
      vertex 61.0981 47 7
    endloop
  endfacet
  facet normal -0 0 1
    outer loop
      vertex 59.5825 47.875 7
      vertex 61.0981 47 7
      vertex 59.7074 48.1765 7
    endloop
  endfacet
  facet normal 0 0 1
    outer loop
      vertex 61.3978 49.2765 7
      vertex 59.7074 48.8235 7
      vertex 59.75 48.5 7
    endloop
  endfacet
  facet normal 0 0 1
    outer loop
      vertex 61.0981 50 7
      vertex 59.5825 49.125 7
      vertex 59.7074 48.8235 7
    endloop
  endfacet
  facet normal 0 0 1
    outer loop
      vertex 60.6213 50.6213 7
      vertex 59.3839 49.3839 7
      vertex 59.5825 49.125 7
    endloop
  endfacet
  facet normal 0 0 1
    outer loop
      vertex 59.125 49.5825 7
      vertex 60 51.0981 7
      vertex 59.2765 51.3978 7
    endloop
  endfacet
  facet normal 0 0 1
    outer loop
      vertex 60 51.0981 7
      vertex 59.125 49.5825 7
      vertex 59.3839 49.3839 7
    endloop
  endfacet
  facet normal 0 0 1
    outer loop
      vertex 59.2765 51.3978 7
      vertex 58.8235 49.7074 7
      vertex 59.125 49.5825 7
    endloop
  endfacet
  facet normal 0 0 1
    outer loop
      vertex 58.5 51.5 7
      vertex 58.8235 49.7074 7
      vertex 59.2765 51.3978 7
    endloop
  endfacet
  facet normal 0 0 1
    outer loop
      vertex 58.5 51.5 7
      vertex 58.5 49.75 7
      vertex 58.8235 49.7074 7
    endloop
  endfacet
  facet normal 0 0 1
    outer loop
      vertex 58.5 51.5 7
      vertex 58.1765 49.7074 7
      vertex 58.5 49.75 7
    endloop
  endfacet
  facet normal -0 0 1
    outer loop
      vertex 57.7235 51.3978 7
      vertex 58.1765 49.7074 7
      vertex 58.5 51.5 7
    endloop
  endfacet
  facet normal 0 0 1
    outer loop
      vertex 58.1765 49.7074 7
      vertex 57.7235 51.3978 7
      vertex 57.875 49.5825 7
    endloop
  endfacet
  facet normal -0 0 1
    outer loop
      vertex 57 51.0981 7
      vertex 57.875 49.5825 7
      vertex 57.7235 51.3978 7
    endloop
  endfacet
  facet normal 0 0 1
    outer loop
      vertex 57.875 49.5825 7
      vertex 57 51.0981 7
      vertex 57.6161 49.3839 7
    endloop
  endfacet
  facet normal -0 0 1
    outer loop
      vertex 56.3787 50.6213 7
      vertex 57.6161 49.3839 7
      vertex 57 51.0981 7
    endloop
  endfacet
  facet normal -0 0 1
    outer loop
      vertex 55.9019 50 7
      vertex 57.4175 49.125 7
      vertex 56.3787 50.6213 7
    endloop
  endfacet
  facet normal 0 0 1
    outer loop
      vertex 57.6161 49.3839 7
      vertex 56.3787 50.6213 7
      vertex 57.4175 49.125 7
    endloop
  endfacet
  facet normal 0 0 1
    outer loop
      vertex 61.0981 47 7
      vertex 59.5825 47.875 7
      vertex 60.6213 46.3787 7
    endloop
  endfacet
  facet normal -0 0 1
    outer loop
      vertex 59.3839 47.6161 7
      vertex 60.6213 46.3787 7
      vertex 59.5825 47.875 7
    endloop
  endfacet
  facet normal 0 0 1
    outer loop
      vertex 60.6213 46.3787 7
      vertex 59.3839 47.6161 7
      vertex 60 45.9019 7
    endloop
  endfacet
  facet normal -0 0 1
    outer loop
      vertex 59.125 47.4175 7
      vertex 60 45.9019 7
      vertex 59.3839 47.6161 7
    endloop
  endfacet
  facet normal 0 0 1
    outer loop
      vertex 60 45.9019 7
      vertex 59.125 47.4175 7
      vertex 59.2765 45.6022 7
    endloop
  endfacet
  facet normal -0 0 1
    outer loop
      vertex 58.8235 47.2926 7
      vertex 59.2765 45.6022 7
      vertex 59.125 47.4175 7
    endloop
  endfacet
  facet normal -0 0 1
    outer loop
      vertex 58.5 47.25 7
      vertex 59.2765 45.6022 7
      vertex 58.8235 47.2926 7
    endloop
  endfacet
  facet normal 0 0 1
    outer loop
      vertex 58.5 47.25 7
      vertex 58.5 45.5 7
      vertex 59.2765 45.6022 7
    endloop
  endfacet
  facet normal 0 0 1
    outer loop
      vertex 58.1765 47.2926 7
      vertex 58.5 45.5 7
      vertex 58.5 47.25 7
    endloop
  endfacet
  facet normal 0 0 1
    outer loop
      vertex 57.7235 45.6022 7
      vertex 58.1765 47.2926 7
      vertex 57.875 47.4175 7
    endloop
  endfacet
  facet normal 0 0 1
    outer loop
      vertex 58.1765 47.2926 7
      vertex 57.7235 45.6022 7
      vertex 58.5 45.5 7
    endloop
  endfacet
  facet normal 0 0 1
    outer loop
      vertex 57 45.9019 7
      vertex 57.875 47.4175 7
      vertex 57.6161 47.6161 7
    endloop
  endfacet
  facet normal 0 0 1
    outer loop
      vertex 56.3787 46.3787 7
      vertex 57.6161 47.6161 7
      vertex 57.4175 47.875 7
    endloop
  endfacet
  facet normal 0 0 1
    outer loop
      vertex 55.9019 47 7
      vertex 57.4175 47.875 7
      vertex 57.2926 48.1765 7
    endloop
  endfacet
  facet normal 0 0 1
    outer loop
      vertex 57.875 47.4175 7
      vertex 57 45.9019 7
      vertex 57.7235 45.6022 7
    endloop
  endfacet
  facet normal 0 0 1
    outer loop
      vertex 55.6022 47.7235 7
      vertex 57.2926 48.1765 7
      vertex 57.25 48.5 7
    endloop
  endfacet
  facet normal 0 0 1
    outer loop
      vertex 57.4175 49.125 7
      vertex 55.9019 50 7
      vertex 57.2926 48.8235 7
    endloop
  endfacet
  facet normal -0 0 1
    outer loop
      vertex 55.6022 49.2765 7
      vertex 57.2926 48.8235 7
      vertex 55.9019 50 7
    endloop
  endfacet
  facet normal 0 0 1
    outer loop
      vertex 57.6161 47.6161 7
      vertex 56.3787 46.3787 7
      vertex 57 45.9019 7
    endloop
  endfacet
  facet normal 0 0 1
    outer loop
      vertex 57.2926 48.8235 7
      vertex 55.6022 49.2765 7
      vertex 57.25 48.5 7
    endloop
  endfacet
  facet normal 0 0 1
    outer loop
      vertex 57.4175 47.875 7
      vertex 55.9019 47 7
      vertex 56.3787 46.3787 7
    endloop
  endfacet
  facet normal 0 0 1
    outer loop
      vertex 55.5 48.5 7
      vertex 57.25 48.5 7
      vertex 55.6022 49.2765 7
    endloop
  endfacet
  facet normal 0 0 1
    outer loop
      vertex 57.2926 48.1765 7
      vertex 55.6022 47.7235 7
      vertex 55.9019 47 7
    endloop
  endfacet
  facet normal 0 0 1
    outer loop
      vertex 57.25 48.5 7
      vertex 55.5 48.5 7
      vertex 55.6022 47.7235 7
    endloop
  endfacet
  facet normal 0.793316 0.608809 0
    outer loop
      vertex 61.0981 50 7
      vertex 60.6213 50.6213 2
      vertex 60.6213 50.6213 7
    endloop
  endfacet
  facet normal 0.793316 0.608809 0
    outer loop
      vertex 60.6213 50.6213 2
      vertex 61.0981 50 7
      vertex 61.0981 50 2
    endloop
  endfacet
  facet normal -0.923872 0.382701 0
    outer loop
      vertex 55.6022 49.2765 2
      vertex 55.9019 50 7
      vertex 55.9019 50 2
    endloop
  endfacet
  facet normal -0.923872 0.382701 0
    outer loop
      vertex 55.9019 50 7
      vertex 55.6022 49.2765 2
      vertex 55.6022 49.2765 7
    endloop
  endfacet
  facet normal 0.991441 -0.130558 0
    outer loop
      vertex 57.25 48.5 7
      vertex 57.2926 48.8235 2
      vertex 57.2926 48.8235 7
    endloop
  endfacet
  facet normal 0.991441 -0.130558 0
    outer loop
      vertex 57.2926 48.8235 2
      vertex 57.25 48.5 7
      vertex 57.25 48.5 2
    endloop
  endfacet
  facet normal -0.923864 -0.382722 0
    outer loop
      vertex 59.7074 48.8235 2
      vertex 59.5825 49.125 7
      vertex 59.5825 49.125 2
    endloop
  endfacet
  facet normal -0.923864 -0.382722 0
    outer loop
      vertex 59.5825 49.125 7
      vertex 59.7074 48.8235 2
      vertex 59.7074 48.8235 7
    endloop
  endfacet
  facet normal -0.991441 -0.130558 0
    outer loop
      vertex 59.75 48.5 2
      vertex 59.7074 48.8235 7
      vertex 59.7074 48.8235 2
    endloop
  endfacet
  facet normal -0.991441 -0.130558 0
    outer loop
      vertex 59.7074 48.8235 7
      vertex 59.75 48.5 2
      vertex 59.75 48.5 7
    endloop
  endfacet
  facet normal -0.793444 -0.608644 0
    outer loop
      vertex 59.5825 49.125 2
      vertex 59.3839 49.3839 7
      vertex 59.3839 49.3839 2
    endloop
  endfacet
  facet normal -0.793444 -0.608644 0
    outer loop
      vertex 59.3839 49.3839 7
      vertex 59.5825 49.125 2
      vertex 59.5825 49.125 7
    endloop
  endfacet
  facet normal -0.991441 0.130558 0
    outer loop
      vertex 59.7074 48.1765 2
      vertex 59.75 48.5 7
      vertex 59.75 48.5 2
    endloop
  endfacet
  facet normal -0.991441 0.130558 0
    outer loop
      vertex 59.75 48.5 7
      vertex 59.7074 48.1765 2
      vertex 59.7074 48.1765 7
    endloop
  endfacet
  facet normal -0.130558 0.991441 0
    outer loop
      vertex 58.8235 47.2926 2
      vertex 58.5 47.25 7
      vertex 58.8235 47.2926 7
    endloop
  endfacet
  facet normal -0.130558 0.991441 0
    outer loop
      vertex 58.5 47.25 7
      vertex 58.8235 47.2926 2
      vertex 58.5 47.25 2
    endloop
  endfacet
  facet normal 0.923864 -0.382722 0
    outer loop
      vertex 57.2926 48.8235 7
      vertex 57.4175 49.125 2
      vertex 57.4175 49.125 7
    endloop
  endfacet
  facet normal 0.923864 -0.382722 0
    outer loop
      vertex 57.4175 49.125 2
      vertex 57.2926 48.8235 7
      vertex 57.2926 48.8235 2
    endloop
  endfacet
  facet normal -0.608644 0.793444 0
    outer loop
      vertex 59.3839 47.6161 2
      vertex 59.125 47.4175 7
      vertex 59.3839 47.6161 7
    endloop
  endfacet
  facet normal -0.608644 0.793444 0
    outer loop
      vertex 59.125 47.4175 7
      vertex 59.3839 47.6161 2
      vertex 59.125 47.4175 2
    endloop
  endfacet
  facet normal -0.382722 -0.923864 0
    outer loop
      vertex 58.8235 49.7074 2
      vertex 59.125 49.5825 7
      vertex 58.8235 49.7074 7
    endloop
  endfacet
  facet normal -0.382722 -0.923864 -0
    outer loop
      vertex 59.125 49.5825 7
      vertex 58.8235 49.7074 2
      vertex 59.125 49.5825 2
    endloop
  endfacet
  facet normal 0.793444 -0.608644 0
    outer loop
      vertex 57.4175 49.125 7
      vertex 57.6161 49.3839 2
      vertex 57.6161 49.3839 7
    endloop
  endfacet
  facet normal 0.793444 -0.608644 0
    outer loop
      vertex 57.6161 49.3839 2
      vertex 57.4175 49.125 7
      vertex 57.4175 49.125 2
    endloop
  endfacet
  facet normal 0.923864 0.382722 0
    outer loop
      vertex 57.4175 47.875 7
      vertex 57.2926 48.1765 2
      vertex 57.2926 48.1765 7
    endloop
  endfacet
  facet normal 0.923864 0.382722 0
    outer loop
      vertex 57.2926 48.1765 2
      vertex 57.4175 47.875 7
      vertex 57.4175 47.875 2
    endloop
  endfacet
  facet normal -0.130558 -0.991441 0
    outer loop
      vertex 58.5 49.75 2
      vertex 58.8235 49.7074 7
      vertex 58.5 49.75 7
    endloop
  endfacet
  facet normal -0.130558 -0.991441 -0
    outer loop
      vertex 58.8235 49.7074 7
      vertex 58.5 49.75 2
      vertex 58.8235 49.7074 2
    endloop
  endfacet
  facet normal 0.382722 -0.923864 0
    outer loop
      vertex 57.875 49.5825 2
      vertex 58.1765 49.7074 7
      vertex 57.875 49.5825 7
    endloop
  endfacet
  facet normal 0.382722 -0.923864 0
    outer loop
      vertex 58.1765 49.7074 7
      vertex 57.875 49.5825 2
      vertex 58.1765 49.7074 2
    endloop
  endfacet
  facet normal 0.130558 -0.991441 0
    outer loop
      vertex 58.1765 49.7074 2
      vertex 58.5 49.75 7
      vertex 58.1765 49.7074 7
    endloop
  endfacet
  facet normal 0.130558 -0.991441 0
    outer loop
      vertex 58.5 49.75 7
      vertex 58.1765 49.7074 2
      vertex 58.5 49.75 2
    endloop
  endfacet
  facet normal 0.608644 0.793444 -0
    outer loop
      vertex 57.875 47.4175 2
      vertex 57.6161 47.6161 7
      vertex 57.875 47.4175 7
    endloop
  endfacet
  facet normal 0.608644 0.793444 0
    outer loop
      vertex 57.6161 47.6161 7
      vertex 57.875 47.4175 2
      vertex 57.6161 47.6161 2
    endloop
  endfacet
  facet normal 0.608644 -0.793444 0
    outer loop
      vertex 57.6161 49.3839 2
      vertex 57.875 49.5825 7
      vertex 57.6161 49.3839 7
    endloop
  endfacet
  facet normal 0.608644 -0.793444 0
    outer loop
      vertex 57.875 49.5825 7
      vertex 57.6161 49.3839 2
      vertex 57.875 49.5825 2
    endloop
  endfacet
  facet normal -0.923864 0.382722 0
    outer loop
      vertex 59.5825 47.875 2
      vertex 59.7074 48.1765 7
      vertex 59.7074 48.1765 2
    endloop
  endfacet
  facet normal -0.923864 0.382722 0
    outer loop
      vertex 59.7074 48.1765 7
      vertex 59.5825 47.875 2
      vertex 59.5825 47.875 7
    endloop
  endfacet
  facet normal -0.793444 0.608644 0
    outer loop
      vertex 59.3839 47.6161 2
      vertex 59.5825 47.875 7
      vertex 59.5825 47.875 2
    endloop
  endfacet
  facet normal -0.793444 0.608644 0
    outer loop
      vertex 59.5825 47.875 7
      vertex 59.3839 47.6161 2
      vertex 59.3839 47.6161 7
    endloop
  endfacet
  facet normal -0.608644 -0.793444 0
    outer loop
      vertex 59.125 49.5825 2
      vertex 59.3839 49.3839 7
      vertex 59.125 49.5825 7
    endloop
  endfacet
  facet normal -0.608644 -0.793444 -0
    outer loop
      vertex 59.3839 49.3839 7
      vertex 59.125 49.5825 2
      vertex 59.3839 49.3839 2
    endloop
  endfacet
  facet normal 0.991441 0.130558 0
    outer loop
      vertex 57.2926 48.1765 7
      vertex 57.25 48.5 2
      vertex 57.25 48.5 7
    endloop
  endfacet
  facet normal 0.991441 0.130558 0
    outer loop
      vertex 57.25 48.5 2
      vertex 57.2926 48.1765 7
      vertex 57.2926 48.1765 2
    endloop
  endfacet
  facet normal -0.382722 0.923864 0
    outer loop
      vertex 59.125 47.4175 2
      vertex 58.8235 47.2926 7
      vertex 59.125 47.4175 7
    endloop
  endfacet
  facet normal -0.382722 0.923864 0
    outer loop
      vertex 58.8235 47.2926 7
      vertex 59.125 47.4175 2
      vertex 58.8235 47.2926 2
    endloop
  endfacet
  facet normal 0.793444 0.608644 0
    outer loop
      vertex 57.6161 47.6161 7
      vertex 57.4175 47.875 2
      vertex 57.4175 47.875 7
    endloop
  endfacet
  facet normal 0.793444 0.608644 0
    outer loop
      vertex 57.4175 47.875 2
      vertex 57.6161 47.6161 7
      vertex 57.6161 47.6161 2
    endloop
  endfacet
  facet normal 0.382722 0.923864 -0
    outer loop
      vertex 58.1765 47.2926 2
      vertex 57.875 47.4175 7
      vertex 58.1765 47.2926 7
    endloop
  endfacet
  facet normal 0.382722 0.923864 0
    outer loop
      vertex 57.875 47.4175 7
      vertex 58.1765 47.2926 2
      vertex 57.875 47.4175 2
    endloop
  endfacet
  facet normal 0.130558 0.991441 -0
    outer loop
      vertex 58.5 47.25 2
      vertex 58.1765 47.2926 7
      vertex 58.5 47.25 7
    endloop
  endfacet
  facet normal 0.130558 0.991441 0
    outer loop
      vertex 58.1765 47.2926 7
      vertex 58.5 47.25 2
      vertex 58.1765 47.2926 2
    endloop
  endfacet
  facet normal 0 0 1
    outer loop
      vertex 62 4 7
      vertex 63 4 7
      vertex 63 19.5 7
    endloop
  endfacet
  facet normal 0 0 1
    outer loop
      vertex 63 4 7
      vertex 62 4 7
      vertex 62.9616 3.60982 7
    endloop
  endfacet
  facet normal -0 0 1
    outer loop
      vertex 61.9808 3.80491 7
      vertex 62.9616 3.60982 7
      vertex 62 4 7
    endloop
  endfacet
  facet normal 0 0 1
    outer loop
      vertex 62.9616 3.60982 7
      vertex 61.9808 3.80491 7
      vertex 62.8478 3.23463 7
    endloop
  endfacet
  facet normal -0 0 1
    outer loop
      vertex 61.9239 3.61732 7
      vertex 62.8478 3.23463 7
      vertex 61.9808 3.80491 7
    endloop
  endfacet
  facet normal 0 0 1
    outer loop
      vertex 62 4 7
      vertex 63 19.5 7
      vertex 62 19.5 7
    endloop
  endfacet
  facet normal 0 0 1
    outer loop
      vertex 62.8478 3.23463 7
      vertex 61.9239 3.61732 7
      vertex 62.6629 2.88886 7
    endloop
  endfacet
  facet normal -0 0 1
    outer loop
      vertex 61.8315 3.44443 7
      vertex 62.6629 2.88886 7
      vertex 61.9239 3.61732 7
    endloop
  endfacet
  facet normal 0 0 1
    outer loop
      vertex 62.6629 2.88886 7
      vertex 61.8315 3.44443 7
      vertex 62.4142 2.58579 7
    endloop
  endfacet
  facet normal -0 0 1
    outer loop
      vertex 61.7071 3.29289 7
      vertex 62.4142 2.58579 7
      vertex 61.8315 3.44443 7
    endloop
  endfacet
  facet normal 0 0 1
    outer loop
      vertex 62.4142 2.58579 7
      vertex 61.7071 3.29289 7
      vertex 62.1111 2.33706 7
    endloop
  endfacet
  facet normal -0 0 1
    outer loop
      vertex 61.5556 3.16853 7
      vertex 62.1111 2.33706 7
      vertex 61.7071 3.29289 7
    endloop
  endfacet
  facet normal 0 0 1
    outer loop
      vertex 62.1111 2.33706 7
      vertex 61.5556 3.16853 7
      vertex 61.7654 2.15224 7
    endloop
  endfacet
  facet normal -0 0 1
    outer loop
      vertex 61.3827 3.07612 7
      vertex 61.7654 2.15224 7
      vertex 61.5556 3.16853 7
    endloop
  endfacet
  facet normal 0 0 1
    outer loop
      vertex 61.7654 2.15224 7
      vertex 61.3827 3.07612 7
      vertex 61.3902 2.03843 7
    endloop
  endfacet
  facet normal -0 0 1
    outer loop
      vertex 61.1951 3.01921 7
      vertex 61.3902 2.03843 7
      vertex 61.3827 3.07612 7
    endloop
  endfacet
  facet normal -0 0 1
    outer loop
      vertex 61 3 7
      vertex 61.3902 2.03843 7
      vertex 61.1951 3.01921 7
    endloop
  endfacet
  facet normal 0 0 1
    outer loop
      vertex 61 3 7
      vertex 61 2 7
      vertex 61.3902 2.03843 7
    endloop
  endfacet
  facet normal -0 0 1
    outer loop
      vertex 37.5 3 7
      vertex 61 2 7
      vertex 61 3 7
    endloop
  endfacet
  facet normal 0 0 1
    outer loop
      vertex 61 2 7
      vertex 37.5 3 7
      vertex 37.5 2 7
    endloop
  endfacet
  facet normal 0 0 1
    outer loop
      vertex 62.9616 51.3902 7
      vertex 61.9808 51.1951 7
      vertex 62 51 7
    endloop
  endfacet
  facet normal 0 0 1
    outer loop
      vertex 62.4142 52.4142 7
      vertex 61.9239 51.3827 7
      vertex 61.9808 51.1951 7
    endloop
  endfacet
  facet normal 0 0 1
    outer loop
      vertex 62.4142 52.4142 7
      vertex 61.8315 51.5556 7
      vertex 61.9239 51.3827 7
    endloop
  endfacet
  facet normal 0 0 1
    outer loop
      vertex 61.5556 51.8315 7
      vertex 62.1111 52.6629 7
      vertex 61.7654 52.8478 7
    endloop
  endfacet
  facet normal 0 0 1
    outer loop
      vertex 62.4142 52.4142 7
      vertex 61.7071 51.7071 7
      vertex 61.8315 51.5556 7
    endloop
  endfacet
  facet normal 0 0 1
    outer loop
      vertex 62.1111 52.6629 7
      vertex 61.5556 51.8315 7
      vertex 61.7071 51.7071 7
    endloop
  endfacet
  facet normal 0 0 1
    outer loop
      vertex 61.3827 51.9239 7
      vertex 61.7654 52.8478 7
      vertex 61.3902 52.9616 7
    endloop
  endfacet
  facet normal 0 0 1
    outer loop
      vertex 61.7654 52.8478 7
      vertex 61.3827 51.9239 7
      vertex 61.5556 51.8315 7
    endloop
  endfacet
  facet normal 0 0 1
    outer loop
      vertex 61.3902 52.9616 7
      vertex 61.1951 51.9808 7
      vertex 61.3827 51.9239 7
    endloop
  endfacet
  facet normal 0 0 1
    outer loop
      vertex 61 53 7
      vertex 61.1951 51.9808 7
      vertex 61.3902 52.9616 7
    endloop
  endfacet
  facet normal 0 0 1
    outer loop
      vertex 61 53 7
      vertex 61 52 7
      vertex 61.1951 51.9808 7
    endloop
  endfacet
  facet normal -0 0 1
    outer loop
      vertex 4 53 7
      vertex 61 52 7
      vertex 61 53 7
    endloop
  endfacet
  facet normal 0 0 1
    outer loop
      vertex 4 53 7
      vertex 4 52 7
      vertex 61 52 7
    endloop
  endfacet
  facet normal 0 0 1
    outer loop
      vertex 4 53 7
      vertex 3.80491 51.9808 7
      vertex 4 52 7
    endloop
  endfacet
  facet normal -0 0 1
    outer loop
      vertex 3.60982 52.9616 7
      vertex 3.80491 51.9808 7
      vertex 4 53 7
    endloop
  endfacet
  facet normal 0 0 1
    outer loop
      vertex 3.80491 51.9808 7
      vertex 3.60982 52.9616 7
      vertex 3.61732 51.9239 7
    endloop
  endfacet
  facet normal -0 0 1
    outer loop
      vertex 3.23463 52.8478 7
      vertex 3.61732 51.9239 7
      vertex 3.60982 52.9616 7
    endloop
  endfacet
  facet normal 0 0 1
    outer loop
      vertex 3.61732 51.9239 7
      vertex 3.23463 52.8478 7
      vertex 3.44443 51.8315 7
    endloop
  endfacet
  facet normal -0 0 1
    outer loop
      vertex 2.88886 52.6629 7
      vertex 3.44443 51.8315 7
      vertex 3.23463 52.8478 7
    endloop
  endfacet
  facet normal 0 0 1
    outer loop
      vertex 3.44443 51.8315 7
      vertex 2.88886 52.6629 7
      vertex 3.29289 51.7071 7
    endloop
  endfacet
  facet normal -0 0 1
    outer loop
      vertex 2.58579 52.4142 7
      vertex 3.29289 51.7071 7
      vertex 2.88886 52.6629 7
    endloop
  endfacet
  facet normal 0 0 1
    outer loop
      vertex 3.29289 51.7071 7
      vertex 2.58579 52.4142 7
      vertex 3.16853 51.5556 7
    endloop
  endfacet
  facet normal -0 0 1
    outer loop
      vertex 2.15224 51.7654 7
      vertex 3.07612 51.3827 7
      vertex 2.33706 52.1111 7
    endloop
  endfacet
  facet normal 0 0 1
    outer loop
      vertex 3.16853 51.5556 7
      vertex 2.33706 52.1111 7
      vertex 3.07612 51.3827 7
    endloop
  endfacet
  facet normal -0 0 1
    outer loop
      vertex 2.33706 52.1111 7
      vertex 3.16853 51.5556 7
      vertex 2.58579 52.4142 7
    endloop
  endfacet
  facet normal 0 0 1
    outer loop
      vertex 62 51 7
      vertex 63 51 7
      vertex 62.9616 51.3902 7
    endloop
  endfacet
  facet normal 0 0 1
    outer loop
      vertex 61.9808 51.1951 7
      vertex 62.9616 51.3902 7
      vertex 62.8478 51.7654 7
    endloop
  endfacet
  facet normal 0 0 1
    outer loop
      vertex 61.9808 51.1951 7
      vertex 62.8478 51.7654 7
      vertex 62.6629 52.1111 7
    endloop
  endfacet
  facet normal 0 0 1
    outer loop
      vertex 61.9808 51.1951 7
      vertex 62.6629 52.1111 7
      vertex 62.4142 52.4142 7
    endloop
  endfacet
  facet normal 0 0 1
    outer loop
      vertex 61.7071 51.7071 7
      vertex 62.4142 52.4142 7
      vertex 62.1111 52.6629 7
    endloop
  endfacet
  facet normal 0 0 1
    outer loop
      vertex 63 51 7
      vertex 62 51 7
      vertex 63 35.5 7
    endloop
  endfacet
  facet normal 0 0 1
    outer loop
      vertex 63 35.5 7
      vertex 62 51 7
      vertex 62 35.5 7
    endloop
  endfacet
  facet normal -0 0 1
    outer loop
      vertex 4 3 7
      vertex 27.5 2 7
      vertex 27.5 3 7
    endloop
  endfacet
  facet normal 0 0 1
    outer loop
      vertex 4 3 7
      vertex 4 2 7
      vertex 27.5 2 7
    endloop
  endfacet
  facet normal 0 0 1
    outer loop
      vertex 3.80491 3.01921 7
      vertex 4 2 7
      vertex 4 3 7
    endloop
  endfacet
  facet normal 0 0 1
    outer loop
      vertex 3.60982 2.03843 7
      vertex 3.80491 3.01921 7
      vertex 3.61732 3.07612 7
    endloop
  endfacet
  facet normal 0 0 1
    outer loop
      vertex 3.80491 3.01921 7
      vertex 3.60982 2.03843 7
      vertex 4 2 7
    endloop
  endfacet
  facet normal 0 0 1
    outer loop
      vertex 3.23463 2.15224 7
      vertex 3.61732 3.07612 7
      vertex 3.44443 3.16853 7
    endloop
  endfacet
  facet normal 0 0 1
    outer loop
      vertex 2.88886 2.33706 7
      vertex 3.44443 3.16853 7
      vertex 3.29289 3.29289 7
    endloop
  endfacet
  facet normal 0 0 1
    outer loop
      vertex 3.61732 3.07612 7
      vertex 3.23463 2.15224 7
      vertex 3.60982 2.03843 7
    endloop
  endfacet
  facet normal 0 0 1
    outer loop
      vertex 2.58579 2.58579 7
      vertex 3.29289 3.29289 7
      vertex 3.16853 3.44443 7
    endloop
  endfacet
  facet normal 0 0 1
    outer loop
      vertex 2.33706 2.88886 7
      vertex 3.16853 3.44443 7
      vertex 3.07612 3.61732 7
    endloop
  endfacet
  facet normal 0 0 1
    outer loop
      vertex 2.15224 3.23463 7
      vertex 3.07612 3.61732 7
      vertex 3.01921 3.80491 7
    endloop
  endfacet
  facet normal 0 0 1
    outer loop
      vertex 3.44443 3.16853 7
      vertex 2.88886 2.33706 7
      vertex 3.23463 2.15224 7
    endloop
  endfacet
  facet normal 0 0 1
    outer loop
      vertex 2.03843 3.60982 7
      vertex 3.01921 3.80491 7
      vertex 3 4 7
    endloop
  endfacet
  facet normal 0 0 1
    outer loop
      vertex 3 51 7
      vertex 2 51 7
      vertex 3 4 7
    endloop
  endfacet
  facet normal 0 0 1
    outer loop
      vertex 3.07612 51.3827 7
      vertex 2.15224 51.7654 7
      vertex 3.01921 51.1951 7
    endloop
  endfacet
  facet normal 0 0 1
    outer loop
      vertex 2 4 7
      vertex 3 4 7
      vertex 2 51 7
    endloop
  endfacet
  facet normal -0 0 1
    outer loop
      vertex 2.03843 51.3902 7
      vertex 3.01921 51.1951 7
      vertex 2.15224 51.7654 7
    endloop
  endfacet
  facet normal 0 -0 1
    outer loop
      vertex 2.03843 3.60982 7
      vertex 3 4 7
      vertex 2 4 7
    endloop
  endfacet
  facet normal 0 0 1
    outer loop
      vertex 3.01921 51.1951 7
      vertex 2.03843 51.3902 7
      vertex 3 51 7
    endloop
  endfacet
  facet normal 0 0 1
    outer loop
      vertex 3.29289 3.29289 7
      vertex 2.58579 2.58579 7
      vertex 2.88886 2.33706 7
    endloop
  endfacet
  facet normal 0 0 1
    outer loop
      vertex 3 51 7
      vertex 2.03843 51.3902 7
      vertex 2 51 7
    endloop
  endfacet
  facet normal 0 0 1
    outer loop
      vertex 3.16853 3.44443 7
      vertex 2.33706 2.88886 7
      vertex 2.58579 2.58579 7
    endloop
  endfacet
  facet normal 0 0 1
    outer loop
      vertex 3.07612 3.61732 7
      vertex 2.15224 3.23463 7
      vertex 2.33706 2.88886 7
    endloop
  endfacet
  facet normal 0 0 1
    outer loop
      vertex 3.01921 3.80491 7
      vertex 2.03843 3.60982 7
      vertex 2.15224 3.23463 7
    endloop
  endfacet
  facet normal 0 0 1
    outer loop
      vertex 27.5 2 7
      vertex 37.5 2 7
      vertex 37.5 3 7
    endloop
  endfacet
  facet normal 0 0 1
    outer loop
      vertex 27.5 2 7
      vertex 37.5 3 7
      vertex 27.5 3 7
    endloop
  endfacet
  facet normal 0 0 1
    outer loop
      vertex 37.5 2 7
      vertex 27.5 2 7
      vertex 37.5 0 7
    endloop
  endfacet
  facet normal 0 0 1
    outer loop
      vertex 37.5 0 7
      vertex 27.5 2 7
      vertex 27.5 0 7
    endloop
  endfacet
  facet normal -0 0 1
    outer loop
      vertex 63 35.5 7
      vertex 65 19.5 7
      vertex 65 35.5 7
    endloop
  endfacet
  facet normal 0 0 1
    outer loop
      vertex 63 35.5 7
      vertex 63 19.5 7
      vertex 65 19.5 7
    endloop
  endfacet
  facet normal -0 0 1
    outer loop
      vertex 62 35.5 7
      vertex 63 19.5 7
      vertex 63 35.5 7
    endloop
  endfacet
  facet normal 0 0 1
    outer loop
      vertex 63 19.5 7
      vertex 62 35.5 7
      vertex 62 19.5 7
    endloop
  endfacet
  facet normal 0 0 -1
    outer loop
      vertex 62 4 6
      vertex 63 4 6
      vertex 62.9616 3.60982 6
    endloop
  endfacet
  facet normal 0 0 -1
    outer loop
      vertex 63 4 6
      vertex 62 4 6
      vertex 63 51 6
    endloop
  endfacet
  facet normal 0 0 -1
    outer loop
      vertex 61.9808 3.80491 6
      vertex 62.9616 3.60982 6
      vertex 62.8478 3.23463 6
    endloop
  endfacet
  facet normal 0 0 -1
    outer loop
      vertex 62 51 6
      vertex 63 51 6
      vertex 62 4 6
    endloop
  endfacet
  facet normal 0 0 -1
    outer loop
      vertex 61.9239 3.61732 6
      vertex 62.8478 3.23463 6
      vertex 62.6629 2.88886 6
    endloop
  endfacet
  facet normal 0 0 -1
    outer loop
      vertex 63 51 6
      vertex 62 51 6
      vertex 62.9616 51.3902 6
    endloop
  endfacet
  facet normal 0 0 -1
    outer loop
      vertex 61.8315 3.44443 6
      vertex 62.6629 2.88886 6
      vertex 62.4142 2.58579 6
    endloop
  endfacet
  facet normal 0 0 -1
    outer loop
      vertex 61.9808 51.1951 6
      vertex 62.9616 51.3902 6
      vertex 62 51 6
    endloop
  endfacet
  facet normal 0 0 -1
    outer loop
      vertex 61.7071 3.29289 6
      vertex 62.4142 2.58579 6
      vertex 62.1111 2.33706 6
    endloop
  endfacet
  facet normal -0 0 -1
    outer loop
      vertex 62.9616 51.3902 6
      vertex 61.9808 51.1951 6
      vertex 62.8478 51.7654 6
    endloop
  endfacet
  facet normal 0 0 -1
    outer loop
      vertex 61.9239 51.3827 6
      vertex 62.8478 51.7654 6
      vertex 61.9808 51.1951 6
    endloop
  endfacet
  facet normal 0 0 -1
    outer loop
      vertex 62.9616 3.60982 6
      vertex 61.9808 3.80491 6
      vertex 62 4 6
    endloop
  endfacet
  facet normal 0 0 -1
    outer loop
      vertex 62.8478 3.23463 6
      vertex 61.9239 3.61732 6
      vertex 61.9808 3.80491 6
    endloop
  endfacet
  facet normal 0 0 -1
    outer loop
      vertex 62.6629 2.88886 6
      vertex 61.8315 3.44443 6
      vertex 61.9239 3.61732 6
    endloop
  endfacet
  facet normal 0 0 -1
    outer loop
      vertex 61.5556 3.16853 6
      vertex 62.1111 2.33706 6
      vertex 61.7654 2.15224 6
    endloop
  endfacet
  facet normal 0 0 -1
    outer loop
      vertex 62.4142 2.58579 6
      vertex 61.7071 3.29289 6
      vertex 61.8315 3.44443 6
    endloop
  endfacet
  facet normal 0 0 -1
    outer loop
      vertex 62.1111 2.33706 6
      vertex 61.5556 3.16853 6
      vertex 61.7071 3.29289 6
    endloop
  endfacet
  facet normal 0 0 -1
    outer loop
      vertex 61.3827 3.07612 6
      vertex 61.7654 2.15224 6
      vertex 61.3902 2.03843 6
    endloop
  endfacet
  facet normal 0 0 -1
    outer loop
      vertex 61.7654 2.15224 6
      vertex 61.3827 3.07612 6
      vertex 61.5556 3.16853 6
    endloop
  endfacet
  facet normal 0 0 -1
    outer loop
      vertex 61.3902 2.03843 6
      vertex 61.1951 3.01921 6
      vertex 61.3827 3.07612 6
    endloop
  endfacet
  facet normal 0 0 -1
    outer loop
      vertex 61 2 6
      vertex 61.1951 3.01921 6
      vertex 61.3902 2.03843 6
    endloop
  endfacet
  facet normal 0 0 -1
    outer loop
      vertex 61 2 6
      vertex 61 3 6
      vertex 61.1951 3.01921 6
    endloop
  endfacet
  facet normal 0 0 -1
    outer loop
      vertex 4 2 6
      vertex 61 3 6
      vertex 61 2 6
    endloop
  endfacet
  facet normal 0 0 -1
    outer loop
      vertex 4 2 6
      vertex 4 3 6
      vertex 61 3 6
    endloop
  endfacet
  facet normal 0 0 -1
    outer loop
      vertex 4 2 6
      vertex 3.80491 3.01921 6
      vertex 4 3 6
    endloop
  endfacet
  facet normal 0 0 -1
    outer loop
      vertex 3.60982 2.03843 6
      vertex 3.80491 3.01921 6
      vertex 4 2 6
    endloop
  endfacet
  facet normal -0 0 -1
    outer loop
      vertex 3.80491 3.01921 6
      vertex 3.60982 2.03843 6
      vertex 3.61732 3.07612 6
    endloop
  endfacet
  facet normal 0 0 -1
    outer loop
      vertex 3.23463 2.15224 6
      vertex 3.61732 3.07612 6
      vertex 3.60982 2.03843 6
    endloop
  endfacet
  facet normal -0 0 -1
    outer loop
      vertex 3.61732 3.07612 6
      vertex 3.23463 2.15224 6
      vertex 3.44443 3.16853 6
    endloop
  endfacet
  facet normal 0 0 -1
    outer loop
      vertex 2.88886 2.33706 6
      vertex 3.44443 3.16853 6
      vertex 3.23463 2.15224 6
    endloop
  endfacet
  facet normal -0 0 -1
    outer loop
      vertex 3.44443 3.16853 6
      vertex 2.88886 2.33706 6
      vertex 3.29289 3.29289 6
    endloop
  endfacet
  facet normal 0 0 -1
    outer loop
      vertex 2.58579 2.58579 6
      vertex 3.29289 3.29289 6
      vertex 2.88886 2.33706 6
    endloop
  endfacet
  facet normal -0 0 -1
    outer loop
      vertex 3.29289 3.29289 6
      vertex 2.58579 2.58579 6
      vertex 3.16853 3.44443 6
    endloop
  endfacet
  facet normal 0 0 -1
    outer loop
      vertex 2.15224 3.23463 6
      vertex 3.07612 3.61732 6
      vertex 2.33706 2.88886 6
    endloop
  endfacet
  facet normal -0 0 -1
    outer loop
      vertex 3.16853 3.44443 6
      vertex 2.33706 2.88886 6
      vertex 3.07612 3.61732 6
    endloop
  endfacet
  facet normal 0 0 -1
    outer loop
      vertex 2.33706 2.88886 6
      vertex 3.16853 3.44443 6
      vertex 2.58579 2.58579 6
    endloop
  endfacet
  facet normal -0 0 -1
    outer loop
      vertex 62.8478 51.7654 6
      vertex 61.9239 51.3827 6
      vertex 62.6629 52.1111 6
    endloop
  endfacet
  facet normal 0 0 -1
    outer loop
      vertex 61.8315 51.5556 6
      vertex 62.6629 52.1111 6
      vertex 61.9239 51.3827 6
    endloop
  endfacet
  facet normal -0 0 -1
    outer loop
      vertex 62.6629 52.1111 6
      vertex 61.8315 51.5556 6
      vertex 62.4142 52.4142 6
    endloop
  endfacet
  facet normal 0 0 -1
    outer loop
      vertex 61.7071 51.7071 6
      vertex 62.4142 52.4142 6
      vertex 61.8315 51.5556 6
    endloop
  endfacet
  facet normal -0 0 -1
    outer loop
      vertex 62.4142 52.4142 6
      vertex 61.7071 51.7071 6
      vertex 62.1111 52.6629 6
    endloop
  endfacet
  facet normal 0 0 -1
    outer loop
      vertex 61.5556 51.8315 6
      vertex 62.1111 52.6629 6
      vertex 61.7071 51.7071 6
    endloop
  endfacet
  facet normal -0 0 -1
    outer loop
      vertex 62.1111 52.6629 6
      vertex 61.5556 51.8315 6
      vertex 61.7654 52.8478 6
    endloop
  endfacet
  facet normal 0 0 -1
    outer loop
      vertex 61.3827 51.9239 6
      vertex 61.7654 52.8478 6
      vertex 61.5556 51.8315 6
    endloop
  endfacet
  facet normal -0 0 -1
    outer loop
      vertex 61.7654 52.8478 6
      vertex 61.3827 51.9239 6
      vertex 61.3902 52.9616 6
    endloop
  endfacet
  facet normal 0 0 -1
    outer loop
      vertex 61.1951 51.9808 6
      vertex 61.3902 52.9616 6
      vertex 61.3827 51.9239 6
    endloop
  endfacet
  facet normal 0 0 -1
    outer loop
      vertex 61 52 6
      vertex 61.3902 52.9616 6
      vertex 61.1951 51.9808 6
    endloop
  endfacet
  facet normal 0 0 -1
    outer loop
      vertex 61 52 6
      vertex 61 53 6
      vertex 61.3902 52.9616 6
    endloop
  endfacet
  facet normal 0 0 -1
    outer loop
      vertex 4 52 6
      vertex 61 53 6
      vertex 61 52 6
    endloop
  endfacet
  facet normal 0 0 -1
    outer loop
      vertex 4 52 6
      vertex 4 53 6
      vertex 61 53 6
    endloop
  endfacet
  facet normal 0 0 -1
    outer loop
      vertex 3.80491 51.9808 6
      vertex 4 53 6
      vertex 4 52 6
    endloop
  endfacet
  facet normal 0 0 -1
    outer loop
      vertex 3.60982 52.9616 6
      vertex 3.80491 51.9808 6
      vertex 3.61732 51.9239 6
    endloop
  endfacet
  facet normal 0 0 -1
    outer loop
      vertex 3.80491 51.9808 6
      vertex 3.60982 52.9616 6
      vertex 4 53 6
    endloop
  endfacet
  facet normal 0 0 -1
    outer loop
      vertex 3.23463 52.8478 6
      vertex 3.61732 51.9239 6
      vertex 3.44443 51.8315 6
    endloop
  endfacet
  facet normal 0 0 -1
    outer loop
      vertex 2.88886 52.6629 6
      vertex 3.44443 51.8315 6
      vertex 3.29289 51.7071 6
    endloop
  endfacet
  facet normal 0 0 -1
    outer loop
      vertex 3.61732 51.9239 6
      vertex 3.23463 52.8478 6
      vertex 3.60982 52.9616 6
    endloop
  endfacet
  facet normal 0 0 -1
    outer loop
      vertex 2.58579 52.4142 6
      vertex 3.29289 51.7071 6
      vertex 3.16853 51.5556 6
    endloop
  endfacet
  facet normal 0 0 -1
    outer loop
      vertex 2.33706 52.1111 6
      vertex 3.16853 51.5556 6
      vertex 3.07612 51.3827 6
    endloop
  endfacet
  facet normal 0 0 -1
    outer loop
      vertex 2.15224 51.7654 6
      vertex 3.07612 51.3827 6
      vertex 3.01921 51.1951 6
    endloop
  endfacet
  facet normal 0 0 -1
    outer loop
      vertex 3.44443 51.8315 6
      vertex 2.88886 52.6629 6
      vertex 3.23463 52.8478 6
    endloop
  endfacet
  facet normal 0 0 -1
    outer loop
      vertex 2.03843 51.3902 6
      vertex 3.01921 51.1951 6
      vertex 3 51 6
    endloop
  endfacet
  facet normal 0 0 -1
    outer loop
      vertex 3 4 6
      vertex 2 4 6
      vertex 3 51 6
    endloop
  endfacet
  facet normal -0 0 -1
    outer loop
      vertex 3.07612 3.61732 6
      vertex 2.15224 3.23463 6
      vertex 3.01921 3.80491 6
    endloop
  endfacet
  facet normal 0 0 -1
    outer loop
      vertex 2 51 6
      vertex 3 51 6
      vertex 2 4 6
    endloop
  endfacet
  facet normal 0 0 -1
    outer loop
      vertex 2.03843 3.60982 6
      vertex 3.01921 3.80491 6
      vertex 2.15224 3.23463 6
    endloop
  endfacet
  facet normal 0 -0 -1
    outer loop
      vertex 2.03843 51.3902 6
      vertex 3 51 6
      vertex 2 51 6
    endloop
  endfacet
  facet normal -0 0 -1
    outer loop
      vertex 3.01921 3.80491 6
      vertex 2.03843 3.60982 6
      vertex 3 4 6
    endloop
  endfacet
  facet normal 0 0 -1
    outer loop
      vertex 3.29289 51.7071 6
      vertex 2.58579 52.4142 6
      vertex 2.88886 52.6629 6
    endloop
  endfacet
  facet normal -0 0 -1
    outer loop
      vertex 3 4 6
      vertex 2.03843 3.60982 6
      vertex 2 4 6
    endloop
  endfacet
  facet normal 0 0 -1
    outer loop
      vertex 3.16853 51.5556 6
      vertex 2.33706 52.1111 6
      vertex 2.58579 52.4142 6
    endloop
  endfacet
  facet normal 0 0 -1
    outer loop
      vertex 3.07612 51.3827 6
      vertex 2.15224 51.7654 6
      vertex 2.33706 52.1111 6
    endloop
  endfacet
  facet normal 0 0 -1
    outer loop
      vertex 3.01921 51.1951 6
      vertex 2.03843 51.3902 6
      vertex 2.15224 51.7654 6
    endloop
  endfacet
  facet normal 0.0979429 -0.995192 0
    outer loop
      vertex 3.80491 51.9808 6
      vertex 4 52 7
      vertex 3.80491 51.9808 7
    endloop
  endfacet
  facet normal 0.0979429 -0.995192 0
    outer loop
      vertex 4 52 7
      vertex 3.80491 51.9808 6
      vertex 4 52 6
    endloop
  endfacet
  facet normal -0.995193 -0.097938 0
    outer loop
      vertex 62 51 6
      vertex 61.9808 51.1951 7
      vertex 61.9808 51.1951 6
    endloop
  endfacet
  facet normal -0.995193 -0.097938 0
    outer loop
      vertex 61.9808 51.1951 7
      vertex 62 51 6
      vertex 62 51 7
    endloop
  endfacet
  facet normal -0.471369 0.881936 0
    outer loop
      vertex 61.5556 3.16853 6
      vertex 61.3827 3.07612 7
      vertex 61.5556 3.16853 7
    endloop
  endfacet
  facet normal -0.471369 0.881936 0
    outer loop
      vertex 61.3827 3.07612 7
      vertex 61.5556 3.16853 6
      vertex 61.3827 3.07612 6
    endloop
  endfacet
  facet normal 0 1 -0
    outer loop
      vertex 61 3 6
      vertex 37.5 3 7
      vertex 61 3 7
    endloop
  endfacet
  facet normal 0 1 0
    outer loop
      vertex 37.5 3 7
      vertex 61 3 6
      vertex 27.5 3 7
    endloop
  endfacet
  facet normal 0 1 0
    outer loop
      vertex 4 3 6
      vertex 27.5 3 7
      vertex 61 3 6
    endloop
  endfacet
  facet normal 0 1 0
    outer loop
      vertex 27.5 3 7
      vertex 4 3 6
      vertex 4 3 7
    endloop
  endfacet
  facet normal -0.290295 0.956937 0
    outer loop
      vertex 61.3827 3.07612 6
      vertex 61.1951 3.01921 7
      vertex 61.3827 3.07612 7
    endloop
  endfacet
  facet normal -0.290295 0.956937 0
    outer loop
      vertex 61.1951 3.01921 7
      vertex 61.3827 3.07612 6
      vertex 61.1951 3.01921 6
    endloop
  endfacet
  facet normal 0.881936 -0.471369 0
    outer loop
      vertex 3.07612 51.3827 7
      vertex 3.16853 51.5556 6
      vertex 3.16853 51.5556 7
    endloop
  endfacet
  facet normal 0.881936 -0.471369 0
    outer loop
      vertex 3.16853 51.5556 6
      vertex 3.07612 51.3827 7
      vertex 3.07612 51.3827 6
    endloop
  endfacet
  facet normal 0.634498 -0.772925 0
    outer loop
      vertex 3.29289 51.7071 6
      vertex 3.44443 51.8315 7
      vertex 3.29289 51.7071 7
    endloop
  endfacet
  facet normal 0.634498 -0.772925 0
    outer loop
      vertex 3.44443 51.8315 7
      vertex 3.29289 51.7071 6
      vertex 3.44443 51.8315 6
    endloop
  endfacet
  facet normal -0.995192 0.0979429 0
    outer loop
      vertex 61.9808 3.80491 6
      vertex 62 4 7
      vertex 62 4 6
    endloop
  endfacet
  facet normal -0.995192 0.0979429 0
    outer loop
      vertex 62 4 7
      vertex 61.9808 3.80491 6
      vertex 61.9808 3.80491 7
    endloop
  endfacet
  facet normal 0.634376 0.773025 -0
    outer loop
      vertex 3.44443 3.16853 6
      vertex 3.29289 3.29289 7
      vertex 3.44443 3.16853 7
    endloop
  endfacet
  facet normal 0.634376 0.773025 0
    outer loop
      vertex 3.29289 3.29289 7
      vertex 3.44443 3.16853 6
      vertex 3.29289 3.29289 6
    endloop
  endfacet
  facet normal -0.881957 -0.471329 0
    outer loop
      vertex 61.9239 51.3827 6
      vertex 61.8315 51.5556 7
      vertex 61.8315 51.5556 6
    endloop
  endfacet
  facet normal -0.881957 -0.471329 0
    outer loop
      vertex 61.8315 51.5556 7
      vertex 61.9239 51.3827 6
      vertex 61.9239 51.3827 7
    endloop
  endfacet
  facet normal 0.995188 -0.0979885 0
    outer loop
      vertex 3 51 7
      vertex 3.01921 51.1951 6
      vertex 3.01921 51.1951 7
    endloop
  endfacet
  facet normal 0.995188 -0.0979885 0
    outer loop
      vertex 3.01921 51.1951 6
      vertex 3 51 7
      vertex 3 51 6
    endloop
  endfacet
  facet normal 0.773025 0.634376 0
    outer loop
      vertex 3.29289 3.29289 7
      vertex 3.16853 3.44443 6
      vertex 3.16853 3.44443 7
    endloop
  endfacet
  facet normal 0.773025 0.634376 0
    outer loop
      vertex 3.16853 3.44443 6
      vertex 3.29289 3.29289 7
      vertex 3.29289 3.29289 6
    endloop
  endfacet
  facet normal 0 -1 0
    outer loop
      vertex 4 52 6
      vertex 61 52 7
      vertex 4 52 7
    endloop
  endfacet
  facet normal 0 -1 -0
    outer loop
      vertex 61 52 7
      vertex 4 52 6
      vertex 61 52 6
    endloop
  endfacet
  facet normal -0.0979885 0.995188 0
    outer loop
      vertex 61.1951 3.01921 6
      vertex 61 3 7
      vertex 61.1951 3.01921 7
    endloop
  endfacet
  facet normal -0.0979885 0.995188 0
    outer loop
      vertex 61 3 7
      vertex 61.1951 3.01921 6
      vertex 61 3 6
    endloop
  endfacet
  facet normal 0.0979935 0.995187 -0
    outer loop
      vertex 4 3 6
      vertex 3.80491 3.01921 7
      vertex 4 3 7
    endloop
  endfacet
  facet normal 0.0979935 0.995187 0
    outer loop
      vertex 3.80491 3.01921 7
      vertex 4 3 6
      vertex 3.80491 3.01921 6
    endloop
  endfacet
  facet normal -0.471329 -0.881957 0
    outer loop
      vertex 61.3827 51.9239 6
      vertex 61.5556 51.8315 7
      vertex 61.3827 51.9239 7
    endloop
  endfacet
  facet normal -0.471329 -0.881957 -0
    outer loop
      vertex 61.5556 51.8315 7
      vertex 61.3827 51.9239 6
      vertex 61.5556 51.8315 6
    endloop
  endfacet
  facet normal 1 -0 0
    outer loop
      vertex 3 4 7
      vertex 3 51 6
      vertex 3 51 7
    endloop
  endfacet
  facet normal 1 0 0
    outer loop
      vertex 3 51 6
      vertex 3 4 7
      vertex 3 4 6
    endloop
  endfacet
  facet normal -0.956947 0.290262 0
    outer loop
      vertex 61.9239 3.61732 6
      vertex 61.9808 3.80491 7
      vertex 61.9808 3.80491 6
    endloop
  endfacet
  facet normal -0.956947 0.290262 0
    outer loop
      vertex 61.9808 3.80491 7
      vertex 61.9239 3.61732 6
      vertex 61.9239 3.61732 7
    endloop
  endfacet
  facet normal 0.881925 0.47139 0
    outer loop
      vertex 3.16853 3.44443 7
      vertex 3.07612 3.61732 6
      vertex 3.07612 3.61732 7
    endloop
  endfacet
  facet normal 0.881925 0.47139 0
    outer loop
      vertex 3.07612 3.61732 6
      vertex 3.16853 3.44443 7
      vertex 3.16853 3.44443 6
    endloop
  endfacet
  facet normal -0.290248 -0.956951 0
    outer loop
      vertex 61.1951 51.9808 6
      vertex 61.3827 51.9239 7
      vertex 61.1951 51.9808 7
    endloop
  endfacet
  facet normal -0.290248 -0.956951 -0
    outer loop
      vertex 61.3827 51.9239 7
      vertex 61.1951 51.9808 6
      vertex 61.3827 51.9239 6
    endloop
  endfacet
  facet normal -0.634476 0.772942 0
    outer loop
      vertex 61.7071 3.29289 6
      vertex 61.5556 3.16853 7
      vertex 61.7071 3.29289 7
    endloop
  endfacet
  facet normal -0.634476 0.772942 0
    outer loop
      vertex 61.5556 3.16853 7
      vertex 61.7071 3.29289 6
      vertex 61.5556 3.16853 6
    endloop
  endfacet
  facet normal -0.097938 -0.995193 0
    outer loop
      vertex 61 52 6
      vertex 61.1951 51.9808 7
      vertex 61 52 7
    endloop
  endfacet
  facet normal -0.097938 -0.995193 -0
    outer loop
      vertex 61.1951 51.9808 7
      vertex 61 52 6
      vertex 61.1951 51.9808 6
    endloop
  endfacet
  facet normal -0.634598 -0.772842 0
    outer loop
      vertex 61.5556 51.8315 6
      vertex 61.7071 51.7071 7
      vertex 61.5556 51.8315 7
    endloop
  endfacet
  facet normal -0.634598 -0.772842 -0
    outer loop
      vertex 61.7071 51.7071 7
      vertex 61.5556 51.8315 6
      vertex 61.7071 51.7071 6
    endloop
  endfacet
  facet normal 0.956937 -0.290295 0
    outer loop
      vertex 3.01921 51.1951 7
      vertex 3.07612 51.3827 6
      vertex 3.07612 51.3827 7
    endloop
  endfacet
  facet normal 0.956937 -0.290295 0
    outer loop
      vertex 3.07612 51.3827 6
      vertex 3.01921 51.1951 7
      vertex 3.01921 51.1951 6
    endloop
  endfacet
  facet normal 0.995187 0.0979935 0
    outer loop
      vertex 3.01921 3.80491 7
      vertex 3 4 6
      vertex 3 4 7
    endloop
  endfacet
  facet normal 0.995187 0.0979935 0
    outer loop
      vertex 3 4 6
      vertex 3.01921 3.80491 7
      vertex 3.01921 3.80491 6
    endloop
  endfacet
  facet normal 0.47139 0.881925 -0
    outer loop
      vertex 3.61732 3.07612 6
      vertex 3.44443 3.16853 7
      vertex 3.61732 3.07612 7
    endloop
  endfacet
  facet normal 0.47139 0.881925 0
    outer loop
      vertex 3.44443 3.16853 7
      vertex 3.61732 3.07612 6
      vertex 3.44443 3.16853 6
    endloop
  endfacet
  facet normal 0.290309 0.956933 -0
    outer loop
      vertex 3.80491 3.01921 6
      vertex 3.61732 3.07612 7
      vertex 3.80491 3.01921 7
    endloop
  endfacet
  facet normal 0.290309 0.956933 0
    outer loop
      vertex 3.61732 3.07612 7
      vertex 3.80491 3.01921 6
      vertex 3.61732 3.07612 6
    endloop
  endfacet
  facet normal -0.772842 -0.634598 0
    outer loop
      vertex 61.8315 51.5556 6
      vertex 61.7071 51.7071 7
      vertex 61.7071 51.7071 6
    endloop
  endfacet
  facet normal -0.772842 -0.634598 0
    outer loop
      vertex 61.7071 51.7071 7
      vertex 61.8315 51.5556 6
      vertex 61.8315 51.5556 7
    endloop
  endfacet
  facet normal -1 0 0
    outer loop
      vertex 62 51 6
      vertex 62 35.5 7
      vertex 62 51 7
    endloop
  endfacet
  facet normal -1 0 0
    outer loop
      vertex 62 51 6
      vertex 62 19.5 7
      vertex 62 35.5 7
    endloop
  endfacet
  facet normal -1 0 0
    outer loop
      vertex 62 4 6
      vertex 62 19.5 7
      vertex 62 51 6
    endloop
  endfacet
  facet normal -1 -0 0
    outer loop
      vertex 62 19.5 7
      vertex 62 4 6
      vertex 62 4 7
    endloop
  endfacet
  facet normal 0.471351 -0.881946 0
    outer loop
      vertex 3.44443 51.8315 6
      vertex 3.61732 51.9239 7
      vertex 3.44443 51.8315 7
    endloop
  endfacet
  facet normal 0.471351 -0.881946 0
    outer loop
      vertex 3.61732 51.9239 7
      vertex 3.44443 51.8315 6
      vertex 3.61732 51.9239 6
    endloop
  endfacet
  facet normal -0.881946 0.471351 0
    outer loop
      vertex 61.8315 3.44443 6
      vertex 61.9239 3.61732 7
      vertex 61.9239 3.61732 6
    endloop
  endfacet
  facet normal -0.881946 0.471351 0
    outer loop
      vertex 61.9239 3.61732 7
      vertex 61.8315 3.44443 6
      vertex 61.8315 3.44443 7
    endloop
  endfacet
  facet normal -0.956951 -0.290248 0
    outer loop
      vertex 61.9808 51.1951 6
      vertex 61.9239 51.3827 7
      vertex 61.9239 51.3827 6
    endloop
  endfacet
  facet normal -0.956951 -0.290248 0
    outer loop
      vertex 61.9239 51.3827 7
      vertex 61.9808 51.1951 6
      vertex 61.9808 51.1951 7
    endloop
  endfacet
  facet normal 0.956933 0.290309 0
    outer loop
      vertex 3.07612 3.61732 7
      vertex 3.01921 3.80491 6
      vertex 3.01921 3.80491 7
    endloop
  endfacet
  facet normal 0.956933 0.290309 0
    outer loop
      vertex 3.01921 3.80491 6
      vertex 3.07612 3.61732 7
      vertex 3.07612 3.61732 6
    endloop
  endfacet
  facet normal 0.772942 -0.634476 0
    outer loop
      vertex 3.16853 51.5556 7
      vertex 3.29289 51.7071 6
      vertex 3.29289 51.7071 7
    endloop
  endfacet
  facet normal 0.772942 -0.634476 0
    outer loop
      vertex 3.29289 51.7071 6
      vertex 3.16853 51.5556 7
      vertex 3.16853 51.5556 6
    endloop
  endfacet
  facet normal 0.290262 -0.956947 0
    outer loop
      vertex 3.61732 51.9239 6
      vertex 3.80491 51.9808 7
      vertex 3.61732 51.9239 7
    endloop
  endfacet
  facet normal 0.290262 -0.956947 0
    outer loop
      vertex 3.80491 51.9808 7
      vertex 3.61732 51.9239 6
      vertex 3.80491 51.9808 6
    endloop
  endfacet
  facet normal -0.772925 0.634498 0
    outer loop
      vertex 61.7071 3.29289 6
      vertex 61.8315 3.44443 7
      vertex 61.8315 3.44443 6
    endloop
  endfacet
  facet normal -0.772925 0.634498 0
    outer loop
      vertex 61.8315 3.44443 7
      vertex 61.7071 3.29289 6
      vertex 61.7071 3.29289 7
    endloop
  endfacet
  facet normal -1 0 0
    outer loop
      vertex 37.5 0 7
      vertex 37.5 2 12.6
      vertex 37.5 2 7
    endloop
  endfacet
  facet normal -1 -0 0
    outer loop
      vertex 37.5 2 12.6
      vertex 37.5 0 7
      vertex 37.5 0 12.6
    endloop
  endfacet
  facet normal 0 0 -1
    outer loop
      vertex 27.5 0 12.6
      vertex 37.5 2 12.6
      vertex 37.5 0 12.6
    endloop
  endfacet
  facet normal -0 0 -1
    outer loop
      vertex 37.5 2 12.6
      vertex 27.5 0 12.6
      vertex 27.5 2 12.6
    endloop
  endfacet
  facet normal 1 -0 0
    outer loop
      vertex 27.5 0 12.6
      vertex 27.5 2 7
      vertex 27.5 2 12.6
    endloop
  endfacet
  facet normal 1 0 0
    outer loop
      vertex 27.5 2 7
      vertex 27.5 0 12.6
      vertex 27.5 0 7
    endloop
  endfacet
  facet normal 0 0 -1
    outer loop
      vertex 63 19.5 18.6
      vertex 65 35.5 18.6
      vertex 65 19.5 18.6
    endloop
  endfacet
  facet normal -0 0 -1
    outer loop
      vertex 65 35.5 18.6
      vertex 63 19.5 18.6
      vertex 63 35.5 18.6
    endloop
  endfacet
  facet normal 0 -1 0
    outer loop
      vertex 63 35.5 7
      vertex 65 35.5 18.6
      vertex 63 35.5 18.6
    endloop
  endfacet
  facet normal 0 -1 -0
    outer loop
      vertex 65 35.5 18.6
      vertex 63 35.5 7
      vertex 65 35.5 7
    endloop
  endfacet
  facet normal 0 1 -0
    outer loop
      vertex 65 19.5 7
      vertex 63 19.5 18.6
      vertex 65 19.5 18.6
    endloop
  endfacet
  facet normal 0 1 0
    outer loop
      vertex 63 19.5 18.6
      vertex 65 19.5 7
      vertex 63 19.5 7
    endloop
  endfacet
endsolid OpenSCAD_Model
