
===========================================================================
report_checks -path_delay max (Setup)
============================================================================
======================= max_tt_025C_1v80 Corner ===================================

Startpoint: _611_ (rising edge-triggered flip-flop clocked by clk_i)
Endpoint: _610_ (negative level-sensitive latch clocked by clk_i)
Path Group: clk_i
Path Type: max

Fanout         Cap        Slew       Delay        Time   Description
---------------------------------------------------------------------------------------------
                                  0.000000    0.000000   clock clk_i (rise edge)
                                  0.000000    0.000000   clock source latency
     2    0.083141    0.377847    0.279778    0.279778 ^ clk_i (in)
                                                         clk_i (net)
                      0.382483    0.000000    0.279778 ^ clkbuf_0_clk_i/A (sky130_fd_sc_hd__clkbuf_16)
     2    0.018889    0.047857    0.218239    0.498018 ^ clkbuf_0_clk_i/X (sky130_fd_sc_hd__clkbuf_16)
                                                         clknet_0_clk_i (net)
                      0.047857    0.001030    0.499048 ^ clkbuf_1_1__f_clk_i/A (sky130_fd_sc_hd__clkbuf_16)
     2    0.006832    0.030511    0.113686    0.612734 ^ clkbuf_1_1__f_clk_i/X (sky130_fd_sc_hd__clkbuf_16)
                                                         clknet_1_1__leaf_clk_i (net)
                      0.030514    0.000532    0.613266 ^ _611_/CLK (sky130_fd_sc_hd__dfrtp_1)
     2    0.012502    0.081792    0.396051    1.009316 v _611_/Q (sky130_fd_sc_hd__dfrtp_1)
                                                         u_ibex.clock_en (net)
                      0.081795    0.000611    1.009928 v hold355/A (sky130_fd_sc_hd__dlygate4sd3_1)
     1    0.002144    0.049652    0.558406    1.568334 v hold355/X (sky130_fd_sc_hd__dlygate4sd3_1)
                                                         net526 (net)
                      0.049652    0.000089    1.568422 v hold142/A (sky130_fd_sc_hd__dlygate4sd3_1)
     1    0.002684    0.052258    0.548923    2.117346 v hold142/X (sky130_fd_sc_hd__dlygate4sd3_1)
                                                         net313 (net)
                      0.052258    0.000106    2.117452 v hold356/A (sky130_fd_sc_hd__dlygate4sd3_1)
     1    0.003603    0.057507    0.557694    2.675146 v hold356/X (sky130_fd_sc_hd__dlygate4sd3_1)
                                                         net527 (net)
                      0.057507    0.000252    2.675399 v hold64/A (sky130_fd_sc_hd__dlygate4sd3_1)
     1    0.003849    0.058333    0.561617    3.237016 v hold64/X (sky130_fd_sc_hd__dlygate4sd3_1)
                                                         net235 (net)
                      0.058333    0.000273    3.237288 v hold357/A (sky130_fd_sc_hd__dlygate4sd3_1)
     1    0.002367    0.050422    0.549744    3.787032 v hold357/X (sky130_fd_sc_hd__dlygate4sd3_1)
                                                         net528 (net)
                      0.050422    0.000160    3.787192 v hold143/A (sky130_fd_sc_hd__dlygate4sd3_1)
     1    0.002680    0.052211    0.549168    4.336360 v hold143/X (sky130_fd_sc_hd__dlygate4sd3_1)
                                                         net314 (net)
                      0.052211    0.000166    4.336526 v _610_/D (sky130_fd_sc_hd__dlxtn_1)
                                              4.336526   data arrival time

                                 12.500000   12.500000   clock clk_i (fall edge)
                                  0.000000   12.500000   clock source latency
     2    0.082104    0.182832    0.148551   12.648550 v clk_i (in)
                                                         clk_i (net)
                      0.192083    0.000000   12.648550 v clkbuf_0_clk_i/A (sky130_fd_sc_hd__clkbuf_16)
     2    0.016901    0.034237    0.212258   12.860807 v clkbuf_0_clk_i/X (sky130_fd_sc_hd__clkbuf_16)
                                                         clknet_0_clk_i (net)
                      0.034237    0.000915   12.861723 v clkbuf_1_1__f_clk_i/A (sky130_fd_sc_hd__clkbuf_16)
     2    0.006508    0.027526    0.131019   12.992742 v clkbuf_1_1__f_clk_i/X (sky130_fd_sc_hd__clkbuf_16)
                                                         clknet_1_1__leaf_clk_i (net)
                      0.027528    0.000416   12.993157 v _610_/GATE_N (sky130_fd_sc_hd__dlxtn_1)
                                 -0.250000   12.743157   clock uncertainty
                                  0.000000   12.743157   clock reconvergence pessimism
                                  0.000000   12.743157   time borrowed from endpoint
                                             12.743157   data required time
---------------------------------------------------------------------------------------------
                                             12.743157   data required time
                                             -4.336526   data arrival time
---------------------------------------------------------------------------------------------
                                              8.406631   slack (MET)

Time Borrowing Information
------------------------------------------------
clk_i nominal pulse width              12.500000
clock latency difference                0.120015
library setup time                     -0.121785
------------------------------------------------
max time borrow                        12.498229
actual time borrow                      0.000000
------------------------------------------------


Startpoint: _610_ (negative level-sensitive latch clocked by clk_i)
Endpoint: _498_ (rising clock gating-check end-point clocked by clk_i)
Path Group: gated clock
Path Type: max

Fanout         Cap        Slew       Delay        Time   Description
---------------------------------------------------------------------------------------------
                                 12.500000   12.500000   clock clk_i (fall edge)
                                  0.000000   12.500000   clock source latency
     2    0.082104    0.182832    0.148551   12.648550 v clk_i (in)
                                                         clk_i (net)
                      0.192083    0.000000   12.648550 v clkbuf_0_clk_i/A (sky130_fd_sc_hd__clkbuf_16)
     2    0.016901    0.034237    0.212258   12.860807 v clkbuf_0_clk_i/X (sky130_fd_sc_hd__clkbuf_16)
                                                         clknet_0_clk_i (net)
                      0.034237    0.000915   12.861723 v clkbuf_1_1__f_clk_i/A (sky130_fd_sc_hd__clkbuf_16)
     2    0.006508    0.027526    0.131019   12.992742 v clkbuf_1_1__f_clk_i/X (sky130_fd_sc_hd__clkbuf_16)
                                                         clknet_1_1__leaf_clk_i (net)
                      0.027528    0.000416   12.993157 v _610_/GATE_N (sky130_fd_sc_hd__dlxtn_1)
     1    0.002814    0.040758    0.380332   13.373489 ^ _610_/Q (sky130_fd_sc_hd__dlxtn_1)
                                                         u_ibex.core_clock_gate_i.en_latch (net)
                      0.040758    0.000197   13.373687 ^ hold365/A (sky130_fd_sc_hd__dlygate4sd3_1)
     1    0.002998    0.054581    0.535287   13.908974 ^ hold365/X (sky130_fd_sc_hd__dlygate4sd3_1)
                                                         net536 (net)
                      0.054581    0.000186   13.909160 ^ hold363/A (sky130_fd_sc_hd__dlygate4sd3_1)
     1    0.002248    0.048401    0.532688   14.441847 ^ hold363/X (sky130_fd_sc_hd__dlygate4sd3_1)
                                                         net534 (net)
                      0.048401    0.000094   14.441941 ^ hold366/A (sky130_fd_sc_hd__dlygate4sd3_1)
     1    0.002373    0.049288    0.531895   14.973836 ^ hold366/X (sky130_fd_sc_hd__dlygate4sd3_1)
                                                         net537 (net)
                      0.049288    0.000155   14.973990 ^ hold362/A (sky130_fd_sc_hd__dlygate4sd3_1)
     1    0.002983    0.054464    0.537941   15.511931 ^ hold362/X (sky130_fd_sc_hd__dlygate4sd3_1)
                                                         net533 (net)
                      0.054464    0.000181   15.512113 ^ hold367/A (sky130_fd_sc_hd__dlygate4sd3_1)
     1    0.002299    0.048756    0.533120   16.045233 ^ hold367/X (sky130_fd_sc_hd__dlygate4sd3_1)
                                                         net538 (net)
                      0.048756    0.000156   16.045389 ^ hold364/A (sky130_fd_sc_hd__dlygate4sd3_1)
     1    0.002768    0.052608    0.535731   16.581121 ^ hold364/X (sky130_fd_sc_hd__dlygate4sd3_1)
                                                         net535 (net)
                      0.052608    0.000183   16.581305 ^ _498_/B (sky130_fd_sc_hd__and2_2)
                                             16.581305   data arrival time

                                 25.000000   25.000000   clock clk_i (rise edge)
                                  0.000000   25.000000   clock source latency
     2    0.083141    0.377847    0.279778   25.279778 ^ clk_i (in)
                                                         clk_i (net)
                      0.382483    0.000000   25.279778 ^ clkbuf_0_clk_i/A (sky130_fd_sc_hd__clkbuf_16)
     2    0.018889    0.047857    0.218240   25.498016 ^ clkbuf_0_clk_i/X (sky130_fd_sc_hd__clkbuf_16)
                                                         clknet_0_clk_i (net)
                      0.047857    0.000961   25.498978 ^ clkbuf_1_0__f_clk_i/A (sky130_fd_sc_hd__clkbuf_16)
     3    0.008434    0.031988    0.115357   25.614334 ^ clkbuf_1_0__f_clk_i/X (sky130_fd_sc_hd__clkbuf_16)
                                                         clknet_1_0__leaf_clk_i (net)
                      0.031989    0.000407   25.614740 ^ _498_/A (sky130_fd_sc_hd__and2_2)
                                 -0.250000   25.364742   clock uncertainty
                                  0.000000   25.364742   clock reconvergence pessimism
                                  0.000000   25.364742   clock gating setup time
                                             25.364742   data required time
---------------------------------------------------------------------------------------------
                                             25.364742   data required time
                                            -16.581305   data arrival time
---------------------------------------------------------------------------------------------
                                              8.783439   slack (MET)


Startpoint: _578_ (rising edge-triggered flip-flop clocked by clk_i)
Endpoint: tl_o[13] (output port clocked by clk_i)
Path Group: clk_i
Path Type: max

Fanout         Cap        Slew       Delay        Time   Description
---------------------------------------------------------------------------------------------
                                  0.000000    0.000000   clock clk_i (rise edge)
                                  0.000000    0.000000   clock source latency
     2    0.083141    0.377847    0.279778    0.279778 ^ clk_i (in)
                                                         clk_i (net)
                      0.382483    0.000000    0.279778 ^ clkbuf_0_clk_i/A (sky130_fd_sc_hd__clkbuf_16)
     2    0.018889    0.047857    0.218239    0.498018 ^ clkbuf_0_clk_i/X (sky130_fd_sc_hd__clkbuf_16)
                                                         clknet_0_clk_i (net)
                      0.047857    0.000962    0.498979 ^ clkbuf_1_0__f_clk_i/A (sky130_fd_sc_hd__clkbuf_16)
     3    0.008434    0.031988    0.115356    0.614336 ^ clkbuf_1_0__f_clk_i/X (sky130_fd_sc_hd__clkbuf_16)
                                                         clknet_1_0__leaf_clk_i (net)
                      0.031989    0.000406    0.614742 ^ _498_/A (sky130_fd_sc_hd__and2_2)
     3    0.056167    0.288109    0.302977    0.917719 ^ _498_/X (sky130_fd_sc_hd__and2_2)
                                                         u_ibex.clk (net)
                      0.289545    0.016500    0.934219 ^ clkbuf_0_u_ibex.clk/A (sky130_fd_sc_hd__clkbuf_16)
     9    0.085943    0.105341    0.250061    1.184280 ^ clkbuf_0_u_ibex.clk/X (sky130_fd_sc_hd__clkbuf_16)
                                                         clknet_0_u_ibex.clk (net)
                      0.107198    0.011073    1.195353 ^ clkbuf_2_2__f_u_ibex.clk/A (sky130_fd_sc_hd__clkbuf_16)
    31    0.111426    0.125471    0.198987    1.394341 ^ clkbuf_2_2__f_u_ibex.clk/X (sky130_fd_sc_hd__clkbuf_16)
                                                         clknet_2_2__leaf_u_ibex.clk (net)
                      0.131310    0.020520    1.414861 ^ _578_/CLK (sky130_fd_sc_hd__dfrtp_1)
     1    0.006077    0.070148    0.368719    1.783579 ^ _578_/Q (sky130_fd_sc_hd__dfrtp_1)
                                                         u_ibex.u_ibex_core.load_store_unit_i.ls_fsm_cs[1] (net)
                      0.070148    0.000311    1.783890 ^ hold126/A (sky130_fd_sc_hd__dlygate4sd3_1)
     1    0.003653    0.060099    0.549944    2.333834 ^ hold126/X (sky130_fd_sc_hd__dlygate4sd3_1)
                                                         net297 (net)
                      0.060791    0.000214    2.334048 ^ hold117/A (sky130_fd_sc_hd__dlygate4sd3_1)
     1    0.002139    0.047606    0.533430    2.867478 ^ hold117/X (sky130_fd_sc_hd__dlygate4sd3_1)
                                                         net288 (net)
                      0.047606    0.000154    2.867631 ^ hold127/A (sky130_fd_sc_hd__dlygate4sd3_1)
     3    0.012362    0.137613    0.607082    3.474714 ^ hold127/X (sky130_fd_sc_hd__dlygate4sd3_1)
                                                         net298 (net)
                      0.137613    0.000381    3.475095 ^ fanout82/A (sky130_fd_sc_hd__dlymetal6s2s_1)
     2    0.007625    0.100421    0.157236    3.632331 ^ fanout82/X (sky130_fd_sc_hd__dlymetal6s2s_1)
                                                         net82 (net)
                      0.100421    0.000232    3.632563 ^ hold128/A (sky130_fd_sc_hd__dlygate4sd3_1)
     5    0.020675    0.214695    0.679198    4.311761 ^ hold128/X (sky130_fd_sc_hd__dlygate4sd3_1)
                                                         net299 (net)
                      0.214697    0.001086    4.312847 ^ _256_/C_N (sky130_fd_sc_hd__nor3b_2)
     7    0.028686    0.494864    0.481129    4.793976 ^ _256_/Y (sky130_fd_sc_hd__nor3b_2)
                                                         _046_ (net)
                      0.494880    0.002290    4.796266 ^ wire77/A (sky130_fd_sc_hd__buf_4)
     7    0.065390    0.186402    0.309818    5.106084 ^ wire77/X (sky130_fd_sc_hd__buf_4)
                                                         net77 (net)
                      0.190334    0.021424    5.127508 ^ _262_/A (sky130_fd_sc_hd__or3_1)
     2    0.010831    0.107411    0.190133    5.317641 ^ _262_/X (sky130_fd_sc_hd__or3_1)
                                                         _052_ (net)
                      0.107411    0.000472    5.318113 ^ fanout75/A (sky130_fd_sc_hd__buf_1)
     3    0.019924    0.238503    0.233599    5.551712 ^ fanout75/X (sky130_fd_sc_hd__buf_1)
                                                         net75 (net)
                      0.238513    0.001337    5.553049 ^ fanout72/A (sky130_fd_sc_hd__buf_1)
     4    0.017405    0.209152    0.234303    5.787352 ^ fanout72/X (sky130_fd_sc_hd__buf_1)
                                                         net72 (net)
                      0.209154    0.000467    5.787819 ^ fanout71/A (sky130_fd_sc_hd__clkbuf_2)
     6    0.024195    0.137411    0.220814    6.008633 ^ fanout71/X (sky130_fd_sc_hd__clkbuf_2)
                                                         net71 (net)
                      0.137411    0.000677    6.009310 ^ _278_/B (sky130_fd_sc_hd__and2_1)
     4    0.015034    0.155694    0.222575    6.231885 ^ _278_/X (sky130_fd_sc_hd__and2_1)
                                                         _068_ (net)
                      0.155694    0.000657    6.232542 ^ _287_/C (sky130_fd_sc_hd__and4_2)
     5    0.026397    0.159930    0.338141    6.570683 ^ _287_/X (sky130_fd_sc_hd__and4_2)
                                                         _077_ (net)
                      0.159941    0.001435    6.572119 ^ _289_/D (sky130_fd_sc_hd__and4_1)
     5    0.017445    0.179781    0.311801    6.883919 ^ _289_/X (sky130_fd_sc_hd__and4_1)
                                                         _079_ (net)
                      0.179792    0.001553    6.885472 ^ _292_/D (sky130_fd_sc_hd__and4_1)
     1    0.005815    0.080138    0.233778    7.119250 ^ _292_/X (sky130_fd_sc_hd__and4_1)
                                                         _082_ (net)
                      0.080138    0.000343    7.119594 ^ fanout58/A (sky130_fd_sc_hd__clkbuf_1)
     3    0.016753    0.201948    0.200865    7.320459 ^ fanout58/X (sky130_fd_sc_hd__clkbuf_1)
                                                         net58 (net)
                      0.201954    0.000946    7.321405 ^ fanout57/A (sky130_fd_sc_hd__clkbuf_2)
     6    0.024904    0.140623    0.221291    7.542696 ^ fanout57/X (sky130_fd_sc_hd__clkbuf_2)
                                                         net57 (net)
                      0.140658    0.002127    7.544824 ^ _294_/D (sky130_fd_sc_hd__and4_1)
     4    0.021071    0.211997    0.332149    7.876972 ^ _294_/X (sky130_fd_sc_hd__and4_1)
                                                         _084_ (net)
                      0.212017    0.002148    7.879120 ^ _295_/C (sky130_fd_sc_hd__and3_1)
     3    0.012467    0.134468    0.251570    8.130691 ^ _295_/X (sky130_fd_sc_hd__and3_1)
                                                         _085_ (net)
                      0.134470    0.000814    8.131504 ^ _296_/B (sky130_fd_sc_hd__nand2_1)
     2    0.007171    0.077087    0.095856    8.227360 v _296_/Y (sky130_fd_sc_hd__nand2_1)
                                                         _086_ (net)
                      0.077088    0.000450    8.227810 v _297_/S (sky130_fd_sc_hd__mux2_2)
     4    0.025361    0.103835    0.351127    8.578937 v _297_/X (sky130_fd_sc_hd__mux2_2)
                                                         _087_ (net)
                      0.103850    0.001275    8.580213 v _478_/A (sky130_fd_sc_hd__xnor2_1)
     1    0.008183    0.219980    0.249161    8.829373 ^ _478_/Y (sky130_fd_sc_hd__xnor2_1)
                                                         _221_ (net)
                      0.219983    0.000647    8.830020 ^ _479_/B (sky130_fd_sc_hd__xnor2_1)
     1    0.006276    0.182259    0.171711    9.001730 ^ _479_/Y (sky130_fd_sc_hd__xnor2_1)
                                                         net22 (net)
                      0.182259    0.000544    9.002275 ^ output22/A (sky130_fd_sc_hd__buf_2)
     1    0.035030    0.174399    0.244572    9.246847 ^ output22/X (sky130_fd_sc_hd__buf_2)
                                                         tl_o[13] (net)
                      0.174415    0.001743    9.248590 ^ tl_o[13] (out)
                                              9.248590   data arrival time

                                 25.000000   25.000000   clock clk_i (rise edge)
                                  0.000000   25.000000   clock network delay (propagated)
                                 -0.250000   24.750000   clock uncertainty
                                  0.000000   24.750000   clock reconvergence pessimism
                                 -5.000000   19.750000   output external delay
                                             19.750000   data required time
---------------------------------------------------------------------------------------------
                                             19.750000   data required time
                                             -9.248590   data arrival time
---------------------------------------------------------------------------------------------
                                             10.501409   slack (MET)


Startpoint: _578_ (rising edge-triggered flip-flop clocked by clk_i)
Endpoint: tl_o[8] (output port clocked by clk_i)
Path Group: clk_i
Path Type: max

Fanout         Cap        Slew       Delay        Time   Description
---------------------------------------------------------------------------------------------
                                  0.000000    0.000000   clock clk_i (rise edge)
                                  0.000000    0.000000   clock source latency
     2    0.083141    0.377847    0.279778    0.279778 ^ clk_i (in)
                                                         clk_i (net)
                      0.382483    0.000000    0.279778 ^ clkbuf_0_clk_i/A (sky130_fd_sc_hd__clkbuf_16)
     2    0.018889    0.047857    0.218239    0.498018 ^ clkbuf_0_clk_i/X (sky130_fd_sc_hd__clkbuf_16)
                                                         clknet_0_clk_i (net)
                      0.047857    0.000962    0.498979 ^ clkbuf_1_0__f_clk_i/A (sky130_fd_sc_hd__clkbuf_16)
     3    0.008434    0.031988    0.115356    0.614336 ^ clkbuf_1_0__f_clk_i/X (sky130_fd_sc_hd__clkbuf_16)
                                                         clknet_1_0__leaf_clk_i (net)
                      0.031989    0.000406    0.614742 ^ _498_/A (sky130_fd_sc_hd__and2_2)
     3    0.056167    0.288109    0.302977    0.917719 ^ _498_/X (sky130_fd_sc_hd__and2_2)
                                                         u_ibex.clk (net)
                      0.289545    0.016500    0.934219 ^ clkbuf_0_u_ibex.clk/A (sky130_fd_sc_hd__clkbuf_16)
     9    0.085943    0.105341    0.250061    1.184280 ^ clkbuf_0_u_ibex.clk/X (sky130_fd_sc_hd__clkbuf_16)
                                                         clknet_0_u_ibex.clk (net)
                      0.107198    0.011073    1.195353 ^ clkbuf_2_2__f_u_ibex.clk/A (sky130_fd_sc_hd__clkbuf_16)
    31    0.111426    0.125471    0.198987    1.394341 ^ clkbuf_2_2__f_u_ibex.clk/X (sky130_fd_sc_hd__clkbuf_16)
                                                         clknet_2_2__leaf_u_ibex.clk (net)
                      0.131310    0.020520    1.414861 ^ _578_/CLK (sky130_fd_sc_hd__dfrtp_1)
     1    0.006077    0.070148    0.368719    1.783579 ^ _578_/Q (sky130_fd_sc_hd__dfrtp_1)
                                                         u_ibex.u_ibex_core.load_store_unit_i.ls_fsm_cs[1] (net)
                      0.070148    0.000311    1.783890 ^ hold126/A (sky130_fd_sc_hd__dlygate4sd3_1)
     1    0.003653    0.060099    0.549944    2.333834 ^ hold126/X (sky130_fd_sc_hd__dlygate4sd3_1)
                                                         net297 (net)
                      0.060791    0.000214    2.334048 ^ hold117/A (sky130_fd_sc_hd__dlygate4sd3_1)
     1    0.002139    0.047606    0.533430    2.867478 ^ hold117/X (sky130_fd_sc_hd__dlygate4sd3_1)
                                                         net288 (net)
                      0.047606    0.000154    2.867631 ^ hold127/A (sky130_fd_sc_hd__dlygate4sd3_1)
     3    0.012362    0.137613    0.607082    3.474714 ^ hold127/X (sky130_fd_sc_hd__dlygate4sd3_1)
                                                         net298 (net)
                      0.137613    0.000381    3.475095 ^ fanout82/A (sky130_fd_sc_hd__dlymetal6s2s_1)
     2    0.007625    0.100421    0.157236    3.632331 ^ fanout82/X (sky130_fd_sc_hd__dlymetal6s2s_1)
                                                         net82 (net)
                      0.100421    0.000232    3.632563 ^ hold128/A (sky130_fd_sc_hd__dlygate4sd3_1)
     5    0.020675    0.214695    0.679198    4.311761 ^ hold128/X (sky130_fd_sc_hd__dlygate4sd3_1)
                                                         net299 (net)
                      0.214697    0.001086    4.312847 ^ _256_/C_N (sky130_fd_sc_hd__nor3b_2)
     7    0.028686    0.494864    0.481129    4.793976 ^ _256_/Y (sky130_fd_sc_hd__nor3b_2)
                                                         _046_ (net)
                      0.494880    0.002290    4.796266 ^ wire77/A (sky130_fd_sc_hd__buf_4)
     7    0.065390    0.186402    0.309818    5.106084 ^ wire77/X (sky130_fd_sc_hd__buf_4)
                                                         net77 (net)
                      0.190334    0.021424    5.127508 ^ _262_/A (sky130_fd_sc_hd__or3_1)
     2    0.010831    0.107411    0.190133    5.317641 ^ _262_/X (sky130_fd_sc_hd__or3_1)
                                                         _052_ (net)
                      0.107411    0.000472    5.318113 ^ fanout75/A (sky130_fd_sc_hd__buf_1)
     3    0.019924    0.238503    0.233599    5.551712 ^ fanout75/X (sky130_fd_sc_hd__buf_1)
                                                         net75 (net)
                      0.238513    0.001337    5.553049 ^ fanout72/A (sky130_fd_sc_hd__buf_1)
     4    0.017405    0.209152    0.234303    5.787352 ^ fanout72/X (sky130_fd_sc_hd__buf_1)
                                                         net72 (net)
                      0.209154    0.000467    5.787819 ^ fanout71/A (sky130_fd_sc_hd__clkbuf_2)
     6    0.024195    0.137411    0.220814    6.008633 ^ fanout71/X (sky130_fd_sc_hd__clkbuf_2)
                                                         net71 (net)
                      0.137411    0.000677    6.009310 ^ _278_/B (sky130_fd_sc_hd__and2_1)
     4    0.015034    0.155694    0.222575    6.231885 ^ _278_/X (sky130_fd_sc_hd__and2_1)
                                                         _068_ (net)
                      0.155694    0.000657    6.232542 ^ _287_/C (sky130_fd_sc_hd__and4_2)
     5    0.026397    0.159930    0.338141    6.570683 ^ _287_/X (sky130_fd_sc_hd__and4_2)
                                                         _077_ (net)
                      0.159941    0.001435    6.572119 ^ _289_/D (sky130_fd_sc_hd__and4_1)
     5    0.017445    0.179781    0.311801    6.883919 ^ _289_/X (sky130_fd_sc_hd__and4_1)
                                                         _079_ (net)
                      0.179792    0.001553    6.885472 ^ _292_/D (sky130_fd_sc_hd__and4_1)
     1    0.005815    0.080138    0.233778    7.119250 ^ _292_/X (sky130_fd_sc_hd__and4_1)
                                                         _082_ (net)
                      0.080138    0.000343    7.119594 ^ fanout58/A (sky130_fd_sc_hd__clkbuf_1)
     3    0.016753    0.201948    0.200865    7.320459 ^ fanout58/X (sky130_fd_sc_hd__clkbuf_1)
                                                         net58 (net)
                      0.201954    0.000946    7.321405 ^ fanout57/A (sky130_fd_sc_hd__clkbuf_2)
     6    0.024904    0.140623    0.221291    7.542696 ^ fanout57/X (sky130_fd_sc_hd__clkbuf_2)
                                                         net57 (net)
                      0.140658    0.002127    7.544824 ^ _294_/D (sky130_fd_sc_hd__and4_1)
     4    0.021071    0.211997    0.332149    7.876972 ^ _294_/X (sky130_fd_sc_hd__and4_1)
                                                         _084_ (net)
                      0.212017    0.002148    7.879120 ^ _295_/C (sky130_fd_sc_hd__and3_1)
     3    0.012467    0.134468    0.251570    8.130691 ^ _295_/X (sky130_fd_sc_hd__and3_1)
                                                         _085_ (net)
                      0.134470    0.000814    8.131504 ^ _296_/B (sky130_fd_sc_hd__nand2_1)
     2    0.007171    0.077087    0.095856    8.227360 v _296_/Y (sky130_fd_sc_hd__nand2_1)
                                                         _086_ (net)
                      0.077088    0.000450    8.227810 v _297_/S (sky130_fd_sc_hd__mux2_2)
     4    0.025361    0.103835    0.351127    8.578937 v _297_/X (sky130_fd_sc_hd__mux2_2)
                                                         _087_ (net)
                      0.103870    0.001797    8.580733 v _351_/A (sky130_fd_sc_hd__xnor2_2)
     3    0.016279    0.247073    0.269817    8.850551 ^ _351_/Y (sky130_fd_sc_hd__xnor2_2)
                                                         _119_ (net)
                      0.247081    0.001113    8.851664 ^ _408_/A (sky130_fd_sc_hd__xnor2_1)
     1    0.003423    0.127507    0.153000    9.004663 ^ _408_/Y (sky130_fd_sc_hd__xnor2_1)
                                                         net51 (net)
                      0.127507    0.000234    9.004897 ^ output51/A (sky130_fd_sc_hd__buf_2)
     1    0.034874    0.173615    0.229246    9.234143 ^ output51/X (sky130_fd_sc_hd__buf_2)
                                                         tl_o[8] (net)
                      0.173631    0.001751    9.235895 ^ tl_o[8] (out)
                                              9.235895   data arrival time

                                 25.000000   25.000000   clock clk_i (rise edge)
                                  0.000000   25.000000   clock network delay (propagated)
                                 -0.250000   24.750000   clock uncertainty
                                  0.000000   24.750000   clock reconvergence pessimism
                                 -5.000000   19.750000   output external delay
                                             19.750000   data required time
---------------------------------------------------------------------------------------------
                                             19.750000   data required time
                                             -9.235895   data arrival time
---------------------------------------------------------------------------------------------
                                             10.514105   slack (MET)


Startpoint: _578_ (rising edge-triggered flip-flop clocked by clk_i)
Endpoint: tl_o[10] (output port clocked by clk_i)
Path Group: clk_i
Path Type: max

Fanout         Cap        Slew       Delay        Time   Description
---------------------------------------------------------------------------------------------
                                  0.000000    0.000000   clock clk_i (rise edge)
                                  0.000000    0.000000   clock source latency
     2    0.083141    0.377847    0.279778    0.279778 ^ clk_i (in)
                                                         clk_i (net)
                      0.382483    0.000000    0.279778 ^ clkbuf_0_clk_i/A (sky130_fd_sc_hd__clkbuf_16)
     2    0.018889    0.047857    0.218239    0.498018 ^ clkbuf_0_clk_i/X (sky130_fd_sc_hd__clkbuf_16)
                                                         clknet_0_clk_i (net)
                      0.047857    0.000962    0.498979 ^ clkbuf_1_0__f_clk_i/A (sky130_fd_sc_hd__clkbuf_16)
     3    0.008434    0.031988    0.115356    0.614336 ^ clkbuf_1_0__f_clk_i/X (sky130_fd_sc_hd__clkbuf_16)
                                                         clknet_1_0__leaf_clk_i (net)
                      0.031989    0.000406    0.614742 ^ _498_/A (sky130_fd_sc_hd__and2_2)
     3    0.056167    0.288109    0.302977    0.917719 ^ _498_/X (sky130_fd_sc_hd__and2_2)
                                                         u_ibex.clk (net)
                      0.289545    0.016500    0.934219 ^ clkbuf_0_u_ibex.clk/A (sky130_fd_sc_hd__clkbuf_16)
     9    0.085943    0.105341    0.250061    1.184280 ^ clkbuf_0_u_ibex.clk/X (sky130_fd_sc_hd__clkbuf_16)
                                                         clknet_0_u_ibex.clk (net)
                      0.107198    0.011073    1.195353 ^ clkbuf_2_2__f_u_ibex.clk/A (sky130_fd_sc_hd__clkbuf_16)
    31    0.111426    0.125471    0.198987    1.394341 ^ clkbuf_2_2__f_u_ibex.clk/X (sky130_fd_sc_hd__clkbuf_16)
                                                         clknet_2_2__leaf_u_ibex.clk (net)
                      0.131310    0.020520    1.414861 ^ _578_/CLK (sky130_fd_sc_hd__dfrtp_1)
     1    0.006077    0.070148    0.368719    1.783579 ^ _578_/Q (sky130_fd_sc_hd__dfrtp_1)
                                                         u_ibex.u_ibex_core.load_store_unit_i.ls_fsm_cs[1] (net)
                      0.070148    0.000311    1.783890 ^ hold126/A (sky130_fd_sc_hd__dlygate4sd3_1)
     1    0.003653    0.060099    0.549944    2.333834 ^ hold126/X (sky130_fd_sc_hd__dlygate4sd3_1)
                                                         net297 (net)
                      0.060791    0.000214    2.334048 ^ hold117/A (sky130_fd_sc_hd__dlygate4sd3_1)
     1    0.002139    0.047606    0.533430    2.867478 ^ hold117/X (sky130_fd_sc_hd__dlygate4sd3_1)
                                                         net288 (net)
                      0.047606    0.000154    2.867631 ^ hold127/A (sky130_fd_sc_hd__dlygate4sd3_1)
     3    0.012362    0.137613    0.607082    3.474714 ^ hold127/X (sky130_fd_sc_hd__dlygate4sd3_1)
                                                         net298 (net)
                      0.137613    0.000381    3.475095 ^ fanout82/A (sky130_fd_sc_hd__dlymetal6s2s_1)
     2    0.007625    0.100421    0.157236    3.632331 ^ fanout82/X (sky130_fd_sc_hd__dlymetal6s2s_1)
                                                         net82 (net)
                      0.100421    0.000232    3.632563 ^ hold128/A (sky130_fd_sc_hd__dlygate4sd3_1)
     5    0.020675    0.214695    0.679198    4.311761 ^ hold128/X (sky130_fd_sc_hd__dlygate4sd3_1)
                                                         net299 (net)
                      0.214697    0.001086    4.312847 ^ _256_/C_N (sky130_fd_sc_hd__nor3b_2)
     7    0.028686    0.494864    0.481129    4.793976 ^ _256_/Y (sky130_fd_sc_hd__nor3b_2)
                                                         _046_ (net)
                      0.494880    0.002290    4.796266 ^ wire77/A (sky130_fd_sc_hd__buf_4)
     7    0.065390    0.186402    0.309818    5.106084 ^ wire77/X (sky130_fd_sc_hd__buf_4)
                                                         net77 (net)
                      0.190334    0.021424    5.127508 ^ _262_/A (sky130_fd_sc_hd__or3_1)
     2    0.010831    0.107411    0.190133    5.317641 ^ _262_/X (sky130_fd_sc_hd__or3_1)
                                                         _052_ (net)
                      0.107411    0.000472    5.318113 ^ fanout75/A (sky130_fd_sc_hd__buf_1)
     3    0.019924    0.238503    0.233599    5.551712 ^ fanout75/X (sky130_fd_sc_hd__buf_1)
                                                         net75 (net)
                      0.238513    0.001337    5.553049 ^ fanout72/A (sky130_fd_sc_hd__buf_1)
     4    0.017405    0.209152    0.234303    5.787352 ^ fanout72/X (sky130_fd_sc_hd__buf_1)
                                                         net72 (net)
                      0.209154    0.000467    5.787819 ^ fanout71/A (sky130_fd_sc_hd__clkbuf_2)
     6    0.024195    0.137411    0.220814    6.008633 ^ fanout71/X (sky130_fd_sc_hd__clkbuf_2)
                                                         net71 (net)
                      0.137411    0.000677    6.009310 ^ _278_/B (sky130_fd_sc_hd__and2_1)
     4    0.015034    0.155694    0.222575    6.231885 ^ _278_/X (sky130_fd_sc_hd__and2_1)
                                                         _068_ (net)
                      0.155694    0.000657    6.232542 ^ _287_/C (sky130_fd_sc_hd__and4_2)
     5    0.026397    0.159930    0.338141    6.570683 ^ _287_/X (sky130_fd_sc_hd__and4_2)
                                                         _077_ (net)
                      0.159941    0.001435    6.572119 ^ _289_/D (sky130_fd_sc_hd__and4_1)
     5    0.017445    0.179781    0.311801    6.883919 ^ _289_/X (sky130_fd_sc_hd__and4_1)
                                                         _079_ (net)
                      0.179792    0.001553    6.885472 ^ _292_/D (sky130_fd_sc_hd__and4_1)
     1    0.005815    0.080138    0.233778    7.119250 ^ _292_/X (sky130_fd_sc_hd__and4_1)
                                                         _082_ (net)
                      0.080138    0.000343    7.119594 ^ fanout58/A (sky130_fd_sc_hd__clkbuf_1)
     3    0.016753    0.201948    0.200865    7.320459 ^ fanout58/X (sky130_fd_sc_hd__clkbuf_1)
                                                         net58 (net)
                      0.201954    0.000946    7.321405 ^ fanout57/A (sky130_fd_sc_hd__clkbuf_2)
     6    0.024904    0.140623    0.221291    7.542696 ^ fanout57/X (sky130_fd_sc_hd__clkbuf_2)
                                                         net57 (net)
                      0.140658    0.002127    7.544824 ^ _294_/D (sky130_fd_sc_hd__and4_1)
     4    0.021071    0.211997    0.332149    7.876972 ^ _294_/X (sky130_fd_sc_hd__and4_1)
                                                         _084_ (net)
                      0.212017    0.002148    7.879120 ^ _295_/C (sky130_fd_sc_hd__and3_1)
     3    0.012467    0.134468    0.251570    8.130691 ^ _295_/X (sky130_fd_sc_hd__and3_1)
                                                         _085_ (net)
                      0.134470    0.000814    8.131504 ^ _296_/B (sky130_fd_sc_hd__nand2_1)
     2    0.007171    0.077087    0.095856    8.227360 v _296_/Y (sky130_fd_sc_hd__nand2_1)
                                                         _086_ (net)
                      0.077088    0.000450    8.227810 v _297_/S (sky130_fd_sc_hd__mux2_2)
     4    0.025361    0.103835    0.351127    8.578937 v _297_/X (sky130_fd_sc_hd__mux2_2)
                                                         _087_ (net)
                      0.103870    0.001797    8.580733 v _351_/A (sky130_fd_sc_hd__xnor2_2)
     3    0.016279    0.247073    0.269817    8.850551 ^ _351_/Y (sky130_fd_sc_hd__xnor2_2)
                                                         _119_ (net)
                      0.247080    0.001023    8.851574 ^ _364_/A (sky130_fd_sc_hd__xnor2_1)
     1    0.003058    0.120589    0.150096    9.001670 ^ _364_/Y (sky130_fd_sc_hd__xnor2_1)
                                                         net19 (net)
                      0.120589    0.000187    9.001858 ^ output19/A (sky130_fd_sc_hd__buf_2)
     1    0.034893    0.173690    0.227264    9.229122 ^ output19/X (sky130_fd_sc_hd__buf_2)
                                                         tl_o[10] (net)
                      0.173705    0.001735    9.230856 ^ tl_o[10] (out)
                                              9.230856   data arrival time

                                 25.000000   25.000000   clock clk_i (rise edge)
                                  0.000000   25.000000   clock network delay (propagated)
                                 -0.250000   24.750000   clock uncertainty
                                  0.000000   24.750000   clock reconvergence pessimism
                                 -5.000000   19.750000   output external delay
                                             19.750000   data required time
---------------------------------------------------------------------------------------------
                                             19.750000   data required time
                                             -9.230856   data arrival time
---------------------------------------------------------------------------------------------
                                             10.519143   slack (MET)


Startpoint: _578_ (rising edge-triggered flip-flop clocked by clk_i)
Endpoint: tl_o[9] (output port clocked by clk_i)
Path Group: clk_i
Path Type: max

Fanout         Cap        Slew       Delay        Time   Description
---------------------------------------------------------------------------------------------
                                  0.000000    0.000000   clock clk_i (rise edge)
                                  0.000000    0.000000   clock source latency
     2    0.083141    0.377847    0.279778    0.279778 ^ clk_i (in)
                                                         clk_i (net)
                      0.382483    0.000000    0.279778 ^ clkbuf_0_clk_i/A (sky130_fd_sc_hd__clkbuf_16)
     2    0.018889    0.047857    0.218239    0.498018 ^ clkbuf_0_clk_i/X (sky130_fd_sc_hd__clkbuf_16)
                                                         clknet_0_clk_i (net)
                      0.047857    0.000962    0.498979 ^ clkbuf_1_0__f_clk_i/A (sky130_fd_sc_hd__clkbuf_16)
     3    0.008434    0.031988    0.115356    0.614336 ^ clkbuf_1_0__f_clk_i/X (sky130_fd_sc_hd__clkbuf_16)
                                                         clknet_1_0__leaf_clk_i (net)
                      0.031989    0.000406    0.614742 ^ _498_/A (sky130_fd_sc_hd__and2_2)
     3    0.056167    0.288109    0.302977    0.917719 ^ _498_/X (sky130_fd_sc_hd__and2_2)
                                                         u_ibex.clk (net)
                      0.289545    0.016500    0.934219 ^ clkbuf_0_u_ibex.clk/A (sky130_fd_sc_hd__clkbuf_16)
     9    0.085943    0.105341    0.250061    1.184280 ^ clkbuf_0_u_ibex.clk/X (sky130_fd_sc_hd__clkbuf_16)
                                                         clknet_0_u_ibex.clk (net)
                      0.107198    0.011073    1.195353 ^ clkbuf_2_2__f_u_ibex.clk/A (sky130_fd_sc_hd__clkbuf_16)
    31    0.111426    0.125471    0.198987    1.394341 ^ clkbuf_2_2__f_u_ibex.clk/X (sky130_fd_sc_hd__clkbuf_16)
                                                         clknet_2_2__leaf_u_ibex.clk (net)
                      0.131310    0.020520    1.414861 ^ _578_/CLK (sky130_fd_sc_hd__dfrtp_1)
     1    0.006077    0.070148    0.368719    1.783579 ^ _578_/Q (sky130_fd_sc_hd__dfrtp_1)
                                                         u_ibex.u_ibex_core.load_store_unit_i.ls_fsm_cs[1] (net)
                      0.070148    0.000311    1.783890 ^ hold126/A (sky130_fd_sc_hd__dlygate4sd3_1)
     1    0.003653    0.060099    0.549944    2.333834 ^ hold126/X (sky130_fd_sc_hd__dlygate4sd3_1)
                                                         net297 (net)
                      0.060791    0.000214    2.334048 ^ hold117/A (sky130_fd_sc_hd__dlygate4sd3_1)
     1    0.002139    0.047606    0.533430    2.867478 ^ hold117/X (sky130_fd_sc_hd__dlygate4sd3_1)
                                                         net288 (net)
                      0.047606    0.000154    2.867631 ^ hold127/A (sky130_fd_sc_hd__dlygate4sd3_1)
     3    0.012362    0.137613    0.607082    3.474714 ^ hold127/X (sky130_fd_sc_hd__dlygate4sd3_1)
                                                         net298 (net)
                      0.137613    0.000381    3.475095 ^ fanout82/A (sky130_fd_sc_hd__dlymetal6s2s_1)
     2    0.007625    0.100421    0.157236    3.632331 ^ fanout82/X (sky130_fd_sc_hd__dlymetal6s2s_1)
                                                         net82 (net)
                      0.100421    0.000232    3.632563 ^ hold128/A (sky130_fd_sc_hd__dlygate4sd3_1)
     5    0.020675    0.214695    0.679198    4.311761 ^ hold128/X (sky130_fd_sc_hd__dlygate4sd3_1)
                                                         net299 (net)
                      0.214697    0.001086    4.312847 ^ _256_/C_N (sky130_fd_sc_hd__nor3b_2)
     7    0.028686    0.494864    0.481129    4.793976 ^ _256_/Y (sky130_fd_sc_hd__nor3b_2)
                                                         _046_ (net)
                      0.494880    0.002290    4.796266 ^ wire77/A (sky130_fd_sc_hd__buf_4)
     7    0.065390    0.186402    0.309818    5.106084 ^ wire77/X (sky130_fd_sc_hd__buf_4)
                                                         net77 (net)
                      0.190334    0.021424    5.127508 ^ _262_/A (sky130_fd_sc_hd__or3_1)
     2    0.010831    0.107411    0.190133    5.317641 ^ _262_/X (sky130_fd_sc_hd__or3_1)
                                                         _052_ (net)
                      0.107411    0.000472    5.318113 ^ fanout75/A (sky130_fd_sc_hd__buf_1)
     3    0.019924    0.238503    0.233599    5.551712 ^ fanout75/X (sky130_fd_sc_hd__buf_1)
                                                         net75 (net)
                      0.238513    0.001337    5.553049 ^ fanout72/A (sky130_fd_sc_hd__buf_1)
     4    0.017405    0.209152    0.234303    5.787352 ^ fanout72/X (sky130_fd_sc_hd__buf_1)
                                                         net72 (net)
                      0.209154    0.000467    5.787819 ^ fanout71/A (sky130_fd_sc_hd__clkbuf_2)
     6    0.024195    0.137411    0.220814    6.008633 ^ fanout71/X (sky130_fd_sc_hd__clkbuf_2)
                                                         net71 (net)
                      0.137411    0.000677    6.009310 ^ _278_/B (sky130_fd_sc_hd__and2_1)
     4    0.015034    0.155694    0.222575    6.231885 ^ _278_/X (sky130_fd_sc_hd__and2_1)
                                                         _068_ (net)
                      0.155694    0.000657    6.232542 ^ _287_/C (sky130_fd_sc_hd__and4_2)
     5    0.026397    0.159930    0.338141    6.570683 ^ _287_/X (sky130_fd_sc_hd__and4_2)
                                                         _077_ (net)
                      0.159941    0.001435    6.572119 ^ _289_/D (sky130_fd_sc_hd__and4_1)
     5    0.017445    0.179781    0.311801    6.883919 ^ _289_/X (sky130_fd_sc_hd__and4_1)
                                                         _079_ (net)
                      0.179792    0.001553    6.885472 ^ _292_/D (sky130_fd_sc_hd__and4_1)
     1    0.005815    0.080138    0.233778    7.119250 ^ _292_/X (sky130_fd_sc_hd__and4_1)
                                                         _082_ (net)
                      0.080138    0.000343    7.119594 ^ fanout58/A (sky130_fd_sc_hd__clkbuf_1)
     3    0.016753    0.201948    0.200865    7.320459 ^ fanout58/X (sky130_fd_sc_hd__clkbuf_1)
                                                         net58 (net)
                      0.201954    0.000946    7.321405 ^ fanout57/A (sky130_fd_sc_hd__clkbuf_2)
     6    0.024904    0.140623    0.221291    7.542696 ^ fanout57/X (sky130_fd_sc_hd__clkbuf_2)
                                                         net57 (net)
                      0.140658    0.002127    7.544824 ^ _294_/D (sky130_fd_sc_hd__and4_1)
     4    0.021071    0.211997    0.332149    7.876972 ^ _294_/X (sky130_fd_sc_hd__and4_1)
                                                         _084_ (net)
                      0.212017    0.002148    7.879120 ^ _295_/C (sky130_fd_sc_hd__and3_1)
     3    0.012467    0.134468    0.251570    8.130691 ^ _295_/X (sky130_fd_sc_hd__and3_1)
                                                         _085_ (net)
                      0.134470    0.000814    8.131504 ^ _296_/B (sky130_fd_sc_hd__nand2_1)
     2    0.007171    0.077087    0.095856    8.227360 v _296_/Y (sky130_fd_sc_hd__nand2_1)
                                                         _086_ (net)
                      0.077088    0.000450    8.227810 v _297_/S (sky130_fd_sc_hd__mux2_2)
     4    0.025361    0.103835    0.351127    8.578937 v _297_/X (sky130_fd_sc_hd__mux2_2)
                                                         _087_ (net)
                      0.103870    0.001797    8.580733 v _351_/A (sky130_fd_sc_hd__xnor2_2)
     3    0.016279    0.247073    0.269817    8.850551 ^ _351_/Y (sky130_fd_sc_hd__xnor2_2)
                                                         _119_ (net)
                      0.247080    0.001044    8.851595 ^ _458_/A (sky130_fd_sc_hd__xnor2_1)
     1    0.002751    0.114885    0.147646    8.999242 ^ _458_/Y (sky130_fd_sc_hd__xnor2_1)
                                                         net55 (net)
                      0.114886    0.000174    8.999415 ^ output55/A (sky130_fd_sc_hd__buf_2)
     1    0.034874    0.173573    0.225081    9.224497 ^ output55/X (sky130_fd_sc_hd__buf_2)
                                                         tl_o[9] (net)
                      0.173589    0.001755    9.226252 ^ tl_o[9] (out)
                                              9.226252   data arrival time

                                 25.000000   25.000000   clock clk_i (rise edge)
                                  0.000000   25.000000   clock network delay (propagated)
                                 -0.250000   24.750000   clock uncertainty
                                  0.000000   24.750000   clock reconvergence pessimism
                                 -5.000000   19.750000   output external delay
                                             19.750000   data required time
---------------------------------------------------------------------------------------------
                                             19.750000   data required time
                                             -9.226252   data arrival time
---------------------------------------------------------------------------------------------
                                             10.523747   slack (MET)


Startpoint: _578_ (rising edge-triggered flip-flop clocked by clk_i)
Endpoint: tl_o[12] (output port clocked by clk_i)
Path Group: clk_i
Path Type: max

Fanout         Cap        Slew       Delay        Time   Description
---------------------------------------------------------------------------------------------
                                  0.000000    0.000000   clock clk_i (rise edge)
                                  0.000000    0.000000   clock source latency
     2    0.083141    0.377847    0.279778    0.279778 ^ clk_i (in)
                                                         clk_i (net)
                      0.382483    0.000000    0.279778 ^ clkbuf_0_clk_i/A (sky130_fd_sc_hd__clkbuf_16)
     2    0.018889    0.047857    0.218239    0.498018 ^ clkbuf_0_clk_i/X (sky130_fd_sc_hd__clkbuf_16)
                                                         clknet_0_clk_i (net)
                      0.047857    0.000962    0.498979 ^ clkbuf_1_0__f_clk_i/A (sky130_fd_sc_hd__clkbuf_16)
     3    0.008434    0.031988    0.115356    0.614336 ^ clkbuf_1_0__f_clk_i/X (sky130_fd_sc_hd__clkbuf_16)
                                                         clknet_1_0__leaf_clk_i (net)
                      0.031989    0.000406    0.614742 ^ _498_/A (sky130_fd_sc_hd__and2_2)
     3    0.056167    0.288109    0.302977    0.917719 ^ _498_/X (sky130_fd_sc_hd__and2_2)
                                                         u_ibex.clk (net)
                      0.289545    0.016500    0.934219 ^ clkbuf_0_u_ibex.clk/A (sky130_fd_sc_hd__clkbuf_16)
     9    0.085943    0.105341    0.250061    1.184280 ^ clkbuf_0_u_ibex.clk/X (sky130_fd_sc_hd__clkbuf_16)
                                                         clknet_0_u_ibex.clk (net)
                      0.107198    0.011073    1.195353 ^ clkbuf_2_2__f_u_ibex.clk/A (sky130_fd_sc_hd__clkbuf_16)
    31    0.111426    0.125471    0.198987    1.394341 ^ clkbuf_2_2__f_u_ibex.clk/X (sky130_fd_sc_hd__clkbuf_16)
                                                         clknet_2_2__leaf_u_ibex.clk (net)
                      0.131310    0.020520    1.414861 ^ _578_/CLK (sky130_fd_sc_hd__dfrtp_1)
     1    0.006077    0.070148    0.368719    1.783579 ^ _578_/Q (sky130_fd_sc_hd__dfrtp_1)
                                                         u_ibex.u_ibex_core.load_store_unit_i.ls_fsm_cs[1] (net)
                      0.070148    0.000311    1.783890 ^ hold126/A (sky130_fd_sc_hd__dlygate4sd3_1)
     1    0.003653    0.060099    0.549944    2.333834 ^ hold126/X (sky130_fd_sc_hd__dlygate4sd3_1)
                                                         net297 (net)
                      0.060791    0.000214    2.334048 ^ hold117/A (sky130_fd_sc_hd__dlygate4sd3_1)
     1    0.002139    0.047606    0.533430    2.867478 ^ hold117/X (sky130_fd_sc_hd__dlygate4sd3_1)
                                                         net288 (net)
                      0.047606    0.000154    2.867631 ^ hold127/A (sky130_fd_sc_hd__dlygate4sd3_1)
     3    0.012362    0.137613    0.607082    3.474714 ^ hold127/X (sky130_fd_sc_hd__dlygate4sd3_1)
                                                         net298 (net)
                      0.137613    0.000381    3.475095 ^ fanout82/A (sky130_fd_sc_hd__dlymetal6s2s_1)
     2    0.007625    0.100421    0.157236    3.632331 ^ fanout82/X (sky130_fd_sc_hd__dlymetal6s2s_1)
                                                         net82 (net)
                      0.100421    0.000232    3.632563 ^ hold128/A (sky130_fd_sc_hd__dlygate4sd3_1)
     5    0.020675    0.214695    0.679198    4.311761 ^ hold128/X (sky130_fd_sc_hd__dlygate4sd3_1)
                                                         net299 (net)
                      0.214697    0.001086    4.312847 ^ _256_/C_N (sky130_fd_sc_hd__nor3b_2)
     7    0.028686    0.494864    0.481129    4.793976 ^ _256_/Y (sky130_fd_sc_hd__nor3b_2)
                                                         _046_ (net)
                      0.494880    0.002290    4.796266 ^ wire77/A (sky130_fd_sc_hd__buf_4)
     7    0.065390    0.186402    0.309818    5.106084 ^ wire77/X (sky130_fd_sc_hd__buf_4)
                                                         net77 (net)
                      0.190334    0.021424    5.127508 ^ _262_/A (sky130_fd_sc_hd__or3_1)
     2    0.010831    0.107411    0.190133    5.317641 ^ _262_/X (sky130_fd_sc_hd__or3_1)
                                                         _052_ (net)
                      0.107411    0.000472    5.318113 ^ fanout75/A (sky130_fd_sc_hd__buf_1)
     3    0.019924    0.238503    0.233599    5.551712 ^ fanout75/X (sky130_fd_sc_hd__buf_1)
                                                         net75 (net)
                      0.238513    0.001337    5.553049 ^ fanout72/A (sky130_fd_sc_hd__buf_1)
     4    0.017405    0.209152    0.234303    5.787352 ^ fanout72/X (sky130_fd_sc_hd__buf_1)
                                                         net72 (net)
                      0.209154    0.000467    5.787819 ^ fanout71/A (sky130_fd_sc_hd__clkbuf_2)
     6    0.024195    0.137411    0.220814    6.008633 ^ fanout71/X (sky130_fd_sc_hd__clkbuf_2)
                                                         net71 (net)
                      0.137411    0.000677    6.009310 ^ _278_/B (sky130_fd_sc_hd__and2_1)
     4    0.015034    0.155694    0.222575    6.231885 ^ _278_/X (sky130_fd_sc_hd__and2_1)
                                                         _068_ (net)
                      0.155694    0.000657    6.232542 ^ _287_/C (sky130_fd_sc_hd__and4_2)
     5    0.026397    0.159930    0.338141    6.570683 ^ _287_/X (sky130_fd_sc_hd__and4_2)
                                                         _077_ (net)
                      0.159941    0.001435    6.572119 ^ _289_/D (sky130_fd_sc_hd__and4_1)
     5    0.017445    0.179781    0.311801    6.883919 ^ _289_/X (sky130_fd_sc_hd__and4_1)
                                                         _079_ (net)
                      0.179792    0.001553    6.885472 ^ _292_/D (sky130_fd_sc_hd__and4_1)
     1    0.005815    0.080138    0.233778    7.119250 ^ _292_/X (sky130_fd_sc_hd__and4_1)
                                                         _082_ (net)
                      0.080138    0.000343    7.119594 ^ fanout58/A (sky130_fd_sc_hd__clkbuf_1)
     3    0.016753    0.201948    0.200865    7.320459 ^ fanout58/X (sky130_fd_sc_hd__clkbuf_1)
                                                         net58 (net)
                      0.201954    0.000946    7.321405 ^ fanout57/A (sky130_fd_sc_hd__clkbuf_2)
     6    0.024904    0.140623    0.221291    7.542696 ^ fanout57/X (sky130_fd_sc_hd__clkbuf_2)
                                                         net57 (net)
                      0.140658    0.002127    7.544824 ^ _294_/D (sky130_fd_sc_hd__and4_1)
     4    0.021071    0.211997    0.332149    7.876972 ^ _294_/X (sky130_fd_sc_hd__and4_1)
                                                         _084_ (net)
                      0.212017    0.002148    7.879120 ^ _295_/C (sky130_fd_sc_hd__and3_1)
     3    0.012467    0.134468    0.251570    8.130691 ^ _295_/X (sky130_fd_sc_hd__and3_1)
                                                         _085_ (net)
                      0.134470    0.000814    8.131504 ^ _296_/B (sky130_fd_sc_hd__nand2_1)
     2    0.007171    0.077087    0.095856    8.227360 v _296_/Y (sky130_fd_sc_hd__nand2_1)
                                                         _086_ (net)
                      0.077088    0.000450    8.227810 v _297_/S (sky130_fd_sc_hd__mux2_2)
     4    0.025361    0.103835    0.351127    8.578937 v _297_/X (sky130_fd_sc_hd__mux2_2)
                                                         _087_ (net)
                      0.103850    0.001262    8.580199 v _386_/A (sky130_fd_sc_hd__xnor2_1)
     1    0.005615    0.169412    0.210725    8.790924 ^ _386_/Y (sky130_fd_sc_hd__xnor2_1)
                                                         _147_ (net)
                      0.169412    0.000270    8.791194 ^ _387_/B (sky130_fd_sc_hd__xnor2_1)
     1    0.006467    0.186049    0.164159    8.955353 ^ _387_/Y (sky130_fd_sc_hd__xnor2_1)
                                                         net21 (net)
                      0.186049    0.000510    8.955863 ^ output21/A (sky130_fd_sc_hd__buf_2)
     1    0.034449    0.171684    0.243766    9.199629 ^ output21/X (sky130_fd_sc_hd__buf_2)
                                                         tl_o[12] (net)
                      0.171697    0.001613    9.201241 ^ tl_o[12] (out)
                                              9.201241   data arrival time

                                 25.000000   25.000000   clock clk_i (rise edge)
                                  0.000000   25.000000   clock network delay (propagated)
                                 -0.250000   24.750000   clock uncertainty
                                  0.000000   24.750000   clock reconvergence pessimism
                                 -5.000000   19.750000   output external delay
                                             19.750000   data required time
---------------------------------------------------------------------------------------------
                                             19.750000   data required time
                                             -9.201241   data arrival time
---------------------------------------------------------------------------------------------
                                             10.548758   slack (MET)


Startpoint: _578_ (rising edge-triggered flip-flop clocked by clk_i)
Endpoint: tl_o[14] (output port clocked by clk_i)
Path Group: clk_i
Path Type: max

Fanout         Cap        Slew       Delay        Time   Description
---------------------------------------------------------------------------------------------
                                  0.000000    0.000000   clock clk_i (rise edge)
                                  0.000000    0.000000   clock source latency
     2    0.083141    0.377847    0.279778    0.279778 ^ clk_i (in)
                                                         clk_i (net)
                      0.382483    0.000000    0.279778 ^ clkbuf_0_clk_i/A (sky130_fd_sc_hd__clkbuf_16)
     2    0.018889    0.047857    0.218239    0.498018 ^ clkbuf_0_clk_i/X (sky130_fd_sc_hd__clkbuf_16)
                                                         clknet_0_clk_i (net)
                      0.047857    0.000962    0.498979 ^ clkbuf_1_0__f_clk_i/A (sky130_fd_sc_hd__clkbuf_16)
     3    0.008434    0.031988    0.115356    0.614336 ^ clkbuf_1_0__f_clk_i/X (sky130_fd_sc_hd__clkbuf_16)
                                                         clknet_1_0__leaf_clk_i (net)
                      0.031989    0.000406    0.614742 ^ _498_/A (sky130_fd_sc_hd__and2_2)
     3    0.056167    0.288109    0.302977    0.917719 ^ _498_/X (sky130_fd_sc_hd__and2_2)
                                                         u_ibex.clk (net)
                      0.289545    0.016500    0.934219 ^ clkbuf_0_u_ibex.clk/A (sky130_fd_sc_hd__clkbuf_16)
     9    0.085943    0.105341    0.250061    1.184280 ^ clkbuf_0_u_ibex.clk/X (sky130_fd_sc_hd__clkbuf_16)
                                                         clknet_0_u_ibex.clk (net)
                      0.107198    0.011073    1.195353 ^ clkbuf_2_2__f_u_ibex.clk/A (sky130_fd_sc_hd__clkbuf_16)
    31    0.111426    0.125471    0.198987    1.394341 ^ clkbuf_2_2__f_u_ibex.clk/X (sky130_fd_sc_hd__clkbuf_16)
                                                         clknet_2_2__leaf_u_ibex.clk (net)
                      0.131310    0.020520    1.414861 ^ _578_/CLK (sky130_fd_sc_hd__dfrtp_1)
     1    0.006077    0.070148    0.368719    1.783579 ^ _578_/Q (sky130_fd_sc_hd__dfrtp_1)
                                                         u_ibex.u_ibex_core.load_store_unit_i.ls_fsm_cs[1] (net)
                      0.070148    0.000311    1.783890 ^ hold126/A (sky130_fd_sc_hd__dlygate4sd3_1)
     1    0.003653    0.060099    0.549944    2.333834 ^ hold126/X (sky130_fd_sc_hd__dlygate4sd3_1)
                                                         net297 (net)
                      0.060791    0.000214    2.334048 ^ hold117/A (sky130_fd_sc_hd__dlygate4sd3_1)
     1    0.002139    0.047606    0.533430    2.867478 ^ hold117/X (sky130_fd_sc_hd__dlygate4sd3_1)
                                                         net288 (net)
                      0.047606    0.000154    2.867631 ^ hold127/A (sky130_fd_sc_hd__dlygate4sd3_1)
     3    0.012362    0.137613    0.607082    3.474714 ^ hold127/X (sky130_fd_sc_hd__dlygate4sd3_1)
                                                         net298 (net)
                      0.137613    0.000381    3.475095 ^ fanout82/A (sky130_fd_sc_hd__dlymetal6s2s_1)
     2    0.007625    0.100421    0.157236    3.632331 ^ fanout82/X (sky130_fd_sc_hd__dlymetal6s2s_1)
                                                         net82 (net)
                      0.100421    0.000232    3.632563 ^ hold128/A (sky130_fd_sc_hd__dlygate4sd3_1)
     5    0.020675    0.214695    0.679198    4.311761 ^ hold128/X (sky130_fd_sc_hd__dlygate4sd3_1)
                                                         net299 (net)
                      0.214697    0.001086    4.312847 ^ _256_/C_N (sky130_fd_sc_hd__nor3b_2)
     7    0.028686    0.494864    0.481129    4.793976 ^ _256_/Y (sky130_fd_sc_hd__nor3b_2)
                                                         _046_ (net)
                      0.494880    0.002290    4.796266 ^ wire77/A (sky130_fd_sc_hd__buf_4)
     7    0.065390    0.186402    0.309818    5.106084 ^ wire77/X (sky130_fd_sc_hd__buf_4)
                                                         net77 (net)
                      0.190334    0.021424    5.127508 ^ _262_/A (sky130_fd_sc_hd__or3_1)
     2    0.010831    0.107411    0.190133    5.317641 ^ _262_/X (sky130_fd_sc_hd__or3_1)
                                                         _052_ (net)
                      0.107411    0.000472    5.318113 ^ fanout75/A (sky130_fd_sc_hd__buf_1)
     3    0.019924    0.238503    0.233599    5.551712 ^ fanout75/X (sky130_fd_sc_hd__buf_1)
                                                         net75 (net)
                      0.238513    0.001337    5.553049 ^ fanout72/A (sky130_fd_sc_hd__buf_1)
     4    0.017405    0.209152    0.234303    5.787352 ^ fanout72/X (sky130_fd_sc_hd__buf_1)
                                                         net72 (net)
                      0.209154    0.000467    5.787819 ^ fanout71/A (sky130_fd_sc_hd__clkbuf_2)
     6    0.024195    0.137411    0.220814    6.008633 ^ fanout71/X (sky130_fd_sc_hd__clkbuf_2)
                                                         net71 (net)
                      0.137411    0.000677    6.009310 ^ _278_/B (sky130_fd_sc_hd__and2_1)
     4    0.015034    0.155694    0.222575    6.231885 ^ _278_/X (sky130_fd_sc_hd__and2_1)
                                                         _068_ (net)
                      0.155694    0.000657    6.232542 ^ _287_/C (sky130_fd_sc_hd__and4_2)
     5    0.026397    0.159930    0.338141    6.570683 ^ _287_/X (sky130_fd_sc_hd__and4_2)
                                                         _077_ (net)
                      0.159941    0.001435    6.572119 ^ _289_/D (sky130_fd_sc_hd__and4_1)
     5    0.017445    0.179781    0.311801    6.883919 ^ _289_/X (sky130_fd_sc_hd__and4_1)
                                                         _079_ (net)
                      0.179792    0.001553    6.885472 ^ _292_/D (sky130_fd_sc_hd__and4_1)
     1    0.005815    0.080138    0.233778    7.119250 ^ _292_/X (sky130_fd_sc_hd__and4_1)
                                                         _082_ (net)
                      0.080138    0.000343    7.119594 ^ fanout58/A (sky130_fd_sc_hd__clkbuf_1)
     3    0.016753    0.201948    0.200865    7.320459 ^ fanout58/X (sky130_fd_sc_hd__clkbuf_1)
                                                         net58 (net)
                      0.201954    0.000946    7.321405 ^ fanout57/A (sky130_fd_sc_hd__clkbuf_2)
     6    0.024904    0.140623    0.221291    7.542696 ^ fanout57/X (sky130_fd_sc_hd__clkbuf_2)
                                                         net57 (net)
                      0.140658    0.002131    7.544827 ^ _293_/C (sky130_fd_sc_hd__and3_1)
     3    0.008404    0.097976    0.209791    7.754619 ^ _293_/X (sky130_fd_sc_hd__and3_1)
                                                         _083_ (net)
                      0.097976    0.000501    7.755119 ^ _335_/A_N (sky130_fd_sc_hd__and2b_1)
     2    0.009068    0.059680    0.213319    7.968439 v _335_/X (sky130_fd_sc_hd__and2b_1)
                                                         _110_ (net)
                      0.059683    0.000514    7.968953 v _336_/B (sky130_fd_sc_hd__nor2_1)
     3    0.021069    0.378845    0.309951    8.278904 ^ _336_/Y (sky130_fd_sc_hd__nor2_1)
                                                         u_ibex.u_ibex_core.load_store_unit_i.addr_last_d[27] (net)
                      0.378856    0.001696    8.280600 ^ _397_/A (sky130_fd_sc_hd__xnor2_1)
     1    0.004799    0.089220    0.142260    8.422860 v _397_/Y (sky130_fd_sc_hd__xnor2_1)
                                                         _155_ (net)
                      0.089220    0.000230    8.423090 v _399_/A (sky130_fd_sc_hd__xnor2_1)
     1    0.006891    0.194297    0.223930    8.647020 ^ _399_/Y (sky130_fd_sc_hd__xnor2_1)
                                                         _157_ (net)
                      0.194297    0.000547    8.647568 ^ _403_/A (sky130_fd_sc_hd__xnor2_1)
     1    0.007505    0.206530    0.175589    8.823156 ^ _403_/Y (sky130_fd_sc_hd__xnor2_1)
                                                         net23 (net)
                      0.206532    0.000583    8.823739 ^ output23/A (sky130_fd_sc_hd__buf_2)
     1    0.034937    0.173992    0.250826    9.074565 ^ output23/X (sky130_fd_sc_hd__buf_2)
                                                         tl_o[14] (net)
                      0.174008    0.001755    9.076321 ^ tl_o[14] (out)
                                              9.076321   data arrival time

                                 25.000000   25.000000   clock clk_i (rise edge)
                                  0.000000   25.000000   clock network delay (propagated)
                                 -0.250000   24.750000   clock uncertainty
                                  0.000000   24.750000   clock reconvergence pessimism
                                 -5.000000   19.750000   output external delay
                                             19.750000   data required time
---------------------------------------------------------------------------------------------
                                             19.750000   data required time
                                             -9.076321   data arrival time
---------------------------------------------------------------------------------------------
                                             10.673679   slack (MET)


Startpoint: _578_ (rising edge-triggered flip-flop clocked by clk_i)
Endpoint: tl_o[11] (output port clocked by clk_i)
Path Group: clk_i
Path Type: max

Fanout         Cap        Slew       Delay        Time   Description
---------------------------------------------------------------------------------------------
                                  0.000000    0.000000   clock clk_i (rise edge)
                                  0.000000    0.000000   clock source latency
     2    0.083141    0.377847    0.279778    0.279778 ^ clk_i (in)
                                                         clk_i (net)
                      0.382483    0.000000    0.279778 ^ clkbuf_0_clk_i/A (sky130_fd_sc_hd__clkbuf_16)
     2    0.018889    0.047857    0.218239    0.498018 ^ clkbuf_0_clk_i/X (sky130_fd_sc_hd__clkbuf_16)
                                                         clknet_0_clk_i (net)
                      0.047857    0.000962    0.498979 ^ clkbuf_1_0__f_clk_i/A (sky130_fd_sc_hd__clkbuf_16)
     3    0.008434    0.031988    0.115356    0.614336 ^ clkbuf_1_0__f_clk_i/X (sky130_fd_sc_hd__clkbuf_16)
                                                         clknet_1_0__leaf_clk_i (net)
                      0.031989    0.000406    0.614742 ^ _498_/A (sky130_fd_sc_hd__and2_2)
     3    0.056167    0.288109    0.302977    0.917719 ^ _498_/X (sky130_fd_sc_hd__and2_2)
                                                         u_ibex.clk (net)
                      0.289545    0.016500    0.934219 ^ clkbuf_0_u_ibex.clk/A (sky130_fd_sc_hd__clkbuf_16)
     9    0.085943    0.105341    0.250061    1.184280 ^ clkbuf_0_u_ibex.clk/X (sky130_fd_sc_hd__clkbuf_16)
                                                         clknet_0_u_ibex.clk (net)
                      0.107198    0.011073    1.195353 ^ clkbuf_2_2__f_u_ibex.clk/A (sky130_fd_sc_hd__clkbuf_16)
    31    0.111426    0.125471    0.198987    1.394341 ^ clkbuf_2_2__f_u_ibex.clk/X (sky130_fd_sc_hd__clkbuf_16)
                                                         clknet_2_2__leaf_u_ibex.clk (net)
                      0.131310    0.020520    1.414861 ^ _578_/CLK (sky130_fd_sc_hd__dfrtp_1)
     1    0.006077    0.070148    0.368719    1.783579 ^ _578_/Q (sky130_fd_sc_hd__dfrtp_1)
                                                         u_ibex.u_ibex_core.load_store_unit_i.ls_fsm_cs[1] (net)
                      0.070148    0.000311    1.783890 ^ hold126/A (sky130_fd_sc_hd__dlygate4sd3_1)
     1    0.003653    0.060099    0.549944    2.333834 ^ hold126/X (sky130_fd_sc_hd__dlygate4sd3_1)
                                                         net297 (net)
                      0.060791    0.000214    2.334048 ^ hold117/A (sky130_fd_sc_hd__dlygate4sd3_1)
     1    0.002139    0.047606    0.533430    2.867478 ^ hold117/X (sky130_fd_sc_hd__dlygate4sd3_1)
                                                         net288 (net)
                      0.047606    0.000154    2.867631 ^ hold127/A (sky130_fd_sc_hd__dlygate4sd3_1)
     3    0.012362    0.137613    0.607082    3.474714 ^ hold127/X (sky130_fd_sc_hd__dlygate4sd3_1)
                                                         net298 (net)
                      0.137613    0.000381    3.475095 ^ fanout82/A (sky130_fd_sc_hd__dlymetal6s2s_1)
     2    0.007625    0.100421    0.157236    3.632331 ^ fanout82/X (sky130_fd_sc_hd__dlymetal6s2s_1)
                                                         net82 (net)
                      0.100421    0.000232    3.632563 ^ hold128/A (sky130_fd_sc_hd__dlygate4sd3_1)
     5    0.020675    0.214695    0.679198    4.311761 ^ hold128/X (sky130_fd_sc_hd__dlygate4sd3_1)
                                                         net299 (net)
                      0.214697    0.001086    4.312847 ^ _256_/C_N (sky130_fd_sc_hd__nor3b_2)
     7    0.028686    0.494864    0.481129    4.793976 ^ _256_/Y (sky130_fd_sc_hd__nor3b_2)
                                                         _046_ (net)
                      0.494880    0.002290    4.796266 ^ wire77/A (sky130_fd_sc_hd__buf_4)
     7    0.065390    0.186402    0.309818    5.106084 ^ wire77/X (sky130_fd_sc_hd__buf_4)
                                                         net77 (net)
                      0.190334    0.021424    5.127508 ^ _262_/A (sky130_fd_sc_hd__or3_1)
     2    0.010831    0.107411    0.190133    5.317641 ^ _262_/X (sky130_fd_sc_hd__or3_1)
                                                         _052_ (net)
                      0.107411    0.000472    5.318113 ^ fanout75/A (sky130_fd_sc_hd__buf_1)
     3    0.019924    0.238503    0.233599    5.551712 ^ fanout75/X (sky130_fd_sc_hd__buf_1)
                                                         net75 (net)
                      0.238513    0.001337    5.553049 ^ fanout72/A (sky130_fd_sc_hd__buf_1)
     4    0.017405    0.209152    0.234303    5.787352 ^ fanout72/X (sky130_fd_sc_hd__buf_1)
                                                         net72 (net)
                      0.209154    0.000467    5.787819 ^ fanout71/A (sky130_fd_sc_hd__clkbuf_2)
     6    0.024195    0.137411    0.220814    6.008633 ^ fanout71/X (sky130_fd_sc_hd__clkbuf_2)
                                                         net71 (net)
                      0.137411    0.000677    6.009310 ^ _278_/B (sky130_fd_sc_hd__and2_1)
     4    0.015034    0.155694    0.222575    6.231885 ^ _278_/X (sky130_fd_sc_hd__and2_1)
                                                         _068_ (net)
                      0.155694    0.000657    6.232542 ^ _287_/C (sky130_fd_sc_hd__and4_2)
     5    0.026397    0.159930    0.338141    6.570683 ^ _287_/X (sky130_fd_sc_hd__and4_2)
                                                         _077_ (net)
                      0.159941    0.001435    6.572119 ^ _289_/D (sky130_fd_sc_hd__and4_1)
     5    0.017445    0.179781    0.311801    6.883919 ^ _289_/X (sky130_fd_sc_hd__and4_1)
                                                         _079_ (net)
                      0.179792    0.001553    6.885472 ^ _292_/D (sky130_fd_sc_hd__and4_1)
     1    0.005815    0.080138    0.233778    7.119250 ^ _292_/X (sky130_fd_sc_hd__and4_1)
                                                         _082_ (net)
                      0.080138    0.000343    7.119594 ^ fanout58/A (sky130_fd_sc_hd__clkbuf_1)
     3    0.016753    0.201948    0.200865    7.320459 ^ fanout58/X (sky130_fd_sc_hd__clkbuf_1)
                                                         net58 (net)
                      0.201954    0.000946    7.321405 ^ fanout57/A (sky130_fd_sc_hd__clkbuf_2)
     6    0.024904    0.140623    0.221291    7.542696 ^ fanout57/X (sky130_fd_sc_hd__clkbuf_2)
                                                         net57 (net)
                      0.140658    0.002127    7.544824 ^ _294_/D (sky130_fd_sc_hd__and4_1)
     4    0.021071    0.211997    0.332149    7.876972 ^ _294_/X (sky130_fd_sc_hd__and4_1)
                                                         _084_ (net)
                      0.212029    0.002595    7.879568 ^ _301_/B (sky130_fd_sc_hd__xor2_1)
     3    0.010744    0.252621    0.270448    8.150015 ^ _301_/X (sky130_fd_sc_hd__xor2_1)
                                                         u_ibex.u_ibex_core.load_store_unit_i.addr_last_d[28] (net)
                      0.252622    0.000405    8.150420 ^ _349_/A (sky130_fd_sc_hd__xnor2_1)
     1    0.010259    0.109423    0.161145    8.311565 v _349_/Y (sky130_fd_sc_hd__xnor2_1)
                                                         _117_ (net)
                      0.109424    0.000548    8.312113 v _350_/B (sky130_fd_sc_hd__xnor2_2)
     2    0.015817    0.241863    0.241744    8.553857 ^ _350_/Y (sky130_fd_sc_hd__xnor2_2)
                                                         _118_ (net)
                      0.241865    0.000531    8.554388 ^ _465_/A (sky130_fd_sc_hd__xor2_1)
     1    0.004792    0.146123    0.193384    8.747771 ^ _465_/X (sky130_fd_sc_hd__xor2_1)
                                                         net20 (net)
                      0.146124    0.000332    8.748104 ^ output20/A (sky130_fd_sc_hd__buf_2)
     1    0.034857    0.173563    0.234214    8.982318 ^ output20/X (sky130_fd_sc_hd__buf_2)
                                                         tl_o[11] (net)
                      0.173579    0.001757    8.984076 ^ tl_o[11] (out)
                                              8.984076   data arrival time

                                 25.000000   25.000000   clock clk_i (rise edge)
                                  0.000000   25.000000   clock network delay (propagated)
                                 -0.250000   24.750000   clock uncertainty
                                  0.000000   24.750000   clock reconvergence pessimism
                                 -5.000000   19.750000   output external delay
                                             19.750000   data required time
---------------------------------------------------------------------------------------------
                                             19.750000   data required time
                                             -8.984076   data arrival time
---------------------------------------------------------------------------------------------
                                             10.765924   slack (MET)


Startpoint: _578_ (rising edge-triggered flip-flop clocked by clk_i)
Endpoint: tl_o[92] (output port clocked by clk_i)
Path Group: clk_i
Path Type: max

Fanout         Cap        Slew       Delay        Time   Description
---------------------------------------------------------------------------------------------
                                  0.000000    0.000000   clock clk_i (rise edge)
                                  0.000000    0.000000   clock source latency
     2    0.083141    0.377847    0.279778    0.279778 ^ clk_i (in)
                                                         clk_i (net)
                      0.382483    0.000000    0.279778 ^ clkbuf_0_clk_i/A (sky130_fd_sc_hd__clkbuf_16)
     2    0.018889    0.047857    0.218239    0.498018 ^ clkbuf_0_clk_i/X (sky130_fd_sc_hd__clkbuf_16)
                                                         clknet_0_clk_i (net)
                      0.047857    0.000962    0.498979 ^ clkbuf_1_0__f_clk_i/A (sky130_fd_sc_hd__clkbuf_16)
     3    0.008434    0.031988    0.115356    0.614336 ^ clkbuf_1_0__f_clk_i/X (sky130_fd_sc_hd__clkbuf_16)
                                                         clknet_1_0__leaf_clk_i (net)
                      0.031989    0.000406    0.614742 ^ _498_/A (sky130_fd_sc_hd__and2_2)
     3    0.056167    0.288109    0.302977    0.917719 ^ _498_/X (sky130_fd_sc_hd__and2_2)
                                                         u_ibex.clk (net)
                      0.289545    0.016500    0.934219 ^ clkbuf_0_u_ibex.clk/A (sky130_fd_sc_hd__clkbuf_16)
     9    0.085943    0.105341    0.250061    1.184280 ^ clkbuf_0_u_ibex.clk/X (sky130_fd_sc_hd__clkbuf_16)
                                                         clknet_0_u_ibex.clk (net)
                      0.107198    0.011073    1.195353 ^ clkbuf_2_2__f_u_ibex.clk/A (sky130_fd_sc_hd__clkbuf_16)
    31    0.111426    0.125471    0.198987    1.394341 ^ clkbuf_2_2__f_u_ibex.clk/X (sky130_fd_sc_hd__clkbuf_16)
                                                         clknet_2_2__leaf_u_ibex.clk (net)
                      0.131310    0.020520    1.414861 ^ _578_/CLK (sky130_fd_sc_hd__dfrtp_1)
     1    0.006077    0.070148    0.368719    1.783579 ^ _578_/Q (sky130_fd_sc_hd__dfrtp_1)
                                                         u_ibex.u_ibex_core.load_store_unit_i.ls_fsm_cs[1] (net)
                      0.070148    0.000311    1.783890 ^ hold126/A (sky130_fd_sc_hd__dlygate4sd3_1)
     1    0.003653    0.060099    0.549944    2.333834 ^ hold126/X (sky130_fd_sc_hd__dlygate4sd3_1)
                                                         net297 (net)
                      0.060791    0.000214    2.334048 ^ hold117/A (sky130_fd_sc_hd__dlygate4sd3_1)
     1    0.002139    0.047606    0.533430    2.867478 ^ hold117/X (sky130_fd_sc_hd__dlygate4sd3_1)
                                                         net288 (net)
                      0.047606    0.000154    2.867631 ^ hold127/A (sky130_fd_sc_hd__dlygate4sd3_1)
     3    0.012362    0.137613    0.607082    3.474714 ^ hold127/X (sky130_fd_sc_hd__dlygate4sd3_1)
                                                         net298 (net)
                      0.137613    0.000381    3.475095 ^ fanout82/A (sky130_fd_sc_hd__dlymetal6s2s_1)
     2    0.007625    0.100421    0.157236    3.632331 ^ fanout82/X (sky130_fd_sc_hd__dlymetal6s2s_1)
                                                         net82 (net)
                      0.100421    0.000232    3.632563 ^ hold128/A (sky130_fd_sc_hd__dlygate4sd3_1)
     5    0.020675    0.214695    0.679198    4.311761 ^ hold128/X (sky130_fd_sc_hd__dlygate4sd3_1)
                                                         net299 (net)
                      0.214697    0.001086    4.312847 ^ _256_/C_N (sky130_fd_sc_hd__nor3b_2)
     7    0.028686    0.494864    0.481129    4.793976 ^ _256_/Y (sky130_fd_sc_hd__nor3b_2)
                                                         _046_ (net)
                      0.494880    0.002290    4.796266 ^ wire77/A (sky130_fd_sc_hd__buf_4)
     7    0.065390    0.186402    0.309818    5.106084 ^ wire77/X (sky130_fd_sc_hd__buf_4)
                                                         net77 (net)
                      0.190334    0.021424    5.127508 ^ _262_/A (sky130_fd_sc_hd__or3_1)
     2    0.010831    0.107411    0.190133    5.317641 ^ _262_/X (sky130_fd_sc_hd__or3_1)
                                                         _052_ (net)
                      0.107411    0.000472    5.318113 ^ fanout75/A (sky130_fd_sc_hd__buf_1)
     3    0.019924    0.238503    0.233599    5.551712 ^ fanout75/X (sky130_fd_sc_hd__buf_1)
                                                         net75 (net)
                      0.238513    0.001337    5.553049 ^ fanout72/A (sky130_fd_sc_hd__buf_1)
     4    0.017405    0.209152    0.234303    5.787352 ^ fanout72/X (sky130_fd_sc_hd__buf_1)
                                                         net72 (net)
                      0.209154    0.000467    5.787819 ^ fanout71/A (sky130_fd_sc_hd__clkbuf_2)
     6    0.024195    0.137411    0.220814    6.008633 ^ fanout71/X (sky130_fd_sc_hd__clkbuf_2)
                                                         net71 (net)
                      0.137411    0.000677    6.009310 ^ _278_/B (sky130_fd_sc_hd__and2_1)
     4    0.015034    0.155694    0.222575    6.231885 ^ _278_/X (sky130_fd_sc_hd__and2_1)
                                                         _068_ (net)
                      0.155694    0.000657    6.232542 ^ _287_/C (sky130_fd_sc_hd__and4_2)
     5    0.026397    0.159930    0.338141    6.570683 ^ _287_/X (sky130_fd_sc_hd__and4_2)
                                                         _077_ (net)
                      0.159941    0.001435    6.572119 ^ _289_/D (sky130_fd_sc_hd__and4_1)
     5    0.017445    0.179781    0.311801    6.883919 ^ _289_/X (sky130_fd_sc_hd__and4_1)
                                                         _079_ (net)
                      0.179792    0.001553    6.885472 ^ _292_/D (sky130_fd_sc_hd__and4_1)
     1    0.005815    0.080138    0.233778    7.119250 ^ _292_/X (sky130_fd_sc_hd__and4_1)
                                                         _082_ (net)
                      0.080138    0.000343    7.119594 ^ fanout58/A (sky130_fd_sc_hd__clkbuf_1)
     3    0.016753    0.201948    0.200865    7.320459 ^ fanout58/X (sky130_fd_sc_hd__clkbuf_1)
                                                         net58 (net)
                      0.201954    0.000946    7.321405 ^ fanout57/A (sky130_fd_sc_hd__clkbuf_2)
     6    0.024904    0.140623    0.221291    7.542696 ^ fanout57/X (sky130_fd_sc_hd__clkbuf_2)
                                                         net57 (net)
                      0.140658    0.002127    7.544824 ^ _294_/D (sky130_fd_sc_hd__and4_1)
     4    0.021071    0.211997    0.332149    7.876972 ^ _294_/X (sky130_fd_sc_hd__and4_1)
                                                         _084_ (net)
                      0.212017    0.002148    7.879120 ^ _295_/C (sky130_fd_sc_hd__and3_1)
     3    0.012467    0.134468    0.251570    8.130691 ^ _295_/X (sky130_fd_sc_hd__and3_1)
                                                         _085_ (net)
                      0.134470    0.000814    8.131504 ^ _296_/B (sky130_fd_sc_hd__nand2_1)
     2    0.007171    0.077087    0.095856    8.227360 v _296_/Y (sky130_fd_sc_hd__nand2_1)
                                                         _086_ (net)
                      0.077088    0.000450    8.227810 v _297_/S (sky130_fd_sc_hd__mux2_2)
     4    0.025361    0.103835    0.351127    8.578937 v _297_/X (sky130_fd_sc_hd__mux2_2)
                                                         _087_ (net)
                      0.103856    0.001439    8.580376 v _298_/A (sky130_fd_sc_hd__inv_2)
     2    0.006974    0.048347    0.077474    8.657850 ^ _298_/Y (sky130_fd_sc_hd__inv_2)
                                                         u_ibex.u_ibex_core.load_store_unit_i.addr_last_d[31] (net)
                      0.048350    0.000429    8.658278 ^ _714_/A (sky130_fd_sc_hd__clkbuf_1)
     1    0.003139    0.047678    0.084426    8.742704 ^ _714_/X (sky130_fd_sc_hd__clkbuf_1)
                                                         net54 (net)
                      0.047678    0.000186    8.742890 ^ output54/A (sky130_fd_sc_hd__buf_2)
     1    0.034632    0.171982    0.199496    8.942386 ^ output54/X (sky130_fd_sc_hd__buf_2)
                                                         tl_o[92] (net)
                      0.172056    0.001671    8.944057 ^ tl_o[92] (out)
                                              8.944057   data arrival time

                                 25.000000   25.000000   clock clk_i (rise edge)
                                  0.000000   25.000000   clock network delay (propagated)
                                 -0.250000   24.750000   clock uncertainty
                                  0.000000   24.750000   clock reconvergence pessimism
                                 -5.000000   19.750000   output external delay
                                             19.750000   data required time
---------------------------------------------------------------------------------------------
                                             19.750000   data required time
                                             -8.944057   data arrival time
---------------------------------------------------------------------------------------------
                                             10.805943   slack (MET)


Startpoint: _578_ (rising edge-triggered flip-flop clocked by clk_i)
Endpoint: tl_o[91] (output port clocked by clk_i)
Path Group: clk_i
Path Type: max

Fanout         Cap        Slew       Delay        Time   Description
---------------------------------------------------------------------------------------------
                                  0.000000    0.000000   clock clk_i (rise edge)
                                  0.000000    0.000000   clock source latency
     2    0.083141    0.377847    0.279778    0.279778 ^ clk_i (in)
                                                         clk_i (net)
                      0.382483    0.000000    0.279778 ^ clkbuf_0_clk_i/A (sky130_fd_sc_hd__clkbuf_16)
     2    0.018889    0.047857    0.218239    0.498018 ^ clkbuf_0_clk_i/X (sky130_fd_sc_hd__clkbuf_16)
                                                         clknet_0_clk_i (net)
                      0.047857    0.000962    0.498979 ^ clkbuf_1_0__f_clk_i/A (sky130_fd_sc_hd__clkbuf_16)
     3    0.008434    0.031988    0.115356    0.614336 ^ clkbuf_1_0__f_clk_i/X (sky130_fd_sc_hd__clkbuf_16)
                                                         clknet_1_0__leaf_clk_i (net)
                      0.031989    0.000406    0.614742 ^ _498_/A (sky130_fd_sc_hd__and2_2)
     3    0.056167    0.288109    0.302977    0.917719 ^ _498_/X (sky130_fd_sc_hd__and2_2)
                                                         u_ibex.clk (net)
                      0.289545    0.016500    0.934219 ^ clkbuf_0_u_ibex.clk/A (sky130_fd_sc_hd__clkbuf_16)
     9    0.085943    0.105341    0.250061    1.184280 ^ clkbuf_0_u_ibex.clk/X (sky130_fd_sc_hd__clkbuf_16)
                                                         clknet_0_u_ibex.clk (net)
                      0.107198    0.011073    1.195353 ^ clkbuf_2_2__f_u_ibex.clk/A (sky130_fd_sc_hd__clkbuf_16)
    31    0.111426    0.125471    0.198987    1.394341 ^ clkbuf_2_2__f_u_ibex.clk/X (sky130_fd_sc_hd__clkbuf_16)
                                                         clknet_2_2__leaf_u_ibex.clk (net)
                      0.131310    0.020520    1.414861 ^ _578_/CLK (sky130_fd_sc_hd__dfrtp_1)
     1    0.006077    0.070148    0.368719    1.783579 ^ _578_/Q (sky130_fd_sc_hd__dfrtp_1)
                                                         u_ibex.u_ibex_core.load_store_unit_i.ls_fsm_cs[1] (net)
                      0.070148    0.000311    1.783890 ^ hold126/A (sky130_fd_sc_hd__dlygate4sd3_1)
     1    0.003653    0.060099    0.549944    2.333834 ^ hold126/X (sky130_fd_sc_hd__dlygate4sd3_1)
                                                         net297 (net)
                      0.060791    0.000214    2.334048 ^ hold117/A (sky130_fd_sc_hd__dlygate4sd3_1)
     1    0.002139    0.047606    0.533430    2.867478 ^ hold117/X (sky130_fd_sc_hd__dlygate4sd3_1)
                                                         net288 (net)
                      0.047606    0.000154    2.867631 ^ hold127/A (sky130_fd_sc_hd__dlygate4sd3_1)
     3    0.012362    0.137613    0.607082    3.474714 ^ hold127/X (sky130_fd_sc_hd__dlygate4sd3_1)
                                                         net298 (net)
                      0.137613    0.000381    3.475095 ^ fanout82/A (sky130_fd_sc_hd__dlymetal6s2s_1)
     2    0.007625    0.100421    0.157236    3.632331 ^ fanout82/X (sky130_fd_sc_hd__dlymetal6s2s_1)
                                                         net82 (net)
                      0.100421    0.000232    3.632563 ^ hold128/A (sky130_fd_sc_hd__dlygate4sd3_1)
     5    0.020675    0.214695    0.679198    4.311761 ^ hold128/X (sky130_fd_sc_hd__dlygate4sd3_1)
                                                         net299 (net)
                      0.214697    0.001086    4.312847 ^ _256_/C_N (sky130_fd_sc_hd__nor3b_2)
     7    0.028686    0.494864    0.481129    4.793976 ^ _256_/Y (sky130_fd_sc_hd__nor3b_2)
                                                         _046_ (net)
                      0.494880    0.002290    4.796266 ^ wire77/A (sky130_fd_sc_hd__buf_4)
     7    0.065390    0.186402    0.309818    5.106084 ^ wire77/X (sky130_fd_sc_hd__buf_4)
                                                         net77 (net)
                      0.190334    0.021424    5.127508 ^ _262_/A (sky130_fd_sc_hd__or3_1)
     2    0.010831    0.107411    0.190133    5.317641 ^ _262_/X (sky130_fd_sc_hd__or3_1)
                                                         _052_ (net)
                      0.107411    0.000472    5.318113 ^ fanout75/A (sky130_fd_sc_hd__buf_1)
     3    0.019924    0.238503    0.233599    5.551712 ^ fanout75/X (sky130_fd_sc_hd__buf_1)
                                                         net75 (net)
                      0.238513    0.001337    5.553049 ^ fanout72/A (sky130_fd_sc_hd__buf_1)
     4    0.017405    0.209152    0.234303    5.787352 ^ fanout72/X (sky130_fd_sc_hd__buf_1)
                                                         net72 (net)
                      0.209154    0.000467    5.787819 ^ fanout71/A (sky130_fd_sc_hd__clkbuf_2)
     6    0.024195    0.137411    0.220814    6.008633 ^ fanout71/X (sky130_fd_sc_hd__clkbuf_2)
                                                         net71 (net)
                      0.137411    0.000677    6.009310 ^ _278_/B (sky130_fd_sc_hd__and2_1)
     4    0.015034    0.155694    0.222575    6.231885 ^ _278_/X (sky130_fd_sc_hd__and2_1)
                                                         _068_ (net)
                      0.155694    0.000657    6.232542 ^ _287_/C (sky130_fd_sc_hd__and4_2)
     5    0.026397    0.159930    0.338141    6.570683 ^ _287_/X (sky130_fd_sc_hd__and4_2)
                                                         _077_ (net)
                      0.159941    0.001435    6.572119 ^ _289_/D (sky130_fd_sc_hd__and4_1)
     5    0.017445    0.179781    0.311801    6.883919 ^ _289_/X (sky130_fd_sc_hd__and4_1)
                                                         _079_ (net)
                      0.179792    0.001553    6.885472 ^ _292_/D (sky130_fd_sc_hd__and4_1)
     1    0.005815    0.080138    0.233778    7.119250 ^ _292_/X (sky130_fd_sc_hd__and4_1)
                                                         _082_ (net)
                      0.080138    0.000343    7.119594 ^ fanout58/A (sky130_fd_sc_hd__clkbuf_1)
     3    0.016753    0.201948    0.200865    7.320459 ^ fanout58/X (sky130_fd_sc_hd__clkbuf_1)
                                                         net58 (net)
                      0.201954    0.000946    7.321405 ^ fanout57/A (sky130_fd_sc_hd__clkbuf_2)
     6    0.024904    0.140623    0.221291    7.542696 ^ fanout57/X (sky130_fd_sc_hd__clkbuf_2)
                                                         net57 (net)
                      0.140658    0.002127    7.544824 ^ _294_/D (sky130_fd_sc_hd__and4_1)
     4    0.021071    0.211997    0.332149    7.876972 ^ _294_/X (sky130_fd_sc_hd__and4_1)
                                                         _084_ (net)
                      0.212017    0.002148    7.879120 ^ _295_/C (sky130_fd_sc_hd__and3_1)
     3    0.012467    0.134468    0.251570    8.130691 ^ _295_/X (sky130_fd_sc_hd__and3_1)
                                                         _085_ (net)
                      0.134469    0.000675    8.131365 ^ _299_/B (sky130_fd_sc_hd__or2_1)
     1    0.004414    0.054236    0.126460    8.257825 ^ _299_/X (sky130_fd_sc_hd__or2_1)
                                                         _088_ (net)
                      0.054237    0.000312    8.258137 ^ _300_/B (sky130_fd_sc_hd__and2_1)
     3    0.016036    0.164981    0.206091    8.464228 ^ _300_/X (sky130_fd_sc_hd__and2_1)
                                                         u_ibex.u_ibex_core.load_store_unit_i.addr_last_d[30] (net)
                      0.164982    0.000822    8.465051 ^ _713_/A (sky130_fd_sc_hd__clkbuf_1)
     1    0.002072    0.037844    0.101554    8.566605 ^ _713_/X (sky130_fd_sc_hd__clkbuf_1)
                                                         net53 (net)
                      0.037844    0.000148    8.566752 ^ output53/A (sky130_fd_sc_hd__buf_2)
     1    0.034931    0.173460    0.196670    8.763423 ^ output53/X (sky130_fd_sc_hd__buf_2)
                                                         tl_o[91] (net)
                      0.173485    0.001736    8.765160 ^ tl_o[91] (out)
                                              8.765160   data arrival time

                                 25.000000   25.000000   clock clk_i (rise edge)
                                  0.000000   25.000000   clock network delay (propagated)
                                 -0.250000   24.750000   clock uncertainty
                                  0.000000   24.750000   clock reconvergence pessimism
                                 -5.000000   19.750000   output external delay
                                             19.750000   data required time
---------------------------------------------------------------------------------------------
                                             19.750000   data required time
                                             -8.765160   data arrival time
---------------------------------------------------------------------------------------------
                                             10.984840   slack (MET)


Startpoint: _578_ (rising edge-triggered flip-flop clocked by clk_i)
Endpoint: tl_o[88] (output port clocked by clk_i)
Path Group: clk_i
Path Type: max

Fanout         Cap        Slew       Delay        Time   Description
---------------------------------------------------------------------------------------------
                                  0.000000    0.000000   clock clk_i (rise edge)
                                  0.000000    0.000000   clock source latency
     2    0.083141    0.377847    0.279778    0.279778 ^ clk_i (in)
                                                         clk_i (net)
                      0.382483    0.000000    0.279778 ^ clkbuf_0_clk_i/A (sky130_fd_sc_hd__clkbuf_16)
     2    0.018889    0.047857    0.218239    0.498018 ^ clkbuf_0_clk_i/X (sky130_fd_sc_hd__clkbuf_16)
                                                         clknet_0_clk_i (net)
                      0.047857    0.000962    0.498979 ^ clkbuf_1_0__f_clk_i/A (sky130_fd_sc_hd__clkbuf_16)
     3    0.008434    0.031988    0.115356    0.614336 ^ clkbuf_1_0__f_clk_i/X (sky130_fd_sc_hd__clkbuf_16)
                                                         clknet_1_0__leaf_clk_i (net)
                      0.031989    0.000406    0.614742 ^ _498_/A (sky130_fd_sc_hd__and2_2)
     3    0.056167    0.288109    0.302977    0.917719 ^ _498_/X (sky130_fd_sc_hd__and2_2)
                                                         u_ibex.clk (net)
                      0.289545    0.016500    0.934219 ^ clkbuf_0_u_ibex.clk/A (sky130_fd_sc_hd__clkbuf_16)
     9    0.085943    0.105341    0.250061    1.184280 ^ clkbuf_0_u_ibex.clk/X (sky130_fd_sc_hd__clkbuf_16)
                                                         clknet_0_u_ibex.clk (net)
                      0.107198    0.011073    1.195353 ^ clkbuf_2_2__f_u_ibex.clk/A (sky130_fd_sc_hd__clkbuf_16)
    31    0.111426    0.125471    0.198987    1.394341 ^ clkbuf_2_2__f_u_ibex.clk/X (sky130_fd_sc_hd__clkbuf_16)
                                                         clknet_2_2__leaf_u_ibex.clk (net)
                      0.131310    0.020520    1.414861 ^ _578_/CLK (sky130_fd_sc_hd__dfrtp_1)
     1    0.006077    0.070148    0.368719    1.783579 ^ _578_/Q (sky130_fd_sc_hd__dfrtp_1)
                                                         u_ibex.u_ibex_core.load_store_unit_i.ls_fsm_cs[1] (net)
                      0.070148    0.000311    1.783890 ^ hold126/A (sky130_fd_sc_hd__dlygate4sd3_1)
     1    0.003653    0.060099    0.549944    2.333834 ^ hold126/X (sky130_fd_sc_hd__dlygate4sd3_1)
                                                         net297 (net)
                      0.060791    0.000214    2.334048 ^ hold117/A (sky130_fd_sc_hd__dlygate4sd3_1)
     1    0.002139    0.047606    0.533430    2.867478 ^ hold117/X (sky130_fd_sc_hd__dlygate4sd3_1)
                                                         net288 (net)
                      0.047606    0.000154    2.867631 ^ hold127/A (sky130_fd_sc_hd__dlygate4sd3_1)
     3    0.012362    0.137613    0.607082    3.474714 ^ hold127/X (sky130_fd_sc_hd__dlygate4sd3_1)
                                                         net298 (net)
                      0.137613    0.000381    3.475095 ^ fanout82/A (sky130_fd_sc_hd__dlymetal6s2s_1)
     2    0.007625    0.100421    0.157236    3.632331 ^ fanout82/X (sky130_fd_sc_hd__dlymetal6s2s_1)
                                                         net82 (net)
                      0.100421    0.000232    3.632563 ^ hold128/A (sky130_fd_sc_hd__dlygate4sd3_1)
     5    0.020675    0.214695    0.679198    4.311761 ^ hold128/X (sky130_fd_sc_hd__dlygate4sd3_1)
                                                         net299 (net)
                      0.214697    0.001086    4.312847 ^ _256_/C_N (sky130_fd_sc_hd__nor3b_2)
     7    0.028686    0.494864    0.481129    4.793976 ^ _256_/Y (sky130_fd_sc_hd__nor3b_2)
                                                         _046_ (net)
                      0.494880    0.002290    4.796266 ^ wire77/A (sky130_fd_sc_hd__buf_4)
     7    0.065390    0.186402    0.309818    5.106084 ^ wire77/X (sky130_fd_sc_hd__buf_4)
                                                         net77 (net)
                      0.190334    0.021424    5.127508 ^ _262_/A (sky130_fd_sc_hd__or3_1)
     2    0.010831    0.107411    0.190133    5.317641 ^ _262_/X (sky130_fd_sc_hd__or3_1)
                                                         _052_ (net)
                      0.107411    0.000472    5.318113 ^ fanout75/A (sky130_fd_sc_hd__buf_1)
     3    0.019924    0.238503    0.233599    5.551712 ^ fanout75/X (sky130_fd_sc_hd__buf_1)
                                                         net75 (net)
                      0.238513    0.001337    5.553049 ^ fanout72/A (sky130_fd_sc_hd__buf_1)
     4    0.017405    0.209152    0.234303    5.787352 ^ fanout72/X (sky130_fd_sc_hd__buf_1)
                                                         net72 (net)
                      0.209154    0.000467    5.787819 ^ fanout71/A (sky130_fd_sc_hd__clkbuf_2)
     6    0.024195    0.137411    0.220814    6.008633 ^ fanout71/X (sky130_fd_sc_hd__clkbuf_2)
                                                         net71 (net)
                      0.137411    0.000677    6.009310 ^ _278_/B (sky130_fd_sc_hd__and2_1)
     4    0.015034    0.155694    0.222575    6.231885 ^ _278_/X (sky130_fd_sc_hd__and2_1)
                                                         _068_ (net)
                      0.155694    0.000657    6.232542 ^ _287_/C (sky130_fd_sc_hd__and4_2)
     5    0.026397    0.159930    0.338141    6.570683 ^ _287_/X (sky130_fd_sc_hd__and4_2)
                                                         _077_ (net)
                      0.159941    0.001435    6.572119 ^ _289_/D (sky130_fd_sc_hd__and4_1)
     5    0.017445    0.179781    0.311801    6.883919 ^ _289_/X (sky130_fd_sc_hd__and4_1)
                                                         _079_ (net)
                      0.179792    0.001553    6.885472 ^ _292_/D (sky130_fd_sc_hd__and4_1)
     1    0.005815    0.080138    0.233778    7.119250 ^ _292_/X (sky130_fd_sc_hd__and4_1)
                                                         _082_ (net)
                      0.080138    0.000343    7.119594 ^ fanout58/A (sky130_fd_sc_hd__clkbuf_1)
     3    0.016753    0.201948    0.200865    7.320459 ^ fanout58/X (sky130_fd_sc_hd__clkbuf_1)
                                                         net58 (net)
                      0.201954    0.000946    7.321405 ^ fanout57/A (sky130_fd_sc_hd__clkbuf_2)
     6    0.024904    0.140623    0.221291    7.542696 ^ fanout57/X (sky130_fd_sc_hd__clkbuf_2)
                                                         net57 (net)
                      0.140658    0.002131    7.544827 ^ _293_/C (sky130_fd_sc_hd__and3_1)
     3    0.008404    0.097976    0.209791    7.754619 ^ _293_/X (sky130_fd_sc_hd__and3_1)
                                                         _083_ (net)
                      0.097976    0.000501    7.755119 ^ _335_/A_N (sky130_fd_sc_hd__and2b_1)
     2    0.009068    0.059680    0.213319    7.968439 v _335_/X (sky130_fd_sc_hd__and2b_1)
                                                         _110_ (net)
                      0.059683    0.000514    7.968953 v _336_/B (sky130_fd_sc_hd__nor2_1)
     3    0.021069    0.378845    0.309951    8.278904 ^ _336_/Y (sky130_fd_sc_hd__nor2_1)
                                                         u_ibex.u_ibex_core.load_store_unit_i.addr_last_d[27] (net)
                      0.378851    0.001237    8.280141 ^ _710_/A (sky130_fd_sc_hd__clkbuf_1)
     1    0.002392    0.044094    0.127308    8.407449 ^ _710_/X (sky130_fd_sc_hd__clkbuf_1)
                                                         net49 (net)
                      0.044094    0.000161    8.407610 ^ output49/A (sky130_fd_sc_hd__buf_2)
     1    0.035036    0.173941    0.199388    8.606998 ^ output49/X (sky130_fd_sc_hd__buf_2)
                                                         tl_o[88] (net)
                      0.173967    0.001764    8.608762 ^ tl_o[88] (out)
                                              8.608762   data arrival time

                                 25.000000   25.000000   clock clk_i (rise edge)
                                  0.000000   25.000000   clock network delay (propagated)
                                 -0.250000   24.750000   clock uncertainty
                                  0.000000   24.750000   clock reconvergence pessimism
                                 -5.000000   19.750000   output external delay
                                             19.750000   data required time
---------------------------------------------------------------------------------------------
                                             19.750000   data required time
                                             -8.608762   data arrival time
---------------------------------------------------------------------------------------------
                                             11.141237   slack (MET)


Startpoint: _578_ (rising edge-triggered flip-flop clocked by clk_i)
Endpoint: tl_o[90] (output port clocked by clk_i)
Path Group: clk_i
Path Type: max

Fanout         Cap        Slew       Delay        Time   Description
---------------------------------------------------------------------------------------------
                                  0.000000    0.000000   clock clk_i (rise edge)
                                  0.000000    0.000000   clock source latency
     2    0.083141    0.377847    0.279778    0.279778 ^ clk_i (in)
                                                         clk_i (net)
                      0.382483    0.000000    0.279778 ^ clkbuf_0_clk_i/A (sky130_fd_sc_hd__clkbuf_16)
     2    0.018889    0.047857    0.218239    0.498018 ^ clkbuf_0_clk_i/X (sky130_fd_sc_hd__clkbuf_16)
                                                         clknet_0_clk_i (net)
                      0.047857    0.000962    0.498979 ^ clkbuf_1_0__f_clk_i/A (sky130_fd_sc_hd__clkbuf_16)
     3    0.008434    0.031988    0.115356    0.614336 ^ clkbuf_1_0__f_clk_i/X (sky130_fd_sc_hd__clkbuf_16)
                                                         clknet_1_0__leaf_clk_i (net)
                      0.031989    0.000406    0.614742 ^ _498_/A (sky130_fd_sc_hd__and2_2)
     3    0.056167    0.288109    0.302977    0.917719 ^ _498_/X (sky130_fd_sc_hd__and2_2)
                                                         u_ibex.clk (net)
                      0.289545    0.016500    0.934219 ^ clkbuf_0_u_ibex.clk/A (sky130_fd_sc_hd__clkbuf_16)
     9    0.085943    0.105341    0.250061    1.184280 ^ clkbuf_0_u_ibex.clk/X (sky130_fd_sc_hd__clkbuf_16)
                                                         clknet_0_u_ibex.clk (net)
                      0.107198    0.011073    1.195353 ^ clkbuf_2_2__f_u_ibex.clk/A (sky130_fd_sc_hd__clkbuf_16)
    31    0.111426    0.125471    0.198987    1.394341 ^ clkbuf_2_2__f_u_ibex.clk/X (sky130_fd_sc_hd__clkbuf_16)
                                                         clknet_2_2__leaf_u_ibex.clk (net)
                      0.131310    0.020520    1.414861 ^ _578_/CLK (sky130_fd_sc_hd__dfrtp_1)
     1    0.006077    0.070148    0.368719    1.783579 ^ _578_/Q (sky130_fd_sc_hd__dfrtp_1)
                                                         u_ibex.u_ibex_core.load_store_unit_i.ls_fsm_cs[1] (net)
                      0.070148    0.000311    1.783890 ^ hold126/A (sky130_fd_sc_hd__dlygate4sd3_1)
     1    0.003653    0.060099    0.549944    2.333834 ^ hold126/X (sky130_fd_sc_hd__dlygate4sd3_1)
                                                         net297 (net)
                      0.060791    0.000214    2.334048 ^ hold117/A (sky130_fd_sc_hd__dlygate4sd3_1)
     1    0.002139    0.047606    0.533430    2.867478 ^ hold117/X (sky130_fd_sc_hd__dlygate4sd3_1)
                                                         net288 (net)
                      0.047606    0.000154    2.867631 ^ hold127/A (sky130_fd_sc_hd__dlygate4sd3_1)
     3    0.012362    0.137613    0.607082    3.474714 ^ hold127/X (sky130_fd_sc_hd__dlygate4sd3_1)
                                                         net298 (net)
                      0.137613    0.000381    3.475095 ^ fanout82/A (sky130_fd_sc_hd__dlymetal6s2s_1)
     2    0.007625    0.100421    0.157236    3.632331 ^ fanout82/X (sky130_fd_sc_hd__dlymetal6s2s_1)
                                                         net82 (net)
                      0.100421    0.000232    3.632563 ^ hold128/A (sky130_fd_sc_hd__dlygate4sd3_1)
     5    0.020675    0.214695    0.679198    4.311761 ^ hold128/X (sky130_fd_sc_hd__dlygate4sd3_1)
                                                         net299 (net)
                      0.214697    0.001086    4.312847 ^ _256_/C_N (sky130_fd_sc_hd__nor3b_2)
     7    0.028686    0.494864    0.481129    4.793976 ^ _256_/Y (sky130_fd_sc_hd__nor3b_2)
                                                         _046_ (net)
                      0.494880    0.002290    4.796266 ^ wire77/A (sky130_fd_sc_hd__buf_4)
     7    0.065390    0.186402    0.309818    5.106084 ^ wire77/X (sky130_fd_sc_hd__buf_4)
                                                         net77 (net)
                      0.190334    0.021424    5.127508 ^ _262_/A (sky130_fd_sc_hd__or3_1)
     2    0.010831    0.107411    0.190133    5.317641 ^ _262_/X (sky130_fd_sc_hd__or3_1)
                                                         _052_ (net)
                      0.107411    0.000472    5.318113 ^ fanout75/A (sky130_fd_sc_hd__buf_1)
     3    0.019924    0.238503    0.233599    5.551712 ^ fanout75/X (sky130_fd_sc_hd__buf_1)
                                                         net75 (net)
                      0.238513    0.001337    5.553049 ^ fanout72/A (sky130_fd_sc_hd__buf_1)
     4    0.017405    0.209152    0.234303    5.787352 ^ fanout72/X (sky130_fd_sc_hd__buf_1)
                                                         net72 (net)
                      0.209154    0.000467    5.787819 ^ fanout71/A (sky130_fd_sc_hd__clkbuf_2)
     6    0.024195    0.137411    0.220814    6.008633 ^ fanout71/X (sky130_fd_sc_hd__clkbuf_2)
                                                         net71 (net)
                      0.137411    0.000677    6.009310 ^ _278_/B (sky130_fd_sc_hd__and2_1)
     4    0.015034    0.155694    0.222575    6.231885 ^ _278_/X (sky130_fd_sc_hd__and2_1)
                                                         _068_ (net)
                      0.155694    0.000657    6.232542 ^ _287_/C (sky130_fd_sc_hd__and4_2)
     5    0.026397    0.159930    0.338141    6.570683 ^ _287_/X (sky130_fd_sc_hd__and4_2)
                                                         _077_ (net)
                      0.159941    0.001435    6.572119 ^ _289_/D (sky130_fd_sc_hd__and4_1)
     5    0.017445    0.179781    0.311801    6.883919 ^ _289_/X (sky130_fd_sc_hd__and4_1)
                                                         _079_ (net)
                      0.179792    0.001553    6.885472 ^ _292_/D (sky130_fd_sc_hd__and4_1)
     1    0.005815    0.080138    0.233778    7.119250 ^ _292_/X (sky130_fd_sc_hd__and4_1)
                                                         _082_ (net)
                      0.080138    0.000343    7.119594 ^ fanout58/A (sky130_fd_sc_hd__clkbuf_1)
     3    0.016753    0.201948    0.200865    7.320459 ^ fanout58/X (sky130_fd_sc_hd__clkbuf_1)
                                                         net58 (net)
                      0.201954    0.000946    7.321405 ^ fanout57/A (sky130_fd_sc_hd__clkbuf_2)
     6    0.024904    0.140623    0.221291    7.542696 ^ fanout57/X (sky130_fd_sc_hd__clkbuf_2)
                                                         net57 (net)
                      0.140658    0.002127    7.544824 ^ _294_/D (sky130_fd_sc_hd__and4_1)
     4    0.021071    0.211997    0.332149    7.876972 ^ _294_/X (sky130_fd_sc_hd__and4_1)
                                                         _084_ (net)
                      0.212026    0.002506    7.879478 ^ _337_/B2 (sky130_fd_sc_hd__a22oi_2)
     2    0.009609    0.086844    0.105518    7.984996 v _337_/Y (sky130_fd_sc_hd__a22oi_2)
                                                         _111_ (net)
                      0.086845    0.000572    7.985568 v _338_/B (sky130_fd_sc_hd__nor2_1)
     3    0.014816    0.275225    0.244706    8.230274 ^ _338_/Y (sky130_fd_sc_hd__nor2_1)
                                                         u_ibex.u_ibex_core.load_store_unit_i.addr_last_d[29] (net)
                      0.275227    0.000705    8.230980 ^ _712_/A (sky130_fd_sc_hd__clkbuf_1)
     1    0.002441    0.042940    0.120447    8.351426 ^ _712_/X (sky130_fd_sc_hd__clkbuf_1)
                                                         net52 (net)
                      0.042941    0.000160    8.351586 ^ output52/A (sky130_fd_sc_hd__buf_2)
     1    0.035161    0.174528    0.199343    8.550929 ^ output52/X (sky130_fd_sc_hd__buf_2)
                                                         tl_o[90] (net)
                      0.174555    0.001794    8.552723 ^ tl_o[90] (out)
                                              8.552723   data arrival time

                                 25.000000   25.000000   clock clk_i (rise edge)
                                  0.000000   25.000000   clock network delay (propagated)
                                 -0.250000   24.750000   clock uncertainty
                                  0.000000   24.750000   clock reconvergence pessimism
                                 -5.000000   19.750000   output external delay
                                             19.750000   data required time
---------------------------------------------------------------------------------------------
                                             19.750000   data required time
                                             -8.552723   data arrival time
---------------------------------------------------------------------------------------------
                                             11.197276   slack (MET)


Startpoint: _578_ (rising edge-triggered flip-flop clocked by clk_i)
Endpoint: tl_o[89] (output port clocked by clk_i)
Path Group: clk_i
Path Type: max

Fanout         Cap        Slew       Delay        Time   Description
---------------------------------------------------------------------------------------------
                                  0.000000    0.000000   clock clk_i (rise edge)
                                  0.000000    0.000000   clock source latency
     2    0.083141    0.377847    0.279778    0.279778 ^ clk_i (in)
                                                         clk_i (net)
                      0.382483    0.000000    0.279778 ^ clkbuf_0_clk_i/A (sky130_fd_sc_hd__clkbuf_16)
     2    0.018889    0.047857    0.218239    0.498018 ^ clkbuf_0_clk_i/X (sky130_fd_sc_hd__clkbuf_16)
                                                         clknet_0_clk_i (net)
                      0.047857    0.000962    0.498979 ^ clkbuf_1_0__f_clk_i/A (sky130_fd_sc_hd__clkbuf_16)
     3    0.008434    0.031988    0.115356    0.614336 ^ clkbuf_1_0__f_clk_i/X (sky130_fd_sc_hd__clkbuf_16)
                                                         clknet_1_0__leaf_clk_i (net)
                      0.031989    0.000406    0.614742 ^ _498_/A (sky130_fd_sc_hd__and2_2)
     3    0.056167    0.288109    0.302977    0.917719 ^ _498_/X (sky130_fd_sc_hd__and2_2)
                                                         u_ibex.clk (net)
                      0.289545    0.016500    0.934219 ^ clkbuf_0_u_ibex.clk/A (sky130_fd_sc_hd__clkbuf_16)
     9    0.085943    0.105341    0.250061    1.184280 ^ clkbuf_0_u_ibex.clk/X (sky130_fd_sc_hd__clkbuf_16)
                                                         clknet_0_u_ibex.clk (net)
                      0.107198    0.011073    1.195353 ^ clkbuf_2_2__f_u_ibex.clk/A (sky130_fd_sc_hd__clkbuf_16)
    31    0.111426    0.125471    0.198987    1.394341 ^ clkbuf_2_2__f_u_ibex.clk/X (sky130_fd_sc_hd__clkbuf_16)
                                                         clknet_2_2__leaf_u_ibex.clk (net)
                      0.131310    0.020520    1.414861 ^ _578_/CLK (sky130_fd_sc_hd__dfrtp_1)
     1    0.006077    0.070148    0.368719    1.783579 ^ _578_/Q (sky130_fd_sc_hd__dfrtp_1)
                                                         u_ibex.u_ibex_core.load_store_unit_i.ls_fsm_cs[1] (net)
                      0.070148    0.000311    1.783890 ^ hold126/A (sky130_fd_sc_hd__dlygate4sd3_1)
     1    0.003653    0.060099    0.549944    2.333834 ^ hold126/X (sky130_fd_sc_hd__dlygate4sd3_1)
                                                         net297 (net)
                      0.060791    0.000214    2.334048 ^ hold117/A (sky130_fd_sc_hd__dlygate4sd3_1)
     1    0.002139    0.047606    0.533430    2.867478 ^ hold117/X (sky130_fd_sc_hd__dlygate4sd3_1)
                                                         net288 (net)
                      0.047606    0.000154    2.867631 ^ hold127/A (sky130_fd_sc_hd__dlygate4sd3_1)
     3    0.012362    0.137613    0.607082    3.474714 ^ hold127/X (sky130_fd_sc_hd__dlygate4sd3_1)
                                                         net298 (net)
                      0.137613    0.000381    3.475095 ^ fanout82/A (sky130_fd_sc_hd__dlymetal6s2s_1)
     2    0.007625    0.100421    0.157236    3.632331 ^ fanout82/X (sky130_fd_sc_hd__dlymetal6s2s_1)
                                                         net82 (net)
                      0.100421    0.000232    3.632563 ^ hold128/A (sky130_fd_sc_hd__dlygate4sd3_1)
     5    0.020675    0.214695    0.679198    4.311761 ^ hold128/X (sky130_fd_sc_hd__dlygate4sd3_1)
                                                         net299 (net)
                      0.214697    0.001086    4.312847 ^ _256_/C_N (sky130_fd_sc_hd__nor3b_2)
     7    0.028686    0.494864    0.481129    4.793976 ^ _256_/Y (sky130_fd_sc_hd__nor3b_2)
                                                         _046_ (net)
                      0.494880    0.002290    4.796266 ^ wire77/A (sky130_fd_sc_hd__buf_4)
     7    0.065390    0.186402    0.309818    5.106084 ^ wire77/X (sky130_fd_sc_hd__buf_4)
                                                         net77 (net)
                      0.190334    0.021424    5.127508 ^ _262_/A (sky130_fd_sc_hd__or3_1)
     2    0.010831    0.107411    0.190133    5.317641 ^ _262_/X (sky130_fd_sc_hd__or3_1)
                                                         _052_ (net)
                      0.107411    0.000472    5.318113 ^ fanout75/A (sky130_fd_sc_hd__buf_1)
     3    0.019924    0.238503    0.233599    5.551712 ^ fanout75/X (sky130_fd_sc_hd__buf_1)
                                                         net75 (net)
                      0.238513    0.001337    5.553049 ^ fanout72/A (sky130_fd_sc_hd__buf_1)
     4    0.017405    0.209152    0.234303    5.787352 ^ fanout72/X (sky130_fd_sc_hd__buf_1)
                                                         net72 (net)
                      0.209154    0.000467    5.787819 ^ fanout71/A (sky130_fd_sc_hd__clkbuf_2)
     6    0.024195    0.137411    0.220814    6.008633 ^ fanout71/X (sky130_fd_sc_hd__clkbuf_2)
                                                         net71 (net)
                      0.137411    0.000677    6.009310 ^ _278_/B (sky130_fd_sc_hd__and2_1)
     4    0.015034    0.155694    0.222575    6.231885 ^ _278_/X (sky130_fd_sc_hd__and2_1)
                                                         _068_ (net)
                      0.155694    0.000657    6.232542 ^ _287_/C (sky130_fd_sc_hd__and4_2)
     5    0.026397    0.159930    0.338141    6.570683 ^ _287_/X (sky130_fd_sc_hd__and4_2)
                                                         _077_ (net)
                      0.159941    0.001435    6.572119 ^ _289_/D (sky130_fd_sc_hd__and4_1)
     5    0.017445    0.179781    0.311801    6.883919 ^ _289_/X (sky130_fd_sc_hd__and4_1)
                                                         _079_ (net)
                      0.179792    0.001553    6.885472 ^ _292_/D (sky130_fd_sc_hd__and4_1)
     1    0.005815    0.080138    0.233778    7.119250 ^ _292_/X (sky130_fd_sc_hd__and4_1)
                                                         _082_ (net)
                      0.080138    0.000343    7.119594 ^ fanout58/A (sky130_fd_sc_hd__clkbuf_1)
     3    0.016753    0.201948    0.200865    7.320459 ^ fanout58/X (sky130_fd_sc_hd__clkbuf_1)
                                                         net58 (net)
                      0.201954    0.000946    7.321405 ^ fanout57/A (sky130_fd_sc_hd__clkbuf_2)
     6    0.024904    0.140623    0.221291    7.542696 ^ fanout57/X (sky130_fd_sc_hd__clkbuf_2)
                                                         net57 (net)
                      0.140658    0.002127    7.544824 ^ _294_/D (sky130_fd_sc_hd__and4_1)
     4    0.021071    0.211997    0.332149    7.876972 ^ _294_/X (sky130_fd_sc_hd__and4_1)
                                                         _084_ (net)
                      0.212029    0.002595    7.879568 ^ _301_/B (sky130_fd_sc_hd__xor2_1)
     3    0.010744    0.252621    0.270448    8.150015 ^ _301_/X (sky130_fd_sc_hd__xor2_1)
                                                         u_ibex.u_ibex_core.load_store_unit_i.addr_last_d[28] (net)
                      0.252621    0.000310    8.150325 ^ _711_/A (sky130_fd_sc_hd__clkbuf_1)
     1    0.003564    0.054153    0.126561    8.276886 ^ _711_/X (sky130_fd_sc_hd__clkbuf_1)
                                                         net50 (net)
                      0.054153    0.000219    8.277105 ^ output50/A (sky130_fd_sc_hd__buf_2)
     1    0.034447    0.171112    0.201388    8.478494 ^ output50/X (sky130_fd_sc_hd__buf_2)
                                                         tl_o[89] (net)
                      0.171185    0.001614    8.480107 ^ tl_o[89] (out)
                                              8.480107   data arrival time

                                 25.000000   25.000000   clock clk_i (rise edge)
                                  0.000000   25.000000   clock network delay (propagated)
                                 -0.250000   24.750000   clock uncertainty
                                  0.000000   24.750000   clock reconvergence pessimism
                                 -5.000000   19.750000   output external delay
                                             19.750000   data required time
---------------------------------------------------------------------------------------------
                                             19.750000   data required time
                                             -8.480107   data arrival time
---------------------------------------------------------------------------------------------
                                             11.269892   slack (MET)


Startpoint: _578_ (rising edge-triggered flip-flop clocked by clk_i)
Endpoint: tl_o[85] (output port clocked by clk_i)
Path Group: clk_i
Path Type: max

Fanout         Cap        Slew       Delay        Time   Description
---------------------------------------------------------------------------------------------
                                  0.000000    0.000000   clock clk_i (rise edge)
                                  0.000000    0.000000   clock source latency
     2    0.083141    0.377847    0.279778    0.279778 ^ clk_i (in)
                                                         clk_i (net)
                      0.382483    0.000000    0.279778 ^ clkbuf_0_clk_i/A (sky130_fd_sc_hd__clkbuf_16)
     2    0.018889    0.047857    0.218239    0.498018 ^ clkbuf_0_clk_i/X (sky130_fd_sc_hd__clkbuf_16)
                                                         clknet_0_clk_i (net)
                      0.047857    0.000962    0.498979 ^ clkbuf_1_0__f_clk_i/A (sky130_fd_sc_hd__clkbuf_16)
     3    0.008434    0.031988    0.115356    0.614336 ^ clkbuf_1_0__f_clk_i/X (sky130_fd_sc_hd__clkbuf_16)
                                                         clknet_1_0__leaf_clk_i (net)
                      0.031989    0.000406    0.614742 ^ _498_/A (sky130_fd_sc_hd__and2_2)
     3    0.056167    0.288109    0.302977    0.917719 ^ _498_/X (sky130_fd_sc_hd__and2_2)
                                                         u_ibex.clk (net)
                      0.289545    0.016500    0.934219 ^ clkbuf_0_u_ibex.clk/A (sky130_fd_sc_hd__clkbuf_16)
     9    0.085943    0.105341    0.250061    1.184280 ^ clkbuf_0_u_ibex.clk/X (sky130_fd_sc_hd__clkbuf_16)
                                                         clknet_0_u_ibex.clk (net)
                      0.107198    0.011073    1.195353 ^ clkbuf_2_2__f_u_ibex.clk/A (sky130_fd_sc_hd__clkbuf_16)
    31    0.111426    0.125471    0.198987    1.394341 ^ clkbuf_2_2__f_u_ibex.clk/X (sky130_fd_sc_hd__clkbuf_16)
                                                         clknet_2_2__leaf_u_ibex.clk (net)
                      0.131310    0.020520    1.414861 ^ _578_/CLK (sky130_fd_sc_hd__dfrtp_1)
     1    0.006077    0.070148    0.368719    1.783579 ^ _578_/Q (sky130_fd_sc_hd__dfrtp_1)
                                                         u_ibex.u_ibex_core.load_store_unit_i.ls_fsm_cs[1] (net)
                      0.070148    0.000311    1.783890 ^ hold126/A (sky130_fd_sc_hd__dlygate4sd3_1)
     1    0.003653    0.060099    0.549944    2.333834 ^ hold126/X (sky130_fd_sc_hd__dlygate4sd3_1)
                                                         net297 (net)
                      0.060791    0.000214    2.334048 ^ hold117/A (sky130_fd_sc_hd__dlygate4sd3_1)
     1    0.002139    0.047606    0.533430    2.867478 ^ hold117/X (sky130_fd_sc_hd__dlygate4sd3_1)
                                                         net288 (net)
                      0.047606    0.000154    2.867631 ^ hold127/A (sky130_fd_sc_hd__dlygate4sd3_1)
     3    0.012362    0.137613    0.607082    3.474714 ^ hold127/X (sky130_fd_sc_hd__dlygate4sd3_1)
                                                         net298 (net)
                      0.137613    0.000381    3.475095 ^ fanout82/A (sky130_fd_sc_hd__dlymetal6s2s_1)
     2    0.007625    0.100421    0.157236    3.632331 ^ fanout82/X (sky130_fd_sc_hd__dlymetal6s2s_1)
                                                         net82 (net)
                      0.100421    0.000232    3.632563 ^ hold128/A (sky130_fd_sc_hd__dlygate4sd3_1)
     5    0.020675    0.214695    0.679198    4.311761 ^ hold128/X (sky130_fd_sc_hd__dlygate4sd3_1)
                                                         net299 (net)
                      0.214697    0.001086    4.312847 ^ _256_/C_N (sky130_fd_sc_hd__nor3b_2)
     7    0.028686    0.494864    0.481129    4.793976 ^ _256_/Y (sky130_fd_sc_hd__nor3b_2)
                                                         _046_ (net)
                      0.494880    0.002290    4.796266 ^ wire77/A (sky130_fd_sc_hd__buf_4)
     7    0.065390    0.186402    0.309818    5.106084 ^ wire77/X (sky130_fd_sc_hd__buf_4)
                                                         net77 (net)
                      0.190334    0.021424    5.127508 ^ _262_/A (sky130_fd_sc_hd__or3_1)
     2    0.010831    0.107411    0.190133    5.317641 ^ _262_/X (sky130_fd_sc_hd__or3_1)
                                                         _052_ (net)
                      0.107411    0.000472    5.318113 ^ fanout75/A (sky130_fd_sc_hd__buf_1)
     3    0.019924    0.238503    0.233599    5.551712 ^ fanout75/X (sky130_fd_sc_hd__buf_1)
                                                         net75 (net)
                      0.238513    0.001337    5.553049 ^ fanout72/A (sky130_fd_sc_hd__buf_1)
     4    0.017405    0.209152    0.234303    5.787352 ^ fanout72/X (sky130_fd_sc_hd__buf_1)
                                                         net72 (net)
                      0.209154    0.000467    5.787819 ^ fanout71/A (sky130_fd_sc_hd__clkbuf_2)
     6    0.024195    0.137411    0.220814    6.008633 ^ fanout71/X (sky130_fd_sc_hd__clkbuf_2)
                                                         net71 (net)
                      0.137411    0.000677    6.009310 ^ _278_/B (sky130_fd_sc_hd__and2_1)
     4    0.015034    0.155694    0.222575    6.231885 ^ _278_/X (sky130_fd_sc_hd__and2_1)
                                                         _068_ (net)
                      0.155694    0.000657    6.232542 ^ _287_/C (sky130_fd_sc_hd__and4_2)
     5    0.026397    0.159930    0.338141    6.570683 ^ _287_/X (sky130_fd_sc_hd__and4_2)
                                                         _077_ (net)
                      0.159941    0.001435    6.572119 ^ _289_/D (sky130_fd_sc_hd__and4_1)
     5    0.017445    0.179781    0.311801    6.883919 ^ _289_/X (sky130_fd_sc_hd__and4_1)
                                                         _079_ (net)
                      0.179792    0.001553    6.885472 ^ _292_/D (sky130_fd_sc_hd__and4_1)
     1    0.005815    0.080138    0.233778    7.119250 ^ _292_/X (sky130_fd_sc_hd__and4_1)
                                                         _082_ (net)
                      0.080138    0.000343    7.119594 ^ fanout58/A (sky130_fd_sc_hd__clkbuf_1)
     3    0.016753    0.201948    0.200865    7.320459 ^ fanout58/X (sky130_fd_sc_hd__clkbuf_1)
                                                         net58 (net)
                      0.201954    0.000946    7.321405 ^ fanout57/A (sky130_fd_sc_hd__clkbuf_2)
     6    0.024904    0.140623    0.221291    7.542696 ^ fanout57/X (sky130_fd_sc_hd__clkbuf_2)
                                                         net57 (net)
                      0.140633    0.001297    7.543993 ^ _307_/B (sky130_fd_sc_hd__nor2_1)
     1    0.003415    0.042992    0.059414    7.603407 v _307_/Y (sky130_fd_sc_hd__nor2_1)
                                                         _092_ (net)
                      0.042992    0.000226    7.603633 v _309_/A (sky130_fd_sc_hd__or2_1)
     3    0.013343    0.094095    0.275007    7.878640 v _309_/X (sky130_fd_sc_hd__or2_1)
                                                         _094_ (net)
                      0.094099    0.000712    7.879353 v _310_/A (sky130_fd_sc_hd__inv_2)
     3    0.023762    0.114149    0.127754    8.007107 ^ _310_/Y (sky130_fd_sc_hd__inv_2)
                                                         u_ibex.u_ibex_core.load_store_unit_i.addr_last_d[24] (net)
                      0.114187    0.001724    8.008830 ^ _707_/A (sky130_fd_sc_hd__clkbuf_1)
     1    0.002624    0.042879    0.097926    8.106756 ^ _707_/X (sky130_fd_sc_hd__clkbuf_1)
                                                         net46 (net)
                      0.042879    0.000169    8.106925 ^ output46/A (sky130_fd_sc_hd__buf_2)
     1    0.034587    0.171834    0.197515    8.304440 ^ output46/X (sky130_fd_sc_hd__buf_2)
                                                         tl_o[85] (net)
                      0.171857    0.001661    8.306101 ^ tl_o[85] (out)
                                              8.306101   data arrival time

                                 25.000000   25.000000   clock clk_i (rise edge)
                                  0.000000   25.000000   clock network delay (propagated)
                                 -0.250000   24.750000   clock uncertainty
                                  0.000000   24.750000   clock reconvergence pessimism
                                 -5.000000   19.750000   output external delay
                                             19.750000   data required time
---------------------------------------------------------------------------------------------
                                             19.750000   data required time
                                             -8.306101   data arrival time
---------------------------------------------------------------------------------------------
                                             11.443898   slack (MET)


Startpoint: _578_ (rising edge-triggered flip-flop clocked by clk_i)
Endpoint: tl_o[82] (output port clocked by clk_i)
Path Group: clk_i
Path Type: max

Fanout         Cap        Slew       Delay        Time   Description
---------------------------------------------------------------------------------------------
                                  0.000000    0.000000   clock clk_i (rise edge)
                                  0.000000    0.000000   clock source latency
     2    0.083141    0.377847    0.279778    0.279778 ^ clk_i (in)
                                                         clk_i (net)
                      0.382483    0.000000    0.279778 ^ clkbuf_0_clk_i/A (sky130_fd_sc_hd__clkbuf_16)
     2    0.018889    0.047857    0.218239    0.498018 ^ clkbuf_0_clk_i/X (sky130_fd_sc_hd__clkbuf_16)
                                                         clknet_0_clk_i (net)
                      0.047857    0.000962    0.498979 ^ clkbuf_1_0__f_clk_i/A (sky130_fd_sc_hd__clkbuf_16)
     3    0.008434    0.031988    0.115356    0.614336 ^ clkbuf_1_0__f_clk_i/X (sky130_fd_sc_hd__clkbuf_16)
                                                         clknet_1_0__leaf_clk_i (net)
                      0.031989    0.000406    0.614742 ^ _498_/A (sky130_fd_sc_hd__and2_2)
     3    0.056167    0.288109    0.302977    0.917719 ^ _498_/X (sky130_fd_sc_hd__and2_2)
                                                         u_ibex.clk (net)
                      0.289545    0.016500    0.934219 ^ clkbuf_0_u_ibex.clk/A (sky130_fd_sc_hd__clkbuf_16)
     9    0.085943    0.105341    0.250061    1.184280 ^ clkbuf_0_u_ibex.clk/X (sky130_fd_sc_hd__clkbuf_16)
                                                         clknet_0_u_ibex.clk (net)
                      0.107198    0.011073    1.195353 ^ clkbuf_2_2__f_u_ibex.clk/A (sky130_fd_sc_hd__clkbuf_16)
    31    0.111426    0.125471    0.198987    1.394341 ^ clkbuf_2_2__f_u_ibex.clk/X (sky130_fd_sc_hd__clkbuf_16)
                                                         clknet_2_2__leaf_u_ibex.clk (net)
                      0.131310    0.020520    1.414861 ^ _578_/CLK (sky130_fd_sc_hd__dfrtp_1)
     1    0.006077    0.070148    0.368719    1.783579 ^ _578_/Q (sky130_fd_sc_hd__dfrtp_1)
                                                         u_ibex.u_ibex_core.load_store_unit_i.ls_fsm_cs[1] (net)
                      0.070148    0.000311    1.783890 ^ hold126/A (sky130_fd_sc_hd__dlygate4sd3_1)
     1    0.003653    0.060099    0.549944    2.333834 ^ hold126/X (sky130_fd_sc_hd__dlygate4sd3_1)
                                                         net297 (net)
                      0.060791    0.000214    2.334048 ^ hold117/A (sky130_fd_sc_hd__dlygate4sd3_1)
     1    0.002139    0.047606    0.533430    2.867478 ^ hold117/X (sky130_fd_sc_hd__dlygate4sd3_1)
                                                         net288 (net)
                      0.047606    0.000154    2.867631 ^ hold127/A (sky130_fd_sc_hd__dlygate4sd3_1)
     3    0.012362    0.137613    0.607082    3.474714 ^ hold127/X (sky130_fd_sc_hd__dlygate4sd3_1)
                                                         net298 (net)
                      0.137613    0.000381    3.475095 ^ fanout82/A (sky130_fd_sc_hd__dlymetal6s2s_1)
     2    0.007625    0.100421    0.157236    3.632331 ^ fanout82/X (sky130_fd_sc_hd__dlymetal6s2s_1)
                                                         net82 (net)
                      0.100421    0.000232    3.632563 ^ hold128/A (sky130_fd_sc_hd__dlygate4sd3_1)
     5    0.020675    0.214695    0.679198    4.311761 ^ hold128/X (sky130_fd_sc_hd__dlygate4sd3_1)
                                                         net299 (net)
                      0.214697    0.001086    4.312847 ^ _256_/C_N (sky130_fd_sc_hd__nor3b_2)
     7    0.028686    0.494864    0.481129    4.793976 ^ _256_/Y (sky130_fd_sc_hd__nor3b_2)
                                                         _046_ (net)
                      0.494880    0.002290    4.796266 ^ wire77/A (sky130_fd_sc_hd__buf_4)
     7    0.065390    0.186402    0.309818    5.106084 ^ wire77/X (sky130_fd_sc_hd__buf_4)
                                                         net77 (net)
                      0.190334    0.021424    5.127508 ^ _262_/A (sky130_fd_sc_hd__or3_1)
     2    0.010831    0.107411    0.190133    5.317641 ^ _262_/X (sky130_fd_sc_hd__or3_1)
                                                         _052_ (net)
                      0.107411    0.000472    5.318113 ^ fanout75/A (sky130_fd_sc_hd__buf_1)
     3    0.019924    0.238503    0.233599    5.551712 ^ fanout75/X (sky130_fd_sc_hd__buf_1)
                                                         net75 (net)
                      0.238513    0.001337    5.553049 ^ fanout72/A (sky130_fd_sc_hd__buf_1)
     4    0.017405    0.209152    0.234303    5.787352 ^ fanout72/X (sky130_fd_sc_hd__buf_1)
                                                         net72 (net)
                      0.209154    0.000467    5.787819 ^ fanout71/A (sky130_fd_sc_hd__clkbuf_2)
     6    0.024195    0.137411    0.220814    6.008633 ^ fanout71/X (sky130_fd_sc_hd__clkbuf_2)
                                                         net71 (net)
                      0.137411    0.000677    6.009310 ^ _278_/B (sky130_fd_sc_hd__and2_1)
     4    0.015034    0.155694    0.222575    6.231885 ^ _278_/X (sky130_fd_sc_hd__and2_1)
                                                         _068_ (net)
                      0.155694    0.000657    6.232542 ^ _287_/C (sky130_fd_sc_hd__and4_2)
     5    0.026397    0.159930    0.338141    6.570683 ^ _287_/X (sky130_fd_sc_hd__and4_2)
                                                         _077_ (net)
                      0.159941    0.001435    6.572119 ^ _289_/D (sky130_fd_sc_hd__and4_1)
     5    0.017445    0.179781    0.311801    6.883919 ^ _289_/X (sky130_fd_sc_hd__and4_1)
                                                         _079_ (net)
                      0.179786    0.001167    6.885087 ^ _290_/B (sky130_fd_sc_hd__and2_1)
     3    0.013507    0.141822    0.221630    7.106717 ^ _290_/X (sky130_fd_sc_hd__and2_1)
                                                         _080_ (net)
                      0.141822    0.000665    7.107382 ^ _329_/B2 (sky130_fd_sc_hd__a22oi_1)
     2    0.006143    0.083157    0.105041    7.212423 v _329_/Y (sky130_fd_sc_hd__a22oi_1)
                                                         _106_ (net)
                      0.083157    0.000227    7.212650 v _330_/B (sky130_fd_sc_hd__or2_4)
     4    0.034919    0.085513    0.292842    7.505492 v _330_/X (sky130_fd_sc_hd__or2_4)
                                                         _107_ (net)
                      0.085542    0.001548    7.507041 v _331_/A (sky130_fd_sc_hd__clkinv_4)
     5    0.078260    0.153015    0.142667    7.649708 ^ _331_/Y (sky130_fd_sc_hd__clkinv_4)
                                                         u_ibex.u_ibex_core.load_store_unit_i.addr_last_d[21] (net)
                      0.161151    0.027522    7.677230 ^ _704_/A (sky130_fd_sc_hd__buf_4)
     3    0.073655    0.206337    0.257382    7.934611 ^ _704_/X (sky130_fd_sc_hd__buf_4)
                                                         net43 (net)
                      0.212333    0.027691    7.962302 ^ output43/A (sky130_fd_sc_hd__buf_2)
     1    0.034188    0.170518    0.249981    8.212283 ^ output43/X (sky130_fd_sc_hd__buf_2)
                                                         tl_o[82] (net)
                      0.170532    0.001649    8.213933 ^ tl_o[82] (out)
                                              8.213933   data arrival time

                                 25.000000   25.000000   clock clk_i (rise edge)
                                  0.000000   25.000000   clock network delay (propagated)
                                 -0.250000   24.750000   clock uncertainty
                                  0.000000   24.750000   clock reconvergence pessimism
                                 -5.000000   19.750000   output external delay
                                             19.750000   data required time
---------------------------------------------------------------------------------------------
                                             19.750000   data required time
                                             -8.213933   data arrival time
---------------------------------------------------------------------------------------------
                                             11.536067   slack (MET)


Startpoint: _578_ (rising edge-triggered flip-flop clocked by clk_i)
Endpoint: tl_o[83] (output port clocked by clk_i)
Path Group: clk_i
Path Type: max

Fanout         Cap        Slew       Delay        Time   Description
---------------------------------------------------------------------------------------------
                                  0.000000    0.000000   clock clk_i (rise edge)
                                  0.000000    0.000000   clock source latency
     2    0.083141    0.377847    0.279778    0.279778 ^ clk_i (in)
                                                         clk_i (net)
                      0.382483    0.000000    0.279778 ^ clkbuf_0_clk_i/A (sky130_fd_sc_hd__clkbuf_16)
     2    0.018889    0.047857    0.218239    0.498018 ^ clkbuf_0_clk_i/X (sky130_fd_sc_hd__clkbuf_16)
                                                         clknet_0_clk_i (net)
                      0.047857    0.000962    0.498979 ^ clkbuf_1_0__f_clk_i/A (sky130_fd_sc_hd__clkbuf_16)
     3    0.008434    0.031988    0.115356    0.614336 ^ clkbuf_1_0__f_clk_i/X (sky130_fd_sc_hd__clkbuf_16)
                                                         clknet_1_0__leaf_clk_i (net)
                      0.031989    0.000406    0.614742 ^ _498_/A (sky130_fd_sc_hd__and2_2)
     3    0.056167    0.288109    0.302977    0.917719 ^ _498_/X (sky130_fd_sc_hd__and2_2)
                                                         u_ibex.clk (net)
                      0.289545    0.016500    0.934219 ^ clkbuf_0_u_ibex.clk/A (sky130_fd_sc_hd__clkbuf_16)
     9    0.085943    0.105341    0.250061    1.184280 ^ clkbuf_0_u_ibex.clk/X (sky130_fd_sc_hd__clkbuf_16)
                                                         clknet_0_u_ibex.clk (net)
                      0.107198    0.011073    1.195353 ^ clkbuf_2_2__f_u_ibex.clk/A (sky130_fd_sc_hd__clkbuf_16)
    31    0.111426    0.125471    0.198987    1.394341 ^ clkbuf_2_2__f_u_ibex.clk/X (sky130_fd_sc_hd__clkbuf_16)
                                                         clknet_2_2__leaf_u_ibex.clk (net)
                      0.131310    0.020520    1.414861 ^ _578_/CLK (sky130_fd_sc_hd__dfrtp_1)
     1    0.006077    0.070148    0.368719    1.783579 ^ _578_/Q (sky130_fd_sc_hd__dfrtp_1)
                                                         u_ibex.u_ibex_core.load_store_unit_i.ls_fsm_cs[1] (net)
                      0.070148    0.000311    1.783890 ^ hold126/A (sky130_fd_sc_hd__dlygate4sd3_1)
     1    0.003653    0.060099    0.549944    2.333834 ^ hold126/X (sky130_fd_sc_hd__dlygate4sd3_1)
                                                         net297 (net)
                      0.060791    0.000214    2.334048 ^ hold117/A (sky130_fd_sc_hd__dlygate4sd3_1)
     1    0.002139    0.047606    0.533430    2.867478 ^ hold117/X (sky130_fd_sc_hd__dlygate4sd3_1)
                                                         net288 (net)
                      0.047606    0.000154    2.867631 ^ hold127/A (sky130_fd_sc_hd__dlygate4sd3_1)
     3    0.012362    0.137613    0.607082    3.474714 ^ hold127/X (sky130_fd_sc_hd__dlygate4sd3_1)
                                                         net298 (net)
                      0.137613    0.000381    3.475095 ^ fanout82/A (sky130_fd_sc_hd__dlymetal6s2s_1)
     2    0.007625    0.100421    0.157236    3.632331 ^ fanout82/X (sky130_fd_sc_hd__dlymetal6s2s_1)
                                                         net82 (net)
                      0.100421    0.000232    3.632563 ^ hold128/A (sky130_fd_sc_hd__dlygate4sd3_1)
     5    0.020675    0.214695    0.679198    4.311761 ^ hold128/X (sky130_fd_sc_hd__dlygate4sd3_1)
                                                         net299 (net)
                      0.214697    0.001086    4.312847 ^ _256_/C_N (sky130_fd_sc_hd__nor3b_2)
     7    0.028686    0.494864    0.481129    4.793976 ^ _256_/Y (sky130_fd_sc_hd__nor3b_2)
                                                         _046_ (net)
                      0.494880    0.002290    4.796266 ^ wire77/A (sky130_fd_sc_hd__buf_4)
     7    0.065390    0.186402    0.309818    5.106084 ^ wire77/X (sky130_fd_sc_hd__buf_4)
                                                         net77 (net)
                      0.190334    0.021424    5.127508 ^ _262_/A (sky130_fd_sc_hd__or3_1)
     2    0.010831    0.107411    0.190133    5.317641 ^ _262_/X (sky130_fd_sc_hd__or3_1)
                                                         _052_ (net)
                      0.107411    0.000472    5.318113 ^ fanout75/A (sky130_fd_sc_hd__buf_1)
     3    0.019924    0.238503    0.233599    5.551712 ^ fanout75/X (sky130_fd_sc_hd__buf_1)
                                                         net75 (net)
                      0.238513    0.001337    5.553049 ^ fanout72/A (sky130_fd_sc_hd__buf_1)
     4    0.017405    0.209152    0.234303    5.787352 ^ fanout72/X (sky130_fd_sc_hd__buf_1)
                                                         net72 (net)
                      0.209154    0.000467    5.787819 ^ fanout71/A (sky130_fd_sc_hd__clkbuf_2)
     6    0.024195    0.137411    0.220814    6.008633 ^ fanout71/X (sky130_fd_sc_hd__clkbuf_2)
                                                         net71 (net)
                      0.137411    0.000677    6.009310 ^ _278_/B (sky130_fd_sc_hd__and2_1)
     4    0.015034    0.155694    0.222575    6.231885 ^ _278_/X (sky130_fd_sc_hd__and2_1)
                                                         _068_ (net)
                      0.155694    0.000657    6.232542 ^ _287_/C (sky130_fd_sc_hd__and4_2)
     5    0.026397    0.159930    0.338141    6.570683 ^ _287_/X (sky130_fd_sc_hd__and4_2)
                                                         _077_ (net)
                      0.159941    0.001435    6.572119 ^ _289_/D (sky130_fd_sc_hd__and4_1)
     5    0.017445    0.179781    0.311801    6.883919 ^ _289_/X (sky130_fd_sc_hd__and4_1)
                                                         _079_ (net)
                      0.179791    0.001521    6.885440 ^ _291_/C (sky130_fd_sc_hd__and3_1)
     3    0.010988    0.120764    0.235279    7.120719 ^ _291_/X (sky130_fd_sc_hd__and3_1)
                                                         _081_ (net)
                      0.120764    0.000349    7.121068 ^ _352_/B (sky130_fd_sc_hd__or2_1)
     3    0.014516    0.143117    0.187797    7.308866 ^ _352_/X (sky130_fd_sc_hd__or2_1)
                                                         _120_ (net)
                      0.143118    0.000716    7.309582 ^ _365_/B (sky130_fd_sc_hd__and2_1)
     3    0.015056    0.155995    0.223649    7.533231 ^ _365_/X (sky130_fd_sc_hd__and2_1)
                                                         u_ibex.u_ibex_core.load_store_unit_i.addr_last_d[22] (net)
                      0.156004    0.001347    7.534578 ^ _705_/A (sky130_fd_sc_hd__buf_8)
     3    0.192438    0.292118    0.250661    7.785239 ^ _705_/X (sky130_fd_sc_hd__buf_8)
                                                         net44 (net)
                      0.393488    0.133427    7.918666 ^ output44/A (sky130_fd_sc_hd__buf_2)
     1    0.034073    0.170809    0.286183    8.204848 ^ output44/X (sky130_fd_sc_hd__buf_2)
                                                         tl_o[83] (net)
                      0.170822    0.001600    8.206450 ^ tl_o[83] (out)
                                              8.206450   data arrival time

                                 25.000000   25.000000   clock clk_i (rise edge)
                                  0.000000   25.000000   clock network delay (propagated)
                                 -0.250000   24.750000   clock uncertainty
                                  0.000000   24.750000   clock reconvergence pessimism
                                 -5.000000   19.750000   output external delay
                                             19.750000   data required time
---------------------------------------------------------------------------------------------
                                             19.750000   data required time
                                             -8.206450   data arrival time
---------------------------------------------------------------------------------------------
                                             11.543550   slack (MET)


Startpoint: _578_ (rising edge-triggered flip-flop clocked by clk_i)
Endpoint: tl_o[87] (output port clocked by clk_i)
Path Group: clk_i
Path Type: max

Fanout         Cap        Slew       Delay        Time   Description
---------------------------------------------------------------------------------------------
                                  0.000000    0.000000   clock clk_i (rise edge)
                                  0.000000    0.000000   clock source latency
     2    0.083141    0.377847    0.279778    0.279778 ^ clk_i (in)
                                                         clk_i (net)
                      0.382483    0.000000    0.279778 ^ clkbuf_0_clk_i/A (sky130_fd_sc_hd__clkbuf_16)
     2    0.018889    0.047857    0.218239    0.498018 ^ clkbuf_0_clk_i/X (sky130_fd_sc_hd__clkbuf_16)
                                                         clknet_0_clk_i (net)
                      0.047857    0.000962    0.498979 ^ clkbuf_1_0__f_clk_i/A (sky130_fd_sc_hd__clkbuf_16)
     3    0.008434    0.031988    0.115356    0.614336 ^ clkbuf_1_0__f_clk_i/X (sky130_fd_sc_hd__clkbuf_16)
                                                         clknet_1_0__leaf_clk_i (net)
                      0.031989    0.000406    0.614742 ^ _498_/A (sky130_fd_sc_hd__and2_2)
     3    0.056167    0.288109    0.302977    0.917719 ^ _498_/X (sky130_fd_sc_hd__and2_2)
                                                         u_ibex.clk (net)
                      0.289545    0.016500    0.934219 ^ clkbuf_0_u_ibex.clk/A (sky130_fd_sc_hd__clkbuf_16)
     9    0.085943    0.105341    0.250061    1.184280 ^ clkbuf_0_u_ibex.clk/X (sky130_fd_sc_hd__clkbuf_16)
                                                         clknet_0_u_ibex.clk (net)
                      0.107198    0.011073    1.195353 ^ clkbuf_2_2__f_u_ibex.clk/A (sky130_fd_sc_hd__clkbuf_16)
    31    0.111426    0.125471    0.198987    1.394341 ^ clkbuf_2_2__f_u_ibex.clk/X (sky130_fd_sc_hd__clkbuf_16)
                                                         clknet_2_2__leaf_u_ibex.clk (net)
                      0.131310    0.020520    1.414861 ^ _578_/CLK (sky130_fd_sc_hd__dfrtp_1)
     1    0.006077    0.070148    0.368719    1.783579 ^ _578_/Q (sky130_fd_sc_hd__dfrtp_1)
                                                         u_ibex.u_ibex_core.load_store_unit_i.ls_fsm_cs[1] (net)
                      0.070148    0.000311    1.783890 ^ hold126/A (sky130_fd_sc_hd__dlygate4sd3_1)
     1    0.003653    0.060099    0.549944    2.333834 ^ hold126/X (sky130_fd_sc_hd__dlygate4sd3_1)
                                                         net297 (net)
                      0.060791    0.000214    2.334048 ^ hold117/A (sky130_fd_sc_hd__dlygate4sd3_1)
     1    0.002139    0.047606    0.533430    2.867478 ^ hold117/X (sky130_fd_sc_hd__dlygate4sd3_1)
                                                         net288 (net)
                      0.047606    0.000154    2.867631 ^ hold127/A (sky130_fd_sc_hd__dlygate4sd3_1)
     3    0.012362    0.137613    0.607082    3.474714 ^ hold127/X (sky130_fd_sc_hd__dlygate4sd3_1)
                                                         net298 (net)
                      0.137613    0.000381    3.475095 ^ fanout82/A (sky130_fd_sc_hd__dlymetal6s2s_1)
     2    0.007625    0.100421    0.157236    3.632331 ^ fanout82/X (sky130_fd_sc_hd__dlymetal6s2s_1)
                                                         net82 (net)
                      0.100421    0.000232    3.632563 ^ hold128/A (sky130_fd_sc_hd__dlygate4sd3_1)
     5    0.020675    0.214695    0.679198    4.311761 ^ hold128/X (sky130_fd_sc_hd__dlygate4sd3_1)
                                                         net299 (net)
                      0.214697    0.001086    4.312847 ^ _256_/C_N (sky130_fd_sc_hd__nor3b_2)
     7    0.028686    0.494864    0.481129    4.793976 ^ _256_/Y (sky130_fd_sc_hd__nor3b_2)
                                                         _046_ (net)
                      0.494880    0.002290    4.796266 ^ wire77/A (sky130_fd_sc_hd__buf_4)
     7    0.065390    0.186402    0.309818    5.106084 ^ wire77/X (sky130_fd_sc_hd__buf_4)
                                                         net77 (net)
                      0.190334    0.021424    5.127508 ^ _262_/A (sky130_fd_sc_hd__or3_1)
     2    0.010831    0.107411    0.190133    5.317641 ^ _262_/X (sky130_fd_sc_hd__or3_1)
                                                         _052_ (net)
                      0.107411    0.000472    5.318113 ^ fanout75/A (sky130_fd_sc_hd__buf_1)
     3    0.019924    0.238503    0.233599    5.551712 ^ fanout75/X (sky130_fd_sc_hd__buf_1)
                                                         net75 (net)
                      0.238513    0.001337    5.553049 ^ fanout72/A (sky130_fd_sc_hd__buf_1)
     4    0.017405    0.209152    0.234303    5.787352 ^ fanout72/X (sky130_fd_sc_hd__buf_1)
                                                         net72 (net)
                      0.209154    0.000467    5.787819 ^ fanout71/A (sky130_fd_sc_hd__clkbuf_2)
     6    0.024195    0.137411    0.220814    6.008633 ^ fanout71/X (sky130_fd_sc_hd__clkbuf_2)
                                                         net71 (net)
                      0.137411    0.000677    6.009310 ^ _278_/B (sky130_fd_sc_hd__and2_1)
     4    0.015034    0.155694    0.222575    6.231885 ^ _278_/X (sky130_fd_sc_hd__and2_1)
                                                         _068_ (net)
                      0.155694    0.000657    6.232542 ^ _287_/C (sky130_fd_sc_hd__and4_2)
     5    0.026397    0.159930    0.338141    6.570683 ^ _287_/X (sky130_fd_sc_hd__and4_2)
                                                         _077_ (net)
                      0.159941    0.001435    6.572119 ^ _289_/D (sky130_fd_sc_hd__and4_1)
     5    0.017445    0.179781    0.311801    6.883919 ^ _289_/X (sky130_fd_sc_hd__and4_1)
                                                         _079_ (net)
                      0.179792    0.001553    6.885472 ^ _292_/D (sky130_fd_sc_hd__and4_1)
     1    0.005815    0.080138    0.233778    7.119250 ^ _292_/X (sky130_fd_sc_hd__and4_1)
                                                         _082_ (net)
                      0.080138    0.000343    7.119594 ^ fanout58/A (sky130_fd_sc_hd__clkbuf_1)
     3    0.016753    0.201948    0.200865    7.320459 ^ fanout58/X (sky130_fd_sc_hd__clkbuf_1)
                                                         net58 (net)
                      0.201954    0.000946    7.321405 ^ fanout57/A (sky130_fd_sc_hd__clkbuf_2)
     6    0.024904    0.140623    0.221291    7.542696 ^ fanout57/X (sky130_fd_sc_hd__clkbuf_2)
                                                         net57 (net)
                      0.140660    0.002191    7.544888 ^ _332_/A2 (sky130_fd_sc_hd__a21oi_2)
     4    0.015405    0.084229    0.106735    7.651623 v _332_/Y (sky130_fd_sc_hd__a21oi_2)
                                                         _108_ (net)
                      0.084272    0.000774    7.652396 v _333_/B (sky130_fd_sc_hd__nor2_1)
     2    0.009698    0.189447    0.180901    7.833297 ^ _333_/Y (sky130_fd_sc_hd__nor2_1)
                                                         u_ibex.u_ibex_core.load_store_unit_i.addr_last_d[26] (net)
                      0.189451    0.000694    7.833991 ^ _709_/A (sky130_fd_sc_hd__clkbuf_1)
     1    0.003307    0.050800    0.115397    7.949387 ^ _709_/X (sky130_fd_sc_hd__clkbuf_1)
                                                         net48 (net)
                      0.050800    0.000234    7.949622 ^ output48/A (sky130_fd_sc_hd__buf_2)
     1    0.034454    0.171139    0.200139    8.149760 ^ output48/X (sky130_fd_sc_hd__buf_2)
                                                         tl_o[87] (net)
                      0.171211    0.001614    8.151374 ^ tl_o[87] (out)
                                              8.151374   data arrival time

                                 25.000000   25.000000   clock clk_i (rise edge)
                                  0.000000   25.000000   clock network delay (propagated)
                                 -0.250000   24.750000   clock uncertainty
                                  0.000000   24.750000   clock reconvergence pessimism
                                 -5.000000   19.750000   output external delay
                                             19.750000   data required time
---------------------------------------------------------------------------------------------
                                             19.750000   data required time
                                             -8.151374   data arrival time
---------------------------------------------------------------------------------------------
                                             11.598625   slack (MET)


Startpoint: _578_ (rising edge-triggered flip-flop clocked by clk_i)
Endpoint: tl_o[86] (output port clocked by clk_i)
Path Group: clk_i
Path Type: max

Fanout         Cap        Slew       Delay        Time   Description
---------------------------------------------------------------------------------------------
                                  0.000000    0.000000   clock clk_i (rise edge)
                                  0.000000    0.000000   clock source latency
     2    0.083141    0.377847    0.279778    0.279778 ^ clk_i (in)
                                                         clk_i (net)
                      0.382483    0.000000    0.279778 ^ clkbuf_0_clk_i/A (sky130_fd_sc_hd__clkbuf_16)
     2    0.018889    0.047857    0.218239    0.498018 ^ clkbuf_0_clk_i/X (sky130_fd_sc_hd__clkbuf_16)
                                                         clknet_0_clk_i (net)
                      0.047857    0.000962    0.498979 ^ clkbuf_1_0__f_clk_i/A (sky130_fd_sc_hd__clkbuf_16)
     3    0.008434    0.031988    0.115356    0.614336 ^ clkbuf_1_0__f_clk_i/X (sky130_fd_sc_hd__clkbuf_16)
                                                         clknet_1_0__leaf_clk_i (net)
                      0.031989    0.000406    0.614742 ^ _498_/A (sky130_fd_sc_hd__and2_2)
     3    0.056167    0.288109    0.302977    0.917719 ^ _498_/X (sky130_fd_sc_hd__and2_2)
                                                         u_ibex.clk (net)
                      0.289545    0.016500    0.934219 ^ clkbuf_0_u_ibex.clk/A (sky130_fd_sc_hd__clkbuf_16)
     9    0.085943    0.105341    0.250061    1.184280 ^ clkbuf_0_u_ibex.clk/X (sky130_fd_sc_hd__clkbuf_16)
                                                         clknet_0_u_ibex.clk (net)
                      0.107198    0.011073    1.195353 ^ clkbuf_2_2__f_u_ibex.clk/A (sky130_fd_sc_hd__clkbuf_16)
    31    0.111426    0.125471    0.198987    1.394341 ^ clkbuf_2_2__f_u_ibex.clk/X (sky130_fd_sc_hd__clkbuf_16)
                                                         clknet_2_2__leaf_u_ibex.clk (net)
                      0.131310    0.020520    1.414861 ^ _578_/CLK (sky130_fd_sc_hd__dfrtp_1)
     1    0.006077    0.070148    0.368719    1.783579 ^ _578_/Q (sky130_fd_sc_hd__dfrtp_1)
                                                         u_ibex.u_ibex_core.load_store_unit_i.ls_fsm_cs[1] (net)
                      0.070148    0.000311    1.783890 ^ hold126/A (sky130_fd_sc_hd__dlygate4sd3_1)
     1    0.003653    0.060099    0.549944    2.333834 ^ hold126/X (sky130_fd_sc_hd__dlygate4sd3_1)
                                                         net297 (net)
                      0.060791    0.000214    2.334048 ^ hold117/A (sky130_fd_sc_hd__dlygate4sd3_1)
     1    0.002139    0.047606    0.533430    2.867478 ^ hold117/X (sky130_fd_sc_hd__dlygate4sd3_1)
                                                         net288 (net)
                      0.047606    0.000154    2.867631 ^ hold127/A (sky130_fd_sc_hd__dlygate4sd3_1)
     3    0.012362    0.137613    0.607082    3.474714 ^ hold127/X (sky130_fd_sc_hd__dlygate4sd3_1)
                                                         net298 (net)
                      0.137613    0.000381    3.475095 ^ fanout82/A (sky130_fd_sc_hd__dlymetal6s2s_1)
     2    0.007625    0.100421    0.157236    3.632331 ^ fanout82/X (sky130_fd_sc_hd__dlymetal6s2s_1)
                                                         net82 (net)
                      0.100421    0.000232    3.632563 ^ hold128/A (sky130_fd_sc_hd__dlygate4sd3_1)
     5    0.020675    0.214695    0.679198    4.311761 ^ hold128/X (sky130_fd_sc_hd__dlygate4sd3_1)
                                                         net299 (net)
                      0.214697    0.001086    4.312847 ^ _256_/C_N (sky130_fd_sc_hd__nor3b_2)
     7    0.028686    0.494864    0.481129    4.793976 ^ _256_/Y (sky130_fd_sc_hd__nor3b_2)
                                                         _046_ (net)
                      0.494880    0.002290    4.796266 ^ wire77/A (sky130_fd_sc_hd__buf_4)
     7    0.065390    0.186402    0.309818    5.106084 ^ wire77/X (sky130_fd_sc_hd__buf_4)
                                                         net77 (net)
                      0.190334    0.021424    5.127508 ^ _262_/A (sky130_fd_sc_hd__or3_1)
     2    0.010831    0.107411    0.190133    5.317641 ^ _262_/X (sky130_fd_sc_hd__or3_1)
                                                         _052_ (net)
                      0.107411    0.000472    5.318113 ^ fanout75/A (sky130_fd_sc_hd__buf_1)
     3    0.019924    0.238503    0.233599    5.551712 ^ fanout75/X (sky130_fd_sc_hd__buf_1)
                                                         net75 (net)
                      0.238513    0.001337    5.553049 ^ fanout72/A (sky130_fd_sc_hd__buf_1)
     4    0.017405    0.209152    0.234303    5.787352 ^ fanout72/X (sky130_fd_sc_hd__buf_1)
                                                         net72 (net)
                      0.209154    0.000467    5.787819 ^ fanout71/A (sky130_fd_sc_hd__clkbuf_2)
     6    0.024195    0.137411    0.220814    6.008633 ^ fanout71/X (sky130_fd_sc_hd__clkbuf_2)
                                                         net71 (net)
                      0.137411    0.000677    6.009310 ^ _278_/B (sky130_fd_sc_hd__and2_1)
     4    0.015034    0.155694    0.222575    6.231885 ^ _278_/X (sky130_fd_sc_hd__and2_1)
                                                         _068_ (net)
                      0.155694    0.000657    6.232542 ^ _287_/C (sky130_fd_sc_hd__and4_2)
     5    0.026397    0.159930    0.338141    6.570683 ^ _287_/X (sky130_fd_sc_hd__and4_2)
                                                         _077_ (net)
                      0.159941    0.001435    6.572119 ^ _289_/D (sky130_fd_sc_hd__and4_1)
     5    0.017445    0.179781    0.311801    6.883919 ^ _289_/X (sky130_fd_sc_hd__and4_1)
                                                         _079_ (net)
                      0.179792    0.001553    6.885472 ^ _292_/D (sky130_fd_sc_hd__and4_1)
     1    0.005815    0.080138    0.233778    7.119250 ^ _292_/X (sky130_fd_sc_hd__and4_1)
                                                         _082_ (net)
                      0.080138    0.000343    7.119594 ^ fanout58/A (sky130_fd_sc_hd__clkbuf_1)
     3    0.016753    0.201948    0.200865    7.320459 ^ fanout58/X (sky130_fd_sc_hd__clkbuf_1)
                                                         net58 (net)
                      0.201956    0.001063    7.321522 ^ _366_/B2 (sky130_fd_sc_hd__a22o_1)
     2    0.006307    0.075357    0.180197    7.501719 ^ _366_/X (sky130_fd_sc_hd__a22o_1)
                                                         _131_ (net)
                      0.075357    0.000318    7.502037 ^ _367_/B1_N (sky130_fd_sc_hd__a21boi_2)
     4    0.022526    0.284356    0.297619    7.799655 ^ _367_/Y (sky130_fd_sc_hd__a21boi_2)
                                                         u_ibex.u_ibex_core.load_store_unit_i.addr_last_d[25] (net)
                      0.284376    0.001955    7.801610 ^ _708_/A (sky130_fd_sc_hd__clkbuf_1)
     1    0.003935    0.058469    0.133933    7.935543 ^ _708_/X (sky130_fd_sc_hd__clkbuf_1)
                                                         net47 (net)
                      0.058469    0.000249    7.935792 ^ output47/A (sky130_fd_sc_hd__buf_2)
     1    0.035022    0.173837    0.204795    8.140587 ^ output47/X (sky130_fd_sc_hd__buf_2)
                                                         tl_o[86] (net)
                      0.173913    0.001742    8.142329 ^ tl_o[86] (out)
                                              8.142329   data arrival time

                                 25.000000   25.000000   clock clk_i (rise edge)
                                  0.000000   25.000000   clock network delay (propagated)
                                 -0.250000   24.750000   clock uncertainty
                                  0.000000   24.750000   clock reconvergence pessimism
                                 -5.000000   19.750000   output external delay
                                             19.750000   data required time
---------------------------------------------------------------------------------------------
                                             19.750000   data required time
                                             -8.142329   data arrival time
---------------------------------------------------------------------------------------------
                                             11.607671   slack (MET)


Startpoint: _578_ (rising edge-triggered flip-flop clocked by clk_i)
Endpoint: tl_o[80] (output port clocked by clk_i)
Path Group: clk_i
Path Type: max

Fanout         Cap        Slew       Delay        Time   Description
---------------------------------------------------------------------------------------------
                                  0.000000    0.000000   clock clk_i (rise edge)
                                  0.000000    0.000000   clock source latency
     2    0.083141    0.377847    0.279778    0.279778 ^ clk_i (in)
                                                         clk_i (net)
                      0.382483    0.000000    0.279778 ^ clkbuf_0_clk_i/A (sky130_fd_sc_hd__clkbuf_16)
     2    0.018889    0.047857    0.218239    0.498018 ^ clkbuf_0_clk_i/X (sky130_fd_sc_hd__clkbuf_16)
                                                         clknet_0_clk_i (net)
                      0.047857    0.000962    0.498979 ^ clkbuf_1_0__f_clk_i/A (sky130_fd_sc_hd__clkbuf_16)
     3    0.008434    0.031988    0.115356    0.614336 ^ clkbuf_1_0__f_clk_i/X (sky130_fd_sc_hd__clkbuf_16)
                                                         clknet_1_0__leaf_clk_i (net)
                      0.031989    0.000406    0.614742 ^ _498_/A (sky130_fd_sc_hd__and2_2)
     3    0.056167    0.288109    0.302977    0.917719 ^ _498_/X (sky130_fd_sc_hd__and2_2)
                                                         u_ibex.clk (net)
                      0.289545    0.016500    0.934219 ^ clkbuf_0_u_ibex.clk/A (sky130_fd_sc_hd__clkbuf_16)
     9    0.085943    0.105341    0.250061    1.184280 ^ clkbuf_0_u_ibex.clk/X (sky130_fd_sc_hd__clkbuf_16)
                                                         clknet_0_u_ibex.clk (net)
                      0.107198    0.011073    1.195353 ^ clkbuf_2_2__f_u_ibex.clk/A (sky130_fd_sc_hd__clkbuf_16)
    31    0.111426    0.125471    0.198987    1.394341 ^ clkbuf_2_2__f_u_ibex.clk/X (sky130_fd_sc_hd__clkbuf_16)
                                                         clknet_2_2__leaf_u_ibex.clk (net)
                      0.131310    0.020520    1.414861 ^ _578_/CLK (sky130_fd_sc_hd__dfrtp_1)
     1    0.006077    0.070148    0.368719    1.783579 ^ _578_/Q (sky130_fd_sc_hd__dfrtp_1)
                                                         u_ibex.u_ibex_core.load_store_unit_i.ls_fsm_cs[1] (net)
                      0.070148    0.000311    1.783890 ^ hold126/A (sky130_fd_sc_hd__dlygate4sd3_1)
     1    0.003653    0.060099    0.549944    2.333834 ^ hold126/X (sky130_fd_sc_hd__dlygate4sd3_1)
                                                         net297 (net)
                      0.060791    0.000214    2.334048 ^ hold117/A (sky130_fd_sc_hd__dlygate4sd3_1)
     1    0.002139    0.047606    0.533430    2.867478 ^ hold117/X (sky130_fd_sc_hd__dlygate4sd3_1)
                                                         net288 (net)
                      0.047606    0.000154    2.867631 ^ hold127/A (sky130_fd_sc_hd__dlygate4sd3_1)
     3    0.012362    0.137613    0.607082    3.474714 ^ hold127/X (sky130_fd_sc_hd__dlygate4sd3_1)
                                                         net298 (net)
                      0.137613    0.000381    3.475095 ^ fanout82/A (sky130_fd_sc_hd__dlymetal6s2s_1)
     2    0.007625    0.100421    0.157236    3.632331 ^ fanout82/X (sky130_fd_sc_hd__dlymetal6s2s_1)
                                                         net82 (net)
                      0.100421    0.000232    3.632563 ^ hold128/A (sky130_fd_sc_hd__dlygate4sd3_1)
     5    0.020675    0.214695    0.679198    4.311761 ^ hold128/X (sky130_fd_sc_hd__dlygate4sd3_1)
                                                         net299 (net)
                      0.214697    0.001086    4.312847 ^ _256_/C_N (sky130_fd_sc_hd__nor3b_2)
     7    0.028686    0.494864    0.481129    4.793976 ^ _256_/Y (sky130_fd_sc_hd__nor3b_2)
                                                         _046_ (net)
                      0.494880    0.002290    4.796266 ^ wire77/A (sky130_fd_sc_hd__buf_4)
     7    0.065390    0.186402    0.309818    5.106084 ^ wire77/X (sky130_fd_sc_hd__buf_4)
                                                         net77 (net)
                      0.190334    0.021424    5.127508 ^ _262_/A (sky130_fd_sc_hd__or3_1)
     2    0.010831    0.107411    0.190133    5.317641 ^ _262_/X (sky130_fd_sc_hd__or3_1)
                                                         _052_ (net)
                      0.107411    0.000472    5.318113 ^ fanout75/A (sky130_fd_sc_hd__buf_1)
     3    0.019924    0.238503    0.233599    5.551712 ^ fanout75/X (sky130_fd_sc_hd__buf_1)
                                                         net75 (net)
                      0.238513    0.001337    5.553049 ^ fanout72/A (sky130_fd_sc_hd__buf_1)
     4    0.017405    0.209152    0.234303    5.787352 ^ fanout72/X (sky130_fd_sc_hd__buf_1)
                                                         net72 (net)
                      0.209154    0.000467    5.787819 ^ fanout71/A (sky130_fd_sc_hd__clkbuf_2)
     6    0.024195    0.137411    0.220814    6.008633 ^ fanout71/X (sky130_fd_sc_hd__clkbuf_2)
                                                         net71 (net)
                      0.137411    0.000677    6.009310 ^ _278_/B (sky130_fd_sc_hd__and2_1)
     4    0.015034    0.155694    0.222575    6.231885 ^ _278_/X (sky130_fd_sc_hd__and2_1)
                                                         _068_ (net)
                      0.155694    0.000657    6.232542 ^ _287_/C (sky130_fd_sc_hd__and4_2)
     5    0.026397    0.159930    0.338141    6.570683 ^ _287_/X (sky130_fd_sc_hd__and4_2)
                                                         _077_ (net)
                      0.159941    0.001435    6.572119 ^ _289_/D (sky130_fd_sc_hd__and4_1)
     5    0.017445    0.179781    0.311801    6.883919 ^ _289_/X (sky130_fd_sc_hd__and4_1)
                                                         _079_ (net)
                      0.179782    0.000809    6.884728 ^ _327_/A_N (sky130_fd_sc_hd__and2b_1)
     1    0.006339    0.048705    0.218294    7.103023 v _327_/X (sky130_fd_sc_hd__and2b_1)
                                                         _105_ (net)
                      0.048708    0.000419    7.103442 v _328_/B (sky130_fd_sc_hd__nor2_2)
     3    0.024254    0.275643    0.230429    7.333870 ^ _328_/Y (sky130_fd_sc_hd__nor2_2)
                                                         u_ibex.u_ibex_core.load_store_unit_i.addr_last_d[19] (net)
                      0.275661    0.001892    7.335763 ^ _702_/A (sky130_fd_sc_hd__buf_8)
     3    0.191743    0.291599    0.269466    7.605228 ^ _702_/X (sky130_fd_sc_hd__buf_8)
                                                         net41 (net)
                      0.397100    0.136701    7.741930 ^ output41/A (sky130_fd_sc_hd__buf_2)
     1    0.034213    0.171475    0.287182    8.029112 ^ output41/X (sky130_fd_sc_hd__buf_2)
                                                         tl_o[80] (net)
                      0.171489    0.001654    8.030766 ^ tl_o[80] (out)
                                              8.030766   data arrival time

                                 25.000000   25.000000   clock clk_i (rise edge)
                                  0.000000   25.000000   clock network delay (propagated)
                                 -0.250000   24.750000   clock uncertainty
                                  0.000000   24.750000   clock reconvergence pessimism
                                 -5.000000   19.750000   output external delay
                                             19.750000   data required time
---------------------------------------------------------------------------------------------
                                             19.750000   data required time
                                             -8.030766   data arrival time
---------------------------------------------------------------------------------------------
                                             11.719234   slack (MET)


Startpoint: _578_ (rising edge-triggered flip-flop clocked by clk_i)
Endpoint: tl_o[81] (output port clocked by clk_i)
Path Group: clk_i
Path Type: max

Fanout         Cap        Slew       Delay        Time   Description
---------------------------------------------------------------------------------------------
                                  0.000000    0.000000   clock clk_i (rise edge)
                                  0.000000    0.000000   clock source latency
     2    0.083141    0.377847    0.279778    0.279778 ^ clk_i (in)
                                                         clk_i (net)
                      0.382483    0.000000    0.279778 ^ clkbuf_0_clk_i/A (sky130_fd_sc_hd__clkbuf_16)
     2    0.018889    0.047857    0.218239    0.498018 ^ clkbuf_0_clk_i/X (sky130_fd_sc_hd__clkbuf_16)
                                                         clknet_0_clk_i (net)
                      0.047857    0.000962    0.498979 ^ clkbuf_1_0__f_clk_i/A (sky130_fd_sc_hd__clkbuf_16)
     3    0.008434    0.031988    0.115356    0.614336 ^ clkbuf_1_0__f_clk_i/X (sky130_fd_sc_hd__clkbuf_16)
                                                         clknet_1_0__leaf_clk_i (net)
                      0.031989    0.000406    0.614742 ^ _498_/A (sky130_fd_sc_hd__and2_2)
     3    0.056167    0.288109    0.302977    0.917719 ^ _498_/X (sky130_fd_sc_hd__and2_2)
                                                         u_ibex.clk (net)
                      0.289545    0.016500    0.934219 ^ clkbuf_0_u_ibex.clk/A (sky130_fd_sc_hd__clkbuf_16)
     9    0.085943    0.105341    0.250061    1.184280 ^ clkbuf_0_u_ibex.clk/X (sky130_fd_sc_hd__clkbuf_16)
                                                         clknet_0_u_ibex.clk (net)
                      0.107198    0.011073    1.195353 ^ clkbuf_2_2__f_u_ibex.clk/A (sky130_fd_sc_hd__clkbuf_16)
    31    0.111426    0.125471    0.198987    1.394341 ^ clkbuf_2_2__f_u_ibex.clk/X (sky130_fd_sc_hd__clkbuf_16)
                                                         clknet_2_2__leaf_u_ibex.clk (net)
                      0.131310    0.020520    1.414861 ^ _578_/CLK (sky130_fd_sc_hd__dfrtp_1)
     1    0.006077    0.070148    0.368719    1.783579 ^ _578_/Q (sky130_fd_sc_hd__dfrtp_1)
                                                         u_ibex.u_ibex_core.load_store_unit_i.ls_fsm_cs[1] (net)
                      0.070148    0.000311    1.783890 ^ hold126/A (sky130_fd_sc_hd__dlygate4sd3_1)
     1    0.003653    0.060099    0.549944    2.333834 ^ hold126/X (sky130_fd_sc_hd__dlygate4sd3_1)
                                                         net297 (net)
                      0.060791    0.000214    2.334048 ^ hold117/A (sky130_fd_sc_hd__dlygate4sd3_1)
     1    0.002139    0.047606    0.533430    2.867478 ^ hold117/X (sky130_fd_sc_hd__dlygate4sd3_1)
                                                         net288 (net)
                      0.047606    0.000154    2.867631 ^ hold127/A (sky130_fd_sc_hd__dlygate4sd3_1)
     3    0.012362    0.137613    0.607082    3.474714 ^ hold127/X (sky130_fd_sc_hd__dlygate4sd3_1)
                                                         net298 (net)
                      0.137613    0.000381    3.475095 ^ fanout82/A (sky130_fd_sc_hd__dlymetal6s2s_1)
     2    0.007625    0.100421    0.157236    3.632331 ^ fanout82/X (sky130_fd_sc_hd__dlymetal6s2s_1)
                                                         net82 (net)
                      0.100421    0.000232    3.632563 ^ hold128/A (sky130_fd_sc_hd__dlygate4sd3_1)
     5    0.020675    0.214695    0.679198    4.311761 ^ hold128/X (sky130_fd_sc_hd__dlygate4sd3_1)
                                                         net299 (net)
                      0.214697    0.001086    4.312847 ^ _256_/C_N (sky130_fd_sc_hd__nor3b_2)
     7    0.028686    0.494864    0.481129    4.793976 ^ _256_/Y (sky130_fd_sc_hd__nor3b_2)
                                                         _046_ (net)
                      0.494880    0.002290    4.796266 ^ wire77/A (sky130_fd_sc_hd__buf_4)
     7    0.065390    0.186402    0.309818    5.106084 ^ wire77/X (sky130_fd_sc_hd__buf_4)
                                                         net77 (net)
                      0.190334    0.021424    5.127508 ^ _262_/A (sky130_fd_sc_hd__or3_1)
     2    0.010831    0.107411    0.190133    5.317641 ^ _262_/X (sky130_fd_sc_hd__or3_1)
                                                         _052_ (net)
                      0.107411    0.000472    5.318113 ^ fanout75/A (sky130_fd_sc_hd__buf_1)
     3    0.019924    0.238503    0.233599    5.551712 ^ fanout75/X (sky130_fd_sc_hd__buf_1)
                                                         net75 (net)
                      0.238513    0.001337    5.553049 ^ fanout72/A (sky130_fd_sc_hd__buf_1)
     4    0.017405    0.209152    0.234303    5.787352 ^ fanout72/X (sky130_fd_sc_hd__buf_1)
                                                         net72 (net)
                      0.209154    0.000467    5.787819 ^ fanout71/A (sky130_fd_sc_hd__clkbuf_2)
     6    0.024195    0.137411    0.220814    6.008633 ^ fanout71/X (sky130_fd_sc_hd__clkbuf_2)
                                                         net71 (net)
                      0.137411    0.000677    6.009310 ^ _278_/B (sky130_fd_sc_hd__and2_1)
     4    0.015034    0.155694    0.222575    6.231885 ^ _278_/X (sky130_fd_sc_hd__and2_1)
                                                         _068_ (net)
                      0.155694    0.000657    6.232542 ^ _287_/C (sky130_fd_sc_hd__and4_2)
     5    0.026397    0.159930    0.338141    6.570683 ^ _287_/X (sky130_fd_sc_hd__and4_2)
                                                         _077_ (net)
                      0.159941    0.001435    6.572119 ^ _289_/D (sky130_fd_sc_hd__and4_1)
     5    0.017445    0.179781    0.311801    6.883919 ^ _289_/X (sky130_fd_sc_hd__and4_1)
                                                         _079_ (net)
                      0.179786    0.001167    6.885087 ^ _290_/B (sky130_fd_sc_hd__and2_1)
     3    0.013507    0.141822    0.221630    7.106717 ^ _290_/X (sky130_fd_sc_hd__and2_1)
                                                         _080_ (net)
                      0.141823    0.000726    7.107443 ^ _344_/S (sky130_fd_sc_hd__mux2_2)
     4    0.019263    0.088992    0.405804    7.513247 v _344_/X (sky130_fd_sc_hd__mux2_2)
                                                         u_ibex.u_ibex_core.load_store_unit_i.addr_last_d[20] (net)
                      0.089011    0.001286    7.514533 v _703_/A (sky130_fd_sc_hd__clkbuf_1)
     1    0.009433    0.061571    0.136910    7.651443 v _703_/X (sky130_fd_sc_hd__clkbuf_1)
                                                         net42 (net)
                      0.061582    0.000826    7.652269 v output42/A (sky130_fd_sc_hd__buf_2)
     1    0.034460    0.090269    0.187054    7.839323 v output42/X (sky130_fd_sc_hd__buf_2)
                                                         tl_o[81] (net)
                      0.090302    0.001612    7.840935 v tl_o[81] (out)
                                              7.840935   data arrival time

                                 25.000000   25.000000   clock clk_i (rise edge)
                                  0.000000   25.000000   clock network delay (propagated)
                                 -0.250000   24.750000   clock uncertainty
                                  0.000000   24.750000   clock reconvergence pessimism
                                 -5.000000   19.750000   output external delay
                                             19.750000   data required time
---------------------------------------------------------------------------------------------
                                             19.750000   data required time
                                             -7.840935   data arrival time
---------------------------------------------------------------------------------------------
                                             11.909064   slack (MET)


Startpoint: _578_ (rising edge-triggered flip-flop clocked by clk_i)
Endpoint: tl_o[76] (output port clocked by clk_i)
Path Group: clk_i
Path Type: max

Fanout         Cap        Slew       Delay        Time   Description
---------------------------------------------------------------------------------------------
                                  0.000000    0.000000   clock clk_i (rise edge)
                                  0.000000    0.000000   clock source latency
     2    0.083141    0.377847    0.279778    0.279778 ^ clk_i (in)
                                                         clk_i (net)
                      0.382483    0.000000    0.279778 ^ clkbuf_0_clk_i/A (sky130_fd_sc_hd__clkbuf_16)
     2    0.018889    0.047857    0.218239    0.498018 ^ clkbuf_0_clk_i/X (sky130_fd_sc_hd__clkbuf_16)
                                                         clknet_0_clk_i (net)
                      0.047857    0.000962    0.498979 ^ clkbuf_1_0__f_clk_i/A (sky130_fd_sc_hd__clkbuf_16)
     3    0.008434    0.031988    0.115356    0.614336 ^ clkbuf_1_0__f_clk_i/X (sky130_fd_sc_hd__clkbuf_16)
                                                         clknet_1_0__leaf_clk_i (net)
                      0.031989    0.000406    0.614742 ^ _498_/A (sky130_fd_sc_hd__and2_2)
     3    0.056167    0.288109    0.302977    0.917719 ^ _498_/X (sky130_fd_sc_hd__and2_2)
                                                         u_ibex.clk (net)
                      0.289545    0.016500    0.934219 ^ clkbuf_0_u_ibex.clk/A (sky130_fd_sc_hd__clkbuf_16)
     9    0.085943    0.105341    0.250061    1.184280 ^ clkbuf_0_u_ibex.clk/X (sky130_fd_sc_hd__clkbuf_16)
                                                         clknet_0_u_ibex.clk (net)
                      0.107198    0.011073    1.195353 ^ clkbuf_2_2__f_u_ibex.clk/A (sky130_fd_sc_hd__clkbuf_16)
    31    0.111426    0.125471    0.198987    1.394341 ^ clkbuf_2_2__f_u_ibex.clk/X (sky130_fd_sc_hd__clkbuf_16)
                                                         clknet_2_2__leaf_u_ibex.clk (net)
                      0.131310    0.020520    1.414861 ^ _578_/CLK (sky130_fd_sc_hd__dfrtp_1)
     1    0.006077    0.070148    0.368719    1.783579 ^ _578_/Q (sky130_fd_sc_hd__dfrtp_1)
                                                         u_ibex.u_ibex_core.load_store_unit_i.ls_fsm_cs[1] (net)
                      0.070148    0.000311    1.783890 ^ hold126/A (sky130_fd_sc_hd__dlygate4sd3_1)
     1    0.003653    0.060099    0.549944    2.333834 ^ hold126/X (sky130_fd_sc_hd__dlygate4sd3_1)
                                                         net297 (net)
                      0.060791    0.000214    2.334048 ^ hold117/A (sky130_fd_sc_hd__dlygate4sd3_1)
     1    0.002139    0.047606    0.533430    2.867478 ^ hold117/X (sky130_fd_sc_hd__dlygate4sd3_1)
                                                         net288 (net)
                      0.047606    0.000154    2.867631 ^ hold127/A (sky130_fd_sc_hd__dlygate4sd3_1)
     3    0.012362    0.137613    0.607082    3.474714 ^ hold127/X (sky130_fd_sc_hd__dlygate4sd3_1)
                                                         net298 (net)
                      0.137613    0.000381    3.475095 ^ fanout82/A (sky130_fd_sc_hd__dlymetal6s2s_1)
     2    0.007625    0.100421    0.157236    3.632331 ^ fanout82/X (sky130_fd_sc_hd__dlymetal6s2s_1)
                                                         net82 (net)
                      0.100421    0.000232    3.632563 ^ hold128/A (sky130_fd_sc_hd__dlygate4sd3_1)
     5    0.020675    0.214695    0.679198    4.311761 ^ hold128/X (sky130_fd_sc_hd__dlygate4sd3_1)
                                                         net299 (net)
                      0.214697    0.001086    4.312847 ^ _256_/C_N (sky130_fd_sc_hd__nor3b_2)
     7    0.028686    0.494864    0.481129    4.793976 ^ _256_/Y (sky130_fd_sc_hd__nor3b_2)
                                                         _046_ (net)
                      0.494880    0.002290    4.796266 ^ wire77/A (sky130_fd_sc_hd__buf_4)
     7    0.065390    0.186402    0.309818    5.106084 ^ wire77/X (sky130_fd_sc_hd__buf_4)
                                                         net77 (net)
                      0.190334    0.021424    5.127508 ^ _262_/A (sky130_fd_sc_hd__or3_1)
     2    0.010831    0.107411    0.190133    5.317641 ^ _262_/X (sky130_fd_sc_hd__or3_1)
                                                         _052_ (net)
                      0.107411    0.000472    5.318113 ^ fanout75/A (sky130_fd_sc_hd__buf_1)
     3    0.019924    0.238503    0.233599    5.551712 ^ fanout75/X (sky130_fd_sc_hd__buf_1)
                                                         net75 (net)
                      0.238513    0.001337    5.553049 ^ fanout72/A (sky130_fd_sc_hd__buf_1)
     4    0.017405    0.209152    0.234303    5.787352 ^ fanout72/X (sky130_fd_sc_hd__buf_1)
                                                         net72 (net)
                      0.209154    0.000467    5.787819 ^ fanout71/A (sky130_fd_sc_hd__clkbuf_2)
     6    0.024195    0.137411    0.220814    6.008633 ^ fanout71/X (sky130_fd_sc_hd__clkbuf_2)
                                                         net71 (net)
                      0.137411    0.000677    6.009310 ^ _278_/B (sky130_fd_sc_hd__and2_1)
     4    0.015034    0.155694    0.222575    6.231885 ^ _278_/X (sky130_fd_sc_hd__and2_1)
                                                         _068_ (net)
                      0.155694    0.000631    6.232516 ^ _286_/B (sky130_fd_sc_hd__and3_2)
     5    0.020943    0.122809    0.268184    6.500700 ^ _286_/X (sky130_fd_sc_hd__and3_2)
                                                         _076_ (net)
                      0.122845    0.002013    6.502712 ^ _320_/C (sky130_fd_sc_hd__nand3_2)
     3    0.013082    0.103920    0.122260    6.624973 v _320_/Y (sky130_fd_sc_hd__nand3_2)
                                                         _101_ (net)
                      0.103921    0.000615    6.625588 v _322_/B2 (sky130_fd_sc_hd__o2bb2a_1)
     1    0.005546    0.065645    0.313695    6.939283 v _322_/X (sky130_fd_sc_hd__o2bb2a_1)
                                                         _102_ (net)
                      0.065647    0.000410    6.939693 v _323_/B (sky130_fd_sc_hd__nor2_2)
     4    0.027906    0.312699    0.264260    7.203953 ^ _323_/Y (sky130_fd_sc_hd__nor2_2)
                                                         u_ibex.u_ibex_core.load_store_unit_i.addr_last_d[15] (net)
                      0.312712    0.001744    7.205697 ^ _698_/A (sky130_fd_sc_hd__buf_8)
     3    0.141297    0.211497    0.239722    7.445419 ^ _698_/X (sky130_fd_sc_hd__buf_8)
                                                         net37 (net)
                      0.299715    0.105231    7.550650 ^ output37/A (sky130_fd_sc_hd__buf_2)
     1    0.034553    0.172403    0.272867    7.823517 ^ output37/X (sky130_fd_sc_hd__buf_2)
                                                         tl_o[76] (net)
                      0.172418    0.001672    7.825189 ^ tl_o[76] (out)
                                              7.825189   data arrival time

                                 25.000000   25.000000   clock clk_i (rise edge)
                                  0.000000   25.000000   clock network delay (propagated)
                                 -0.250000   24.750000   clock uncertainty
                                  0.000000   24.750000   clock reconvergence pessimism
                                 -5.000000   19.750000   output external delay
                                             19.750000   data required time
---------------------------------------------------------------------------------------------
                                             19.750000   data required time
                                             -7.825189   data arrival time
---------------------------------------------------------------------------------------------
                                             11.924810   slack (MET)


Startpoint: _578_ (rising edge-triggered flip-flop clocked by clk_i)
Endpoint: tl_o[84] (output port clocked by clk_i)
Path Group: clk_i
Path Type: max

Fanout         Cap        Slew       Delay        Time   Description
---------------------------------------------------------------------------------------------
                                  0.000000    0.000000   clock clk_i (rise edge)
                                  0.000000    0.000000   clock source latency
     2    0.083141    0.377847    0.279778    0.279778 ^ clk_i (in)
                                                         clk_i (net)
                      0.382483    0.000000    0.279778 ^ clkbuf_0_clk_i/A (sky130_fd_sc_hd__clkbuf_16)
     2    0.018889    0.047857    0.218239    0.498018 ^ clkbuf_0_clk_i/X (sky130_fd_sc_hd__clkbuf_16)
                                                         clknet_0_clk_i (net)
                      0.047857    0.000962    0.498979 ^ clkbuf_1_0__f_clk_i/A (sky130_fd_sc_hd__clkbuf_16)
     3    0.008434    0.031988    0.115356    0.614336 ^ clkbuf_1_0__f_clk_i/X (sky130_fd_sc_hd__clkbuf_16)
                                                         clknet_1_0__leaf_clk_i (net)
                      0.031989    0.000406    0.614742 ^ _498_/A (sky130_fd_sc_hd__and2_2)
     3    0.056167    0.288109    0.302977    0.917719 ^ _498_/X (sky130_fd_sc_hd__and2_2)
                                                         u_ibex.clk (net)
                      0.289545    0.016500    0.934219 ^ clkbuf_0_u_ibex.clk/A (sky130_fd_sc_hd__clkbuf_16)
     9    0.085943    0.105341    0.250061    1.184280 ^ clkbuf_0_u_ibex.clk/X (sky130_fd_sc_hd__clkbuf_16)
                                                         clknet_0_u_ibex.clk (net)
                      0.107198    0.011073    1.195353 ^ clkbuf_2_2__f_u_ibex.clk/A (sky130_fd_sc_hd__clkbuf_16)
    31    0.111426    0.125471    0.198987    1.394341 ^ clkbuf_2_2__f_u_ibex.clk/X (sky130_fd_sc_hd__clkbuf_16)
                                                         clknet_2_2__leaf_u_ibex.clk (net)
                      0.131310    0.020520    1.414861 ^ _578_/CLK (sky130_fd_sc_hd__dfrtp_1)
     1    0.006077    0.070148    0.368719    1.783579 ^ _578_/Q (sky130_fd_sc_hd__dfrtp_1)
                                                         u_ibex.u_ibex_core.load_store_unit_i.ls_fsm_cs[1] (net)
                      0.070148    0.000311    1.783890 ^ hold126/A (sky130_fd_sc_hd__dlygate4sd3_1)
     1    0.003653    0.060099    0.549944    2.333834 ^ hold126/X (sky130_fd_sc_hd__dlygate4sd3_1)
                                                         net297 (net)
                      0.060791    0.000214    2.334048 ^ hold117/A (sky130_fd_sc_hd__dlygate4sd3_1)
     1    0.002139    0.047606    0.533430    2.867478 ^ hold117/X (sky130_fd_sc_hd__dlygate4sd3_1)
                                                         net288 (net)
                      0.047606    0.000154    2.867631 ^ hold127/A (sky130_fd_sc_hd__dlygate4sd3_1)
     3    0.012362    0.137613    0.607082    3.474714 ^ hold127/X (sky130_fd_sc_hd__dlygate4sd3_1)
                                                         net298 (net)
                      0.137613    0.000381    3.475095 ^ fanout82/A (sky130_fd_sc_hd__dlymetal6s2s_1)
     2    0.007625    0.100421    0.157236    3.632331 ^ fanout82/X (sky130_fd_sc_hd__dlymetal6s2s_1)
                                                         net82 (net)
                      0.100421    0.000232    3.632563 ^ hold128/A (sky130_fd_sc_hd__dlygate4sd3_1)
     5    0.020675    0.214695    0.679198    4.311761 ^ hold128/X (sky130_fd_sc_hd__dlygate4sd3_1)
                                                         net299 (net)
                      0.214697    0.001086    4.312847 ^ _256_/C_N (sky130_fd_sc_hd__nor3b_2)
     7    0.028686    0.494864    0.481129    4.793976 ^ _256_/Y (sky130_fd_sc_hd__nor3b_2)
                                                         _046_ (net)
                      0.494880    0.002290    4.796266 ^ wire77/A (sky130_fd_sc_hd__buf_4)
     7    0.065390    0.186402    0.309818    5.106084 ^ wire77/X (sky130_fd_sc_hd__buf_4)
                                                         net77 (net)
                      0.190334    0.021424    5.127508 ^ _262_/A (sky130_fd_sc_hd__or3_1)
     2    0.010831    0.107411    0.190133    5.317641 ^ _262_/X (sky130_fd_sc_hd__or3_1)
                                                         _052_ (net)
                      0.107411    0.000472    5.318113 ^ fanout75/A (sky130_fd_sc_hd__buf_1)
     3    0.019924    0.238503    0.233599    5.551712 ^ fanout75/X (sky130_fd_sc_hd__buf_1)
                                                         net75 (net)
                      0.238513    0.001337    5.553049 ^ fanout72/A (sky130_fd_sc_hd__buf_1)
     4    0.017405    0.209152    0.234303    5.787352 ^ fanout72/X (sky130_fd_sc_hd__buf_1)
                                                         net72 (net)
                      0.209154    0.000467    5.787819 ^ fanout71/A (sky130_fd_sc_hd__clkbuf_2)
     6    0.024195    0.137411    0.220814    6.008633 ^ fanout71/X (sky130_fd_sc_hd__clkbuf_2)
                                                         net71 (net)
                      0.137411    0.000677    6.009310 ^ _278_/B (sky130_fd_sc_hd__and2_1)
     4    0.015034    0.155694    0.222575    6.231885 ^ _278_/X (sky130_fd_sc_hd__and2_1)
                                                         _068_ (net)
                      0.155694    0.000657    6.232542 ^ _287_/C (sky130_fd_sc_hd__and4_2)
     5    0.026397    0.159930    0.338141    6.570683 ^ _287_/X (sky130_fd_sc_hd__and4_2)
                                                         _077_ (net)
                      0.159941    0.001435    6.572119 ^ _289_/D (sky130_fd_sc_hd__and4_1)
     5    0.017445    0.179781    0.311801    6.883919 ^ _289_/X (sky130_fd_sc_hd__and4_1)
                                                         _079_ (net)
                      0.179791    0.001521    6.885440 ^ _291_/C (sky130_fd_sc_hd__and3_1)
     3    0.010988    0.120764    0.235279    7.120719 ^ _291_/X (sky130_fd_sc_hd__and3_1)
                                                         _081_ (net)
                      0.120765    0.000621    7.121340 ^ _312_/B (sky130_fd_sc_hd__nand2_1)
     2    0.008182    0.070115    0.098525    7.219864 v _312_/Y (sky130_fd_sc_hd__nand2_1)
                                                         _096_ (net)
                      0.070118    0.000525    7.220389 v _313_/A2 (sky130_fd_sc_hd__a21oi_2)
     3    0.019505    0.254010    0.260517    7.480907 ^ _313_/Y (sky130_fd_sc_hd__a21oi_2)
                                                         u_ibex.u_ibex_core.load_store_unit_i.addr_last_d[23] (net)
                      0.254033    0.002006    7.482913 ^ _706_/A (sky130_fd_sc_hd__clkbuf_1)
     1    0.003253    0.050836    0.124285    7.607199 ^ _706_/X (sky130_fd_sc_hd__clkbuf_1)
                                                         net45 (net)
                      0.050836    0.000200    7.607399 ^ output45/A (sky130_fd_sc_hd__buf_2)
     1    0.034463    0.171182    0.200181    7.807580 ^ output45/X (sky130_fd_sc_hd__buf_2)
                                                         tl_o[84] (net)
                      0.171254    0.001615    7.809195 ^ tl_o[84] (out)
                                              7.809195   data arrival time

                                 25.000000   25.000000   clock clk_i (rise edge)
                                  0.000000   25.000000   clock network delay (propagated)
                                 -0.250000   24.750000   clock uncertainty
                                  0.000000   24.750000   clock reconvergence pessimism
                                 -5.000000   19.750000   output external delay
                                             19.750000   data required time
---------------------------------------------------------------------------------------------
                                             19.750000   data required time
                                             -7.809195   data arrival time
---------------------------------------------------------------------------------------------
                                             11.940805   slack (MET)


Startpoint: _578_ (rising edge-triggered flip-flop clocked by clk_i)
Endpoint: tl_o[79] (output port clocked by clk_i)
Path Group: clk_i
Path Type: max

Fanout         Cap        Slew       Delay        Time   Description
---------------------------------------------------------------------------------------------
                                  0.000000    0.000000   clock clk_i (rise edge)
                                  0.000000    0.000000   clock source latency
     2    0.083141    0.377847    0.279778    0.279778 ^ clk_i (in)
                                                         clk_i (net)
                      0.382483    0.000000    0.279778 ^ clkbuf_0_clk_i/A (sky130_fd_sc_hd__clkbuf_16)
     2    0.018889    0.047857    0.218239    0.498018 ^ clkbuf_0_clk_i/X (sky130_fd_sc_hd__clkbuf_16)
                                                         clknet_0_clk_i (net)
                      0.047857    0.000962    0.498979 ^ clkbuf_1_0__f_clk_i/A (sky130_fd_sc_hd__clkbuf_16)
     3    0.008434    0.031988    0.115356    0.614336 ^ clkbuf_1_0__f_clk_i/X (sky130_fd_sc_hd__clkbuf_16)
                                                         clknet_1_0__leaf_clk_i (net)
                      0.031989    0.000406    0.614742 ^ _498_/A (sky130_fd_sc_hd__and2_2)
     3    0.056167    0.288109    0.302977    0.917719 ^ _498_/X (sky130_fd_sc_hd__and2_2)
                                                         u_ibex.clk (net)
                      0.289545    0.016500    0.934219 ^ clkbuf_0_u_ibex.clk/A (sky130_fd_sc_hd__clkbuf_16)
     9    0.085943    0.105341    0.250061    1.184280 ^ clkbuf_0_u_ibex.clk/X (sky130_fd_sc_hd__clkbuf_16)
                                                         clknet_0_u_ibex.clk (net)
                      0.107198    0.011073    1.195353 ^ clkbuf_2_2__f_u_ibex.clk/A (sky130_fd_sc_hd__clkbuf_16)
    31    0.111426    0.125471    0.198987    1.394341 ^ clkbuf_2_2__f_u_ibex.clk/X (sky130_fd_sc_hd__clkbuf_16)
                                                         clknet_2_2__leaf_u_ibex.clk (net)
                      0.131310    0.020520    1.414861 ^ _578_/CLK (sky130_fd_sc_hd__dfrtp_1)
     1    0.006077    0.070148    0.368719    1.783579 ^ _578_/Q (sky130_fd_sc_hd__dfrtp_1)
                                                         u_ibex.u_ibex_core.load_store_unit_i.ls_fsm_cs[1] (net)
                      0.070148    0.000311    1.783890 ^ hold126/A (sky130_fd_sc_hd__dlygate4sd3_1)
     1    0.003653    0.060099    0.549944    2.333834 ^ hold126/X (sky130_fd_sc_hd__dlygate4sd3_1)
                                                         net297 (net)
                      0.060791    0.000214    2.334048 ^ hold117/A (sky130_fd_sc_hd__dlygate4sd3_1)
     1    0.002139    0.047606    0.533430    2.867478 ^ hold117/X (sky130_fd_sc_hd__dlygate4sd3_1)
                                                         net288 (net)
                      0.047606    0.000154    2.867631 ^ hold127/A (sky130_fd_sc_hd__dlygate4sd3_1)
     3    0.012362    0.137613    0.607082    3.474714 ^ hold127/X (sky130_fd_sc_hd__dlygate4sd3_1)
                                                         net298 (net)
                      0.137613    0.000381    3.475095 ^ fanout82/A (sky130_fd_sc_hd__dlymetal6s2s_1)
     2    0.007625    0.100421    0.157236    3.632331 ^ fanout82/X (sky130_fd_sc_hd__dlymetal6s2s_1)
                                                         net82 (net)
                      0.100421    0.000232    3.632563 ^ hold128/A (sky130_fd_sc_hd__dlygate4sd3_1)
     5    0.020675    0.214695    0.679198    4.311761 ^ hold128/X (sky130_fd_sc_hd__dlygate4sd3_1)
                                                         net299 (net)
                      0.214697    0.001086    4.312847 ^ _256_/C_N (sky130_fd_sc_hd__nor3b_2)
     7    0.028686    0.494864    0.481129    4.793976 ^ _256_/Y (sky130_fd_sc_hd__nor3b_2)
                                                         _046_ (net)
                      0.494880    0.002290    4.796266 ^ wire77/A (sky130_fd_sc_hd__buf_4)
     7    0.065390    0.186402    0.309818    5.106084 ^ wire77/X (sky130_fd_sc_hd__buf_4)
                                                         net77 (net)
                      0.190334    0.021424    5.127508 ^ _262_/A (sky130_fd_sc_hd__or3_1)
     2    0.010831    0.107411    0.190133    5.317641 ^ _262_/X (sky130_fd_sc_hd__or3_1)
                                                         _052_ (net)
                      0.107411    0.000472    5.318113 ^ fanout75/A (sky130_fd_sc_hd__buf_1)
     3    0.019924    0.238503    0.233599    5.551712 ^ fanout75/X (sky130_fd_sc_hd__buf_1)
                                                         net75 (net)
                      0.238513    0.001337    5.553049 ^ fanout72/A (sky130_fd_sc_hd__buf_1)
     4    0.017405    0.209152    0.234303    5.787352 ^ fanout72/X (sky130_fd_sc_hd__buf_1)
                                                         net72 (net)
                      0.209154    0.000467    5.787819 ^ fanout71/A (sky130_fd_sc_hd__clkbuf_2)
     6    0.024195    0.137411    0.220814    6.008633 ^ fanout71/X (sky130_fd_sc_hd__clkbuf_2)
                                                         net71 (net)
                      0.137411    0.000677    6.009310 ^ _278_/B (sky130_fd_sc_hd__and2_1)
     4    0.015034    0.155694    0.222575    6.231885 ^ _278_/X (sky130_fd_sc_hd__and2_1)
                                                         _068_ (net)
                      0.155694    0.000657    6.232542 ^ _287_/C (sky130_fd_sc_hd__and4_2)
     5    0.026397    0.159930    0.338141    6.570683 ^ _287_/X (sky130_fd_sc_hd__and4_2)
                                                         _077_ (net)
                      0.159941    0.001454    6.572137 ^ _288_/C (sky130_fd_sc_hd__and3_1)
     2    0.008349    0.097399    0.213243    6.785380 ^ _288_/X (sky130_fd_sc_hd__and3_1)
                                                         _078_ (net)
                      0.097399    0.000436    6.785816 ^ _347_/B (sky130_fd_sc_hd__nor2_1)
     2    0.010575    0.058637    0.079834    6.865650 v _347_/Y (sky130_fd_sc_hd__nor2_1)
                                                         _116_ (net)
                      0.058669    0.000663    6.866313 v _348_/B (sky130_fd_sc_hd__nor2_2)
     3    0.024681    0.279914    0.237625    7.103939 ^ _348_/Y (sky130_fd_sc_hd__nor2_2)
                                                         u_ibex.u_ibex_core.load_store_unit_i.addr_last_d[18] (net)
                      0.279931    0.001810    7.105748 ^ _701_/A (sky130_fd_sc_hd__buf_8)
     3    0.164820    0.258350    0.263614    7.369362 ^ _701_/X (sky130_fd_sc_hd__buf_8)
                                                         net40 (net)
                      0.321444    0.097640    7.467001 ^ output40/A (sky130_fd_sc_hd__buf_2)
     1    0.034124    0.170576    0.274916    7.741918 ^ output40/X (sky130_fd_sc_hd__buf_2)
                                                         tl_o[79] (net)
                      0.170589    0.001624    7.743542 ^ tl_o[79] (out)
                                              7.743542   data arrival time

                                 25.000000   25.000000   clock clk_i (rise edge)
                                  0.000000   25.000000   clock network delay (propagated)
                                 -0.250000   24.750000   clock uncertainty
                                  0.000000   24.750000   clock reconvergence pessimism
                                 -5.000000   19.750000   output external delay
                                             19.750000   data required time
---------------------------------------------------------------------------------------------
                                             19.750000   data required time
                                             -7.743542   data arrival time
---------------------------------------------------------------------------------------------
                                             12.006457   slack (MET)


Startpoint: _578_ (rising edge-triggered flip-flop clocked by clk_i)
Endpoint: tl_o[78] (output port clocked by clk_i)
Path Group: clk_i
Path Type: max

Fanout         Cap        Slew       Delay        Time   Description
---------------------------------------------------------------------------------------------
                                  0.000000    0.000000   clock clk_i (rise edge)
                                  0.000000    0.000000   clock source latency
     2    0.083141    0.377847    0.279778    0.279778 ^ clk_i (in)
                                                         clk_i (net)
                      0.382483    0.000000    0.279778 ^ clkbuf_0_clk_i/A (sky130_fd_sc_hd__clkbuf_16)
     2    0.018889    0.047857    0.218239    0.498018 ^ clkbuf_0_clk_i/X (sky130_fd_sc_hd__clkbuf_16)
                                                         clknet_0_clk_i (net)
                      0.047857    0.000962    0.498979 ^ clkbuf_1_0__f_clk_i/A (sky130_fd_sc_hd__clkbuf_16)
     3    0.008434    0.031988    0.115356    0.614336 ^ clkbuf_1_0__f_clk_i/X (sky130_fd_sc_hd__clkbuf_16)
                                                         clknet_1_0__leaf_clk_i (net)
                      0.031989    0.000406    0.614742 ^ _498_/A (sky130_fd_sc_hd__and2_2)
     3    0.056167    0.288109    0.302977    0.917719 ^ _498_/X (sky130_fd_sc_hd__and2_2)
                                                         u_ibex.clk (net)
                      0.289545    0.016500    0.934219 ^ clkbuf_0_u_ibex.clk/A (sky130_fd_sc_hd__clkbuf_16)
     9    0.085943    0.105341    0.250061    1.184280 ^ clkbuf_0_u_ibex.clk/X (sky130_fd_sc_hd__clkbuf_16)
                                                         clknet_0_u_ibex.clk (net)
                      0.107198    0.011073    1.195353 ^ clkbuf_2_2__f_u_ibex.clk/A (sky130_fd_sc_hd__clkbuf_16)
    31    0.111426    0.125471    0.198987    1.394341 ^ clkbuf_2_2__f_u_ibex.clk/X (sky130_fd_sc_hd__clkbuf_16)
                                                         clknet_2_2__leaf_u_ibex.clk (net)
                      0.131310    0.020520    1.414861 ^ _578_/CLK (sky130_fd_sc_hd__dfrtp_1)
     1    0.006077    0.070148    0.368719    1.783579 ^ _578_/Q (sky130_fd_sc_hd__dfrtp_1)
                                                         u_ibex.u_ibex_core.load_store_unit_i.ls_fsm_cs[1] (net)
                      0.070148    0.000311    1.783890 ^ hold126/A (sky130_fd_sc_hd__dlygate4sd3_1)
     1    0.003653    0.060099    0.549944    2.333834 ^ hold126/X (sky130_fd_sc_hd__dlygate4sd3_1)
                                                         net297 (net)
                      0.060791    0.000214    2.334048 ^ hold117/A (sky130_fd_sc_hd__dlygate4sd3_1)
     1    0.002139    0.047606    0.533430    2.867478 ^ hold117/X (sky130_fd_sc_hd__dlygate4sd3_1)
                                                         net288 (net)
                      0.047606    0.000154    2.867631 ^ hold127/A (sky130_fd_sc_hd__dlygate4sd3_1)
     3    0.012362    0.137613    0.607082    3.474714 ^ hold127/X (sky130_fd_sc_hd__dlygate4sd3_1)
                                                         net298 (net)
                      0.137613    0.000381    3.475095 ^ fanout82/A (sky130_fd_sc_hd__dlymetal6s2s_1)
     2    0.007625    0.100421    0.157236    3.632331 ^ fanout82/X (sky130_fd_sc_hd__dlymetal6s2s_1)
                                                         net82 (net)
                      0.100421    0.000232    3.632563 ^ hold128/A (sky130_fd_sc_hd__dlygate4sd3_1)
     5    0.020675    0.214695    0.679198    4.311761 ^ hold128/X (sky130_fd_sc_hd__dlygate4sd3_1)
                                                         net299 (net)
                      0.214697    0.001086    4.312847 ^ _256_/C_N (sky130_fd_sc_hd__nor3b_2)
     7    0.028686    0.494864    0.481129    4.793976 ^ _256_/Y (sky130_fd_sc_hd__nor3b_2)
                                                         _046_ (net)
                      0.494880    0.002290    4.796266 ^ wire77/A (sky130_fd_sc_hd__buf_4)
     7    0.065390    0.186402    0.309818    5.106084 ^ wire77/X (sky130_fd_sc_hd__buf_4)
                                                         net77 (net)
                      0.190334    0.021424    5.127508 ^ _262_/A (sky130_fd_sc_hd__or3_1)
     2    0.010831    0.107411    0.190133    5.317641 ^ _262_/X (sky130_fd_sc_hd__or3_1)
                                                         _052_ (net)
                      0.107411    0.000472    5.318113 ^ fanout75/A (sky130_fd_sc_hd__buf_1)
     3    0.019924    0.238503    0.233599    5.551712 ^ fanout75/X (sky130_fd_sc_hd__buf_1)
                                                         net75 (net)
                      0.238513    0.001337    5.553049 ^ fanout72/A (sky130_fd_sc_hd__buf_1)
     4    0.017405    0.209152    0.234303    5.787352 ^ fanout72/X (sky130_fd_sc_hd__buf_1)
                                                         net72 (net)
                      0.209154    0.000467    5.787819 ^ fanout71/A (sky130_fd_sc_hd__clkbuf_2)
     6    0.024195    0.137411    0.220814    6.008633 ^ fanout71/X (sky130_fd_sc_hd__clkbuf_2)
                                                         net71 (net)
                      0.137411    0.000677    6.009310 ^ _278_/B (sky130_fd_sc_hd__and2_1)
     4    0.015034    0.155694    0.222575    6.231885 ^ _278_/X (sky130_fd_sc_hd__and2_1)
                                                         _068_ (net)
                      0.155694    0.000657    6.232542 ^ _287_/C (sky130_fd_sc_hd__and4_2)
     5    0.026397    0.159930    0.338141    6.570683 ^ _287_/X (sky130_fd_sc_hd__and4_2)
                                                         _077_ (net)
                      0.159941    0.001460    6.572143 ^ _324_/B2 (sky130_fd_sc_hd__a22oi_1)
     1    0.005290    0.084613    0.103622    6.675765 v _324_/Y (sky130_fd_sc_hd__a22oi_1)
                                                         _103_ (net)
                      0.084613    0.000388    6.676153 v _325_/B (sky130_fd_sc_hd__nor2_2)
     5    0.037424    0.410442    0.342178    7.018331 ^ _325_/Y (sky130_fd_sc_hd__nor2_2)
                                                         u_ibex.u_ibex_core.load_store_unit_i.addr_last_d[17] (net)
                      0.410461    0.002370    7.020700 ^ _700_/A (sky130_fd_sc_hd__buf_8)
     3    0.135679    0.208928    0.262508    7.283209 ^ _700_/X (sky130_fd_sc_hd__buf_8)
                                                         net39 (net)
                      0.269239    0.085134    7.368342 ^ output39/A (sky130_fd_sc_hd__buf_2)
     1    0.034997    0.174341    0.267950    7.636293 ^ output39/X (sky130_fd_sc_hd__buf_2)
                                                         tl_o[78] (net)
                      0.174358    0.001797    7.638090 ^ tl_o[78] (out)
                                              7.638090   data arrival time

                                 25.000000   25.000000   clock clk_i (rise edge)
                                  0.000000   25.000000   clock network delay (propagated)
                                 -0.250000   24.750000   clock uncertainty
                                  0.000000   24.750000   clock reconvergence pessimism
                                 -5.000000   19.750000   output external delay
                                             19.750000   data required time
---------------------------------------------------------------------------------------------
                                             19.750000   data required time
                                             -7.638090   data arrival time
---------------------------------------------------------------------------------------------
                                             12.111910   slack (MET)


Startpoint: _578_ (rising edge-triggered flip-flop clocked by clk_i)
Endpoint: tl_o[75] (output port clocked by clk_i)
Path Group: clk_i
Path Type: max

Fanout         Cap        Slew       Delay        Time   Description
---------------------------------------------------------------------------------------------
                                  0.000000    0.000000   clock clk_i (rise edge)
                                  0.000000    0.000000   clock source latency
     2    0.083141    0.377847    0.279778    0.279778 ^ clk_i (in)
                                                         clk_i (net)
                      0.382483    0.000000    0.279778 ^ clkbuf_0_clk_i/A (sky130_fd_sc_hd__clkbuf_16)
     2    0.018889    0.047857    0.218239    0.498018 ^ clkbuf_0_clk_i/X (sky130_fd_sc_hd__clkbuf_16)
                                                         clknet_0_clk_i (net)
                      0.047857    0.000962    0.498979 ^ clkbuf_1_0__f_clk_i/A (sky130_fd_sc_hd__clkbuf_16)
     3    0.008434    0.031988    0.115356    0.614336 ^ clkbuf_1_0__f_clk_i/X (sky130_fd_sc_hd__clkbuf_16)
                                                         clknet_1_0__leaf_clk_i (net)
                      0.031989    0.000406    0.614742 ^ _498_/A (sky130_fd_sc_hd__and2_2)
     3    0.056167    0.288109    0.302977    0.917719 ^ _498_/X (sky130_fd_sc_hd__and2_2)
                                                         u_ibex.clk (net)
                      0.289545    0.016500    0.934219 ^ clkbuf_0_u_ibex.clk/A (sky130_fd_sc_hd__clkbuf_16)
     9    0.085943    0.105341    0.250061    1.184280 ^ clkbuf_0_u_ibex.clk/X (sky130_fd_sc_hd__clkbuf_16)
                                                         clknet_0_u_ibex.clk (net)
                      0.107198    0.011073    1.195353 ^ clkbuf_2_2__f_u_ibex.clk/A (sky130_fd_sc_hd__clkbuf_16)
    31    0.111426    0.125471    0.198987    1.394341 ^ clkbuf_2_2__f_u_ibex.clk/X (sky130_fd_sc_hd__clkbuf_16)
                                                         clknet_2_2__leaf_u_ibex.clk (net)
                      0.131310    0.020520    1.414861 ^ _578_/CLK (sky130_fd_sc_hd__dfrtp_1)
     1    0.006077    0.070148    0.368719    1.783579 ^ _578_/Q (sky130_fd_sc_hd__dfrtp_1)
                                                         u_ibex.u_ibex_core.load_store_unit_i.ls_fsm_cs[1] (net)
                      0.070148    0.000311    1.783890 ^ hold126/A (sky130_fd_sc_hd__dlygate4sd3_1)
     1    0.003653    0.060099    0.549944    2.333834 ^ hold126/X (sky130_fd_sc_hd__dlygate4sd3_1)
                                                         net297 (net)
                      0.060791    0.000214    2.334048 ^ hold117/A (sky130_fd_sc_hd__dlygate4sd3_1)
     1    0.002139    0.047606    0.533430    2.867478 ^ hold117/X (sky130_fd_sc_hd__dlygate4sd3_1)
                                                         net288 (net)
                      0.047606    0.000154    2.867631 ^ hold127/A (sky130_fd_sc_hd__dlygate4sd3_1)
     3    0.012362    0.137613    0.607082    3.474714 ^ hold127/X (sky130_fd_sc_hd__dlygate4sd3_1)
                                                         net298 (net)
                      0.137613    0.000381    3.475095 ^ fanout82/A (sky130_fd_sc_hd__dlymetal6s2s_1)
     2    0.007625    0.100421    0.157236    3.632331 ^ fanout82/X (sky130_fd_sc_hd__dlymetal6s2s_1)
                                                         net82 (net)
                      0.100421    0.000232    3.632563 ^ hold128/A (sky130_fd_sc_hd__dlygate4sd3_1)
     5    0.020675    0.214695    0.679198    4.311761 ^ hold128/X (sky130_fd_sc_hd__dlygate4sd3_1)
                                                         net299 (net)
                      0.214697    0.001086    4.312847 ^ _256_/C_N (sky130_fd_sc_hd__nor3b_2)
     7    0.028686    0.494864    0.481129    4.793976 ^ _256_/Y (sky130_fd_sc_hd__nor3b_2)
                                                         _046_ (net)
                      0.494880    0.002290    4.796266 ^ wire77/A (sky130_fd_sc_hd__buf_4)
     7    0.065390    0.186402    0.309818    5.106084 ^ wire77/X (sky130_fd_sc_hd__buf_4)
                                                         net77 (net)
                      0.190334    0.021424    5.127508 ^ _262_/A (sky130_fd_sc_hd__or3_1)
     2    0.010831    0.107411    0.190133    5.317641 ^ _262_/X (sky130_fd_sc_hd__or3_1)
                                                         _052_ (net)
                      0.107411    0.000472    5.318113 ^ fanout75/A (sky130_fd_sc_hd__buf_1)
     3    0.019924    0.238503    0.233599    5.551712 ^ fanout75/X (sky130_fd_sc_hd__buf_1)
                                                         net75 (net)
                      0.238513    0.001337    5.553049 ^ fanout72/A (sky130_fd_sc_hd__buf_1)
     4    0.017405    0.209152    0.234303    5.787352 ^ fanout72/X (sky130_fd_sc_hd__buf_1)
                                                         net72 (net)
                      0.209154    0.000467    5.787819 ^ fanout71/A (sky130_fd_sc_hd__clkbuf_2)
     6    0.024195    0.137411    0.220814    6.008633 ^ fanout71/X (sky130_fd_sc_hd__clkbuf_2)
                                                         net71 (net)
                      0.137411    0.000677    6.009310 ^ _278_/B (sky130_fd_sc_hd__and2_1)
     4    0.015034    0.155694    0.222575    6.231885 ^ _278_/X (sky130_fd_sc_hd__and2_1)
                                                         _068_ (net)
                      0.155694    0.000631    6.232516 ^ _286_/B (sky130_fd_sc_hd__and3_2)
     5    0.020943    0.122809    0.268184    6.500700 ^ _286_/X (sky130_fd_sc_hd__and3_2)
                                                         _076_ (net)
                      0.122845    0.002013    6.502712 ^ _320_/C (sky130_fd_sc_hd__nand3_2)
     3    0.013082    0.103920    0.122260    6.624973 v _320_/Y (sky130_fd_sc_hd__nand3_2)
                                                         _101_ (net)
                      0.103922    0.000657    6.625630 v _388_/B (sky130_fd_sc_hd__xor2_2)
     3    0.023599    0.311246    0.297112    6.922742 ^ _388_/X (sky130_fd_sc_hd__xor2_2)
                                                         u_ibex.u_ibex_core.load_store_unit_i.addr_last_d[14] (net)
                      0.311262    0.001784    6.924527 ^ _697_/A (sky130_fd_sc_hd__buf_8)
     3    0.137924    0.218582    0.242379    7.166905 ^ _697_/X (sky130_fd_sc_hd__buf_8)
                                                         net36 (net)
                      0.276567    0.086597    7.253501 ^ output36/A (sky130_fd_sc_hd__buf_2)
     1    0.034563    0.172335    0.268587    7.522089 ^ output36/X (sky130_fd_sc_hd__buf_2)
                                                         tl_o[75] (net)
                      0.172350    0.001672    7.523761 ^ tl_o[75] (out)
                                              7.523761   data arrival time

                                 25.000000   25.000000   clock clk_i (rise edge)
                                  0.000000   25.000000   clock network delay (propagated)
                                 -0.250000   24.750000   clock uncertainty
                                  0.000000   24.750000   clock reconvergence pessimism
                                 -5.000000   19.750000   output external delay
                                             19.750000   data required time
---------------------------------------------------------------------------------------------
                                             19.750000   data required time
                                             -7.523761   data arrival time
---------------------------------------------------------------------------------------------
                                             12.226238   slack (MET)


Startpoint: _578_ (rising edge-triggered flip-flop clocked by clk_i)
Endpoint: tl_o[74] (output port clocked by clk_i)
Path Group: clk_i
Path Type: max

Fanout         Cap        Slew       Delay        Time   Description
---------------------------------------------------------------------------------------------
                                  0.000000    0.000000   clock clk_i (rise edge)
                                  0.000000    0.000000   clock source latency
     2    0.083141    0.377847    0.279778    0.279778 ^ clk_i (in)
                                                         clk_i (net)
                      0.382483    0.000000    0.279778 ^ clkbuf_0_clk_i/A (sky130_fd_sc_hd__clkbuf_16)
     2    0.018889    0.047857    0.218239    0.498018 ^ clkbuf_0_clk_i/X (sky130_fd_sc_hd__clkbuf_16)
                                                         clknet_0_clk_i (net)
                      0.047857    0.000962    0.498979 ^ clkbuf_1_0__f_clk_i/A (sky130_fd_sc_hd__clkbuf_16)
     3    0.008434    0.031988    0.115356    0.614336 ^ clkbuf_1_0__f_clk_i/X (sky130_fd_sc_hd__clkbuf_16)
                                                         clknet_1_0__leaf_clk_i (net)
                      0.031989    0.000406    0.614742 ^ _498_/A (sky130_fd_sc_hd__and2_2)
     3    0.056167    0.288109    0.302977    0.917719 ^ _498_/X (sky130_fd_sc_hd__and2_2)
                                                         u_ibex.clk (net)
                      0.289545    0.016500    0.934219 ^ clkbuf_0_u_ibex.clk/A (sky130_fd_sc_hd__clkbuf_16)
     9    0.085943    0.105341    0.250061    1.184280 ^ clkbuf_0_u_ibex.clk/X (sky130_fd_sc_hd__clkbuf_16)
                                                         clknet_0_u_ibex.clk (net)
                      0.107198    0.011073    1.195353 ^ clkbuf_2_2__f_u_ibex.clk/A (sky130_fd_sc_hd__clkbuf_16)
    31    0.111426    0.125471    0.198987    1.394341 ^ clkbuf_2_2__f_u_ibex.clk/X (sky130_fd_sc_hd__clkbuf_16)
                                                         clknet_2_2__leaf_u_ibex.clk (net)
                      0.131310    0.020520    1.414861 ^ _578_/CLK (sky130_fd_sc_hd__dfrtp_1)
     1    0.006077    0.070148    0.368719    1.783579 ^ _578_/Q (sky130_fd_sc_hd__dfrtp_1)
                                                         u_ibex.u_ibex_core.load_store_unit_i.ls_fsm_cs[1] (net)
                      0.070148    0.000311    1.783890 ^ hold126/A (sky130_fd_sc_hd__dlygate4sd3_1)
     1    0.003653    0.060099    0.549944    2.333834 ^ hold126/X (sky130_fd_sc_hd__dlygate4sd3_1)
                                                         net297 (net)
                      0.060791    0.000214    2.334048 ^ hold117/A (sky130_fd_sc_hd__dlygate4sd3_1)
     1    0.002139    0.047606    0.533430    2.867478 ^ hold117/X (sky130_fd_sc_hd__dlygate4sd3_1)
                                                         net288 (net)
                      0.047606    0.000154    2.867631 ^ hold127/A (sky130_fd_sc_hd__dlygate4sd3_1)
     3    0.012362    0.137613    0.607082    3.474714 ^ hold127/X (sky130_fd_sc_hd__dlygate4sd3_1)
                                                         net298 (net)
                      0.137613    0.000381    3.475095 ^ fanout82/A (sky130_fd_sc_hd__dlymetal6s2s_1)
     2    0.007625    0.100421    0.157236    3.632331 ^ fanout82/X (sky130_fd_sc_hd__dlymetal6s2s_1)
                                                         net82 (net)
                      0.100421    0.000232    3.632563 ^ hold128/A (sky130_fd_sc_hd__dlygate4sd3_1)
     5    0.020675    0.214695    0.679198    4.311761 ^ hold128/X (sky130_fd_sc_hd__dlygate4sd3_1)
                                                         net299 (net)
                      0.214697    0.001086    4.312847 ^ _256_/C_N (sky130_fd_sc_hd__nor3b_2)
     7    0.028686    0.494864    0.481129    4.793976 ^ _256_/Y (sky130_fd_sc_hd__nor3b_2)
                                                         _046_ (net)
                      0.494880    0.002290    4.796266 ^ wire77/A (sky130_fd_sc_hd__buf_4)
     7    0.065390    0.186402    0.309818    5.106084 ^ wire77/X (sky130_fd_sc_hd__buf_4)
                                                         net77 (net)
                      0.190334    0.021424    5.127508 ^ _262_/A (sky130_fd_sc_hd__or3_1)
     2    0.010831    0.107411    0.190133    5.317641 ^ _262_/X (sky130_fd_sc_hd__or3_1)
                                                         _052_ (net)
                      0.107411    0.000472    5.318113 ^ fanout75/A (sky130_fd_sc_hd__buf_1)
     3    0.019924    0.238503    0.233599    5.551712 ^ fanout75/X (sky130_fd_sc_hd__buf_1)
                                                         net75 (net)
                      0.238513    0.001337    5.553049 ^ fanout72/A (sky130_fd_sc_hd__buf_1)
     4    0.017405    0.209152    0.234303    5.787352 ^ fanout72/X (sky130_fd_sc_hd__buf_1)
                                                         net72 (net)
                      0.209154    0.000467    5.787819 ^ fanout71/A (sky130_fd_sc_hd__clkbuf_2)
     6    0.024195    0.137411    0.220814    6.008633 ^ fanout71/X (sky130_fd_sc_hd__clkbuf_2)
                                                         net71 (net)
                      0.137411    0.000677    6.009310 ^ _278_/B (sky130_fd_sc_hd__and2_1)
     4    0.015034    0.155694    0.222575    6.231885 ^ _278_/X (sky130_fd_sc_hd__and2_1)
                                                         _068_ (net)
                      0.155694    0.000631    6.232516 ^ _286_/B (sky130_fd_sc_hd__and3_2)
     5    0.020943    0.122809    0.268184    6.500700 ^ _286_/X (sky130_fd_sc_hd__and3_2)
                                                         _076_ (net)
                      0.122835    0.001763    6.502463 ^ _319_/B1 (sky130_fd_sc_hd__a22o_1)
     2    0.008302    0.092762    0.175798    6.678262 ^ _319_/X (sky130_fd_sc_hd__a22o_1)
                                                         _100_ (net)
                      0.092762    0.000418    6.678680 ^ _321_/A (sky130_fd_sc_hd__and2_1)
     3    0.018724    0.189965    0.232948    6.911628 ^ _321_/X (sky130_fd_sc_hd__and2_1)
                                                         u_ibex.u_ibex_core.load_store_unit_i.addr_last_d[13] (net)
                      0.190038    0.001325    6.912953 ^ _696_/A (sky130_fd_sc_hd__buf_8)
     3    0.142777    0.224758    0.221906    7.134859 ^ _696_/X (sky130_fd_sc_hd__buf_8)
                                                         net35 (net)
                      0.291690    0.095364    7.230223 ^ output35/A (sky130_fd_sc_hd__buf_2)
     1    0.034565    0.172408    0.271634    7.501857 ^ output35/X (sky130_fd_sc_hd__buf_2)
                                                         tl_o[74] (net)
                      0.172422    0.001672    7.503529 ^ tl_o[74] (out)
                                              7.503529   data arrival time

                                 25.000000   25.000000   clock clk_i (rise edge)
                                  0.000000   25.000000   clock network delay (propagated)
                                 -0.250000   24.750000   clock uncertainty
                                  0.000000   24.750000   clock reconvergence pessimism
                                 -5.000000   19.750000   output external delay
                                             19.750000   data required time
---------------------------------------------------------------------------------------------
                                             19.750000   data required time
                                             -7.503529   data arrival time
---------------------------------------------------------------------------------------------
                                             12.246470   slack (MET)


Startpoint: _578_ (rising edge-triggered flip-flop clocked by clk_i)
Endpoint: tl_o[73] (output port clocked by clk_i)
Path Group: clk_i
Path Type: max

Fanout         Cap        Slew       Delay        Time   Description
---------------------------------------------------------------------------------------------
                                  0.000000    0.000000   clock clk_i (rise edge)
                                  0.000000    0.000000   clock source latency
     2    0.083141    0.377847    0.279778    0.279778 ^ clk_i (in)
                                                         clk_i (net)
                      0.382483    0.000000    0.279778 ^ clkbuf_0_clk_i/A (sky130_fd_sc_hd__clkbuf_16)
     2    0.018889    0.047857    0.218239    0.498018 ^ clkbuf_0_clk_i/X (sky130_fd_sc_hd__clkbuf_16)
                                                         clknet_0_clk_i (net)
                      0.047857    0.000962    0.498979 ^ clkbuf_1_0__f_clk_i/A (sky130_fd_sc_hd__clkbuf_16)
     3    0.008434    0.031988    0.115356    0.614336 ^ clkbuf_1_0__f_clk_i/X (sky130_fd_sc_hd__clkbuf_16)
                                                         clknet_1_0__leaf_clk_i (net)
                      0.031989    0.000406    0.614742 ^ _498_/A (sky130_fd_sc_hd__and2_2)
     3    0.056167    0.288109    0.302977    0.917719 ^ _498_/X (sky130_fd_sc_hd__and2_2)
                                                         u_ibex.clk (net)
                      0.289545    0.016500    0.934219 ^ clkbuf_0_u_ibex.clk/A (sky130_fd_sc_hd__clkbuf_16)
     9    0.085943    0.105341    0.250061    1.184280 ^ clkbuf_0_u_ibex.clk/X (sky130_fd_sc_hd__clkbuf_16)
                                                         clknet_0_u_ibex.clk (net)
                      0.107198    0.011073    1.195353 ^ clkbuf_2_2__f_u_ibex.clk/A (sky130_fd_sc_hd__clkbuf_16)
    31    0.111426    0.125471    0.198987    1.394341 ^ clkbuf_2_2__f_u_ibex.clk/X (sky130_fd_sc_hd__clkbuf_16)
                                                         clknet_2_2__leaf_u_ibex.clk (net)
                      0.131310    0.020520    1.414861 ^ _578_/CLK (sky130_fd_sc_hd__dfrtp_1)
     1    0.006077    0.070148    0.368719    1.783579 ^ _578_/Q (sky130_fd_sc_hd__dfrtp_1)
                                                         u_ibex.u_ibex_core.load_store_unit_i.ls_fsm_cs[1] (net)
                      0.070148    0.000311    1.783890 ^ hold126/A (sky130_fd_sc_hd__dlygate4sd3_1)
     1    0.003653    0.060099    0.549944    2.333834 ^ hold126/X (sky130_fd_sc_hd__dlygate4sd3_1)
                                                         net297 (net)
                      0.060791    0.000214    2.334048 ^ hold117/A (sky130_fd_sc_hd__dlygate4sd3_1)
     1    0.002139    0.047606    0.533430    2.867478 ^ hold117/X (sky130_fd_sc_hd__dlygate4sd3_1)
                                                         net288 (net)
                      0.047606    0.000154    2.867631 ^ hold127/A (sky130_fd_sc_hd__dlygate4sd3_1)
     3    0.012362    0.137613    0.607082    3.474714 ^ hold127/X (sky130_fd_sc_hd__dlygate4sd3_1)
                                                         net298 (net)
                      0.137613    0.000381    3.475095 ^ fanout82/A (sky130_fd_sc_hd__dlymetal6s2s_1)
     2    0.007625    0.100421    0.157236    3.632331 ^ fanout82/X (sky130_fd_sc_hd__dlymetal6s2s_1)
                                                         net82 (net)
                      0.100421    0.000232    3.632563 ^ hold128/A (sky130_fd_sc_hd__dlygate4sd3_1)
     5    0.020675    0.214695    0.679198    4.311761 ^ hold128/X (sky130_fd_sc_hd__dlygate4sd3_1)
                                                         net299 (net)
                      0.214697    0.001086    4.312847 ^ _256_/C_N (sky130_fd_sc_hd__nor3b_2)
     7    0.028686    0.494864    0.481129    4.793976 ^ _256_/Y (sky130_fd_sc_hd__nor3b_2)
                                                         _046_ (net)
                      0.494880    0.002290    4.796266 ^ wire77/A (sky130_fd_sc_hd__buf_4)
     7    0.065390    0.186402    0.309818    5.106084 ^ wire77/X (sky130_fd_sc_hd__buf_4)
                                                         net77 (net)
                      0.190334    0.021424    5.127508 ^ _262_/A (sky130_fd_sc_hd__or3_1)
     2    0.010831    0.107411    0.190133    5.317641 ^ _262_/X (sky130_fd_sc_hd__or3_1)
                                                         _052_ (net)
                      0.107411    0.000472    5.318113 ^ fanout75/A (sky130_fd_sc_hd__buf_1)
     3    0.019924    0.238503    0.233599    5.551712 ^ fanout75/X (sky130_fd_sc_hd__buf_1)
                                                         net75 (net)
                      0.238513    0.001337    5.553049 ^ fanout72/A (sky130_fd_sc_hd__buf_1)
     4    0.017405    0.209152    0.234303    5.787352 ^ fanout72/X (sky130_fd_sc_hd__buf_1)
                                                         net72 (net)
                      0.209154    0.000467    5.787819 ^ fanout71/A (sky130_fd_sc_hd__clkbuf_2)
     6    0.024195    0.137411    0.220814    6.008633 ^ fanout71/X (sky130_fd_sc_hd__clkbuf_2)
                                                         net71 (net)
                      0.137411    0.000677    6.009310 ^ _278_/B (sky130_fd_sc_hd__and2_1)
     4    0.015034    0.155694    0.222575    6.231885 ^ _278_/X (sky130_fd_sc_hd__and2_1)
                                                         _068_ (net)
                      0.155694    0.000631    6.232516 ^ _286_/B (sky130_fd_sc_hd__and3_2)
     5    0.020943    0.122809    0.268184    6.500700 ^ _286_/X (sky130_fd_sc_hd__and3_2)
                                                         _076_ (net)
                      0.122836    0.001777    6.502477 ^ _304_/B1 (sky130_fd_sc_hd__a21oi_1)
     1    0.003877    0.064891    0.060534    6.563011 v _304_/Y (sky130_fd_sc_hd__a21oi_1)
                                                         _090_ (net)
                      0.064892    0.000302    6.563313 v _305_/B1 (sky130_fd_sc_hd__a21o_1)
     2    0.012294    0.071773    0.197074    6.760387 v _305_/X (sky130_fd_sc_hd__a21o_1)
                                                         _091_ (net)
                      0.071780    0.000785    6.761172 v _306_/A (sky130_fd_sc_hd__inv_2)
     3    0.023776    0.112847    0.117562    6.878735 ^ _306_/Y (sky130_fd_sc_hd__inv_2)
                                                         u_ibex.u_ibex_core.load_store_unit_i.addr_last_d[12] (net)
                      0.112913    0.002244    6.880979 ^ _695_/A (sky130_fd_sc_hd__buf_8)
     3    0.142512    0.224016    0.205385    7.086365 ^ _695_/X (sky130_fd_sc_hd__buf_8)
                                                         net34 (net)
                      0.285770    0.090723    7.177088 ^ output34/A (sky130_fd_sc_hd__buf_2)
     1    0.034579    0.172436    0.270742    7.447829 ^ output34/X (sky130_fd_sc_hd__buf_2)
                                                         tl_o[73] (net)
                      0.172450    0.001672    7.449502 ^ tl_o[73] (out)
                                              7.449502   data arrival time

                                 25.000000   25.000000   clock clk_i (rise edge)
                                  0.000000   25.000000   clock network delay (propagated)
                                 -0.250000   24.750000   clock uncertainty
                                  0.000000   24.750000   clock reconvergence pessimism
                                 -5.000000   19.750000   output external delay
                                             19.750000   data required time
---------------------------------------------------------------------------------------------
                                             19.750000   data required time
                                             -7.449502   data arrival time
---------------------------------------------------------------------------------------------
                                             12.300498   slack (MET)


Startpoint: _578_ (rising edge-triggered flip-flop clocked by clk_i)
Endpoint: tl_o[77] (output port clocked by clk_i)
Path Group: clk_i
Path Type: max

Fanout         Cap        Slew       Delay        Time   Description
---------------------------------------------------------------------------------------------
                                  0.000000    0.000000   clock clk_i (rise edge)
                                  0.000000    0.000000   clock source latency
     2    0.083141    0.377847    0.279778    0.279778 ^ clk_i (in)
                                                         clk_i (net)
                      0.382483    0.000000    0.279778 ^ clkbuf_0_clk_i/A (sky130_fd_sc_hd__clkbuf_16)
     2    0.018889    0.047857    0.218239    0.498018 ^ clkbuf_0_clk_i/X (sky130_fd_sc_hd__clkbuf_16)
                                                         clknet_0_clk_i (net)
                      0.047857    0.000962    0.498979 ^ clkbuf_1_0__f_clk_i/A (sky130_fd_sc_hd__clkbuf_16)
     3    0.008434    0.031988    0.115356    0.614336 ^ clkbuf_1_0__f_clk_i/X (sky130_fd_sc_hd__clkbuf_16)
                                                         clknet_1_0__leaf_clk_i (net)
                      0.031989    0.000406    0.614742 ^ _498_/A (sky130_fd_sc_hd__and2_2)
     3    0.056167    0.288109    0.302977    0.917719 ^ _498_/X (sky130_fd_sc_hd__and2_2)
                                                         u_ibex.clk (net)
                      0.289545    0.016500    0.934219 ^ clkbuf_0_u_ibex.clk/A (sky130_fd_sc_hd__clkbuf_16)
     9    0.085943    0.105341    0.250061    1.184280 ^ clkbuf_0_u_ibex.clk/X (sky130_fd_sc_hd__clkbuf_16)
                                                         clknet_0_u_ibex.clk (net)
                      0.107198    0.011073    1.195353 ^ clkbuf_2_2__f_u_ibex.clk/A (sky130_fd_sc_hd__clkbuf_16)
    31    0.111426    0.125471    0.198987    1.394341 ^ clkbuf_2_2__f_u_ibex.clk/X (sky130_fd_sc_hd__clkbuf_16)
                                                         clknet_2_2__leaf_u_ibex.clk (net)
                      0.131310    0.020520    1.414861 ^ _578_/CLK (sky130_fd_sc_hd__dfrtp_1)
     1    0.006077    0.070148    0.368719    1.783579 ^ _578_/Q (sky130_fd_sc_hd__dfrtp_1)
                                                         u_ibex.u_ibex_core.load_store_unit_i.ls_fsm_cs[1] (net)
                      0.070148    0.000311    1.783890 ^ hold126/A (sky130_fd_sc_hd__dlygate4sd3_1)
     1    0.003653    0.060099    0.549944    2.333834 ^ hold126/X (sky130_fd_sc_hd__dlygate4sd3_1)
                                                         net297 (net)
                      0.060791    0.000214    2.334048 ^ hold117/A (sky130_fd_sc_hd__dlygate4sd3_1)
     1    0.002139    0.047606    0.533430    2.867478 ^ hold117/X (sky130_fd_sc_hd__dlygate4sd3_1)
                                                         net288 (net)
                      0.047606    0.000154    2.867631 ^ hold127/A (sky130_fd_sc_hd__dlygate4sd3_1)
     3    0.012362    0.137613    0.607082    3.474714 ^ hold127/X (sky130_fd_sc_hd__dlygate4sd3_1)
                                                         net298 (net)
                      0.137613    0.000381    3.475095 ^ fanout82/A (sky130_fd_sc_hd__dlymetal6s2s_1)
     2    0.007625    0.100421    0.157236    3.632331 ^ fanout82/X (sky130_fd_sc_hd__dlymetal6s2s_1)
                                                         net82 (net)
                      0.100421    0.000232    3.632563 ^ hold128/A (sky130_fd_sc_hd__dlygate4sd3_1)
     5    0.020675    0.214695    0.679198    4.311761 ^ hold128/X (sky130_fd_sc_hd__dlygate4sd3_1)
                                                         net299 (net)
                      0.214697    0.001086    4.312847 ^ _256_/C_N (sky130_fd_sc_hd__nor3b_2)
     7    0.028686    0.494864    0.481129    4.793976 ^ _256_/Y (sky130_fd_sc_hd__nor3b_2)
                                                         _046_ (net)
                      0.494880    0.002290    4.796266 ^ wire77/A (sky130_fd_sc_hd__buf_4)
     7    0.065390    0.186402    0.309818    5.106084 ^ wire77/X (sky130_fd_sc_hd__buf_4)
                                                         net77 (net)
                      0.190334    0.021424    5.127508 ^ _262_/A (sky130_fd_sc_hd__or3_1)
     2    0.010831    0.107411    0.190133    5.317641 ^ _262_/X (sky130_fd_sc_hd__or3_1)
                                                         _052_ (net)
                      0.107411    0.000472    5.318113 ^ fanout75/A (sky130_fd_sc_hd__buf_1)
     3    0.019924    0.238503    0.233599    5.551712 ^ fanout75/X (sky130_fd_sc_hd__buf_1)
                                                         net75 (net)
                      0.238513    0.001337    5.553049 ^ fanout72/A (sky130_fd_sc_hd__buf_1)
     4    0.017405    0.209152    0.234303    5.787352 ^ fanout72/X (sky130_fd_sc_hd__buf_1)
                                                         net72 (net)
                      0.209154    0.000467    5.787819 ^ fanout71/A (sky130_fd_sc_hd__clkbuf_2)
     6    0.024195    0.137411    0.220814    6.008633 ^ fanout71/X (sky130_fd_sc_hd__clkbuf_2)
                                                         net71 (net)
                      0.137411    0.000677    6.009310 ^ _278_/B (sky130_fd_sc_hd__and2_1)
     4    0.015034    0.155694    0.222575    6.231885 ^ _278_/X (sky130_fd_sc_hd__and2_1)
                                                         _068_ (net)
                      0.155694    0.000657    6.232542 ^ _287_/C (sky130_fd_sc_hd__and4_2)
     5    0.026397    0.159930    0.338141    6.570683 ^ _287_/X (sky130_fd_sc_hd__and4_2)
                                                         _077_ (net)
                      0.159939    0.001328    6.572011 ^ _372_/B (sky130_fd_sc_hd__xnor2_2)
     3    0.015336    0.236376    0.166607    6.738619 ^ _372_/Y (sky130_fd_sc_hd__xnor2_2)
                                                         _135_ (net)
                      0.236457    0.000919    6.739538 ^ _373_/A (sky130_fd_sc_hd__inv_2)
     2    0.011477    0.067736    0.082008    6.821545 v _373_/Y (sky130_fd_sc_hd__inv_2)
                                                         u_ibex.u_ibex_core.load_store_unit_i.addr_last_d[16] (net)
                      0.067744    0.000748    6.822293 v _699_/A (sky130_fd_sc_hd__buf_8)
     3    0.151036    0.074035    0.166013    6.988306 v _699_/X (sky130_fd_sc_hd__buf_8)
                                                         net38 (net)
                      0.245492    0.113750    7.102057 v output38/A (sky130_fd_sc_hd__buf_2)
     1    0.034553    0.091613    0.269358    7.371414 v output38/X (sky130_fd_sc_hd__buf_2)
                                                         tl_o[77] (net)
                      0.091649    0.001669    7.373084 v tl_o[77] (out)
                                              7.373084   data arrival time

                                 25.000000   25.000000   clock clk_i (rise edge)
                                  0.000000   25.000000   clock network delay (propagated)
                                 -0.250000   24.750000   clock uncertainty
                                  0.000000   24.750000   clock reconvergence pessimism
                                 -5.000000   19.750000   output external delay
                                             19.750000   data required time
---------------------------------------------------------------------------------------------
                                             19.750000   data required time
                                             -7.373084   data arrival time
---------------------------------------------------------------------------------------------
                                             12.376916   slack (MET)


Startpoint: _578_ (rising edge-triggered flip-flop clocked by clk_i)
Endpoint: tl_o[72] (output port clocked by clk_i)
Path Group: clk_i
Path Type: max

Fanout         Cap        Slew       Delay        Time   Description
---------------------------------------------------------------------------------------------
                                  0.000000    0.000000   clock clk_i (rise edge)
                                  0.000000    0.000000   clock source latency
     2    0.083141    0.377847    0.279778    0.279778 ^ clk_i (in)
                                                         clk_i (net)
                      0.382483    0.000000    0.279778 ^ clkbuf_0_clk_i/A (sky130_fd_sc_hd__clkbuf_16)
     2    0.018889    0.047857    0.218239    0.498018 ^ clkbuf_0_clk_i/X (sky130_fd_sc_hd__clkbuf_16)
                                                         clknet_0_clk_i (net)
                      0.047857    0.000962    0.498979 ^ clkbuf_1_0__f_clk_i/A (sky130_fd_sc_hd__clkbuf_16)
     3    0.008434    0.031988    0.115356    0.614336 ^ clkbuf_1_0__f_clk_i/X (sky130_fd_sc_hd__clkbuf_16)
                                                         clknet_1_0__leaf_clk_i (net)
                      0.031989    0.000406    0.614742 ^ _498_/A (sky130_fd_sc_hd__and2_2)
     3    0.056167    0.288109    0.302977    0.917719 ^ _498_/X (sky130_fd_sc_hd__and2_2)
                                                         u_ibex.clk (net)
                      0.289545    0.016500    0.934219 ^ clkbuf_0_u_ibex.clk/A (sky130_fd_sc_hd__clkbuf_16)
     9    0.085943    0.105341    0.250061    1.184280 ^ clkbuf_0_u_ibex.clk/X (sky130_fd_sc_hd__clkbuf_16)
                                                         clknet_0_u_ibex.clk (net)
                      0.107198    0.011073    1.195353 ^ clkbuf_2_2__f_u_ibex.clk/A (sky130_fd_sc_hd__clkbuf_16)
    31    0.111426    0.125471    0.198987    1.394341 ^ clkbuf_2_2__f_u_ibex.clk/X (sky130_fd_sc_hd__clkbuf_16)
                                                         clknet_2_2__leaf_u_ibex.clk (net)
                      0.131310    0.020520    1.414861 ^ _578_/CLK (sky130_fd_sc_hd__dfrtp_1)
     1    0.006077    0.070148    0.368719    1.783579 ^ _578_/Q (sky130_fd_sc_hd__dfrtp_1)
                                                         u_ibex.u_ibex_core.load_store_unit_i.ls_fsm_cs[1] (net)
                      0.070148    0.000311    1.783890 ^ hold126/A (sky130_fd_sc_hd__dlygate4sd3_1)
     1    0.003653    0.060099    0.549944    2.333834 ^ hold126/X (sky130_fd_sc_hd__dlygate4sd3_1)
                                                         net297 (net)
                      0.060791    0.000214    2.334048 ^ hold117/A (sky130_fd_sc_hd__dlygate4sd3_1)
     1    0.002139    0.047606    0.533430    2.867478 ^ hold117/X (sky130_fd_sc_hd__dlygate4sd3_1)
                                                         net288 (net)
                      0.047606    0.000154    2.867631 ^ hold127/A (sky130_fd_sc_hd__dlygate4sd3_1)
     3    0.012362    0.137613    0.607082    3.474714 ^ hold127/X (sky130_fd_sc_hd__dlygate4sd3_1)
                                                         net298 (net)
                      0.137613    0.000381    3.475095 ^ fanout82/A (sky130_fd_sc_hd__dlymetal6s2s_1)
     2    0.007625    0.100421    0.157236    3.632331 ^ fanout82/X (sky130_fd_sc_hd__dlymetal6s2s_1)
                                                         net82 (net)
                      0.100421    0.000232    3.632563 ^ hold128/A (sky130_fd_sc_hd__dlygate4sd3_1)
     5    0.020675    0.214695    0.679198    4.311761 ^ hold128/X (sky130_fd_sc_hd__dlygate4sd3_1)
                                                         net299 (net)
                      0.214697    0.001086    4.312847 ^ _256_/C_N (sky130_fd_sc_hd__nor3b_2)
     7    0.028686    0.494864    0.481129    4.793976 ^ _256_/Y (sky130_fd_sc_hd__nor3b_2)
                                                         _046_ (net)
                      0.494880    0.002290    4.796266 ^ wire77/A (sky130_fd_sc_hd__buf_4)
     7    0.065390    0.186402    0.309818    5.106084 ^ wire77/X (sky130_fd_sc_hd__buf_4)
                                                         net77 (net)
                      0.190334    0.021424    5.127508 ^ _262_/A (sky130_fd_sc_hd__or3_1)
     2    0.010831    0.107411    0.190133    5.317641 ^ _262_/X (sky130_fd_sc_hd__or3_1)
                                                         _052_ (net)
                      0.107411    0.000472    5.318113 ^ fanout75/A (sky130_fd_sc_hd__buf_1)
     3    0.019924    0.238503    0.233599    5.551712 ^ fanout75/X (sky130_fd_sc_hd__buf_1)
                                                         net75 (net)
                      0.238513    0.001337    5.553049 ^ fanout72/A (sky130_fd_sc_hd__buf_1)
     4    0.017405    0.209152    0.234303    5.787352 ^ fanout72/X (sky130_fd_sc_hd__buf_1)
                                                         net72 (net)
                      0.209154    0.000467    5.787819 ^ fanout71/A (sky130_fd_sc_hd__clkbuf_2)
     6    0.024195    0.137411    0.220814    6.008633 ^ fanout71/X (sky130_fd_sc_hd__clkbuf_2)
                                                         net71 (net)
                      0.137411    0.000677    6.009310 ^ _278_/B (sky130_fd_sc_hd__and2_1)
     4    0.015034    0.155694    0.222575    6.231885 ^ _278_/X (sky130_fd_sc_hd__and2_1)
                                                         _068_ (net)
                      0.155694    0.000550    6.232435 ^ _345_/A (sky130_fd_sc_hd__nor2_1)
     1    0.008856    0.064967    0.096027    6.328463 v _345_/Y (sky130_fd_sc_hd__nor2_1)
                                                         _115_ (net)
                      0.064974    0.000659    6.329121 v _346_/B (sky130_fd_sc_hd__nor2_2)
     3    0.027421    0.307748    0.260295    6.589417 ^ _346_/Y (sky130_fd_sc_hd__nor2_2)
                                                         u_ibex.u_ibex_core.load_store_unit_i.addr_last_d[11] (net)
                      0.307773    0.002306    6.591722 ^ _694_/A (sky130_fd_sc_hd__buf_8)
     3    0.159713    0.251431    0.248765    6.840487 ^ _694_/X (sky130_fd_sc_hd__buf_8)
                                                         net33 (net)
                      0.325307    0.106202    6.946690 ^ output33/A (sky130_fd_sc_hd__buf_2)
     1    0.035046    0.174841    0.278464    7.225154 ^ output33/X (sky130_fd_sc_hd__buf_2)
                                                         tl_o[72] (net)
                      0.174858    0.001799    7.226953 ^ tl_o[72] (out)
                                              7.226953   data arrival time

                                 25.000000   25.000000   clock clk_i (rise edge)
                                  0.000000   25.000000   clock network delay (propagated)
                                 -0.250000   24.750000   clock uncertainty
                                  0.000000   24.750000   clock reconvergence pessimism
                                 -5.000000   19.750000   output external delay
                                             19.750000   data required time
---------------------------------------------------------------------------------------------
                                             19.750000   data required time
                                             -7.226953   data arrival time
---------------------------------------------------------------------------------------------
                                             12.523046   slack (MET)


Startpoint: _578_ (rising edge-triggered flip-flop clocked by clk_i)
Endpoint: tl_o[71] (output port clocked by clk_i)
Path Group: clk_i
Path Type: max

Fanout         Cap        Slew       Delay        Time   Description
---------------------------------------------------------------------------------------------
                                  0.000000    0.000000   clock clk_i (rise edge)
                                  0.000000    0.000000   clock source latency
     2    0.083141    0.377847    0.279778    0.279778 ^ clk_i (in)
                                                         clk_i (net)
                      0.382483    0.000000    0.279778 ^ clkbuf_0_clk_i/A (sky130_fd_sc_hd__clkbuf_16)
     2    0.018889    0.047857    0.218239    0.498018 ^ clkbuf_0_clk_i/X (sky130_fd_sc_hd__clkbuf_16)
                                                         clknet_0_clk_i (net)
                      0.047857    0.000962    0.498979 ^ clkbuf_1_0__f_clk_i/A (sky130_fd_sc_hd__clkbuf_16)
     3    0.008434    0.031988    0.115356    0.614336 ^ clkbuf_1_0__f_clk_i/X (sky130_fd_sc_hd__clkbuf_16)
                                                         clknet_1_0__leaf_clk_i (net)
                      0.031989    0.000406    0.614742 ^ _498_/A (sky130_fd_sc_hd__and2_2)
     3    0.056167    0.288109    0.302977    0.917719 ^ _498_/X (sky130_fd_sc_hd__and2_2)
                                                         u_ibex.clk (net)
                      0.289545    0.016500    0.934219 ^ clkbuf_0_u_ibex.clk/A (sky130_fd_sc_hd__clkbuf_16)
     9    0.085943    0.105341    0.250061    1.184280 ^ clkbuf_0_u_ibex.clk/X (sky130_fd_sc_hd__clkbuf_16)
                                                         clknet_0_u_ibex.clk (net)
                      0.107198    0.011073    1.195353 ^ clkbuf_2_2__f_u_ibex.clk/A (sky130_fd_sc_hd__clkbuf_16)
    31    0.111426    0.125471    0.198987    1.394341 ^ clkbuf_2_2__f_u_ibex.clk/X (sky130_fd_sc_hd__clkbuf_16)
                                                         clknet_2_2__leaf_u_ibex.clk (net)
                      0.131310    0.020520    1.414861 ^ _578_/CLK (sky130_fd_sc_hd__dfrtp_1)
     1    0.006077    0.070148    0.368719    1.783579 ^ _578_/Q (sky130_fd_sc_hd__dfrtp_1)
                                                         u_ibex.u_ibex_core.load_store_unit_i.ls_fsm_cs[1] (net)
                      0.070148    0.000311    1.783890 ^ hold126/A (sky130_fd_sc_hd__dlygate4sd3_1)
     1    0.003653    0.060099    0.549944    2.333834 ^ hold126/X (sky130_fd_sc_hd__dlygate4sd3_1)
                                                         net297 (net)
                      0.060791    0.000214    2.334048 ^ hold117/A (sky130_fd_sc_hd__dlygate4sd3_1)
     1    0.002139    0.047606    0.533430    2.867478 ^ hold117/X (sky130_fd_sc_hd__dlygate4sd3_1)
                                                         net288 (net)
                      0.047606    0.000154    2.867631 ^ hold127/A (sky130_fd_sc_hd__dlygate4sd3_1)
     3    0.012362    0.137613    0.607082    3.474714 ^ hold127/X (sky130_fd_sc_hd__dlygate4sd3_1)
                                                         net298 (net)
                      0.137613    0.000381    3.475095 ^ fanout82/A (sky130_fd_sc_hd__dlymetal6s2s_1)
     2    0.007625    0.100421    0.157236    3.632331 ^ fanout82/X (sky130_fd_sc_hd__dlymetal6s2s_1)
                                                         net82 (net)
                      0.100421    0.000232    3.632563 ^ hold128/A (sky130_fd_sc_hd__dlygate4sd3_1)
     5    0.020675    0.214695    0.679198    4.311761 ^ hold128/X (sky130_fd_sc_hd__dlygate4sd3_1)
                                                         net299 (net)
                      0.214697    0.001086    4.312847 ^ _256_/C_N (sky130_fd_sc_hd__nor3b_2)
     7    0.028686    0.494864    0.481129    4.793976 ^ _256_/Y (sky130_fd_sc_hd__nor3b_2)
                                                         _046_ (net)
                      0.494880    0.002290    4.796266 ^ wire77/A (sky130_fd_sc_hd__buf_4)
     7    0.065390    0.186402    0.309818    5.106084 ^ wire77/X (sky130_fd_sc_hd__buf_4)
                                                         net77 (net)
                      0.190334    0.021424    5.127508 ^ _262_/A (sky130_fd_sc_hd__or3_1)
     2    0.010831    0.107411    0.190133    5.317641 ^ _262_/X (sky130_fd_sc_hd__or3_1)
                                                         _052_ (net)
                      0.107411    0.000472    5.318113 ^ fanout75/A (sky130_fd_sc_hd__buf_1)
     3    0.019924    0.238503    0.233599    5.551712 ^ fanout75/X (sky130_fd_sc_hd__buf_1)
                                                         net75 (net)
                      0.238513    0.001337    5.553049 ^ fanout72/A (sky130_fd_sc_hd__buf_1)
     4    0.017405    0.209152    0.234303    5.787352 ^ fanout72/X (sky130_fd_sc_hd__buf_1)
                                                         net72 (net)
                      0.209154    0.000467    5.787819 ^ fanout71/A (sky130_fd_sc_hd__clkbuf_2)
     6    0.024195    0.137411    0.220814    6.008633 ^ fanout71/X (sky130_fd_sc_hd__clkbuf_2)
                                                         net71 (net)
                      0.137411    0.000642    6.009275 ^ _342_/A2 (sky130_fd_sc_hd__a21o_1)
     2    0.008865    0.086036    0.166740    6.176015 ^ _342_/X (sky130_fd_sc_hd__a21o_1)
                                                         _114_ (net)
                      0.086037    0.000457    6.176472 ^ _343_/B (sky130_fd_sc_hd__and2b_1)
     3    0.020069    0.187059    0.231953    6.408425 ^ _343_/X (sky130_fd_sc_hd__and2b_1)
                                                         u_ibex.u_ibex_core.load_store_unit_i.addr_last_d[10] (net)
                      0.187141    0.001774    6.410199 ^ _693_/A (sky130_fd_sc_hd__buf_8)
     3    0.143510    0.226352    0.224321    6.634521 ^ _693_/X (sky130_fd_sc_hd__buf_8)
                                                         net32 (net)
                      0.290870    0.093768    6.728289 ^ output32/A (sky130_fd_sc_hd__buf_2)
     1    0.034565    0.172406    0.271506    6.999794 ^ output32/X (sky130_fd_sc_hd__buf_2)
                                                         tl_o[71] (net)
                      0.172420    0.001672    7.001467 ^ tl_o[71] (out)
                                              7.001467   data arrival time

                                 25.000000   25.000000   clock clk_i (rise edge)
                                  0.000000   25.000000   clock network delay (propagated)
                                 -0.250000   24.750000   clock uncertainty
                                  0.000000   24.750000   clock reconvergence pessimism
                                 -5.000000   19.750000   output external delay
                                             19.750000   data required time
---------------------------------------------------------------------------------------------
                                             19.750000   data required time
                                             -7.001467   data arrival time
---------------------------------------------------------------------------------------------
                                             12.748533   slack (MET)


Startpoint: _578_ (rising edge-triggered flip-flop clocked by clk_i)
Endpoint: tl_o[66] (output port clocked by clk_i)
Path Group: clk_i
Path Type: max

Fanout         Cap        Slew       Delay        Time   Description
---------------------------------------------------------------------------------------------
                                  0.000000    0.000000   clock clk_i (rise edge)
                                  0.000000    0.000000   clock source latency
     2    0.083141    0.377847    0.279778    0.279778 ^ clk_i (in)
                                                         clk_i (net)
                      0.382483    0.000000    0.279778 ^ clkbuf_0_clk_i/A (sky130_fd_sc_hd__clkbuf_16)
     2    0.018889    0.047857    0.218239    0.498018 ^ clkbuf_0_clk_i/X (sky130_fd_sc_hd__clkbuf_16)
                                                         clknet_0_clk_i (net)
                      0.047857    0.000962    0.498979 ^ clkbuf_1_0__f_clk_i/A (sky130_fd_sc_hd__clkbuf_16)
     3    0.008434    0.031988    0.115356    0.614336 ^ clkbuf_1_0__f_clk_i/X (sky130_fd_sc_hd__clkbuf_16)
                                                         clknet_1_0__leaf_clk_i (net)
                      0.031989    0.000406    0.614742 ^ _498_/A (sky130_fd_sc_hd__and2_2)
     3    0.056167    0.288109    0.302977    0.917719 ^ _498_/X (sky130_fd_sc_hd__and2_2)
                                                         u_ibex.clk (net)
                      0.289545    0.016500    0.934219 ^ clkbuf_0_u_ibex.clk/A (sky130_fd_sc_hd__clkbuf_16)
     9    0.085943    0.105341    0.250061    1.184280 ^ clkbuf_0_u_ibex.clk/X (sky130_fd_sc_hd__clkbuf_16)
                                                         clknet_0_u_ibex.clk (net)
                      0.107198    0.011073    1.195353 ^ clkbuf_2_2__f_u_ibex.clk/A (sky130_fd_sc_hd__clkbuf_16)
    31    0.111426    0.125471    0.198987    1.394341 ^ clkbuf_2_2__f_u_ibex.clk/X (sky130_fd_sc_hd__clkbuf_16)
                                                         clknet_2_2__leaf_u_ibex.clk (net)
                      0.131310    0.020520    1.414861 ^ _578_/CLK (sky130_fd_sc_hd__dfrtp_1)
     1    0.006077    0.070148    0.368719    1.783579 ^ _578_/Q (sky130_fd_sc_hd__dfrtp_1)
                                                         u_ibex.u_ibex_core.load_store_unit_i.ls_fsm_cs[1] (net)
                      0.070148    0.000311    1.783890 ^ hold126/A (sky130_fd_sc_hd__dlygate4sd3_1)
     1    0.003653    0.060099    0.549944    2.333834 ^ hold126/X (sky130_fd_sc_hd__dlygate4sd3_1)
                                                         net297 (net)
                      0.060791    0.000214    2.334048 ^ hold117/A (sky130_fd_sc_hd__dlygate4sd3_1)
     1    0.002139    0.047606    0.533430    2.867478 ^ hold117/X (sky130_fd_sc_hd__dlygate4sd3_1)
                                                         net288 (net)
                      0.047606    0.000154    2.867631 ^ hold127/A (sky130_fd_sc_hd__dlygate4sd3_1)
     3    0.012362    0.137613    0.607082    3.474714 ^ hold127/X (sky130_fd_sc_hd__dlygate4sd3_1)
                                                         net298 (net)
                      0.137613    0.000381    3.475095 ^ fanout82/A (sky130_fd_sc_hd__dlymetal6s2s_1)
     2    0.007625    0.100421    0.157236    3.632331 ^ fanout82/X (sky130_fd_sc_hd__dlymetal6s2s_1)
                                                         net82 (net)
                      0.100421    0.000232    3.632563 ^ hold128/A (sky130_fd_sc_hd__dlygate4sd3_1)
     5    0.020675    0.214695    0.679198    4.311761 ^ hold128/X (sky130_fd_sc_hd__dlygate4sd3_1)
                                                         net299 (net)
                      0.214697    0.001086    4.312847 ^ _256_/C_N (sky130_fd_sc_hd__nor3b_2)
     7    0.028686    0.494864    0.481129    4.793976 ^ _256_/Y (sky130_fd_sc_hd__nor3b_2)
                                                         _046_ (net)
                      0.494880    0.002290    4.796266 ^ wire77/A (sky130_fd_sc_hd__buf_4)
     7    0.065390    0.186402    0.309818    5.106084 ^ wire77/X (sky130_fd_sc_hd__buf_4)
                                                         net77 (net)
                      0.190334    0.021424    5.127508 ^ _262_/A (sky130_fd_sc_hd__or3_1)
     2    0.010831    0.107411    0.190133    5.317641 ^ _262_/X (sky130_fd_sc_hd__or3_1)
                                                         _052_ (net)
                      0.107412    0.000578    5.318219 ^ fanout70/A (sky130_fd_sc_hd__clkbuf_2)
     5    0.031411    0.173835    0.218103    5.536322 ^ fanout70/X (sky130_fd_sc_hd__clkbuf_2)
                                                         net70 (net)
                      0.173859    0.001678    5.538001 ^ fanout67/A (sky130_fd_sc_hd__dlymetal6s2s_1)
     6    0.024440    0.256375    0.274455    5.812455 ^ fanout67/X (sky130_fd_sc_hd__dlymetal6s2s_1)
                                                         net67 (net)
                      0.256378    0.000742    5.813197 ^ _314_/B1_N (sky130_fd_sc_hd__a21bo_1)
     2    0.008447    0.059708    0.265194    6.078391 v _314_/X (sky130_fd_sc_hd__a21bo_1)
                                                         _097_ (net)
                      0.059711    0.000473    6.078863 v _315_/B (sky130_fd_sc_hd__nor2_1)
     4    0.019517    0.352757    0.291489    6.370352 ^ _315_/Y (sky130_fd_sc_hd__nor2_1)
                                                         u_ibex.u_ibex_core.load_store_unit_i.addr_last_d[5] (net)
                      0.352761    0.000995    6.371347 ^ _688_/A (sky130_fd_sc_hd__clkbuf_1)
     1    0.002549    0.045166    0.126968    6.498315 ^ _688_/X (sky130_fd_sc_hd__clkbuf_1)
                                                         net27 (net)
                      0.045170    0.000166    6.498481 ^ output27/A (sky130_fd_sc_hd__buf_2)
     1    0.034377    0.170792    0.197741    6.696222 ^ output27/X (sky130_fd_sc_hd__buf_2)
                                                         tl_o[66] (net)
                      0.170864    0.001596    6.697818 ^ tl_o[66] (out)
                                              6.697818   data arrival time

                                 25.000000   25.000000   clock clk_i (rise edge)
                                  0.000000   25.000000   clock network delay (propagated)
                                 -0.250000   24.750000   clock uncertainty
                                  0.000000   24.750000   clock reconvergence pessimism
                                 -5.000000   19.750000   output external delay
                                             19.750000   data required time
---------------------------------------------------------------------------------------------
                                             19.750000   data required time
                                             -6.697818   data arrival time
---------------------------------------------------------------------------------------------
                                             13.052182   slack (MET)


Startpoint: _578_ (rising edge-triggered flip-flop clocked by clk_i)
Endpoint: tl_o[68] (output port clocked by clk_i)
Path Group: clk_i
Path Type: max

Fanout         Cap        Slew       Delay        Time   Description
---------------------------------------------------------------------------------------------
                                  0.000000    0.000000   clock clk_i (rise edge)
                                  0.000000    0.000000   clock source latency
     2    0.083141    0.377847    0.279778    0.279778 ^ clk_i (in)
                                                         clk_i (net)
                      0.382483    0.000000    0.279778 ^ clkbuf_0_clk_i/A (sky130_fd_sc_hd__clkbuf_16)
     2    0.018889    0.047857    0.218239    0.498018 ^ clkbuf_0_clk_i/X (sky130_fd_sc_hd__clkbuf_16)
                                                         clknet_0_clk_i (net)
                      0.047857    0.000962    0.498979 ^ clkbuf_1_0__f_clk_i/A (sky130_fd_sc_hd__clkbuf_16)
     3    0.008434    0.031988    0.115356    0.614336 ^ clkbuf_1_0__f_clk_i/X (sky130_fd_sc_hd__clkbuf_16)
                                                         clknet_1_0__leaf_clk_i (net)
                      0.031989    0.000406    0.614742 ^ _498_/A (sky130_fd_sc_hd__and2_2)
     3    0.056167    0.288109    0.302977    0.917719 ^ _498_/X (sky130_fd_sc_hd__and2_2)
                                                         u_ibex.clk (net)
                      0.289545    0.016500    0.934219 ^ clkbuf_0_u_ibex.clk/A (sky130_fd_sc_hd__clkbuf_16)
     9    0.085943    0.105341    0.250061    1.184280 ^ clkbuf_0_u_ibex.clk/X (sky130_fd_sc_hd__clkbuf_16)
                                                         clknet_0_u_ibex.clk (net)
                      0.107198    0.011073    1.195353 ^ clkbuf_2_2__f_u_ibex.clk/A (sky130_fd_sc_hd__clkbuf_16)
    31    0.111426    0.125471    0.198987    1.394341 ^ clkbuf_2_2__f_u_ibex.clk/X (sky130_fd_sc_hd__clkbuf_16)
                                                         clknet_2_2__leaf_u_ibex.clk (net)
                      0.131310    0.020520    1.414861 ^ _578_/CLK (sky130_fd_sc_hd__dfrtp_1)
     1    0.006077    0.070148    0.368719    1.783579 ^ _578_/Q (sky130_fd_sc_hd__dfrtp_1)
                                                         u_ibex.u_ibex_core.load_store_unit_i.ls_fsm_cs[1] (net)
                      0.070148    0.000311    1.783890 ^ hold126/A (sky130_fd_sc_hd__dlygate4sd3_1)
     1    0.003653    0.060099    0.549944    2.333834 ^ hold126/X (sky130_fd_sc_hd__dlygate4sd3_1)
                                                         net297 (net)
                      0.060791    0.000214    2.334048 ^ hold117/A (sky130_fd_sc_hd__dlygate4sd3_1)
     1    0.002139    0.047606    0.533430    2.867478 ^ hold117/X (sky130_fd_sc_hd__dlygate4sd3_1)
                                                         net288 (net)
                      0.047606    0.000154    2.867631 ^ hold127/A (sky130_fd_sc_hd__dlygate4sd3_1)
     3    0.012362    0.137613    0.607082    3.474714 ^ hold127/X (sky130_fd_sc_hd__dlygate4sd3_1)
                                                         net298 (net)
                      0.137613    0.000381    3.475095 ^ fanout82/A (sky130_fd_sc_hd__dlymetal6s2s_1)
     2    0.007625    0.100421    0.157236    3.632331 ^ fanout82/X (sky130_fd_sc_hd__dlymetal6s2s_1)
                                                         net82 (net)
                      0.100421    0.000232    3.632563 ^ hold128/A (sky130_fd_sc_hd__dlygate4sd3_1)
     5    0.020675    0.214695    0.679198    4.311761 ^ hold128/X (sky130_fd_sc_hd__dlygate4sd3_1)
                                                         net299 (net)
                      0.214697    0.001086    4.312847 ^ _256_/C_N (sky130_fd_sc_hd__nor3b_2)
     7    0.028686    0.494864    0.481129    4.793976 ^ _256_/Y (sky130_fd_sc_hd__nor3b_2)
                                                         _046_ (net)
                      0.494880    0.002290    4.796266 ^ wire77/A (sky130_fd_sc_hd__buf_4)
     7    0.065390    0.186402    0.309818    5.106084 ^ wire77/X (sky130_fd_sc_hd__buf_4)
                                                         net77 (net)
                      0.190418    0.021646    5.127730 ^ _281_/A1 (sky130_fd_sc_hd__o311a_2)
     5    0.014623    0.094586    0.251471    5.379201 ^ _281_/X (sky130_fd_sc_hd__o311a_2)
                                                         _071_ (net)
                      0.094592    0.000832    5.380033 ^ hold342/A (sky130_fd_sc_hd__dlygate4sd3_1)
     2    0.010295    0.118543    0.606575    5.986609 ^ hold342/X (sky130_fd_sc_hd__dlygate4sd3_1)
                                                         net513 (net)
                      0.118543    0.000541    5.987150 ^ _317_/B1 (sky130_fd_sc_hd__a21oi_1)
     1    0.006561    0.079639    0.073282    6.060432 v _317_/Y (sky130_fd_sc_hd__a21oi_1)
                                                         _099_ (net)
                      0.079640    0.000524    6.060956 v _318_/B1 (sky130_fd_sc_hd__a21oi_2)
     4    0.021139    0.272715    0.247389    6.308344 ^ _318_/Y (sky130_fd_sc_hd__a21oi_2)
                                                         u_ibex.u_ibex_core.load_store_unit_i.addr_last_d[7] (net)
                      0.272725    0.001388    6.309732 ^ _690_/A (sky130_fd_sc_hd__clkbuf_1)
     1    0.002696    0.045434    0.122264    6.431996 ^ _690_/X (sky130_fd_sc_hd__clkbuf_1)
                                                         net29 (net)
                      0.045434    0.000171    6.432168 ^ output29/A (sky130_fd_sc_hd__buf_2)
     1    0.034881    0.173217    0.199373    6.631541 ^ output29/X (sky130_fd_sc_hd__buf_2)
                                                         tl_o[68] (net)
                      0.173244    0.001786    6.633327 ^ tl_o[68] (out)
                                              6.633327   data arrival time

                                 25.000000   25.000000   clock clk_i (rise edge)
                                  0.000000   25.000000   clock network delay (propagated)
                                 -0.250000   24.750000   clock uncertainty
                                  0.000000   24.750000   clock reconvergence pessimism
                                 -5.000000   19.750000   output external delay
                                             19.750000   data required time
---------------------------------------------------------------------------------------------
                                             19.750000   data required time
                                             -6.633327   data arrival time
---------------------------------------------------------------------------------------------
                                             13.116673   slack (MET)


Startpoint: _574_ (rising edge-triggered flip-flop clocked by clk_i)
Endpoint: _559_ (rising edge-triggered flip-flop clocked by clk_i)
Path Group: clk_i
Path Type: max

Fanout         Cap        Slew       Delay        Time   Description
---------------------------------------------------------------------------------------------
                                  0.000000    0.000000   clock clk_i (rise edge)
                                  0.000000    0.000000   clock source latency
     2    0.083141    0.377847    0.279778    0.279778 ^ clk_i (in)
                                                         clk_i (net)
                      0.382483    0.000000    0.279778 ^ clkbuf_0_clk_i/A (sky130_fd_sc_hd__clkbuf_16)
     2    0.018889    0.047857    0.218239    0.498018 ^ clkbuf_0_clk_i/X (sky130_fd_sc_hd__clkbuf_16)
                                                         clknet_0_clk_i (net)
                      0.047857    0.000962    0.498979 ^ clkbuf_1_0__f_clk_i/A (sky130_fd_sc_hd__clkbuf_16)
     3    0.008434    0.031988    0.115356    0.614336 ^ clkbuf_1_0__f_clk_i/X (sky130_fd_sc_hd__clkbuf_16)
                                                         clknet_1_0__leaf_clk_i (net)
                      0.031989    0.000406    0.614742 ^ _498_/A (sky130_fd_sc_hd__and2_2)
     3    0.056167    0.288109    0.302977    0.917719 ^ _498_/X (sky130_fd_sc_hd__and2_2)
                                                         u_ibex.clk (net)
                      0.289545    0.016500    0.934219 ^ clkbuf_0_u_ibex.clk/A (sky130_fd_sc_hd__clkbuf_16)
     9    0.085943    0.105341    0.250061    1.184280 ^ clkbuf_0_u_ibex.clk/X (sky130_fd_sc_hd__clkbuf_16)
                                                         clknet_0_u_ibex.clk (net)
                      0.107075    0.010702    1.194983 ^ clkbuf_2_3__f_u_ibex.clk/A (sky130_fd_sc_hd__clkbuf_16)
    23    0.084906    0.103015    0.190210    1.385192 ^ clkbuf_2_3__f_u_ibex.clk/X (sky130_fd_sc_hd__clkbuf_16)
                                                         clknet_2_3__leaf_u_ibex.clk (net)
                      0.106551    0.014841    1.400033 ^ _574_/CLK (sky130_fd_sc_hd__dfrtp_1)
     1    0.003853    0.044110    0.382186    1.782219 v _574_/Q (sky130_fd_sc_hd__dfrtp_1)
                                                         u_ibex.u_ibex_core.id_stage_i.controller_i.ctrl_fsm_cs[3] (net)
                      0.044110    0.000247    1.782465 v hold327/A (sky130_fd_sc_hd__dlygate4sd3_1)
     1    0.002793    0.052953    0.547728    2.330194 v hold327/X (sky130_fd_sc_hd__dlygate4sd3_1)
                                                         net498 (net)
                      0.052953    0.000172    2.330365 v hold113/A (sky130_fd_sc_hd__dlygate4sd3_1)
     1    0.002680    0.052195    0.550155    2.880520 v hold113/X (sky130_fd_sc_hd__dlygate4sd3_1)
                                                         net284 (net)
                      0.052195    0.000165    2.880686 v hold328/A (sky130_fd_sc_hd__dlygate4sd3_1)
     2    0.010274    0.087622    0.598274    3.478960 v hold328/X (sky130_fd_sc_hd__dlygate4sd3_1)
                                                         net499 (net)
                      0.087622    0.000531    3.479490 v fanout83/A (sky130_fd_sc_hd__buf_1)
     1    0.005779    0.042473    0.120262    3.599752 v fanout83/X (sky130_fd_sc_hd__buf_1)
                                                         net83 (net)
                      0.042475    0.000372    3.600124 v hold114/A (sky130_fd_sc_hd__dlygate4sd3_1)
     6    0.020624    0.135758    0.642402    4.242526 v hold114/X (sky130_fd_sc_hd__dlygate4sd3_1)
                                                         net285 (net)
                      0.135764    0.000990    4.243516 v _411_/A_N (sky130_fd_sc_hd__and2b_1)
     4    0.018962    0.177897    0.323461    4.566977 ^ _411_/X (sky130_fd_sc_hd__and2b_1)
                                                         _165_ (net)
                      0.177913    0.001787    4.568763 ^ _412_/B (sky130_fd_sc_hd__nand2_1)
     1    0.003185    0.064900    0.078387    4.647150 v _412_/Y (sky130_fd_sc_hd__nand2_1)
                                                         _166_ (net)
                      0.064901    0.000239    4.647389 v hold231/A (sky130_fd_sc_hd__dlygate4sd3_1)
     1    0.002879    0.053421    0.557383    5.204772 v hold231/X (sky130_fd_sc_hd__dlygate4sd3_1)
                                                         net402 (net)
                      0.053421    0.000167    5.204939 v hold52/A (sky130_fd_sc_hd__dlygate4sd3_1)
     2    0.005995    0.068592    0.573702    5.778642 v hold52/X (sky130_fd_sc_hd__dlygate4sd3_1)
                                                         net223 (net)
                      0.068592    0.000376    5.779017 v _413_/B (sky130_fd_sc_hd__nor2_1)
     2    0.011605    0.221485    0.198325    5.977342 ^ _413_/Y (sky130_fd_sc_hd__nor2_1)
                                                         _167_ (net)
                      0.221488    0.000674    5.978016 ^ _435_/B1 (sky130_fd_sc_hd__o21ai_1)
     1    0.002227    0.065390    0.093749    6.071765 v _435_/Y (sky130_fd_sc_hd__o21ai_1)
                                                         _186_ (net)
                      0.065390    0.000092    6.071857 v hold136/A (sky130_fd_sc_hd__dlygate4sd3_1)
     1    0.004634    0.062169    0.570249    6.642107 v hold136/X (sky130_fd_sc_hd__dlygate4sd3_1)
                                                         net307 (net)
                      0.062169    0.000347    6.642454 v _436_/B (sky130_fd_sc_hd__nand2b_2)
     1    0.003147    0.041734    0.065564    6.708018 ^ _436_/Y (sky130_fd_sc_hd__nand2b_2)
                                                         _187_ (net)
                      0.041734    0.000196    6.708214 ^ hold137/A (sky130_fd_sc_hd__dlygate4sd3_1)
     5    0.025814    0.261529    0.696196    7.404410 ^ hold137/X (sky130_fd_sc_hd__dlygate4sd3_1)
                                                         net308 (net)
                      0.261534    0.001574    7.405983 ^ _437_/A (sky130_fd_sc_hd__inv_2)
     1    0.001860    0.040187    0.037389    7.443372 v _437_/Y (sky130_fd_sc_hd__inv_2)
                                                         _188_ (net)
                      0.040187    0.000086    7.443458 v hold138/A (sky130_fd_sc_hd__dlygate4sd3_1)
     5    0.017012    0.118494    0.624745    8.068203 v hold138/X (sky130_fd_sc_hd__dlygate4sd3_1)
                                                         net309 (net)
                      0.118494    0.000555    8.068758 v _438_/B1 (sky130_fd_sc_hd__o211a_1)
     1    0.003293    0.041000    0.155832    8.224590 v _438_/X (sky130_fd_sc_hd__o211a_1)
                                                         _189_ (net)
                      0.041000    0.000193    8.224783 v hold139/A (sky130_fd_sc_hd__dlygate4sd3_1)
     1    0.003491    0.057240    0.552578    8.777360 v hold139/X (sky130_fd_sc_hd__dlygate4sd3_1)
                                                         net310 (net)
                      0.057240    0.000234    8.777594 v _441_/B (sky130_fd_sc_hd__nor4_1)
     1    0.002608    0.210005    0.246314    9.023908 ^ _441_/Y (sky130_fd_sc_hd__nor4_1)
                                                         instr_gnt (net)
                      0.210005    0.000172    9.024080 ^ hold140/A (sky130_fd_sc_hd__dlygate4sd3_1)
     1    0.002490    0.050187    0.573064    9.597145 ^ hold140/X (sky130_fd_sc_hd__dlygate4sd3_1)
                                                         net311 (net)
                      0.050187    0.000115    9.597260 ^ wire56/A (sky130_fd_sc_hd__buf_1)
     1    0.004027    0.057501    0.092159    9.689419 ^ wire56/X (sky130_fd_sc_hd__buf_1)
                                                         net56 (net)
                      0.057501    0.000275    9.689693 ^ hold141/A (sky130_fd_sc_hd__dlygate4sd3_1)
     3    0.014497    0.157390    0.624691   10.314385 ^ hold141/X (sky130_fd_sc_hd__dlygate4sd3_1)
                                                         net312 (net)
                      0.157391    0.000831   10.315216 ^ _445_/A2 (sky130_fd_sc_hd__a21oi_1)
     1    0.003020    0.054283    0.089266   10.404483 v _445_/Y (sky130_fd_sc_hd__a21oi_1)
                                                         _194_ (net)
                      0.054283    0.000179   10.404662 v hold297/A (sky130_fd_sc_hd__dlygate4sd3_1)
     2    0.013594    0.102589    0.614187   11.018849 v hold297/X (sky130_fd_sc_hd__dlygate4sd3_1)
                                                         net468 (net)
                      0.102718    0.001378   11.020227 v _446_/B (sky130_fd_sc_hd__nand2_1)
     1    0.007070    0.086645    0.113530   11.133758 ^ _446_/Y (sky130_fd_sc_hd__nand2_1)
                                                         _195_ (net)
                      0.086647    0.000559   11.134316 ^ _447_/B1 (sky130_fd_sc_hd__o31a_1)
     1    0.004788    0.065815    0.147179   11.281495 ^ _447_/X (sky130_fd_sc_hd__o31a_1)
                                                         u_ibex.u_ibex_core.if_stage_i.gen_prefetch_buffer.prefetch_buffer_i.rdata_outstanding_s[0] (net)
                      0.065815    0.000330   11.281825 ^ hold306/A (sky130_fd_sc_hd__dlygate4sd3_1)
     1    0.002218    0.048165    0.535632   11.817456 ^ hold306/X (sky130_fd_sc_hd__dlygate4sd3_1)
                                                         net477 (net)
                      0.048165    0.000149   11.817606 ^ hold7/A (sky130_fd_sc_hd__dlygate4sd3_1)
     1    0.005832    0.079353    0.560083   12.377688 ^ hold7/X (sky130_fd_sc_hd__dlygate4sd3_1)
                                                         net178 (net)
                      0.079353    0.000413   12.378101 ^ hold307/A (sky130_fd_sc_hd__dlygate4sd3_1)
     1    0.004207    0.065344    0.556813   12.934915 ^ hold307/X (sky130_fd_sc_hd__dlygate4sd3_1)
                                                         net478 (net)
                      0.065344    0.000268   12.935184 ^ _559_/D (sky130_fd_sc_hd__dfrtp_1)
                                             12.935184   data arrival time

                                 25.000000   25.000000   clock clk_i (rise edge)
                                  0.000000   25.000000   clock source latency
     2    0.083141    0.377847    0.279778   25.279778 ^ clk_i (in)
                                                         clk_i (net)
                      0.382483    0.000000   25.279778 ^ clkbuf_0_clk_i/A (sky130_fd_sc_hd__clkbuf_16)
     2    0.018889    0.047857    0.218240   25.498016 ^ clkbuf_0_clk_i/X (sky130_fd_sc_hd__clkbuf_16)
                                                         clknet_0_clk_i (net)
                      0.047857    0.000961   25.498978 ^ clkbuf_1_0__f_clk_i/A (sky130_fd_sc_hd__clkbuf_16)
     3    0.008434    0.031988    0.115357   25.614334 ^ clkbuf_1_0__f_clk_i/X (sky130_fd_sc_hd__clkbuf_16)
                                                         clknet_1_0__leaf_clk_i (net)
                      0.031989    0.000407   25.614740 ^ _498_/A (sky130_fd_sc_hd__and2_2)
     3    0.056167    0.287732    0.302977   25.917719 ^ _498_/X (sky130_fd_sc_hd__and2_2)
                                                         u_ibex.clk (net)
                      0.289172    0.016499   25.934217 ^ clkbuf_0_u_ibex.clk/A (sky130_fd_sc_hd__clkbuf_16)
     9    0.085943    0.105335    0.249992   26.184210 ^ clkbuf_0_u_ibex.clk/X (sky130_fd_sc_hd__clkbuf_16)
                                                         clknet_0_u_ibex.clk (net)
                      0.107192    0.011074   26.195284 ^ clkbuf_2_2__f_u_ibex.clk/A (sky130_fd_sc_hd__clkbuf_16)
    31    0.111426    0.125472    0.198986   26.394268 ^ clkbuf_2_2__f_u_ibex.clk/X (sky130_fd_sc_hd__clkbuf_16)
                                                         clknet_2_2__leaf_u_ibex.clk (net)
                      0.141297    0.033911   26.428179 ^ _559_/CLK (sky130_fd_sc_hd__dfrtp_1)
                                 -0.250000   26.178181   clock uncertainty
                                  0.000070   26.178249   clock reconvergence pessimism
                                 -0.049956   26.128294   library setup time
                                             26.128294   data required time
---------------------------------------------------------------------------------------------
                                             26.128294   data required time
                                            -12.935184   data arrival time
---------------------------------------------------------------------------------------------
                                             13.193110   slack (MET)


Startpoint: _578_ (rising edge-triggered flip-flop clocked by clk_i)
Endpoint: tl_o[70] (output port clocked by clk_i)
Path Group: clk_i
Path Type: max

Fanout         Cap        Slew       Delay        Time   Description
---------------------------------------------------------------------------------------------
                                  0.000000    0.000000   clock clk_i (rise edge)
                                  0.000000    0.000000   clock source latency
     2    0.083141    0.377847    0.279778    0.279778 ^ clk_i (in)
                                                         clk_i (net)
                      0.382483    0.000000    0.279778 ^ clkbuf_0_clk_i/A (sky130_fd_sc_hd__clkbuf_16)
     2    0.018889    0.047857    0.218239    0.498018 ^ clkbuf_0_clk_i/X (sky130_fd_sc_hd__clkbuf_16)
                                                         clknet_0_clk_i (net)
                      0.047857    0.000962    0.498979 ^ clkbuf_1_0__f_clk_i/A (sky130_fd_sc_hd__clkbuf_16)
     3    0.008434    0.031988    0.115356    0.614336 ^ clkbuf_1_0__f_clk_i/X (sky130_fd_sc_hd__clkbuf_16)
                                                         clknet_1_0__leaf_clk_i (net)
                      0.031989    0.000406    0.614742 ^ _498_/A (sky130_fd_sc_hd__and2_2)
     3    0.056167    0.288109    0.302977    0.917719 ^ _498_/X (sky130_fd_sc_hd__and2_2)
                                                         u_ibex.clk (net)
                      0.289545    0.016500    0.934219 ^ clkbuf_0_u_ibex.clk/A (sky130_fd_sc_hd__clkbuf_16)
     9    0.085943    0.105341    0.250061    1.184280 ^ clkbuf_0_u_ibex.clk/X (sky130_fd_sc_hd__clkbuf_16)
                                                         clknet_0_u_ibex.clk (net)
                      0.107198    0.011073    1.195353 ^ clkbuf_2_2__f_u_ibex.clk/A (sky130_fd_sc_hd__clkbuf_16)
    31    0.111426    0.125471    0.198987    1.394341 ^ clkbuf_2_2__f_u_ibex.clk/X (sky130_fd_sc_hd__clkbuf_16)
                                                         clknet_2_2__leaf_u_ibex.clk (net)
                      0.131310    0.020520    1.414861 ^ _578_/CLK (sky130_fd_sc_hd__dfrtp_1)
     1    0.006077    0.070148    0.368719    1.783579 ^ _578_/Q (sky130_fd_sc_hd__dfrtp_1)
                                                         u_ibex.u_ibex_core.load_store_unit_i.ls_fsm_cs[1] (net)
                      0.070148    0.000311    1.783890 ^ hold126/A (sky130_fd_sc_hd__dlygate4sd3_1)
     1    0.003653    0.060099    0.549944    2.333834 ^ hold126/X (sky130_fd_sc_hd__dlygate4sd3_1)
                                                         net297 (net)
                      0.060791    0.000214    2.334048 ^ hold117/A (sky130_fd_sc_hd__dlygate4sd3_1)
     1    0.002139    0.047606    0.533430    2.867478 ^ hold117/X (sky130_fd_sc_hd__dlygate4sd3_1)
                                                         net288 (net)
                      0.047606    0.000154    2.867631 ^ hold127/A (sky130_fd_sc_hd__dlygate4sd3_1)
     3    0.012362    0.137613    0.607082    3.474714 ^ hold127/X (sky130_fd_sc_hd__dlygate4sd3_1)
                                                         net298 (net)
                      0.137613    0.000381    3.475095 ^ fanout82/A (sky130_fd_sc_hd__dlymetal6s2s_1)
     2    0.007625    0.100421    0.157236    3.632331 ^ fanout82/X (sky130_fd_sc_hd__dlymetal6s2s_1)
                                                         net82 (net)
                      0.100421    0.000232    3.632563 ^ hold128/A (sky130_fd_sc_hd__dlygate4sd3_1)
     5    0.020675    0.214695    0.679198    4.311761 ^ hold128/X (sky130_fd_sc_hd__dlygate4sd3_1)
                                                         net299 (net)
                      0.214697    0.001086    4.312847 ^ _256_/C_N (sky130_fd_sc_hd__nor3b_2)
     7    0.028686    0.494864    0.481129    4.793976 ^ _256_/Y (sky130_fd_sc_hd__nor3b_2)
                                                         _046_ (net)
                      0.494880    0.002290    4.796266 ^ wire77/A (sky130_fd_sc_hd__buf_4)
     7    0.065390    0.186402    0.309818    5.106084 ^ wire77/X (sky130_fd_sc_hd__buf_4)
                                                         net77 (net)
                      0.190334    0.021424    5.127508 ^ _262_/A (sky130_fd_sc_hd__or3_1)
     2    0.010831    0.107411    0.190133    5.317641 ^ _262_/X (sky130_fd_sc_hd__or3_1)
                                                         _052_ (net)
                      0.107411    0.000472    5.318113 ^ fanout75/A (sky130_fd_sc_hd__buf_1)
     3    0.019924    0.238503    0.233599    5.551712 ^ fanout75/X (sky130_fd_sc_hd__buf_1)
                                                         net75 (net)
                      0.238507    0.000905    5.552617 ^ _354_/A2 (sky130_fd_sc_hd__a21oi_1)
     1    0.005610    0.077161    0.124655    5.677272 v _354_/Y (sky130_fd_sc_hd__a21oi_1)
                                                         _122_ (net)
                      0.077161    0.000269    5.677541 v _355_/B (sky130_fd_sc_hd__nor2_2)
     4    0.025426    0.287615    0.250038    5.927579 ^ _355_/Y (sky130_fd_sc_hd__nor2_2)
                                                         u_ibex.u_ibex_core.load_store_unit_i.addr_last_d[9] (net)
                      0.287650    0.002653    5.930232 ^ _692_/A (sky130_fd_sc_hd__buf_8)
     3    0.143877    0.227354    0.241731    6.171963 ^ _692_/X (sky130_fd_sc_hd__buf_8)
                                                         net31 (net)
                      0.291484    0.093483    6.265446 ^ output31/A (sky130_fd_sc_hd__buf_2)
     1    0.034546    0.172319    0.271538    6.536983 ^ output31/X (sky130_fd_sc_hd__buf_2)
                                                         tl_o[70] (net)
                      0.172333    0.001671    6.538655 ^ tl_o[70] (out)
                                              6.538655   data arrival time

                                 25.000000   25.000000   clock clk_i (rise edge)
                                  0.000000   25.000000   clock network delay (propagated)
                                 -0.250000   24.750000   clock uncertainty
                                  0.000000   24.750000   clock reconvergence pessimism
                                 -5.000000   19.750000   output external delay
                                             19.750000   data required time
---------------------------------------------------------------------------------------------
                                             19.750000   data required time
                                             -6.538655   data arrival time
---------------------------------------------------------------------------------------------
                                             13.211346   slack (MET)


Startpoint: _578_ (rising edge-triggered flip-flop clocked by clk_i)
Endpoint: tl_o[67] (output port clocked by clk_i)
Path Group: clk_i
Path Type: max

Fanout         Cap        Slew       Delay        Time   Description
---------------------------------------------------------------------------------------------
                                  0.000000    0.000000   clock clk_i (rise edge)
                                  0.000000    0.000000   clock source latency
     2    0.083141    0.377847    0.279778    0.279778 ^ clk_i (in)
                                                         clk_i (net)
                      0.382483    0.000000    0.279778 ^ clkbuf_0_clk_i/A (sky130_fd_sc_hd__clkbuf_16)
     2    0.018889    0.047857    0.218239    0.498018 ^ clkbuf_0_clk_i/X (sky130_fd_sc_hd__clkbuf_16)
                                                         clknet_0_clk_i (net)
                      0.047857    0.000962    0.498979 ^ clkbuf_1_0__f_clk_i/A (sky130_fd_sc_hd__clkbuf_16)
     3    0.008434    0.031988    0.115356    0.614336 ^ clkbuf_1_0__f_clk_i/X (sky130_fd_sc_hd__clkbuf_16)
                                                         clknet_1_0__leaf_clk_i (net)
                      0.031989    0.000406    0.614742 ^ _498_/A (sky130_fd_sc_hd__and2_2)
     3    0.056167    0.288109    0.302977    0.917719 ^ _498_/X (sky130_fd_sc_hd__and2_2)
                                                         u_ibex.clk (net)
                      0.289545    0.016500    0.934219 ^ clkbuf_0_u_ibex.clk/A (sky130_fd_sc_hd__clkbuf_16)
     9    0.085943    0.105341    0.250061    1.184280 ^ clkbuf_0_u_ibex.clk/X (sky130_fd_sc_hd__clkbuf_16)
                                                         clknet_0_u_ibex.clk (net)
                      0.107198    0.011073    1.195353 ^ clkbuf_2_2__f_u_ibex.clk/A (sky130_fd_sc_hd__clkbuf_16)
    31    0.111426    0.125471    0.198987    1.394341 ^ clkbuf_2_2__f_u_ibex.clk/X (sky130_fd_sc_hd__clkbuf_16)
                                                         clknet_2_2__leaf_u_ibex.clk (net)
                      0.131310    0.020520    1.414861 ^ _578_/CLK (sky130_fd_sc_hd__dfrtp_1)
     1    0.006077    0.070148    0.368719    1.783579 ^ _578_/Q (sky130_fd_sc_hd__dfrtp_1)
                                                         u_ibex.u_ibex_core.load_store_unit_i.ls_fsm_cs[1] (net)
                      0.070148    0.000311    1.783890 ^ hold126/A (sky130_fd_sc_hd__dlygate4sd3_1)
     1    0.003653    0.060099    0.549944    2.333834 ^ hold126/X (sky130_fd_sc_hd__dlygate4sd3_1)
                                                         net297 (net)
                      0.060791    0.000214    2.334048 ^ hold117/A (sky130_fd_sc_hd__dlygate4sd3_1)
     1    0.002139    0.047606    0.533430    2.867478 ^ hold117/X (sky130_fd_sc_hd__dlygate4sd3_1)
                                                         net288 (net)
                      0.047606    0.000154    2.867631 ^ hold127/A (sky130_fd_sc_hd__dlygate4sd3_1)
     3    0.012362    0.137613    0.607082    3.474714 ^ hold127/X (sky130_fd_sc_hd__dlygate4sd3_1)
                                                         net298 (net)
                      0.137613    0.000381    3.475095 ^ fanout82/A (sky130_fd_sc_hd__dlymetal6s2s_1)
     2    0.007625    0.100421    0.157236    3.632331 ^ fanout82/X (sky130_fd_sc_hd__dlymetal6s2s_1)
                                                         net82 (net)
                      0.100421    0.000232    3.632563 ^ hold128/A (sky130_fd_sc_hd__dlygate4sd3_1)
     5    0.020675    0.214695    0.679198    4.311761 ^ hold128/X (sky130_fd_sc_hd__dlygate4sd3_1)
                                                         net299 (net)
                      0.214697    0.001086    4.312847 ^ _256_/C_N (sky130_fd_sc_hd__nor3b_2)
     7    0.028686    0.494864    0.481129    4.793976 ^ _256_/Y (sky130_fd_sc_hd__nor3b_2)
                                                         _046_ (net)
                      0.494880    0.002290    4.796266 ^ wire77/A (sky130_fd_sc_hd__buf_4)
     7    0.065390    0.186402    0.309818    5.106084 ^ wire77/X (sky130_fd_sc_hd__buf_4)
                                                         net77 (net)
                      0.190334    0.021424    5.127508 ^ _262_/A (sky130_fd_sc_hd__or3_1)
     2    0.010831    0.107411    0.190133    5.317641 ^ _262_/X (sky130_fd_sc_hd__or3_1)
                                                         _052_ (net)
                      0.107412    0.000578    5.318219 ^ fanout70/A (sky130_fd_sc_hd__clkbuf_2)
     5    0.031411    0.173835    0.218103    5.536322 ^ fanout70/X (sky130_fd_sc_hd__clkbuf_2)
                                                         net70 (net)
                      0.173841    0.000820    5.537142 ^ fanout68/A (sky130_fd_sc_hd__buf_1)
     3    0.011854    0.146232    0.181198    5.718340 ^ fanout68/X (sky130_fd_sc_hd__buf_1)
                                                         net68 (net)
                      0.146234    0.000756    5.719096 ^ _377_/B1 (sky130_fd_sc_hd__o21a_1)
     3    0.011980    0.121553    0.198597    5.917693 ^ _377_/X (sky130_fd_sc_hd__o21a_1)
                                                         _139_ (net)
                      0.121554    0.000630    5.918323 ^ _378_/B (sky130_fd_sc_hd__and2b_1)
     3    0.019395    0.181255    0.237179    6.155502 ^ _378_/X (sky130_fd_sc_hd__and2b_1)
                                                         u_ibex.u_ibex_core.load_store_unit_i.addr_last_d[6] (net)
                      0.181344    0.001990    6.157491 ^ _689_/A (sky130_fd_sc_hd__clkbuf_1)
     1    0.002542    0.042812    0.107849    6.265340 ^ _689_/X (sky130_fd_sc_hd__clkbuf_1)
                                                         net28 (net)
                      0.042812    0.000165    6.265505 ^ output28/A (sky130_fd_sc_hd__buf_2)
     1    0.034371    0.170817    0.196816    6.462322 ^ output28/X (sky130_fd_sc_hd__buf_2)
                                                         tl_o[67] (net)
                      0.170839    0.001596    6.463917 ^ tl_o[67] (out)
                                              6.463917   data arrival time

                                 25.000000   25.000000   clock clk_i (rise edge)
                                  0.000000   25.000000   clock network delay (propagated)
                                 -0.250000   24.750000   clock uncertainty
                                  0.000000   24.750000   clock reconvergence pessimism
                                 -5.000000   19.750000   output external delay
                                             19.750000   data required time
---------------------------------------------------------------------------------------------
                                             19.750000   data required time
                                             -6.463917   data arrival time
---------------------------------------------------------------------------------------------
                                             13.286082   slack (MET)


Startpoint: _578_ (rising edge-triggered flip-flop clocked by clk_i)
Endpoint: tl_o[65] (output port clocked by clk_i)
Path Group: clk_i
Path Type: max

Fanout         Cap        Slew       Delay        Time   Description
---------------------------------------------------------------------------------------------
                                  0.000000    0.000000   clock clk_i (rise edge)
                                  0.000000    0.000000   clock source latency
     2    0.083141    0.377847    0.279778    0.279778 ^ clk_i (in)
                                                         clk_i (net)
                      0.382483    0.000000    0.279778 ^ clkbuf_0_clk_i/A (sky130_fd_sc_hd__clkbuf_16)
     2    0.018889    0.047857    0.218239    0.498018 ^ clkbuf_0_clk_i/X (sky130_fd_sc_hd__clkbuf_16)
                                                         clknet_0_clk_i (net)
                      0.047857    0.000962    0.498979 ^ clkbuf_1_0__f_clk_i/A (sky130_fd_sc_hd__clkbuf_16)
     3    0.008434    0.031988    0.115356    0.614336 ^ clkbuf_1_0__f_clk_i/X (sky130_fd_sc_hd__clkbuf_16)
                                                         clknet_1_0__leaf_clk_i (net)
                      0.031989    0.000406    0.614742 ^ _498_/A (sky130_fd_sc_hd__and2_2)
     3    0.056167    0.288109    0.302977    0.917719 ^ _498_/X (sky130_fd_sc_hd__and2_2)
                                                         u_ibex.clk (net)
                      0.289545    0.016500    0.934219 ^ clkbuf_0_u_ibex.clk/A (sky130_fd_sc_hd__clkbuf_16)
     9    0.085943    0.105341    0.250061    1.184280 ^ clkbuf_0_u_ibex.clk/X (sky130_fd_sc_hd__clkbuf_16)
                                                         clknet_0_u_ibex.clk (net)
                      0.107198    0.011073    1.195353 ^ clkbuf_2_2__f_u_ibex.clk/A (sky130_fd_sc_hd__clkbuf_16)
    31    0.111426    0.125471    0.198987    1.394341 ^ clkbuf_2_2__f_u_ibex.clk/X (sky130_fd_sc_hd__clkbuf_16)
                                                         clknet_2_2__leaf_u_ibex.clk (net)
                      0.131310    0.020520    1.414861 ^ _578_/CLK (sky130_fd_sc_hd__dfrtp_1)
     1    0.006077    0.070148    0.368719    1.783579 ^ _578_/Q (sky130_fd_sc_hd__dfrtp_1)
                                                         u_ibex.u_ibex_core.load_store_unit_i.ls_fsm_cs[1] (net)
                      0.070148    0.000311    1.783890 ^ hold126/A (sky130_fd_sc_hd__dlygate4sd3_1)
     1    0.003653    0.060099    0.549944    2.333834 ^ hold126/X (sky130_fd_sc_hd__dlygate4sd3_1)
                                                         net297 (net)
                      0.060791    0.000214    2.334048 ^ hold117/A (sky130_fd_sc_hd__dlygate4sd3_1)
     1    0.002139    0.047606    0.533430    2.867478 ^ hold117/X (sky130_fd_sc_hd__dlygate4sd3_1)
                                                         net288 (net)
                      0.047606    0.000154    2.867631 ^ hold127/A (sky130_fd_sc_hd__dlygate4sd3_1)
     3    0.012362    0.137613    0.607082    3.474714 ^ hold127/X (sky130_fd_sc_hd__dlygate4sd3_1)
                                                         net298 (net)
                      0.137613    0.000381    3.475095 ^ fanout82/A (sky130_fd_sc_hd__dlymetal6s2s_1)
     2    0.007625    0.100421    0.157236    3.632331 ^ fanout82/X (sky130_fd_sc_hd__dlymetal6s2s_1)
                                                         net82 (net)
                      0.100421    0.000232    3.632563 ^ hold128/A (sky130_fd_sc_hd__dlygate4sd3_1)
     5    0.020675    0.214695    0.679198    4.311761 ^ hold128/X (sky130_fd_sc_hd__dlygate4sd3_1)
                                                         net299 (net)
                      0.214697    0.001086    4.312847 ^ _256_/C_N (sky130_fd_sc_hd__nor3b_2)
     7    0.028686    0.494864    0.481129    4.793976 ^ _256_/Y (sky130_fd_sc_hd__nor3b_2)
                                                         _046_ (net)
                      0.494880    0.002290    4.796266 ^ wire77/A (sky130_fd_sc_hd__buf_4)
     7    0.065390    0.186402    0.309818    5.106084 ^ wire77/X (sky130_fd_sc_hd__buf_4)
                                                         net77 (net)
                      0.190334    0.021424    5.127508 ^ _262_/A (sky130_fd_sc_hd__or3_1)
     2    0.010831    0.107411    0.190133    5.317641 ^ _262_/X (sky130_fd_sc_hd__or3_1)
                                                         _052_ (net)
                      0.107412    0.000578    5.318219 ^ fanout70/A (sky130_fd_sc_hd__clkbuf_2)
     5    0.031411    0.173835    0.218103    5.536322 ^ fanout70/X (sky130_fd_sc_hd__clkbuf_2)
                                                         net70 (net)
                      0.173859    0.001678    5.538001 ^ fanout67/A (sky130_fd_sc_hd__dlymetal6s2s_1)
     6    0.024440    0.256375    0.274455    5.812455 ^ fanout67/X (sky130_fd_sc_hd__dlymetal6s2s_1)
                                                         net67 (net)
                      0.256378    0.000698    5.813153 ^ _390_/A (sky130_fd_sc_hd__and3_1)
     3    0.020087    0.204366    0.315414    6.128568 ^ _390_/X (sky130_fd_sc_hd__and3_1)
                                                         u_ibex.u_ibex_core.load_store_unit_i.addr_last_d[4] (net)
                      0.204369    0.001120    6.129688 ^ _687_/A (sky130_fd_sc_hd__clkbuf_1)
     1    0.002776    0.045472    0.113132    6.242820 ^ _687_/X (sky130_fd_sc_hd__clkbuf_1)
                                                         net26 (net)
                      0.045472    0.000177    6.242997 ^ output26/A (sky130_fd_sc_hd__buf_2)
     1    0.034893    0.173268    0.199469    6.442466 ^ output26/X (sky130_fd_sc_hd__buf_2)
                                                         tl_o[65] (net)
                      0.173293    0.001734    6.444200 ^ tl_o[65] (out)
                                              6.444200   data arrival time

                                 25.000000   25.000000   clock clk_i (rise edge)
                                  0.000000   25.000000   clock network delay (propagated)
                                 -0.250000   24.750000   clock uncertainty
                                  0.000000   24.750000   clock reconvergence pessimism
                                 -5.000000   19.750000   output external delay
                                             19.750000   data required time
---------------------------------------------------------------------------------------------
                                             19.750000   data required time
                                             -6.444200   data arrival time
---------------------------------------------------------------------------------------------
                                             13.305799   slack (MET)


Startpoint: _574_ (rising edge-triggered flip-flop clocked by clk_i)
Endpoint: _560_ (rising edge-triggered flip-flop clocked by clk_i)
Path Group: clk_i
Path Type: max

Fanout         Cap        Slew       Delay        Time   Description
---------------------------------------------------------------------------------------------
                                  0.000000    0.000000   clock clk_i (rise edge)
                                  0.000000    0.000000   clock source latency
     2    0.083141    0.377847    0.279778    0.279778 ^ clk_i (in)
                                                         clk_i (net)
                      0.382483    0.000000    0.279778 ^ clkbuf_0_clk_i/A (sky130_fd_sc_hd__clkbuf_16)
     2    0.018889    0.047857    0.218239    0.498018 ^ clkbuf_0_clk_i/X (sky130_fd_sc_hd__clkbuf_16)
                                                         clknet_0_clk_i (net)
                      0.047857    0.000962    0.498979 ^ clkbuf_1_0__f_clk_i/A (sky130_fd_sc_hd__clkbuf_16)
     3    0.008434    0.031988    0.115356    0.614336 ^ clkbuf_1_0__f_clk_i/X (sky130_fd_sc_hd__clkbuf_16)
                                                         clknet_1_0__leaf_clk_i (net)
                      0.031989    0.000406    0.614742 ^ _498_/A (sky130_fd_sc_hd__and2_2)
     3    0.056167    0.288109    0.302977    0.917719 ^ _498_/X (sky130_fd_sc_hd__and2_2)
                                                         u_ibex.clk (net)
                      0.289545    0.016500    0.934219 ^ clkbuf_0_u_ibex.clk/A (sky130_fd_sc_hd__clkbuf_16)
     9    0.085943    0.105341    0.250061    1.184280 ^ clkbuf_0_u_ibex.clk/X (sky130_fd_sc_hd__clkbuf_16)
                                                         clknet_0_u_ibex.clk (net)
                      0.107075    0.010702    1.194983 ^ clkbuf_2_3__f_u_ibex.clk/A (sky130_fd_sc_hd__clkbuf_16)
    23    0.084906    0.103015    0.190210    1.385192 ^ clkbuf_2_3__f_u_ibex.clk/X (sky130_fd_sc_hd__clkbuf_16)
                                                         clknet_2_3__leaf_u_ibex.clk (net)
                      0.106551    0.014841    1.400033 ^ _574_/CLK (sky130_fd_sc_hd__dfrtp_1)
     1    0.003853    0.044110    0.382186    1.782219 v _574_/Q (sky130_fd_sc_hd__dfrtp_1)
                                                         u_ibex.u_ibex_core.id_stage_i.controller_i.ctrl_fsm_cs[3] (net)
                      0.044110    0.000247    1.782465 v hold327/A (sky130_fd_sc_hd__dlygate4sd3_1)
     1    0.002793    0.052953    0.547728    2.330194 v hold327/X (sky130_fd_sc_hd__dlygate4sd3_1)
                                                         net498 (net)
                      0.052953    0.000172    2.330365 v hold113/A (sky130_fd_sc_hd__dlygate4sd3_1)
     1    0.002680    0.052195    0.550155    2.880520 v hold113/X (sky130_fd_sc_hd__dlygate4sd3_1)
                                                         net284 (net)
                      0.052195    0.000165    2.880686 v hold328/A (sky130_fd_sc_hd__dlygate4sd3_1)
     2    0.010274    0.087622    0.598274    3.478960 v hold328/X (sky130_fd_sc_hd__dlygate4sd3_1)
                                                         net499 (net)
                      0.087622    0.000531    3.479490 v fanout83/A (sky130_fd_sc_hd__buf_1)
     1    0.005779    0.042473    0.120262    3.599752 v fanout83/X (sky130_fd_sc_hd__buf_1)
                                                         net83 (net)
                      0.042475    0.000372    3.600124 v hold114/A (sky130_fd_sc_hd__dlygate4sd3_1)
     6    0.020624    0.135758    0.642402    4.242526 v hold114/X (sky130_fd_sc_hd__dlygate4sd3_1)
                                                         net285 (net)
                      0.135764    0.000990    4.243516 v _411_/A_N (sky130_fd_sc_hd__and2b_1)
     4    0.018962    0.177897    0.323461    4.566977 ^ _411_/X (sky130_fd_sc_hd__and2b_1)
                                                         _165_ (net)
                      0.177913    0.001787    4.568763 ^ _412_/B (sky130_fd_sc_hd__nand2_1)
     1    0.003185    0.064900    0.078387    4.647150 v _412_/Y (sky130_fd_sc_hd__nand2_1)
                                                         _166_ (net)
                      0.064901    0.000239    4.647389 v hold231/A (sky130_fd_sc_hd__dlygate4sd3_1)
     1    0.002879    0.053421    0.557383    5.204772 v hold231/X (sky130_fd_sc_hd__dlygate4sd3_1)
                                                         net402 (net)
                      0.053421    0.000167    5.204939 v hold52/A (sky130_fd_sc_hd__dlygate4sd3_1)
     2    0.005995    0.068592    0.573702    5.778642 v hold52/X (sky130_fd_sc_hd__dlygate4sd3_1)
                                                         net223 (net)
                      0.068592    0.000376    5.779017 v _413_/B (sky130_fd_sc_hd__nor2_1)
     2    0.011605    0.221485    0.198325    5.977342 ^ _413_/Y (sky130_fd_sc_hd__nor2_1)
                                                         _167_ (net)
                      0.221488    0.000674    5.978016 ^ _435_/B1 (sky130_fd_sc_hd__o21ai_1)
     1    0.002227    0.065390    0.093749    6.071765 v _435_/Y (sky130_fd_sc_hd__o21ai_1)
                                                         _186_ (net)
                      0.065390    0.000092    6.071857 v hold136/A (sky130_fd_sc_hd__dlygate4sd3_1)
     1    0.004634    0.062169    0.570249    6.642107 v hold136/X (sky130_fd_sc_hd__dlygate4sd3_1)
                                                         net307 (net)
                      0.062169    0.000347    6.642454 v _436_/B (sky130_fd_sc_hd__nand2b_2)
     1    0.003147    0.041734    0.065564    6.708018 ^ _436_/Y (sky130_fd_sc_hd__nand2b_2)
                                                         _187_ (net)
                      0.041734    0.000196    6.708214 ^ hold137/A (sky130_fd_sc_hd__dlygate4sd3_1)
     5    0.025814    0.261529    0.696196    7.404410 ^ hold137/X (sky130_fd_sc_hd__dlygate4sd3_1)
                                                         net308 (net)
                      0.261534    0.001574    7.405983 ^ _437_/A (sky130_fd_sc_hd__inv_2)
     1    0.001860    0.040187    0.037389    7.443372 v _437_/Y (sky130_fd_sc_hd__inv_2)
                                                         _188_ (net)
                      0.040187    0.000086    7.443458 v hold138/A (sky130_fd_sc_hd__dlygate4sd3_1)
     5    0.017012    0.118494    0.624745    8.068203 v hold138/X (sky130_fd_sc_hd__dlygate4sd3_1)
                                                         net309 (net)
                      0.118494    0.000555    8.068758 v _438_/B1 (sky130_fd_sc_hd__o211a_1)
     1    0.003293    0.041000    0.155832    8.224590 v _438_/X (sky130_fd_sc_hd__o211a_1)
                                                         _189_ (net)
                      0.041000    0.000193    8.224783 v hold139/A (sky130_fd_sc_hd__dlygate4sd3_1)
     1    0.003491    0.057240    0.552578    8.777360 v hold139/X (sky130_fd_sc_hd__dlygate4sd3_1)
                                                         net310 (net)
                      0.057240    0.000234    8.777594 v _441_/B (sky130_fd_sc_hd__nor4_1)
     1    0.002608    0.210005    0.246314    9.023908 ^ _441_/Y (sky130_fd_sc_hd__nor4_1)
                                                         instr_gnt (net)
                      0.210005    0.000172    9.024080 ^ hold140/A (sky130_fd_sc_hd__dlygate4sd3_1)
     1    0.002490    0.050187    0.573064    9.597145 ^ hold140/X (sky130_fd_sc_hd__dlygate4sd3_1)
                                                         net311 (net)
                      0.050187    0.000115    9.597260 ^ wire56/A (sky130_fd_sc_hd__buf_1)
     1    0.004027    0.057501    0.092159    9.689419 ^ wire56/X (sky130_fd_sc_hd__buf_1)
                                                         net56 (net)
                      0.057501    0.000275    9.689693 ^ hold141/A (sky130_fd_sc_hd__dlygate4sd3_1)
     3    0.014497    0.157390    0.624691   10.314385 ^ hold141/X (sky130_fd_sc_hd__dlygate4sd3_1)
                                                         net312 (net)
                      0.157391    0.000831   10.315216 ^ _445_/A2 (sky130_fd_sc_hd__a21oi_1)
     1    0.003020    0.054283    0.089266   10.404483 v _445_/Y (sky130_fd_sc_hd__a21oi_1)
                                                         _194_ (net)
                      0.054283    0.000179   10.404662 v hold297/A (sky130_fd_sc_hd__dlygate4sd3_1)
     2    0.013594    0.102589    0.614187   11.018849 v hold297/X (sky130_fd_sc_hd__dlygate4sd3_1)
                                                         net468 (net)
                      0.102712    0.001220   11.020070 v _448_/B (sky130_fd_sc_hd__nor2_1)
     1    0.003510    0.093467    0.112268   11.132338 ^ _448_/Y (sky130_fd_sc_hd__nor2_1)
                                                         u_ibex.u_ibex_core.if_stage_i.gen_prefetch_buffer.prefetch_buffer_i.rdata_outstanding_s[1] (net)
                      0.093467    0.000258   11.132595 ^ hold298/A (sky130_fd_sc_hd__dlygate4sd3_1)
     1    0.002943    0.054132    0.550425   11.683020 ^ hold298/X (sky130_fd_sc_hd__dlygate4sd3_1)
                                                         net469 (net)
                      0.054132    0.000173   11.683192 ^ hold2/A (sky130_fd_sc_hd__dlygate4sd3_1)
     1    0.005806    0.079127    0.561824   12.245017 ^ hold2/X (sky130_fd_sc_hd__dlygate4sd3_1)
                                                         net173 (net)
                      0.079127    0.000370   12.245387 ^ hold299/A (sky130_fd_sc_hd__dlygate4sd3_1)
     1    0.003930    0.063050    0.554633   12.800020 ^ hold299/X (sky130_fd_sc_hd__dlygate4sd3_1)
                                                         net470 (net)
                      0.063050    0.000246   12.800266 ^ _560_/D (sky130_fd_sc_hd__dfrtp_1)
                                             12.800266   data arrival time

                                 25.000000   25.000000   clock clk_i (rise edge)
                                  0.000000   25.000000   clock source latency
     2    0.083141    0.377847    0.279778   25.279778 ^ clk_i (in)
                                                         clk_i (net)
                      0.382483    0.000000   25.279778 ^ clkbuf_0_clk_i/A (sky130_fd_sc_hd__clkbuf_16)
     2    0.018889    0.047857    0.218240   25.498016 ^ clkbuf_0_clk_i/X (sky130_fd_sc_hd__clkbuf_16)
                                                         clknet_0_clk_i (net)
                      0.047857    0.000961   25.498978 ^ clkbuf_1_0__f_clk_i/A (sky130_fd_sc_hd__clkbuf_16)
     3    0.008434    0.031988    0.115357   25.614334 ^ clkbuf_1_0__f_clk_i/X (sky130_fd_sc_hd__clkbuf_16)
                                                         clknet_1_0__leaf_clk_i (net)
                      0.031989    0.000407   25.614740 ^ _498_/A (sky130_fd_sc_hd__and2_2)
     3    0.056167    0.287732    0.302977   25.917719 ^ _498_/X (sky130_fd_sc_hd__and2_2)
                                                         u_ibex.clk (net)
                      0.289172    0.016499   25.934217 ^ clkbuf_0_u_ibex.clk/A (sky130_fd_sc_hd__clkbuf_16)
     9    0.085943    0.105335    0.249992   26.184210 ^ clkbuf_0_u_ibex.clk/X (sky130_fd_sc_hd__clkbuf_16)
                                                         clknet_0_u_ibex.clk (net)
                      0.107192    0.011074   26.195284 ^ clkbuf_2_2__f_u_ibex.clk/A (sky130_fd_sc_hd__clkbuf_16)
    31    0.111426    0.125472    0.198986   26.394268 ^ clkbuf_2_2__f_u_ibex.clk/X (sky130_fd_sc_hd__clkbuf_16)
                                                         clknet_2_2__leaf_u_ibex.clk (net)
                      0.141198    0.033801   26.428070 ^ _560_/CLK (sky130_fd_sc_hd__dfrtp_1)
                                 -0.250000   26.178070   clock uncertainty
                                  0.000070   26.178139   clock reconvergence pessimism
                                 -0.049453   26.128685   library setup time
                                             26.128685   data required time
---------------------------------------------------------------------------------------------
                                             26.128685   data required time
                                            -12.800266   data arrival time
---------------------------------------------------------------------------------------------
                                             13.328420   slack (MET)


Startpoint: _578_ (rising edge-triggered flip-flop clocked by clk_i)
Endpoint: tl_o[64] (output port clocked by clk_i)
Path Group: clk_i
Path Type: max

Fanout         Cap        Slew       Delay        Time   Description
---------------------------------------------------------------------------------------------
                                  0.000000    0.000000   clock clk_i (rise edge)
                                  0.000000    0.000000   clock source latency
     2    0.083141    0.377847    0.279778    0.279778 ^ clk_i (in)
                                                         clk_i (net)
                      0.382483    0.000000    0.279778 ^ clkbuf_0_clk_i/A (sky130_fd_sc_hd__clkbuf_16)
     2    0.018889    0.047857    0.218239    0.498018 ^ clkbuf_0_clk_i/X (sky130_fd_sc_hd__clkbuf_16)
                                                         clknet_0_clk_i (net)
                      0.047857    0.000962    0.498979 ^ clkbuf_1_0__f_clk_i/A (sky130_fd_sc_hd__clkbuf_16)
     3    0.008434    0.031988    0.115356    0.614336 ^ clkbuf_1_0__f_clk_i/X (sky130_fd_sc_hd__clkbuf_16)
                                                         clknet_1_0__leaf_clk_i (net)
                      0.031989    0.000406    0.614742 ^ _498_/A (sky130_fd_sc_hd__and2_2)
     3    0.056167    0.288109    0.302977    0.917719 ^ _498_/X (sky130_fd_sc_hd__and2_2)
                                                         u_ibex.clk (net)
                      0.289545    0.016500    0.934219 ^ clkbuf_0_u_ibex.clk/A (sky130_fd_sc_hd__clkbuf_16)
     9    0.085943    0.105341    0.250061    1.184280 ^ clkbuf_0_u_ibex.clk/X (sky130_fd_sc_hd__clkbuf_16)
                                                         clknet_0_u_ibex.clk (net)
                      0.107198    0.011073    1.195353 ^ clkbuf_2_2__f_u_ibex.clk/A (sky130_fd_sc_hd__clkbuf_16)
    31    0.111426    0.125471    0.198987    1.394341 ^ clkbuf_2_2__f_u_ibex.clk/X (sky130_fd_sc_hd__clkbuf_16)
                                                         clknet_2_2__leaf_u_ibex.clk (net)
                      0.131310    0.020520    1.414861 ^ _578_/CLK (sky130_fd_sc_hd__dfrtp_1)
     1    0.006077    0.070148    0.368719    1.783579 ^ _578_/Q (sky130_fd_sc_hd__dfrtp_1)
                                                         u_ibex.u_ibex_core.load_store_unit_i.ls_fsm_cs[1] (net)
                      0.070148    0.000311    1.783890 ^ hold126/A (sky130_fd_sc_hd__dlygate4sd3_1)
     1    0.003653    0.060099    0.549944    2.333834 ^ hold126/X (sky130_fd_sc_hd__dlygate4sd3_1)
                                                         net297 (net)
                      0.060791    0.000214    2.334048 ^ hold117/A (sky130_fd_sc_hd__dlygate4sd3_1)
     1    0.002139    0.047606    0.533430    2.867478 ^ hold117/X (sky130_fd_sc_hd__dlygate4sd3_1)
                                                         net288 (net)
                      0.047606    0.000154    2.867631 ^ hold127/A (sky130_fd_sc_hd__dlygate4sd3_1)
     3    0.012362    0.137613    0.607082    3.474714 ^ hold127/X (sky130_fd_sc_hd__dlygate4sd3_1)
                                                         net298 (net)
                      0.137613    0.000381    3.475095 ^ fanout82/A (sky130_fd_sc_hd__dlymetal6s2s_1)
     2    0.007625    0.100421    0.157236    3.632331 ^ fanout82/X (sky130_fd_sc_hd__dlymetal6s2s_1)
                                                         net82 (net)
                      0.100421    0.000232    3.632563 ^ hold128/A (sky130_fd_sc_hd__dlygate4sd3_1)
     5    0.020675    0.214695    0.679198    4.311761 ^ hold128/X (sky130_fd_sc_hd__dlygate4sd3_1)
                                                         net299 (net)
                      0.214697    0.001086    4.312847 ^ _256_/C_N (sky130_fd_sc_hd__nor3b_2)
     7    0.028686    0.494864    0.481129    4.793976 ^ _256_/Y (sky130_fd_sc_hd__nor3b_2)
                                                         _046_ (net)
                      0.494880    0.002290    4.796266 ^ wire77/A (sky130_fd_sc_hd__buf_4)
     7    0.065390    0.186402    0.309818    5.106084 ^ wire77/X (sky130_fd_sc_hd__buf_4)
                                                         net77 (net)
                      0.190334    0.021424    5.127508 ^ _262_/A (sky130_fd_sc_hd__or3_1)
     2    0.010831    0.107411    0.190133    5.317641 ^ _262_/X (sky130_fd_sc_hd__or3_1)
                                                         _052_ (net)
                      0.107412    0.000578    5.318219 ^ fanout70/A (sky130_fd_sc_hd__clkbuf_2)
     5    0.031411    0.173835    0.218103    5.536322 ^ fanout70/X (sky130_fd_sc_hd__clkbuf_2)
                                                         net70 (net)
                      0.173859    0.001678    5.538001 ^ fanout67/A (sky130_fd_sc_hd__dlymetal6s2s_1)
     6    0.024440    0.256375    0.274455    5.812455 ^ fanout67/X (sky130_fd_sc_hd__dlymetal6s2s_1)
                                                         net67 (net)
                      0.256383    0.001179    5.813634 ^ _341_/B1 (sky130_fd_sc_hd__o21a_1)
     3    0.015316    0.152499    0.244738    6.058372 ^ _341_/X (sky130_fd_sc_hd__o21a_1)
                                                         u_ibex.u_ibex_core.load_store_unit_i.addr_last_d[3] (net)
                      0.152500    0.000667    6.059039 ^ _686_/A (sky130_fd_sc_hd__clkbuf_1)
     1    0.003385    0.051300    0.110707    6.169747 ^ _686_/X (sky130_fd_sc_hd__clkbuf_1)
                                                         net25 (net)
                      0.051300    0.000230    6.169976 ^ output25/A (sky130_fd_sc_hd__buf_2)
     1    0.034772    0.172645    0.201287    6.371263 ^ output25/X (sky130_fd_sc_hd__buf_2)
                                                         tl_o[64] (net)
                      0.172722    0.001751    6.373013 ^ tl_o[64] (out)
                                              6.373013   data arrival time

                                 25.000000   25.000000   clock clk_i (rise edge)
                                  0.000000   25.000000   clock network delay (propagated)
                                 -0.250000   24.750000   clock uncertainty
                                  0.000000   24.750000   clock reconvergence pessimism
                                 -5.000000   19.750000   output external delay
                                             19.750000   data required time
---------------------------------------------------------------------------------------------
                                             19.750000   data required time
                                             -6.373013   data arrival time
---------------------------------------------------------------------------------------------
                                             13.376987   slack (MET)


Startpoint: _578_ (rising edge-triggered flip-flop clocked by clk_i)
Endpoint: tl_o[63] (output port clocked by clk_i)
Path Group: clk_i
Path Type: max

Fanout         Cap        Slew       Delay        Time   Description
---------------------------------------------------------------------------------------------
                                  0.000000    0.000000   clock clk_i (rise edge)
                                  0.000000    0.000000   clock source latency
     2    0.083141    0.377847    0.279778    0.279778 ^ clk_i (in)
                                                         clk_i (net)
                      0.382483    0.000000    0.279778 ^ clkbuf_0_clk_i/A (sky130_fd_sc_hd__clkbuf_16)
     2    0.018889    0.047857    0.218239    0.498018 ^ clkbuf_0_clk_i/X (sky130_fd_sc_hd__clkbuf_16)
                                                         clknet_0_clk_i (net)
                      0.047857    0.000962    0.498979 ^ clkbuf_1_0__f_clk_i/A (sky130_fd_sc_hd__clkbuf_16)
     3    0.008434    0.031988    0.115356    0.614336 ^ clkbuf_1_0__f_clk_i/X (sky130_fd_sc_hd__clkbuf_16)
                                                         clknet_1_0__leaf_clk_i (net)
                      0.031989    0.000406    0.614742 ^ _498_/A (sky130_fd_sc_hd__and2_2)
     3    0.056167    0.288109    0.302977    0.917719 ^ _498_/X (sky130_fd_sc_hd__and2_2)
                                                         u_ibex.clk (net)
                      0.289545    0.016500    0.934219 ^ clkbuf_0_u_ibex.clk/A (sky130_fd_sc_hd__clkbuf_16)
     9    0.085943    0.105341    0.250061    1.184280 ^ clkbuf_0_u_ibex.clk/X (sky130_fd_sc_hd__clkbuf_16)
                                                         clknet_0_u_ibex.clk (net)
                      0.107198    0.011073    1.195353 ^ clkbuf_2_2__f_u_ibex.clk/A (sky130_fd_sc_hd__clkbuf_16)
    31    0.111426    0.125471    0.198987    1.394341 ^ clkbuf_2_2__f_u_ibex.clk/X (sky130_fd_sc_hd__clkbuf_16)
                                                         clknet_2_2__leaf_u_ibex.clk (net)
                      0.131310    0.020520    1.414861 ^ _578_/CLK (sky130_fd_sc_hd__dfrtp_1)
     1    0.006077    0.070148    0.368719    1.783579 ^ _578_/Q (sky130_fd_sc_hd__dfrtp_1)
                                                         u_ibex.u_ibex_core.load_store_unit_i.ls_fsm_cs[1] (net)
                      0.070148    0.000311    1.783890 ^ hold126/A (sky130_fd_sc_hd__dlygate4sd3_1)
     1    0.003653    0.060099    0.549944    2.333834 ^ hold126/X (sky130_fd_sc_hd__dlygate4sd3_1)
                                                         net297 (net)
                      0.060791    0.000214    2.334048 ^ hold117/A (sky130_fd_sc_hd__dlygate4sd3_1)
     1    0.002139    0.047606    0.533430    2.867478 ^ hold117/X (sky130_fd_sc_hd__dlygate4sd3_1)
                                                         net288 (net)
                      0.047606    0.000154    2.867631 ^ hold127/A (sky130_fd_sc_hd__dlygate4sd3_1)
     3    0.012362    0.137613    0.607082    3.474714 ^ hold127/X (sky130_fd_sc_hd__dlygate4sd3_1)
                                                         net298 (net)
                      0.137613    0.000381    3.475095 ^ fanout82/A (sky130_fd_sc_hd__dlymetal6s2s_1)
     2    0.007625    0.100421    0.157236    3.632331 ^ fanout82/X (sky130_fd_sc_hd__dlymetal6s2s_1)
                                                         net82 (net)
                      0.100421    0.000232    3.632563 ^ hold128/A (sky130_fd_sc_hd__dlygate4sd3_1)
     5    0.020675    0.214695    0.679198    4.311761 ^ hold128/X (sky130_fd_sc_hd__dlygate4sd3_1)
                                                         net299 (net)
                      0.214697    0.001086    4.312847 ^ _256_/C_N (sky130_fd_sc_hd__nor3b_2)
     7    0.028686    0.494864    0.481129    4.793976 ^ _256_/Y (sky130_fd_sc_hd__nor3b_2)
                                                         _046_ (net)
                      0.494880    0.002290    4.796266 ^ wire77/A (sky130_fd_sc_hd__buf_4)
     7    0.065390    0.186402    0.309818    5.106084 ^ wire77/X (sky130_fd_sc_hd__buf_4)
                                                         net77 (net)
                      0.190334    0.021424    5.127508 ^ _262_/A (sky130_fd_sc_hd__or3_1)
     2    0.010831    0.107411    0.190133    5.317641 ^ _262_/X (sky130_fd_sc_hd__or3_1)
                                                         _052_ (net)
                      0.107412    0.000578    5.318219 ^ fanout70/A (sky130_fd_sc_hd__clkbuf_2)
     5    0.031411    0.173835    0.218103    5.536322 ^ fanout70/X (sky130_fd_sc_hd__clkbuf_2)
                                                         net70 (net)
                      0.173859    0.001678    5.538001 ^ fanout67/A (sky130_fd_sc_hd__dlymetal6s2s_1)
     6    0.024440    0.256375    0.274455    5.812455 ^ fanout67/X (sky130_fd_sc_hd__dlymetal6s2s_1)
                                                         net67 (net)
                      0.256386    0.001352    5.813807 ^ _368_/B (sky130_fd_sc_hd__and2b_1)
     3    0.013348    0.130042    0.228749    6.042556 ^ _368_/X (sky130_fd_sc_hd__and2b_1)
                                                         u_ibex.u_ibex_core.load_store_unit_i.addr_last_d[2] (net)
                      0.130042    0.000577    6.043133 ^ _685_/A (sky130_fd_sc_hd__clkbuf_1)
     1    0.002701    0.043871    0.101836    6.144969 ^ _685_/X (sky130_fd_sc_hd__clkbuf_1)
                                                         net24 (net)
                      0.043871    0.000172    6.145142 ^ output24/A (sky130_fd_sc_hd__buf_2)
     1    0.034954    0.173553    0.199051    6.344193 ^ output24/X (sky130_fd_sc_hd__buf_2)
                                                         tl_o[63] (net)
                      0.173578    0.001739    6.345931 ^ tl_o[63] (out)
                                              6.345931   data arrival time

                                 25.000000   25.000000   clock clk_i (rise edge)
                                  0.000000   25.000000   clock network delay (propagated)
                                 -0.250000   24.750000   clock uncertainty
                                  0.000000   24.750000   clock reconvergence pessimism
                                 -5.000000   19.750000   output external delay
                                             19.750000   data required time
---------------------------------------------------------------------------------------------
                                             19.750000   data required time
                                             -6.345931   data arrival time
---------------------------------------------------------------------------------------------
                                             13.404068   slack (MET)


Startpoint: _578_ (rising edge-triggered flip-flop clocked by clk_i)
Endpoint: tl_o[69] (output port clocked by clk_i)
Path Group: clk_i
Path Type: max

Fanout         Cap        Slew       Delay        Time   Description
---------------------------------------------------------------------------------------------
                                  0.000000    0.000000   clock clk_i (rise edge)
                                  0.000000    0.000000   clock source latency
     2    0.083141    0.377847    0.279778    0.279778 ^ clk_i (in)
                                                         clk_i (net)
                      0.382483    0.000000    0.279778 ^ clkbuf_0_clk_i/A (sky130_fd_sc_hd__clkbuf_16)
     2    0.018889    0.047857    0.218239    0.498018 ^ clkbuf_0_clk_i/X (sky130_fd_sc_hd__clkbuf_16)
                                                         clknet_0_clk_i (net)
                      0.047857    0.000962    0.498979 ^ clkbuf_1_0__f_clk_i/A (sky130_fd_sc_hd__clkbuf_16)
     3    0.008434    0.031988    0.115356    0.614336 ^ clkbuf_1_0__f_clk_i/X (sky130_fd_sc_hd__clkbuf_16)
                                                         clknet_1_0__leaf_clk_i (net)
                      0.031989    0.000406    0.614742 ^ _498_/A (sky130_fd_sc_hd__and2_2)
     3    0.056167    0.288109    0.302977    0.917719 ^ _498_/X (sky130_fd_sc_hd__and2_2)
                                                         u_ibex.clk (net)
                      0.289545    0.016500    0.934219 ^ clkbuf_0_u_ibex.clk/A (sky130_fd_sc_hd__clkbuf_16)
     9    0.085943    0.105341    0.250061    1.184280 ^ clkbuf_0_u_ibex.clk/X (sky130_fd_sc_hd__clkbuf_16)
                                                         clknet_0_u_ibex.clk (net)
                      0.107198    0.011073    1.195353 ^ clkbuf_2_2__f_u_ibex.clk/A (sky130_fd_sc_hd__clkbuf_16)
    31    0.111426    0.125471    0.198987    1.394341 ^ clkbuf_2_2__f_u_ibex.clk/X (sky130_fd_sc_hd__clkbuf_16)
                                                         clknet_2_2__leaf_u_ibex.clk (net)
                      0.131310    0.020520    1.414861 ^ _578_/CLK (sky130_fd_sc_hd__dfrtp_1)
     1    0.005912    0.053292    0.401833    1.816694 v _578_/Q (sky130_fd_sc_hd__dfrtp_1)
                                                         u_ibex.u_ibex_core.load_store_unit_i.ls_fsm_cs[1] (net)
                      0.053292    0.000294    1.816988 v hold126/A (sky130_fd_sc_hd__dlygate4sd3_1)
     1    0.003488    0.057137    0.557381    2.374369 v hold126/X (sky130_fd_sc_hd__dlygate4sd3_1)
                                                         net297 (net)
                      0.057137    0.000200    2.374569 v hold117/A (sky130_fd_sc_hd__dlygate4sd3_1)
     1    0.001974    0.048843    0.545628    2.920197 v hold117/X (sky130_fd_sc_hd__dlygate4sd3_1)
                                                         net288 (net)
                      0.048843    0.000141    2.920338 v hold127/A (sky130_fd_sc_hd__dlygate4sd3_1)
     3    0.011327    0.092230    0.601906    3.522244 v hold127/X (sky130_fd_sc_hd__dlygate4sd3_1)
                                                         net298 (net)
                      0.092230    0.000352    3.522596 v fanout82/A (sky130_fd_sc_hd__dlymetal6s2s_1)
     2    0.007165    0.055445    0.173212    3.695808 v fanout82/X (sky130_fd_sc_hd__dlymetal6s2s_1)
                                                         net82 (net)
                      0.055445    0.000217    3.696025 v hold128/A (sky130_fd_sc_hd__dlygate4sd3_1)
     5    0.019923    0.132449    0.644201    4.340226 v hold128/X (sky130_fd_sc_hd__dlygate4sd3_1)
                                                         net299 (net)
                      0.132456    0.001045    4.341270 v _256_/C_N (sky130_fd_sc_hd__nor3b_2)
     7    0.027855    0.105270    0.244813    4.586083 v _256_/Y (sky130_fd_sc_hd__nor3b_2)
                                                         _046_ (net)
                      0.105342    0.002214    4.588297 v wire77/A (sky130_fd_sc_hd__buf_4)
     7    0.064495    0.090442    0.217230    4.805527 v wire77/X (sky130_fd_sc_hd__buf_4)
                                                         net77 (net)
                      0.098531    0.020631    4.826159 v _281_/A1 (sky130_fd_sc_hd__o311a_2)
     5    0.014001    0.083003    0.451362    5.277521 v _281_/X (sky130_fd_sc_hd__o311a_2)
                                                         _071_ (net)
                      0.083020    0.000694    5.278215 v _283_/B (sky130_fd_sc_hd__and3_1)
     2    0.010142    0.067603    0.210275    5.488490 v _283_/X (sky130_fd_sc_hd__and3_1)
                                                         _073_ (net)
                      0.067609    0.000663    5.489154 v _303_/A (sky130_fd_sc_hd__nor2_2)
     5    0.034084    0.376079    0.333188    5.822341 ^ _303_/Y (sky130_fd_sc_hd__nor2_2)
                                                         u_ibex.u_ibex_core.load_store_unit_i.addr_last_d[8] (net)
                      0.376103    0.002507    5.824849 ^ _691_/A (sky130_fd_sc_hd__clkbuf_1)
     1    0.002662    0.046609    0.129472    5.954321 ^ _691_/X (sky130_fd_sc_hd__clkbuf_1)
                                                         net30 (net)
                      0.046610    0.000170    5.954490 ^ output30/A (sky130_fd_sc_hd__buf_2)
     1    0.034449    0.171123    0.198518    6.153008 ^ output30/X (sky130_fd_sc_hd__buf_2)
                                                         tl_o[69] (net)
                      0.171196    0.001613    6.154622 ^ tl_o[69] (out)
                                              6.154622   data arrival time

                                 25.000000   25.000000   clock clk_i (rise edge)
                                  0.000000   25.000000   clock network delay (propagated)
                                 -0.250000   24.750000   clock uncertainty
                                  0.000000   24.750000   clock reconvergence pessimism
                                 -5.000000   19.750000   output external delay
                                             19.750000   data required time
---------------------------------------------------------------------------------------------
                                             19.750000   data required time
                                             -6.154622   data arrival time
---------------------------------------------------------------------------------------------
                                             13.595378   slack (MET)


Startpoint: tl_i[64] (input port clocked by clk_i)
Endpoint: _569_ (rising edge-triggered flip-flop clocked by clk_i)
Path Group: clk_i
Path Type: max

Fanout         Cap        Slew       Delay        Time   Description
---------------------------------------------------------------------------------------------
                                  0.000000    0.000000   clock clk_i (rise edge)
                                  0.000000    0.000000   clock network delay (propagated)
                                  5.000000    5.000000 v input external delay
     2    0.004796    0.013190    0.007796    5.007797 v tl_i[64] (in)
                                                         tl_i[64] (net)
                      0.013191    0.000000    5.007797 v input14/A (sky130_fd_sc_hd__clkbuf_4)
     3    0.043384    0.096146    0.181388    5.189184 v input14/X (sky130_fd_sc_hd__clkbuf_4)
                                                         net14 (net)
                      0.096239    0.002686    5.191871 v _423_/A (sky130_fd_sc_hd__xor2_4)
     3    0.072712    0.196825    0.267966    5.459836 v _423_/X (sky130_fd_sc_hd__xor2_4)
                                                         _176_ (net)
                      0.199916    0.019501    5.479337 v wire85/A (sky130_fd_sc_hd__buf_8)
     3    0.119114    0.086248    0.229524    5.708861 v wire85/X (sky130_fd_sc_hd__buf_8)
                                                         net85 (net)
                      0.132242    0.049565    5.758427 v _426_/B (sky130_fd_sc_hd__or4_4)
     3    0.074088    0.186197    0.680209    6.438636 v _426_/X (sky130_fd_sc_hd__or4_4)
                                                         _179_ (net)
                      0.193306    0.028060    6.466696 v _429_/C (sky130_fd_sc_hd__or4_1)
     1    0.002478    0.079530    0.503571    6.970267 v _429_/X (sky130_fd_sc_hd__or4_1)
                                                         _182_ (net)
                      0.079530    0.000179    6.970446 v _430_/A2 (sky130_fd_sc_hd__a21o_1)
     3    0.012433    0.072373    0.226998    7.197444 v _430_/X (sky130_fd_sc_hd__a21o_1)
                                                         _183_ (net)
                      0.072394    0.001187    7.198631 v _432_/A2 (sky130_fd_sc_hd__o211a_1)
     1    0.002659    0.037713    0.207983    7.406614 v _432_/X (sky130_fd_sc_hd__o211a_1)
                                                         u_ibex.u_ibex_core.id_stage_i.controller_i.exc_req_lsu (net)
                      0.037713    0.000179    7.406793 v hold316/A (sky130_fd_sc_hd__dlygate4sd3_1)
     1    0.002286    0.050239    0.540649    7.947442 v hold316/X (sky130_fd_sc_hd__dlygate4sd3_1)
                                                         net487 (net)
                      0.050239    0.000147    7.947589 v hold102/A (sky130_fd_sc_hd__dlygate4sd3_1)
     2    0.009953    0.086294    0.595926    8.543515 v hold102/X (sky130_fd_sc_hd__dlygate4sd3_1)
                                                         net273 (net)
                      0.086294    0.000985    8.544500 v _485_/A2 (sky130_fd_sc_hd__o21ai_2)
     4    0.018923    0.242471    0.236269    8.780769 ^ _485_/Y (sky130_fd_sc_hd__o21ai_2)
                                                         _227_ (net)
                      0.242475    0.000713    8.781483 ^ _487_/A2 (sky130_fd_sc_hd__a22oi_2)
     1    0.003607    0.076220    0.116983    8.898465 v _487_/Y (sky130_fd_sc_hd__a22oi_2)
                                                         _229_ (net)
                      0.076220    0.000260    8.898726 v hold159/A (sky130_fd_sc_hd__dlygate4sd3_1)
     3    0.014072    0.105058    0.626501    9.525227 v hold159/X (sky130_fd_sc_hd__dlygate4sd3_1)
                                                         net330 (net)
                      0.105066    0.000978    9.526204 v _489_/A (sky130_fd_sc_hd__nor2_1)
     1    0.004946    0.111305    0.144984    9.671188 ^ _489_/Y (sky130_fd_sc_hd__nor2_1)
                                                         _231_ (net)
                      0.111342    0.000312    9.671500 ^ hold160/A (sky130_fd_sc_hd__dlygate4sd3_1)
     4    0.015891    0.170212    0.649577   10.321077 ^ hold160/X (sky130_fd_sc_hd__dlygate4sd3_1)
                                                         net331 (net)
                      0.170213    0.000794   10.321872 ^ _490_/B (sky130_fd_sc_hd__nand2_1)
     2    0.009988    0.095801    0.120770   10.442641 v _490_/Y (sky130_fd_sc_hd__nand2_1)
                                                         _232_ (net)
                      0.095803    0.000625   10.443267 v _500_/S (sky130_fd_sc_hd__mux2_1)
     1    0.002211    0.051851    0.316387   10.759654 v _500_/X (sky130_fd_sc_hd__mux2_1)
                                                         _001_ (net)
                      0.051851    0.000089   10.759743 v hold175/A (sky130_fd_sc_hd__dlygate4sd3_1)
     1    0.002338    0.050314    0.546616   11.306359 v hold175/X (sky130_fd_sc_hd__dlygate4sd3_1)
                                                         net346 (net)
                      0.050314    0.000150   11.306509 v hold24/A (sky130_fd_sc_hd__dlygate4sd3_1)
     1    0.002240    0.049957    0.545120   11.851629 v hold24/X (sky130_fd_sc_hd__dlygate4sd3_1)
                                                         net195 (net)
                      0.049957    0.000160   11.851789 v hold176/A (sky130_fd_sc_hd__dlygate4sd3_1)
     1    0.003345    0.056539    0.554992   12.406781 v hold176/X (sky130_fd_sc_hd__dlygate4sd3_1)
                                                         net347 (net)
                      0.056539    0.000246   12.407027 v _569_/D (sky130_fd_sc_hd__dfxtp_1)
                                             12.407027   data arrival time

                                 25.000000   25.000000   clock clk_i (rise edge)
                                  0.000000   25.000000   clock source latency
     2    0.083141    0.377847    0.279778   25.279778 ^ clk_i (in)
                                                         clk_i (net)
                      0.382483    0.000000   25.279778 ^ clkbuf_0_clk_i/A (sky130_fd_sc_hd__clkbuf_16)
     2    0.018889    0.047857    0.218240   25.498016 ^ clkbuf_0_clk_i/X (sky130_fd_sc_hd__clkbuf_16)
                                                         clknet_0_clk_i (net)
                      0.047857    0.000961   25.498978 ^ clkbuf_1_0__f_clk_i/A (sky130_fd_sc_hd__clkbuf_16)
     3    0.008434    0.031988    0.115357   25.614334 ^ clkbuf_1_0__f_clk_i/X (sky130_fd_sc_hd__clkbuf_16)
                                                         clknet_1_0__leaf_clk_i (net)
                      0.031989    0.000407   25.614740 ^ _498_/A (sky130_fd_sc_hd__and2_2)
     3    0.056167    0.287732    0.302977   25.917719 ^ _498_/X (sky130_fd_sc_hd__and2_2)
                                                         u_ibex.clk (net)
                      0.289172    0.016499   25.934217 ^ clkbuf_0_u_ibex.clk/A (sky130_fd_sc_hd__clkbuf_16)
     9    0.085943    0.105335    0.249992   26.184210 ^ clkbuf_0_u_ibex.clk/X (sky130_fd_sc_hd__clkbuf_16)
                                                         clknet_0_u_ibex.clk (net)
                      0.107069    0.010703   26.194912 ^ clkbuf_2_3__f_u_ibex.clk/A (sky130_fd_sc_hd__clkbuf_16)
    23    0.084906    0.103015    0.190207   26.385118 ^ clkbuf_2_3__f_u_ibex.clk/X (sky130_fd_sc_hd__clkbuf_16)
                                                         clknet_2_3__leaf_u_ibex.clk (net)
                      0.108614    0.018725   26.403843 ^ _569_/CLK (sky130_fd_sc_hd__dfxtp_1)
                                 -0.250000   26.153845   clock uncertainty
                                  0.000000   26.153845   clock reconvergence pessimism
                                 -0.100719   26.053125   library setup time
                                             26.053125   data required time
---------------------------------------------------------------------------------------------
                                             26.053125   data required time
                                            -12.407027   data arrival time
---------------------------------------------------------------------------------------------
                                             13.646098   slack (MET)


Startpoint: tl_i[64] (input port clocked by clk_i)
Endpoint: _562_ (rising edge-triggered flip-flop clocked by clk_i)
Path Group: clk_i
Path Type: max

Fanout         Cap        Slew       Delay        Time   Description
---------------------------------------------------------------------------------------------
                                  0.000000    0.000000   clock clk_i (rise edge)
                                  0.000000    0.000000   clock network delay (propagated)
                                  5.000000    5.000000 v input external delay
     2    0.004796    0.013190    0.007796    5.007797 v tl_i[64] (in)
                                                         tl_i[64] (net)
                      0.013191    0.000000    5.007797 v input14/A (sky130_fd_sc_hd__clkbuf_4)
     3    0.043384    0.096146    0.181388    5.189184 v input14/X (sky130_fd_sc_hd__clkbuf_4)
                                                         net14 (net)
                      0.096239    0.002686    5.191871 v _423_/A (sky130_fd_sc_hd__xor2_4)
     3    0.072712    0.196825    0.267966    5.459836 v _423_/X (sky130_fd_sc_hd__xor2_4)
                                                         _176_ (net)
                      0.199916    0.019501    5.479337 v wire85/A (sky130_fd_sc_hd__buf_8)
     3    0.119114    0.086248    0.229524    5.708861 v wire85/X (sky130_fd_sc_hd__buf_8)
                                                         net85 (net)
                      0.132242    0.049565    5.758427 v _426_/B (sky130_fd_sc_hd__or4_4)
     3    0.074088    0.186197    0.680209    6.438636 v _426_/X (sky130_fd_sc_hd__or4_4)
                                                         _179_ (net)
                      0.193306    0.028060    6.466696 v _429_/C (sky130_fd_sc_hd__or4_1)
     1    0.002478    0.079530    0.503571    6.970267 v _429_/X (sky130_fd_sc_hd__or4_1)
                                                         _182_ (net)
                      0.079530    0.000179    6.970446 v _430_/A2 (sky130_fd_sc_hd__a21o_1)
     3    0.012433    0.072373    0.226998    7.197444 v _430_/X (sky130_fd_sc_hd__a21o_1)
                                                         _183_ (net)
                      0.072394    0.001187    7.198631 v _432_/A2 (sky130_fd_sc_hd__o211a_1)
     1    0.002659    0.037713    0.207983    7.406614 v _432_/X (sky130_fd_sc_hd__o211a_1)
                                                         u_ibex.u_ibex_core.id_stage_i.controller_i.exc_req_lsu (net)
                      0.037713    0.000179    7.406793 v hold316/A (sky130_fd_sc_hd__dlygate4sd3_1)
     1    0.002286    0.050239    0.540649    7.947442 v hold316/X (sky130_fd_sc_hd__dlygate4sd3_1)
                                                         net487 (net)
                      0.050239    0.000147    7.947589 v hold102/A (sky130_fd_sc_hd__dlygate4sd3_1)
     2    0.009953    0.086294    0.595926    8.543515 v hold102/X (sky130_fd_sc_hd__dlygate4sd3_1)
                                                         net273 (net)
                      0.086294    0.000985    8.544500 v _485_/A2 (sky130_fd_sc_hd__o21ai_2)
     4    0.018923    0.242471    0.236269    8.780769 ^ _485_/Y (sky130_fd_sc_hd__o21ai_2)
                                                         _227_ (net)
                      0.242475    0.000713    8.781483 ^ _487_/A2 (sky130_fd_sc_hd__a22oi_2)
     1    0.003607    0.076220    0.116983    8.898465 v _487_/Y (sky130_fd_sc_hd__a22oi_2)
                                                         _229_ (net)
                      0.076220    0.000260    8.898726 v hold159/A (sky130_fd_sc_hd__dlygate4sd3_1)
     3    0.014072    0.105058    0.626501    9.525227 v hold159/X (sky130_fd_sc_hd__dlygate4sd3_1)
                                                         net330 (net)
                      0.105066    0.000978    9.526204 v _489_/A (sky130_fd_sc_hd__nor2_1)
     1    0.004946    0.111305    0.144984    9.671188 ^ _489_/Y (sky130_fd_sc_hd__nor2_1)
                                                         _231_ (net)
                      0.111342    0.000312    9.671500 ^ hold160/A (sky130_fd_sc_hd__dlygate4sd3_1)
     4    0.015891    0.170212    0.649577   10.321077 ^ hold160/X (sky130_fd_sc_hd__dlygate4sd3_1)
                                                         net331 (net)
                      0.170215    0.000984   10.322062 ^ _492_/B (sky130_fd_sc_hd__nor2_1)
     1    0.006123    0.075939    0.079749   10.401811 v _492_/Y (sky130_fd_sc_hd__nor2_1)
                                                         _234_ (net)
                      0.075942    0.000480   10.402290 v _493_/B2 (sky130_fd_sc_hd__a2bb2o_1)
     1    0.002432    0.048202    0.247098   10.649388 v _493_/X (sky130_fd_sc_hd__a2bb2o_1)
                                                         u_ibex.u_ibex_core.if_stage_i.gen_prefetch_buffer.prefetch_buffer_i.fifo_i.valid_d[1] (net)
                      0.048202    0.000097   10.649486 v hold171/A (sky130_fd_sc_hd__dlygate4sd3_1)
     1    0.002369    0.050464    0.545464   11.194949 v hold171/X (sky130_fd_sc_hd__dlygate4sd3_1)
                                                         net342 (net)
                      0.050464    0.000171   11.195120 v hold18/A (sky130_fd_sc_hd__dlygate4sd3_1)
     1    0.003897    0.058509    0.558908   11.754027 v hold18/X (sky130_fd_sc_hd__dlygate4sd3_1)
                                                         net189 (net)
                      0.058509    0.000269   11.754296 v hold172/A (sky130_fd_sc_hd__dlygate4sd3_1)
     1    0.002269    0.050049    0.548928   12.303225 v hold172/X (sky130_fd_sc_hd__dlygate4sd3_1)
                                                         net343 (net)
                      0.050049    0.000165   12.303390 v _562_/D (sky130_fd_sc_hd__dfrtp_1)
                                             12.303390   data arrival time

                                 25.000000   25.000000   clock clk_i (rise edge)
                                  0.000000   25.000000   clock source latency
     2    0.083141    0.377847    0.279778   25.279778 ^ clk_i (in)
                                                         clk_i (net)
                      0.382483    0.000000   25.279778 ^ clkbuf_0_clk_i/A (sky130_fd_sc_hd__clkbuf_16)
     2    0.018889    0.047857    0.218240   25.498016 ^ clkbuf_0_clk_i/X (sky130_fd_sc_hd__clkbuf_16)
                                                         clknet_0_clk_i (net)
                      0.047857    0.000961   25.498978 ^ clkbuf_1_0__f_clk_i/A (sky130_fd_sc_hd__clkbuf_16)
     3    0.008434    0.031988    0.115357   25.614334 ^ clkbuf_1_0__f_clk_i/X (sky130_fd_sc_hd__clkbuf_16)
                                                         clknet_1_0__leaf_clk_i (net)
                      0.031989    0.000407   25.614740 ^ _498_/A (sky130_fd_sc_hd__and2_2)
     3    0.056167    0.287732    0.302977   25.917719 ^ _498_/X (sky130_fd_sc_hd__and2_2)
                                                         u_ibex.clk (net)
                      0.289172    0.016499   25.934217 ^ clkbuf_0_u_ibex.clk/A (sky130_fd_sc_hd__clkbuf_16)
     9    0.085943    0.105335    0.249992   26.184210 ^ clkbuf_0_u_ibex.clk/X (sky130_fd_sc_hd__clkbuf_16)
                                                         clknet_0_u_ibex.clk (net)
                      0.107192    0.011074   26.195284 ^ clkbuf_2_2__f_u_ibex.clk/A (sky130_fd_sc_hd__clkbuf_16)
    31    0.111426    0.125472    0.198986   26.394268 ^ clkbuf_2_2__f_u_ibex.clk/X (sky130_fd_sc_hd__clkbuf_16)
                                                         clknet_2_2__leaf_u_ibex.clk (net)
                      0.142976    0.035758   26.430027 ^ _562_/CLK (sky130_fd_sc_hd__dfrtp_1)
                                 -0.250000   26.180027   clock uncertainty
                                  0.000000   26.180027   clock reconvergence pessimism
                                 -0.094045   26.085981   library setup time
                                             26.085981   data required time
---------------------------------------------------------------------------------------------
                                             26.085981   data required time
                                            -12.303390   data arrival time
---------------------------------------------------------------------------------------------
                                             13.782593   slack (MET)


Startpoint: tl_i[64] (input port clocked by clk_i)
Endpoint: _563_ (rising edge-triggered flip-flop clocked by clk_i)
Path Group: clk_i
Path Type: max

Fanout         Cap        Slew       Delay        Time   Description
---------------------------------------------------------------------------------------------
                                  0.000000    0.000000   clock clk_i (rise edge)
                                  0.000000    0.000000   clock network delay (propagated)
                                  5.000000    5.000000 v input external delay
     2    0.004796    0.013190    0.007796    5.007797 v tl_i[64] (in)
                                                         tl_i[64] (net)
                      0.013191    0.000000    5.007797 v input14/A (sky130_fd_sc_hd__clkbuf_4)
     3    0.043384    0.096146    0.181388    5.189184 v input14/X (sky130_fd_sc_hd__clkbuf_4)
                                                         net14 (net)
                      0.096239    0.002686    5.191871 v _423_/A (sky130_fd_sc_hd__xor2_4)
     3    0.072712    0.196825    0.267966    5.459836 v _423_/X (sky130_fd_sc_hd__xor2_4)
                                                         _176_ (net)
                      0.199916    0.019501    5.479337 v wire85/A (sky130_fd_sc_hd__buf_8)
     3    0.119114    0.086248    0.229524    5.708861 v wire85/X (sky130_fd_sc_hd__buf_8)
                                                         net85 (net)
                      0.132242    0.049565    5.758427 v _426_/B (sky130_fd_sc_hd__or4_4)
     3    0.074088    0.186197    0.680209    6.438636 v _426_/X (sky130_fd_sc_hd__or4_4)
                                                         _179_ (net)
                      0.193306    0.028060    6.466696 v _429_/C (sky130_fd_sc_hd__or4_1)
     1    0.002478    0.079530    0.503571    6.970267 v _429_/X (sky130_fd_sc_hd__or4_1)
                                                         _182_ (net)
                      0.079530    0.000179    6.970446 v _430_/A2 (sky130_fd_sc_hd__a21o_1)
     3    0.012433    0.072373    0.226998    7.197444 v _430_/X (sky130_fd_sc_hd__a21o_1)
                                                         _183_ (net)
                      0.072394    0.001187    7.198631 v _432_/A2 (sky130_fd_sc_hd__o211a_1)
     1    0.002659    0.037713    0.207983    7.406614 v _432_/X (sky130_fd_sc_hd__o211a_1)
                                                         u_ibex.u_ibex_core.id_stage_i.controller_i.exc_req_lsu (net)
                      0.037713    0.000179    7.406793 v hold316/A (sky130_fd_sc_hd__dlygate4sd3_1)
     1    0.002286    0.050239    0.540649    7.947442 v hold316/X (sky130_fd_sc_hd__dlygate4sd3_1)
                                                         net487 (net)
                      0.050239    0.000147    7.947589 v hold102/A (sky130_fd_sc_hd__dlygate4sd3_1)
     2    0.009953    0.086294    0.595926    8.543515 v hold102/X (sky130_fd_sc_hd__dlygate4sd3_1)
                                                         net273 (net)
                      0.086294    0.000985    8.544500 v _485_/A2 (sky130_fd_sc_hd__o21ai_2)
     4    0.018923    0.242471    0.236269    8.780769 ^ _485_/Y (sky130_fd_sc_hd__o21ai_2)
                                                         _227_ (net)
                      0.242475    0.000713    8.781483 ^ _487_/A2 (sky130_fd_sc_hd__a22oi_2)
     1    0.003607    0.076220    0.116983    8.898465 v _487_/Y (sky130_fd_sc_hd__a22oi_2)
                                                         _229_ (net)
                      0.076220    0.000260    8.898726 v hold159/A (sky130_fd_sc_hd__dlygate4sd3_1)
     3    0.014072    0.105058    0.626501    9.525227 v hold159/X (sky130_fd_sc_hd__dlygate4sd3_1)
                                                         net330 (net)
                      0.105066    0.000978    9.526204 v _489_/A (sky130_fd_sc_hd__nor2_1)
     1    0.004946    0.111305    0.144984    9.671188 ^ _489_/Y (sky130_fd_sc_hd__nor2_1)
                                                         _231_ (net)
                      0.111342    0.000312    9.671500 ^ hold160/A (sky130_fd_sc_hd__dlygate4sd3_1)
     4    0.015891    0.170212    0.649577   10.321077 ^ hold160/X (sky130_fd_sc_hd__dlygate4sd3_1)
                                                         net331 (net)
                      0.170214    0.000943   10.322021 ^ _495_/C (sky130_fd_sc_hd__nor3_1)
     1    0.004964    0.079291    0.078670   10.400690 v _495_/Y (sky130_fd_sc_hd__nor3_1)
                                                         u_ibex.u_ibex_core.if_stage_i.gen_prefetch_buffer.prefetch_buffer_i.fifo_i.valid_d[2] (net)
                      0.079291    0.000351   10.401041 v hold161/A (sky130_fd_sc_hd__dlygate4sd3_1)
     1    0.004068    0.059193    0.572921   10.973963 v hold161/X (sky130_fd_sc_hd__dlygate4sd3_1)
                                                         net332 (net)
                      0.059193    0.000281   10.974243 v hold15/A (sky130_fd_sc_hd__dlygate4sd3_1)
     1    0.002485    0.051060    0.551205   11.525449 v hold15/X (sky130_fd_sc_hd__dlygate4sd3_1)
                                                         net186 (net)
                      0.051060    0.000156   11.525605 v hold162/A (sky130_fd_sc_hd__dlygate4sd3_1)
     1    0.002551    0.051450    0.548236   12.073841 v hold162/X (sky130_fd_sc_hd__dlygate4sd3_1)
                                                         net333 (net)
                      0.051450    0.000171   12.074013 v _563_/D (sky130_fd_sc_hd__dfrtp_1)
                                             12.074013   data arrival time

                                 25.000000   25.000000   clock clk_i (rise edge)
                                  0.000000   25.000000   clock source latency
     2    0.083141    0.377847    0.279778   25.279778 ^ clk_i (in)
                                                         clk_i (net)
                      0.382483    0.000000   25.279778 ^ clkbuf_0_clk_i/A (sky130_fd_sc_hd__clkbuf_16)
     2    0.018889    0.047857    0.218240   25.498016 ^ clkbuf_0_clk_i/X (sky130_fd_sc_hd__clkbuf_16)
                                                         clknet_0_clk_i (net)
                      0.047857    0.000961   25.498978 ^ clkbuf_1_0__f_clk_i/A (sky130_fd_sc_hd__clkbuf_16)
     3    0.008434    0.031988    0.115357   25.614334 ^ clkbuf_1_0__f_clk_i/X (sky130_fd_sc_hd__clkbuf_16)
                                                         clknet_1_0__leaf_clk_i (net)
                      0.031989    0.000407   25.614740 ^ _498_/A (sky130_fd_sc_hd__and2_2)
     3    0.056167    0.287732    0.302977   25.917719 ^ _498_/X (sky130_fd_sc_hd__and2_2)
                                                         u_ibex.clk (net)
                      0.289172    0.016499   25.934217 ^ clkbuf_0_u_ibex.clk/A (sky130_fd_sc_hd__clkbuf_16)
     9    0.085943    0.105335    0.249992   26.184210 ^ clkbuf_0_u_ibex.clk/X (sky130_fd_sc_hd__clkbuf_16)
                                                         clknet_0_u_ibex.clk (net)
                      0.107192    0.011074   26.195284 ^ clkbuf_2_2__f_u_ibex.clk/A (sky130_fd_sc_hd__clkbuf_16)
    31    0.111426    0.125472    0.198986   26.394268 ^ clkbuf_2_2__f_u_ibex.clk/X (sky130_fd_sc_hd__clkbuf_16)
                                                         clknet_2_2__leaf_u_ibex.clk (net)
                      0.142769    0.035534   26.429804 ^ _563_/CLK (sky130_fd_sc_hd__dfrtp_1)
                                 -0.250000   26.179804   clock uncertainty
                                  0.000000   26.179804   clock reconvergence pessimism
                                 -0.094700   26.085102   library setup time
                                             26.085102   data required time
---------------------------------------------------------------------------------------------
                                             26.085102   data required time
                                            -12.074013   data arrival time
---------------------------------------------------------------------------------------------
                                             14.011090   slack (MET)


Startpoint: tl_i[64] (input port clocked by clk_i)
Endpoint: _565_ (rising edge-triggered flip-flop clocked by clk_i)
Path Group: clk_i
Path Type: max

Fanout         Cap        Slew       Delay        Time   Description
---------------------------------------------------------------------------------------------
                                  0.000000    0.000000   clock clk_i (rise edge)
                                  0.000000    0.000000   clock network delay (propagated)
                                  5.000000    5.000000 v input external delay
     2    0.004796    0.013190    0.007796    5.007797 v tl_i[64] (in)
                                                         tl_i[64] (net)
                      0.013191    0.000000    5.007797 v input14/A (sky130_fd_sc_hd__clkbuf_4)
     3    0.043384    0.096146    0.181388    5.189184 v input14/X (sky130_fd_sc_hd__clkbuf_4)
                                                         net14 (net)
                      0.096239    0.002686    5.191871 v _423_/A (sky130_fd_sc_hd__xor2_4)
     3    0.072712    0.196825    0.267966    5.459836 v _423_/X (sky130_fd_sc_hd__xor2_4)
                                                         _176_ (net)
                      0.199916    0.019501    5.479337 v wire85/A (sky130_fd_sc_hd__buf_8)
     3    0.119114    0.086248    0.229524    5.708861 v wire85/X (sky130_fd_sc_hd__buf_8)
                                                         net85 (net)
                      0.132242    0.049565    5.758427 v _426_/B (sky130_fd_sc_hd__or4_4)
     3    0.074088    0.186197    0.680209    6.438636 v _426_/X (sky130_fd_sc_hd__or4_4)
                                                         _179_ (net)
                      0.193306    0.028060    6.466696 v _429_/C (sky130_fd_sc_hd__or4_1)
     1    0.002478    0.079530    0.503571    6.970267 v _429_/X (sky130_fd_sc_hd__or4_1)
                                                         _182_ (net)
                      0.079530    0.000179    6.970446 v _430_/A2 (sky130_fd_sc_hd__a21o_1)
     3    0.012433    0.072373    0.226998    7.197444 v _430_/X (sky130_fd_sc_hd__a21o_1)
                                                         _183_ (net)
                      0.072394    0.001187    7.198631 v _432_/A2 (sky130_fd_sc_hd__o211a_1)
     1    0.002659    0.037713    0.207983    7.406614 v _432_/X (sky130_fd_sc_hd__o211a_1)
                                                         u_ibex.u_ibex_core.id_stage_i.controller_i.exc_req_lsu (net)
                      0.037713    0.000179    7.406793 v hold316/A (sky130_fd_sc_hd__dlygate4sd3_1)
     1    0.002286    0.050239    0.540649    7.947442 v hold316/X (sky130_fd_sc_hd__dlygate4sd3_1)
                                                         net487 (net)
                      0.050239    0.000147    7.947589 v hold102/A (sky130_fd_sc_hd__dlygate4sd3_1)
     2    0.009953    0.086294    0.595926    8.543515 v hold102/X (sky130_fd_sc_hd__dlygate4sd3_1)
                                                         net273 (net)
                      0.086294    0.000985    8.544500 v _485_/A2 (sky130_fd_sc_hd__o21ai_2)
     4    0.018923    0.242471    0.236269    8.780769 ^ _485_/Y (sky130_fd_sc_hd__o21ai_2)
                                                         _227_ (net)
                      0.242475    0.000713    8.781483 ^ _487_/A2 (sky130_fd_sc_hd__a22oi_2)
     1    0.003607    0.076220    0.116983    8.898465 v _487_/Y (sky130_fd_sc_hd__a22oi_2)
                                                         _229_ (net)
                      0.076220    0.000260    8.898726 v hold159/A (sky130_fd_sc_hd__dlygate4sd3_1)
     3    0.014072    0.105058    0.626501    9.525227 v hold159/X (sky130_fd_sc_hd__dlygate4sd3_1)
                                                         net330 (net)
                      0.105066    0.000978    9.526204 v _489_/A (sky130_fd_sc_hd__nor2_1)
     1    0.004946    0.111305    0.144984    9.671188 ^ _489_/Y (sky130_fd_sc_hd__nor2_1)
                                                         _231_ (net)
                      0.111342    0.000312    9.671500 ^ hold160/A (sky130_fd_sc_hd__dlygate4sd3_1)
     4    0.015891    0.170212    0.649577   10.321077 ^ hold160/X (sky130_fd_sc_hd__dlygate4sd3_1)
                                                         net331 (net)
                      0.170213    0.000773   10.321851 ^ _497_/A2 (sky130_fd_sc_hd__a22o_1)
     1    0.002399    0.043508    0.158391   10.480241 ^ _497_/X (sky130_fd_sc_hd__a22o_1)
                                                         u_ibex.u_ibex_core.if_stage_i.instr_valid_id_d (net)
                      0.043508    0.000099   10.480340 ^ hold165/A (sky130_fd_sc_hd__dlygate4sd3_1)
     1    0.002158    0.047736    0.528281   11.008622 ^ hold165/X (sky130_fd_sc_hd__dlygate4sd3_1)
                                                         net336 (net)
                      0.047736    0.000149   11.008771 ^ hold22/A (sky130_fd_sc_hd__dlygate4sd3_1)
     1    0.002909    0.053815    0.536711   11.545483 ^ hold22/X (sky130_fd_sc_hd__dlygate4sd3_1)
                                                         net193 (net)
                      0.053815    0.000213   11.545695 ^ hold166/A (sky130_fd_sc_hd__dlygate4sd3_1)
     1    0.002691    0.051954    0.536619   12.082314 ^ hold166/X (sky130_fd_sc_hd__dlygate4sd3_1)
                                                         net337 (net)
                      0.051954    0.000196   12.082510 ^ _565_/D (sky130_fd_sc_hd__dfrtp_1)
                                             12.082510   data arrival time

                                 25.000000   25.000000   clock clk_i (rise edge)
                                  0.000000   25.000000   clock source latency
     2    0.083141    0.377847    0.279778   25.279778 ^ clk_i (in)
                                                         clk_i (net)
                      0.382483    0.000000   25.279778 ^ clkbuf_0_clk_i/A (sky130_fd_sc_hd__clkbuf_16)
     2    0.018889    0.047857    0.218240   25.498016 ^ clkbuf_0_clk_i/X (sky130_fd_sc_hd__clkbuf_16)
                                                         clknet_0_clk_i (net)
                      0.047857    0.000961   25.498978 ^ clkbuf_1_0__f_clk_i/A (sky130_fd_sc_hd__clkbuf_16)
     3    0.008434    0.031988    0.115357   25.614334 ^ clkbuf_1_0__f_clk_i/X (sky130_fd_sc_hd__clkbuf_16)
                                                         clknet_1_0__leaf_clk_i (net)
                      0.031989    0.000407   25.614740 ^ _498_/A (sky130_fd_sc_hd__and2_2)
     3    0.056167    0.287732    0.302977   25.917719 ^ _498_/X (sky130_fd_sc_hd__and2_2)
                                                         u_ibex.clk (net)
                      0.289172    0.016499   25.934217 ^ clkbuf_0_u_ibex.clk/A (sky130_fd_sc_hd__clkbuf_16)
     9    0.085943    0.105335    0.249992   26.184210 ^ clkbuf_0_u_ibex.clk/X (sky130_fd_sc_hd__clkbuf_16)
                                                         clknet_0_u_ibex.clk (net)
                      0.107069    0.010703   26.194912 ^ clkbuf_2_3__f_u_ibex.clk/A (sky130_fd_sc_hd__clkbuf_16)
    23    0.084906    0.103015    0.190207   26.385118 ^ clkbuf_2_3__f_u_ibex.clk/X (sky130_fd_sc_hd__clkbuf_16)
                                                         clknet_2_3__leaf_u_ibex.clk (net)
                      0.108427    0.018401   26.403521 ^ _565_/CLK (sky130_fd_sc_hd__dfrtp_1)
                                 -0.250000   26.153521   clock uncertainty
                                  0.000000   26.153521   clock reconvergence pessimism
                                 -0.051884   26.101637   library setup time
                                             26.101637   data required time
---------------------------------------------------------------------------------------------
                                             26.101637   data required time
                                            -12.082510   data arrival time
---------------------------------------------------------------------------------------------
                                             14.019127   slack (MET)


Startpoint: tl_i[64] (input port clocked by clk_i)
Endpoint: _612_ (rising edge-triggered flip-flop clocked by clk_i)
Path Group: clk_i
Path Type: max

Fanout         Cap        Slew       Delay        Time   Description
---------------------------------------------------------------------------------------------
                                  0.000000    0.000000   clock clk_i (rise edge)
                                  0.000000    0.000000   clock network delay (propagated)
                                  5.000000    5.000000 v input external delay
     2    0.004796    0.013190    0.007796    5.007797 v tl_i[64] (in)
                                                         tl_i[64] (net)
                      0.013191    0.000000    5.007797 v input14/A (sky130_fd_sc_hd__clkbuf_4)
     3    0.043384    0.096146    0.181388    5.189184 v input14/X (sky130_fd_sc_hd__clkbuf_4)
                                                         net14 (net)
                      0.096239    0.002686    5.191871 v _423_/A (sky130_fd_sc_hd__xor2_4)
     3    0.072712    0.196825    0.267966    5.459836 v _423_/X (sky130_fd_sc_hd__xor2_4)
                                                         _176_ (net)
                      0.199916    0.019501    5.479337 v wire85/A (sky130_fd_sc_hd__buf_8)
     3    0.119114    0.086248    0.229524    5.708861 v wire85/X (sky130_fd_sc_hd__buf_8)
                                                         net85 (net)
                      0.132242    0.049565    5.758427 v _426_/B (sky130_fd_sc_hd__or4_4)
     3    0.074088    0.186197    0.680209    6.438636 v _426_/X (sky130_fd_sc_hd__or4_4)
                                                         _179_ (net)
                      0.193306    0.028060    6.466696 v _429_/C (sky130_fd_sc_hd__or4_1)
     1    0.002478    0.079530    0.503571    6.970267 v _429_/X (sky130_fd_sc_hd__or4_1)
                                                         _182_ (net)
                      0.079530    0.000179    6.970446 v _430_/A2 (sky130_fd_sc_hd__a21o_1)
     3    0.012433    0.072373    0.226998    7.197444 v _430_/X (sky130_fd_sc_hd__a21o_1)
                                                         _183_ (net)
                      0.072394    0.001187    7.198631 v _432_/A2 (sky130_fd_sc_hd__o211a_1)
     1    0.002659    0.037713    0.207983    7.406614 v _432_/X (sky130_fd_sc_hd__o211a_1)
                                                         u_ibex.u_ibex_core.id_stage_i.controller_i.exc_req_lsu (net)
                      0.037713    0.000179    7.406793 v hold316/A (sky130_fd_sc_hd__dlygate4sd3_1)
     1    0.002286    0.050239    0.540649    7.947442 v hold316/X (sky130_fd_sc_hd__dlygate4sd3_1)
                                                         net487 (net)
                      0.050239    0.000147    7.947589 v hold102/A (sky130_fd_sc_hd__dlygate4sd3_1)
     2    0.009953    0.086294    0.595926    8.543515 v hold102/X (sky130_fd_sc_hd__dlygate4sd3_1)
                                                         net273 (net)
                      0.086294    0.000985    8.544500 v _485_/A2 (sky130_fd_sc_hd__o21ai_2)
     4    0.018923    0.242471    0.236269    8.780769 ^ _485_/Y (sky130_fd_sc_hd__o21ai_2)
                                                         _227_ (net)
                      0.242475    0.000713    8.781483 ^ _487_/A2 (sky130_fd_sc_hd__a22oi_2)
     1    0.003607    0.076220    0.116983    8.898465 v _487_/Y (sky130_fd_sc_hd__a22oi_2)
                                                         _229_ (net)
                      0.076220    0.000260    8.898726 v hold159/A (sky130_fd_sc_hd__dlygate4sd3_1)
     3    0.014072    0.105058    0.626501    9.525227 v hold159/X (sky130_fd_sc_hd__dlygate4sd3_1)
                                                         net330 (net)
                      0.105063    0.000814    9.526040 v _555_/A1 (sky130_fd_sc_hd__o211a_1)
     1    0.003199    0.040490    0.240886    9.766926 v _555_/X (sky130_fd_sc_hd__o211a_1)
                                                         _041_ (net)
                      0.040490    0.000187    9.767113 v hold154/A (sky130_fd_sc_hd__dlygate4sd3_1)
     1    0.003202    0.055632    0.550038   10.317151 v hold154/X (sky130_fd_sc_hd__dlygate4sd3_1)
                                                         net325 (net)
                      0.055632    0.000184   10.317335 v hold20/A (sky130_fd_sc_hd__dlygate4sd3_1)
     1    0.002924    0.053698    0.553568   10.870903 v hold20/X (sky130_fd_sc_hd__dlygate4sd3_1)
                                                         net191 (net)
                      0.053698    0.000186   10.871088 v hold155/A (sky130_fd_sc_hd__dlygate4sd3_1)
     1    0.002124    0.049537    0.545438   11.416527 v hold155/X (sky130_fd_sc_hd__dlygate4sd3_1)
                                                         net326 (net)
                      0.049537    0.000097   11.416623 v _612_/D (sky130_fd_sc_hd__dfxtp_1)
                                             11.416623   data arrival time

                                 25.000000   25.000000   clock clk_i (rise edge)
                                  0.000000   25.000000   clock source latency
     2    0.083141    0.377847    0.279778   25.279778 ^ clk_i (in)
                                                         clk_i (net)
                      0.382483    0.000000   25.279778 ^ clkbuf_0_clk_i/A (sky130_fd_sc_hd__clkbuf_16)
     2    0.018889    0.047857    0.218240   25.498016 ^ clkbuf_0_clk_i/X (sky130_fd_sc_hd__clkbuf_16)
                                                         clknet_0_clk_i (net)
                      0.047857    0.000961   25.498978 ^ clkbuf_1_0__f_clk_i/A (sky130_fd_sc_hd__clkbuf_16)
     3    0.008434    0.031988    0.115357   25.614334 ^ clkbuf_1_0__f_clk_i/X (sky130_fd_sc_hd__clkbuf_16)
                                                         clknet_1_0__leaf_clk_i (net)
                      0.031989    0.000407   25.614740 ^ _498_/A (sky130_fd_sc_hd__and2_2)
     3    0.056167    0.287732    0.302977   25.917719 ^ _498_/X (sky130_fd_sc_hd__and2_2)
                                                         u_ibex.clk (net)
                      0.289172    0.016499   25.934217 ^ clkbuf_0_u_ibex.clk/A (sky130_fd_sc_hd__clkbuf_16)
     9    0.085943    0.105335    0.249992   26.184210 ^ clkbuf_0_u_ibex.clk/X (sky130_fd_sc_hd__clkbuf_16)
                                                         clknet_0_u_ibex.clk (net)
                      0.107069    0.010703   26.194912 ^ clkbuf_2_3__f_u_ibex.clk/A (sky130_fd_sc_hd__clkbuf_16)
    23    0.084906    0.103015    0.190207   26.385118 ^ clkbuf_2_3__f_u_ibex.clk/X (sky130_fd_sc_hd__clkbuf_16)
                                                         clknet_2_3__leaf_u_ibex.clk (net)
                      0.108626    0.018742   26.403862 ^ _612_/CLK (sky130_fd_sc_hd__dfxtp_1)
                                 -0.250000   26.153862   clock uncertainty
                                  0.000000   26.153862   clock reconvergence pessimism
                                 -0.097652   26.056210   library setup time
                                             26.056210   data required time
---------------------------------------------------------------------------------------------
                                             26.056210   data required time
                                            -11.416623   data arrival time
---------------------------------------------------------------------------------------------
                                             14.639586   slack (MET)


Startpoint: tl_i[64] (input port clocked by clk_i)
Endpoint: _561_ (rising edge-triggered flip-flop clocked by clk_i)
Path Group: clk_i
Path Type: max

Fanout         Cap        Slew       Delay        Time   Description
---------------------------------------------------------------------------------------------
                                  0.000000    0.000000   clock clk_i (rise edge)
                                  0.000000    0.000000   clock network delay (propagated)
                                  5.000000    5.000000 v input external delay
     2    0.004796    0.013190    0.007796    5.007797 v tl_i[64] (in)
                                                         tl_i[64] (net)
                      0.013191    0.000000    5.007797 v input14/A (sky130_fd_sc_hd__clkbuf_4)
     3    0.043384    0.096146    0.181388    5.189184 v input14/X (sky130_fd_sc_hd__clkbuf_4)
                                                         net14 (net)
                      0.096239    0.002686    5.191871 v _423_/A (sky130_fd_sc_hd__xor2_4)
     3    0.072712    0.196825    0.267966    5.459836 v _423_/X (sky130_fd_sc_hd__xor2_4)
                                                         _176_ (net)
                      0.199916    0.019501    5.479337 v wire85/A (sky130_fd_sc_hd__buf_8)
     3    0.119114    0.086248    0.229524    5.708861 v wire85/X (sky130_fd_sc_hd__buf_8)
                                                         net85 (net)
                      0.132242    0.049565    5.758427 v _426_/B (sky130_fd_sc_hd__or4_4)
     3    0.074088    0.186197    0.680209    6.438636 v _426_/X (sky130_fd_sc_hd__or4_4)
                                                         _179_ (net)
                      0.193306    0.028060    6.466696 v _429_/C (sky130_fd_sc_hd__or4_1)
     1    0.002478    0.079530    0.503571    6.970267 v _429_/X (sky130_fd_sc_hd__or4_1)
                                                         _182_ (net)
                      0.079530    0.000179    6.970446 v _430_/A2 (sky130_fd_sc_hd__a21o_1)
     3    0.012433    0.072373    0.226998    7.197444 v _430_/X (sky130_fd_sc_hd__a21o_1)
                                                         _183_ (net)
                      0.072394    0.001187    7.198631 v _432_/A2 (sky130_fd_sc_hd__o211a_1)
     1    0.002659    0.037713    0.207983    7.406614 v _432_/X (sky130_fd_sc_hd__o211a_1)
                                                         u_ibex.u_ibex_core.id_stage_i.controller_i.exc_req_lsu (net)
                      0.037713    0.000179    7.406793 v hold316/A (sky130_fd_sc_hd__dlygate4sd3_1)
     1    0.002286    0.050239    0.540649    7.947442 v hold316/X (sky130_fd_sc_hd__dlygate4sd3_1)
                                                         net487 (net)
                      0.050239    0.000147    7.947589 v hold102/A (sky130_fd_sc_hd__dlygate4sd3_1)
     2    0.009953    0.086294    0.595926    8.543515 v hold102/X (sky130_fd_sc_hd__dlygate4sd3_1)
                                                         net273 (net)
                      0.086294    0.000985    8.544500 v _485_/A2 (sky130_fd_sc_hd__o21ai_2)
     4    0.018923    0.242471    0.236269    8.780769 ^ _485_/Y (sky130_fd_sc_hd__o21ai_2)
                                                         _227_ (net)
                      0.242475    0.000713    8.781483 ^ _487_/A2 (sky130_fd_sc_hd__a22oi_2)
     1    0.003607    0.076220    0.116983    8.898465 v _487_/Y (sky130_fd_sc_hd__a22oi_2)
                                                         _229_ (net)
                      0.076220    0.000260    8.898726 v hold159/A (sky130_fd_sc_hd__dlygate4sd3_1)
     3    0.014072    0.105058    0.626501    9.525227 v hold159/X (sky130_fd_sc_hd__dlygate4sd3_1)
                                                         net330 (net)
                      0.105066    0.000993    9.526219 v _494_/B1 (sky130_fd_sc_hd__o221a_1)
     1    0.002399    0.042696    0.237595    9.763814 v _494_/X (sky130_fd_sc_hd__o221a_1)
                                                         u_ibex.u_ibex_core.if_stage_i.gen_prefetch_buffer.prefetch_buffer_i.fifo_i.valid_d[0] (net)
                      0.042696    0.000116    9.763930 v hold150/A (sky130_fd_sc_hd__dlygate4sd3_1)
     1    0.001933    0.048715    0.539380   10.303310 v hold150/X (sky130_fd_sc_hd__dlygate4sd3_1)
                                                         net321 (net)
                      0.048715    0.000138   10.303448 v hold12/A (sky130_fd_sc_hd__dlygate4sd3_1)
     1    0.002238    0.049968    0.544495   10.847943 v hold12/X (sky130_fd_sc_hd__dlygate4sd3_1)
                                                         net183 (net)
                      0.049968    0.000144   10.848087 v hold151/A (sky130_fd_sc_hd__dlygate4sd3_1)
     1    0.002395    0.050571    0.546392   11.394480 v hold151/X (sky130_fd_sc_hd__dlygate4sd3_1)
                                                         net322 (net)
                      0.050571    0.000165   11.394645 v _561_/D (sky130_fd_sc_hd__dfrtp_1)
                                             11.394645   data arrival time

                                 25.000000   25.000000   clock clk_i (rise edge)
                                  0.000000   25.000000   clock source latency
     2    0.083141    0.377847    0.279778   25.279778 ^ clk_i (in)
                                                         clk_i (net)
                      0.382483    0.000000   25.279778 ^ clkbuf_0_clk_i/A (sky130_fd_sc_hd__clkbuf_16)
     2    0.018889    0.047857    0.218240   25.498016 ^ clkbuf_0_clk_i/X (sky130_fd_sc_hd__clkbuf_16)
                                                         clknet_0_clk_i (net)
                      0.047857    0.000961   25.498978 ^ clkbuf_1_0__f_clk_i/A (sky130_fd_sc_hd__clkbuf_16)
     3    0.008434    0.031988    0.115357   25.614334 ^ clkbuf_1_0__f_clk_i/X (sky130_fd_sc_hd__clkbuf_16)
                                                         clknet_1_0__leaf_clk_i (net)
                      0.031989    0.000407   25.614740 ^ _498_/A (sky130_fd_sc_hd__and2_2)
     3    0.056167    0.287732    0.302977   25.917719 ^ _498_/X (sky130_fd_sc_hd__and2_2)
                                                         u_ibex.clk (net)
                      0.289172    0.016499   25.934217 ^ clkbuf_0_u_ibex.clk/A (sky130_fd_sc_hd__clkbuf_16)
     9    0.085943    0.105335    0.249992   26.184210 ^ clkbuf_0_u_ibex.clk/X (sky130_fd_sc_hd__clkbuf_16)
                                                         clknet_0_u_ibex.clk (net)
                      0.107069    0.010703   26.194912 ^ clkbuf_2_3__f_u_ibex.clk/A (sky130_fd_sc_hd__clkbuf_16)
    23    0.084906    0.103015    0.190207   26.385118 ^ clkbuf_2_3__f_u_ibex.clk/X (sky130_fd_sc_hd__clkbuf_16)
                                                         clknet_2_3__leaf_u_ibex.clk (net)
                      0.108680    0.018835   26.403954 ^ _561_/CLK (sky130_fd_sc_hd__dfrtp_1)
                                 -0.250000   26.153954   clock uncertainty
                                  0.000000   26.153954   clock reconvergence pessimism
                                 -0.102124   26.051830   library setup time
                                             26.051830   data required time
---------------------------------------------------------------------------------------------
                                             26.051830   data required time
                                            -11.394645   data arrival time
---------------------------------------------------------------------------------------------
                                             14.657186   slack (MET)


Startpoint: _574_ (rising edge-triggered flip-flop clocked by clk_i)
Endpoint: _556_ (rising edge-triggered flip-flop clocked by clk_i)
Path Group: clk_i
Path Type: max

Fanout         Cap        Slew       Delay        Time   Description
---------------------------------------------------------------------------------------------
                                  0.000000    0.000000   clock clk_i (rise edge)
                                  0.000000    0.000000   clock source latency
     2    0.083141    0.377847    0.279778    0.279778 ^ clk_i (in)
                                                         clk_i (net)
                      0.382483    0.000000    0.279778 ^ clkbuf_0_clk_i/A (sky130_fd_sc_hd__clkbuf_16)
     2    0.018889    0.047857    0.218239    0.498018 ^ clkbuf_0_clk_i/X (sky130_fd_sc_hd__clkbuf_16)
                                                         clknet_0_clk_i (net)
                      0.047857    0.000962    0.498979 ^ clkbuf_1_0__f_clk_i/A (sky130_fd_sc_hd__clkbuf_16)
     3    0.008434    0.031988    0.115356    0.614336 ^ clkbuf_1_0__f_clk_i/X (sky130_fd_sc_hd__clkbuf_16)
                                                         clknet_1_0__leaf_clk_i (net)
                      0.031989    0.000406    0.614742 ^ _498_/A (sky130_fd_sc_hd__and2_2)
     3    0.056167    0.288109    0.302977    0.917719 ^ _498_/X (sky130_fd_sc_hd__and2_2)
                                                         u_ibex.clk (net)
                      0.289545    0.016500    0.934219 ^ clkbuf_0_u_ibex.clk/A (sky130_fd_sc_hd__clkbuf_16)
     9    0.085943    0.105341    0.250061    1.184280 ^ clkbuf_0_u_ibex.clk/X (sky130_fd_sc_hd__clkbuf_16)
                                                         clknet_0_u_ibex.clk (net)
                      0.107075    0.010702    1.194983 ^ clkbuf_2_3__f_u_ibex.clk/A (sky130_fd_sc_hd__clkbuf_16)
    23    0.084906    0.103015    0.190210    1.385192 ^ clkbuf_2_3__f_u_ibex.clk/X (sky130_fd_sc_hd__clkbuf_16)
                                                         clknet_2_3__leaf_u_ibex.clk (net)
                      0.106551    0.014841    1.400033 ^ _574_/CLK (sky130_fd_sc_hd__dfrtp_1)
     1    0.003853    0.044110    0.382186    1.782219 v _574_/Q (sky130_fd_sc_hd__dfrtp_1)
                                                         u_ibex.u_ibex_core.id_stage_i.controller_i.ctrl_fsm_cs[3] (net)
                      0.044110    0.000247    1.782465 v hold327/A (sky130_fd_sc_hd__dlygate4sd3_1)
     1    0.002793    0.052953    0.547728    2.330194 v hold327/X (sky130_fd_sc_hd__dlygate4sd3_1)
                                                         net498 (net)
                      0.052953    0.000172    2.330365 v hold113/A (sky130_fd_sc_hd__dlygate4sd3_1)
     1    0.002680    0.052195    0.550155    2.880520 v hold113/X (sky130_fd_sc_hd__dlygate4sd3_1)
                                                         net284 (net)
                      0.052195    0.000165    2.880686 v hold328/A (sky130_fd_sc_hd__dlygate4sd3_1)
     2    0.010274    0.087622    0.598274    3.478960 v hold328/X (sky130_fd_sc_hd__dlygate4sd3_1)
                                                         net499 (net)
                      0.087622    0.000531    3.479490 v fanout83/A (sky130_fd_sc_hd__buf_1)
     1    0.005779    0.042473    0.120262    3.599752 v fanout83/X (sky130_fd_sc_hd__buf_1)
                                                         net83 (net)
                      0.042475    0.000372    3.600124 v hold114/A (sky130_fd_sc_hd__dlygate4sd3_1)
     6    0.020624    0.135758    0.642402    4.242526 v hold114/X (sky130_fd_sc_hd__dlygate4sd3_1)
                                                         net285 (net)
                      0.135764    0.000990    4.243516 v _411_/A_N (sky130_fd_sc_hd__and2b_1)
     4    0.018962    0.177897    0.323461    4.566977 ^ _411_/X (sky130_fd_sc_hd__and2b_1)
                                                         _165_ (net)
                      0.177913    0.001787    4.568763 ^ _412_/B (sky130_fd_sc_hd__nand2_1)
     1    0.003185    0.064900    0.078387    4.647150 v _412_/Y (sky130_fd_sc_hd__nand2_1)
                                                         _166_ (net)
                      0.064901    0.000239    4.647389 v hold231/A (sky130_fd_sc_hd__dlygate4sd3_1)
     1    0.002879    0.053421    0.557383    5.204772 v hold231/X (sky130_fd_sc_hd__dlygate4sd3_1)
                                                         net402 (net)
                      0.053421    0.000167    5.204939 v hold52/A (sky130_fd_sc_hd__dlygate4sd3_1)
     2    0.005995    0.068592    0.573702    5.778642 v hold52/X (sky130_fd_sc_hd__dlygate4sd3_1)
                                                         net223 (net)
                      0.068592    0.000376    5.779017 v _413_/B (sky130_fd_sc_hd__nor2_1)
     2    0.011605    0.221485    0.198325    5.977342 ^ _413_/Y (sky130_fd_sc_hd__nor2_1)
                                                         _167_ (net)
                      0.221488    0.000674    5.978016 ^ _435_/B1 (sky130_fd_sc_hd__o21ai_1)
     1    0.002227    0.065390    0.093749    6.071765 v _435_/Y (sky130_fd_sc_hd__o21ai_1)
                                                         _186_ (net)
                      0.065390    0.000092    6.071857 v hold136/A (sky130_fd_sc_hd__dlygate4sd3_1)
     1    0.004634    0.062169    0.570249    6.642107 v hold136/X (sky130_fd_sc_hd__dlygate4sd3_1)
                                                         net307 (net)
                      0.062169    0.000347    6.642454 v _436_/B (sky130_fd_sc_hd__nand2b_2)
     1    0.003147    0.041734    0.065564    6.708018 ^ _436_/Y (sky130_fd_sc_hd__nand2b_2)
                                                         _187_ (net)
                      0.041734    0.000196    6.708214 ^ hold137/A (sky130_fd_sc_hd__dlygate4sd3_1)
     5    0.025814    0.261529    0.696196    7.404410 ^ hold137/X (sky130_fd_sc_hd__dlygate4sd3_1)
                                                         net308 (net)
                      0.261534    0.001574    7.405983 ^ _437_/A (sky130_fd_sc_hd__inv_2)
     1    0.001860    0.040187    0.037389    7.443372 v _437_/Y (sky130_fd_sc_hd__inv_2)
                                                         _188_ (net)
                      0.040187    0.000086    7.443458 v hold138/A (sky130_fd_sc_hd__dlygate4sd3_1)
     5    0.017012    0.118494    0.624745    8.068203 v hold138/X (sky130_fd_sc_hd__dlygate4sd3_1)
                                                         net309 (net)
                      0.118494    0.000555    8.068758 v _438_/B1 (sky130_fd_sc_hd__o211a_1)
     1    0.003293    0.041000    0.155832    8.224590 v _438_/X (sky130_fd_sc_hd__o211a_1)
                                                         _189_ (net)
                      0.041000    0.000193    8.224783 v hold139/A (sky130_fd_sc_hd__dlygate4sd3_1)
     1    0.003491    0.057240    0.552578    8.777360 v hold139/X (sky130_fd_sc_hd__dlygate4sd3_1)
                                                         net310 (net)
                      0.057240    0.000234    8.777594 v _441_/B (sky130_fd_sc_hd__nor4_1)
     1    0.002608    0.210005    0.246314    9.023908 ^ _441_/Y (sky130_fd_sc_hd__nor4_1)
                                                         instr_gnt (net)
                      0.210005    0.000172    9.024080 ^ hold140/A (sky130_fd_sc_hd__dlygate4sd3_1)
     1    0.002490    0.050187    0.573064    9.597145 ^ hold140/X (sky130_fd_sc_hd__dlygate4sd3_1)
                                                         net311 (net)
                      0.050187    0.000115    9.597260 ^ wire56/A (sky130_fd_sc_hd__buf_1)
     1    0.004027    0.057501    0.092159    9.689419 ^ wire56/X (sky130_fd_sc_hd__buf_1)
                                                         net56 (net)
                      0.057501    0.000275    9.689693 ^ hold141/A (sky130_fd_sc_hd__dlygate4sd3_1)
     3    0.014497    0.157390    0.624691   10.314385 ^ hold141/X (sky130_fd_sc_hd__dlygate4sd3_1)
                                                         net312 (net)
                      0.157390    0.000733   10.315118 ^ _556_/D (sky130_fd_sc_hd__dfrtp_2)
                                             10.315118   data arrival time

                                 25.000000   25.000000   clock clk_i (rise edge)
                                  0.000000   25.000000   clock source latency
     2    0.083141    0.377847    0.279778   25.279778 ^ clk_i (in)
                                                         clk_i (net)
                      0.382483    0.000000   25.279778 ^ clkbuf_0_clk_i/A (sky130_fd_sc_hd__clkbuf_16)
     2    0.018889    0.047857    0.218240   25.498016 ^ clkbuf_0_clk_i/X (sky130_fd_sc_hd__clkbuf_16)
                                                         clknet_0_clk_i (net)
                      0.047857    0.000961   25.498978 ^ clkbuf_1_0__f_clk_i/A (sky130_fd_sc_hd__clkbuf_16)
     3    0.008434    0.031988    0.115357   25.614334 ^ clkbuf_1_0__f_clk_i/X (sky130_fd_sc_hd__clkbuf_16)
                                                         clknet_1_0__leaf_clk_i (net)
                      0.031989    0.000416   25.614750 ^ _556_/CLK (sky130_fd_sc_hd__dfrtp_2)
                                 -0.250000   25.364752   clock uncertainty
                                  0.000000   25.364752   clock reconvergence pessimism
                                 -0.091811   25.272940   library setup time
                                             25.272940   data required time
---------------------------------------------------------------------------------------------
                                             25.272940   data required time
                                            -10.315118   data arrival time
---------------------------------------------------------------------------------------------
                                             14.957822   slack (MET)


Startpoint: tl_i[64] (input port clocked by clk_i)
Endpoint: _590_ (rising edge-triggered flip-flop clocked by clk_i)
Path Group: clk_i
Path Type: max

Fanout         Cap        Slew       Delay        Time   Description
---------------------------------------------------------------------------------------------
                                  0.000000    0.000000   clock clk_i (rise edge)
                                  0.000000    0.000000   clock network delay (propagated)
                                  5.000000    5.000000 v input external delay
     2    0.004796    0.013190    0.007796    5.007797 v tl_i[64] (in)
                                                         tl_i[64] (net)
                      0.013191    0.000000    5.007797 v input14/A (sky130_fd_sc_hd__clkbuf_4)
     3    0.043384    0.096146    0.181388    5.189184 v input14/X (sky130_fd_sc_hd__clkbuf_4)
                                                         net14 (net)
                      0.096239    0.002686    5.191871 v _423_/A (sky130_fd_sc_hd__xor2_4)
     3    0.072712    0.196825    0.267966    5.459836 v _423_/X (sky130_fd_sc_hd__xor2_4)
                                                         _176_ (net)
                      0.199916    0.019501    5.479337 v wire85/A (sky130_fd_sc_hd__buf_8)
     3    0.119114    0.086248    0.229524    5.708861 v wire85/X (sky130_fd_sc_hd__buf_8)
                                                         net85 (net)
                      0.132242    0.049565    5.758427 v _426_/B (sky130_fd_sc_hd__or4_4)
     3    0.074088    0.186197    0.680209    6.438636 v _426_/X (sky130_fd_sc_hd__or4_4)
                                                         _179_ (net)
                      0.193306    0.028060    6.466696 v _429_/C (sky130_fd_sc_hd__or4_1)
     1    0.002478    0.079530    0.503571    6.970267 v _429_/X (sky130_fd_sc_hd__or4_1)
                                                         _182_ (net)
                      0.079530    0.000179    6.970446 v _430_/A2 (sky130_fd_sc_hd__a21o_1)
     3    0.012433    0.072373    0.226998    7.197444 v _430_/X (sky130_fd_sc_hd__a21o_1)
                                                         _183_ (net)
                      0.072395    0.001202    7.198646 v _524_/A1 (sky130_fd_sc_hd__o31ai_1)
     1    0.011942    0.438237    0.435311    7.633957 ^ _524_/Y (sky130_fd_sc_hd__o31ai_1)
                                                         _250_ (net)
                      0.438240    0.001073    7.635030 ^ wire66/A (sky130_fd_sc_hd__clkbuf_4)
     3    0.056053    0.175247    0.337618    7.972648 ^ wire66/X (sky130_fd_sc_hd__clkbuf_4)
                                                         net66 (net)
                      0.178544    0.018985    7.991632 ^ fanout65/A (sky130_fd_sc_hd__clkbuf_2)
     7    0.030453    0.169676    0.235144    8.226777 ^ fanout65/X (sky130_fd_sc_hd__clkbuf_2)
                                                         net65 (net)
                      0.169676    0.000829    8.227606 ^ fanout64/A (sky130_fd_sc_hd__buf_2)
    13    0.050957    0.249437    0.290098    8.517703 ^ fanout64/X (sky130_fd_sc_hd__buf_2)
                                                         net64 (net)
                      0.249489    0.003035    8.520739 ^ fanout63/A (sky130_fd_sc_hd__clkbuf_2)
     5    0.033814    0.187104    0.266066    8.786804 ^ fanout63/X (sky130_fd_sc_hd__clkbuf_2)
                                                         net63 (net)
                      0.187107    0.001132    8.787936 ^ fanout62/A (sky130_fd_sc_hd__buf_2)
     6    0.036677    0.181794    0.251063    9.039000 ^ fanout62/X (sky130_fd_sc_hd__buf_2)
                                                         net62 (net)
                      0.181895    0.002230    9.041229 ^ _535_/S (sky130_fd_sc_hd__mux2_1)
     1    0.002679    0.054366    0.337129    9.378358 v _535_/X (sky130_fd_sc_hd__mux2_1)
                                                         _021_ (net)
                      0.054366    0.000169    9.378527 v hold320/A (sky130_fd_sc_hd__dlygate4sd3_1)
     1    0.003269    0.055990    0.556129    9.934655 v hold320/X (sky130_fd_sc_hd__dlygate4sd3_1)
                                                         net491 (net)
                      0.055990    0.000192    9.934847 v hold91/A (sky130_fd_sc_hd__dlygate4sd3_1)
     1    0.003837    0.058290    0.560865   10.495712 v hold91/X (sky130_fd_sc_hd__dlygate4sd3_1)
                                                         net262 (net)
                      0.058290    0.000245   10.495957 v hold321/A (sky130_fd_sc_hd__dlygate4sd3_1)
     1    0.003145    0.055140    0.556780   11.052737 v hold321/X (sky130_fd_sc_hd__dlygate4sd3_1)
                                                         net492 (net)
                      0.055140    0.000197   11.052934 v _590_/D (sky130_fd_sc_hd__dfrtp_2)
                                             11.052934   data arrival time

                                 25.000000   25.000000   clock clk_i (rise edge)
                                  0.000000   25.000000   clock source latency
     2    0.083141    0.377847    0.279778   25.279778 ^ clk_i (in)
                                                         clk_i (net)
                      0.382483    0.000000   25.279778 ^ clkbuf_0_clk_i/A (sky130_fd_sc_hd__clkbuf_16)
     2    0.018889    0.047857    0.218240   25.498016 ^ clkbuf_0_clk_i/X (sky130_fd_sc_hd__clkbuf_16)
                                                         clknet_0_clk_i (net)
                      0.047857    0.000961   25.498978 ^ clkbuf_1_0__f_clk_i/A (sky130_fd_sc_hd__clkbuf_16)
     3    0.008434    0.031988    0.115357   25.614334 ^ clkbuf_1_0__f_clk_i/X (sky130_fd_sc_hd__clkbuf_16)
                                                         clknet_1_0__leaf_clk_i (net)
                      0.031989    0.000407   25.614740 ^ _498_/A (sky130_fd_sc_hd__and2_2)
     3    0.056167    0.287732    0.302977   25.917719 ^ _498_/X (sky130_fd_sc_hd__and2_2)
                                                         u_ibex.clk (net)
                      0.289172    0.016499   25.934217 ^ clkbuf_0_u_ibex.clk/A (sky130_fd_sc_hd__clkbuf_16)
     9    0.085943    0.105335    0.249992   26.184210 ^ clkbuf_0_u_ibex.clk/X (sky130_fd_sc_hd__clkbuf_16)
                                                         clknet_0_u_ibex.clk (net)
                      0.106302    0.008047   26.192257 ^ clkbuf_2_0__f_u_ibex.clk/A (sky130_fd_sc_hd__clkbuf_16)
    31    0.100365    0.118725    0.192326   26.384583 ^ clkbuf_2_0__f_u_ibex.clk/X (sky130_fd_sc_hd__clkbuf_16)
                                                         clknet_2_0__leaf_u_ibex.clk (net)
                      0.123330    0.018071   26.402653 ^ _590_/CLK (sky130_fd_sc_hd__dfrtp_2)
                                 -0.250000   26.152655   clock uncertainty
                                  0.000000   26.152655   clock reconvergence pessimism
                                 -0.101805   26.050850   library setup time
                                             26.050850   data required time
---------------------------------------------------------------------------------------------
                                             26.050850   data required time
                                            -11.052934   data arrival time
---------------------------------------------------------------------------------------------
                                             14.997916   slack (MET)


Startpoint: tl_i[64] (input port clocked by clk_i)
Endpoint: _592_ (rising edge-triggered flip-flop clocked by clk_i)
Path Group: clk_i
Path Type: max

Fanout         Cap        Slew       Delay        Time   Description
---------------------------------------------------------------------------------------------
                                  0.000000    0.000000   clock clk_i (rise edge)
                                  0.000000    0.000000   clock network delay (propagated)
                                  5.000000    5.000000 v input external delay
     2    0.004796    0.013190    0.007796    5.007797 v tl_i[64] (in)
                                                         tl_i[64] (net)
                      0.013191    0.000000    5.007797 v input14/A (sky130_fd_sc_hd__clkbuf_4)
     3    0.043384    0.096146    0.181388    5.189184 v input14/X (sky130_fd_sc_hd__clkbuf_4)
                                                         net14 (net)
                      0.096239    0.002686    5.191871 v _423_/A (sky130_fd_sc_hd__xor2_4)
     3    0.072712    0.196825    0.267966    5.459836 v _423_/X (sky130_fd_sc_hd__xor2_4)
                                                         _176_ (net)
                      0.199916    0.019501    5.479337 v wire85/A (sky130_fd_sc_hd__buf_8)
     3    0.119114    0.086248    0.229524    5.708861 v wire85/X (sky130_fd_sc_hd__buf_8)
                                                         net85 (net)
                      0.132242    0.049565    5.758427 v _426_/B (sky130_fd_sc_hd__or4_4)
     3    0.074088    0.186197    0.680209    6.438636 v _426_/X (sky130_fd_sc_hd__or4_4)
                                                         _179_ (net)
                      0.193306    0.028060    6.466696 v _429_/C (sky130_fd_sc_hd__or4_1)
     1    0.002478    0.079530    0.503571    6.970267 v _429_/X (sky130_fd_sc_hd__or4_1)
                                                         _182_ (net)
                      0.079530    0.000179    6.970446 v _430_/A2 (sky130_fd_sc_hd__a21o_1)
     3    0.012433    0.072373    0.226998    7.197444 v _430_/X (sky130_fd_sc_hd__a21o_1)
                                                         _183_ (net)
                      0.072395    0.001202    7.198646 v _524_/A1 (sky130_fd_sc_hd__o31ai_1)
     1    0.011942    0.438237    0.435311    7.633957 ^ _524_/Y (sky130_fd_sc_hd__o31ai_1)
                                                         _250_ (net)
                      0.438240    0.001073    7.635030 ^ wire66/A (sky130_fd_sc_hd__clkbuf_4)
     3    0.056053    0.175247    0.337618    7.972648 ^ wire66/X (sky130_fd_sc_hd__clkbuf_4)
                                                         net66 (net)
                      0.178544    0.018985    7.991632 ^ fanout65/A (sky130_fd_sc_hd__clkbuf_2)
     7    0.030453    0.169676    0.235144    8.226777 ^ fanout65/X (sky130_fd_sc_hd__clkbuf_2)
                                                         net65 (net)
                      0.169676    0.000829    8.227606 ^ fanout64/A (sky130_fd_sc_hd__buf_2)
    13    0.050957    0.249437    0.290098    8.517703 ^ fanout64/X (sky130_fd_sc_hd__buf_2)
                                                         net64 (net)
                      0.249489    0.003035    8.520739 ^ fanout63/A (sky130_fd_sc_hd__clkbuf_2)
     5    0.033814    0.187104    0.266066    8.786804 ^ fanout63/X (sky130_fd_sc_hd__clkbuf_2)
                                                         net63 (net)
                      0.187107    0.001132    8.787936 ^ fanout62/A (sky130_fd_sc_hd__buf_2)
     6    0.036677    0.181794    0.251063    9.039000 ^ fanout62/X (sky130_fd_sc_hd__buf_2)
                                                         net62 (net)
                      0.181917    0.002776    9.041775 ^ _537_/S (sky130_fd_sc_hd__mux2_1)
     1    0.002272    0.052369    0.333311    9.375086 v _537_/X (sky130_fd_sc_hd__mux2_1)
                                                         _023_ (net)
                      0.052369    0.000144    9.375230 v hold273/A (sky130_fd_sc_hd__dlygate4sd3_1)
     1    0.002554    0.051453    0.548781    9.924010 v hold273/X (sky130_fd_sc_hd__dlygate4sd3_1)
                                                         net444 (net)
                      0.051453    0.000154    9.924164 v hold76/A (sky130_fd_sc_hd__dlygate4sd3_1)
     1    0.003197    0.055523    0.554274   10.478438 v hold76/X (sky130_fd_sc_hd__dlygate4sd3_1)
                                                         net247 (net)
                      0.055523    0.000131   10.478569 v hold274/A (sky130_fd_sc_hd__dlygate4sd3_1)
     1    0.003786    0.058119    0.560318   11.038887 v hold274/X (sky130_fd_sc_hd__dlygate4sd3_1)
                                                         net445 (net)
                      0.058119    0.000238   11.039125 v _592_/D (sky130_fd_sc_hd__dfrtp_1)
                                             11.039125   data arrival time

                                 25.000000   25.000000   clock clk_i (rise edge)
                                  0.000000   25.000000   clock source latency
     2    0.083141    0.377847    0.279778   25.279778 ^ clk_i (in)
                                                         clk_i (net)
                      0.382483    0.000000   25.279778 ^ clkbuf_0_clk_i/A (sky130_fd_sc_hd__clkbuf_16)
     2    0.018889    0.047857    0.218240   25.498016 ^ clkbuf_0_clk_i/X (sky130_fd_sc_hd__clkbuf_16)
                                                         clknet_0_clk_i (net)
                      0.047857    0.000961   25.498978 ^ clkbuf_1_0__f_clk_i/A (sky130_fd_sc_hd__clkbuf_16)
     3    0.008434    0.031988    0.115357   25.614334 ^ clkbuf_1_0__f_clk_i/X (sky130_fd_sc_hd__clkbuf_16)
                                                         clknet_1_0__leaf_clk_i (net)
                      0.031989    0.000407   25.614740 ^ _498_/A (sky130_fd_sc_hd__and2_2)
     3    0.056167    0.287732    0.302977   25.917719 ^ _498_/X (sky130_fd_sc_hd__and2_2)
                                                         u_ibex.clk (net)
                      0.289172    0.016499   25.934217 ^ clkbuf_0_u_ibex.clk/A (sky130_fd_sc_hd__clkbuf_16)
     9    0.085943    0.105335    0.249992   26.184210 ^ clkbuf_0_u_ibex.clk/X (sky130_fd_sc_hd__clkbuf_16)
                                                         clknet_0_u_ibex.clk (net)
                      0.106302    0.008047   26.192257 ^ clkbuf_2_0__f_u_ibex.clk/A (sky130_fd_sc_hd__clkbuf_16)
    31    0.100365    0.118725    0.192326   26.384583 ^ clkbuf_2_0__f_u_ibex.clk/X (sky130_fd_sc_hd__clkbuf_16)
                                                         clknet_2_0__leaf_u_ibex.clk (net)
                      0.121357    0.014035   26.398617 ^ _592_/CLK (sky130_fd_sc_hd__dfrtp_1)
                                 -0.250000   26.148619   clock uncertainty
                                  0.000000   26.148619   clock reconvergence pessimism
                                 -0.102500   26.046120   library setup time
                                             26.046120   data required time
---------------------------------------------------------------------------------------------
                                             26.046120   data required time
                                            -11.039125   data arrival time
---------------------------------------------------------------------------------------------
                                             15.006993   slack (MET)


Startpoint: tl_i[64] (input port clocked by clk_i)
Endpoint: _591_ (rising edge-triggered flip-flop clocked by clk_i)
Path Group: clk_i
Path Type: max

Fanout         Cap        Slew       Delay        Time   Description
---------------------------------------------------------------------------------------------
                                  0.000000    0.000000   clock clk_i (rise edge)
                                  0.000000    0.000000   clock network delay (propagated)
                                  5.000000    5.000000 v input external delay
     2    0.004796    0.013190    0.007796    5.007797 v tl_i[64] (in)
                                                         tl_i[64] (net)
                      0.013191    0.000000    5.007797 v input14/A (sky130_fd_sc_hd__clkbuf_4)
     3    0.043384    0.096146    0.181388    5.189184 v input14/X (sky130_fd_sc_hd__clkbuf_4)
                                                         net14 (net)
                      0.096239    0.002686    5.191871 v _423_/A (sky130_fd_sc_hd__xor2_4)
     3    0.072712    0.196825    0.267966    5.459836 v _423_/X (sky130_fd_sc_hd__xor2_4)
                                                         _176_ (net)
                      0.199916    0.019501    5.479337 v wire85/A (sky130_fd_sc_hd__buf_8)
     3    0.119114    0.086248    0.229524    5.708861 v wire85/X (sky130_fd_sc_hd__buf_8)
                                                         net85 (net)
                      0.132242    0.049565    5.758427 v _426_/B (sky130_fd_sc_hd__or4_4)
     3    0.074088    0.186197    0.680209    6.438636 v _426_/X (sky130_fd_sc_hd__or4_4)
                                                         _179_ (net)
                      0.193306    0.028060    6.466696 v _429_/C (sky130_fd_sc_hd__or4_1)
     1    0.002478    0.079530    0.503571    6.970267 v _429_/X (sky130_fd_sc_hd__or4_1)
                                                         _182_ (net)
                      0.079530    0.000179    6.970446 v _430_/A2 (sky130_fd_sc_hd__a21o_1)
     3    0.012433    0.072373    0.226998    7.197444 v _430_/X (sky130_fd_sc_hd__a21o_1)
                                                         _183_ (net)
                      0.072395    0.001202    7.198646 v _524_/A1 (sky130_fd_sc_hd__o31ai_1)
     1    0.011942    0.438237    0.435311    7.633957 ^ _524_/Y (sky130_fd_sc_hd__o31ai_1)
                                                         _250_ (net)
                      0.438240    0.001073    7.635030 ^ wire66/A (sky130_fd_sc_hd__clkbuf_4)
     3    0.056053    0.175247    0.337618    7.972648 ^ wire66/X (sky130_fd_sc_hd__clkbuf_4)
                                                         net66 (net)
                      0.178544    0.018985    7.991632 ^ fanout65/A (sky130_fd_sc_hd__clkbuf_2)
     7    0.030453    0.169676    0.235144    8.226777 ^ fanout65/X (sky130_fd_sc_hd__clkbuf_2)
                                                         net65 (net)
                      0.169676    0.000829    8.227606 ^ fanout64/A (sky130_fd_sc_hd__buf_2)
    13    0.050957    0.249437    0.290098    8.517703 ^ fanout64/X (sky130_fd_sc_hd__buf_2)
                                                         net64 (net)
                      0.249489    0.003035    8.520739 ^ fanout63/A (sky130_fd_sc_hd__clkbuf_2)
     5    0.033814    0.187104    0.266066    8.786804 ^ fanout63/X (sky130_fd_sc_hd__clkbuf_2)
                                                         net63 (net)
                      0.187107    0.001132    8.787936 ^ fanout62/A (sky130_fd_sc_hd__buf_2)
     6    0.036677    0.181794    0.251063    9.039000 ^ fanout62/X (sky130_fd_sc_hd__buf_2)
                                                         net62 (net)
                      0.181800    0.001333    9.040332 ^ _536_/S (sky130_fd_sc_hd__mux2_1)
     1    0.002322    0.052529    0.333754    9.374086 v _536_/X (sky130_fd_sc_hd__mux2_1)
                                                         _022_ (net)
                      0.052529    0.000155    9.374241 v hold289/A (sky130_fd_sc_hd__dlygate4sd3_1)
     1    0.002521    0.051266    0.548532    9.922773 v hold289/X (sky130_fd_sc_hd__dlygate4sd3_1)
                                                         net460 (net)
                      0.051266    0.000179    9.922952 v hold84/A (sky130_fd_sc_hd__dlygate4sd3_1)
     1    0.003247    0.055853    0.554641   10.477592 v hold84/X (sky130_fd_sc_hd__dlygate4sd3_1)
                                                         net255 (net)
                      0.055853    0.000198   10.477791 v hold290/A (sky130_fd_sc_hd__dlygate4sd3_1)
     1    0.002733    0.052514    0.551931   11.029721 v hold290/X (sky130_fd_sc_hd__dlygate4sd3_1)
                                                         net461 (net)
                      0.052514    0.000187   11.029909 v _591_/D (sky130_fd_sc_hd__dfrtp_1)
                                             11.029909   data arrival time

                                 25.000000   25.000000   clock clk_i (rise edge)
                                  0.000000   25.000000   clock source latency
     2    0.083141    0.377847    0.279778   25.279778 ^ clk_i (in)
                                                         clk_i (net)
                      0.382483    0.000000   25.279778 ^ clkbuf_0_clk_i/A (sky130_fd_sc_hd__clkbuf_16)
     2    0.018889    0.047857    0.218240   25.498016 ^ clkbuf_0_clk_i/X (sky130_fd_sc_hd__clkbuf_16)
                                                         clknet_0_clk_i (net)
                      0.047857    0.000961   25.498978 ^ clkbuf_1_0__f_clk_i/A (sky130_fd_sc_hd__clkbuf_16)
     3    0.008434    0.031988    0.115357   25.614334 ^ clkbuf_1_0__f_clk_i/X (sky130_fd_sc_hd__clkbuf_16)
                                                         clknet_1_0__leaf_clk_i (net)
                      0.031989    0.000407   25.614740 ^ _498_/A (sky130_fd_sc_hd__and2_2)
     3    0.056167    0.287732    0.302977   25.917719 ^ _498_/X (sky130_fd_sc_hd__and2_2)
                                                         u_ibex.clk (net)
                      0.289172    0.016499   25.934217 ^ clkbuf_0_u_ibex.clk/A (sky130_fd_sc_hd__clkbuf_16)
     9    0.085943    0.105335    0.249992   26.184210 ^ clkbuf_0_u_ibex.clk/X (sky130_fd_sc_hd__clkbuf_16)
                                                         clknet_0_u_ibex.clk (net)
                      0.106302    0.008047   26.192257 ^ clkbuf_2_0__f_u_ibex.clk/A (sky130_fd_sc_hd__clkbuf_16)
    31    0.100365    0.118725    0.192326   26.384583 ^ clkbuf_2_0__f_u_ibex.clk/X (sky130_fd_sc_hd__clkbuf_16)
                                                         clknet_2_0__leaf_u_ibex.clk (net)
                      0.124968    0.020837   26.405418 ^ _591_/CLK (sky130_fd_sc_hd__dfrtp_1)
                                 -0.250000   26.155420   clock uncertainty
                                  0.000000   26.155420   clock reconvergence pessimism
                                 -0.099238   26.056183   library setup time
                                             26.056183   data required time
---------------------------------------------------------------------------------------------
                                             26.056183   data required time
                                            -11.029909   data arrival time
---------------------------------------------------------------------------------------------
                                             15.026274   slack (MET)


Startpoint: tl_i[64] (input port clocked by clk_i)
Endpoint: _593_ (rising edge-triggered flip-flop clocked by clk_i)
Path Group: clk_i
Path Type: max

Fanout         Cap        Slew       Delay        Time   Description
---------------------------------------------------------------------------------------------
                                  0.000000    0.000000   clock clk_i (rise edge)
                                  0.000000    0.000000   clock network delay (propagated)
                                  5.000000    5.000000 v input external delay
     2    0.004796    0.013190    0.007796    5.007797 v tl_i[64] (in)
                                                         tl_i[64] (net)
                      0.013191    0.000000    5.007797 v input14/A (sky130_fd_sc_hd__clkbuf_4)
     3    0.043384    0.096146    0.181388    5.189184 v input14/X (sky130_fd_sc_hd__clkbuf_4)
                                                         net14 (net)
                      0.096239    0.002686    5.191871 v _423_/A (sky130_fd_sc_hd__xor2_4)
     3    0.072712    0.196825    0.267966    5.459836 v _423_/X (sky130_fd_sc_hd__xor2_4)
                                                         _176_ (net)
                      0.199916    0.019501    5.479337 v wire85/A (sky130_fd_sc_hd__buf_8)
     3    0.119114    0.086248    0.229524    5.708861 v wire85/X (sky130_fd_sc_hd__buf_8)
                                                         net85 (net)
                      0.132242    0.049565    5.758427 v _426_/B (sky130_fd_sc_hd__or4_4)
     3    0.074088    0.186197    0.680209    6.438636 v _426_/X (sky130_fd_sc_hd__or4_4)
                                                         _179_ (net)
                      0.193306    0.028060    6.466696 v _429_/C (sky130_fd_sc_hd__or4_1)
     1    0.002478    0.079530    0.503571    6.970267 v _429_/X (sky130_fd_sc_hd__or4_1)
                                                         _182_ (net)
                      0.079530    0.000179    6.970446 v _430_/A2 (sky130_fd_sc_hd__a21o_1)
     3    0.012433    0.072373    0.226998    7.197444 v _430_/X (sky130_fd_sc_hd__a21o_1)
                                                         _183_ (net)
                      0.072395    0.001202    7.198646 v _524_/A1 (sky130_fd_sc_hd__o31ai_1)
     1    0.011942    0.438237    0.435311    7.633957 ^ _524_/Y (sky130_fd_sc_hd__o31ai_1)
                                                         _250_ (net)
                      0.438240    0.001073    7.635030 ^ wire66/A (sky130_fd_sc_hd__clkbuf_4)
     3    0.056053    0.175247    0.337618    7.972648 ^ wire66/X (sky130_fd_sc_hd__clkbuf_4)
                                                         net66 (net)
                      0.178544    0.018985    7.991632 ^ fanout65/A (sky130_fd_sc_hd__clkbuf_2)
     7    0.030453    0.169676    0.235144    8.226777 ^ fanout65/X (sky130_fd_sc_hd__clkbuf_2)
                                                         net65 (net)
                      0.169676    0.000829    8.227606 ^ fanout64/A (sky130_fd_sc_hd__buf_2)
    13    0.050957    0.249437    0.290098    8.517703 ^ fanout64/X (sky130_fd_sc_hd__buf_2)
                                                         net64 (net)
                      0.249489    0.003035    8.520739 ^ fanout63/A (sky130_fd_sc_hd__clkbuf_2)
     5    0.033814    0.187104    0.266066    8.786804 ^ fanout63/X (sky130_fd_sc_hd__clkbuf_2)
                                                         net63 (net)
                      0.187107    0.001132    8.787936 ^ fanout62/A (sky130_fd_sc_hd__buf_2)
     6    0.036677    0.181794    0.251063    9.039000 ^ fanout62/X (sky130_fd_sc_hd__buf_2)
                                                         net62 (net)
                      0.181917    0.002785    9.041784 ^ _538_/S (sky130_fd_sc_hd__mux2_1)
     1    0.002437    0.053070    0.334857    9.376641 v _538_/X (sky130_fd_sc_hd__mux2_1)
                                                         _024_ (net)
                      0.053070    0.000155    9.376797 v hold227/A (sky130_fd_sc_hd__dlygate4sd3_1)
     1    0.002297    0.050145    0.546708    9.923505 v hold227/X (sky130_fd_sc_hd__dlygate4sd3_1)
                                                         net398 (net)
                      0.050145    0.000163    9.923669 v hold46/A (sky130_fd_sc_hd__dlygate4sd3_1)
     1    0.001848    0.048233    0.541521   10.465189 v hold46/X (sky130_fd_sc_hd__dlygate4sd3_1)
                                                         net217 (net)
                      0.048233    0.000086   10.465275 v hold228/A (sky130_fd_sc_hd__dlygate4sd3_1)
     1    0.003705    0.057875    0.556785   11.022060 v hold228/X (sky130_fd_sc_hd__dlygate4sd3_1)
                                                         net399 (net)
                      0.057875    0.000268   11.022328 v _593_/D (sky130_fd_sc_hd__dfrtp_1)
                                             11.022328   data arrival time

                                 25.000000   25.000000   clock clk_i (rise edge)
                                  0.000000   25.000000   clock source latency
     2    0.083141    0.377847    0.279778   25.279778 ^ clk_i (in)
                                                         clk_i (net)
                      0.382483    0.000000   25.279778 ^ clkbuf_0_clk_i/A (sky130_fd_sc_hd__clkbuf_16)
     2    0.018889    0.047857    0.218240   25.498016 ^ clkbuf_0_clk_i/X (sky130_fd_sc_hd__clkbuf_16)
                                                         clknet_0_clk_i (net)
                      0.047857    0.000961   25.498978 ^ clkbuf_1_0__f_clk_i/A (sky130_fd_sc_hd__clkbuf_16)
     3    0.008434    0.031988    0.115357   25.614334 ^ clkbuf_1_0__f_clk_i/X (sky130_fd_sc_hd__clkbuf_16)
                                                         clknet_1_0__leaf_clk_i (net)
                      0.031989    0.000407   25.614740 ^ _498_/A (sky130_fd_sc_hd__and2_2)
     3    0.056167    0.287732    0.302977   25.917719 ^ _498_/X (sky130_fd_sc_hd__and2_2)
                                                         u_ibex.clk (net)
                      0.289172    0.016499   25.934217 ^ clkbuf_0_u_ibex.clk/A (sky130_fd_sc_hd__clkbuf_16)
     9    0.085943    0.105335    0.249992   26.184210 ^ clkbuf_0_u_ibex.clk/X (sky130_fd_sc_hd__clkbuf_16)
                                                         clknet_0_u_ibex.clk (net)
                      0.106302    0.008047   26.192257 ^ clkbuf_2_0__f_u_ibex.clk/A (sky130_fd_sc_hd__clkbuf_16)
    31    0.100365    0.118725    0.192326   26.384583 ^ clkbuf_2_0__f_u_ibex.clk/X (sky130_fd_sc_hd__clkbuf_16)
                                                         clknet_2_0__leaf_u_ibex.clk (net)
                      0.122547    0.016591   26.401173 ^ _593_/CLK (sky130_fd_sc_hd__dfrtp_1)
                                 -0.250000   26.151175   clock uncertainty
                                  0.000000   26.151175   clock reconvergence pessimism
                                 -0.102121   26.049053   library setup time
                                             26.049053   data required time
---------------------------------------------------------------------------------------------
                                             26.049053   data required time
                                            -11.022328   data arrival time
---------------------------------------------------------------------------------------------
                                             15.026725   slack (MET)


Startpoint: tl_i[64] (input port clocked by clk_i)
Endpoint: _594_ (rising edge-triggered flip-flop clocked by clk_i)
Path Group: clk_i
Path Type: max

Fanout         Cap        Slew       Delay        Time   Description
---------------------------------------------------------------------------------------------
                                  0.000000    0.000000   clock clk_i (rise edge)
                                  0.000000    0.000000   clock network delay (propagated)
                                  5.000000    5.000000 v input external delay
     2    0.004796    0.013190    0.007796    5.007797 v tl_i[64] (in)
                                                         tl_i[64] (net)
                      0.013191    0.000000    5.007797 v input14/A (sky130_fd_sc_hd__clkbuf_4)
     3    0.043384    0.096146    0.181388    5.189184 v input14/X (sky130_fd_sc_hd__clkbuf_4)
                                                         net14 (net)
                      0.096239    0.002686    5.191871 v _423_/A (sky130_fd_sc_hd__xor2_4)
     3    0.072712    0.196825    0.267966    5.459836 v _423_/X (sky130_fd_sc_hd__xor2_4)
                                                         _176_ (net)
                      0.199916    0.019501    5.479337 v wire85/A (sky130_fd_sc_hd__buf_8)
     3    0.119114    0.086248    0.229524    5.708861 v wire85/X (sky130_fd_sc_hd__buf_8)
                                                         net85 (net)
                      0.132242    0.049565    5.758427 v _426_/B (sky130_fd_sc_hd__or4_4)
     3    0.074088    0.186197    0.680209    6.438636 v _426_/X (sky130_fd_sc_hd__or4_4)
                                                         _179_ (net)
                      0.193306    0.028060    6.466696 v _429_/C (sky130_fd_sc_hd__or4_1)
     1    0.002478    0.079530    0.503571    6.970267 v _429_/X (sky130_fd_sc_hd__or4_1)
                                                         _182_ (net)
                      0.079530    0.000179    6.970446 v _430_/A2 (sky130_fd_sc_hd__a21o_1)
     3    0.012433    0.072373    0.226998    7.197444 v _430_/X (sky130_fd_sc_hd__a21o_1)
                                                         _183_ (net)
                      0.072395    0.001202    7.198646 v _524_/A1 (sky130_fd_sc_hd__o31ai_1)
     1    0.011942    0.438237    0.435311    7.633957 ^ _524_/Y (sky130_fd_sc_hd__o31ai_1)
                                                         _250_ (net)
                      0.438240    0.001073    7.635030 ^ wire66/A (sky130_fd_sc_hd__clkbuf_4)
     3    0.056053    0.175247    0.337618    7.972648 ^ wire66/X (sky130_fd_sc_hd__clkbuf_4)
                                                         net66 (net)
                      0.178544    0.018985    7.991632 ^ fanout65/A (sky130_fd_sc_hd__clkbuf_2)
     7    0.030453    0.169676    0.235144    8.226777 ^ fanout65/X (sky130_fd_sc_hd__clkbuf_2)
                                                         net65 (net)
                      0.169676    0.000829    8.227606 ^ fanout64/A (sky130_fd_sc_hd__buf_2)
    13    0.050957    0.249437    0.290098    8.517703 ^ fanout64/X (sky130_fd_sc_hd__buf_2)
                                                         net64 (net)
                      0.249489    0.003035    8.520739 ^ fanout63/A (sky130_fd_sc_hd__clkbuf_2)
     5    0.033814    0.187104    0.266066    8.786804 ^ fanout63/X (sky130_fd_sc_hd__clkbuf_2)
                                                         net63 (net)
                      0.187107    0.001132    8.787936 ^ fanout62/A (sky130_fd_sc_hd__buf_2)
     6    0.036677    0.181794    0.251063    9.039000 ^ fanout62/X (sky130_fd_sc_hd__buf_2)
                                                         net62 (net)
                      0.181920    0.002839    9.041838 ^ _539_/S (sky130_fd_sc_hd__mux2_1)
     1    0.001938    0.050710    0.330163    9.372001 v _539_/X (sky130_fd_sc_hd__mux2_1)
                                                         _025_ (net)
                      0.050710    0.000132    9.372132 v hold203/A (sky130_fd_sc_hd__dlygate4sd3_1)
     1    0.002848    0.053235    0.550811    9.922944 v hold203/X (sky130_fd_sc_hd__dlygate4sd3_1)
                                                         net374 (net)
                      0.053235    0.000167    9.923111 v hold38/A (sky130_fd_sc_hd__dlygate4sd3_1)
     1    0.002109    0.049475    0.545082   10.468193 v hold38/X (sky130_fd_sc_hd__dlygate4sd3_1)
                                                         net209 (net)
                      0.049475    0.000144   10.468337 v hold204/A (sky130_fd_sc_hd__dlygate4sd3_1)
     1    0.002532    0.051351    0.547441   11.015778 v hold204/X (sky130_fd_sc_hd__dlygate4sd3_1)
                                                         net375 (net)
                      0.051351    0.000174   11.015952 v _594_/D (sky130_fd_sc_hd__dfrtp_1)
                                             11.015952   data arrival time

                                 25.000000   25.000000   clock clk_i (rise edge)
                                  0.000000   25.000000   clock source latency
     2    0.083141    0.377847    0.279778   25.279778 ^ clk_i (in)
                                                         clk_i (net)
                      0.382483    0.000000   25.279778 ^ clkbuf_0_clk_i/A (sky130_fd_sc_hd__clkbuf_16)
     2    0.018889    0.047857    0.218240   25.498016 ^ clkbuf_0_clk_i/X (sky130_fd_sc_hd__clkbuf_16)
                                                         clknet_0_clk_i (net)
                      0.047857    0.000961   25.498978 ^ clkbuf_1_0__f_clk_i/A (sky130_fd_sc_hd__clkbuf_16)
     3    0.008434    0.031988    0.115357   25.614334 ^ clkbuf_1_0__f_clk_i/X (sky130_fd_sc_hd__clkbuf_16)
                                                         clknet_1_0__leaf_clk_i (net)
                      0.031989    0.000407   25.614740 ^ _498_/A (sky130_fd_sc_hd__and2_2)
     3    0.056167    0.287732    0.302977   25.917719 ^ _498_/X (sky130_fd_sc_hd__and2_2)
                                                         u_ibex.clk (net)
                      0.289172    0.016499   25.934217 ^ clkbuf_0_u_ibex.clk/A (sky130_fd_sc_hd__clkbuf_16)
     9    0.085943    0.105335    0.249992   26.184210 ^ clkbuf_0_u_ibex.clk/X (sky130_fd_sc_hd__clkbuf_16)
                                                         clknet_0_u_ibex.clk (net)
                      0.106302    0.008047   26.192257 ^ clkbuf_2_1__f_u_ibex.clk/A (sky130_fd_sc_hd__clkbuf_16)
    33    0.100302    0.118991    0.196579   26.388836 ^ clkbuf_2_1__f_u_ibex.clk/X (sky130_fd_sc_hd__clkbuf_16)
                                                         clknet_2_1__leaf_u_ibex.clk (net)
                      0.120552    0.011051   26.399885 ^ _594_/CLK (sky130_fd_sc_hd__dfrtp_1)
                                 -0.250000   26.149887   clock uncertainty
                                  0.000000   26.149887   clock reconvergence pessimism
                                 -0.099745   26.050142   library setup time
                                             26.050142   data required time
---------------------------------------------------------------------------------------------
                                             26.050142   data required time
                                            -11.015952   data arrival time
---------------------------------------------------------------------------------------------
                                             15.034189   slack (MET)


Startpoint: tl_i[64] (input port clocked by clk_i)
Endpoint: _588_ (rising edge-triggered flip-flop clocked by clk_i)
Path Group: clk_i
Path Type: max

Fanout         Cap        Slew       Delay        Time   Description
---------------------------------------------------------------------------------------------
                                  0.000000    0.000000   clock clk_i (rise edge)
                                  0.000000    0.000000   clock network delay (propagated)
                                  5.000000    5.000000 v input external delay
     2    0.004796    0.013190    0.007796    5.007797 v tl_i[64] (in)
                                                         tl_i[64] (net)
                      0.013191    0.000000    5.007797 v input14/A (sky130_fd_sc_hd__clkbuf_4)
     3    0.043384    0.096146    0.181388    5.189184 v input14/X (sky130_fd_sc_hd__clkbuf_4)
                                                         net14 (net)
                      0.096239    0.002686    5.191871 v _423_/A (sky130_fd_sc_hd__xor2_4)
     3    0.072712    0.196825    0.267966    5.459836 v _423_/X (sky130_fd_sc_hd__xor2_4)
                                                         _176_ (net)
                      0.199916    0.019501    5.479337 v wire85/A (sky130_fd_sc_hd__buf_8)
     3    0.119114    0.086248    0.229524    5.708861 v wire85/X (sky130_fd_sc_hd__buf_8)
                                                         net85 (net)
                      0.132242    0.049565    5.758427 v _426_/B (sky130_fd_sc_hd__or4_4)
     3    0.074088    0.186197    0.680209    6.438636 v _426_/X (sky130_fd_sc_hd__or4_4)
                                                         _179_ (net)
                      0.193306    0.028060    6.466696 v _429_/C (sky130_fd_sc_hd__or4_1)
     1    0.002478    0.079530    0.503571    6.970267 v _429_/X (sky130_fd_sc_hd__or4_1)
                                                         _182_ (net)
                      0.079530    0.000179    6.970446 v _430_/A2 (sky130_fd_sc_hd__a21o_1)
     3    0.012433    0.072373    0.226998    7.197444 v _430_/X (sky130_fd_sc_hd__a21o_1)
                                                         _183_ (net)
                      0.072395    0.001202    7.198646 v _524_/A1 (sky130_fd_sc_hd__o31ai_1)
     1    0.011942    0.438237    0.435311    7.633957 ^ _524_/Y (sky130_fd_sc_hd__o31ai_1)
                                                         _250_ (net)
                      0.438240    0.001073    7.635030 ^ wire66/A (sky130_fd_sc_hd__clkbuf_4)
     3    0.056053    0.175247    0.337618    7.972648 ^ wire66/X (sky130_fd_sc_hd__clkbuf_4)
                                                         net66 (net)
                      0.178544    0.018985    7.991632 ^ fanout65/A (sky130_fd_sc_hd__clkbuf_2)
     7    0.030453    0.169676    0.235144    8.226777 ^ fanout65/X (sky130_fd_sc_hd__clkbuf_2)
                                                         net65 (net)
                      0.169676    0.000829    8.227606 ^ fanout64/A (sky130_fd_sc_hd__buf_2)
    13    0.050957    0.249437    0.290098    8.517703 ^ fanout64/X (sky130_fd_sc_hd__buf_2)
                                                         net64 (net)
                      0.249489    0.003035    8.520739 ^ fanout63/A (sky130_fd_sc_hd__clkbuf_2)
     5    0.033814    0.187104    0.266066    8.786804 ^ fanout63/X (sky130_fd_sc_hd__clkbuf_2)
                                                         net63 (net)
                      0.187107    0.001132    8.787936 ^ fanout62/A (sky130_fd_sc_hd__buf_2)
     6    0.036677    0.181794    0.251063    9.039000 ^ fanout62/X (sky130_fd_sc_hd__buf_2)
                                                         net62 (net)
                      0.181802    0.001436    9.040436 ^ _533_/S (sky130_fd_sc_hd__mux2_1)
     1    0.001849    0.050290    0.329308    9.369743 v _533_/X (sky130_fd_sc_hd__mux2_1)
                                                         _019_ (net)
                      0.050290    0.000131    9.369874 v hold281/A (sky130_fd_sc_hd__dlygate4sd3_1)
     1    0.003427    0.056970    0.555797    9.925672 v hold281/X (sky130_fd_sc_hd__dlygate4sd3_1)
                                                         net452 (net)
                      0.056970    0.000204    9.925876 v hold80/A (sky130_fd_sc_hd__dlygate4sd3_1)
     1    0.002300    0.050164    0.548511   10.474387 v hold80/X (sky130_fd_sc_hd__dlygate4sd3_1)
                                                         net251 (net)
                      0.050164    0.000164   10.474551 v hold282/A (sky130_fd_sc_hd__dlygate4sd3_1)
     1    0.002683    0.052235    0.549075   11.023626 v hold282/X (sky130_fd_sc_hd__dlygate4sd3_1)
                                                         net453 (net)
                      0.052235    0.000197   11.023824 v _588_/D (sky130_fd_sc_hd__dfrtp_1)
                                             11.023824   data arrival time

                                 25.000000   25.000000   clock clk_i (rise edge)
                                  0.000000   25.000000   clock source latency
     2    0.083141    0.377847    0.279778   25.279778 ^ clk_i (in)
                                                         clk_i (net)
                      0.382483    0.000000   25.279778 ^ clkbuf_0_clk_i/A (sky130_fd_sc_hd__clkbuf_16)
     2    0.018889    0.047857    0.218240   25.498016 ^ clkbuf_0_clk_i/X (sky130_fd_sc_hd__clkbuf_16)
                                                         clknet_0_clk_i (net)
                      0.047857    0.000961   25.498978 ^ clkbuf_1_0__f_clk_i/A (sky130_fd_sc_hd__clkbuf_16)
     3    0.008434    0.031988    0.115357   25.614334 ^ clkbuf_1_0__f_clk_i/X (sky130_fd_sc_hd__clkbuf_16)
                                                         clknet_1_0__leaf_clk_i (net)
                      0.031989    0.000407   25.614740 ^ _498_/A (sky130_fd_sc_hd__and2_2)
     3    0.056167    0.287732    0.302977   25.917719 ^ _498_/X (sky130_fd_sc_hd__and2_2)
                                                         u_ibex.clk (net)
                      0.289172    0.016499   25.934217 ^ clkbuf_0_u_ibex.clk/A (sky130_fd_sc_hd__clkbuf_16)
     9    0.085943    0.105335    0.249992   26.184210 ^ clkbuf_0_u_ibex.clk/X (sky130_fd_sc_hd__clkbuf_16)
                                                         clknet_0_u_ibex.clk (net)
                      0.106302    0.008047   26.192257 ^ clkbuf_2_0__f_u_ibex.clk/A (sky130_fd_sc_hd__clkbuf_16)
    31    0.100365    0.118725    0.192326   26.384583 ^ clkbuf_2_0__f_u_ibex.clk/X (sky130_fd_sc_hd__clkbuf_16)
                                                         clknet_2_0__leaf_u_ibex.clk (net)
                      0.127574    0.024656   26.409239 ^ _588_/CLK (sky130_fd_sc_hd__dfrtp_1)
                                 -0.250000   26.159239   clock uncertainty
                                  0.000000   26.159239   clock reconvergence pessimism
                                 -0.098520   26.060719   library setup time
                                             26.060719   data required time
---------------------------------------------------------------------------------------------
                                             26.060719   data required time
                                            -11.023824   data arrival time
---------------------------------------------------------------------------------------------
                                             15.036895   slack (MET)


Startpoint: tl_i[64] (input port clocked by clk_i)
Endpoint: _607_ (rising edge-triggered flip-flop clocked by clk_i)
Path Group: clk_i
Path Type: max

Fanout         Cap        Slew       Delay        Time   Description
---------------------------------------------------------------------------------------------
                                  0.000000    0.000000   clock clk_i (rise edge)
                                  0.000000    0.000000   clock network delay (propagated)
                                  5.000000    5.000000 v input external delay
     2    0.004796    0.013190    0.007796    5.007797 v tl_i[64] (in)
                                                         tl_i[64] (net)
                      0.013191    0.000000    5.007797 v input14/A (sky130_fd_sc_hd__clkbuf_4)
     3    0.043384    0.096146    0.181388    5.189184 v input14/X (sky130_fd_sc_hd__clkbuf_4)
                                                         net14 (net)
                      0.096239    0.002686    5.191871 v _423_/A (sky130_fd_sc_hd__xor2_4)
     3    0.072712    0.196825    0.267966    5.459836 v _423_/X (sky130_fd_sc_hd__xor2_4)
                                                         _176_ (net)
                      0.199916    0.019501    5.479337 v wire85/A (sky130_fd_sc_hd__buf_8)
     3    0.119114    0.086248    0.229524    5.708861 v wire85/X (sky130_fd_sc_hd__buf_8)
                                                         net85 (net)
                      0.132242    0.049565    5.758427 v _426_/B (sky130_fd_sc_hd__or4_4)
     3    0.074088    0.186197    0.680209    6.438636 v _426_/X (sky130_fd_sc_hd__or4_4)
                                                         _179_ (net)
                      0.193306    0.028060    6.466696 v _429_/C (sky130_fd_sc_hd__or4_1)
     1    0.002478    0.079530    0.503571    6.970267 v _429_/X (sky130_fd_sc_hd__or4_1)
                                                         _182_ (net)
                      0.079530    0.000179    6.970446 v _430_/A2 (sky130_fd_sc_hd__a21o_1)
     3    0.012433    0.072373    0.226998    7.197444 v _430_/X (sky130_fd_sc_hd__a21o_1)
                                                         _183_ (net)
                      0.072395    0.001202    7.198646 v _524_/A1 (sky130_fd_sc_hd__o31ai_1)
     1    0.011942    0.438237    0.435311    7.633957 ^ _524_/Y (sky130_fd_sc_hd__o31ai_1)
                                                         _250_ (net)
                      0.438240    0.001073    7.635030 ^ wire66/A (sky130_fd_sc_hd__clkbuf_4)
     3    0.056053    0.175247    0.337618    7.972648 ^ wire66/X (sky130_fd_sc_hd__clkbuf_4)
                                                         net66 (net)
                      0.178544    0.018985    7.991632 ^ fanout65/A (sky130_fd_sc_hd__clkbuf_2)
     7    0.030453    0.169676    0.235144    8.226777 ^ fanout65/X (sky130_fd_sc_hd__clkbuf_2)
                                                         net65 (net)
                      0.169771    0.002093    8.228870 ^ fanout61/A (sky130_fd_sc_hd__dlymetal6s2s_1)
     4    0.025253    0.263897    0.278412    8.507282 ^ fanout61/X (sky130_fd_sc_hd__dlymetal6s2s_1)
                                                         net61 (net)
                      0.263935    0.002576    8.509858 ^ fanout60/A (sky130_fd_sc_hd__buf_2)
     6    0.040784    0.200582    0.284842    8.794701 ^ fanout60/X (sky130_fd_sc_hd__buf_2)
                                                         net60 (net)
                      0.200756    0.003762    8.798463 ^ _552_/S (sky130_fd_sc_hd__mux2_1)
     1    0.003468    0.059389    0.347246    9.145708 v _552_/X (sky130_fd_sc_hd__mux2_1)
                                                         _038_ (net)
                      0.059389    0.000226    9.145935 v hold261/A (sky130_fd_sc_hd__dlygate4sd3_1)
     1    0.001939    0.048674    0.546342    9.692277 v hold261/X (sky130_fd_sc_hd__dlygate4sd3_1)
                                                         net432 (net)
                      0.048674    0.000134    9.692410 v hold70/A (sky130_fd_sc_hd__dlygate4sd3_1)
     1    0.002902    0.053590    0.550497   10.242908 v hold70/X (sky130_fd_sc_hd__dlygate4sd3_1)
                                                         net241 (net)
                      0.053590    0.000187   10.243093 v hold262/A (sky130_fd_sc_hd__dlygate4sd3_1)
     1    0.003318    0.056331    0.556208   10.799302 v hold262/X (sky130_fd_sc_hd__dlygate4sd3_1)
                                                         net433 (net)
                      0.056331    0.000210   10.799513 v _607_/D (sky130_fd_sc_hd__dfrtp_1)
                                             10.799513   data arrival time

                                 25.000000   25.000000   clock clk_i (rise edge)
                                  0.000000   25.000000   clock source latency
     2    0.083141    0.377847    0.279778   25.279778 ^ clk_i (in)
                                                         clk_i (net)
                      0.382483    0.000000   25.279778 ^ clkbuf_0_clk_i/A (sky130_fd_sc_hd__clkbuf_16)
     2    0.018889    0.047857    0.218240   25.498016 ^ clkbuf_0_clk_i/X (sky130_fd_sc_hd__clkbuf_16)
                                                         clknet_0_clk_i (net)
                      0.047857    0.000961   25.498978 ^ clkbuf_1_0__f_clk_i/A (sky130_fd_sc_hd__clkbuf_16)
     3    0.008434    0.031988    0.115357   25.614334 ^ clkbuf_1_0__f_clk_i/X (sky130_fd_sc_hd__clkbuf_16)
                                                         clknet_1_0__leaf_clk_i (net)
                      0.031989    0.000407   25.614740 ^ _498_/A (sky130_fd_sc_hd__and2_2)
     3    0.056167    0.287732    0.302977   25.917719 ^ _498_/X (sky130_fd_sc_hd__and2_2)
                                                         u_ibex.clk (net)
                      0.289172    0.016499   25.934217 ^ clkbuf_0_u_ibex.clk/A (sky130_fd_sc_hd__clkbuf_16)
     9    0.085943    0.105335    0.249992   26.184210 ^ clkbuf_0_u_ibex.clk/X (sky130_fd_sc_hd__clkbuf_16)
                                                         clknet_0_u_ibex.clk (net)
                      0.106302    0.008047   26.192257 ^ clkbuf_2_1__f_u_ibex.clk/A (sky130_fd_sc_hd__clkbuf_16)
    33    0.100302    0.118991    0.196579   26.388836 ^ clkbuf_2_1__f_u_ibex.clk/X (sky130_fd_sc_hd__clkbuf_16)
                                                         clknet_2_1__leaf_u_ibex.clk (net)
                      0.125568    0.021755   26.410589 ^ _607_/CLK (sky130_fd_sc_hd__dfrtp_1)
                                 -0.250000   26.160591   clock uncertainty
                                  0.000000   26.160591   clock reconvergence pessimism
                                 -0.100759   26.059832   library setup time
                                             26.059832   data required time
---------------------------------------------------------------------------------------------
                                             26.059832   data required time
                                            -10.799513   data arrival time
---------------------------------------------------------------------------------------------
                                             15.260320   slack (MET)


Startpoint: tl_i[64] (input port clocked by clk_i)
Endpoint: _605_ (rising edge-triggered flip-flop clocked by clk_i)
Path Group: clk_i
Path Type: max

Fanout         Cap        Slew       Delay        Time   Description
---------------------------------------------------------------------------------------------
                                  0.000000    0.000000   clock clk_i (rise edge)
                                  0.000000    0.000000   clock network delay (propagated)
                                  5.000000    5.000000 v input external delay
     2    0.004796    0.013190    0.007796    5.007797 v tl_i[64] (in)
                                                         tl_i[64] (net)
                      0.013191    0.000000    5.007797 v input14/A (sky130_fd_sc_hd__clkbuf_4)
     3    0.043384    0.096146    0.181388    5.189184 v input14/X (sky130_fd_sc_hd__clkbuf_4)
                                                         net14 (net)
                      0.096239    0.002686    5.191871 v _423_/A (sky130_fd_sc_hd__xor2_4)
     3    0.072712    0.196825    0.267966    5.459836 v _423_/X (sky130_fd_sc_hd__xor2_4)
                                                         _176_ (net)
                      0.199916    0.019501    5.479337 v wire85/A (sky130_fd_sc_hd__buf_8)
     3    0.119114    0.086248    0.229524    5.708861 v wire85/X (sky130_fd_sc_hd__buf_8)
                                                         net85 (net)
                      0.132242    0.049565    5.758427 v _426_/B (sky130_fd_sc_hd__or4_4)
     3    0.074088    0.186197    0.680209    6.438636 v _426_/X (sky130_fd_sc_hd__or4_4)
                                                         _179_ (net)
                      0.193306    0.028060    6.466696 v _429_/C (sky130_fd_sc_hd__or4_1)
     1    0.002478    0.079530    0.503571    6.970267 v _429_/X (sky130_fd_sc_hd__or4_1)
                                                         _182_ (net)
                      0.079530    0.000179    6.970446 v _430_/A2 (sky130_fd_sc_hd__a21o_1)
     3    0.012433    0.072373    0.226998    7.197444 v _430_/X (sky130_fd_sc_hd__a21o_1)
                                                         _183_ (net)
                      0.072395    0.001202    7.198646 v _524_/A1 (sky130_fd_sc_hd__o31ai_1)
     1    0.011942    0.438237    0.435311    7.633957 ^ _524_/Y (sky130_fd_sc_hd__o31ai_1)
                                                         _250_ (net)
                      0.438240    0.001073    7.635030 ^ wire66/A (sky130_fd_sc_hd__clkbuf_4)
     3    0.056053    0.175247    0.337618    7.972648 ^ wire66/X (sky130_fd_sc_hd__clkbuf_4)
                                                         net66 (net)
                      0.178544    0.018985    7.991632 ^ fanout65/A (sky130_fd_sc_hd__clkbuf_2)
     7    0.030453    0.169676    0.235144    8.226777 ^ fanout65/X (sky130_fd_sc_hd__clkbuf_2)
                                                         net65 (net)
                      0.169771    0.002093    8.228870 ^ fanout61/A (sky130_fd_sc_hd__dlymetal6s2s_1)
     4    0.025253    0.263897    0.278412    8.507282 ^ fanout61/X (sky130_fd_sc_hd__dlymetal6s2s_1)
                                                         net61 (net)
                      0.263935    0.002576    8.509858 ^ fanout60/A (sky130_fd_sc_hd__buf_2)
     6    0.040784    0.200582    0.284842    8.794701 ^ fanout60/X (sky130_fd_sc_hd__buf_2)
                                                         net60 (net)
                      0.200678    0.001880    8.796580 ^ _550_/S (sky130_fd_sc_hd__mux2_1)
     1    0.002082    0.051464    0.334208    9.130789 v _550_/X (sky130_fd_sc_hd__mux2_1)
                                                         _036_ (net)
                      0.051464    0.000147    9.130937 v hold237/A (sky130_fd_sc_hd__dlygate4sd3_1)
     1    0.002548    0.051426    0.548375    9.679311 v hold237/X (sky130_fd_sc_hd__dlygate4sd3_1)
                                                         net408 (net)
                      0.051426    0.000154    9.679464 v hold55/A (sky130_fd_sc_hd__dlygate4sd3_1)
     1    0.003255    0.055931    0.554802   10.234267 v hold55/X (sky130_fd_sc_hd__dlygate4sd3_1)
                                                         net226 (net)
                      0.055931    0.000126   10.234393 v hold238/A (sky130_fd_sc_hd__dlygate4sd3_1)
     1    0.003351    0.056558    0.557549   10.791942 v hold238/X (sky130_fd_sc_hd__dlygate4sd3_1)
                                                         net409 (net)
                      0.056558    0.000250   10.792192 v _605_/D (sky130_fd_sc_hd__dfrtp_1)
                                             10.792192   data arrival time

                                 25.000000   25.000000   clock clk_i (rise edge)
                                  0.000000   25.000000   clock source latency
     2    0.083141    0.377847    0.279778   25.279778 ^ clk_i (in)
                                                         clk_i (net)
                      0.382483    0.000000   25.279778 ^ clkbuf_0_clk_i/A (sky130_fd_sc_hd__clkbuf_16)
     2    0.018889    0.047857    0.218240   25.498016 ^ clkbuf_0_clk_i/X (sky130_fd_sc_hd__clkbuf_16)
                                                         clknet_0_clk_i (net)
                      0.047857    0.000961   25.498978 ^ clkbuf_1_0__f_clk_i/A (sky130_fd_sc_hd__clkbuf_16)
     3    0.008434    0.031988    0.115357   25.614334 ^ clkbuf_1_0__f_clk_i/X (sky130_fd_sc_hd__clkbuf_16)
                                                         clknet_1_0__leaf_clk_i (net)
                      0.031989    0.000407   25.614740 ^ _498_/A (sky130_fd_sc_hd__and2_2)
     3    0.056167    0.287732    0.302977   25.917719 ^ _498_/X (sky130_fd_sc_hd__and2_2)
                                                         u_ibex.clk (net)
                      0.289172    0.016499   25.934217 ^ clkbuf_0_u_ibex.clk/A (sky130_fd_sc_hd__clkbuf_16)
     9    0.085943    0.105335    0.249992   26.184210 ^ clkbuf_0_u_ibex.clk/X (sky130_fd_sc_hd__clkbuf_16)
                                                         clknet_0_u_ibex.clk (net)
                      0.106302    0.008047   26.192257 ^ clkbuf_2_1__f_u_ibex.clk/A (sky130_fd_sc_hd__clkbuf_16)
    33    0.100302    0.118991    0.196579   26.388836 ^ clkbuf_2_1__f_u_ibex.clk/X (sky130_fd_sc_hd__clkbuf_16)
                                                         clknet_2_1__leaf_u_ibex.clk (net)
                      0.124697    0.020293   26.409128 ^ _605_/CLK (sky130_fd_sc_hd__dfrtp_1)
                                 -0.250000   26.159128   clock uncertainty
                                  0.000000   26.159128   clock reconvergence pessimism
                                 -0.101057   26.058071   library setup time
                                             26.058071   data required time
---------------------------------------------------------------------------------------------
                                             26.058071   data required time
                                            -10.792192   data arrival time
---------------------------------------------------------------------------------------------
                                             15.265880   slack (MET)


Startpoint: tl_i[64] (input port clocked by clk_i)
Endpoint: _603_ (rising edge-triggered flip-flop clocked by clk_i)
Path Group: clk_i
Path Type: max

Fanout         Cap        Slew       Delay        Time   Description
---------------------------------------------------------------------------------------------
                                  0.000000    0.000000   clock clk_i (rise edge)
                                  0.000000    0.000000   clock network delay (propagated)
                                  5.000000    5.000000 v input external delay
     2    0.004796    0.013190    0.007796    5.007797 v tl_i[64] (in)
                                                         tl_i[64] (net)
                      0.013191    0.000000    5.007797 v input14/A (sky130_fd_sc_hd__clkbuf_4)
     3    0.043384    0.096146    0.181388    5.189184 v input14/X (sky130_fd_sc_hd__clkbuf_4)
                                                         net14 (net)
                      0.096239    0.002686    5.191871 v _423_/A (sky130_fd_sc_hd__xor2_4)
     3    0.072712    0.196825    0.267966    5.459836 v _423_/X (sky130_fd_sc_hd__xor2_4)
                                                         _176_ (net)
                      0.199916    0.019501    5.479337 v wire85/A (sky130_fd_sc_hd__buf_8)
     3    0.119114    0.086248    0.229524    5.708861 v wire85/X (sky130_fd_sc_hd__buf_8)
                                                         net85 (net)
                      0.132242    0.049565    5.758427 v _426_/B (sky130_fd_sc_hd__or4_4)
     3    0.074088    0.186197    0.680209    6.438636 v _426_/X (sky130_fd_sc_hd__or4_4)
                                                         _179_ (net)
                      0.193306    0.028060    6.466696 v _429_/C (sky130_fd_sc_hd__or4_1)
     1    0.002478    0.079530    0.503571    6.970267 v _429_/X (sky130_fd_sc_hd__or4_1)
                                                         _182_ (net)
                      0.079530    0.000179    6.970446 v _430_/A2 (sky130_fd_sc_hd__a21o_1)
     3    0.012433    0.072373    0.226998    7.197444 v _430_/X (sky130_fd_sc_hd__a21o_1)
                                                         _183_ (net)
                      0.072395    0.001202    7.198646 v _524_/A1 (sky130_fd_sc_hd__o31ai_1)
     1    0.011942    0.438237    0.435311    7.633957 ^ _524_/Y (sky130_fd_sc_hd__o31ai_1)
                                                         _250_ (net)
                      0.438240    0.001073    7.635030 ^ wire66/A (sky130_fd_sc_hd__clkbuf_4)
     3    0.056053    0.175247    0.337618    7.972648 ^ wire66/X (sky130_fd_sc_hd__clkbuf_4)
                                                         net66 (net)
                      0.178544    0.018985    7.991632 ^ fanout65/A (sky130_fd_sc_hd__clkbuf_2)
     7    0.030453    0.169676    0.235144    8.226777 ^ fanout65/X (sky130_fd_sc_hd__clkbuf_2)
                                                         net65 (net)
                      0.169771    0.002093    8.228870 ^ fanout61/A (sky130_fd_sc_hd__dlymetal6s2s_1)
     4    0.025253    0.263897    0.278412    8.507282 ^ fanout61/X (sky130_fd_sc_hd__dlymetal6s2s_1)
                                                         net61 (net)
                      0.263935    0.002576    8.509858 ^ fanout60/A (sky130_fd_sc_hd__buf_2)
     6    0.040784    0.200582    0.284842    8.794701 ^ fanout60/X (sky130_fd_sc_hd__buf_2)
                                                         net60 (net)
                      0.200586    0.001258    8.795958 ^ _548_/S (sky130_fd_sc_hd__mux2_1)
     1    0.002641    0.054266    0.339455    9.135412 v _548_/X (sky130_fd_sc_hd__mux2_1)
                                                         _034_ (net)
                      0.054266    0.000166    9.135579 v hold245/A (sky130_fd_sc_hd__dlygate4sd3_1)
     1    0.003152    0.055183    0.555028    9.690607 v hold245/X (sky130_fd_sc_hd__dlygate4sd3_1)
                                                         net416 (net)
                      0.055183    0.000178    9.690784 v hold59/A (sky130_fd_sc_hd__dlygate4sd3_1)
     1    0.002276    0.050070    0.547478   10.238263 v hold59/X (sky130_fd_sc_hd__dlygate4sd3_1)
                                                         net230 (net)
                      0.050070    0.000163   10.238426 v hold246/A (sky130_fd_sc_hd__dlygate4sd3_1)
     1    0.003242    0.055816    0.554104   10.792531 v hold246/X (sky130_fd_sc_hd__dlygate4sd3_1)
                                                         net417 (net)
                      0.055816    0.000224   10.792754 v _603_/D (sky130_fd_sc_hd__dfrtp_1)
                                             10.792754   data arrival time

                                 25.000000   25.000000   clock clk_i (rise edge)
                                  0.000000   25.000000   clock source latency
     2    0.083141    0.377847    0.279778   25.279778 ^ clk_i (in)
                                                         clk_i (net)
                      0.382483    0.000000   25.279778 ^ clkbuf_0_clk_i/A (sky130_fd_sc_hd__clkbuf_16)
     2    0.018889    0.047857    0.218240   25.498016 ^ clkbuf_0_clk_i/X (sky130_fd_sc_hd__clkbuf_16)
                                                         clknet_0_clk_i (net)
                      0.047857    0.000961   25.498978 ^ clkbuf_1_0__f_clk_i/A (sky130_fd_sc_hd__clkbuf_16)
     3    0.008434    0.031988    0.115357   25.614334 ^ clkbuf_1_0__f_clk_i/X (sky130_fd_sc_hd__clkbuf_16)
                                                         clknet_1_0__leaf_clk_i (net)
                      0.031989    0.000407   25.614740 ^ _498_/A (sky130_fd_sc_hd__and2_2)
     3    0.056167    0.287732    0.302977   25.917719 ^ _498_/X (sky130_fd_sc_hd__and2_2)
                                                         u_ibex.clk (net)
                      0.289172    0.016499   25.934217 ^ clkbuf_0_u_ibex.clk/A (sky130_fd_sc_hd__clkbuf_16)
     9    0.085943    0.105335    0.249992   26.184210 ^ clkbuf_0_u_ibex.clk/X (sky130_fd_sc_hd__clkbuf_16)
                                                         clknet_0_u_ibex.clk (net)
                      0.106302    0.008047   26.192257 ^ clkbuf_2_1__f_u_ibex.clk/A (sky130_fd_sc_hd__clkbuf_16)
    33    0.100302    0.118991    0.196579   26.388836 ^ clkbuf_2_1__f_u_ibex.clk/X (sky130_fd_sc_hd__clkbuf_16)
                                                         clknet_2_1__leaf_u_ibex.clk (net)
                      0.125175    0.021108   26.409943 ^ _603_/CLK (sky130_fd_sc_hd__dfrtp_1)
                                 -0.250000   26.159945   clock uncertainty
                                  0.000000   26.159945   clock reconvergence pessimism
                                 -0.100625   26.059319   library setup time
                                             26.059319   data required time
---------------------------------------------------------------------------------------------
                                             26.059319   data required time
                                            -10.792754   data arrival time
---------------------------------------------------------------------------------------------
                                             15.266565   slack (MET)


Startpoint: tl_i[64] (input port clocked by clk_i)
Endpoint: _604_ (rising edge-triggered flip-flop clocked by clk_i)
Path Group: clk_i
Path Type: max

Fanout         Cap        Slew       Delay        Time   Description
---------------------------------------------------------------------------------------------
                                  0.000000    0.000000   clock clk_i (rise edge)
                                  0.000000    0.000000   clock network delay (propagated)
                                  5.000000    5.000000 v input external delay
     2    0.004796    0.013190    0.007796    5.007797 v tl_i[64] (in)
                                                         tl_i[64] (net)
                      0.013191    0.000000    5.007797 v input14/A (sky130_fd_sc_hd__clkbuf_4)
     3    0.043384    0.096146    0.181388    5.189184 v input14/X (sky130_fd_sc_hd__clkbuf_4)
                                                         net14 (net)
                      0.096239    0.002686    5.191871 v _423_/A (sky130_fd_sc_hd__xor2_4)
     3    0.072712    0.196825    0.267966    5.459836 v _423_/X (sky130_fd_sc_hd__xor2_4)
                                                         _176_ (net)
                      0.199916    0.019501    5.479337 v wire85/A (sky130_fd_sc_hd__buf_8)
     3    0.119114    0.086248    0.229524    5.708861 v wire85/X (sky130_fd_sc_hd__buf_8)
                                                         net85 (net)
                      0.132242    0.049565    5.758427 v _426_/B (sky130_fd_sc_hd__or4_4)
     3    0.074088    0.186197    0.680209    6.438636 v _426_/X (sky130_fd_sc_hd__or4_4)
                                                         _179_ (net)
                      0.193306    0.028060    6.466696 v _429_/C (sky130_fd_sc_hd__or4_1)
     1    0.002478    0.079530    0.503571    6.970267 v _429_/X (sky130_fd_sc_hd__or4_1)
                                                         _182_ (net)
                      0.079530    0.000179    6.970446 v _430_/A2 (sky130_fd_sc_hd__a21o_1)
     3    0.012433    0.072373    0.226998    7.197444 v _430_/X (sky130_fd_sc_hd__a21o_1)
                                                         _183_ (net)
                      0.072395    0.001202    7.198646 v _524_/A1 (sky130_fd_sc_hd__o31ai_1)
     1    0.011942    0.438237    0.435311    7.633957 ^ _524_/Y (sky130_fd_sc_hd__o31ai_1)
                                                         _250_ (net)
                      0.438240    0.001073    7.635030 ^ wire66/A (sky130_fd_sc_hd__clkbuf_4)
     3    0.056053    0.175247    0.337618    7.972648 ^ wire66/X (sky130_fd_sc_hd__clkbuf_4)
                                                         net66 (net)
                      0.178544    0.018985    7.991632 ^ fanout65/A (sky130_fd_sc_hd__clkbuf_2)
     7    0.030453    0.169676    0.235144    8.226777 ^ fanout65/X (sky130_fd_sc_hd__clkbuf_2)
                                                         net65 (net)
                      0.169771    0.002093    8.228870 ^ fanout61/A (sky130_fd_sc_hd__dlymetal6s2s_1)
     4    0.025253    0.263897    0.278412    8.507282 ^ fanout61/X (sky130_fd_sc_hd__dlymetal6s2s_1)
                                                         net61 (net)
                      0.263935    0.002576    8.509858 ^ fanout60/A (sky130_fd_sc_hd__buf_2)
     6    0.040784    0.200582    0.284842    8.794701 ^ fanout60/X (sky130_fd_sc_hd__buf_2)
                                                         net60 (net)
                      0.200786    0.004269    8.798970 ^ _549_/S (sky130_fd_sc_hd__mux2_1)
     1    0.002503    0.053376    0.338182    9.137152 v _549_/X (sky130_fd_sc_hd__mux2_1)
                                                         _035_ (net)
                      0.053376    0.000171    9.137322 v hold207/A (sky130_fd_sc_hd__dlygate4sd3_1)
     1    0.002434    0.050768    0.548100    9.685423 v hold207/X (sky130_fd_sc_hd__dlygate4sd3_1)
                                                         net378 (net)
                      0.050768    0.000156    9.685579 v hold36/A (sky130_fd_sc_hd__dlygate4sd3_1)
     1    0.002739    0.052567    0.549836   10.235415 v hold36/X (sky130_fd_sc_hd__dlygate4sd3_1)
                                                         net207 (net)
                      0.052567    0.000168   10.235582 v hold208/A (sky130_fd_sc_hd__dlygate4sd3_1)
     1    0.002992    0.054127    0.552817   10.788400 v hold208/X (sky130_fd_sc_hd__dlygate4sd3_1)
                                                         net379 (net)
                      0.054127    0.000209   10.788609 v _604_/D (sky130_fd_sc_hd__dfrtp_1)
                                             10.788609   data arrival time

                                 25.000000   25.000000   clock clk_i (rise edge)
                                  0.000000   25.000000   clock source latency
     2    0.083141    0.377847    0.279778   25.279778 ^ clk_i (in)
                                                         clk_i (net)
                      0.382483    0.000000   25.279778 ^ clkbuf_0_clk_i/A (sky130_fd_sc_hd__clkbuf_16)
     2    0.018889    0.047857    0.218240   25.498016 ^ clkbuf_0_clk_i/X (sky130_fd_sc_hd__clkbuf_16)
                                                         clknet_0_clk_i (net)
                      0.047857    0.000961   25.498978 ^ clkbuf_1_0__f_clk_i/A (sky130_fd_sc_hd__clkbuf_16)
     3    0.008434    0.031988    0.115357   25.614334 ^ clkbuf_1_0__f_clk_i/X (sky130_fd_sc_hd__clkbuf_16)
                                                         clknet_1_0__leaf_clk_i (net)
                      0.031989    0.000407   25.614740 ^ _498_/A (sky130_fd_sc_hd__and2_2)
     3    0.056167    0.287732    0.302977   25.917719 ^ _498_/X (sky130_fd_sc_hd__and2_2)
                                                         u_ibex.clk (net)
                      0.289172    0.016499   25.934217 ^ clkbuf_0_u_ibex.clk/A (sky130_fd_sc_hd__clkbuf_16)
     9    0.085943    0.105335    0.249992   26.184210 ^ clkbuf_0_u_ibex.clk/X (sky130_fd_sc_hd__clkbuf_16)
                                                         clknet_0_u_ibex.clk (net)
                      0.106302    0.008047   26.192257 ^ clkbuf_2_1__f_u_ibex.clk/A (sky130_fd_sc_hd__clkbuf_16)
    33    0.100302    0.118991    0.196579   26.388836 ^ clkbuf_2_1__f_u_ibex.clk/X (sky130_fd_sc_hd__clkbuf_16)
                                                         clknet_2_1__leaf_u_ibex.clk (net)
                      0.125402    0.021485   26.410320 ^ _604_/CLK (sky130_fd_sc_hd__dfrtp_1)
                                 -0.250000   26.160320   clock uncertainty
                                  0.000000   26.160320   clock reconvergence pessimism
                                 -0.099840   26.060480   library setup time
                                             26.060480   data required time
---------------------------------------------------------------------------------------------
                                             26.060480   data required time
                                            -10.788609   data arrival time
---------------------------------------------------------------------------------------------
                                             15.271873   slack (MET)


Startpoint: tl_i[64] (input port clocked by clk_i)
Endpoint: _595_ (rising edge-triggered flip-flop clocked by clk_i)
Path Group: clk_i
Path Type: max

Fanout         Cap        Slew       Delay        Time   Description
---------------------------------------------------------------------------------------------
                                  0.000000    0.000000   clock clk_i (rise edge)
                                  0.000000    0.000000   clock network delay (propagated)
                                  5.000000    5.000000 v input external delay
     2    0.004796    0.013190    0.007796    5.007797 v tl_i[64] (in)
                                                         tl_i[64] (net)
                      0.013191    0.000000    5.007797 v input14/A (sky130_fd_sc_hd__clkbuf_4)
     3    0.043384    0.096146    0.181388    5.189184 v input14/X (sky130_fd_sc_hd__clkbuf_4)
                                                         net14 (net)
                      0.096239    0.002686    5.191871 v _423_/A (sky130_fd_sc_hd__xor2_4)
     3    0.072712    0.196825    0.267966    5.459836 v _423_/X (sky130_fd_sc_hd__xor2_4)
                                                         _176_ (net)
                      0.199916    0.019501    5.479337 v wire85/A (sky130_fd_sc_hd__buf_8)
     3    0.119114    0.086248    0.229524    5.708861 v wire85/X (sky130_fd_sc_hd__buf_8)
                                                         net85 (net)
                      0.132242    0.049565    5.758427 v _426_/B (sky130_fd_sc_hd__or4_4)
     3    0.074088    0.186197    0.680209    6.438636 v _426_/X (sky130_fd_sc_hd__or4_4)
                                                         _179_ (net)
                      0.193306    0.028060    6.466696 v _429_/C (sky130_fd_sc_hd__or4_1)
     1    0.002478    0.079530    0.503571    6.970267 v _429_/X (sky130_fd_sc_hd__or4_1)
                                                         _182_ (net)
                      0.079530    0.000179    6.970446 v _430_/A2 (sky130_fd_sc_hd__a21o_1)
     3    0.012433    0.072373    0.226998    7.197444 v _430_/X (sky130_fd_sc_hd__a21o_1)
                                                         _183_ (net)
                      0.072395    0.001202    7.198646 v _524_/A1 (sky130_fd_sc_hd__o31ai_1)
     1    0.011942    0.438237    0.435311    7.633957 ^ _524_/Y (sky130_fd_sc_hd__o31ai_1)
                                                         _250_ (net)
                      0.438240    0.001073    7.635030 ^ wire66/A (sky130_fd_sc_hd__clkbuf_4)
     3    0.056053    0.175247    0.337618    7.972648 ^ wire66/X (sky130_fd_sc_hd__clkbuf_4)
                                                         net66 (net)
                      0.178544    0.018985    7.991632 ^ fanout65/A (sky130_fd_sc_hd__clkbuf_2)
     7    0.030453    0.169676    0.235144    8.226777 ^ fanout65/X (sky130_fd_sc_hd__clkbuf_2)
                                                         net65 (net)
                      0.169676    0.000829    8.227606 ^ fanout64/A (sky130_fd_sc_hd__buf_2)
    13    0.050957    0.249437    0.290098    8.517703 ^ fanout64/X (sky130_fd_sc_hd__buf_2)
                                                         net64 (net)
                      0.249489    0.003035    8.520739 ^ fanout63/A (sky130_fd_sc_hd__clkbuf_2)
     5    0.033814    0.187104    0.266066    8.786804 ^ fanout63/X (sky130_fd_sc_hd__clkbuf_2)
                                                         net63 (net)
                      0.187110    0.001378    8.788182 ^ _540_/S (sky130_fd_sc_hd__mux2_1)
     1    0.002375    0.052851    0.335018    9.123200 v _540_/X (sky130_fd_sc_hd__mux2_1)
                                                         _026_ (net)
                      0.052851    0.000148    9.123348 v hold269/A (sky130_fd_sc_hd__dlygate4sd3_1)
     1    0.002965    0.053953    0.552689    9.676038 v hold269/X (sky130_fd_sc_hd__dlygate4sd3_1)
                                                         net440 (net)
                      0.053953    0.000188    9.676227 v hold74/A (sky130_fd_sc_hd__dlygate4sd3_1)
     1    0.002438    0.050788    0.548384   10.224610 v hold74/X (sky130_fd_sc_hd__dlygate4sd3_1)
                                                         net245 (net)
                      0.050788    0.000181   10.224792 v hold270/A (sky130_fd_sc_hd__dlygate4sd3_1)
     1    0.003149    0.055182    0.553555   10.778347 v hold270/X (sky130_fd_sc_hd__dlygate4sd3_1)
                                                         net441 (net)
                      0.055182    0.000204   10.778552 v _595_/D (sky130_fd_sc_hd__dfrtp_1)
                                             10.778552   data arrival time

                                 25.000000   25.000000   clock clk_i (rise edge)
                                  0.000000   25.000000   clock source latency
     2    0.083141    0.377847    0.279778   25.279778 ^ clk_i (in)
                                                         clk_i (net)
                      0.382483    0.000000   25.279778 ^ clkbuf_0_clk_i/A (sky130_fd_sc_hd__clkbuf_16)
     2    0.018889    0.047857    0.218240   25.498016 ^ clkbuf_0_clk_i/X (sky130_fd_sc_hd__clkbuf_16)
                                                         clknet_0_clk_i (net)
                      0.047857    0.000961   25.498978 ^ clkbuf_1_0__f_clk_i/A (sky130_fd_sc_hd__clkbuf_16)
     3    0.008434    0.031988    0.115357   25.614334 ^ clkbuf_1_0__f_clk_i/X (sky130_fd_sc_hd__clkbuf_16)
                                                         clknet_1_0__leaf_clk_i (net)
                      0.031989    0.000407   25.614740 ^ _498_/A (sky130_fd_sc_hd__and2_2)
     3    0.056167    0.287732    0.302977   25.917719 ^ _498_/X (sky130_fd_sc_hd__and2_2)
                                                         u_ibex.clk (net)
                      0.289172    0.016499   25.934217 ^ clkbuf_0_u_ibex.clk/A (sky130_fd_sc_hd__clkbuf_16)
     9    0.085943    0.105335    0.249992   26.184210 ^ clkbuf_0_u_ibex.clk/X (sky130_fd_sc_hd__clkbuf_16)
                                                         clknet_0_u_ibex.clk (net)
                      0.106302    0.008047   26.192257 ^ clkbuf_2_1__f_u_ibex.clk/A (sky130_fd_sc_hd__clkbuf_16)
    33    0.100302    0.118991    0.196579   26.388836 ^ clkbuf_2_1__f_u_ibex.clk/X (sky130_fd_sc_hd__clkbuf_16)
                                                         clknet_2_1__leaf_u_ibex.clk (net)
                      0.121304    0.013232   26.402067 ^ _595_/CLK (sky130_fd_sc_hd__dfrtp_1)
                                 -0.250000   26.152067   clock uncertainty
                                  0.000000   26.152067   clock reconvergence pessimism
                                 -0.101236   26.050831   library setup time
                                             26.050831   data required time
---------------------------------------------------------------------------------------------
                                             26.050831   data required time
                                            -10.778552   data arrival time
---------------------------------------------------------------------------------------------
                                             15.272280   slack (MET)


Startpoint: tl_i[64] (input port clocked by clk_i)
Endpoint: _583_ (rising edge-triggered flip-flop clocked by clk_i)
Path Group: clk_i
Path Type: max

Fanout         Cap        Slew       Delay        Time   Description
---------------------------------------------------------------------------------------------
                                  0.000000    0.000000   clock clk_i (rise edge)
                                  0.000000    0.000000   clock network delay (propagated)
                                  5.000000    5.000000 v input external delay
     2    0.004796    0.013190    0.007796    5.007797 v tl_i[64] (in)
                                                         tl_i[64] (net)
                      0.013191    0.000000    5.007797 v input14/A (sky130_fd_sc_hd__clkbuf_4)
     3    0.043384    0.096146    0.181388    5.189184 v input14/X (sky130_fd_sc_hd__clkbuf_4)
                                                         net14 (net)
                      0.096239    0.002686    5.191871 v _423_/A (sky130_fd_sc_hd__xor2_4)
     3    0.072712    0.196825    0.267966    5.459836 v _423_/X (sky130_fd_sc_hd__xor2_4)
                                                         _176_ (net)
                      0.199916    0.019501    5.479337 v wire85/A (sky130_fd_sc_hd__buf_8)
     3    0.119114    0.086248    0.229524    5.708861 v wire85/X (sky130_fd_sc_hd__buf_8)
                                                         net85 (net)
                      0.132242    0.049565    5.758427 v _426_/B (sky130_fd_sc_hd__or4_4)
     3    0.074088    0.186197    0.680209    6.438636 v _426_/X (sky130_fd_sc_hd__or4_4)
                                                         _179_ (net)
                      0.193306    0.028060    6.466696 v _429_/C (sky130_fd_sc_hd__or4_1)
     1    0.002478    0.079530    0.503571    6.970267 v _429_/X (sky130_fd_sc_hd__or4_1)
                                                         _182_ (net)
                      0.079530    0.000179    6.970446 v _430_/A2 (sky130_fd_sc_hd__a21o_1)
     3    0.012433    0.072373    0.226998    7.197444 v _430_/X (sky130_fd_sc_hd__a21o_1)
                                                         _183_ (net)
                      0.072395    0.001202    7.198646 v _524_/A1 (sky130_fd_sc_hd__o31ai_1)
     1    0.011942    0.438237    0.435311    7.633957 ^ _524_/Y (sky130_fd_sc_hd__o31ai_1)
                                                         _250_ (net)
                      0.438240    0.001073    7.635030 ^ wire66/A (sky130_fd_sc_hd__clkbuf_4)
     3    0.056053    0.175247    0.337618    7.972648 ^ wire66/X (sky130_fd_sc_hd__clkbuf_4)
                                                         net66 (net)
                      0.178544    0.018985    7.991632 ^ fanout65/A (sky130_fd_sc_hd__clkbuf_2)
     7    0.030453    0.169676    0.235144    8.226777 ^ fanout65/X (sky130_fd_sc_hd__clkbuf_2)
                                                         net65 (net)
                      0.169771    0.002093    8.228870 ^ fanout61/A (sky130_fd_sc_hd__dlymetal6s2s_1)
     4    0.025253    0.263897    0.278412    8.507282 ^ fanout61/X (sky130_fd_sc_hd__dlymetal6s2s_1)
                                                         net61 (net)
                      0.263900    0.000726    8.508008 ^ fanout59/A (sky130_fd_sc_hd__buf_2)
     6    0.036242    0.179400    0.269151    8.777159 ^ fanout59/X (sky130_fd_sc_hd__buf_2)
                                                         net59 (net)
                      0.179573    0.003634    8.780793 ^ _528_/S (sky130_fd_sc_hd__mux2_1)
     1    0.003075    0.056915    0.340513    9.121305 v _528_/X (sky130_fd_sc_hd__mux2_1)
                                                         _014_ (net)
                      0.056915    0.000189    9.121495 v hold277/A (sky130_fd_sc_hd__dlygate4sd3_1)
     1    0.003271    0.056011    0.557305    9.678801 v hold277/X (sky130_fd_sc_hd__dlygate4sd3_1)
                                                         net448 (net)
                      0.056011    0.000197    9.678997 v hold78/A (sky130_fd_sc_hd__dlygate4sd3_1)
     1    0.003303    0.056234    0.557181   10.236178 v hold78/X (sky130_fd_sc_hd__dlygate4sd3_1)
                                                         net249 (net)
                      0.056234    0.000200   10.236379 v hold278/A (sky130_fd_sc_hd__dlygate4sd3_1)
     1    0.003124    0.054994    0.555644   10.792023 v hold278/X (sky130_fd_sc_hd__dlygate4sd3_1)
                                                         net449 (net)
                      0.054994    0.000223   10.792246 v _583_/D (sky130_fd_sc_hd__dfrtp_1)
                                             10.792246   data arrival time

                                 25.000000   25.000000   clock clk_i (rise edge)
                                  0.000000   25.000000   clock source latency
     2    0.083141    0.377847    0.279778   25.279778 ^ clk_i (in)
                                                         clk_i (net)
                      0.382483    0.000000   25.279778 ^ clkbuf_0_clk_i/A (sky130_fd_sc_hd__clkbuf_16)
     2    0.018889    0.047857    0.218240   25.498016 ^ clkbuf_0_clk_i/X (sky130_fd_sc_hd__clkbuf_16)
                                                         clknet_0_clk_i (net)
                      0.047857    0.000961   25.498978 ^ clkbuf_1_0__f_clk_i/A (sky130_fd_sc_hd__clkbuf_16)
     3    0.008434    0.031988    0.115357   25.614334 ^ clkbuf_1_0__f_clk_i/X (sky130_fd_sc_hd__clkbuf_16)
                                                         clknet_1_0__leaf_clk_i (net)
                      0.031989    0.000407   25.614740 ^ _498_/A (sky130_fd_sc_hd__and2_2)
     3    0.056167    0.287732    0.302977   25.917719 ^ _498_/X (sky130_fd_sc_hd__and2_2)
                                                         u_ibex.clk (net)
                      0.289172    0.016499   25.934217 ^ clkbuf_0_u_ibex.clk/A (sky130_fd_sc_hd__clkbuf_16)
     9    0.085943    0.105335    0.249992   26.184210 ^ clkbuf_0_u_ibex.clk/X (sky130_fd_sc_hd__clkbuf_16)
                                                         clknet_0_u_ibex.clk (net)
                      0.106302    0.008047   26.192257 ^ clkbuf_2_0__f_u_ibex.clk/A (sky130_fd_sc_hd__clkbuf_16)
    31    0.100365    0.118725    0.192326   26.384583 ^ clkbuf_2_0__f_u_ibex.clk/X (sky130_fd_sc_hd__clkbuf_16)
                                                         clknet_2_0__leaf_u_ibex.clk (net)
                      0.134285    0.032744   26.417326 ^ _583_/CLK (sky130_fd_sc_hd__dfrtp_1)
                                 -0.250000   26.167326   clock uncertainty
                                  0.000000   26.167326   clock reconvergence pessimism
                                 -0.098181   26.069145   library setup time
                                             26.069145   data required time
---------------------------------------------------------------------------------------------
                                             26.069145   data required time
                                            -10.792246   data arrival time
---------------------------------------------------------------------------------------------
                                             15.276900   slack (MET)


Startpoint: tl_i[64] (input port clocked by clk_i)
Endpoint: _586_ (rising edge-triggered flip-flop clocked by clk_i)
Path Group: clk_i
Path Type: max

Fanout         Cap        Slew       Delay        Time   Description
---------------------------------------------------------------------------------------------
                                  0.000000    0.000000   clock clk_i (rise edge)
                                  0.000000    0.000000   clock network delay (propagated)
                                  5.000000    5.000000 v input external delay
     2    0.004796    0.013190    0.007796    5.007797 v tl_i[64] (in)
                                                         tl_i[64] (net)
                      0.013191    0.000000    5.007797 v input14/A (sky130_fd_sc_hd__clkbuf_4)
     3    0.043384    0.096146    0.181388    5.189184 v input14/X (sky130_fd_sc_hd__clkbuf_4)
                                                         net14 (net)
                      0.096239    0.002686    5.191871 v _423_/A (sky130_fd_sc_hd__xor2_4)
     3    0.072712    0.196825    0.267966    5.459836 v _423_/X (sky130_fd_sc_hd__xor2_4)
                                                         _176_ (net)
                      0.199916    0.019501    5.479337 v wire85/A (sky130_fd_sc_hd__buf_8)
     3    0.119114    0.086248    0.229524    5.708861 v wire85/X (sky130_fd_sc_hd__buf_8)
                                                         net85 (net)
                      0.132242    0.049565    5.758427 v _426_/B (sky130_fd_sc_hd__or4_4)
     3    0.074088    0.186197    0.680209    6.438636 v _426_/X (sky130_fd_sc_hd__or4_4)
                                                         _179_ (net)
                      0.193306    0.028060    6.466696 v _429_/C (sky130_fd_sc_hd__or4_1)
     1    0.002478    0.079530    0.503571    6.970267 v _429_/X (sky130_fd_sc_hd__or4_1)
                                                         _182_ (net)
                      0.079530    0.000179    6.970446 v _430_/A2 (sky130_fd_sc_hd__a21o_1)
     3    0.012433    0.072373    0.226998    7.197444 v _430_/X (sky130_fd_sc_hd__a21o_1)
                                                         _183_ (net)
                      0.072395    0.001202    7.198646 v _524_/A1 (sky130_fd_sc_hd__o31ai_1)
     1    0.011942    0.438237    0.435311    7.633957 ^ _524_/Y (sky130_fd_sc_hd__o31ai_1)
                                                         _250_ (net)
                      0.438240    0.001073    7.635030 ^ wire66/A (sky130_fd_sc_hd__clkbuf_4)
     3    0.056053    0.175247    0.337618    7.972648 ^ wire66/X (sky130_fd_sc_hd__clkbuf_4)
                                                         net66 (net)
                      0.178544    0.018985    7.991632 ^ fanout65/A (sky130_fd_sc_hd__clkbuf_2)
     7    0.030453    0.169676    0.235144    8.226777 ^ fanout65/X (sky130_fd_sc_hd__clkbuf_2)
                                                         net65 (net)
                      0.169676    0.000829    8.227606 ^ fanout64/A (sky130_fd_sc_hd__buf_2)
    13    0.050957    0.249437    0.290098    8.517703 ^ fanout64/X (sky130_fd_sc_hd__buf_2)
                                                         net64 (net)
                      0.249489    0.003035    8.520739 ^ fanout63/A (sky130_fd_sc_hd__clkbuf_2)
     5    0.033814    0.187104    0.266066    8.786804 ^ fanout63/X (sky130_fd_sc_hd__clkbuf_2)
                                                         net63 (net)
                      0.187222    0.002601    8.789405 ^ _531_/S (sky130_fd_sc_hd__mux2_1)
     1    0.002683    0.054495    0.337935    9.127340 v _531_/X (sky130_fd_sc_hd__mux2_1)
                                                         _017_ (net)
                      0.054495    0.000167    9.127507 v hold211/A (sky130_fd_sc_hd__dlygate4sd3_1)
     1    0.004136    0.059367    0.562108    9.689614 v hold211/X (sky130_fd_sc_hd__dlygate4sd3_1)
                                                         net382 (net)
                      0.059367    0.000301    9.689916 v hold42/A (sky130_fd_sc_hd__dlygate4sd3_1)
     1    0.002515    0.051236    0.551553   10.241468 v hold42/X (sky130_fd_sc_hd__dlygate4sd3_1)
                                                         net213 (net)
                      0.051236    0.000174   10.241643 v hold212/A (sky130_fd_sc_hd__dlygate4sd3_1)
     1    0.002443    0.050842    0.547338   10.788980 v hold212/X (sky130_fd_sc_hd__dlygate4sd3_1)
                                                         net383 (net)
                      0.050842    0.000111   10.789092 v _586_/D (sky130_fd_sc_hd__dfrtp_1)
                                             10.789092   data arrival time

                                 25.000000   25.000000   clock clk_i (rise edge)
                                  0.000000   25.000000   clock source latency
     2    0.083141    0.377847    0.279778   25.279778 ^ clk_i (in)
                                                         clk_i (net)
                      0.382483    0.000000   25.279778 ^ clkbuf_0_clk_i/A (sky130_fd_sc_hd__clkbuf_16)
     2    0.018889    0.047857    0.218240   25.498016 ^ clkbuf_0_clk_i/X (sky130_fd_sc_hd__clkbuf_16)
                                                         clknet_0_clk_i (net)
                      0.047857    0.000961   25.498978 ^ clkbuf_1_0__f_clk_i/A (sky130_fd_sc_hd__clkbuf_16)
     3    0.008434    0.031988    0.115357   25.614334 ^ clkbuf_1_0__f_clk_i/X (sky130_fd_sc_hd__clkbuf_16)
                                                         clknet_1_0__leaf_clk_i (net)
                      0.031989    0.000407   25.614740 ^ _498_/A (sky130_fd_sc_hd__and2_2)
     3    0.056167    0.287732    0.302977   25.917719 ^ _498_/X (sky130_fd_sc_hd__and2_2)
                                                         u_ibex.clk (net)
                      0.289172    0.016499   25.934217 ^ clkbuf_0_u_ibex.clk/A (sky130_fd_sc_hd__clkbuf_16)
     9    0.085943    0.105335    0.249992   26.184210 ^ clkbuf_0_u_ibex.clk/X (sky130_fd_sc_hd__clkbuf_16)
                                                         clknet_0_u_ibex.clk (net)
                      0.106302    0.008047   26.192257 ^ clkbuf_2_0__f_u_ibex.clk/A (sky130_fd_sc_hd__clkbuf_16)
    31    0.100365    0.118725    0.192326   26.384583 ^ clkbuf_2_0__f_u_ibex.clk/X (sky130_fd_sc_hd__clkbuf_16)
                                                         clknet_2_0__leaf_u_ibex.clk (net)
                      0.131640    0.029770   26.414352 ^ _586_/CLK (sky130_fd_sc_hd__dfrtp_1)
                                 -0.250000   26.164352   clock uncertainty
                                  0.000000   26.164352   clock reconvergence pessimism
                                 -0.096985   26.067369   library setup time
                                             26.067369   data required time
---------------------------------------------------------------------------------------------
                                             26.067369   data required time
                                            -10.789092   data arrival time
---------------------------------------------------------------------------------------------
                                             15.278278   slack (MET)


Startpoint: tl_i[64] (input port clocked by clk_i)
Endpoint: _608_ (rising edge-triggered flip-flop clocked by clk_i)
Path Group: clk_i
Path Type: max

Fanout         Cap        Slew       Delay        Time   Description
---------------------------------------------------------------------------------------------
                                  0.000000    0.000000   clock clk_i (rise edge)
                                  0.000000    0.000000   clock network delay (propagated)
                                  5.000000    5.000000 v input external delay
     2    0.004796    0.013190    0.007796    5.007797 v tl_i[64] (in)
                                                         tl_i[64] (net)
                      0.013191    0.000000    5.007797 v input14/A (sky130_fd_sc_hd__clkbuf_4)
     3    0.043384    0.096146    0.181388    5.189184 v input14/X (sky130_fd_sc_hd__clkbuf_4)
                                                         net14 (net)
                      0.096239    0.002686    5.191871 v _423_/A (sky130_fd_sc_hd__xor2_4)
     3    0.072712    0.196825    0.267966    5.459836 v _423_/X (sky130_fd_sc_hd__xor2_4)
                                                         _176_ (net)
                      0.199916    0.019501    5.479337 v wire85/A (sky130_fd_sc_hd__buf_8)
     3    0.119114    0.086248    0.229524    5.708861 v wire85/X (sky130_fd_sc_hd__buf_8)
                                                         net85 (net)
                      0.132242    0.049565    5.758427 v _426_/B (sky130_fd_sc_hd__or4_4)
     3    0.074088    0.186197    0.680209    6.438636 v _426_/X (sky130_fd_sc_hd__or4_4)
                                                         _179_ (net)
                      0.193306    0.028060    6.466696 v _429_/C (sky130_fd_sc_hd__or4_1)
     1    0.002478    0.079530    0.503571    6.970267 v _429_/X (sky130_fd_sc_hd__or4_1)
                                                         _182_ (net)
                      0.079530    0.000179    6.970446 v _430_/A2 (sky130_fd_sc_hd__a21o_1)
     3    0.012433    0.072373    0.226998    7.197444 v _430_/X (sky130_fd_sc_hd__a21o_1)
                                                         _183_ (net)
                      0.072395    0.001202    7.198646 v _524_/A1 (sky130_fd_sc_hd__o31ai_1)
     1    0.011942    0.438237    0.435311    7.633957 ^ _524_/Y (sky130_fd_sc_hd__o31ai_1)
                                                         _250_ (net)
                      0.438240    0.001073    7.635030 ^ wire66/A (sky130_fd_sc_hd__clkbuf_4)
     3    0.056053    0.175247    0.337618    7.972648 ^ wire66/X (sky130_fd_sc_hd__clkbuf_4)
                                                         net66 (net)
                      0.178544    0.018985    7.991632 ^ fanout65/A (sky130_fd_sc_hd__clkbuf_2)
     7    0.030453    0.169676    0.235144    8.226777 ^ fanout65/X (sky130_fd_sc_hd__clkbuf_2)
                                                         net65 (net)
                      0.169771    0.002093    8.228870 ^ fanout61/A (sky130_fd_sc_hd__dlymetal6s2s_1)
     4    0.025253    0.263897    0.278412    8.507282 ^ fanout61/X (sky130_fd_sc_hd__dlymetal6s2s_1)
                                                         net61 (net)
                      0.263935    0.002576    8.509858 ^ fanout60/A (sky130_fd_sc_hd__buf_2)
     6    0.040784    0.200582    0.284842    8.794701 ^ fanout60/X (sky130_fd_sc_hd__buf_2)
                                                         net60 (net)
                      0.200728    0.003222    8.797923 ^ _553_/S (sky130_fd_sc_hd__mux2_1)
     1    0.001783    0.049969    0.331409    9.129332 v _553_/X (sky130_fd_sc_hd__mux2_1)
                                                         _039_ (net)
                      0.049969    0.000127    9.129458 v hold179/A (sky130_fd_sc_hd__dlygate4sd3_1)
     1    0.003104    0.054886    0.552845    9.682303 v hold179/X (sky130_fd_sc_hd__dlygate4sd3_1)
                                                         net350 (net)
                      0.054886    0.000173    9.682476 v hold28/A (sky130_fd_sc_hd__dlygate4sd3_1)
     1    0.002440    0.050803    0.548835   10.231311 v hold28/X (sky130_fd_sc_hd__dlygate4sd3_1)
                                                         net199 (net)
                      0.050803    0.000170   10.231481 v hold180/A (sky130_fd_sc_hd__dlygate4sd3_1)
     1    0.002691    0.052274    0.549406   10.780887 v hold180/X (sky130_fd_sc_hd__dlygate4sd3_1)
                                                         net351 (net)
                      0.052274    0.000178   10.781064 v _608_/D (sky130_fd_sc_hd__dfrtp_1)
                                             10.781064   data arrival time

                                 25.000000   25.000000   clock clk_i (rise edge)
                                  0.000000   25.000000   clock source latency
     2    0.083141    0.377847    0.279778   25.279778 ^ clk_i (in)
                                                         clk_i (net)
                      0.382483    0.000000   25.279778 ^ clkbuf_0_clk_i/A (sky130_fd_sc_hd__clkbuf_16)
     2    0.018889    0.047857    0.218240   25.498016 ^ clkbuf_0_clk_i/X (sky130_fd_sc_hd__clkbuf_16)
                                                         clknet_0_clk_i (net)
                      0.047857    0.000961   25.498978 ^ clkbuf_1_0__f_clk_i/A (sky130_fd_sc_hd__clkbuf_16)
     3    0.008434    0.031988    0.115357   25.614334 ^ clkbuf_1_0__f_clk_i/X (sky130_fd_sc_hd__clkbuf_16)
                                                         clknet_1_0__leaf_clk_i (net)
                      0.031989    0.000407   25.614740 ^ _498_/A (sky130_fd_sc_hd__and2_2)
     3    0.056167    0.287732    0.302977   25.917719 ^ _498_/X (sky130_fd_sc_hd__and2_2)
                                                         u_ibex.clk (net)
                      0.289172    0.016499   25.934217 ^ clkbuf_0_u_ibex.clk/A (sky130_fd_sc_hd__clkbuf_16)
     9    0.085943    0.105335    0.249992   26.184210 ^ clkbuf_0_u_ibex.clk/X (sky130_fd_sc_hd__clkbuf_16)
                                                         clknet_0_u_ibex.clk (net)
                      0.106302    0.008047   26.192257 ^ clkbuf_2_1__f_u_ibex.clk/A (sky130_fd_sc_hd__clkbuf_16)
    33    0.100302    0.118991    0.196579   26.388836 ^ clkbuf_2_1__f_u_ibex.clk/X (sky130_fd_sc_hd__clkbuf_16)
                                                         clknet_2_1__leaf_u_ibex.clk (net)
                      0.125081    0.020950   26.409786 ^ _608_/CLK (sky130_fd_sc_hd__dfrtp_1)
                                 -0.250000   26.159786   clock uncertainty
                                  0.000000   26.159786   clock reconvergence pessimism
                                 -0.099108   26.060678   library setup time
                                             26.060678   data required time
---------------------------------------------------------------------------------------------
                                             26.060678   data required time
                                            -10.781064   data arrival time
---------------------------------------------------------------------------------------------
                                             15.279614   slack (MET)


Startpoint: tl_i[64] (input port clocked by clk_i)
Endpoint: _606_ (rising edge-triggered flip-flop clocked by clk_i)
Path Group: clk_i
Path Type: max

Fanout         Cap        Slew       Delay        Time   Description
---------------------------------------------------------------------------------------------
                                  0.000000    0.000000   clock clk_i (rise edge)
                                  0.000000    0.000000   clock network delay (propagated)
                                  5.000000    5.000000 v input external delay
     2    0.004796    0.013190    0.007796    5.007797 v tl_i[64] (in)
                                                         tl_i[64] (net)
                      0.013191    0.000000    5.007797 v input14/A (sky130_fd_sc_hd__clkbuf_4)
     3    0.043384    0.096146    0.181388    5.189184 v input14/X (sky130_fd_sc_hd__clkbuf_4)
                                                         net14 (net)
                      0.096239    0.002686    5.191871 v _423_/A (sky130_fd_sc_hd__xor2_4)
     3    0.072712    0.196825    0.267966    5.459836 v _423_/X (sky130_fd_sc_hd__xor2_4)
                                                         _176_ (net)
                      0.199916    0.019501    5.479337 v wire85/A (sky130_fd_sc_hd__buf_8)
     3    0.119114    0.086248    0.229524    5.708861 v wire85/X (sky130_fd_sc_hd__buf_8)
                                                         net85 (net)
                      0.132242    0.049565    5.758427 v _426_/B (sky130_fd_sc_hd__or4_4)
     3    0.074088    0.186197    0.680209    6.438636 v _426_/X (sky130_fd_sc_hd__or4_4)
                                                         _179_ (net)
                      0.193306    0.028060    6.466696 v _429_/C (sky130_fd_sc_hd__or4_1)
     1    0.002478    0.079530    0.503571    6.970267 v _429_/X (sky130_fd_sc_hd__or4_1)
                                                         _182_ (net)
                      0.079530    0.000179    6.970446 v _430_/A2 (sky130_fd_sc_hd__a21o_1)
     3    0.012433    0.072373    0.226998    7.197444 v _430_/X (sky130_fd_sc_hd__a21o_1)
                                                         _183_ (net)
                      0.072395    0.001202    7.198646 v _524_/A1 (sky130_fd_sc_hd__o31ai_1)
     1    0.011942    0.438237    0.435311    7.633957 ^ _524_/Y (sky130_fd_sc_hd__o31ai_1)
                                                         _250_ (net)
                      0.438240    0.001073    7.635030 ^ wire66/A (sky130_fd_sc_hd__clkbuf_4)
     3    0.056053    0.175247    0.337618    7.972648 ^ wire66/X (sky130_fd_sc_hd__clkbuf_4)
                                                         net66 (net)
                      0.178544    0.018985    7.991632 ^ fanout65/A (sky130_fd_sc_hd__clkbuf_2)
     7    0.030453    0.169676    0.235144    8.226777 ^ fanout65/X (sky130_fd_sc_hd__clkbuf_2)
                                                         net65 (net)
                      0.169771    0.002093    8.228870 ^ fanout61/A (sky130_fd_sc_hd__dlymetal6s2s_1)
     4    0.025253    0.263897    0.278412    8.507282 ^ fanout61/X (sky130_fd_sc_hd__dlymetal6s2s_1)
                                                         net61 (net)
                      0.263935    0.002576    8.509858 ^ fanout60/A (sky130_fd_sc_hd__buf_2)
     6    0.040784    0.200582    0.284842    8.794701 ^ fanout60/X (sky130_fd_sc_hd__buf_2)
                                                         net60 (net)
                      0.200765    0.003928    8.798629 ^ _551_/S (sky130_fd_sc_hd__mux2_1)
     1    0.001772    0.049913    0.331304    9.129932 v _551_/X (sky130_fd_sc_hd__mux2_1)
                                                         _037_ (net)
                      0.049913    0.000127    9.130059 v hold195/A (sky130_fd_sc_hd__dlygate4sd3_1)
     1    0.002896    0.053539    0.550934    9.680994 v hold195/X (sky130_fd_sc_hd__dlygate4sd3_1)
                                                         net366 (net)
                      0.053539    0.000171    9.681166 v hold30/A (sky130_fd_sc_hd__dlygate4sd3_1)
     1    0.002384    0.050487    0.547711   10.228877 v hold30/X (sky130_fd_sc_hd__dlygate4sd3_1)
                                                         net201 (net)
                      0.050487    0.000168   10.229045 v hold196/A (sky130_fd_sc_hd__dlygate4sd3_1)
     1    0.002656    0.052066    0.548952   10.777997 v hold196/X (sky130_fd_sc_hd__dlygate4sd3_1)
                                                         net367 (net)
                      0.052066    0.000194   10.778191 v _606_/D (sky130_fd_sc_hd__dfrtp_1)
                                             10.778191   data arrival time

                                 25.000000   25.000000   clock clk_i (rise edge)
                                  0.000000   25.000000   clock source latency
     2    0.083141    0.377847    0.279778   25.279778 ^ clk_i (in)
                                                         clk_i (net)
                      0.382483    0.000000   25.279778 ^ clkbuf_0_clk_i/A (sky130_fd_sc_hd__clkbuf_16)
     2    0.018889    0.047857    0.218240   25.498016 ^ clkbuf_0_clk_i/X (sky130_fd_sc_hd__clkbuf_16)
                                                         clknet_0_clk_i (net)
                      0.047857    0.000961   25.498978 ^ clkbuf_1_0__f_clk_i/A (sky130_fd_sc_hd__clkbuf_16)
     3    0.008434    0.031988    0.115357   25.614334 ^ clkbuf_1_0__f_clk_i/X (sky130_fd_sc_hd__clkbuf_16)
                                                         clknet_1_0__leaf_clk_i (net)
                      0.031989    0.000407   25.614740 ^ _498_/A (sky130_fd_sc_hd__and2_2)
     3    0.056167    0.287732    0.302977   25.917719 ^ _498_/X (sky130_fd_sc_hd__and2_2)
                                                         u_ibex.clk (net)
                      0.289172    0.016499   25.934217 ^ clkbuf_0_u_ibex.clk/A (sky130_fd_sc_hd__clkbuf_16)
     9    0.085943    0.105335    0.249992   26.184210 ^ clkbuf_0_u_ibex.clk/X (sky130_fd_sc_hd__clkbuf_16)
                                                         clknet_0_u_ibex.clk (net)
                      0.106302    0.008047   26.192257 ^ clkbuf_2_1__f_u_ibex.clk/A (sky130_fd_sc_hd__clkbuf_16)
    33    0.100302    0.118991    0.196579   26.388836 ^ clkbuf_2_1__f_u_ibex.clk/X (sky130_fd_sc_hd__clkbuf_16)
                                                         clknet_2_1__leaf_u_ibex.clk (net)
                      0.125534    0.021702   26.410536 ^ _606_/CLK (sky130_fd_sc_hd__dfrtp_1)
                                 -0.250000   26.160538   clock uncertainty
                                  0.000000   26.160538   clock reconvergence pessimism
                                 -0.098914   26.061623   library setup time
                                             26.061623   data required time
---------------------------------------------------------------------------------------------
                                             26.061623   data required time
                                            -10.778191   data arrival time
---------------------------------------------------------------------------------------------
                                             15.283434   slack (MET)


Startpoint: tl_i[64] (input port clocked by clk_i)
Endpoint: _589_ (rising edge-triggered flip-flop clocked by clk_i)
Path Group: clk_i
Path Type: max

Fanout         Cap        Slew       Delay        Time   Description
---------------------------------------------------------------------------------------------
                                  0.000000    0.000000   clock clk_i (rise edge)
                                  0.000000    0.000000   clock network delay (propagated)
                                  5.000000    5.000000 v input external delay
     2    0.004796    0.013190    0.007796    5.007797 v tl_i[64] (in)
                                                         tl_i[64] (net)
                      0.013191    0.000000    5.007797 v input14/A (sky130_fd_sc_hd__clkbuf_4)
     3    0.043384    0.096146    0.181388    5.189184 v input14/X (sky130_fd_sc_hd__clkbuf_4)
                                                         net14 (net)
                      0.096239    0.002686    5.191871 v _423_/A (sky130_fd_sc_hd__xor2_4)
     3    0.072712    0.196825    0.267966    5.459836 v _423_/X (sky130_fd_sc_hd__xor2_4)
                                                         _176_ (net)
                      0.199916    0.019501    5.479337 v wire85/A (sky130_fd_sc_hd__buf_8)
     3    0.119114    0.086248    0.229524    5.708861 v wire85/X (sky130_fd_sc_hd__buf_8)
                                                         net85 (net)
                      0.132242    0.049565    5.758427 v _426_/B (sky130_fd_sc_hd__or4_4)
     3    0.074088    0.186197    0.680209    6.438636 v _426_/X (sky130_fd_sc_hd__or4_4)
                                                         _179_ (net)
                      0.193306    0.028060    6.466696 v _429_/C (sky130_fd_sc_hd__or4_1)
     1    0.002478    0.079530    0.503571    6.970267 v _429_/X (sky130_fd_sc_hd__or4_1)
                                                         _182_ (net)
                      0.079530    0.000179    6.970446 v _430_/A2 (sky130_fd_sc_hd__a21o_1)
     3    0.012433    0.072373    0.226998    7.197444 v _430_/X (sky130_fd_sc_hd__a21o_1)
                                                         _183_ (net)
                      0.072395    0.001202    7.198646 v _524_/A1 (sky130_fd_sc_hd__o31ai_1)
     1    0.011942    0.438237    0.435311    7.633957 ^ _524_/Y (sky130_fd_sc_hd__o31ai_1)
                                                         _250_ (net)
                      0.438240    0.001073    7.635030 ^ wire66/A (sky130_fd_sc_hd__clkbuf_4)
     3    0.056053    0.175247    0.337618    7.972648 ^ wire66/X (sky130_fd_sc_hd__clkbuf_4)
                                                         net66 (net)
                      0.178544    0.018985    7.991632 ^ fanout65/A (sky130_fd_sc_hd__clkbuf_2)
     7    0.030453    0.169676    0.235144    8.226777 ^ fanout65/X (sky130_fd_sc_hd__clkbuf_2)
                                                         net65 (net)
                      0.169676    0.000829    8.227606 ^ fanout64/A (sky130_fd_sc_hd__buf_2)
    13    0.050957    0.249437    0.290098    8.517703 ^ fanout64/X (sky130_fd_sc_hd__buf_2)
                                                         net64 (net)
                      0.249489    0.003035    8.520739 ^ fanout63/A (sky130_fd_sc_hd__clkbuf_2)
     5    0.033814    0.187104    0.266066    8.786804 ^ fanout63/X (sky130_fd_sc_hd__clkbuf_2)
                                                         net63 (net)
                      0.187204    0.002129    8.788934 ^ _534_/S (sky130_fd_sc_hd__mux2_1)
     1    0.002567    0.053753    0.336827    9.125760 v _534_/X (sky130_fd_sc_hd__mux2_1)
                                                         _020_ (net)
                      0.053753    0.000187    9.125946 v hold187/A (sky130_fd_sc_hd__dlygate4sd3_1)
     1    0.003143    0.055122    0.554703    9.680650 v hold187/X (sky130_fd_sc_hd__dlygate4sd3_1)
                                                         net358 (net)
                      0.055122    0.000189    9.680839 v hold34/A (sky130_fd_sc_hd__dlygate4sd3_1)
     1    0.002078    0.049357    0.545667   10.226505 v hold34/X (sky130_fd_sc_hd__dlygate4sd3_1)
                                                         net205 (net)
                      0.049357    0.000139   10.226644 v hold188/A (sky130_fd_sc_hd__dlygate4sd3_1)
     1    0.002278    0.050108    0.545095   10.771738 v hold188/X (sky130_fd_sc_hd__dlygate4sd3_1)
                                                         net359 (net)
                      0.050108    0.000167   10.771906 v _589_/D (sky130_fd_sc_hd__dfrtp_1)
                                             10.771906   data arrival time

                                 25.000000   25.000000   clock clk_i (rise edge)
                                  0.000000   25.000000   clock source latency
     2    0.083141    0.377847    0.279778   25.279778 ^ clk_i (in)
                                                         clk_i (net)
                      0.382483    0.000000   25.279778 ^ clkbuf_0_clk_i/A (sky130_fd_sc_hd__clkbuf_16)
     2    0.018889    0.047857    0.218240   25.498016 ^ clkbuf_0_clk_i/X (sky130_fd_sc_hd__clkbuf_16)
                                                         clknet_0_clk_i (net)
                      0.047857    0.000961   25.498978 ^ clkbuf_1_0__f_clk_i/A (sky130_fd_sc_hd__clkbuf_16)
     3    0.008434    0.031988    0.115357   25.614334 ^ clkbuf_1_0__f_clk_i/X (sky130_fd_sc_hd__clkbuf_16)
                                                         clknet_1_0__leaf_clk_i (net)
                      0.031989    0.000407   25.614740 ^ _498_/A (sky130_fd_sc_hd__and2_2)
     3    0.056167    0.287732    0.302977   25.917719 ^ _498_/X (sky130_fd_sc_hd__and2_2)
                                                         u_ibex.clk (net)
                      0.289172    0.016499   25.934217 ^ clkbuf_0_u_ibex.clk/A (sky130_fd_sc_hd__clkbuf_16)
     9    0.085943    0.105335    0.249992   26.184210 ^ clkbuf_0_u_ibex.clk/X (sky130_fd_sc_hd__clkbuf_16)
                                                         clknet_0_u_ibex.clk (net)
                      0.106302    0.008047   26.192257 ^ clkbuf_2_0__f_u_ibex.clk/A (sky130_fd_sc_hd__clkbuf_16)
    31    0.100365    0.118725    0.192326   26.384583 ^ clkbuf_2_0__f_u_ibex.clk/X (sky130_fd_sc_hd__clkbuf_16)
                                                         clknet_2_0__leaf_u_ibex.clk (net)
                      0.128593    0.026015   26.410597 ^ _589_/CLK (sky130_fd_sc_hd__dfrtp_1)
                                 -0.250000   26.160599   clock uncertainty
                                  0.000000   26.160599   clock reconvergence pessimism
                                 -0.097364   26.063234   library setup time
                                             26.063234   data required time
---------------------------------------------------------------------------------------------
                                             26.063234   data required time
                                            -10.771906   data arrival time
---------------------------------------------------------------------------------------------
                                             15.291327   slack (MET)


Startpoint: tl_i[64] (input port clocked by clk_i)
Endpoint: _609_ (rising edge-triggered flip-flop clocked by clk_i)
Path Group: clk_i
Path Type: max

Fanout         Cap        Slew       Delay        Time   Description
---------------------------------------------------------------------------------------------
                                  0.000000    0.000000   clock clk_i (rise edge)
                                  0.000000    0.000000   clock network delay (propagated)
                                  5.000000    5.000000 v input external delay
     2    0.004796    0.013190    0.007796    5.007797 v tl_i[64] (in)
                                                         tl_i[64] (net)
                      0.013191    0.000000    5.007797 v input14/A (sky130_fd_sc_hd__clkbuf_4)
     3    0.043384    0.096146    0.181388    5.189184 v input14/X (sky130_fd_sc_hd__clkbuf_4)
                                                         net14 (net)
                      0.096239    0.002686    5.191871 v _423_/A (sky130_fd_sc_hd__xor2_4)
     3    0.072712    0.196825    0.267966    5.459836 v _423_/X (sky130_fd_sc_hd__xor2_4)
                                                         _176_ (net)
                      0.199916    0.019501    5.479337 v wire85/A (sky130_fd_sc_hd__buf_8)
     3    0.119114    0.086248    0.229524    5.708861 v wire85/X (sky130_fd_sc_hd__buf_8)
                                                         net85 (net)
                      0.132242    0.049565    5.758427 v _426_/B (sky130_fd_sc_hd__or4_4)
     3    0.074088    0.186197    0.680209    6.438636 v _426_/X (sky130_fd_sc_hd__or4_4)
                                                         _179_ (net)
                      0.193306    0.028060    6.466696 v _429_/C (sky130_fd_sc_hd__or4_1)
     1    0.002478    0.079530    0.503571    6.970267 v _429_/X (sky130_fd_sc_hd__or4_1)
                                                         _182_ (net)
                      0.079530    0.000179    6.970446 v _430_/A2 (sky130_fd_sc_hd__a21o_1)
     3    0.012433    0.072373    0.226998    7.197444 v _430_/X (sky130_fd_sc_hd__a21o_1)
                                                         _183_ (net)
                      0.072395    0.001202    7.198646 v _524_/A1 (sky130_fd_sc_hd__o31ai_1)
     1    0.011942    0.438237    0.435311    7.633957 ^ _524_/Y (sky130_fd_sc_hd__o31ai_1)
                                                         _250_ (net)
                      0.438240    0.001073    7.635030 ^ wire66/A (sky130_fd_sc_hd__clkbuf_4)
     3    0.056053    0.175247    0.337618    7.972648 ^ wire66/X (sky130_fd_sc_hd__clkbuf_4)
                                                         net66 (net)
                      0.178544    0.018985    7.991632 ^ fanout65/A (sky130_fd_sc_hd__clkbuf_2)
     7    0.030453    0.169676    0.235144    8.226777 ^ fanout65/X (sky130_fd_sc_hd__clkbuf_2)
                                                         net65 (net)
                      0.169771    0.002093    8.228870 ^ fanout61/A (sky130_fd_sc_hd__dlymetal6s2s_1)
     4    0.025253    0.263897    0.278412    8.507282 ^ fanout61/X (sky130_fd_sc_hd__dlymetal6s2s_1)
                                                         net61 (net)
                      0.263900    0.000726    8.508008 ^ fanout59/A (sky130_fd_sc_hd__buf_2)
     6    0.036242    0.179400    0.269151    8.777159 ^ fanout59/X (sky130_fd_sc_hd__buf_2)
                                                         net59 (net)
                      0.179661    0.004880    8.782039 ^ _554_/S (sky130_fd_sc_hd__mux2_1)
     1    0.001785    0.049986    0.328397    9.110435 v _554_/X (sky130_fd_sc_hd__mux2_1)
                                                         _040_ (net)
                      0.049986    0.000127    9.110562 v hold223/A (sky130_fd_sc_hd__dlygate4sd3_1)
     1    0.003520    0.057266    0.556290    9.666853 v hold223/X (sky130_fd_sc_hd__dlygate4sd3_1)
                                                         net394 (net)
                      0.057266    0.000202    9.667054 v hold57/A (sky130_fd_sc_hd__dlygate4sd3_1)
     1    0.002414    0.050658    0.549677   10.216731 v hold57/X (sky130_fd_sc_hd__dlygate4sd3_1)
                                                         net228 (net)
                      0.050658    0.000166   10.216897 v hold224/A (sky130_fd_sc_hd__dlygate4sd3_1)
     1    0.002647    0.052015    0.548956   10.765853 v hold224/X (sky130_fd_sc_hd__dlygate4sd3_1)
                                                         net395 (net)
                      0.052015    0.000173   10.766026 v _609_/D (sky130_fd_sc_hd__dfrtp_1)
                                             10.766026   data arrival time

                                 25.000000   25.000000   clock clk_i (rise edge)
                                  0.000000   25.000000   clock source latency
     2    0.083141    0.377847    0.279778   25.279778 ^ clk_i (in)
                                                         clk_i (net)
                      0.382483    0.000000   25.279778 ^ clkbuf_0_clk_i/A (sky130_fd_sc_hd__clkbuf_16)
     2    0.018889    0.047857    0.218240   25.498016 ^ clkbuf_0_clk_i/X (sky130_fd_sc_hd__clkbuf_16)
                                                         clknet_0_clk_i (net)
                      0.047857    0.000961   25.498978 ^ clkbuf_1_0__f_clk_i/A (sky130_fd_sc_hd__clkbuf_16)
     3    0.008434    0.031988    0.115357   25.614334 ^ clkbuf_1_0__f_clk_i/X (sky130_fd_sc_hd__clkbuf_16)
                                                         clknet_1_0__leaf_clk_i (net)
                      0.031989    0.000407   25.614740 ^ _498_/A (sky130_fd_sc_hd__and2_2)
     3    0.056167    0.287732    0.302977   25.917719 ^ _498_/X (sky130_fd_sc_hd__and2_2)
                                                         u_ibex.clk (net)
                      0.289172    0.016499   25.934217 ^ clkbuf_0_u_ibex.clk/A (sky130_fd_sc_hd__clkbuf_16)
     9    0.085943    0.105335    0.249992   26.184210 ^ clkbuf_0_u_ibex.clk/X (sky130_fd_sc_hd__clkbuf_16)
                                                         clknet_0_u_ibex.clk (net)
                      0.106302    0.008047   26.192257 ^ clkbuf_2_1__f_u_ibex.clk/A (sky130_fd_sc_hd__clkbuf_16)
    33    0.100302    0.118991    0.196579   26.388836 ^ clkbuf_2_1__f_u_ibex.clk/X (sky130_fd_sc_hd__clkbuf_16)
                                                         clknet_2_1__leaf_u_ibex.clk (net)
                      0.125168    0.021096   26.409931 ^ _609_/CLK (sky130_fd_sc_hd__dfrtp_1)
                                 -0.250000   26.159931   clock uncertainty
                                  0.000000   26.159931   clock reconvergence pessimism
                                 -0.098976   26.060957   library setup time
                                             26.060957   data required time
---------------------------------------------------------------------------------------------
                                             26.060957   data required time
                                            -10.766026   data arrival time
---------------------------------------------------------------------------------------------
                                             15.294930   slack (MET)


Startpoint: tl_i[64] (input port clocked by clk_i)
Endpoint: _584_ (rising edge-triggered flip-flop clocked by clk_i)
Path Group: clk_i
Path Type: max

Fanout         Cap        Slew       Delay        Time   Description
---------------------------------------------------------------------------------------------
                                  0.000000    0.000000   clock clk_i (rise edge)
                                  0.000000    0.000000   clock network delay (propagated)
                                  5.000000    5.000000 v input external delay
     2    0.004796    0.013190    0.007796    5.007797 v tl_i[64] (in)
                                                         tl_i[64] (net)
                      0.013191    0.000000    5.007797 v input14/A (sky130_fd_sc_hd__clkbuf_4)
     3    0.043384    0.096146    0.181388    5.189184 v input14/X (sky130_fd_sc_hd__clkbuf_4)
                                                         net14 (net)
                      0.096239    0.002686    5.191871 v _423_/A (sky130_fd_sc_hd__xor2_4)
     3    0.072712    0.196825    0.267966    5.459836 v _423_/X (sky130_fd_sc_hd__xor2_4)
                                                         _176_ (net)
                      0.199916    0.019501    5.479337 v wire85/A (sky130_fd_sc_hd__buf_8)
     3    0.119114    0.086248    0.229524    5.708861 v wire85/X (sky130_fd_sc_hd__buf_8)
                                                         net85 (net)
                      0.132242    0.049565    5.758427 v _426_/B (sky130_fd_sc_hd__or4_4)
     3    0.074088    0.186197    0.680209    6.438636 v _426_/X (sky130_fd_sc_hd__or4_4)
                                                         _179_ (net)
                      0.193306    0.028060    6.466696 v _429_/C (sky130_fd_sc_hd__or4_1)
     1    0.002478    0.079530    0.503571    6.970267 v _429_/X (sky130_fd_sc_hd__or4_1)
                                                         _182_ (net)
                      0.079530    0.000179    6.970446 v _430_/A2 (sky130_fd_sc_hd__a21o_1)
     3    0.012433    0.072373    0.226998    7.197444 v _430_/X (sky130_fd_sc_hd__a21o_1)
                                                         _183_ (net)
                      0.072395    0.001202    7.198646 v _524_/A1 (sky130_fd_sc_hd__o31ai_1)
     1    0.011942    0.438237    0.435311    7.633957 ^ _524_/Y (sky130_fd_sc_hd__o31ai_1)
                                                         _250_ (net)
                      0.438240    0.001073    7.635030 ^ wire66/A (sky130_fd_sc_hd__clkbuf_4)
     3    0.056053    0.175247    0.337618    7.972648 ^ wire66/X (sky130_fd_sc_hd__clkbuf_4)
                                                         net66 (net)
                      0.178544    0.018985    7.991632 ^ fanout65/A (sky130_fd_sc_hd__clkbuf_2)
     7    0.030453    0.169676    0.235144    8.226777 ^ fanout65/X (sky130_fd_sc_hd__clkbuf_2)
                                                         net65 (net)
                      0.169771    0.002093    8.228870 ^ fanout61/A (sky130_fd_sc_hd__dlymetal6s2s_1)
     4    0.025253    0.263897    0.278412    8.507282 ^ fanout61/X (sky130_fd_sc_hd__dlymetal6s2s_1)
                                                         net61 (net)
                      0.263900    0.000726    8.508008 ^ fanout59/A (sky130_fd_sc_hd__buf_2)
     6    0.036242    0.179400    0.269151    8.777159 ^ fanout59/X (sky130_fd_sc_hd__buf_2)
                                                         net59 (net)
                      0.179512    0.002404    8.779563 ^ _529_/S (sky130_fd_sc_hd__mux2_1)
     1    0.002224    0.052055    0.332523    9.112086 v _529_/X (sky130_fd_sc_hd__mux2_1)
                                                         _015_ (net)
                      0.052055    0.000091    9.112177 v hold257/A (sky130_fd_sc_hd__dlygate4sd3_1)
     1    0.002521    0.051265    0.548360    9.660538 v hold257/X (sky130_fd_sc_hd__dlygate4sd3_1)
                                                         net428 (net)
                      0.051265    0.000155    9.660692 v hold68/A (sky130_fd_sc_hd__dlygate4sd3_1)
     1    0.003348    0.056565    0.555549   10.216242 v hold68/X (sky130_fd_sc_hd__dlygate4sd3_1)
                                                         net239 (net)
                      0.056565    0.000210   10.216451 v hold258/A (sky130_fd_sc_hd__dlygate4sd3_1)
     1    0.002946    0.053831    0.554193   10.770644 v hold258/X (sky130_fd_sc_hd__dlygate4sd3_1)
                                                         net429 (net)
                      0.053831    0.000186   10.770830 v _584_/D (sky130_fd_sc_hd__dfrtp_1)
                                             10.770830   data arrival time

                                 25.000000   25.000000   clock clk_i (rise edge)
                                  0.000000   25.000000   clock source latency
     2    0.083141    0.377847    0.279778   25.279778 ^ clk_i (in)
                                                         clk_i (net)
                      0.382483    0.000000   25.279778 ^ clkbuf_0_clk_i/A (sky130_fd_sc_hd__clkbuf_16)
     2    0.018889    0.047857    0.218240   25.498016 ^ clkbuf_0_clk_i/X (sky130_fd_sc_hd__clkbuf_16)
                                                         clknet_0_clk_i (net)
                      0.047857    0.000961   25.498978 ^ clkbuf_1_0__f_clk_i/A (sky130_fd_sc_hd__clkbuf_16)
     3    0.008434    0.031988    0.115357   25.614334 ^ clkbuf_1_0__f_clk_i/X (sky130_fd_sc_hd__clkbuf_16)
                                                         clknet_1_0__leaf_clk_i (net)
                      0.031989    0.000407   25.614740 ^ _498_/A (sky130_fd_sc_hd__and2_2)
     3    0.056167    0.287732    0.302977   25.917719 ^ _498_/X (sky130_fd_sc_hd__and2_2)
                                                         u_ibex.clk (net)
                      0.289172    0.016499   25.934217 ^ clkbuf_0_u_ibex.clk/A (sky130_fd_sc_hd__clkbuf_16)
     9    0.085943    0.105335    0.249992   26.184210 ^ clkbuf_0_u_ibex.clk/X (sky130_fd_sc_hd__clkbuf_16)
                                                         clknet_0_u_ibex.clk (net)
                      0.106302    0.008047   26.192257 ^ clkbuf_2_0__f_u_ibex.clk/A (sky130_fd_sc_hd__clkbuf_16)
    31    0.100365    0.118725    0.192326   26.384583 ^ clkbuf_2_0__f_u_ibex.clk/X (sky130_fd_sc_hd__clkbuf_16)
                                                         clknet_2_0__leaf_u_ibex.clk (net)
                      0.132600    0.030875   26.415457 ^ _584_/CLK (sky130_fd_sc_hd__dfrtp_1)
                                 -0.250000   26.165459   clock uncertainty
                                  0.000000   26.165459   clock reconvergence pessimism
                                 -0.098062   26.067396   library setup time
                                             26.067396   data required time
---------------------------------------------------------------------------------------------
                                             26.067396   data required time
                                            -10.770830   data arrival time
---------------------------------------------------------------------------------------------
                                             15.296566   slack (MET)


Startpoint: tl_i[64] (input port clocked by clk_i)
Endpoint: _582_ (rising edge-triggered flip-flop clocked by clk_i)
Path Group: clk_i
Path Type: max

Fanout         Cap        Slew       Delay        Time   Description
---------------------------------------------------------------------------------------------
                                  0.000000    0.000000   clock clk_i (rise edge)
                                  0.000000    0.000000   clock network delay (propagated)
                                  5.000000    5.000000 v input external delay
     2    0.004796    0.013190    0.007796    5.007797 v tl_i[64] (in)
                                                         tl_i[64] (net)
                      0.013191    0.000000    5.007797 v input14/A (sky130_fd_sc_hd__clkbuf_4)
     3    0.043384    0.096146    0.181388    5.189184 v input14/X (sky130_fd_sc_hd__clkbuf_4)
                                                         net14 (net)
                      0.096239    0.002686    5.191871 v _423_/A (sky130_fd_sc_hd__xor2_4)
     3    0.072712    0.196825    0.267966    5.459836 v _423_/X (sky130_fd_sc_hd__xor2_4)
                                                         _176_ (net)
                      0.199916    0.019501    5.479337 v wire85/A (sky130_fd_sc_hd__buf_8)
     3    0.119114    0.086248    0.229524    5.708861 v wire85/X (sky130_fd_sc_hd__buf_8)
                                                         net85 (net)
                      0.132242    0.049565    5.758427 v _426_/B (sky130_fd_sc_hd__or4_4)
     3    0.074088    0.186197    0.680209    6.438636 v _426_/X (sky130_fd_sc_hd__or4_4)
                                                         _179_ (net)
                      0.193306    0.028060    6.466696 v _429_/C (sky130_fd_sc_hd__or4_1)
     1    0.002478    0.079530    0.503571    6.970267 v _429_/X (sky130_fd_sc_hd__or4_1)
                                                         _182_ (net)
                      0.079530    0.000179    6.970446 v _430_/A2 (sky130_fd_sc_hd__a21o_1)
     3    0.012433    0.072373    0.226998    7.197444 v _430_/X (sky130_fd_sc_hd__a21o_1)
                                                         _183_ (net)
                      0.072395    0.001202    7.198646 v _524_/A1 (sky130_fd_sc_hd__o31ai_1)
     1    0.011942    0.438237    0.435311    7.633957 ^ _524_/Y (sky130_fd_sc_hd__o31ai_1)
                                                         _250_ (net)
                      0.438240    0.001073    7.635030 ^ wire66/A (sky130_fd_sc_hd__clkbuf_4)
     3    0.056053    0.175247    0.337618    7.972648 ^ wire66/X (sky130_fd_sc_hd__clkbuf_4)
                                                         net66 (net)
                      0.178544    0.018985    7.991632 ^ fanout65/A (sky130_fd_sc_hd__clkbuf_2)
     7    0.030453    0.169676    0.235144    8.226777 ^ fanout65/X (sky130_fd_sc_hd__clkbuf_2)
                                                         net65 (net)
                      0.169771    0.002093    8.228870 ^ fanout61/A (sky130_fd_sc_hd__dlymetal6s2s_1)
     4    0.025253    0.263897    0.278412    8.507282 ^ fanout61/X (sky130_fd_sc_hd__dlymetal6s2s_1)
                                                         net61 (net)
                      0.263900    0.000726    8.508008 ^ fanout59/A (sky130_fd_sc_hd__buf_2)
     6    0.036242    0.179400    0.269151    8.777159 ^ fanout59/X (sky130_fd_sc_hd__buf_2)
                                                         net59 (net)
                      0.179586    0.003845    8.781004 ^ _527_/S (sky130_fd_sc_hd__mux2_1)
     1    0.003023    0.056614    0.340005    9.121009 v _527_/X (sky130_fd_sc_hd__mux2_1)
                                                         _013_ (net)
                      0.056614    0.000225    9.121234 v hold310/A (sky130_fd_sc_hd__dlygate4sd3_1)
     1    0.002251    0.049980    0.547915    9.669148 v hold310/X (sky130_fd_sc_hd__dlygate4sd3_1)
                                                         net481 (net)
                      0.049980    0.000141    9.669290 v hold98/A (sky130_fd_sc_hd__dlygate4sd3_1)
     1    0.002387    0.050526    0.546322   10.215611 v hold98/X (sky130_fd_sc_hd__dlygate4sd3_1)
                                                         net269 (net)
                      0.050526    0.000173   10.215785 v hold311/A (sky130_fd_sc_hd__dlygate4sd3_1)
     1    0.002876    0.053404    0.550965   10.766750 v hold311/X (sky130_fd_sc_hd__dlygate4sd3_1)
                                                         net482 (net)
                      0.053404    0.000206   10.766956 v _582_/D (sky130_fd_sc_hd__dfrtp_1)
                                             10.766956   data arrival time

                                 25.000000   25.000000   clock clk_i (rise edge)
                                  0.000000   25.000000   clock source latency
     2    0.083141    0.377847    0.279778   25.279778 ^ clk_i (in)
                                                         clk_i (net)
                      0.382483    0.000000   25.279778 ^ clkbuf_0_clk_i/A (sky130_fd_sc_hd__clkbuf_16)
     2    0.018889    0.047857    0.218240   25.498016 ^ clkbuf_0_clk_i/X (sky130_fd_sc_hd__clkbuf_16)
                                                         clknet_0_clk_i (net)
                      0.047857    0.000961   25.498978 ^ clkbuf_1_0__f_clk_i/A (sky130_fd_sc_hd__clkbuf_16)
     3    0.008434    0.031988    0.115357   25.614334 ^ clkbuf_1_0__f_clk_i/X (sky130_fd_sc_hd__clkbuf_16)
                                                         clknet_1_0__leaf_clk_i (net)
                      0.031989    0.000407   25.614740 ^ _498_/A (sky130_fd_sc_hd__and2_2)
     3    0.056167    0.287732    0.302977   25.917719 ^ _498_/X (sky130_fd_sc_hd__and2_2)
                                                         u_ibex.clk (net)
                      0.289172    0.016499   25.934217 ^ clkbuf_0_u_ibex.clk/A (sky130_fd_sc_hd__clkbuf_16)
     9    0.085943    0.105335    0.249992   26.184210 ^ clkbuf_0_u_ibex.clk/X (sky130_fd_sc_hd__clkbuf_16)
                                                         clknet_0_u_ibex.clk (net)
                      0.106302    0.008047   26.192257 ^ clkbuf_2_0__f_u_ibex.clk/A (sky130_fd_sc_hd__clkbuf_16)
    31    0.100365    0.118725    0.192326   26.384583 ^ clkbuf_2_0__f_u_ibex.clk/X (sky130_fd_sc_hd__clkbuf_16)
                                                         clknet_2_0__leaf_u_ibex.clk (net)
                      0.134218    0.032671   26.417253 ^ _582_/CLK (sky130_fd_sc_hd__dfrtp_1)
                                 -0.250000   26.167253   clock uncertainty
                                  0.000000   26.167253   clock reconvergence pessimism
                                 -0.097506   26.069748   library setup time
                                             26.069748   data required time
---------------------------------------------------------------------------------------------
                                             26.069748   data required time
                                            -10.766956   data arrival time
---------------------------------------------------------------------------------------------
                                             15.302793   slack (MET)


Startpoint: tl_i[64] (input port clocked by clk_i)
Endpoint: _581_ (rising edge-triggered flip-flop clocked by clk_i)
Path Group: clk_i
Path Type: max

Fanout         Cap        Slew       Delay        Time   Description
---------------------------------------------------------------------------------------------
                                  0.000000    0.000000   clock clk_i (rise edge)
                                  0.000000    0.000000   clock network delay (propagated)
                                  5.000000    5.000000 v input external delay
     2    0.004796    0.013190    0.007796    5.007797 v tl_i[64] (in)
                                                         tl_i[64] (net)
                      0.013191    0.000000    5.007797 v input14/A (sky130_fd_sc_hd__clkbuf_4)
     3    0.043384    0.096146    0.181388    5.189184 v input14/X (sky130_fd_sc_hd__clkbuf_4)
                                                         net14 (net)
                      0.096239    0.002686    5.191871 v _423_/A (sky130_fd_sc_hd__xor2_4)
     3    0.072712    0.196825    0.267966    5.459836 v _423_/X (sky130_fd_sc_hd__xor2_4)
                                                         _176_ (net)
                      0.199916    0.019501    5.479337 v wire85/A (sky130_fd_sc_hd__buf_8)
     3    0.119114    0.086248    0.229524    5.708861 v wire85/X (sky130_fd_sc_hd__buf_8)
                                                         net85 (net)
                      0.132242    0.049565    5.758427 v _426_/B (sky130_fd_sc_hd__or4_4)
     3    0.074088    0.186197    0.680209    6.438636 v _426_/X (sky130_fd_sc_hd__or4_4)
                                                         _179_ (net)
                      0.193306    0.028060    6.466696 v _429_/C (sky130_fd_sc_hd__or4_1)
     1    0.002478    0.079530    0.503571    6.970267 v _429_/X (sky130_fd_sc_hd__or4_1)
                                                         _182_ (net)
                      0.079530    0.000179    6.970446 v _430_/A2 (sky130_fd_sc_hd__a21o_1)
     3    0.012433    0.072373    0.226998    7.197444 v _430_/X (sky130_fd_sc_hd__a21o_1)
                                                         _183_ (net)
                      0.072395    0.001202    7.198646 v _524_/A1 (sky130_fd_sc_hd__o31ai_1)
     1    0.011942    0.438237    0.435311    7.633957 ^ _524_/Y (sky130_fd_sc_hd__o31ai_1)
                                                         _250_ (net)
                      0.438240    0.001073    7.635030 ^ wire66/A (sky130_fd_sc_hd__clkbuf_4)
     3    0.056053    0.175247    0.337618    7.972648 ^ wire66/X (sky130_fd_sc_hd__clkbuf_4)
                                                         net66 (net)
                      0.178544    0.018985    7.991632 ^ fanout65/A (sky130_fd_sc_hd__clkbuf_2)
     7    0.030453    0.169676    0.235144    8.226777 ^ fanout65/X (sky130_fd_sc_hd__clkbuf_2)
                                                         net65 (net)
                      0.169771    0.002093    8.228870 ^ fanout61/A (sky130_fd_sc_hd__dlymetal6s2s_1)
     4    0.025253    0.263897    0.278412    8.507282 ^ fanout61/X (sky130_fd_sc_hd__dlymetal6s2s_1)
                                                         net61 (net)
                      0.263900    0.000726    8.508008 ^ fanout59/A (sky130_fd_sc_hd__buf_2)
     6    0.036242    0.179400    0.269151    8.777159 ^ fanout59/X (sky130_fd_sc_hd__buf_2)
                                                         net59 (net)
                      0.179661    0.004879    8.782038 ^ _526_/S (sky130_fd_sc_hd__mux2_1)
     1    0.001794    0.050029    0.328482    9.110519 v _526_/X (sky130_fd_sc_hd__mux2_1)
                                                         _012_ (net)
                      0.050029    0.000128    9.110647 v hold302/A (sky130_fd_sc_hd__dlygate4sd3_1)
     1    0.003234    0.055775    0.554047    9.664695 v hold302/X (sky130_fd_sc_hd__dlygate4sd3_1)
                                                         net473 (net)
                      0.055775    0.000192    9.664886 v hold96/A (sky130_fd_sc_hd__dlygate4sd3_1)
     1    0.002702    0.052329    0.551629   10.216516 v hold96/X (sky130_fd_sc_hd__dlygate4sd3_1)
                                                         net267 (net)
                      0.052329    0.000161   10.216677 v hold303/A (sky130_fd_sc_hd__dlygate4sd3_1)
     1    0.002666    0.052110    0.549774   10.766450 v hold303/X (sky130_fd_sc_hd__dlygate4sd3_1)
                                                         net474 (net)
                      0.052110    0.000174   10.766624 v _581_/D (sky130_fd_sc_hd__dfrtp_1)
                                             10.766624   data arrival time

                                 25.000000   25.000000   clock clk_i (rise edge)
                                  0.000000   25.000000   clock source latency
     2    0.083141    0.377847    0.279778   25.279778 ^ clk_i (in)
                                                         clk_i (net)
                      0.382483    0.000000   25.279778 ^ clkbuf_0_clk_i/A (sky130_fd_sc_hd__clkbuf_16)
     2    0.018889    0.047857    0.218240   25.498016 ^ clkbuf_0_clk_i/X (sky130_fd_sc_hd__clkbuf_16)
                                                         clknet_0_clk_i (net)
                      0.047857    0.000961   25.498978 ^ clkbuf_1_0__f_clk_i/A (sky130_fd_sc_hd__clkbuf_16)
     3    0.008434    0.031988    0.115357   25.614334 ^ clkbuf_1_0__f_clk_i/X (sky130_fd_sc_hd__clkbuf_16)
                                                         clknet_1_0__leaf_clk_i (net)
                      0.031989    0.000407   25.614740 ^ _498_/A (sky130_fd_sc_hd__and2_2)
     3    0.056167    0.287732    0.302977   25.917719 ^ _498_/X (sky130_fd_sc_hd__and2_2)
                                                         u_ibex.clk (net)
                      0.289172    0.016499   25.934217 ^ clkbuf_0_u_ibex.clk/A (sky130_fd_sc_hd__clkbuf_16)
     9    0.085943    0.105335    0.249992   26.184210 ^ clkbuf_0_u_ibex.clk/X (sky130_fd_sc_hd__clkbuf_16)
                                                         clknet_0_u_ibex.clk (net)
                      0.106302    0.008047   26.192257 ^ clkbuf_2_0__f_u_ibex.clk/A (sky130_fd_sc_hd__clkbuf_16)
    31    0.100365    0.118725    0.192326   26.384583 ^ clkbuf_2_0__f_u_ibex.clk/X (sky130_fd_sc_hd__clkbuf_16)
                                                         clknet_2_0__leaf_u_ibex.clk (net)
                      0.134266    0.032722   26.417305 ^ _581_/CLK (sky130_fd_sc_hd__dfrtp_1)
                                 -0.250000   26.167305   clock uncertainty
                                  0.000000   26.167305   clock reconvergence pessimism
                                 -0.096934   26.070372   library setup time
                                             26.070372   data required time
---------------------------------------------------------------------------------------------
                                             26.070372   data required time
                                            -10.766624   data arrival time
---------------------------------------------------------------------------------------------
                                             15.303748   slack (MET)


Startpoint: tl_i[64] (input port clocked by clk_i)
Endpoint: _587_ (rising edge-triggered flip-flop clocked by clk_i)
Path Group: clk_i
Path Type: max

Fanout         Cap        Slew       Delay        Time   Description
---------------------------------------------------------------------------------------------
                                  0.000000    0.000000   clock clk_i (rise edge)
                                  0.000000    0.000000   clock network delay (propagated)
                                  5.000000    5.000000 v input external delay
     2    0.004796    0.013190    0.007796    5.007797 v tl_i[64] (in)
                                                         tl_i[64] (net)
                      0.013191    0.000000    5.007797 v input14/A (sky130_fd_sc_hd__clkbuf_4)
     3    0.043384    0.096146    0.181388    5.189184 v input14/X (sky130_fd_sc_hd__clkbuf_4)
                                                         net14 (net)
                      0.096239    0.002686    5.191871 v _423_/A (sky130_fd_sc_hd__xor2_4)
     3    0.072712    0.196825    0.267966    5.459836 v _423_/X (sky130_fd_sc_hd__xor2_4)
                                                         _176_ (net)
                      0.199916    0.019501    5.479337 v wire85/A (sky130_fd_sc_hd__buf_8)
     3    0.119114    0.086248    0.229524    5.708861 v wire85/X (sky130_fd_sc_hd__buf_8)
                                                         net85 (net)
                      0.132242    0.049565    5.758427 v _426_/B (sky130_fd_sc_hd__or4_4)
     3    0.074088    0.186197    0.680209    6.438636 v _426_/X (sky130_fd_sc_hd__or4_4)
                                                         _179_ (net)
                      0.193306    0.028060    6.466696 v _429_/C (sky130_fd_sc_hd__or4_1)
     1    0.002478    0.079530    0.503571    6.970267 v _429_/X (sky130_fd_sc_hd__or4_1)
                                                         _182_ (net)
                      0.079530    0.000179    6.970446 v _430_/A2 (sky130_fd_sc_hd__a21o_1)
     3    0.012433    0.072373    0.226998    7.197444 v _430_/X (sky130_fd_sc_hd__a21o_1)
                                                         _183_ (net)
                      0.072395    0.001202    7.198646 v _524_/A1 (sky130_fd_sc_hd__o31ai_1)
     1    0.011942    0.438237    0.435311    7.633957 ^ _524_/Y (sky130_fd_sc_hd__o31ai_1)
                                                         _250_ (net)
                      0.438240    0.001073    7.635030 ^ wire66/A (sky130_fd_sc_hd__clkbuf_4)
     3    0.056053    0.175247    0.337618    7.972648 ^ wire66/X (sky130_fd_sc_hd__clkbuf_4)
                                                         net66 (net)
                      0.178544    0.018985    7.991632 ^ fanout65/A (sky130_fd_sc_hd__clkbuf_2)
     7    0.030453    0.169676    0.235144    8.226777 ^ fanout65/X (sky130_fd_sc_hd__clkbuf_2)
                                                         net65 (net)
                      0.169676    0.000829    8.227606 ^ fanout64/A (sky130_fd_sc_hd__buf_2)
    13    0.050957    0.249437    0.290098    8.517703 ^ fanout64/X (sky130_fd_sc_hd__buf_2)
                                                         net64 (net)
                      0.249489    0.003035    8.520739 ^ fanout63/A (sky130_fd_sc_hd__clkbuf_2)
     5    0.033814    0.187104    0.266066    8.786804 ^ fanout63/X (sky130_fd_sc_hd__clkbuf_2)
                                                         net63 (net)
                      0.187223    0.002642    8.789447 ^ _532_/S (sky130_fd_sc_hd__mux2_1)
     1    0.002036    0.051171    0.331849    9.121296 v _532_/X (sky130_fd_sc_hd__mux2_1)
                                                         _018_ (net)
                      0.051171    0.000134    9.121430 v hold241/A (sky130_fd_sc_hd__dlygate4sd3_1)
     1    0.002420    0.050703    0.547102    9.668532 v hold241/X (sky130_fd_sc_hd__dlygate4sd3_1)
                                                         net412 (net)
                      0.050703    0.000149    9.668681 v hold50/A (sky130_fd_sc_hd__dlygate4sd3_1)
     1    0.002081    0.049388    0.543833   10.212514 v hold50/X (sky130_fd_sc_hd__dlygate4sd3_1)
                                                         net221 (net)
                      0.049388    0.000148   10.212662 v hold242/A (sky130_fd_sc_hd__dlygate4sd3_1)
     1    0.002454    0.050909    0.546703   10.759365 v hold242/X (sky130_fd_sc_hd__dlygate4sd3_1)
                                                         net413 (net)
                      0.050909    0.000169   10.759534 v _587_/D (sky130_fd_sc_hd__dfrtp_1)
                                             10.759534   data arrival time

                                 25.000000   25.000000   clock clk_i (rise edge)
                                  0.000000   25.000000   clock source latency
     2    0.083141    0.377847    0.279778   25.279778 ^ clk_i (in)
                                                         clk_i (net)
                      0.382483    0.000000   25.279778 ^ clkbuf_0_clk_i/A (sky130_fd_sc_hd__clkbuf_16)
     2    0.018889    0.047857    0.218240   25.498016 ^ clkbuf_0_clk_i/X (sky130_fd_sc_hd__clkbuf_16)
                                                         clknet_0_clk_i (net)
                      0.047857    0.000961   25.498978 ^ clkbuf_1_0__f_clk_i/A (sky130_fd_sc_hd__clkbuf_16)
     3    0.008434    0.031988    0.115357   25.614334 ^ clkbuf_1_0__f_clk_i/X (sky130_fd_sc_hd__clkbuf_16)
                                                         clknet_1_0__leaf_clk_i (net)
                      0.031989    0.000407   25.614740 ^ _498_/A (sky130_fd_sc_hd__and2_2)
     3    0.056167    0.287732    0.302977   25.917719 ^ _498_/X (sky130_fd_sc_hd__and2_2)
                                                         u_ibex.clk (net)
                      0.289172    0.016499   25.934217 ^ clkbuf_0_u_ibex.clk/A (sky130_fd_sc_hd__clkbuf_16)
     9    0.085943    0.105335    0.249992   26.184210 ^ clkbuf_0_u_ibex.clk/X (sky130_fd_sc_hd__clkbuf_16)
                                                         clknet_0_u_ibex.clk (net)
                      0.106302    0.008047   26.192257 ^ clkbuf_2_0__f_u_ibex.clk/A (sky130_fd_sc_hd__clkbuf_16)
    31    0.100365    0.118725    0.192326   26.384583 ^ clkbuf_2_0__f_u_ibex.clk/X (sky130_fd_sc_hd__clkbuf_16)
                                                         clknet_2_0__leaf_u_ibex.clk (net)
                      0.131563    0.029679   26.414261 ^ _587_/CLK (sky130_fd_sc_hd__dfrtp_1)
                                 -0.250000   26.164263   clock uncertainty
                                  0.000000   26.164263   clock reconvergence pessimism
                                 -0.097031   26.067230   library setup time
                                             26.067230   data required time
---------------------------------------------------------------------------------------------
                                             26.067230   data required time
                                            -10.759534   data arrival time
---------------------------------------------------------------------------------------------
                                             15.307697   slack (MET)


Startpoint: _578_ (rising edge-triggered flip-flop clocked by clk_i)
Endpoint: tl_o[109] (output port clocked by clk_i)
Path Group: clk_i
Path Type: max

Fanout         Cap        Slew       Delay        Time   Description
---------------------------------------------------------------------------------------------
                                  0.000000    0.000000   clock clk_i (rise edge)
                                  0.000000    0.000000   clock source latency
     2    0.083141    0.377847    0.279778    0.279778 ^ clk_i (in)
                                                         clk_i (net)
                      0.382483    0.000000    0.279778 ^ clkbuf_0_clk_i/A (sky130_fd_sc_hd__clkbuf_16)
     2    0.018889    0.047857    0.218239    0.498018 ^ clkbuf_0_clk_i/X (sky130_fd_sc_hd__clkbuf_16)
                                                         clknet_0_clk_i (net)
                      0.047857    0.000962    0.498979 ^ clkbuf_1_0__f_clk_i/A (sky130_fd_sc_hd__clkbuf_16)
     3    0.008434    0.031988    0.115356    0.614336 ^ clkbuf_1_0__f_clk_i/X (sky130_fd_sc_hd__clkbuf_16)
                                                         clknet_1_0__leaf_clk_i (net)
                      0.031989    0.000406    0.614742 ^ _498_/A (sky130_fd_sc_hd__and2_2)
     3    0.056167    0.288109    0.302977    0.917719 ^ _498_/X (sky130_fd_sc_hd__and2_2)
                                                         u_ibex.clk (net)
                      0.289545    0.016500    0.934219 ^ clkbuf_0_u_ibex.clk/A (sky130_fd_sc_hd__clkbuf_16)
     9    0.085943    0.105341    0.250061    1.184280 ^ clkbuf_0_u_ibex.clk/X (sky130_fd_sc_hd__clkbuf_16)
                                                         clknet_0_u_ibex.clk (net)
                      0.107198    0.011073    1.195353 ^ clkbuf_2_2__f_u_ibex.clk/A (sky130_fd_sc_hd__clkbuf_16)
    31    0.111426    0.125471    0.198987    1.394341 ^ clkbuf_2_2__f_u_ibex.clk/X (sky130_fd_sc_hd__clkbuf_16)
                                                         clknet_2_2__leaf_u_ibex.clk (net)
                      0.131310    0.020520    1.414861 ^ _578_/CLK (sky130_fd_sc_hd__dfrtp_1)
     1    0.005912    0.053292    0.401833    1.816694 v _578_/Q (sky130_fd_sc_hd__dfrtp_1)
                                                         u_ibex.u_ibex_core.load_store_unit_i.ls_fsm_cs[1] (net)
                      0.053292    0.000294    1.816988 v hold126/A (sky130_fd_sc_hd__dlygate4sd3_1)
     1    0.003488    0.057137    0.557381    2.374369 v hold126/X (sky130_fd_sc_hd__dlygate4sd3_1)
                                                         net297 (net)
                      0.057137    0.000200    2.374569 v hold117/A (sky130_fd_sc_hd__dlygate4sd3_1)
     1    0.001974    0.048843    0.545628    2.920197 v hold117/X (sky130_fd_sc_hd__dlygate4sd3_1)
                                                         net288 (net)
                      0.048843    0.000141    2.920338 v hold127/A (sky130_fd_sc_hd__dlygate4sd3_1)
     3    0.011327    0.092230    0.601906    3.522244 v hold127/X (sky130_fd_sc_hd__dlygate4sd3_1)
                                                         net298 (net)
                      0.092230    0.000352    3.522596 v fanout82/A (sky130_fd_sc_hd__dlymetal6s2s_1)
     2    0.007165    0.055445    0.173212    3.695808 v fanout82/X (sky130_fd_sc_hd__dlymetal6s2s_1)
                                                         net82 (net)
                      0.055447    0.000422    3.696231 v _258_/B (sky130_fd_sc_hd__nor2_1)
     2    0.009477    0.185266    0.167258    3.863489 ^ _258_/Y (sky130_fd_sc_hd__nor2_1)
                                                         _048_ (net)
                      0.185270    0.000690    3.864179 ^ _433_/B (sky130_fd_sc_hd__nor2_1)
     1    0.003316    0.060471    0.064134    3.928313 v _433_/Y (sky130_fd_sc_hd__nor2_1)
                                                         data_req (net)
                      0.060471    0.000219    3.928533 v _715_/A (sky130_fd_sc_hd__buf_4)
     3    0.087491    0.114204    0.206294    4.134827 v _715_/X (sky130_fd_sc_hd__buf_4)
                                                         net18 (net)
                      0.139528    0.040468    4.175295 v output18/A (sky130_fd_sc_hd__buf_2)
     1    0.034944    0.091611    0.223039    4.398334 v output18/X (sky130_fd_sc_hd__buf_2)
                                                         tl_o[109] (net)
                      0.091653    0.001815    4.400148 v tl_o[109] (out)
                                              4.400148   data arrival time

                                 25.000000   25.000000   clock clk_i (rise edge)
                                  0.000000   25.000000   clock network delay (propagated)
                                 -0.250000   24.750000   clock uncertainty
                                  0.000000   24.750000   clock reconvergence pessimism
                                 -5.000000   19.750000   output external delay
                                             19.750000   data required time
---------------------------------------------------------------------------------------------
                                             19.750000   data required time
                                             -4.400148   data arrival time
---------------------------------------------------------------------------------------------
                                             15.349852   slack (MET)


Startpoint: tl_i[64] (input port clocked by clk_i)
Endpoint: _574_ (rising edge-triggered flip-flop clocked by clk_i)
Path Group: clk_i
Path Type: max

Fanout         Cap        Slew       Delay        Time   Description
---------------------------------------------------------------------------------------------
                                  0.000000    0.000000   clock clk_i (rise edge)
                                  0.000000    0.000000   clock network delay (propagated)
                                  5.000000    5.000000 v input external delay
     2    0.004796    0.013190    0.007796    5.007797 v tl_i[64] (in)
                                                         tl_i[64] (net)
                      0.013191    0.000000    5.007797 v input14/A (sky130_fd_sc_hd__clkbuf_4)
     3    0.043384    0.096146    0.181388    5.189184 v input14/X (sky130_fd_sc_hd__clkbuf_4)
                                                         net14 (net)
                      0.096239    0.002686    5.191871 v _423_/A (sky130_fd_sc_hd__xor2_4)
     3    0.072712    0.196825    0.267966    5.459836 v _423_/X (sky130_fd_sc_hd__xor2_4)
                                                         _176_ (net)
                      0.199916    0.019501    5.479337 v wire85/A (sky130_fd_sc_hd__buf_8)
     3    0.119114    0.086248    0.229524    5.708861 v wire85/X (sky130_fd_sc_hd__buf_8)
                                                         net85 (net)
                      0.132242    0.049565    5.758427 v _426_/B (sky130_fd_sc_hd__or4_4)
     3    0.074088    0.186197    0.680209    6.438636 v _426_/X (sky130_fd_sc_hd__or4_4)
                                                         _179_ (net)
                      0.193306    0.028060    6.466696 v _429_/C (sky130_fd_sc_hd__or4_1)
     1    0.002478    0.079530    0.503571    6.970267 v _429_/X (sky130_fd_sc_hd__or4_1)
                                                         _182_ (net)
                      0.079530    0.000179    6.970446 v _430_/A2 (sky130_fd_sc_hd__a21o_1)
     3    0.012433    0.072373    0.226998    7.197444 v _430_/X (sky130_fd_sc_hd__a21o_1)
                                                         _183_ (net)
                      0.072394    0.001187    7.198631 v _432_/A2 (sky130_fd_sc_hd__o211a_1)
     1    0.002659    0.037713    0.207983    7.406614 v _432_/X (sky130_fd_sc_hd__o211a_1)
                                                         u_ibex.u_ibex_core.id_stage_i.controller_i.exc_req_lsu (net)
                      0.037713    0.000179    7.406793 v hold316/A (sky130_fd_sc_hd__dlygate4sd3_1)
     1    0.002286    0.050239    0.540649    7.947442 v hold316/X (sky130_fd_sc_hd__dlygate4sd3_1)
                                                         net487 (net)
                      0.050239    0.000147    7.947589 v hold102/A (sky130_fd_sc_hd__dlygate4sd3_1)
     2    0.009953    0.086294    0.595926    8.543515 v hold102/X (sky130_fd_sc_hd__dlygate4sd3_1)
                                                         net273 (net)
                      0.086294    0.000985    8.544500 v _485_/A2 (sky130_fd_sc_hd__o21ai_2)
     4    0.018923    0.242471    0.236269    8.780769 ^ _485_/Y (sky130_fd_sc_hd__o21ai_2)
                                                         _227_ (net)
                      0.242478    0.001005    8.781775 ^ _508_/A3 (sky130_fd_sc_hd__a32o_1)
     1    0.002869    0.054171    0.198108    8.979883 ^ _508_/X (sky130_fd_sc_hd__a32o_1)
                                                         _005_ (net)
                      0.054172    0.000173    8.980056 ^ hold199/A (sky130_fd_sc_hd__dlygate4sd3_1)
     1    0.002727    0.052258    0.537058    9.517114 ^ hold199/X (sky130_fd_sc_hd__dlygate4sd3_1)
                                                         net370 (net)
                      0.052258    0.000198    9.517312 ^ hold40/A (sky130_fd_sc_hd__dlygate4sd3_1)
     1    0.003396    0.058114    0.542800   10.060112 ^ hold40/X (sky130_fd_sc_hd__dlygate4sd3_1)
                                                         net211 (net)
                      0.058114    0.000207   10.060319 ^ hold200/A (sky130_fd_sc_hd__dlygate4sd3_1)
     1    0.003015    0.054750    0.540921   10.601240 ^ hold200/X (sky130_fd_sc_hd__dlygate4sd3_1)
                                                         net371 (net)
                      0.054750    0.000207   10.601447 ^ _574_/D (sky130_fd_sc_hd__dfrtp_1)
                                             10.601447   data arrival time

                                 25.000000   25.000000   clock clk_i (rise edge)
                                  0.000000   25.000000   clock source latency
     2    0.083141    0.377847    0.279778   25.279778 ^ clk_i (in)
                                                         clk_i (net)
                      0.382483    0.000000   25.279778 ^ clkbuf_0_clk_i/A (sky130_fd_sc_hd__clkbuf_16)
     2    0.018889    0.047857    0.218240   25.498016 ^ clkbuf_0_clk_i/X (sky130_fd_sc_hd__clkbuf_16)
                                                         clknet_0_clk_i (net)
                      0.047857    0.000961   25.498978 ^ clkbuf_1_0__f_clk_i/A (sky130_fd_sc_hd__clkbuf_16)
     3    0.008434    0.031988    0.115357   25.614334 ^ clkbuf_1_0__f_clk_i/X (sky130_fd_sc_hd__clkbuf_16)
                                                         clknet_1_0__leaf_clk_i (net)
                      0.031989    0.000407   25.614740 ^ _498_/A (sky130_fd_sc_hd__and2_2)
     3    0.056167    0.287732    0.302977   25.917719 ^ _498_/X (sky130_fd_sc_hd__and2_2)
                                                         u_ibex.clk (net)
                      0.289172    0.016499   25.934217 ^ clkbuf_0_u_ibex.clk/A (sky130_fd_sc_hd__clkbuf_16)
     9    0.085943    0.105335    0.249992   26.184210 ^ clkbuf_0_u_ibex.clk/X (sky130_fd_sc_hd__clkbuf_16)
                                                         clknet_0_u_ibex.clk (net)
                      0.107069    0.010703   26.194912 ^ clkbuf_2_3__f_u_ibex.clk/A (sky130_fd_sc_hd__clkbuf_16)
    23    0.084906    0.103015    0.190207   26.385118 ^ clkbuf_2_3__f_u_ibex.clk/X (sky130_fd_sc_hd__clkbuf_16)
                                                         clknet_2_3__leaf_u_ibex.clk (net)
                      0.106551    0.014841   26.399960 ^ _574_/CLK (sky130_fd_sc_hd__dfrtp_1)
                                 -0.250000   26.149961   clock uncertainty
                                  0.000000   26.149961   clock reconvergence pessimism
                                 -0.052803   26.097158   library setup time
                                             26.097158   data required time
---------------------------------------------------------------------------------------------
                                             26.097158   data required time
                                            -10.601447   data arrival time
---------------------------------------------------------------------------------------------
                                             15.495712   slack (MET)


Startpoint: tl_i[64] (input port clocked by clk_i)
Endpoint: _596_ (rising edge-triggered flip-flop clocked by clk_i)
Path Group: clk_i
Path Type: max

Fanout         Cap        Slew       Delay        Time   Description
---------------------------------------------------------------------------------------------
                                  0.000000    0.000000   clock clk_i (rise edge)
                                  0.000000    0.000000   clock network delay (propagated)
                                  5.000000    5.000000 v input external delay
     2    0.004796    0.013190    0.007796    5.007797 v tl_i[64] (in)
                                                         tl_i[64] (net)
                      0.013191    0.000000    5.007797 v input14/A (sky130_fd_sc_hd__clkbuf_4)
     3    0.043384    0.096146    0.181388    5.189184 v input14/X (sky130_fd_sc_hd__clkbuf_4)
                                                         net14 (net)
                      0.096239    0.002686    5.191871 v _423_/A (sky130_fd_sc_hd__xor2_4)
     3    0.072712    0.196825    0.267966    5.459836 v _423_/X (sky130_fd_sc_hd__xor2_4)
                                                         _176_ (net)
                      0.199916    0.019501    5.479337 v wire85/A (sky130_fd_sc_hd__buf_8)
     3    0.119114    0.086248    0.229524    5.708861 v wire85/X (sky130_fd_sc_hd__buf_8)
                                                         net85 (net)
                      0.132242    0.049565    5.758427 v _426_/B (sky130_fd_sc_hd__or4_4)
     3    0.074088    0.186197    0.680209    6.438636 v _426_/X (sky130_fd_sc_hd__or4_4)
                                                         _179_ (net)
                      0.193306    0.028060    6.466696 v _429_/C (sky130_fd_sc_hd__or4_1)
     1    0.002478    0.079530    0.503571    6.970267 v _429_/X (sky130_fd_sc_hd__or4_1)
                                                         _182_ (net)
                      0.079530    0.000179    6.970446 v _430_/A2 (sky130_fd_sc_hd__a21o_1)
     3    0.012433    0.072373    0.226998    7.197444 v _430_/X (sky130_fd_sc_hd__a21o_1)
                                                         _183_ (net)
                      0.072395    0.001202    7.198646 v _524_/A1 (sky130_fd_sc_hd__o31ai_1)
     1    0.011942    0.438237    0.435311    7.633957 ^ _524_/Y (sky130_fd_sc_hd__o31ai_1)
                                                         _250_ (net)
                      0.438240    0.001073    7.635030 ^ wire66/A (sky130_fd_sc_hd__clkbuf_4)
     3    0.056053    0.175247    0.337618    7.972648 ^ wire66/X (sky130_fd_sc_hd__clkbuf_4)
                                                         net66 (net)
                      0.178544    0.018985    7.991632 ^ fanout65/A (sky130_fd_sc_hd__clkbuf_2)
     7    0.030453    0.169676    0.235144    8.226777 ^ fanout65/X (sky130_fd_sc_hd__clkbuf_2)
                                                         net65 (net)
                      0.169676    0.000829    8.227606 ^ fanout64/A (sky130_fd_sc_hd__buf_2)
    13    0.050957    0.249437    0.290098    8.517703 ^ fanout64/X (sky130_fd_sc_hd__buf_2)
                                                         net64 (net)
                      0.249675    0.006380    8.524083 ^ _541_/S (sky130_fd_sc_hd__mux2_1)
     1    0.002577    0.053820    0.345914    8.869996 v _541_/X (sky130_fd_sc_hd__mux2_1)
                                                         _027_ (net)
                      0.053820    0.000162    8.870158 v hold191/A (sky130_fd_sc_hd__dlygate4sd3_1)
     1    0.003026    0.054345    0.553674    9.423832 v hold191/X (sky130_fd_sc_hd__dlygate4sd3_1)
                                                         net362 (net)
                      0.054345    0.000183    9.424015 v hold32/A (sky130_fd_sc_hd__dlygate4sd3_1)
     1    0.003484    0.057120    0.557818    9.981833 v hold32/X (sky130_fd_sc_hd__dlygate4sd3_1)
                                                         net203 (net)
                      0.057120    0.000231    9.982063 v hold192/A (sky130_fd_sc_hd__dlygate4sd3_1)
     1    0.002809    0.052975    0.553184   10.535248 v hold192/X (sky130_fd_sc_hd__dlygate4sd3_1)
                                                         net363 (net)
                      0.052975    0.000204   10.535452 v _596_/D (sky130_fd_sc_hd__dfrtp_1)
                                             10.535452   data arrival time

                                 25.000000   25.000000   clock clk_i (rise edge)
                                  0.000000   25.000000   clock source latency
     2    0.083141    0.377847    0.279778   25.279778 ^ clk_i (in)
                                                         clk_i (net)
                      0.382483    0.000000   25.279778 ^ clkbuf_0_clk_i/A (sky130_fd_sc_hd__clkbuf_16)
     2    0.018889    0.047857    0.218240   25.498016 ^ clkbuf_0_clk_i/X (sky130_fd_sc_hd__clkbuf_16)
                                                         clknet_0_clk_i (net)
                      0.047857    0.000961   25.498978 ^ clkbuf_1_0__f_clk_i/A (sky130_fd_sc_hd__clkbuf_16)
     3    0.008434    0.031988    0.115357   25.614334 ^ clkbuf_1_0__f_clk_i/X (sky130_fd_sc_hd__clkbuf_16)
                                                         clknet_1_0__leaf_clk_i (net)
                      0.031989    0.000407   25.614740 ^ _498_/A (sky130_fd_sc_hd__and2_2)
     3    0.056167    0.287732    0.302977   25.917719 ^ _498_/X (sky130_fd_sc_hd__and2_2)
                                                         u_ibex.clk (net)
                      0.289172    0.016499   25.934217 ^ clkbuf_0_u_ibex.clk/A (sky130_fd_sc_hd__clkbuf_16)
     9    0.085943    0.105335    0.249992   26.184210 ^ clkbuf_0_u_ibex.clk/X (sky130_fd_sc_hd__clkbuf_16)
                                                         clknet_0_u_ibex.clk (net)
                      0.106302    0.008047   26.192257 ^ clkbuf_2_1__f_u_ibex.clk/A (sky130_fd_sc_hd__clkbuf_16)
    33    0.100302    0.118991    0.196579   26.388836 ^ clkbuf_2_1__f_u_ibex.clk/X (sky130_fd_sc_hd__clkbuf_16)
                                                         clknet_2_1__leaf_u_ibex.clk (net)
                      0.122304    0.015644   26.404480 ^ _596_/CLK (sky130_fd_sc_hd__dfrtp_1)
                                 -0.250000   26.154480   clock uncertainty
                                  0.000000   26.154480   clock reconvergence pessimism
                                 -0.100049   26.054432   library setup time
                                             26.054432   data required time
---------------------------------------------------------------------------------------------
                                             26.054432   data required time
                                            -10.535452   data arrival time
---------------------------------------------------------------------------------------------
                                             15.518980   slack (MET)


Startpoint: tl_i[64] (input port clocked by clk_i)
Endpoint: _601_ (rising edge-triggered flip-flop clocked by clk_i)
Path Group: clk_i
Path Type: max

Fanout         Cap        Slew       Delay        Time   Description
---------------------------------------------------------------------------------------------
                                  0.000000    0.000000   clock clk_i (rise edge)
                                  0.000000    0.000000   clock network delay (propagated)
                                  5.000000    5.000000 v input external delay
     2    0.004796    0.013190    0.007796    5.007797 v tl_i[64] (in)
                                                         tl_i[64] (net)
                      0.013191    0.000000    5.007797 v input14/A (sky130_fd_sc_hd__clkbuf_4)
     3    0.043384    0.096146    0.181388    5.189184 v input14/X (sky130_fd_sc_hd__clkbuf_4)
                                                         net14 (net)
                      0.096239    0.002686    5.191871 v _423_/A (sky130_fd_sc_hd__xor2_4)
     3    0.072712    0.196825    0.267966    5.459836 v _423_/X (sky130_fd_sc_hd__xor2_4)
                                                         _176_ (net)
                      0.199916    0.019501    5.479337 v wire85/A (sky130_fd_sc_hd__buf_8)
     3    0.119114    0.086248    0.229524    5.708861 v wire85/X (sky130_fd_sc_hd__buf_8)
                                                         net85 (net)
                      0.132242    0.049565    5.758427 v _426_/B (sky130_fd_sc_hd__or4_4)
     3    0.074088    0.186197    0.680209    6.438636 v _426_/X (sky130_fd_sc_hd__or4_4)
                                                         _179_ (net)
                      0.193306    0.028060    6.466696 v _429_/C (sky130_fd_sc_hd__or4_1)
     1    0.002478    0.079530    0.503571    6.970267 v _429_/X (sky130_fd_sc_hd__or4_1)
                                                         _182_ (net)
                      0.079530    0.000179    6.970446 v _430_/A2 (sky130_fd_sc_hd__a21o_1)
     3    0.012433    0.072373    0.226998    7.197444 v _430_/X (sky130_fd_sc_hd__a21o_1)
                                                         _183_ (net)
                      0.072395    0.001202    7.198646 v _524_/A1 (sky130_fd_sc_hd__o31ai_1)
     1    0.011942    0.438237    0.435311    7.633957 ^ _524_/Y (sky130_fd_sc_hd__o31ai_1)
                                                         _250_ (net)
                      0.438240    0.001073    7.635030 ^ wire66/A (sky130_fd_sc_hd__clkbuf_4)
     3    0.056053    0.175247    0.337618    7.972648 ^ wire66/X (sky130_fd_sc_hd__clkbuf_4)
                                                         net66 (net)
                      0.178544    0.018985    7.991632 ^ fanout65/A (sky130_fd_sc_hd__clkbuf_2)
     7    0.030453    0.169676    0.235144    8.226777 ^ fanout65/X (sky130_fd_sc_hd__clkbuf_2)
                                                         net65 (net)
                      0.169676    0.000829    8.227606 ^ fanout64/A (sky130_fd_sc_hd__buf_2)
    13    0.050957    0.249437    0.290098    8.517703 ^ fanout64/X (sky130_fd_sc_hd__buf_2)
                                                         net64 (net)
                      0.249858    0.008420    8.526123 ^ _546_/S (sky130_fd_sc_hd__mux2_1)
     1    0.003272    0.058125    0.352460    8.878584 v _546_/X (sky130_fd_sc_hd__mux2_1)
                                                         _032_ (net)
                      0.058125    0.000226    8.878809 v hold249/A (sky130_fd_sc_hd__dlygate4sd3_1)
     1    0.002560    0.051490    0.551390    9.430199 v hold249/X (sky130_fd_sc_hd__dlygate4sd3_1)
                                                         net420 (net)
                      0.051490    0.000183    9.430382 v hold63/A (sky130_fd_sc_hd__dlygate4sd3_1)
     1    0.002681    0.052208    0.549571    9.979953 v hold63/X (sky130_fd_sc_hd__dlygate4sd3_1)
                                                         net234 (net)
                      0.052208    0.000196    9.980149 v hold250/A (sky130_fd_sc_hd__dlygate4sd3_1)
     1    0.003061    0.054580    0.553302   10.533452 v hold250/X (sky130_fd_sc_hd__dlygate4sd3_1)
                                                         net421 (net)
                      0.054580    0.000209   10.533661 v _601_/D (sky130_fd_sc_hd__dfrtp_1)
                                             10.533661   data arrival time

                                 25.000000   25.000000   clock clk_i (rise edge)
                                  0.000000   25.000000   clock source latency
     2    0.083141    0.377847    0.279778   25.279778 ^ clk_i (in)
                                                         clk_i (net)
                      0.382483    0.000000   25.279778 ^ clkbuf_0_clk_i/A (sky130_fd_sc_hd__clkbuf_16)
     2    0.018889    0.047857    0.218240   25.498016 ^ clkbuf_0_clk_i/X (sky130_fd_sc_hd__clkbuf_16)
                                                         clknet_0_clk_i (net)
                      0.047857    0.000961   25.498978 ^ clkbuf_1_0__f_clk_i/A (sky130_fd_sc_hd__clkbuf_16)
     3    0.008434    0.031988    0.115357   25.614334 ^ clkbuf_1_0__f_clk_i/X (sky130_fd_sc_hd__clkbuf_16)
                                                         clknet_1_0__leaf_clk_i (net)
                      0.031989    0.000407   25.614740 ^ _498_/A (sky130_fd_sc_hd__and2_2)
     3    0.056167    0.287732    0.302977   25.917719 ^ _498_/X (sky130_fd_sc_hd__and2_2)
                                                         u_ibex.clk (net)
                      0.289172    0.016499   25.934217 ^ clkbuf_0_u_ibex.clk/A (sky130_fd_sc_hd__clkbuf_16)
     9    0.085943    0.105335    0.249992   26.184210 ^ clkbuf_0_u_ibex.clk/X (sky130_fd_sc_hd__clkbuf_16)
                                                         clknet_0_u_ibex.clk (net)
                      0.106302    0.008047   26.192257 ^ clkbuf_2_1__f_u_ibex.clk/A (sky130_fd_sc_hd__clkbuf_16)
    33    0.100302    0.118991    0.196579   26.388836 ^ clkbuf_2_1__f_u_ibex.clk/X (sky130_fd_sc_hd__clkbuf_16)
                                                         clknet_2_1__leaf_u_ibex.clk (net)
                      0.124931    0.020696   26.409531 ^ _601_/CLK (sky130_fd_sc_hd__dfrtp_1)
                                 -0.250000   26.159533   clock uncertainty
                                  0.000000   26.159533   clock reconvergence pessimism
                                 -0.100144   26.059389   library setup time
                                             26.059389   data required time
---------------------------------------------------------------------------------------------
                                             26.059389   data required time
                                            -10.533661   data arrival time
---------------------------------------------------------------------------------------------
                                             15.525728   slack (MET)


Startpoint: tl_i[64] (input port clocked by clk_i)
Endpoint: _600_ (rising edge-triggered flip-flop clocked by clk_i)
Path Group: clk_i
Path Type: max

Fanout         Cap        Slew       Delay        Time   Description
---------------------------------------------------------------------------------------------
                                  0.000000    0.000000   clock clk_i (rise edge)
                                  0.000000    0.000000   clock network delay (propagated)
                                  5.000000    5.000000 v input external delay
     2    0.004796    0.013190    0.007796    5.007797 v tl_i[64] (in)
                                                         tl_i[64] (net)
                      0.013191    0.000000    5.007797 v input14/A (sky130_fd_sc_hd__clkbuf_4)
     3    0.043384    0.096146    0.181388    5.189184 v input14/X (sky130_fd_sc_hd__clkbuf_4)
                                                         net14 (net)
                      0.096239    0.002686    5.191871 v _423_/A (sky130_fd_sc_hd__xor2_4)
     3    0.072712    0.196825    0.267966    5.459836 v _423_/X (sky130_fd_sc_hd__xor2_4)
                                                         _176_ (net)
                      0.199916    0.019501    5.479337 v wire85/A (sky130_fd_sc_hd__buf_8)
     3    0.119114    0.086248    0.229524    5.708861 v wire85/X (sky130_fd_sc_hd__buf_8)
                                                         net85 (net)
                      0.132242    0.049565    5.758427 v _426_/B (sky130_fd_sc_hd__or4_4)
     3    0.074088    0.186197    0.680209    6.438636 v _426_/X (sky130_fd_sc_hd__or4_4)
                                                         _179_ (net)
                      0.193306    0.028060    6.466696 v _429_/C (sky130_fd_sc_hd__or4_1)
     1    0.002478    0.079530    0.503571    6.970267 v _429_/X (sky130_fd_sc_hd__or4_1)
                                                         _182_ (net)
                      0.079530    0.000179    6.970446 v _430_/A2 (sky130_fd_sc_hd__a21o_1)
     3    0.012433    0.072373    0.226998    7.197444 v _430_/X (sky130_fd_sc_hd__a21o_1)
                                                         _183_ (net)
                      0.072395    0.001202    7.198646 v _524_/A1 (sky130_fd_sc_hd__o31ai_1)
     1    0.011942    0.438237    0.435311    7.633957 ^ _524_/Y (sky130_fd_sc_hd__o31ai_1)
                                                         _250_ (net)
                      0.438240    0.001073    7.635030 ^ wire66/A (sky130_fd_sc_hd__clkbuf_4)
     3    0.056053    0.175247    0.337618    7.972648 ^ wire66/X (sky130_fd_sc_hd__clkbuf_4)
                                                         net66 (net)
                      0.178544    0.018985    7.991632 ^ fanout65/A (sky130_fd_sc_hd__clkbuf_2)
     7    0.030453    0.169676    0.235144    8.226777 ^ fanout65/X (sky130_fd_sc_hd__clkbuf_2)
                                                         net65 (net)
                      0.169676    0.000829    8.227606 ^ fanout64/A (sky130_fd_sc_hd__buf_2)
    13    0.050957    0.249437    0.290098    8.517703 ^ fanout64/X (sky130_fd_sc_hd__buf_2)
                                                         net64 (net)
                      0.249820    0.008047    8.525750 ^ _545_/S (sky130_fd_sc_hd__mux2_1)
     1    0.002676    0.054390    0.346841    8.872591 v _545_/X (sky130_fd_sc_hd__mux2_1)
                                                         _031_ (net)
                      0.054390    0.000198    8.872789 v hold215/A (sky130_fd_sc_hd__dlygate4sd3_1)
     1    0.003225    0.055683    0.555743    9.428532 v hold215/X (sky130_fd_sc_hd__dlygate4sd3_1)
                                                         net386 (net)
                      0.055683    0.000182    9.428714 v hold44/A (sky130_fd_sc_hd__dlygate4sd3_1)
     1    0.002053    0.049225    0.545704    9.974418 v hold44/X (sky130_fd_sc_hd__dlygate4sd3_1)
                                                         net215 (net)
                      0.049225    0.000086    9.974504 v hold216/A (sky130_fd_sc_hd__dlygate4sd3_1)
     1    0.003115    0.054965    0.552647   10.527151 v hold216/X (sky130_fd_sc_hd__dlygate4sd3_1)
                                                         net387 (net)
                      0.054965    0.000193   10.527344 v _600_/D (sky130_fd_sc_hd__dfrtp_1)
                                             10.527344   data arrival time

                                 25.000000   25.000000   clock clk_i (rise edge)
                                  0.000000   25.000000   clock source latency
     2    0.083141    0.377847    0.279778   25.279778 ^ clk_i (in)
                                                         clk_i (net)
                      0.382483    0.000000   25.279778 ^ clkbuf_0_clk_i/A (sky130_fd_sc_hd__clkbuf_16)
     2    0.018889    0.047857    0.218240   25.498016 ^ clkbuf_0_clk_i/X (sky130_fd_sc_hd__clkbuf_16)
                                                         clknet_0_clk_i (net)
                      0.047857    0.000961   25.498978 ^ clkbuf_1_0__f_clk_i/A (sky130_fd_sc_hd__clkbuf_16)
     3    0.008434    0.031988    0.115357   25.614334 ^ clkbuf_1_0__f_clk_i/X (sky130_fd_sc_hd__clkbuf_16)
                                                         clknet_1_0__leaf_clk_i (net)
                      0.031989    0.000407   25.614740 ^ _498_/A (sky130_fd_sc_hd__and2_2)
     3    0.056167    0.287732    0.302977   25.917719 ^ _498_/X (sky130_fd_sc_hd__and2_2)
                                                         u_ibex.clk (net)
                      0.289172    0.016499   25.934217 ^ clkbuf_0_u_ibex.clk/A (sky130_fd_sc_hd__clkbuf_16)
     9    0.085943    0.105335    0.249992   26.184210 ^ clkbuf_0_u_ibex.clk/X (sky130_fd_sc_hd__clkbuf_16)
                                                         clknet_0_u_ibex.clk (net)
                      0.106302    0.008047   26.192257 ^ clkbuf_2_1__f_u_ibex.clk/A (sky130_fd_sc_hd__clkbuf_16)
    33    0.100302    0.118991    0.196579   26.388836 ^ clkbuf_2_1__f_u_ibex.clk/X (sky130_fd_sc_hd__clkbuf_16)
                                                         clknet_2_1__leaf_u_ibex.clk (net)
                      0.124611    0.020146   26.408981 ^ _600_/CLK (sky130_fd_sc_hd__dfrtp_1)
                                 -0.250000   26.158981   clock uncertainty
                                  0.000000   26.158981   clock reconvergence pessimism
                                 -0.100385   26.058596   library setup time
                                             26.058596   data required time
---------------------------------------------------------------------------------------------
                                             26.058596   data required time
                                            -10.527344   data arrival time
---------------------------------------------------------------------------------------------
                                             15.531253   slack (MET)


Startpoint: tl_i[64] (input port clocked by clk_i)
Endpoint: _598_ (rising edge-triggered flip-flop clocked by clk_i)
Path Group: clk_i
Path Type: max

Fanout         Cap        Slew       Delay        Time   Description
---------------------------------------------------------------------------------------------
                                  0.000000    0.000000   clock clk_i (rise edge)
                                  0.000000    0.000000   clock network delay (propagated)
                                  5.000000    5.000000 v input external delay
     2    0.004796    0.013190    0.007796    5.007797 v tl_i[64] (in)
                                                         tl_i[64] (net)
                      0.013191    0.000000    5.007797 v input14/A (sky130_fd_sc_hd__clkbuf_4)
     3    0.043384    0.096146    0.181388    5.189184 v input14/X (sky130_fd_sc_hd__clkbuf_4)
                                                         net14 (net)
                      0.096239    0.002686    5.191871 v _423_/A (sky130_fd_sc_hd__xor2_4)
     3    0.072712    0.196825    0.267966    5.459836 v _423_/X (sky130_fd_sc_hd__xor2_4)
                                                         _176_ (net)
                      0.199916    0.019501    5.479337 v wire85/A (sky130_fd_sc_hd__buf_8)
     3    0.119114    0.086248    0.229524    5.708861 v wire85/X (sky130_fd_sc_hd__buf_8)
                                                         net85 (net)
                      0.132242    0.049565    5.758427 v _426_/B (sky130_fd_sc_hd__or4_4)
     3    0.074088    0.186197    0.680209    6.438636 v _426_/X (sky130_fd_sc_hd__or4_4)
                                                         _179_ (net)
                      0.193306    0.028060    6.466696 v _429_/C (sky130_fd_sc_hd__or4_1)
     1    0.002478    0.079530    0.503571    6.970267 v _429_/X (sky130_fd_sc_hd__or4_1)
                                                         _182_ (net)
                      0.079530    0.000179    6.970446 v _430_/A2 (sky130_fd_sc_hd__a21o_1)
     3    0.012433    0.072373    0.226998    7.197444 v _430_/X (sky130_fd_sc_hd__a21o_1)
                                                         _183_ (net)
                      0.072395    0.001202    7.198646 v _524_/A1 (sky130_fd_sc_hd__o31ai_1)
     1    0.011942    0.438237    0.435311    7.633957 ^ _524_/Y (sky130_fd_sc_hd__o31ai_1)
                                                         _250_ (net)
                      0.438240    0.001073    7.635030 ^ wire66/A (sky130_fd_sc_hd__clkbuf_4)
     3    0.056053    0.175247    0.337618    7.972648 ^ wire66/X (sky130_fd_sc_hd__clkbuf_4)
                                                         net66 (net)
                      0.178544    0.018985    7.991632 ^ fanout65/A (sky130_fd_sc_hd__clkbuf_2)
     7    0.030453    0.169676    0.235144    8.226777 ^ fanout65/X (sky130_fd_sc_hd__clkbuf_2)
                                                         net65 (net)
                      0.169676    0.000829    8.227606 ^ fanout64/A (sky130_fd_sc_hd__buf_2)
    13    0.050957    0.249437    0.290098    8.517703 ^ fanout64/X (sky130_fd_sc_hd__buf_2)
                                                         net64 (net)
                      0.249658    0.006159    8.523862 ^ _543_/S (sky130_fd_sc_hd__mux2_1)
     1    0.002415    0.052954    0.344378    8.868239 v _543_/X (sky130_fd_sc_hd__mux2_1)
                                                         _029_ (net)
                      0.052954    0.000163    8.868403 v hold285/A (sky130_fd_sc_hd__dlygate4sd3_1)
     1    0.002718    0.052423    0.550495    9.418898 v hold285/X (sky130_fd_sc_hd__dlygate4sd3_1)
                                                         net456 (net)
                      0.052423    0.000171    9.419068 v hold82/A (sky130_fd_sc_hd__dlygate4sd3_1)
     1    0.002055    0.049238    0.544287    9.963356 v hold82/X (sky130_fd_sc_hd__dlygate4sd3_1)
                                                         net253 (net)
                      0.049238    0.000086    9.963442 v hold286/A (sky130_fd_sc_hd__dlygate4sd3_1)
     1    0.003021    0.054339    0.551776   10.515219 v hold286/X (sky130_fd_sc_hd__dlygate4sd3_1)
                                                         net457 (net)
                      0.054339    0.000216   10.515434 v _598_/D (sky130_fd_sc_hd__dfrtp_1)
                                             10.515434   data arrival time

                                 25.000000   25.000000   clock clk_i (rise edge)
                                  0.000000   25.000000   clock source latency
     2    0.083141    0.377847    0.279778   25.279778 ^ clk_i (in)
                                                         clk_i (net)
                      0.382483    0.000000   25.279778 ^ clkbuf_0_clk_i/A (sky130_fd_sc_hd__clkbuf_16)
     2    0.018889    0.047857    0.218240   25.498016 ^ clkbuf_0_clk_i/X (sky130_fd_sc_hd__clkbuf_16)
                                                         clknet_0_clk_i (net)
                      0.047857    0.000961   25.498978 ^ clkbuf_1_0__f_clk_i/A (sky130_fd_sc_hd__clkbuf_16)
     3    0.008434    0.031988    0.115357   25.614334 ^ clkbuf_1_0__f_clk_i/X (sky130_fd_sc_hd__clkbuf_16)
                                                         clknet_1_0__leaf_clk_i (net)
                      0.031989    0.000407   25.614740 ^ _498_/A (sky130_fd_sc_hd__and2_2)
     3    0.056167    0.287732    0.302977   25.917719 ^ _498_/X (sky130_fd_sc_hd__and2_2)
                                                         u_ibex.clk (net)
                      0.289172    0.016499   25.934217 ^ clkbuf_0_u_ibex.clk/A (sky130_fd_sc_hd__clkbuf_16)
     9    0.085943    0.105335    0.249992   26.184210 ^ clkbuf_0_u_ibex.clk/X (sky130_fd_sc_hd__clkbuf_16)
                                                         clknet_0_u_ibex.clk (net)
                      0.106302    0.008047   26.192257 ^ clkbuf_2_1__f_u_ibex.clk/A (sky130_fd_sc_hd__clkbuf_16)
    33    0.100302    0.118991    0.196579   26.388836 ^ clkbuf_2_1__f_u_ibex.clk/X (sky130_fd_sc_hd__clkbuf_16)
                                                         clknet_2_1__leaf_u_ibex.clk (net)
                      0.123444    0.018002   26.406837 ^ _598_/CLK (sky130_fd_sc_hd__dfrtp_1)
                                 -0.250000   26.156837   clock uncertainty
                                  0.000000   26.156837   clock reconvergence pessimism
                                 -0.100380   26.056458   library setup time
                                             26.056458   data required time
---------------------------------------------------------------------------------------------
                                             26.056458   data required time
                                            -10.515434   data arrival time
---------------------------------------------------------------------------------------------
                                             15.541023   slack (MET)


Startpoint: tl_i[64] (input port clocked by clk_i)
Endpoint: _585_ (rising edge-triggered flip-flop clocked by clk_i)
Path Group: clk_i
Path Type: max

Fanout         Cap        Slew       Delay        Time   Description
---------------------------------------------------------------------------------------------
                                  0.000000    0.000000   clock clk_i (rise edge)
                                  0.000000    0.000000   clock network delay (propagated)
                                  5.000000    5.000000 v input external delay
     2    0.004796    0.013190    0.007796    5.007797 v tl_i[64] (in)
                                                         tl_i[64] (net)
                      0.013191    0.000000    5.007797 v input14/A (sky130_fd_sc_hd__clkbuf_4)
     3    0.043384    0.096146    0.181388    5.189184 v input14/X (sky130_fd_sc_hd__clkbuf_4)
                                                         net14 (net)
                      0.096239    0.002686    5.191871 v _423_/A (sky130_fd_sc_hd__xor2_4)
     3    0.072712    0.196825    0.267966    5.459836 v _423_/X (sky130_fd_sc_hd__xor2_4)
                                                         _176_ (net)
                      0.199916    0.019501    5.479337 v wire85/A (sky130_fd_sc_hd__buf_8)
     3    0.119114    0.086248    0.229524    5.708861 v wire85/X (sky130_fd_sc_hd__buf_8)
                                                         net85 (net)
                      0.132242    0.049565    5.758427 v _426_/B (sky130_fd_sc_hd__or4_4)
     3    0.074088    0.186197    0.680209    6.438636 v _426_/X (sky130_fd_sc_hd__or4_4)
                                                         _179_ (net)
                      0.193306    0.028060    6.466696 v _429_/C (sky130_fd_sc_hd__or4_1)
     1    0.002478    0.079530    0.503571    6.970267 v _429_/X (sky130_fd_sc_hd__or4_1)
                                                         _182_ (net)
                      0.079530    0.000179    6.970446 v _430_/A2 (sky130_fd_sc_hd__a21o_1)
     3    0.012433    0.072373    0.226998    7.197444 v _430_/X (sky130_fd_sc_hd__a21o_1)
                                                         _183_ (net)
                      0.072395    0.001202    7.198646 v _524_/A1 (sky130_fd_sc_hd__o31ai_1)
     1    0.011942    0.438237    0.435311    7.633957 ^ _524_/Y (sky130_fd_sc_hd__o31ai_1)
                                                         _250_ (net)
                      0.438240    0.001073    7.635030 ^ wire66/A (sky130_fd_sc_hd__clkbuf_4)
     3    0.056053    0.175247    0.337618    7.972648 ^ wire66/X (sky130_fd_sc_hd__clkbuf_4)
                                                         net66 (net)
                      0.178544    0.018985    7.991632 ^ fanout65/A (sky130_fd_sc_hd__clkbuf_2)
     7    0.030453    0.169676    0.235144    8.226777 ^ fanout65/X (sky130_fd_sc_hd__clkbuf_2)
                                                         net65 (net)
                      0.169771    0.002093    8.228870 ^ fanout61/A (sky130_fd_sc_hd__dlymetal6s2s_1)
     4    0.025253    0.263897    0.278412    8.507282 ^ fanout61/X (sky130_fd_sc_hd__dlymetal6s2s_1)
                                                         net61 (net)
                      0.263912    0.001664    8.508946 ^ _530_/S (sky130_fd_sc_hd__mux2_1)
     1    0.002412    0.052911    0.346407    8.855354 v _530_/X (sky130_fd_sc_hd__mux2_1)
                                                         _016_ (net)
                      0.052911    0.000151    8.855505 v hold344/A (sky130_fd_sc_hd__dlygate4sd3_1)
     1    0.002816    0.053012    0.551344    9.406849 v hold344/X (sky130_fd_sc_hd__dlygate4sd3_1)
                                                         net515 (net)
                      0.053012    0.000208    9.407057 v hold132/A (sky130_fd_sc_hd__dlygate4sd3_1)
     1    0.003418    0.056940    0.556812    9.963869 v hold132/X (sky130_fd_sc_hd__dlygate4sd3_1)
                                                         net303 (net)
                      0.056940    0.000139    9.964008 v hold345/A (sky130_fd_sc_hd__dlygate4sd3_1)
     1    0.003420    0.056920    0.558572   10.522580 v hold345/X (sky130_fd_sc_hd__dlygate4sd3_1)
                                                         net516 (net)
                      0.056920    0.000234   10.522815 v _585_/D (sky130_fd_sc_hd__dfrtp_1)
                                             10.522815   data arrival time

                                 25.000000   25.000000   clock clk_i (rise edge)
                                  0.000000   25.000000   clock source latency
     2    0.083141    0.377847    0.279778   25.279778 ^ clk_i (in)
                                                         clk_i (net)
                      0.382483    0.000000   25.279778 ^ clkbuf_0_clk_i/A (sky130_fd_sc_hd__clkbuf_16)
     2    0.018889    0.047857    0.218240   25.498016 ^ clkbuf_0_clk_i/X (sky130_fd_sc_hd__clkbuf_16)
                                                         clknet_0_clk_i (net)
                      0.047857    0.000961   25.498978 ^ clkbuf_1_0__f_clk_i/A (sky130_fd_sc_hd__clkbuf_16)
     3    0.008434    0.031988    0.115357   25.614334 ^ clkbuf_1_0__f_clk_i/X (sky130_fd_sc_hd__clkbuf_16)
                                                         clknet_1_0__leaf_clk_i (net)
                      0.031989    0.000407   25.614740 ^ _498_/A (sky130_fd_sc_hd__and2_2)
     3    0.056167    0.287732    0.302977   25.917719 ^ _498_/X (sky130_fd_sc_hd__and2_2)
                                                         u_ibex.clk (net)
                      0.289172    0.016499   25.934217 ^ clkbuf_0_u_ibex.clk/A (sky130_fd_sc_hd__clkbuf_16)
     9    0.085943    0.105335    0.249992   26.184210 ^ clkbuf_0_u_ibex.clk/X (sky130_fd_sc_hd__clkbuf_16)
                                                         clknet_0_u_ibex.clk (net)
                      0.106302    0.008047   26.192257 ^ clkbuf_2_0__f_u_ibex.clk/A (sky130_fd_sc_hd__clkbuf_16)
    31    0.100365    0.118725    0.192326   26.384583 ^ clkbuf_2_0__f_u_ibex.clk/X (sky130_fd_sc_hd__clkbuf_16)
                                                         clknet_2_0__leaf_u_ibex.clk (net)
                      0.132612    0.030889   26.415472 ^ _585_/CLK (sky130_fd_sc_hd__dfrtp_1)
                                 -0.250000   26.165472   clock uncertainty
                                  0.000000   26.165472   clock reconvergence pessimism
                                 -0.099400   26.066072   library setup time
                                             26.066072   data required time
---------------------------------------------------------------------------------------------
                                             26.066072   data required time
                                            -10.522815   data arrival time
---------------------------------------------------------------------------------------------
                                             15.543258   slack (MET)


Startpoint: tl_i[64] (input port clocked by clk_i)
Endpoint: _602_ (rising edge-triggered flip-flop clocked by clk_i)
Path Group: clk_i
Path Type: max

Fanout         Cap        Slew       Delay        Time   Description
---------------------------------------------------------------------------------------------
                                  0.000000    0.000000   clock clk_i (rise edge)
                                  0.000000    0.000000   clock network delay (propagated)
                                  5.000000    5.000000 v input external delay
     2    0.004796    0.013190    0.007796    5.007797 v tl_i[64] (in)
                                                         tl_i[64] (net)
                      0.013191    0.000000    5.007797 v input14/A (sky130_fd_sc_hd__clkbuf_4)
     3    0.043384    0.096146    0.181388    5.189184 v input14/X (sky130_fd_sc_hd__clkbuf_4)
                                                         net14 (net)
                      0.096239    0.002686    5.191871 v _423_/A (sky130_fd_sc_hd__xor2_4)
     3    0.072712    0.196825    0.267966    5.459836 v _423_/X (sky130_fd_sc_hd__xor2_4)
                                                         _176_ (net)
                      0.199916    0.019501    5.479337 v wire85/A (sky130_fd_sc_hd__buf_8)
     3    0.119114    0.086248    0.229524    5.708861 v wire85/X (sky130_fd_sc_hd__buf_8)
                                                         net85 (net)
                      0.132242    0.049565    5.758427 v _426_/B (sky130_fd_sc_hd__or4_4)
     3    0.074088    0.186197    0.680209    6.438636 v _426_/X (sky130_fd_sc_hd__or4_4)
                                                         _179_ (net)
                      0.193306    0.028060    6.466696 v _429_/C (sky130_fd_sc_hd__or4_1)
     1    0.002478    0.079530    0.503571    6.970267 v _429_/X (sky130_fd_sc_hd__or4_1)
                                                         _182_ (net)
                      0.079530    0.000179    6.970446 v _430_/A2 (sky130_fd_sc_hd__a21o_1)
     3    0.012433    0.072373    0.226998    7.197444 v _430_/X (sky130_fd_sc_hd__a21o_1)
                                                         _183_ (net)
                      0.072395    0.001202    7.198646 v _524_/A1 (sky130_fd_sc_hd__o31ai_1)
     1    0.011942    0.438237    0.435311    7.633957 ^ _524_/Y (sky130_fd_sc_hd__o31ai_1)
                                                         _250_ (net)
                      0.438240    0.001073    7.635030 ^ wire66/A (sky130_fd_sc_hd__clkbuf_4)
     3    0.056053    0.175247    0.337618    7.972648 ^ wire66/X (sky130_fd_sc_hd__clkbuf_4)
                                                         net66 (net)
                      0.178544    0.018985    7.991632 ^ fanout65/A (sky130_fd_sc_hd__clkbuf_2)
     7    0.030453    0.169676    0.235144    8.226777 ^ fanout65/X (sky130_fd_sc_hd__clkbuf_2)
                                                         net65 (net)
                      0.169771    0.002093    8.228870 ^ fanout61/A (sky130_fd_sc_hd__dlymetal6s2s_1)
     4    0.025253    0.263897    0.278412    8.507282 ^ fanout61/X (sky130_fd_sc_hd__dlymetal6s2s_1)
                                                         net61 (net)
                      0.263935    0.002591    8.509873 ^ _547_/S (sky130_fd_sc_hd__mux2_1)
     1    0.002219    0.051830    0.344589    8.854463 v _547_/X (sky130_fd_sc_hd__mux2_1)
                                                         _033_ (net)
                      0.051830    0.000143    8.854606 v hold219/A (sky130_fd_sc_hd__dlygate4sd3_1)
     1    0.002293    0.050140    0.546191    9.400796 v hold219/X (sky130_fd_sc_hd__dlygate4sd3_1)
                                                         net390 (net)
                      0.050140    0.000166    9.400962 v hold48/A (sky130_fd_sc_hd__dlygate4sd3_1)
     1    0.003096    0.054852    0.552852    9.953815 v hold48/X (sky130_fd_sc_hd__dlygate4sd3_1)
                                                         net219 (net)
                      0.054852    0.000122    9.953936 v hold220/A (sky130_fd_sc_hd__dlygate4sd3_1)
     1    0.003509    0.057190    0.558189   10.512125 v hold220/X (sky130_fd_sc_hd__dlygate4sd3_1)
                                                         net391 (net)
                      0.057190    0.000272   10.512397 v _602_/D (sky130_fd_sc_hd__dfrtp_1)
                                             10.512397   data arrival time

                                 25.000000   25.000000   clock clk_i (rise edge)
                                  0.000000   25.000000   clock source latency
     2    0.083141    0.377847    0.279778   25.279778 ^ clk_i (in)
                                                         clk_i (net)
                      0.382483    0.000000   25.279778 ^ clkbuf_0_clk_i/A (sky130_fd_sc_hd__clkbuf_16)
     2    0.018889    0.047857    0.218240   25.498016 ^ clkbuf_0_clk_i/X (sky130_fd_sc_hd__clkbuf_16)
                                                         clknet_0_clk_i (net)
                      0.047857    0.000961   25.498978 ^ clkbuf_1_0__f_clk_i/A (sky130_fd_sc_hd__clkbuf_16)
     3    0.008434    0.031988    0.115357   25.614334 ^ clkbuf_1_0__f_clk_i/X (sky130_fd_sc_hd__clkbuf_16)
                                                         clknet_1_0__leaf_clk_i (net)
                      0.031989    0.000407   25.614740 ^ _498_/A (sky130_fd_sc_hd__and2_2)
     3    0.056167    0.287732    0.302977   25.917719 ^ _498_/X (sky130_fd_sc_hd__and2_2)
                                                         u_ibex.clk (net)
                      0.289172    0.016499   25.934217 ^ clkbuf_0_u_ibex.clk/A (sky130_fd_sc_hd__clkbuf_16)
     9    0.085943    0.105335    0.249992   26.184210 ^ clkbuf_0_u_ibex.clk/X (sky130_fd_sc_hd__clkbuf_16)
                                                         clknet_0_u_ibex.clk (net)
                      0.106302    0.008047   26.192257 ^ clkbuf_2_1__f_u_ibex.clk/A (sky130_fd_sc_hd__clkbuf_16)
    33    0.100302    0.118991    0.196579   26.388836 ^ clkbuf_2_1__f_u_ibex.clk/X (sky130_fd_sc_hd__clkbuf_16)
                                                         clknet_2_1__leaf_u_ibex.clk (net)
                      0.124375    0.019730   26.408566 ^ _602_/CLK (sky130_fd_sc_hd__dfrtp_1)
                                 -0.250000   26.158566   clock uncertainty
                                  0.000000   26.158566   clock reconvergence pessimism
                                 -0.101405   26.057161   library setup time
                                             26.057161   data required time
---------------------------------------------------------------------------------------------
                                             26.057161   data required time
                                            -10.512397   data arrival time
---------------------------------------------------------------------------------------------
                                             15.544765   slack (MET)


Startpoint: tl_i[64] (input port clocked by clk_i)
Endpoint: _599_ (rising edge-triggered flip-flop clocked by clk_i)
Path Group: clk_i
Path Type: max

Fanout         Cap        Slew       Delay        Time   Description
---------------------------------------------------------------------------------------------
                                  0.000000    0.000000   clock clk_i (rise edge)
                                  0.000000    0.000000   clock network delay (propagated)
                                  5.000000    5.000000 v input external delay
     2    0.004796    0.013190    0.007796    5.007797 v tl_i[64] (in)
                                                         tl_i[64] (net)
                      0.013191    0.000000    5.007797 v input14/A (sky130_fd_sc_hd__clkbuf_4)
     3    0.043384    0.096146    0.181388    5.189184 v input14/X (sky130_fd_sc_hd__clkbuf_4)
                                                         net14 (net)
                      0.096239    0.002686    5.191871 v _423_/A (sky130_fd_sc_hd__xor2_4)
     3    0.072712    0.196825    0.267966    5.459836 v _423_/X (sky130_fd_sc_hd__xor2_4)
                                                         _176_ (net)
                      0.199916    0.019501    5.479337 v wire85/A (sky130_fd_sc_hd__buf_8)
     3    0.119114    0.086248    0.229524    5.708861 v wire85/X (sky130_fd_sc_hd__buf_8)
                                                         net85 (net)
                      0.132242    0.049565    5.758427 v _426_/B (sky130_fd_sc_hd__or4_4)
     3    0.074088    0.186197    0.680209    6.438636 v _426_/X (sky130_fd_sc_hd__or4_4)
                                                         _179_ (net)
                      0.193306    0.028060    6.466696 v _429_/C (sky130_fd_sc_hd__or4_1)
     1    0.002478    0.079530    0.503571    6.970267 v _429_/X (sky130_fd_sc_hd__or4_1)
                                                         _182_ (net)
                      0.079530    0.000179    6.970446 v _430_/A2 (sky130_fd_sc_hd__a21o_1)
     3    0.012433    0.072373    0.226998    7.197444 v _430_/X (sky130_fd_sc_hd__a21o_1)
                                                         _183_ (net)
                      0.072395    0.001202    7.198646 v _524_/A1 (sky130_fd_sc_hd__o31ai_1)
     1    0.011942    0.438237    0.435311    7.633957 ^ _524_/Y (sky130_fd_sc_hd__o31ai_1)
                                                         _250_ (net)
                      0.438240    0.001073    7.635030 ^ wire66/A (sky130_fd_sc_hd__clkbuf_4)
     3    0.056053    0.175247    0.337618    7.972648 ^ wire66/X (sky130_fd_sc_hd__clkbuf_4)
                                                         net66 (net)
                      0.178544    0.018985    7.991632 ^ fanout65/A (sky130_fd_sc_hd__clkbuf_2)
     7    0.030453    0.169676    0.235144    8.226777 ^ fanout65/X (sky130_fd_sc_hd__clkbuf_2)
                                                         net65 (net)
                      0.169676    0.000829    8.227606 ^ fanout64/A (sky130_fd_sc_hd__buf_2)
    13    0.050957    0.249437    0.290098    8.517703 ^ fanout64/X (sky130_fd_sc_hd__buf_2)
                                                         net64 (net)
                      0.249759    0.007397    8.525100 ^ _544_/S (sky130_fd_sc_hd__mux2_1)
     1    0.001869    0.050467    0.339274    8.864373 v _544_/X (sky130_fd_sc_hd__mux2_1)
                                                         _030_ (net)
                      0.050467    0.000084    8.864458 v hold253/A (sky130_fd_sc_hd__dlygate4sd3_1)
     1    0.002986    0.054112    0.551974    9.416431 v hold253/X (sky130_fd_sc_hd__dlygate4sd3_1)
                                                         net424 (net)
                      0.054112    0.000169    9.416600 v hold66/A (sky130_fd_sc_hd__dlygate4sd3_1)
     1    0.001979    0.048867    0.544306    9.960906 v hold66/X (sky130_fd_sc_hd__dlygate4sd3_1)
                                                         net237 (net)
                      0.048867    0.000139    9.961044 v hold254/A (sky130_fd_sc_hd__dlygate4sd3_1)
     1    0.002939    0.053814    0.550880   10.511925 v hold254/X (sky130_fd_sc_hd__dlygate4sd3_1)
                                                         net425 (net)
                      0.053814    0.000223   10.512148 v _599_/D (sky130_fd_sc_hd__dfrtp_1)
                                             10.512148   data arrival time

                                 25.000000   25.000000   clock clk_i (rise edge)
                                  0.000000   25.000000   clock source latency
     2    0.083141    0.377847    0.279778   25.279778 ^ clk_i (in)
                                                         clk_i (net)
                      0.382483    0.000000   25.279778 ^ clkbuf_0_clk_i/A (sky130_fd_sc_hd__clkbuf_16)
     2    0.018889    0.047857    0.218240   25.498016 ^ clkbuf_0_clk_i/X (sky130_fd_sc_hd__clkbuf_16)
                                                         clknet_0_clk_i (net)
                      0.047857    0.000961   25.498978 ^ clkbuf_1_0__f_clk_i/A (sky130_fd_sc_hd__clkbuf_16)
     3    0.008434    0.031988    0.115357   25.614334 ^ clkbuf_1_0__f_clk_i/X (sky130_fd_sc_hd__clkbuf_16)
                                                         clknet_1_0__leaf_clk_i (net)
                      0.031989    0.000407   25.614740 ^ _498_/A (sky130_fd_sc_hd__and2_2)
     3    0.056167    0.287732    0.302977   25.917719 ^ _498_/X (sky130_fd_sc_hd__and2_2)
                                                         u_ibex.clk (net)
                      0.289172    0.016499   25.934217 ^ clkbuf_0_u_ibex.clk/A (sky130_fd_sc_hd__clkbuf_16)
     9    0.085943    0.105335    0.249992   26.184210 ^ clkbuf_0_u_ibex.clk/X (sky130_fd_sc_hd__clkbuf_16)
                                                         clknet_0_u_ibex.clk (net)
                      0.106302    0.008047   26.192257 ^ clkbuf_2_1__f_u_ibex.clk/A (sky130_fd_sc_hd__clkbuf_16)
    33    0.100302    0.118991    0.196579   26.388836 ^ clkbuf_2_1__f_u_ibex.clk/X (sky130_fd_sc_hd__clkbuf_16)
                                                         clknet_2_1__leaf_u_ibex.clk (net)
                      0.124092    0.019220   26.408054 ^ _599_/CLK (sky130_fd_sc_hd__dfrtp_1)
                                 -0.250000   26.158056   clock uncertainty
                                  0.000000   26.158056   clock reconvergence pessimism
                                 -0.100004   26.058052   library setup time
                                             26.058052   data required time
---------------------------------------------------------------------------------------------
                                             26.058052   data required time
                                            -10.512148   data arrival time
---------------------------------------------------------------------------------------------
                                             15.545904   slack (MET)


Startpoint: tl_i[64] (input port clocked by clk_i)
Endpoint: _597_ (rising edge-triggered flip-flop clocked by clk_i)
Path Group: clk_i
Path Type: max

Fanout         Cap        Slew       Delay        Time   Description
---------------------------------------------------------------------------------------------
                                  0.000000    0.000000   clock clk_i (rise edge)
                                  0.000000    0.000000   clock network delay (propagated)
                                  5.000000    5.000000 v input external delay
     2    0.004796    0.013190    0.007796    5.007797 v tl_i[64] (in)
                                                         tl_i[64] (net)
                      0.013191    0.000000    5.007797 v input14/A (sky130_fd_sc_hd__clkbuf_4)
     3    0.043384    0.096146    0.181388    5.189184 v input14/X (sky130_fd_sc_hd__clkbuf_4)
                                                         net14 (net)
                      0.096239    0.002686    5.191871 v _423_/A (sky130_fd_sc_hd__xor2_4)
     3    0.072712    0.196825    0.267966    5.459836 v _423_/X (sky130_fd_sc_hd__xor2_4)
                                                         _176_ (net)
                      0.199916    0.019501    5.479337 v wire85/A (sky130_fd_sc_hd__buf_8)
     3    0.119114    0.086248    0.229524    5.708861 v wire85/X (sky130_fd_sc_hd__buf_8)
                                                         net85 (net)
                      0.132242    0.049565    5.758427 v _426_/B (sky130_fd_sc_hd__or4_4)
     3    0.074088    0.186197    0.680209    6.438636 v _426_/X (sky130_fd_sc_hd__or4_4)
                                                         _179_ (net)
                      0.193306    0.028060    6.466696 v _429_/C (sky130_fd_sc_hd__or4_1)
     1    0.002478    0.079530    0.503571    6.970267 v _429_/X (sky130_fd_sc_hd__or4_1)
                                                         _182_ (net)
                      0.079530    0.000179    6.970446 v _430_/A2 (sky130_fd_sc_hd__a21o_1)
     3    0.012433    0.072373    0.226998    7.197444 v _430_/X (sky130_fd_sc_hd__a21o_1)
                                                         _183_ (net)
                      0.072395    0.001202    7.198646 v _524_/A1 (sky130_fd_sc_hd__o31ai_1)
     1    0.011942    0.438237    0.435311    7.633957 ^ _524_/Y (sky130_fd_sc_hd__o31ai_1)
                                                         _250_ (net)
                      0.438240    0.001073    7.635030 ^ wire66/A (sky130_fd_sc_hd__clkbuf_4)
     3    0.056053    0.175247    0.337618    7.972648 ^ wire66/X (sky130_fd_sc_hd__clkbuf_4)
                                                         net66 (net)
                      0.178544    0.018985    7.991632 ^ fanout65/A (sky130_fd_sc_hd__clkbuf_2)
     7    0.030453    0.169676    0.235144    8.226777 ^ fanout65/X (sky130_fd_sc_hd__clkbuf_2)
                                                         net65 (net)
                      0.169787    0.002490    8.229267 ^ _542_/S (sky130_fd_sc_hd__mux2_1)
     1    0.002206    0.051832    0.330957    8.560224 v _542_/X (sky130_fd_sc_hd__mux2_1)
                                                         _028_ (net)
                      0.051832    0.000091    8.560315 v hold293/A (sky130_fd_sc_hd__dlygate4sd3_1)
     1    0.002383    0.050487    0.547005    9.107321 v hold293/X (sky130_fd_sc_hd__dlygate4sd3_1)
                                                         net464 (net)
                      0.050487    0.000173    9.107493 v hold86/A (sky130_fd_sc_hd__dlygate4sd3_1)
     1    0.002095    0.049448    0.543893    9.651386 v hold86/X (sky130_fd_sc_hd__dlygate4sd3_1)
                                                         net257 (net)
                      0.049448    0.000088    9.651475 v hold294/A (sky130_fd_sc_hd__dlygate4sd3_1)
     1    0.003387    0.056846    0.555200   10.206675 v hold294/X (sky130_fd_sc_hd__dlygate4sd3_1)
                                                         net465 (net)
                      0.056846    0.000210   10.206885 v _597_/D (sky130_fd_sc_hd__dfrtp_1)
                                             10.206885   data arrival time

                                 25.000000   25.000000   clock clk_i (rise edge)
                                  0.000000   25.000000   clock source latency
     2    0.083141    0.377847    0.279778   25.279778 ^ clk_i (in)
                                                         clk_i (net)
                      0.382483    0.000000   25.279778 ^ clkbuf_0_clk_i/A (sky130_fd_sc_hd__clkbuf_16)
     2    0.018889    0.047857    0.218240   25.498016 ^ clkbuf_0_clk_i/X (sky130_fd_sc_hd__clkbuf_16)
                                                         clknet_0_clk_i (net)
                      0.047857    0.000961   25.498978 ^ clkbuf_1_0__f_clk_i/A (sky130_fd_sc_hd__clkbuf_16)
     3    0.008434    0.031988    0.115357   25.614334 ^ clkbuf_1_0__f_clk_i/X (sky130_fd_sc_hd__clkbuf_16)
                                                         clknet_1_0__leaf_clk_i (net)
                      0.031989    0.000407   25.614740 ^ _498_/A (sky130_fd_sc_hd__and2_2)
     3    0.056167    0.287732    0.302977   25.917719 ^ _498_/X (sky130_fd_sc_hd__and2_2)
                                                         u_ibex.clk (net)
                      0.289172    0.016499   25.934217 ^ clkbuf_0_u_ibex.clk/A (sky130_fd_sc_hd__clkbuf_16)
     9    0.085943    0.105335    0.249992   26.184210 ^ clkbuf_0_u_ibex.clk/X (sky130_fd_sc_hd__clkbuf_16)
                                                         clknet_0_u_ibex.clk (net)
                      0.106302    0.008047   26.192257 ^ clkbuf_2_1__f_u_ibex.clk/A (sky130_fd_sc_hd__clkbuf_16)
    33    0.100302    0.118991    0.196579   26.388836 ^ clkbuf_2_1__f_u_ibex.clk/X (sky130_fd_sc_hd__clkbuf_16)
                                                         clknet_2_1__leaf_u_ibex.clk (net)
                      0.123735    0.018558   26.407393 ^ _597_/CLK (sky130_fd_sc_hd__dfrtp_1)
                                 -0.250000   26.157393   clock uncertainty
                                  0.000000   26.157393   clock reconvergence pessimism
                                 -0.101402   26.055992   library setup time
                                             26.055992   data required time
---------------------------------------------------------------------------------------------
                                             26.055992   data required time
                                            -10.206885   data arrival time
---------------------------------------------------------------------------------------------
                                             15.849108   slack (MET)


Startpoint: tl_i[64] (input port clocked by clk_i)
Endpoint: _580_ (rising edge-triggered flip-flop clocked by clk_i)
Path Group: clk_i
Path Type: max

Fanout         Cap        Slew       Delay        Time   Description
---------------------------------------------------------------------------------------------
                                  0.000000    0.000000   clock clk_i (rise edge)
                                  0.000000    0.000000   clock network delay (propagated)
                                  5.000000    5.000000 v input external delay
     2    0.004796    0.013190    0.007796    5.007797 v tl_i[64] (in)
                                                         tl_i[64] (net)
                      0.013191    0.000000    5.007797 v input14/A (sky130_fd_sc_hd__clkbuf_4)
     3    0.043384    0.096146    0.181388    5.189184 v input14/X (sky130_fd_sc_hd__clkbuf_4)
                                                         net14 (net)
                      0.096239    0.002686    5.191871 v _423_/A (sky130_fd_sc_hd__xor2_4)
     3    0.072712    0.196825    0.267966    5.459836 v _423_/X (sky130_fd_sc_hd__xor2_4)
                                                         _176_ (net)
                      0.199916    0.019501    5.479337 v wire85/A (sky130_fd_sc_hd__buf_8)
     3    0.119114    0.086248    0.229524    5.708861 v wire85/X (sky130_fd_sc_hd__buf_8)
                                                         net85 (net)
                      0.132242    0.049565    5.758427 v _426_/B (sky130_fd_sc_hd__or4_4)
     3    0.074088    0.186197    0.680209    6.438636 v _426_/X (sky130_fd_sc_hd__or4_4)
                                                         _179_ (net)
                      0.193306    0.028060    6.466696 v _429_/C (sky130_fd_sc_hd__or4_1)
     1    0.002478    0.079530    0.503571    6.970267 v _429_/X (sky130_fd_sc_hd__or4_1)
                                                         _182_ (net)
                      0.079530    0.000179    6.970446 v _430_/A2 (sky130_fd_sc_hd__a21o_1)
     3    0.012433    0.072373    0.226998    7.197444 v _430_/X (sky130_fd_sc_hd__a21o_1)
                                                         _183_ (net)
                      0.072395    0.001202    7.198646 v _524_/A1 (sky130_fd_sc_hd__o31ai_1)
     1    0.011942    0.438237    0.435311    7.633957 ^ _524_/Y (sky130_fd_sc_hd__o31ai_1)
                                                         _250_ (net)
                      0.438240    0.001073    7.635030 ^ wire66/A (sky130_fd_sc_hd__clkbuf_4)
     3    0.056053    0.175247    0.337618    7.972648 ^ wire66/X (sky130_fd_sc_hd__clkbuf_4)
                                                         net66 (net)
                      0.178544    0.018985    7.991632 ^ fanout65/A (sky130_fd_sc_hd__clkbuf_2)
     7    0.030453    0.169676    0.235144    8.226777 ^ fanout65/X (sky130_fd_sc_hd__clkbuf_2)
                                                         net65 (net)
                      0.169771    0.002093    8.228870 ^ fanout61/A (sky130_fd_sc_hd__dlymetal6s2s_1)
     4    0.025253    0.263897    0.278412    8.507282 ^ fanout61/X (sky130_fd_sc_hd__dlymetal6s2s_1)
                                                         net61 (net)
                      0.263900    0.000726    8.508008 ^ fanout59/A (sky130_fd_sc_hd__buf_2)
     6    0.036242    0.179400    0.269151    8.777159 ^ fanout59/X (sky130_fd_sc_hd__buf_2)
                                                         net59 (net)
                      0.179631    0.004502    8.781661 ^ _525_/S (sky130_fd_sc_hd__mux2_1)
     1    0.002387    0.052832    0.334054    9.115715 v _525_/X (sky130_fd_sc_hd__mux2_1)
                                                         _011_ (net)
                      0.052832    0.000153    9.115868 v hold337/A (sky130_fd_sc_hd__dlygate4sd3_1)
     1    0.001940    0.048674    0.543391    9.659259 v hold337/X (sky130_fd_sc_hd__dlygate4sd3_1)
                                                         net508 (net)
                      0.048674    0.000133    9.659391 v hold112/A (sky130_fd_sc_hd__dlygate4sd3_1)
     1    0.002617    0.051852    0.547908   10.207299 v hold112/X (sky130_fd_sc_hd__dlygate4sd3_1)
                                                         net283 (net)
                      0.051852    0.000171   10.207471 v _580_/D (sky130_fd_sc_hd__dfrtp_1)
                                             10.207471   data arrival time

                                 25.000000   25.000000   clock clk_i (rise edge)
                                  0.000000   25.000000   clock source latency
     2    0.083141    0.377847    0.279778   25.279778 ^ clk_i (in)
                                                         clk_i (net)
                      0.382483    0.000000   25.279778 ^ clkbuf_0_clk_i/A (sky130_fd_sc_hd__clkbuf_16)
     2    0.018889    0.047857    0.218240   25.498016 ^ clkbuf_0_clk_i/X (sky130_fd_sc_hd__clkbuf_16)
                                                         clknet_0_clk_i (net)
                      0.047857    0.000961   25.498978 ^ clkbuf_1_0__f_clk_i/A (sky130_fd_sc_hd__clkbuf_16)
     3    0.008434    0.031988    0.115357   25.614334 ^ clkbuf_1_0__f_clk_i/X (sky130_fd_sc_hd__clkbuf_16)
                                                         clknet_1_0__leaf_clk_i (net)
                      0.031989    0.000407   25.614740 ^ _498_/A (sky130_fd_sc_hd__and2_2)
     3    0.056167    0.287732    0.302977   25.917719 ^ _498_/X (sky130_fd_sc_hd__and2_2)
                                                         u_ibex.clk (net)
                      0.289172    0.016499   25.934217 ^ clkbuf_0_u_ibex.clk/A (sky130_fd_sc_hd__clkbuf_16)
     9    0.085943    0.105335    0.249992   26.184210 ^ clkbuf_0_u_ibex.clk/X (sky130_fd_sc_hd__clkbuf_16)
                                                         clknet_0_u_ibex.clk (net)
                      0.106302    0.008047   26.192257 ^ clkbuf_2_0__f_u_ibex.clk/A (sky130_fd_sc_hd__clkbuf_16)
    31    0.100365    0.118725    0.192326   26.384583 ^ clkbuf_2_0__f_u_ibex.clk/X (sky130_fd_sc_hd__clkbuf_16)
                                                         clknet_2_0__leaf_u_ibex.clk (net)
                      0.134429    0.032900   26.417482 ^ _580_/CLK (sky130_fd_sc_hd__dfrtp_1)
                                 -0.250000   26.167482   clock uncertainty
                                  0.000000   26.167482   clock reconvergence pessimism
                                 -0.096785   26.070698   library setup time
                                             26.070698   data required time
---------------------------------------------------------------------------------------------
                                             26.070698   data required time
                                            -10.207471   data arrival time
---------------------------------------------------------------------------------------------
                                             15.863228   slack (MET)


Startpoint: tl_i[64] (input port clocked by clk_i)
Endpoint: _573_ (rising edge-triggered flip-flop clocked by clk_i)
Path Group: clk_i
Path Type: max

Fanout         Cap        Slew       Delay        Time   Description
---------------------------------------------------------------------------------------------
                                  0.000000    0.000000   clock clk_i (rise edge)
                                  0.000000    0.000000   clock network delay (propagated)
                                  5.000000    5.000000 v input external delay
     2    0.004796    0.013190    0.007796    5.007797 v tl_i[64] (in)
                                                         tl_i[64] (net)
                      0.013191    0.000000    5.007797 v input14/A (sky130_fd_sc_hd__clkbuf_4)
     3    0.043384    0.096146    0.181388    5.189184 v input14/X (sky130_fd_sc_hd__clkbuf_4)
                                                         net14 (net)
                      0.096239    0.002686    5.191871 v _423_/A (sky130_fd_sc_hd__xor2_4)
     3    0.072712    0.196825    0.267966    5.459836 v _423_/X (sky130_fd_sc_hd__xor2_4)
                                                         _176_ (net)
                      0.199916    0.019501    5.479337 v wire85/A (sky130_fd_sc_hd__buf_8)
     3    0.119114    0.086248    0.229524    5.708861 v wire85/X (sky130_fd_sc_hd__buf_8)
                                                         net85 (net)
                      0.132242    0.049565    5.758427 v _426_/B (sky130_fd_sc_hd__or4_4)
     3    0.074088    0.186197    0.680209    6.438636 v _426_/X (sky130_fd_sc_hd__or4_4)
                                                         _179_ (net)
                      0.193306    0.028060    6.466696 v _429_/C (sky130_fd_sc_hd__or4_1)
     1    0.002478    0.079530    0.503571    6.970267 v _429_/X (sky130_fd_sc_hd__or4_1)
                                                         _182_ (net)
                      0.079530    0.000179    6.970446 v _430_/A2 (sky130_fd_sc_hd__a21o_1)
     3    0.012433    0.072373    0.226998    7.197444 v _430_/X (sky130_fd_sc_hd__a21o_1)
                                                         _183_ (net)
                      0.072394    0.001187    7.198631 v _432_/A2 (sky130_fd_sc_hd__o211a_1)
     1    0.002659    0.037713    0.207983    7.406614 v _432_/X (sky130_fd_sc_hd__o211a_1)
                                                         u_ibex.u_ibex_core.id_stage_i.controller_i.exc_req_lsu (net)
                      0.037713    0.000179    7.406793 v hold316/A (sky130_fd_sc_hd__dlygate4sd3_1)
     1    0.002286    0.050239    0.540649    7.947442 v hold316/X (sky130_fd_sc_hd__dlygate4sd3_1)
                                                         net487 (net)
                      0.050239    0.000147    7.947589 v hold102/A (sky130_fd_sc_hd__dlygate4sd3_1)
     2    0.009953    0.086294    0.595926    8.543515 v hold102/X (sky130_fd_sc_hd__dlygate4sd3_1)
                                                         net273 (net)
                      0.086294    0.000985    8.544500 v _485_/A2 (sky130_fd_sc_hd__o21ai_2)
     4    0.018923    0.242471    0.236269    8.780769 ^ _485_/Y (sky130_fd_sc_hd__o21ai_2)
                                                         _227_ (net)
                      0.242477    0.000958    8.781728 ^ _496_/B (sky130_fd_sc_hd__nor2_1)
     3    0.010041    0.085328    0.113841    8.895569 v _496_/Y (sky130_fd_sc_hd__nor2_1)
                                                         _235_ (net)
                      0.085329    0.000482    8.896051 v _506_/B (sky130_fd_sc_hd__or4b_1)
     1    0.005990    0.103157    0.536674    9.432725 v _506_/X (sky130_fd_sc_hd__or4b_1)
                                                         _239_ (net)
                      0.103157    0.000449    9.433174 v _507_/B1 (sky130_fd_sc_hd__o31a_1)
     1    0.002468    0.045169    0.121754    9.554929 v _507_/X (sky130_fd_sc_hd__o31a_1)
                                                         _004_ (net)
                      0.045169    0.000153    9.555081 v hold89/A (sky130_fd_sc_hd__dlygate4sd3_1)
     1    0.002671    0.052206    0.547035   10.102117 v hold89/X (sky130_fd_sc_hd__dlygate4sd3_1)
                                                         net260 (net)
                      0.052206    0.000176   10.102293 v _573_/D (sky130_fd_sc_hd__dfrtp_1)
                                             10.102293   data arrival time

                                 25.000000   25.000000   clock clk_i (rise edge)
                                  0.000000   25.000000   clock source latency
     2    0.083141    0.377847    0.279778   25.279778 ^ clk_i (in)
                                                         clk_i (net)
                      0.382483    0.000000   25.279778 ^ clkbuf_0_clk_i/A (sky130_fd_sc_hd__clkbuf_16)
     2    0.018889    0.047857    0.218240   25.498016 ^ clkbuf_0_clk_i/X (sky130_fd_sc_hd__clkbuf_16)
                                                         clknet_0_clk_i (net)
                      0.047857    0.000961   25.498978 ^ clkbuf_1_0__f_clk_i/A (sky130_fd_sc_hd__clkbuf_16)
     3    0.008434    0.031988    0.115357   25.614334 ^ clkbuf_1_0__f_clk_i/X (sky130_fd_sc_hd__clkbuf_16)
                                                         clknet_1_0__leaf_clk_i (net)
                      0.031989    0.000407   25.614740 ^ _498_/A (sky130_fd_sc_hd__and2_2)
     3    0.056167    0.287732    0.302977   25.917719 ^ _498_/X (sky130_fd_sc_hd__and2_2)
                                                         u_ibex.clk (net)
                      0.289172    0.016499   25.934217 ^ clkbuf_0_u_ibex.clk/A (sky130_fd_sc_hd__clkbuf_16)
     9    0.085943    0.105335    0.249992   26.184210 ^ clkbuf_0_u_ibex.clk/X (sky130_fd_sc_hd__clkbuf_16)
                                                         clknet_0_u_ibex.clk (net)
                      0.107192    0.011074   26.195284 ^ clkbuf_2_2__f_u_ibex.clk/A (sky130_fd_sc_hd__clkbuf_16)
    31    0.111426    0.125472    0.198986   26.394268 ^ clkbuf_2_2__f_u_ibex.clk/X (sky130_fd_sc_hd__clkbuf_16)
                                                         clknet_2_2__leaf_u_ibex.clk (net)
                      0.136288    0.027855   26.422123 ^ _573_/CLK (sky130_fd_sc_hd__dfrtp_1)
                                 -0.250000   26.172125   clock uncertainty
                                  0.000000   26.172125   clock reconvergence pessimism
                                 -0.096512   26.075613   library setup time
                                             26.075613   data required time
---------------------------------------------------------------------------------------------
                                             26.075613   data required time
                                            -10.102293   data arrival time
---------------------------------------------------------------------------------------------
                                             15.973321   slack (MET)


Startpoint: tl_i[64] (input port clocked by clk_i)
Endpoint: _571_ (rising edge-triggered flip-flop clocked by clk_i)
Path Group: clk_i
Path Type: max

Fanout         Cap        Slew       Delay        Time   Description
---------------------------------------------------------------------------------------------
                                  0.000000    0.000000   clock clk_i (rise edge)
                                  0.000000    0.000000   clock network delay (propagated)
                                  5.000000    5.000000 v input external delay
     2    0.004796    0.013190    0.007796    5.007797 v tl_i[64] (in)
                                                         tl_i[64] (net)
                      0.013191    0.000000    5.007797 v input14/A (sky130_fd_sc_hd__clkbuf_4)
     3    0.043384    0.096146    0.181388    5.189184 v input14/X (sky130_fd_sc_hd__clkbuf_4)
                                                         net14 (net)
                      0.096239    0.002686    5.191871 v _423_/A (sky130_fd_sc_hd__xor2_4)
     3    0.072712    0.196825    0.267966    5.459836 v _423_/X (sky130_fd_sc_hd__xor2_4)
                                                         _176_ (net)
                      0.199916    0.019501    5.479337 v wire85/A (sky130_fd_sc_hd__buf_8)
     3    0.119114    0.086248    0.229524    5.708861 v wire85/X (sky130_fd_sc_hd__buf_8)
                                                         net85 (net)
                      0.132242    0.049565    5.758427 v _426_/B (sky130_fd_sc_hd__or4_4)
     3    0.074088    0.186197    0.680209    6.438636 v _426_/X (sky130_fd_sc_hd__or4_4)
                                                         _179_ (net)
                      0.193306    0.028060    6.466696 v _429_/C (sky130_fd_sc_hd__or4_1)
     1    0.002478    0.079530    0.503571    6.970267 v _429_/X (sky130_fd_sc_hd__or4_1)
                                                         _182_ (net)
                      0.079530    0.000179    6.970446 v _430_/A2 (sky130_fd_sc_hd__a21o_1)
     3    0.012433    0.072373    0.226998    7.197444 v _430_/X (sky130_fd_sc_hd__a21o_1)
                                                         _183_ (net)
                      0.072394    0.001187    7.198631 v _432_/A2 (sky130_fd_sc_hd__o211a_1)
     1    0.002659    0.037713    0.207983    7.406614 v _432_/X (sky130_fd_sc_hd__o211a_1)
                                                         u_ibex.u_ibex_core.id_stage_i.controller_i.exc_req_lsu (net)
                      0.037713    0.000179    7.406793 v hold316/A (sky130_fd_sc_hd__dlygate4sd3_1)
     1    0.002286    0.050239    0.540649    7.947442 v hold316/X (sky130_fd_sc_hd__dlygate4sd3_1)
                                                         net487 (net)
                      0.050239    0.000147    7.947589 v hold102/A (sky130_fd_sc_hd__dlygate4sd3_1)
     2    0.009953    0.086294    0.595926    8.543515 v hold102/X (sky130_fd_sc_hd__dlygate4sd3_1)
                                                         net273 (net)
                      0.086294    0.000985    8.544500 v _485_/A2 (sky130_fd_sc_hd__o21ai_2)
     4    0.018923    0.242471    0.236269    8.780769 ^ _485_/Y (sky130_fd_sc_hd__o21ai_2)
                                                         _227_ (net)
                      0.242478    0.001001    8.781770 ^ _503_/A2 (sky130_fd_sc_hd__a2111o_1)
     1    0.001920    0.037544    0.168593    8.950363 ^ _503_/X (sky130_fd_sc_hd__a2111o_1)
                                                         _002_ (net)
                      0.037544    0.000087    8.950450 ^ hold330/A (sky130_fd_sc_hd__dlygate4sd3_1)
     1    0.002883    0.053581    0.533141    9.483591 ^ hold330/X (sky130_fd_sc_hd__dlygate4sd3_1)
                                                         net501 (net)
                      0.053581    0.000199    9.483790 ^ hold116/A (sky130_fd_sc_hd__dlygate4sd3_1)
     1    0.003208    0.056445    0.541448   10.025238 ^ hold116/X (sky130_fd_sc_hd__dlygate4sd3_1)
                                                         net287 (net)
                      0.056445    0.000200   10.025437 ^ _571_/D (sky130_fd_sc_hd__dfrtp_1)
                                             10.025437   data arrival time

                                 25.000000   25.000000   clock clk_i (rise edge)
                                  0.000000   25.000000   clock source latency
     2    0.083141    0.377847    0.279778   25.279778 ^ clk_i (in)
                                                         clk_i (net)
                      0.382483    0.000000   25.279778 ^ clkbuf_0_clk_i/A (sky130_fd_sc_hd__clkbuf_16)
     2    0.018889    0.047857    0.218240   25.498016 ^ clkbuf_0_clk_i/X (sky130_fd_sc_hd__clkbuf_16)
                                                         clknet_0_clk_i (net)
                      0.047857    0.000961   25.498978 ^ clkbuf_1_0__f_clk_i/A (sky130_fd_sc_hd__clkbuf_16)
     3    0.008434    0.031988    0.115357   25.614334 ^ clkbuf_1_0__f_clk_i/X (sky130_fd_sc_hd__clkbuf_16)
                                                         clknet_1_0__leaf_clk_i (net)
                      0.031989    0.000407   25.614740 ^ _498_/A (sky130_fd_sc_hd__and2_2)
     3    0.056167    0.287732    0.302977   25.917719 ^ _498_/X (sky130_fd_sc_hd__and2_2)
                                                         u_ibex.clk (net)
                      0.289172    0.016499   25.934217 ^ clkbuf_0_u_ibex.clk/A (sky130_fd_sc_hd__clkbuf_16)
     9    0.085943    0.105335    0.249992   26.184210 ^ clkbuf_0_u_ibex.clk/X (sky130_fd_sc_hd__clkbuf_16)
                                                         clknet_0_u_ibex.clk (net)
                      0.107192    0.011074   26.195284 ^ clkbuf_2_2__f_u_ibex.clk/A (sky130_fd_sc_hd__clkbuf_16)
    31    0.111426    0.125472    0.198986   26.394268 ^ clkbuf_2_2__f_u_ibex.clk/X (sky130_fd_sc_hd__clkbuf_16)
                                                         clknet_2_2__leaf_u_ibex.clk (net)
                      0.139916    0.032331   26.426600 ^ _571_/CLK (sky130_fd_sc_hd__dfrtp_1)
                                 -0.250000   26.176601   clock uncertainty
                                  0.000000   26.176601   clock reconvergence pessimism
                                 -0.048157   26.128445   library setup time
                                             26.128445   data required time
---------------------------------------------------------------------------------------------
                                             26.128445   data required time
                                            -10.025437   data arrival time
---------------------------------------------------------------------------------------------
                                             16.103006   slack (MET)


Startpoint: _574_ (rising edge-triggered flip-flop clocked by clk_i)
Endpoint: _557_ (rising edge-triggered flip-flop clocked by clk_i)
Path Group: clk_i
Path Type: max

Fanout         Cap        Slew       Delay        Time   Description
---------------------------------------------------------------------------------------------
                                  0.000000    0.000000   clock clk_i (rise edge)
                                  0.000000    0.000000   clock source latency
     2    0.083141    0.377847    0.279778    0.279778 ^ clk_i (in)
                                                         clk_i (net)
                      0.382483    0.000000    0.279778 ^ clkbuf_0_clk_i/A (sky130_fd_sc_hd__clkbuf_16)
     2    0.018889    0.047857    0.218239    0.498018 ^ clkbuf_0_clk_i/X (sky130_fd_sc_hd__clkbuf_16)
                                                         clknet_0_clk_i (net)
                      0.047857    0.000962    0.498979 ^ clkbuf_1_0__f_clk_i/A (sky130_fd_sc_hd__clkbuf_16)
     3    0.008434    0.031988    0.115356    0.614336 ^ clkbuf_1_0__f_clk_i/X (sky130_fd_sc_hd__clkbuf_16)
                                                         clknet_1_0__leaf_clk_i (net)
                      0.031989    0.000406    0.614742 ^ _498_/A (sky130_fd_sc_hd__and2_2)
     3    0.056167    0.288109    0.302977    0.917719 ^ _498_/X (sky130_fd_sc_hd__and2_2)
                                                         u_ibex.clk (net)
                      0.289545    0.016500    0.934219 ^ clkbuf_0_u_ibex.clk/A (sky130_fd_sc_hd__clkbuf_16)
     9    0.085943    0.105341    0.250061    1.184280 ^ clkbuf_0_u_ibex.clk/X (sky130_fd_sc_hd__clkbuf_16)
                                                         clknet_0_u_ibex.clk (net)
                      0.107075    0.010702    1.194983 ^ clkbuf_2_3__f_u_ibex.clk/A (sky130_fd_sc_hd__clkbuf_16)
    23    0.084906    0.103015    0.190210    1.385192 ^ clkbuf_2_3__f_u_ibex.clk/X (sky130_fd_sc_hd__clkbuf_16)
                                                         clknet_2_3__leaf_u_ibex.clk (net)
                      0.106551    0.014841    1.400033 ^ _574_/CLK (sky130_fd_sc_hd__dfrtp_1)
     1    0.004018    0.054336    0.346164    1.746197 ^ _574_/Q (sky130_fd_sc_hd__dfrtp_1)
                                                         u_ibex.u_ibex_core.id_stage_i.controller_i.ctrl_fsm_cs[3] (net)
                      0.054336    0.000262    1.746458 ^ hold327/A (sky130_fd_sc_hd__dlygate4sd3_1)
     1    0.002958    0.054252    0.539301    2.285759 ^ hold327/X (sky130_fd_sc_hd__dlygate4sd3_1)
                                                         net498 (net)
                      0.054252    0.000185    2.285945 ^ hold113/A (sky130_fd_sc_hd__dlygate4sd3_1)
     1    0.002845    0.053277    0.538219    2.824163 ^ hold113/X (sky130_fd_sc_hd__dlygate4sd3_1)
                                                         net284 (net)
                      0.053277    0.000179    2.824342 ^ hold328/A (sky130_fd_sc_hd__dlygate4sd3_1)
     2    0.010626    0.121686    0.596953    3.421295 ^ hold328/X (sky130_fd_sc_hd__dlygate4sd3_1)
                                                         net499 (net)
                      0.121686    0.000553    3.421848 ^ fanout83/A (sky130_fd_sc_hd__buf_1)
     1    0.005944    0.079274    0.126654    3.548502 ^ fanout83/X (sky130_fd_sc_hd__buf_1)
                                                         net83 (net)
                      0.079275    0.000388    3.548890 ^ hold114/A (sky130_fd_sc_hd__dlygate4sd3_1)
     6    0.021933    0.226339    0.681905    4.230795 ^ hold114/X (sky130_fd_sc_hd__dlygate4sd3_1)
                                                         net285 (net)
                      0.226340    0.001050    4.231845 ^ _411_/A_N (sky130_fd_sc_hd__and2b_1)
     4    0.018204    0.098764    0.272654    4.504499 v _411_/X (sky130_fd_sc_hd__and2b_1)
                                                         _165_ (net)
                      0.098797    0.001711    4.506210 v _412_/B (sky130_fd_sc_hd__nand2_1)
     1    0.003350    0.057040    0.088658    4.594868 ^ _412_/Y (sky130_fd_sc_hd__nand2_1)
                                                         _166_ (net)
                      0.057040    0.000254    4.595121 ^ hold231/A (sky130_fd_sc_hd__dlygate4sd3_1)
     1    0.003044    0.055002    0.540901    5.136023 ^ hold231/X (sky130_fd_sc_hd__dlygate4sd3_1)
                                                         net402 (net)
                      0.055002    0.000181    5.136204 ^ hold52/A (sky130_fd_sc_hd__dlygate4sd3_1)
     2    0.006455    0.084868    0.567022    5.703226 ^ hold52/X (sky130_fd_sc_hd__dlygate4sd3_1)
                                                         net223 (net)
                      0.084868    0.000409    5.703635 ^ _413_/B (sky130_fd_sc_hd__nor2_1)
     2    0.011279    0.097391    0.077881    5.781516 v _413_/Y (sky130_fd_sc_hd__nor2_1)
                                                         _167_ (net)
                      0.097393    0.000659    5.782175 v _435_/B1 (sky130_fd_sc_hd__o21ai_1)
     1    0.002392    0.091610    0.087770    5.869945 ^ _435_/Y (sky130_fd_sc_hd__o21ai_1)
                                                         _186_ (net)
                      0.091610    0.000100    5.870045 ^ hold136/A (sky130_fd_sc_hd__dlygate4sd3_1)
     1    0.005064    0.072612    0.566849    6.436894 ^ hold136/X (sky130_fd_sc_hd__dlygate4sd3_1)
                                                         net307 (net)
                      0.072612    0.000381    6.437274 ^ _436_/B (sky130_fd_sc_hd__nand2b_2)
     1    0.002982    0.040837    0.053540    6.490814 v _436_/Y (sky130_fd_sc_hd__nand2b_2)
                                                         _187_ (net)
                      0.040837    0.000182    6.490996 v hold137/A (sky130_fd_sc_hd__dlygate4sd3_1)
     5    0.024638    0.148470    0.658436    7.149432 v hold137/X (sky130_fd_sc_hd__dlygate4sd3_1)
                                                         net308 (net)
                      0.148479    0.001338    7.150770 v _450_/A2 (sky130_fd_sc_hd__a21o_1)
     1    0.001960    0.029341    0.205243    7.356013 v _450_/X (sky130_fd_sc_hd__a21o_1)
                                                         _197_ (net)
                      0.029535    0.000139    7.356153 v hold9/A (sky130_fd_sc_hd__dlygate4sd3_1)
     2    0.009946    0.086312    0.588015    7.944167 v hold9/X (sky130_fd_sc_hd__dlygate4sd3_1)
                                                         net180 (net)
                      0.086312    0.000605    7.944772 v _451_/A1 (sky130_fd_sc_hd__mux2_1)
     1    0.002789    0.055092    0.301355    8.246127 v _451_/X (sky130_fd_sc_hd__mux2_1)
                                                         u_ibex.u_ibex_core.if_stage_i.gen_prefetch_buffer.prefetch_buffer_i.branch_discard_s[0] (net)
                      0.055092    0.000195    8.246323 v hold146/A (sky130_fd_sc_hd__dlygate4sd3_1)
     1    0.002089    0.049403    0.545763    8.792087 v hold146/X (sky130_fd_sc_hd__dlygate4sd3_1)
                                                         net317 (net)
                      0.049403    0.000086    8.792172 v hold5/A (sky130_fd_sc_hd__dlygate4sd3_1)
     1    0.002303    0.050201    0.545351    9.337523 v hold5/X (sky130_fd_sc_hd__dlygate4sd3_1)
                                                         net176 (net)
                      0.050201    0.000144    9.337667 v hold147/A (sky130_fd_sc_hd__dlygate4sd3_1)
     1    0.002475    0.051023    0.547206    9.884873 v hold147/X (sky130_fd_sc_hd__dlygate4sd3_1)
                                                         net318 (net)
                      0.051023    0.000182    9.885056 v _557_/D (sky130_fd_sc_hd__dfrtp_1)
                                              9.885056   data arrival time

                                 25.000000   25.000000   clock clk_i (rise edge)
                                  0.000000   25.000000   clock source latency
     2    0.083141    0.377847    0.279778   25.279778 ^ clk_i (in)
                                                         clk_i (net)
                      0.382483    0.000000   25.279778 ^ clkbuf_0_clk_i/A (sky130_fd_sc_hd__clkbuf_16)
     2    0.018889    0.047857    0.218240   25.498016 ^ clkbuf_0_clk_i/X (sky130_fd_sc_hd__clkbuf_16)
                                                         clknet_0_clk_i (net)
                      0.047857    0.000961   25.498978 ^ clkbuf_1_0__f_clk_i/A (sky130_fd_sc_hd__clkbuf_16)
     3    0.008434    0.031988    0.115357   25.614334 ^ clkbuf_1_0__f_clk_i/X (sky130_fd_sc_hd__clkbuf_16)
                                                         clknet_1_0__leaf_clk_i (net)
                      0.031989    0.000407   25.614740 ^ _498_/A (sky130_fd_sc_hd__and2_2)
     3    0.056167    0.287732    0.302977   25.917719 ^ _498_/X (sky130_fd_sc_hd__and2_2)
                                                         u_ibex.clk (net)
                      0.289172    0.016499   25.934217 ^ clkbuf_0_u_ibex.clk/A (sky130_fd_sc_hd__clkbuf_16)
     9    0.085943    0.105335    0.249992   26.184210 ^ clkbuf_0_u_ibex.clk/X (sky130_fd_sc_hd__clkbuf_16)
                                                         clknet_0_u_ibex.clk (net)
                      0.107192    0.011074   26.195284 ^ clkbuf_2_2__f_u_ibex.clk/A (sky130_fd_sc_hd__clkbuf_16)
    31    0.111426    0.125472    0.198986   26.394268 ^ clkbuf_2_2__f_u_ibex.clk/X (sky130_fd_sc_hd__clkbuf_16)
                                                         clknet_2_2__leaf_u_ibex.clk (net)
                      0.142338    0.035065   26.429335 ^ _557_/CLK (sky130_fd_sc_hd__dfrtp_1)
                                 -0.250000   26.179335   clock uncertainty
                                  0.000070   26.179405   clock reconvergence pessimism
                                 -0.094614   26.084789   library setup time
                                             26.084789   data required time
---------------------------------------------------------------------------------------------
                                             26.084789   data required time
                                             -9.885056   data arrival time
---------------------------------------------------------------------------------------------
                                             16.199736   slack (MET)


Startpoint: _574_ (rising edge-triggered flip-flop clocked by clk_i)
Endpoint: _558_ (rising edge-triggered flip-flop clocked by clk_i)
Path Group: clk_i
Path Type: max

Fanout         Cap        Slew       Delay        Time   Description
---------------------------------------------------------------------------------------------
                                  0.000000    0.000000   clock clk_i (rise edge)
                                  0.000000    0.000000   clock source latency
     2    0.083141    0.377847    0.279778    0.279778 ^ clk_i (in)
                                                         clk_i (net)
                      0.382483    0.000000    0.279778 ^ clkbuf_0_clk_i/A (sky130_fd_sc_hd__clkbuf_16)
     2    0.018889    0.047857    0.218239    0.498018 ^ clkbuf_0_clk_i/X (sky130_fd_sc_hd__clkbuf_16)
                                                         clknet_0_clk_i (net)
                      0.047857    0.000962    0.498979 ^ clkbuf_1_0__f_clk_i/A (sky130_fd_sc_hd__clkbuf_16)
     3    0.008434    0.031988    0.115356    0.614336 ^ clkbuf_1_0__f_clk_i/X (sky130_fd_sc_hd__clkbuf_16)
                                                         clknet_1_0__leaf_clk_i (net)
                      0.031989    0.000406    0.614742 ^ _498_/A (sky130_fd_sc_hd__and2_2)
     3    0.056167    0.288109    0.302977    0.917719 ^ _498_/X (sky130_fd_sc_hd__and2_2)
                                                         u_ibex.clk (net)
                      0.289545    0.016500    0.934219 ^ clkbuf_0_u_ibex.clk/A (sky130_fd_sc_hd__clkbuf_16)
     9    0.085943    0.105341    0.250061    1.184280 ^ clkbuf_0_u_ibex.clk/X (sky130_fd_sc_hd__clkbuf_16)
                                                         clknet_0_u_ibex.clk (net)
                      0.107075    0.010702    1.194983 ^ clkbuf_2_3__f_u_ibex.clk/A (sky130_fd_sc_hd__clkbuf_16)
    23    0.084906    0.103015    0.190210    1.385192 ^ clkbuf_2_3__f_u_ibex.clk/X (sky130_fd_sc_hd__clkbuf_16)
                                                         clknet_2_3__leaf_u_ibex.clk (net)
                      0.106551    0.014841    1.400033 ^ _574_/CLK (sky130_fd_sc_hd__dfrtp_1)
     1    0.003853    0.044110    0.382186    1.782219 v _574_/Q (sky130_fd_sc_hd__dfrtp_1)
                                                         u_ibex.u_ibex_core.id_stage_i.controller_i.ctrl_fsm_cs[3] (net)
                      0.044110    0.000247    1.782465 v hold327/A (sky130_fd_sc_hd__dlygate4sd3_1)
     1    0.002793    0.052953    0.547728    2.330194 v hold327/X (sky130_fd_sc_hd__dlygate4sd3_1)
                                                         net498 (net)
                      0.052953    0.000172    2.330365 v hold113/A (sky130_fd_sc_hd__dlygate4sd3_1)
     1    0.002680    0.052195    0.550155    2.880520 v hold113/X (sky130_fd_sc_hd__dlygate4sd3_1)
                                                         net284 (net)
                      0.052195    0.000165    2.880686 v hold328/A (sky130_fd_sc_hd__dlygate4sd3_1)
     2    0.010274    0.087622    0.598274    3.478960 v hold328/X (sky130_fd_sc_hd__dlygate4sd3_1)
                                                         net499 (net)
                      0.087622    0.000531    3.479490 v fanout83/A (sky130_fd_sc_hd__buf_1)
     1    0.005779    0.042473    0.120262    3.599752 v fanout83/X (sky130_fd_sc_hd__buf_1)
                                                         net83 (net)
                      0.042475    0.000372    3.600124 v hold114/A (sky130_fd_sc_hd__dlygate4sd3_1)
     6    0.020624    0.135758    0.642402    4.242526 v hold114/X (sky130_fd_sc_hd__dlygate4sd3_1)
                                                         net285 (net)
                      0.135764    0.000990    4.243516 v _411_/A_N (sky130_fd_sc_hd__and2b_1)
     4    0.018962    0.177897    0.323461    4.566977 ^ _411_/X (sky130_fd_sc_hd__and2b_1)
                                                         _165_ (net)
                      0.177913    0.001787    4.568763 ^ _412_/B (sky130_fd_sc_hd__nand2_1)
     1    0.003185    0.064900    0.078387    4.647150 v _412_/Y (sky130_fd_sc_hd__nand2_1)
                                                         _166_ (net)
                      0.064901    0.000239    4.647389 v hold231/A (sky130_fd_sc_hd__dlygate4sd3_1)
     1    0.002879    0.053421    0.557383    5.204772 v hold231/X (sky130_fd_sc_hd__dlygate4sd3_1)
                                                         net402 (net)
                      0.053421    0.000167    5.204939 v hold52/A (sky130_fd_sc_hd__dlygate4sd3_1)
     2    0.005995    0.068592    0.573702    5.778642 v hold52/X (sky130_fd_sc_hd__dlygate4sd3_1)
                                                         net223 (net)
                      0.068592    0.000376    5.779017 v _413_/B (sky130_fd_sc_hd__nor2_1)
     2    0.011605    0.221485    0.198325    5.977342 ^ _413_/Y (sky130_fd_sc_hd__nor2_1)
                                                         _167_ (net)
                      0.221488    0.000674    5.978016 ^ _435_/B1 (sky130_fd_sc_hd__o21ai_1)
     1    0.002227    0.065390    0.093749    6.071765 v _435_/Y (sky130_fd_sc_hd__o21ai_1)
                                                         _186_ (net)
                      0.065390    0.000092    6.071857 v hold136/A (sky130_fd_sc_hd__dlygate4sd3_1)
     1    0.004634    0.062169    0.570249    6.642107 v hold136/X (sky130_fd_sc_hd__dlygate4sd3_1)
                                                         net307 (net)
                      0.062169    0.000347    6.642454 v _436_/B (sky130_fd_sc_hd__nand2b_2)
     1    0.003147    0.041734    0.065564    6.708018 ^ _436_/Y (sky130_fd_sc_hd__nand2b_2)
                                                         _187_ (net)
                      0.041734    0.000196    6.708214 ^ hold137/A (sky130_fd_sc_hd__dlygate4sd3_1)
     5    0.025814    0.261529    0.696196    7.404410 ^ hold137/X (sky130_fd_sc_hd__dlygate4sd3_1)
                                                         net308 (net)
                      0.261532    0.001407    7.405817 ^ _450_/A2 (sky130_fd_sc_hd__a21o_1)
     1    0.002125    0.034829    0.151444    7.557261 ^ _450_/X (sky130_fd_sc_hd__a21o_1)
                                                         _197_ (net)
                      0.034829    0.000153    7.557414 ^ hold9/A (sky130_fd_sc_hd__dlygate4sd3_1)
     2    0.010243    0.118045    0.588316    8.145730 ^ hold9/X (sky130_fd_sc_hd__dlygate4sd3_1)
                                                         net180 (net)
                      0.118048    0.000757    8.146486 ^ _452_/B (sky130_fd_sc_hd__and2b_1)
     1    0.002419    0.038735    0.129340    8.275826 ^ _452_/X (sky130_fd_sc_hd__and2b_1)
                                                         u_ibex.u_ibex_core.if_stage_i.gen_prefetch_buffer.prefetch_buffer_i.branch_discard_s[1] (net)
                      0.038735    0.000101    8.275928 ^ hold350/A (sky130_fd_sc_hd__dlygate4sd3_1)
     1    0.002830    0.053124    0.533028    8.808955 ^ hold350/X (sky130_fd_sc_hd__dlygate4sd3_1)
                                                         net521 (net)
                      0.053124    0.000210    8.809165 ^ hold10/A (sky130_fd_sc_hd__dlygate4sd3_1)
     1    0.003468    0.058663    0.543636    9.352801 ^ hold10/X (sky130_fd_sc_hd__dlygate4sd3_1)
                                                         net181 (net)
                      0.058663    0.000203    9.353004 ^ hold351/A (sky130_fd_sc_hd__dlygate4sd3_1)
     1    0.002513    0.050458    0.536346    9.889351 ^ hold351/X (sky130_fd_sc_hd__dlygate4sd3_1)
                                                         net522 (net)
                      0.050458    0.000174    9.889525 ^ _558_/D (sky130_fd_sc_hd__dfrtp_1)
                                              9.889525   data arrival time

                                 25.000000   25.000000   clock clk_i (rise edge)
                                  0.000000   25.000000   clock source latency
     2    0.083141    0.377847    0.279778   25.279778 ^ clk_i (in)
                                                         clk_i (net)
                      0.382483    0.000000   25.279778 ^ clkbuf_0_clk_i/A (sky130_fd_sc_hd__clkbuf_16)
     2    0.018889    0.047857    0.218240   25.498016 ^ clkbuf_0_clk_i/X (sky130_fd_sc_hd__clkbuf_16)
                                                         clknet_0_clk_i (net)
                      0.047857    0.000961   25.498978 ^ clkbuf_1_0__f_clk_i/A (sky130_fd_sc_hd__clkbuf_16)
     3    0.008434    0.031988    0.115357   25.614334 ^ clkbuf_1_0__f_clk_i/X (sky130_fd_sc_hd__clkbuf_16)
                                                         clknet_1_0__leaf_clk_i (net)
                      0.031989    0.000407   25.614740 ^ _498_/A (sky130_fd_sc_hd__and2_2)
     3    0.056167    0.287732    0.302977   25.917719 ^ _498_/X (sky130_fd_sc_hd__and2_2)
                                                         u_ibex.clk (net)
                      0.289172    0.016499   25.934217 ^ clkbuf_0_u_ibex.clk/A (sky130_fd_sc_hd__clkbuf_16)
     9    0.085943    0.105335    0.249992   26.184210 ^ clkbuf_0_u_ibex.clk/X (sky130_fd_sc_hd__clkbuf_16)
                                                         clknet_0_u_ibex.clk (net)
                      0.107192    0.011074   26.195284 ^ clkbuf_2_2__f_u_ibex.clk/A (sky130_fd_sc_hd__clkbuf_16)
    31    0.111426    0.125472    0.198986   26.394268 ^ clkbuf_2_2__f_u_ibex.clk/X (sky130_fd_sc_hd__clkbuf_16)
                                                         clknet_2_2__leaf_u_ibex.clk (net)
                      0.141973    0.034664   26.428932 ^ _558_/CLK (sky130_fd_sc_hd__dfrtp_1)
                                 -0.250000   26.178934   clock uncertainty
                                  0.000070   26.179003   clock reconvergence pessimism
                                 -0.046496   26.132507   library setup time
                                             26.132507   data required time
---------------------------------------------------------------------------------------------
                                             26.132507   data required time
                                             -9.889525   data arrival time
---------------------------------------------------------------------------------------------
                                             16.242983   slack (MET)


Startpoint: tl_i[64] (input port clocked by clk_i)
Endpoint: _572_ (rising edge-triggered flip-flop clocked by clk_i)
Path Group: clk_i
Path Type: max

Fanout         Cap        Slew       Delay        Time   Description
---------------------------------------------------------------------------------------------
                                  0.000000    0.000000   clock clk_i (rise edge)
                                  0.000000    0.000000   clock network delay (propagated)
                                  5.000000    5.000000 v input external delay
     2    0.004796    0.013190    0.007796    5.007797 v tl_i[64] (in)
                                                         tl_i[64] (net)
                      0.013191    0.000000    5.007797 v input14/A (sky130_fd_sc_hd__clkbuf_4)
     3    0.043384    0.096146    0.181388    5.189184 v input14/X (sky130_fd_sc_hd__clkbuf_4)
                                                         net14 (net)
                      0.096239    0.002686    5.191871 v _423_/A (sky130_fd_sc_hd__xor2_4)
     3    0.072712    0.196825    0.267966    5.459836 v _423_/X (sky130_fd_sc_hd__xor2_4)
                                                         _176_ (net)
                      0.199916    0.019501    5.479337 v wire85/A (sky130_fd_sc_hd__buf_8)
     3    0.119114    0.086248    0.229524    5.708861 v wire85/X (sky130_fd_sc_hd__buf_8)
                                                         net85 (net)
                      0.132242    0.049565    5.758427 v _426_/B (sky130_fd_sc_hd__or4_4)
     3    0.074088    0.186197    0.680209    6.438636 v _426_/X (sky130_fd_sc_hd__or4_4)
                                                         _179_ (net)
                      0.193306    0.028060    6.466696 v _429_/C (sky130_fd_sc_hd__or4_1)
     1    0.002478    0.079530    0.503571    6.970267 v _429_/X (sky130_fd_sc_hd__or4_1)
                                                         _182_ (net)
                      0.079530    0.000179    6.970446 v _430_/A2 (sky130_fd_sc_hd__a21o_1)
     3    0.012433    0.072373    0.226998    7.197444 v _430_/X (sky130_fd_sc_hd__a21o_1)
                                                         _183_ (net)
                      0.072394    0.001187    7.198631 v _432_/A2 (sky130_fd_sc_hd__o211a_1)
     1    0.002659    0.037713    0.207983    7.406614 v _432_/X (sky130_fd_sc_hd__o211a_1)
                                                         u_ibex.u_ibex_core.id_stage_i.controller_i.exc_req_lsu (net)
                      0.037713    0.000179    7.406793 v hold316/A (sky130_fd_sc_hd__dlygate4sd3_1)
     1    0.002286    0.050239    0.540649    7.947442 v hold316/X (sky130_fd_sc_hd__dlygate4sd3_1)
                                                         net487 (net)
                      0.050239    0.000147    7.947589 v hold102/A (sky130_fd_sc_hd__dlygate4sd3_1)
     2    0.009953    0.086294    0.595926    8.543515 v hold102/X (sky130_fd_sc_hd__dlygate4sd3_1)
                                                         net273 (net)
                      0.086294    0.000985    8.544500 v _485_/A2 (sky130_fd_sc_hd__o21ai_2)
     4    0.018923    0.242471    0.236269    8.780769 ^ _485_/Y (sky130_fd_sc_hd__o21ai_2)
                                                         _227_ (net)
                      0.242477    0.000958    8.781728 ^ _496_/B (sky130_fd_sc_hd__nor2_1)
     3    0.010041    0.085328    0.113841    8.895569 v _496_/Y (sky130_fd_sc_hd__nor2_1)
                                                         _235_ (net)
                      0.085332    0.000645    8.896214 v _504_/B (sky130_fd_sc_hd__or2_1)
     1    0.001922    0.043173    0.209555    9.105769 v _504_/X (sky130_fd_sc_hd__or2_1)
                                                         _003_ (net)
                      0.043173    0.000090    9.105859 v hold125/A (sky130_fd_sc_hd__dlygate4sd3_1)
     1    0.002401    0.050663    0.543799    9.649657 v hold125/X (sky130_fd_sc_hd__dlygate4sd3_1)
                                                         net296 (net)
                      0.050663    0.000167    9.649824 v _572_/D (sky130_fd_sc_hd__dfrtp_1)
                                              9.649824   data arrival time

                                 25.000000   25.000000   clock clk_i (rise edge)
                                  0.000000   25.000000   clock source latency
     2    0.083141    0.377847    0.279778   25.279778 ^ clk_i (in)
                                                         clk_i (net)
                      0.382483    0.000000   25.279778 ^ clkbuf_0_clk_i/A (sky130_fd_sc_hd__clkbuf_16)
     2    0.018889    0.047857    0.218240   25.498016 ^ clkbuf_0_clk_i/X (sky130_fd_sc_hd__clkbuf_16)
                                                         clknet_0_clk_i (net)
                      0.047857    0.000961   25.498978 ^ clkbuf_1_0__f_clk_i/A (sky130_fd_sc_hd__clkbuf_16)
     3    0.008434    0.031988    0.115357   25.614334 ^ clkbuf_1_0__f_clk_i/X (sky130_fd_sc_hd__clkbuf_16)
                                                         clknet_1_0__leaf_clk_i (net)
                      0.031989    0.000407   25.614740 ^ _498_/A (sky130_fd_sc_hd__and2_2)
     3    0.056167    0.287732    0.302977   25.917719 ^ _498_/X (sky130_fd_sc_hd__and2_2)
                                                         u_ibex.clk (net)
                      0.289172    0.016499   25.934217 ^ clkbuf_0_u_ibex.clk/A (sky130_fd_sc_hd__clkbuf_16)
     9    0.085943    0.105335    0.249992   26.184210 ^ clkbuf_0_u_ibex.clk/X (sky130_fd_sc_hd__clkbuf_16)
                                                         clknet_0_u_ibex.clk (net)
                      0.107192    0.011074   26.195284 ^ clkbuf_2_2__f_u_ibex.clk/A (sky130_fd_sc_hd__clkbuf_16)
    31    0.111426    0.125472    0.198986   26.394268 ^ clkbuf_2_2__f_u_ibex.clk/X (sky130_fd_sc_hd__clkbuf_16)
                                                         clknet_2_2__leaf_u_ibex.clk (net)
                      0.140591    0.033110   26.427378 ^ _572_/CLK (sky130_fd_sc_hd__dfrtp_1)
                                 -0.250000   26.177380   clock uncertainty
                                  0.000000   26.177380   clock reconvergence pessimism
                                 -0.094857   26.082521   library setup time
                                             26.082521   data required time
---------------------------------------------------------------------------------------------
                                             26.082521   data required time
                                             -9.649824   data arrival time
---------------------------------------------------------------------------------------------
                                             16.432697   slack (MET)


Startpoint: tl_i[64] (input port clocked by clk_i)
Endpoint: _575_ (rising edge-triggered flip-flop clocked by clk_i)
Path Group: clk_i
Path Type: max

Fanout         Cap        Slew       Delay        Time   Description
---------------------------------------------------------------------------------------------
                                  0.000000    0.000000   clock clk_i (rise edge)
                                  0.000000    0.000000   clock network delay (propagated)
                                  5.000000    5.000000 v input external delay
     2    0.004796    0.013190    0.007796    5.007797 v tl_i[64] (in)
                                                         tl_i[64] (net)
                      0.013191    0.000000    5.007797 v input14/A (sky130_fd_sc_hd__clkbuf_4)
     3    0.043384    0.096146    0.181388    5.189184 v input14/X (sky130_fd_sc_hd__clkbuf_4)
                                                         net14 (net)
                      0.096239    0.002686    5.191871 v _423_/A (sky130_fd_sc_hd__xor2_4)
     3    0.072712    0.196825    0.267966    5.459836 v _423_/X (sky130_fd_sc_hd__xor2_4)
                                                         _176_ (net)
                      0.199916    0.019501    5.479337 v wire85/A (sky130_fd_sc_hd__buf_8)
     3    0.119114    0.086248    0.229524    5.708861 v wire85/X (sky130_fd_sc_hd__buf_8)
                                                         net85 (net)
                      0.132242    0.049565    5.758427 v _426_/B (sky130_fd_sc_hd__or4_4)
     3    0.074088    0.186197    0.680209    6.438636 v _426_/X (sky130_fd_sc_hd__or4_4)
                                                         _179_ (net)
                      0.193306    0.028060    6.466696 v _429_/C (sky130_fd_sc_hd__or4_1)
     1    0.002478    0.079530    0.503571    6.970267 v _429_/X (sky130_fd_sc_hd__or4_1)
                                                         _182_ (net)
                      0.079530    0.000179    6.970446 v _430_/A2 (sky130_fd_sc_hd__a21o_1)
     3    0.012433    0.072373    0.226998    7.197444 v _430_/X (sky130_fd_sc_hd__a21o_1)
                                                         _183_ (net)
                      0.072384    0.000911    7.198355 v _510_/A0 (sky130_fd_sc_hd__mux2_1)
     1    0.002320    0.052498    0.281680    7.480034 v _510_/X (sky130_fd_sc_hd__mux2_1)
                                                         _006_ (net)
                      0.052498    0.000147    7.480181 v hold265/A (sky130_fd_sc_hd__dlygate4sd3_1)
     1    0.003001    0.054181    0.552868    8.033050 v hold265/X (sky130_fd_sc_hd__dlygate4sd3_1)
                                                         net436 (net)
                      0.054181    0.000211    8.033260 v hold72/A (sky130_fd_sc_hd__dlygate4sd3_1)
     1    0.002282    0.050107    0.547105    8.580366 v hold72/X (sky130_fd_sc_hd__dlygate4sd3_1)
                                                         net243 (net)
                      0.050107    0.000092    8.580459 v hold266/A (sky130_fd_sc_hd__dlygate4sd3_1)
     1    0.002681    0.052222    0.549047    9.129505 v hold266/X (sky130_fd_sc_hd__dlygate4sd3_1)
                                                         net437 (net)
                      0.052222    0.000177    9.129683 v _575_/D (sky130_fd_sc_hd__dfrtp_1)
                                              9.129683   data arrival time

                                 25.000000   25.000000   clock clk_i (rise edge)
                                  0.000000   25.000000   clock source latency
     2    0.083141    0.377847    0.279778   25.279778 ^ clk_i (in)
                                                         clk_i (net)
                      0.382483    0.000000   25.279778 ^ clkbuf_0_clk_i/A (sky130_fd_sc_hd__clkbuf_16)
     2    0.018889    0.047857    0.218240   25.498016 ^ clkbuf_0_clk_i/X (sky130_fd_sc_hd__clkbuf_16)
                                                         clknet_0_clk_i (net)
                      0.047857    0.000961   25.498978 ^ clkbuf_1_0__f_clk_i/A (sky130_fd_sc_hd__clkbuf_16)
     3    0.008434    0.031988    0.115357   25.614334 ^ clkbuf_1_0__f_clk_i/X (sky130_fd_sc_hd__clkbuf_16)
                                                         clknet_1_0__leaf_clk_i (net)
                      0.031989    0.000407   25.614740 ^ _498_/A (sky130_fd_sc_hd__and2_2)
     3    0.056167    0.287732    0.302977   25.917719 ^ _498_/X (sky130_fd_sc_hd__and2_2)
                                                         u_ibex.clk (net)
                      0.289172    0.016499   25.934217 ^ clkbuf_0_u_ibex.clk/A (sky130_fd_sc_hd__clkbuf_16)
     9    0.085943    0.105335    0.249992   26.184210 ^ clkbuf_0_u_ibex.clk/X (sky130_fd_sc_hd__clkbuf_16)
                                                         clknet_0_u_ibex.clk (net)
                      0.107192    0.011074   26.195284 ^ clkbuf_2_2__f_u_ibex.clk/A (sky130_fd_sc_hd__clkbuf_16)
    31    0.111426    0.125472    0.198986   26.394268 ^ clkbuf_2_2__f_u_ibex.clk/X (sky130_fd_sc_hd__clkbuf_16)
                                                         clknet_2_2__leaf_u_ibex.clk (net)
                      0.134521    0.025453   26.419722 ^ _575_/CLK (sky130_fd_sc_hd__dfrtp_1)
                                 -0.250000   26.169724   clock uncertainty
                                  0.000000   26.169724   clock reconvergence pessimism
                                 -0.096924   26.072800   library setup time
                                             26.072800   data required time
---------------------------------------------------------------------------------------------
                                             26.072800   data required time
                                             -9.129683   data arrival time
---------------------------------------------------------------------------------------------
                                             16.943117   slack (MET)


Startpoint: tl_i[64] (input port clocked by clk_i)
Endpoint: _568_ (rising edge-triggered flip-flop clocked by clk_i)
Path Group: clk_i
Path Type: max

Fanout         Cap        Slew       Delay        Time   Description
---------------------------------------------------------------------------------------------
                                  0.000000    0.000000   clock clk_i (rise edge)
                                  0.000000    0.000000   clock network delay (propagated)
                                  5.000000    5.000000 v input external delay
     2    0.004796    0.013190    0.007796    5.007797 v tl_i[64] (in)
                                                         tl_i[64] (net)
                      0.013191    0.000000    5.007797 v input14/A (sky130_fd_sc_hd__clkbuf_4)
     3    0.043384    0.096146    0.181388    5.189184 v input14/X (sky130_fd_sc_hd__clkbuf_4)
                                                         net14 (net)
                      0.096239    0.002686    5.191871 v _423_/A (sky130_fd_sc_hd__xor2_4)
     3    0.072712    0.196825    0.267966    5.459836 v _423_/X (sky130_fd_sc_hd__xor2_4)
                                                         _176_ (net)
                      0.199916    0.019501    5.479337 v wire85/A (sky130_fd_sc_hd__buf_8)
     3    0.119114    0.086248    0.229524    5.708861 v wire85/X (sky130_fd_sc_hd__buf_8)
                                                         net85 (net)
                      0.132242    0.049565    5.758427 v _426_/B (sky130_fd_sc_hd__or4_4)
     3    0.074088    0.186197    0.680209    6.438636 v _426_/X (sky130_fd_sc_hd__or4_4)
                                                         _179_ (net)
                      0.193306    0.028060    6.466696 v _429_/C (sky130_fd_sc_hd__or4_1)
     1    0.002478    0.079530    0.503571    6.970267 v _429_/X (sky130_fd_sc_hd__or4_1)
                                                         _182_ (net)
                      0.079530    0.000179    6.970446 v _430_/A2 (sky130_fd_sc_hd__a21o_1)
     3    0.012433    0.072373    0.226998    7.197444 v _430_/X (sky130_fd_sc_hd__a21o_1)
                                                         _183_ (net)
                      0.072394    0.001187    7.198631 v _432_/A2 (sky130_fd_sc_hd__o211a_1)
     1    0.002659    0.037713    0.207983    7.406614 v _432_/X (sky130_fd_sc_hd__o211a_1)
                                                         u_ibex.u_ibex_core.id_stage_i.controller_i.exc_req_lsu (net)
                      0.037713    0.000179    7.406793 v hold316/A (sky130_fd_sc_hd__dlygate4sd3_1)
     1    0.002286    0.050239    0.540649    7.947442 v hold316/X (sky130_fd_sc_hd__dlygate4sd3_1)
                                                         net487 (net)
                      0.050239    0.000147    7.947589 v hold102/A (sky130_fd_sc_hd__dlygate4sd3_1)
     2    0.009953    0.086294    0.595926    8.543515 v hold102/X (sky130_fd_sc_hd__dlygate4sd3_1)
                                                         net273 (net)
                      0.086294    0.000605    8.544121 v hold317/A (sky130_fd_sc_hd__dlygate4sd3_1)
     1    0.003204    0.055575    0.570028    9.114148 v hold317/X (sky130_fd_sc_hd__dlygate4sd3_1)
                                                         net488 (net)
                      0.055575    0.000224    9.114371 v _568_/D (sky130_fd_sc_hd__dfrtp_1)
                                              9.114371   data arrival time

                                 25.000000   25.000000   clock clk_i (rise edge)
                                  0.000000   25.000000   clock source latency
     2    0.083141    0.377847    0.279778   25.279778 ^ clk_i (in)
                                                         clk_i (net)
                      0.382483    0.000000   25.279778 ^ clkbuf_0_clk_i/A (sky130_fd_sc_hd__clkbuf_16)
     2    0.018889    0.047857    0.218240   25.498016 ^ clkbuf_0_clk_i/X (sky130_fd_sc_hd__clkbuf_16)
                                                         clknet_0_clk_i (net)
                      0.047857    0.000961   25.498978 ^ clkbuf_1_0__f_clk_i/A (sky130_fd_sc_hd__clkbuf_16)
     3    0.008434    0.031988    0.115357   25.614334 ^ clkbuf_1_0__f_clk_i/X (sky130_fd_sc_hd__clkbuf_16)
                                                         clknet_1_0__leaf_clk_i (net)
                      0.031989    0.000407   25.614740 ^ _498_/A (sky130_fd_sc_hd__and2_2)
     3    0.056167    0.287732    0.302977   25.917719 ^ _498_/X (sky130_fd_sc_hd__and2_2)
                                                         u_ibex.clk (net)
                      0.289172    0.016499   25.934217 ^ clkbuf_0_u_ibex.clk/A (sky130_fd_sc_hd__clkbuf_16)
     9    0.085943    0.105335    0.249992   26.184210 ^ clkbuf_0_u_ibex.clk/X (sky130_fd_sc_hd__clkbuf_16)
                                                         clknet_0_u_ibex.clk (net)
                      0.107192    0.011074   26.195284 ^ clkbuf_2_2__f_u_ibex.clk/A (sky130_fd_sc_hd__clkbuf_16)
    31    0.111426    0.125472    0.198986   26.394268 ^ clkbuf_2_2__f_u_ibex.clk/X (sky130_fd_sc_hd__clkbuf_16)
                                                         clknet_2_2__leaf_u_ibex.clk (net)
                      0.139910    0.032323   26.426592 ^ _568_/CLK (sky130_fd_sc_hd__dfrtp_1)
                                 -0.250000   26.176592   clock uncertainty
                                  0.000000   26.176592   clock reconvergence pessimism
                                 -0.097145   26.079447   library setup time
                                             26.079447   data required time
---------------------------------------------------------------------------------------------
                                             26.079447   data required time
                                             -9.114371   data arrival time
---------------------------------------------------------------------------------------------
                                             16.965075   slack (MET)


Startpoint: tl_i[0] (input port clocked by clk_i)
Endpoint: _576_ (rising edge-triggered flip-flop clocked by clk_i)
Path Group: clk_i
Path Type: max

Fanout         Cap        Slew       Delay        Time   Description
---------------------------------------------------------------------------------------------
                                  0.000000    0.000000   clock clk_i (rise edge)
                                  0.000000    0.000000   clock network delay (propagated)
                                  5.000000    5.000000 ^ input external delay
     2    0.006581    0.036250    0.023059    5.023059 ^ tl_i[0] (in)
                                                         tl_i[0] (net)
                      0.036253    0.000000    5.023059 ^ input2/A (sky130_fd_sc_hd__clkbuf_8)
    11    0.113107    0.194991    0.211360    5.234420 ^ input2/X (sky130_fd_sc_hd__clkbuf_8)
                                                         net2 (net)
                      0.225541    0.057954    5.292373 ^ _254_/A (sky130_fd_sc_hd__inv_2)
     2    0.007149    0.052271    0.062863    5.355236 v _254_/Y (sky130_fd_sc_hd__inv_2)
                                                         _045_ (net)
                      0.052277    0.000438    5.355674 v _511_/A1 (sky130_fd_sc_hd__a21oi_1)
     1    0.002772    0.114616    0.119445    5.475119 ^ _511_/Y (sky130_fd_sc_hd__a21oi_1)
                                                         _241_ (net)
                      0.114616    0.000191    5.475311 ^ hold119/A (sky130_fd_sc_hd__dlygate4sd3_1)
     1    0.004726    0.069715    0.570870    6.046181 ^ hold119/X (sky130_fd_sc_hd__dlygate4sd3_1)
                                                         net290 (net)
                      0.069715    0.000353    6.046535 ^ _512_/B1 (sky130_fd_sc_hd__o22ai_2)
     1    0.002308    0.065428    0.068073    6.114607 v _512_/Y (sky130_fd_sc_hd__o22ai_2)
                                                         _242_ (net)
                      0.065428    0.000108    6.114716 v hold120/A (sky130_fd_sc_hd__dlygate4sd3_1)
     5    0.017269    0.120050    0.636131    6.750846 v hold120/X (sky130_fd_sc_hd__dlygate4sd3_1)
                                                         net291 (net)
                      0.120068    0.001474    6.752321 v _516_/A3 (sky130_fd_sc_hd__o31a_1)
     1    0.005514    0.059214    0.274631    7.026951 v _516_/X (sky130_fd_sc_hd__o31a_1)
                                                         _246_ (net)
                      0.059216    0.000398    7.027349 v hold93/A (sky130_fd_sc_hd__dlygate4sd3_1)
     1    0.002563    0.051528    0.551949    7.579298 v hold93/X (sky130_fd_sc_hd__dlygate4sd3_1)
                                                         net264 (net)
                      0.051528    0.000099    7.579397 v _517_/B (sky130_fd_sc_hd__or2_1)
     1    0.002653    0.046977    0.202049    7.781446 v _517_/X (sky130_fd_sc_hd__or2_1)
                                                         _007_ (net)
                      0.046977    0.000177    7.781623 v hold94/A (sky130_fd_sc_hd__dlygate4sd3_1)
     1    0.002271    0.050103    0.544105    8.325727 v hold94/X (sky130_fd_sc_hd__dlygate4sd3_1)
                                                         net265 (net)
                      0.050103    0.000162    8.325890 v _576_/D (sky130_fd_sc_hd__dfrtp_1)
                                              8.325890   data arrival time

                                 25.000000   25.000000   clock clk_i (rise edge)
                                  0.000000   25.000000   clock source latency
     2    0.083141    0.377847    0.279778   25.279778 ^ clk_i (in)
                                                         clk_i (net)
                      0.382483    0.000000   25.279778 ^ clkbuf_0_clk_i/A (sky130_fd_sc_hd__clkbuf_16)
     2    0.018889    0.047857    0.218240   25.498016 ^ clkbuf_0_clk_i/X (sky130_fd_sc_hd__clkbuf_16)
                                                         clknet_0_clk_i (net)
                      0.047857    0.000961   25.498978 ^ clkbuf_1_0__f_clk_i/A (sky130_fd_sc_hd__clkbuf_16)
     3    0.008434    0.031988    0.115357   25.614334 ^ clkbuf_1_0__f_clk_i/X (sky130_fd_sc_hd__clkbuf_16)
                                                         clknet_1_0__leaf_clk_i (net)
                      0.031989    0.000407   25.614740 ^ _498_/A (sky130_fd_sc_hd__and2_2)
     3    0.056167    0.287732    0.302977   25.917719 ^ _498_/X (sky130_fd_sc_hd__and2_2)
                                                         u_ibex.clk (net)
                      0.289172    0.016499   25.934217 ^ clkbuf_0_u_ibex.clk/A (sky130_fd_sc_hd__clkbuf_16)
     9    0.085943    0.105335    0.249992   26.184210 ^ clkbuf_0_u_ibex.clk/X (sky130_fd_sc_hd__clkbuf_16)
                                                         clknet_0_u_ibex.clk (net)
                      0.107069    0.010703   26.194912 ^ clkbuf_2_3__f_u_ibex.clk/A (sky130_fd_sc_hd__clkbuf_16)
    23    0.084906    0.103015    0.190207   26.385118 ^ clkbuf_2_3__f_u_ibex.clk/X (sky130_fd_sc_hd__clkbuf_16)
                                                         clknet_2_3__leaf_u_ibex.clk (net)
                      0.104715    0.010388   26.395508 ^ _576_/CLK (sky130_fd_sc_hd__dfrtp_1)
                                 -0.250000   26.145508   clock uncertainty
                                  0.000000   26.145508   clock reconvergence pessimism
                                 -0.102828   26.042681   library setup time
                                             26.042681   data required time
---------------------------------------------------------------------------------------------
                                             26.042681   data required time
                                             -8.325890   data arrival time
---------------------------------------------------------------------------------------------
                                             17.716791   slack (MET)


Startpoint: _574_ (rising edge-triggered flip-flop clocked by clk_i)
Endpoint: _567_ (rising edge-triggered flip-flop clocked by clk_i)
Path Group: clk_i
Path Type: max

Fanout         Cap        Slew       Delay        Time   Description
---------------------------------------------------------------------------------------------
                                  0.000000    0.000000   clock clk_i (rise edge)
                                  0.000000    0.000000   clock source latency
     2    0.083141    0.377847    0.279778    0.279778 ^ clk_i (in)
                                                         clk_i (net)
                      0.382483    0.000000    0.279778 ^ clkbuf_0_clk_i/A (sky130_fd_sc_hd__clkbuf_16)
     2    0.018889    0.047857    0.218239    0.498018 ^ clkbuf_0_clk_i/X (sky130_fd_sc_hd__clkbuf_16)
                                                         clknet_0_clk_i (net)
                      0.047857    0.000962    0.498979 ^ clkbuf_1_0__f_clk_i/A (sky130_fd_sc_hd__clkbuf_16)
     3    0.008434    0.031988    0.115356    0.614336 ^ clkbuf_1_0__f_clk_i/X (sky130_fd_sc_hd__clkbuf_16)
                                                         clknet_1_0__leaf_clk_i (net)
                      0.031989    0.000406    0.614742 ^ _498_/A (sky130_fd_sc_hd__and2_2)
     3    0.056167    0.288109    0.302977    0.917719 ^ _498_/X (sky130_fd_sc_hd__and2_2)
                                                         u_ibex.clk (net)
                      0.289545    0.016500    0.934219 ^ clkbuf_0_u_ibex.clk/A (sky130_fd_sc_hd__clkbuf_16)
     9    0.085943    0.105341    0.250061    1.184280 ^ clkbuf_0_u_ibex.clk/X (sky130_fd_sc_hd__clkbuf_16)
                                                         clknet_0_u_ibex.clk (net)
                      0.107075    0.010702    1.194983 ^ clkbuf_2_3__f_u_ibex.clk/A (sky130_fd_sc_hd__clkbuf_16)
    23    0.084906    0.103015    0.190210    1.385192 ^ clkbuf_2_3__f_u_ibex.clk/X (sky130_fd_sc_hd__clkbuf_16)
                                                         clknet_2_3__leaf_u_ibex.clk (net)
                      0.106551    0.014841    1.400033 ^ _574_/CLK (sky130_fd_sc_hd__dfrtp_1)
     1    0.003853    0.044110    0.382186    1.782219 v _574_/Q (sky130_fd_sc_hd__dfrtp_1)
                                                         u_ibex.u_ibex_core.id_stage_i.controller_i.ctrl_fsm_cs[3] (net)
                      0.044110    0.000247    1.782465 v hold327/A (sky130_fd_sc_hd__dlygate4sd3_1)
     1    0.002793    0.052953    0.547728    2.330194 v hold327/X (sky130_fd_sc_hd__dlygate4sd3_1)
                                                         net498 (net)
                      0.052953    0.000172    2.330365 v hold113/A (sky130_fd_sc_hd__dlygate4sd3_1)
     1    0.002680    0.052195    0.550155    2.880520 v hold113/X (sky130_fd_sc_hd__dlygate4sd3_1)
                                                         net284 (net)
                      0.052195    0.000165    2.880686 v hold328/A (sky130_fd_sc_hd__dlygate4sd3_1)
     2    0.010274    0.087622    0.598274    3.478960 v hold328/X (sky130_fd_sc_hd__dlygate4sd3_1)
                                                         net499 (net)
                      0.087622    0.000531    3.479490 v fanout83/A (sky130_fd_sc_hd__buf_1)
     1    0.005779    0.042473    0.120262    3.599752 v fanout83/X (sky130_fd_sc_hd__buf_1)
                                                         net83 (net)
                      0.042475    0.000372    3.600124 v hold114/A (sky130_fd_sc_hd__dlygate4sd3_1)
     6    0.020624    0.135758    0.642402    4.242526 v hold114/X (sky130_fd_sc_hd__dlygate4sd3_1)
                                                         net285 (net)
                      0.135764    0.000990    4.243516 v _411_/A_N (sky130_fd_sc_hd__and2b_1)
     4    0.018962    0.177897    0.323461    4.566977 ^ _411_/X (sky130_fd_sc_hd__and2b_1)
                                                         _165_ (net)
                      0.177913    0.001787    4.568763 ^ _412_/B (sky130_fd_sc_hd__nand2_1)
     1    0.003185    0.064900    0.078387    4.647150 v _412_/Y (sky130_fd_sc_hd__nand2_1)
                                                         _166_ (net)
                      0.064901    0.000239    4.647389 v hold231/A (sky130_fd_sc_hd__dlygate4sd3_1)
     1    0.002879    0.053421    0.557383    5.204772 v hold231/X (sky130_fd_sc_hd__dlygate4sd3_1)
                                                         net402 (net)
                      0.053421    0.000167    5.204939 v hold52/A (sky130_fd_sc_hd__dlygate4sd3_1)
     2    0.005995    0.068592    0.573702    5.778642 v hold52/X (sky130_fd_sc_hd__dlygate4sd3_1)
                                                         net223 (net)
                      0.068592    0.000315    5.778956 v hold232/A (sky130_fd_sc_hd__dlygate4sd3_1)
     1    0.002820    0.053075    0.558523    6.337480 v hold232/X (sky130_fd_sc_hd__dlygate4sd3_1)
                                                         net403 (net)
                      0.053075    0.000136    6.337616 v _414_/A2 (sky130_fd_sc_hd__o211a_1)
     1    0.001803    0.034038    0.194146    6.531762 v _414_/X (sky130_fd_sc_hd__o211a_1)
                                                         u_ibex.u_ibex_core.id_stage_i.controller_i.exc_req_d (net)
                      0.034038    0.000128    6.531890 v hold233/A (sky130_fd_sc_hd__dlygate4sd3_1)
     1    0.002047    0.049342    0.537065    7.068954 v hold233/X (sky130_fd_sc_hd__dlygate4sd3_1)
                                                         net404 (net)
                      0.049342    0.000090    7.069045 v hold53/A (sky130_fd_sc_hd__dlygate4sd3_1)
     2    0.007007    0.073889    0.578663    7.647707 v hold53/X (sky130_fd_sc_hd__dlygate4sd3_1)
                                                         net224 (net)
                      0.073889    0.000204    7.647912 v hold234/A (sky130_fd_sc_hd__dlygate4sd3_1)
     1    0.004190    0.059621    0.571271    8.219183 v hold234/X (sky130_fd_sc_hd__dlygate4sd3_1)
                                                         net405 (net)
                      0.059621    0.000274    8.219458 v _567_/D (sky130_fd_sc_hd__dfrtp_1)
                                              8.219458   data arrival time

                                 25.000000   25.000000   clock clk_i (rise edge)
                                  0.000000   25.000000   clock source latency
     2    0.083141    0.377847    0.279778   25.279778 ^ clk_i (in)
                                                         clk_i (net)
                      0.382483    0.000000   25.279778 ^ clkbuf_0_clk_i/A (sky130_fd_sc_hd__clkbuf_16)
     2    0.018889    0.047857    0.218240   25.498016 ^ clkbuf_0_clk_i/X (sky130_fd_sc_hd__clkbuf_16)
                                                         clknet_0_clk_i (net)
                      0.047857    0.000961   25.498978 ^ clkbuf_1_0__f_clk_i/A (sky130_fd_sc_hd__clkbuf_16)
     3    0.008434    0.031988    0.115357   25.614334 ^ clkbuf_1_0__f_clk_i/X (sky130_fd_sc_hd__clkbuf_16)
                                                         clknet_1_0__leaf_clk_i (net)
                      0.031989    0.000407   25.614740 ^ _498_/A (sky130_fd_sc_hd__and2_2)
     3    0.056167    0.287732    0.302977   25.917719 ^ _498_/X (sky130_fd_sc_hd__and2_2)
                                                         u_ibex.clk (net)
                      0.289172    0.016499   25.934217 ^ clkbuf_0_u_ibex.clk/A (sky130_fd_sc_hd__clkbuf_16)
     9    0.085943    0.105335    0.249992   26.184210 ^ clkbuf_0_u_ibex.clk/X (sky130_fd_sc_hd__clkbuf_16)
                                                         clknet_0_u_ibex.clk (net)
                      0.107192    0.011074   26.195284 ^ clkbuf_2_2__f_u_ibex.clk/A (sky130_fd_sc_hd__clkbuf_16)
    31    0.111426    0.125472    0.198986   26.394268 ^ clkbuf_2_2__f_u_ibex.clk/X (sky130_fd_sc_hd__clkbuf_16)
                                                         clknet_2_2__leaf_u_ibex.clk (net)
                      0.139810    0.032207   26.426476 ^ _567_/CLK (sky130_fd_sc_hd__dfrtp_1)
                                 -0.250000   26.176477   clock uncertainty
                                  0.000070   26.176546   clock reconvergence pessimism
                                 -0.098923   26.077623   library setup time
                                             26.077623   data required time
---------------------------------------------------------------------------------------------
                                             26.077623   data required time
                                             -8.219458   data arrival time
---------------------------------------------------------------------------------------------
                                             17.858166   slack (MET)


Startpoint: _574_ (rising edge-triggered flip-flop clocked by clk_i)
Endpoint: _611_ (rising edge-triggered flip-flop clocked by clk_i)
Path Group: clk_i
Path Type: max

Fanout         Cap        Slew       Delay        Time   Description
---------------------------------------------------------------------------------------------
                                  0.000000    0.000000   clock clk_i (rise edge)
                                  0.000000    0.000000   clock source latency
     2    0.083141    0.377847    0.279778    0.279778 ^ clk_i (in)
                                                         clk_i (net)
                      0.382483    0.000000    0.279778 ^ clkbuf_0_clk_i/A (sky130_fd_sc_hd__clkbuf_16)
     2    0.018889    0.047857    0.218239    0.498018 ^ clkbuf_0_clk_i/X (sky130_fd_sc_hd__clkbuf_16)
                                                         clknet_0_clk_i (net)
                      0.047857    0.000962    0.498979 ^ clkbuf_1_0__f_clk_i/A (sky130_fd_sc_hd__clkbuf_16)
     3    0.008434    0.031988    0.115356    0.614336 ^ clkbuf_1_0__f_clk_i/X (sky130_fd_sc_hd__clkbuf_16)
                                                         clknet_1_0__leaf_clk_i (net)
                      0.031989    0.000406    0.614742 ^ _498_/A (sky130_fd_sc_hd__and2_2)
     3    0.056167    0.288109    0.302977    0.917719 ^ _498_/X (sky130_fd_sc_hd__and2_2)
                                                         u_ibex.clk (net)
                      0.289545    0.016500    0.934219 ^ clkbuf_0_u_ibex.clk/A (sky130_fd_sc_hd__clkbuf_16)
     9    0.085943    0.105341    0.250061    1.184280 ^ clkbuf_0_u_ibex.clk/X (sky130_fd_sc_hd__clkbuf_16)
                                                         clknet_0_u_ibex.clk (net)
                      0.107075    0.010702    1.194983 ^ clkbuf_2_3__f_u_ibex.clk/A (sky130_fd_sc_hd__clkbuf_16)
    23    0.084906    0.103015    0.190210    1.385192 ^ clkbuf_2_3__f_u_ibex.clk/X (sky130_fd_sc_hd__clkbuf_16)
                                                         clknet_2_3__leaf_u_ibex.clk (net)
                      0.106551    0.014841    1.400033 ^ _574_/CLK (sky130_fd_sc_hd__dfrtp_1)
     1    0.003853    0.044110    0.382186    1.782219 v _574_/Q (sky130_fd_sc_hd__dfrtp_1)
                                                         u_ibex.u_ibex_core.id_stage_i.controller_i.ctrl_fsm_cs[3] (net)
                      0.044110    0.000247    1.782465 v hold327/A (sky130_fd_sc_hd__dlygate4sd3_1)
     1    0.002793    0.052953    0.547728    2.330194 v hold327/X (sky130_fd_sc_hd__dlygate4sd3_1)
                                                         net498 (net)
                      0.052953    0.000172    2.330365 v hold113/A (sky130_fd_sc_hd__dlygate4sd3_1)
     1    0.002680    0.052195    0.550155    2.880520 v hold113/X (sky130_fd_sc_hd__dlygate4sd3_1)
                                                         net284 (net)
                      0.052195    0.000165    2.880686 v hold328/A (sky130_fd_sc_hd__dlygate4sd3_1)
     2    0.010274    0.087622    0.598274    3.478960 v hold328/X (sky130_fd_sc_hd__dlygate4sd3_1)
                                                         net499 (net)
                      0.087622    0.000531    3.479490 v fanout83/A (sky130_fd_sc_hd__buf_1)
     1    0.005779    0.042473    0.120262    3.599752 v fanout83/X (sky130_fd_sc_hd__buf_1)
                                                         net83 (net)
                      0.042475    0.000372    3.600124 v hold114/A (sky130_fd_sc_hd__dlygate4sd3_1)
     6    0.020624    0.135758    0.642402    4.242526 v hold114/X (sky130_fd_sc_hd__dlygate4sd3_1)
                                                         net285 (net)
                      0.135762    0.000866    4.243392 v _442_/B (sky130_fd_sc_hd__or3b_1)
     1    0.003750    0.072048    0.381757    4.625149 v _442_/X (sky130_fd_sc_hd__or3b_1)
                                                         _192_ (net)
                      0.072048    0.000269    4.625418 v hold88/A (sky130_fd_sc_hd__dlygate4sd3_1)
     3    0.012051    0.095721    0.615349    5.240767 v hold88/X (sky130_fd_sc_hd__dlygate4sd3_1)
                                                         net259 (net)
                      0.095721    0.000639    5.241405 v _443_/B1 (sky130_fd_sc_hd__a21oi_1)
     1    0.003105    0.111743    0.132802    5.374207 ^ _443_/Y (sky130_fd_sc_hd__a21oi_1)
                                                         _193_ (net)
                      0.111743    0.000196    5.374404 ^ hold124/A (sky130_fd_sc_hd__dlygate4sd3_1)
     3    0.012731    0.140927    0.628182    6.002586 ^ hold124/X (sky130_fd_sc_hd__dlygate4sd3_1)
                                                         net295 (net)
                      0.140927    0.000676    6.003263 ^ _444_/D_N (sky130_fd_sc_hd__or4bb_1)
     1    0.005253    0.095014    0.427750    6.431012 v _444_/X (sky130_fd_sc_hd__or4bb_1)
                                                         u_ibex.core_busy_d[0] (net)
                      0.095064    0.000396    6.431408 v hold134/A (sky130_fd_sc_hd__dlygate4sd3_1)
     1    0.004375    0.060444    0.582045    7.013453 v hold134/X (sky130_fd_sc_hd__dlygate4sd3_1)
                                                         net305 (net)
                      0.060444    0.000319    7.013772 v _611_/D (sky130_fd_sc_hd__dfrtp_1)
                                              7.013772   data arrival time

                                 25.000000   25.000000   clock clk_i (rise edge)
                                  0.000000   25.000000   clock source latency
     2    0.083141    0.377847    0.279778   25.279778 ^ clk_i (in)
                                                         clk_i (net)
                      0.382483    0.000000   25.279778 ^ clkbuf_0_clk_i/A (sky130_fd_sc_hd__clkbuf_16)
     2    0.018889    0.047857    0.218240   25.498016 ^ clkbuf_0_clk_i/X (sky130_fd_sc_hd__clkbuf_16)
                                                         clknet_0_clk_i (net)
                      0.047857    0.001030   25.499046 ^ clkbuf_1_1__f_clk_i/A (sky130_fd_sc_hd__clkbuf_16)
     2    0.006832    0.030511    0.113687   25.612734 ^ clkbuf_1_1__f_clk_i/X (sky130_fd_sc_hd__clkbuf_16)
                                                         clknet_1_1__leaf_clk_i (net)
                      0.030514    0.000531   25.613266 ^ _611_/CLK (sky130_fd_sc_hd__dfrtp_1)
                                 -0.250000   25.363266   clock uncertainty
                                  0.000000   25.363266   clock reconvergence pessimism
                                 -0.124332   25.238934   library setup time
                                             25.238934   data required time
---------------------------------------------------------------------------------------------
                                             25.238934   data required time
                                             -7.013772   data arrival time
---------------------------------------------------------------------------------------------
                                             18.225163   slack (MET)


Startpoint: tl_i[0] (input port clocked by clk_i)
Endpoint: _579_ (rising edge-triggered flip-flop clocked by clk_i)
Path Group: clk_i
Path Type: max

Fanout         Cap        Slew       Delay        Time   Description
---------------------------------------------------------------------------------------------
                                  0.000000    0.000000   clock clk_i (rise edge)
                                  0.000000    0.000000   clock network delay (propagated)
                                  5.000000    5.000000 ^ input external delay
     2    0.006581    0.036250    0.023059    5.023059 ^ tl_i[0] (in)
                                                         tl_i[0] (net)
                      0.036253    0.000000    5.023059 ^ input2/A (sky130_fd_sc_hd__clkbuf_8)
    11    0.113107    0.194991    0.211360    5.234420 ^ input2/X (sky130_fd_sc_hd__clkbuf_8)
                                                         net2 (net)
                      0.225541    0.057954    5.292373 ^ _254_/A (sky130_fd_sc_hd__inv_2)
     2    0.007149    0.052271    0.062863    5.355236 v _254_/Y (sky130_fd_sc_hd__inv_2)
                                                         _045_ (net)
                      0.052277    0.000438    5.355674 v _511_/A1 (sky130_fd_sc_hd__a21oi_1)
     1    0.002772    0.114616    0.119445    5.475119 ^ _511_/Y (sky130_fd_sc_hd__a21oi_1)
                                                         _241_ (net)
                      0.114616    0.000191    5.475311 ^ hold119/A (sky130_fd_sc_hd__dlygate4sd3_1)
     1    0.004726    0.069715    0.570870    6.046181 ^ hold119/X (sky130_fd_sc_hd__dlygate4sd3_1)
                                                         net290 (net)
                      0.069715    0.000353    6.046535 ^ _512_/B1 (sky130_fd_sc_hd__o22ai_2)
     1    0.002308    0.065428    0.068073    6.114607 v _512_/Y (sky130_fd_sc_hd__o22ai_2)
                                                         _242_ (net)
                      0.065428    0.000108    6.114716 v hold120/A (sky130_fd_sc_hd__dlygate4sd3_1)
     5    0.017269    0.120050    0.636131    6.750846 v hold120/X (sky130_fd_sc_hd__dlygate4sd3_1)
                                                         net291 (net)
                      0.120065    0.001375    6.752222 v _520_/C (sky130_fd_sc_hd__or3_1)
     1    0.002465    0.062024    0.321251    7.073472 v _520_/X (sky130_fd_sc_hd__or3_1)
                                                         _247_ (net)
                      0.062024    0.000152    7.073625 v _521_/A2_N (sky130_fd_sc_hd__a2bb2o_1)
     1    0.002011    0.038793    0.233472    7.307097 ^ _521_/X (sky130_fd_sc_hd__a2bb2o_1)
                                                         _010_ (net)
                      0.038793    0.000092    7.307190 ^ hold121/A (sky130_fd_sc_hd__dlygate4sd3_1)
     1    0.002505    0.050367    0.530001    7.837191 ^ hold121/X (sky130_fd_sc_hd__dlygate4sd3_1)
                                                         net292 (net)
                      0.050367    0.000174    7.837365 ^ _579_/D (sky130_fd_sc_hd__dfrtp_1)
                                              7.837365   data arrival time

                                 25.000000   25.000000   clock clk_i (rise edge)
                                  0.000000   25.000000   clock source latency
     2    0.083141    0.377847    0.279778   25.279778 ^ clk_i (in)
                                                         clk_i (net)
                      0.382483    0.000000   25.279778 ^ clkbuf_0_clk_i/A (sky130_fd_sc_hd__clkbuf_16)
     2    0.018889    0.047857    0.218240   25.498016 ^ clkbuf_0_clk_i/X (sky130_fd_sc_hd__clkbuf_16)
                                                         clknet_0_clk_i (net)
                      0.047857    0.000961   25.498978 ^ clkbuf_1_0__f_clk_i/A (sky130_fd_sc_hd__clkbuf_16)
     3    0.008434    0.031988    0.115357   25.614334 ^ clkbuf_1_0__f_clk_i/X (sky130_fd_sc_hd__clkbuf_16)
                                                         clknet_1_0__leaf_clk_i (net)
                      0.031989    0.000407   25.614740 ^ _498_/A (sky130_fd_sc_hd__and2_2)
     3    0.056167    0.287732    0.302977   25.917719 ^ _498_/X (sky130_fd_sc_hd__and2_2)
                                                         u_ibex.clk (net)
                      0.289172    0.016499   25.934217 ^ clkbuf_0_u_ibex.clk/A (sky130_fd_sc_hd__clkbuf_16)
     9    0.085943    0.105335    0.249992   26.184210 ^ clkbuf_0_u_ibex.clk/X (sky130_fd_sc_hd__clkbuf_16)
                                                         clknet_0_u_ibex.clk (net)
                      0.107192    0.011074   26.195284 ^ clkbuf_2_2__f_u_ibex.clk/A (sky130_fd_sc_hd__clkbuf_16)
    31    0.111426    0.125472    0.198986   26.394268 ^ clkbuf_2_2__f_u_ibex.clk/X (sky130_fd_sc_hd__clkbuf_16)
                                                         clknet_2_2__leaf_u_ibex.clk (net)
                      0.132799    0.022919   26.417187 ^ _579_/CLK (sky130_fd_sc_hd__dfrtp_1)
                                 -0.250000   26.167189   clock uncertainty
                                  0.000000   26.167189   clock reconvergence pessimism
                                 -0.047856   26.119331   library setup time
                                             26.119331   data required time
---------------------------------------------------------------------------------------------
                                             26.119331   data required time
                                             -7.837365   data arrival time
---------------------------------------------------------------------------------------------
                                             18.281967   slack (MET)


Startpoint: _611_ (rising edge-triggered flip-flop clocked by clk_i)
Endpoint: core_sleep_o (output port clocked by clk_i)
Path Group: clk_i
Path Type: max

Fanout         Cap        Slew       Delay        Time   Description
---------------------------------------------------------------------------------------------
                                  0.000000    0.000000   clock clk_i (rise edge)
                                  0.000000    0.000000   clock source latency
     2    0.083141    0.377847    0.279778    0.279778 ^ clk_i (in)
                                                         clk_i (net)
                      0.382483    0.000000    0.279778 ^ clkbuf_0_clk_i/A (sky130_fd_sc_hd__clkbuf_16)
     2    0.018889    0.047857    0.218239    0.498018 ^ clkbuf_0_clk_i/X (sky130_fd_sc_hd__clkbuf_16)
                                                         clknet_0_clk_i (net)
                      0.047857    0.001030    0.499048 ^ clkbuf_1_1__f_clk_i/A (sky130_fd_sc_hd__clkbuf_16)
     2    0.006832    0.030511    0.113686    0.612734 ^ clkbuf_1_1__f_clk_i/X (sky130_fd_sc_hd__clkbuf_16)
                                                         clknet_1_1__leaf_clk_i (net)
                      0.030514    0.000532    0.613266 ^ _611_/CLK (sky130_fd_sc_hd__dfrtp_1)
     2    0.014031    0.133400    0.381619    0.994885 ^ _611_/Q (sky130_fd_sc_hd__dfrtp_1)
                                                         u_ibex.clock_en (net)
                      0.133406    0.001075    0.995961 ^ _255_/A (sky130_fd_sc_hd__clkinv_4)
     3    0.079384    0.159351    0.156144    1.152105 v _255_/Y (sky130_fd_sc_hd__clkinv_4)
                                                         net17 (net)
                      0.170945    0.033220    1.185324 v output17/A (sky130_fd_sc_hd__buf_2)
     1    0.034973    0.091928    0.237029    1.422353 v output17/X (sky130_fd_sc_hd__buf_2)
                                                         core_sleep_o (net)
                      0.091970    0.001793    1.424146 v core_sleep_o (out)
                                              1.424146   data arrival time

                                 25.000000   25.000000   clock clk_i (rise edge)
                                  0.000000   25.000000   clock network delay (propagated)
                                 -0.250000   24.750000   clock uncertainty
                                  0.000000   24.750000   clock reconvergence pessimism
                                 -5.000000   19.750000   output external delay
                                             19.750000   data required time
---------------------------------------------------------------------------------------------
                                             19.750000   data required time
                                             -1.424146   data arrival time
---------------------------------------------------------------------------------------------
                                             18.325853   slack (MET)


Startpoint: tl_i[0] (input port clocked by clk_i)
Endpoint: _578_ (rising edge-triggered flip-flop clocked by clk_i)
Path Group: clk_i
Path Type: max

Fanout         Cap        Slew       Delay        Time   Description
---------------------------------------------------------------------------------------------
                                  0.000000    0.000000   clock clk_i (rise edge)
                                  0.000000    0.000000   clock network delay (propagated)
                                  5.000000    5.000000 ^ input external delay
     2    0.006581    0.036250    0.023059    5.023059 ^ tl_i[0] (in)
                                                         tl_i[0] (net)
                      0.036253    0.000000    5.023059 ^ input2/A (sky130_fd_sc_hd__clkbuf_8)
    11    0.113107    0.194991    0.211360    5.234420 ^ input2/X (sky130_fd_sc_hd__clkbuf_8)
                                                         net2 (net)
                      0.225541    0.057954    5.292373 ^ _254_/A (sky130_fd_sc_hd__inv_2)
     2    0.007149    0.052271    0.062863    5.355236 v _254_/Y (sky130_fd_sc_hd__inv_2)
                                                         _045_ (net)
                      0.052277    0.000438    5.355674 v _511_/A1 (sky130_fd_sc_hd__a21oi_1)
     1    0.002772    0.114616    0.119445    5.475119 ^ _511_/Y (sky130_fd_sc_hd__a21oi_1)
                                                         _241_ (net)
                      0.114616    0.000191    5.475311 ^ hold119/A (sky130_fd_sc_hd__dlygate4sd3_1)
     1    0.004726    0.069715    0.570870    6.046181 ^ hold119/X (sky130_fd_sc_hd__dlygate4sd3_1)
                                                         net290 (net)
                      0.069715    0.000353    6.046535 ^ _512_/B1 (sky130_fd_sc_hd__o22ai_2)
     1    0.002308    0.065428    0.068073    6.114607 v _512_/Y (sky130_fd_sc_hd__o22ai_2)
                                                         _242_ (net)
                      0.065428    0.000108    6.114716 v hold120/A (sky130_fd_sc_hd__dlygate4sd3_1)
     5    0.017269    0.120050    0.636131    6.750846 v hold120/X (sky130_fd_sc_hd__dlygate4sd3_1)
                                                         net291 (net)
                      0.120057    0.001000    6.751846 v _515_/B (sky130_fd_sc_hd__nor3_1)
     2    0.008084    0.280429    0.293308    7.045155 ^ _515_/Y (sky130_fd_sc_hd__nor3_1)
                                                         _245_ (net)
                      0.280442    0.000528    7.045683 ^ _519_/B1 (sky130_fd_sc_hd__a21o_1)
     1    0.002748    0.039640    0.119555    7.165237 ^ _519_/X (sky130_fd_sc_hd__a21o_1)
                                                         _009_ (net)
                      0.039640    0.000113    7.165351 ^ hold129/A (sky130_fd_sc_hd__dlygate4sd3_1)
     1    0.002490    0.050245    0.530140    7.695491 ^ hold129/X (sky130_fd_sc_hd__dlygate4sd3_1)
                                                         net300 (net)
                      0.050245    0.000171    7.695662 ^ _578_/D (sky130_fd_sc_hd__dfrtp_1)
                                              7.695662   data arrival time

                                 25.000000   25.000000   clock clk_i (rise edge)
                                  0.000000   25.000000   clock source latency
     2    0.083141    0.377847    0.279778   25.279778 ^ clk_i (in)
                                                         clk_i (net)
                      0.382483    0.000000   25.279778 ^ clkbuf_0_clk_i/A (sky130_fd_sc_hd__clkbuf_16)
     2    0.018889    0.047857    0.218240   25.498016 ^ clkbuf_0_clk_i/X (sky130_fd_sc_hd__clkbuf_16)
                                                         clknet_0_clk_i (net)
                      0.047857    0.000961   25.498978 ^ clkbuf_1_0__f_clk_i/A (sky130_fd_sc_hd__clkbuf_16)
     3    0.008434    0.031988    0.115357   25.614334 ^ clkbuf_1_0__f_clk_i/X (sky130_fd_sc_hd__clkbuf_16)
                                                         clknet_1_0__leaf_clk_i (net)
                      0.031989    0.000407   25.614740 ^ _498_/A (sky130_fd_sc_hd__and2_2)
     3    0.056167    0.287732    0.302977   25.917719 ^ _498_/X (sky130_fd_sc_hd__and2_2)
                                                         u_ibex.clk (net)
                      0.289172    0.016499   25.934217 ^ clkbuf_0_u_ibex.clk/A (sky130_fd_sc_hd__clkbuf_16)
     9    0.085943    0.105335    0.249992   26.184210 ^ clkbuf_0_u_ibex.clk/X (sky130_fd_sc_hd__clkbuf_16)
                                                         clknet_0_u_ibex.clk (net)
                      0.107192    0.011074   26.195284 ^ clkbuf_2_2__f_u_ibex.clk/A (sky130_fd_sc_hd__clkbuf_16)
    31    0.111426    0.125472    0.198986   26.394268 ^ clkbuf_2_2__f_u_ibex.clk/X (sky130_fd_sc_hd__clkbuf_16)
                                                         clknet_2_2__leaf_u_ibex.clk (net)
                      0.131311    0.020519   26.414787 ^ _578_/CLK (sky130_fd_sc_hd__dfrtp_1)
                                 -0.250000   26.164789   clock uncertainty
                                  0.000000   26.164789   clock reconvergence pessimism
                                 -0.048052   26.116735   library setup time
                                             26.116735   data required time
---------------------------------------------------------------------------------------------
                                             26.116735   data required time
                                             -7.695662   data arrival time
---------------------------------------------------------------------------------------------
                                             18.421074   slack (MET)


Startpoint: rst_ni (input port clocked by clk_i)
Endpoint: _556_ (recovery check against rising-edge clock clk_i)
Path Group: asynchronous
Path Type: max

Fanout         Cap        Slew       Delay        Time   Description
---------------------------------------------------------------------------------------------
                                  0.000000    0.000000   clock clk_i (rise edge)
                                  0.000000    0.000000   clock network delay (propagated)
                                  5.000000    5.000000 ^ input external delay
     2    0.009537    0.049386    0.032645    5.032645 ^ rst_ni (in)
                                                         rst_ni (net)
                      0.049391    0.000000    5.032645 ^ input1/A (sky130_fd_sc_hd__buf_8)
     5    0.150542    0.233902    0.191212    5.223857 ^ input1/X (sky130_fd_sc_hd__buf_8)
                                                         net1 (net)
                      0.284999    0.081464    5.305321 ^ fanout99/A (sky130_fd_sc_hd__clkbuf_2)
     7    0.035809    0.196884    0.281034    5.586356 ^ fanout99/X (sky130_fd_sc_hd__clkbuf_2)
                                                         net99 (net)
                      0.196901    0.001529    5.587884 ^ fanout98/A (sky130_fd_sc_hd__buf_1)
     4    0.021261    0.253236    0.258439    5.846323 ^ fanout98/X (sky130_fd_sc_hd__buf_1)
                                                         net98 (net)
                      0.253241    0.000953    5.847275 ^ fanout97/A (sky130_fd_sc_hd__buf_2)
     6    0.036297    0.180252    0.267773    6.115048 ^ fanout97/X (sky130_fd_sc_hd__buf_2)
                                                         net97 (net)
                      0.180289    0.002526    6.117574 ^ fanout96/A (sky130_fd_sc_hd__clkbuf_2)
     6    0.031170    0.172823    0.237788    6.355362 ^ fanout96/X (sky130_fd_sc_hd__clkbuf_2)
                                                         net96 (net)
                      0.172950    0.002788    6.358150 ^ _556_/RESET_B (sky130_fd_sc_hd__dfrtp_2)
                                              6.358150   data arrival time

                                 25.000000   25.000000   clock clk_i (rise edge)
                                  0.000000   25.000000   clock source latency
     2    0.083141    0.377847    0.279778   25.279778 ^ clk_i (in)
                                                         clk_i (net)
                      0.382483    0.000000   25.279778 ^ clkbuf_0_clk_i/A (sky130_fd_sc_hd__clkbuf_16)
     2    0.018889    0.047857    0.218240   25.498016 ^ clkbuf_0_clk_i/X (sky130_fd_sc_hd__clkbuf_16)
                                                         clknet_0_clk_i (net)
                      0.047857    0.000961   25.498978 ^ clkbuf_1_0__f_clk_i/A (sky130_fd_sc_hd__clkbuf_16)
     3    0.008434    0.031988    0.115357   25.614334 ^ clkbuf_1_0__f_clk_i/X (sky130_fd_sc_hd__clkbuf_16)
                                                         clknet_1_0__leaf_clk_i (net)
                      0.031989    0.000416   25.614750 ^ _556_/CLK (sky130_fd_sc_hd__dfrtp_2)
                                 -0.250000   25.364752   clock uncertainty
                                  0.000000   25.364752   clock reconvergence pessimism
                                  0.176926   25.541676   library recovery time
                                             25.541676   data required time
---------------------------------------------------------------------------------------------
                                             25.541676   data required time
                                             -6.358150   data arrival time
---------------------------------------------------------------------------------------------
                                             19.183525   slack (MET)


Startpoint: _573_ (rising edge-triggered flip-flop clocked by clk_i)
Endpoint: _564_ (rising edge-triggered flip-flop clocked by clk_i)
Path Group: clk_i
Path Type: max

Fanout         Cap        Slew       Delay        Time   Description
---------------------------------------------------------------------------------------------
                                  0.000000    0.000000   clock clk_i (rise edge)
                                  0.000000    0.000000   clock source latency
     2    0.083141    0.377847    0.279778    0.279778 ^ clk_i (in)
                                                         clk_i (net)
                      0.382483    0.000000    0.279778 ^ clkbuf_0_clk_i/A (sky130_fd_sc_hd__clkbuf_16)
     2    0.018889    0.047857    0.218239    0.498018 ^ clkbuf_0_clk_i/X (sky130_fd_sc_hd__clkbuf_16)
                                                         clknet_0_clk_i (net)
                      0.047857    0.000962    0.498979 ^ clkbuf_1_0__f_clk_i/A (sky130_fd_sc_hd__clkbuf_16)
     3    0.008434    0.031988    0.115356    0.614336 ^ clkbuf_1_0__f_clk_i/X (sky130_fd_sc_hd__clkbuf_16)
                                                         clknet_1_0__leaf_clk_i (net)
                      0.031989    0.000406    0.614742 ^ _498_/A (sky130_fd_sc_hd__and2_2)
     3    0.056167    0.288109    0.302977    0.917719 ^ _498_/X (sky130_fd_sc_hd__and2_2)
                                                         u_ibex.clk (net)
                      0.289545    0.016500    0.934219 ^ clkbuf_0_u_ibex.clk/A (sky130_fd_sc_hd__clkbuf_16)
     9    0.085943    0.105341    0.250061    1.184280 ^ clkbuf_0_u_ibex.clk/X (sky130_fd_sc_hd__clkbuf_16)
                                                         clknet_0_u_ibex.clk (net)
                      0.107198    0.011073    1.195353 ^ clkbuf_2_2__f_u_ibex.clk/A (sky130_fd_sc_hd__clkbuf_16)
    31    0.111426    0.125471    0.198987    1.394341 ^ clkbuf_2_2__f_u_ibex.clk/X (sky130_fd_sc_hd__clkbuf_16)
                                                         clknet_2_2__leaf_u_ibex.clk (net)
                      0.136287    0.027857    1.422197 ^ _573_/CLK (sky130_fd_sc_hd__dfrtp_1)
     1    0.002021    0.035264    0.379260    1.801457 v _573_/Q (sky130_fd_sc_hd__dfrtp_1)
                                                         u_ibex.u_ibex_core.id_stage_i.controller_i.ctrl_fsm_cs[2] (net)
                      0.035264    0.000143    1.801600 v hold346/A (sky130_fd_sc_hd__dlygate4sd3_1)
     1    0.001946    0.048835    0.536613    2.338213 v hold346/X (sky130_fd_sc_hd__dlygate4sd3_1)
                                                         net517 (net)
                      0.048835    0.000133    2.338346 v hold322/A (sky130_fd_sc_hd__dlygate4sd3_1)
     1    0.002310    0.050231    0.545179    2.883525 v hold322/X (sky130_fd_sc_hd__dlygate4sd3_1)
                                                         net493 (net)
                      0.050231    0.000165    2.883690 v hold87/A (sky130_fd_sc_hd__dlygate4sd3_1)
     1    0.002038    0.049178    0.543262    3.426952 v hold87/X (sky130_fd_sc_hd__dlygate4sd3_1)
                                                         net258 (net)
                      0.049178    0.000143    3.427095 v hold323/A (sky130_fd_sc_hd__dlygate4sd3_1)
     6    0.018760    0.126896    0.636158    4.063253 v hold323/X (sky130_fd_sc_hd__dlygate4sd3_1)
                                                         net494 (net)
                      0.126904    0.001075    4.064328 v _434_/B (sky130_fd_sc_hd__nor2_1)
     4    0.016395    0.300729    0.279159    4.343487 ^ _434_/Y (sky130_fd_sc_hd__nor2_1)
                                                         _185_ (net)
                      0.300735    0.001138    4.344625 ^ hold324/A (sky130_fd_sc_hd__dlygate4sd3_1)
     1    0.004723    0.069614    0.609297    4.953921 ^ hold324/X (sky130_fd_sc_hd__dlygate4sd3_1)
                                                         net495 (net)
                      0.069614    0.000294    4.954216 ^ _499_/A2 (sky130_fd_sc_hd__a21o_1)
     1    0.003948    0.047722    0.117775    5.071990 ^ _499_/X (sky130_fd_sc_hd__a21o_1)
                                                         _000_ (net)
                      0.047723    0.000261    5.072252 ^ hold325/A (sky130_fd_sc_hd__dlygate4sd3_1)
     1    0.002209    0.048103    0.530133    5.602385 ^ hold325/X (sky130_fd_sc_hd__dlygate4sd3_1)
                                                         net496 (net)
                      0.048103    0.000149    5.602534 ^ hold61/A (sky130_fd_sc_hd__dlygate4sd3_1)
     1    0.003327    0.057509    0.540793    6.143327 ^ hold61/X (sky130_fd_sc_hd__dlygate4sd3_1)
                                                         net232 (net)
                      0.057509    0.000207    6.143533 ^ hold326/A (sky130_fd_sc_hd__dlygate4sd3_1)
     1    0.004183    0.065141    0.550353    6.693887 ^ hold326/X (sky130_fd_sc_hd__dlygate4sd3_1)
                                                         net497 (net)
                      0.065141    0.000286    6.694172 ^ _564_/D (sky130_fd_sc_hd__dfrtp_1)
                                              6.694172   data arrival time

                                 25.000000   25.000000   clock clk_i (rise edge)
                                  0.000000   25.000000   clock source latency
     2    0.083141    0.377847    0.279778   25.279778 ^ clk_i (in)
                                                         clk_i (net)
                      0.382483    0.000000   25.279778 ^ clkbuf_0_clk_i/A (sky130_fd_sc_hd__clkbuf_16)
     2    0.018889    0.047857    0.218240   25.498016 ^ clkbuf_0_clk_i/X (sky130_fd_sc_hd__clkbuf_16)
                                                         clknet_0_clk_i (net)
                      0.047857    0.000961   25.498978 ^ clkbuf_1_0__f_clk_i/A (sky130_fd_sc_hd__clkbuf_16)
     3    0.008434    0.031988    0.115357   25.614334 ^ clkbuf_1_0__f_clk_i/X (sky130_fd_sc_hd__clkbuf_16)
                                                         clknet_1_0__leaf_clk_i (net)
                      0.031989    0.000407   25.614740 ^ _498_/A (sky130_fd_sc_hd__and2_2)
     3    0.056167    0.287732    0.302977   25.917719 ^ _498_/X (sky130_fd_sc_hd__and2_2)
                                                         u_ibex.clk (net)
                      0.289172    0.016499   25.934217 ^ clkbuf_0_u_ibex.clk/A (sky130_fd_sc_hd__clkbuf_16)
     9    0.085943    0.105335    0.249992   26.184210 ^ clkbuf_0_u_ibex.clk/X (sky130_fd_sc_hd__clkbuf_16)
                                                         clknet_0_u_ibex.clk (net)
                      0.107069    0.010703   26.194912 ^ clkbuf_2_3__f_u_ibex.clk/A (sky130_fd_sc_hd__clkbuf_16)
    23    0.084906    0.103015    0.190207   26.385118 ^ clkbuf_2_3__f_u_ibex.clk/X (sky130_fd_sc_hd__clkbuf_16)
                                                         clknet_2_3__leaf_u_ibex.clk (net)
                      0.106536    0.014809   26.399929 ^ _564_/CLK (sky130_fd_sc_hd__dfrtp_1)
                                 -0.250000   26.149929   clock uncertainty
                                  0.000070   26.149998   clock reconvergence pessimism
                                 -0.055169   26.094828   library setup time
                                             26.094828   data required time
---------------------------------------------------------------------------------------------
                                             26.094828   data required time
                                             -6.694172   data arrival time
---------------------------------------------------------------------------------------------
                                             19.400656   slack (MET)


Startpoint: rst_ni (input port clocked by clk_i)
Endpoint: _611_ (recovery check against rising-edge clock clk_i)
Path Group: asynchronous
Path Type: max

Fanout         Cap        Slew       Delay        Time   Description
---------------------------------------------------------------------------------------------
                                  0.000000    0.000000   clock clk_i (rise edge)
                                  0.000000    0.000000   clock network delay (propagated)
                                  5.000000    5.000000 ^ input external delay
     2    0.009537    0.049386    0.032645    5.032645 ^ rst_ni (in)
                                                         rst_ni (net)
                      0.049391    0.000000    5.032645 ^ input1/A (sky130_fd_sc_hd__buf_8)
     5    0.150542    0.233902    0.191212    5.223857 ^ input1/X (sky130_fd_sc_hd__buf_8)
                                                         net1 (net)
                      0.284999    0.081464    5.305321 ^ fanout99/A (sky130_fd_sc_hd__clkbuf_2)
     7    0.035809    0.196884    0.281034    5.586356 ^ fanout99/X (sky130_fd_sc_hd__clkbuf_2)
                                                         net99 (net)
                      0.196901    0.001529    5.587884 ^ fanout98/A (sky130_fd_sc_hd__buf_1)
     4    0.021261    0.253236    0.258439    5.846323 ^ fanout98/X (sky130_fd_sc_hd__buf_1)
                                                         net98 (net)
                      0.253241    0.000953    5.847275 ^ fanout97/A (sky130_fd_sc_hd__buf_2)
     6    0.036297    0.180252    0.267773    6.115048 ^ fanout97/X (sky130_fd_sc_hd__buf_2)
                                                         net97 (net)
                      0.180294    0.002681    6.117729 ^ _611_/RESET_B (sky130_fd_sc_hd__dfrtp_1)
                                              6.117729   data arrival time

                                 25.000000   25.000000   clock clk_i (rise edge)
                                  0.000000   25.000000   clock source latency
     2    0.083141    0.377847    0.279778   25.279778 ^ clk_i (in)
                                                         clk_i (net)
                      0.382483    0.000000   25.279778 ^ clkbuf_0_clk_i/A (sky130_fd_sc_hd__clkbuf_16)
     2    0.018889    0.047857    0.218240   25.498016 ^ clkbuf_0_clk_i/X (sky130_fd_sc_hd__clkbuf_16)
                                                         clknet_0_clk_i (net)
                      0.047857    0.001030   25.499046 ^ clkbuf_1_1__f_clk_i/A (sky130_fd_sc_hd__clkbuf_16)
     2    0.006832    0.030511    0.113687   25.612734 ^ clkbuf_1_1__f_clk_i/X (sky130_fd_sc_hd__clkbuf_16)
                                                         clknet_1_1__leaf_clk_i (net)
                      0.030514    0.000531   25.613266 ^ _611_/CLK (sky130_fd_sc_hd__dfrtp_1)
                                 -0.250000   25.363266   clock uncertainty
                                  0.000000   25.363266   clock reconvergence pessimism
                                  0.190784   25.554050   library recovery time
                                             25.554050   data required time
---------------------------------------------------------------------------------------------
                                             25.554050   data required time
                                             -6.117729   data arrival time
---------------------------------------------------------------------------------------------
                                             19.436321   slack (MET)


Startpoint: tl_i[65] (input port clocked by clk_i)
Endpoint: _577_ (rising edge-triggered flip-flop clocked by clk_i)
Path Group: clk_i
Path Type: max

Fanout         Cap        Slew       Delay        Time   Description
---------------------------------------------------------------------------------------------
                                  0.000000    0.000000   clock clk_i (rise edge)
                                  0.000000    0.000000   clock network delay (propagated)
                                  5.000000    5.000000 ^ input external delay
     2    0.006159    0.034385    0.021679    5.021679 ^ tl_i[65] (in)
                                                         tl_i[65] (net)
                      0.034388    0.000000    5.021679 ^ input15/A (sky130_fd_sc_hd__clkbuf_8)
    13    0.135845    0.233547    0.237710    5.259388 ^ input15/X (sky130_fd_sc_hd__clkbuf_8)
                                                         net15 (net)
                      0.261111    0.060810    5.320199 ^ _513_/C_N (sky130_fd_sc_hd__or3b_1)
     2    0.006941    0.089022    0.407357    5.727555 v _513_/X (sky130_fd_sc_hd__or3b_1)
                                                         _243_ (net)
                      0.089022    0.000353    5.727909 v _518_/B1 (sky130_fd_sc_hd__o21ai_1)
     1    0.002326    0.094813    0.083324    5.811233 ^ _518_/Y (sky130_fd_sc_hd__o21ai_1)
                                                         _008_ (net)
                      0.094813    0.000155    5.811388 ^ hold109/A (sky130_fd_sc_hd__dlygate4sd3_1)
     1    0.002692    0.051970    0.548442    6.359829 ^ hold109/X (sky130_fd_sc_hd__dlygate4sd3_1)
                                                         net280 (net)
                      0.051970    0.000182    6.360011 ^ _577_/D (sky130_fd_sc_hd__dfrtp_2)
                                              6.360011   data arrival time

                                 25.000000   25.000000   clock clk_i (rise edge)
                                  0.000000   25.000000   clock source latency
     2    0.083141    0.377847    0.279778   25.279778 ^ clk_i (in)
                                                         clk_i (net)
                      0.382483    0.000000   25.279778 ^ clkbuf_0_clk_i/A (sky130_fd_sc_hd__clkbuf_16)
     2    0.018889    0.047857    0.218240   25.498016 ^ clkbuf_0_clk_i/X (sky130_fd_sc_hd__clkbuf_16)
                                                         clknet_0_clk_i (net)
                      0.047857    0.000961   25.498978 ^ clkbuf_1_0__f_clk_i/A (sky130_fd_sc_hd__clkbuf_16)
     3    0.008434    0.031988    0.115357   25.614334 ^ clkbuf_1_0__f_clk_i/X (sky130_fd_sc_hd__clkbuf_16)
                                                         clknet_1_0__leaf_clk_i (net)
                      0.031989    0.000407   25.614740 ^ _498_/A (sky130_fd_sc_hd__and2_2)
     3    0.056167    0.287732    0.302977   25.917719 ^ _498_/X (sky130_fd_sc_hd__and2_2)
                                                         u_ibex.clk (net)
                      0.289172    0.016499   25.934217 ^ clkbuf_0_u_ibex.clk/A (sky130_fd_sc_hd__clkbuf_16)
     9    0.085943    0.105335    0.249992   26.184210 ^ clkbuf_0_u_ibex.clk/X (sky130_fd_sc_hd__clkbuf_16)
                                                         clknet_0_u_ibex.clk (net)
                      0.107069    0.010703   26.194912 ^ clkbuf_2_3__f_u_ibex.clk/A (sky130_fd_sc_hd__clkbuf_16)
    23    0.084906    0.103015    0.190207   26.385118 ^ clkbuf_2_3__f_u_ibex.clk/X (sky130_fd_sc_hd__clkbuf_16)
                                                         clknet_2_3__leaf_u_ibex.clk (net)
                      0.105487    0.012438   26.397556 ^ _577_/CLK (sky130_fd_sc_hd__dfrtp_2)
                                 -0.250000   26.147558   clock uncertainty
                                  0.000000   26.147558   clock reconvergence pessimism
                                 -0.055880   26.091677   library setup time
                                             26.091677   data required time
---------------------------------------------------------------------------------------------
                                             26.091677   data required time
                                             -6.360011   data arrival time
---------------------------------------------------------------------------------------------
                                             19.731667   slack (MET)


Startpoint: rst_ni (input port clocked by clk_i)
Endpoint: _560_ (recovery check against rising-edge clock clk_i)
Path Group: asynchronous
Path Type: max

Fanout         Cap        Slew       Delay        Time   Description
---------------------------------------------------------------------------------------------
                                  0.000000    0.000000   clock clk_i (rise edge)
                                  0.000000    0.000000   clock network delay (propagated)
                                  5.000000    5.000000 ^ input external delay
     2    0.009537    0.049386    0.032645    5.032645 ^ rst_ni (in)
                                                         rst_ni (net)
                      0.049391    0.000000    5.032645 ^ input1/A (sky130_fd_sc_hd__buf_8)
     5    0.150542    0.233902    0.191212    5.223857 ^ input1/X (sky130_fd_sc_hd__buf_8)
                                                         net1 (net)
                      0.284999    0.081464    5.305321 ^ fanout99/A (sky130_fd_sc_hd__clkbuf_2)
     7    0.035809    0.196884    0.281034    5.586356 ^ fanout99/X (sky130_fd_sc_hd__clkbuf_2)
                                                         net99 (net)
                      0.196901    0.001529    5.587884 ^ fanout98/A (sky130_fd_sc_hd__buf_1)
     4    0.021261    0.253236    0.258439    5.846323 ^ fanout98/X (sky130_fd_sc_hd__buf_1)
                                                         net98 (net)
                      0.253241    0.000953    5.847275 ^ fanout97/A (sky130_fd_sc_hd__buf_2)
     6    0.036297    0.180252    0.267773    6.115048 ^ fanout97/X (sky130_fd_sc_hd__buf_2)
                                                         net97 (net)
                      0.180289    0.002526    6.117574 ^ fanout96/A (sky130_fd_sc_hd__clkbuf_2)
     6    0.031170    0.172823    0.237788    6.355362 ^ fanout96/X (sky130_fd_sc_hd__clkbuf_2)
                                                         net96 (net)
                      0.172965    0.003081    6.358443 ^ _560_/RESET_B (sky130_fd_sc_hd__dfrtp_1)
                                              6.358443   data arrival time

                                 25.000000   25.000000   clock clk_i (rise edge)
                                  0.000000   25.000000   clock source latency
     2    0.083141    0.377847    0.279778   25.279778 ^ clk_i (in)
                                                         clk_i (net)
                      0.382483    0.000000   25.279778 ^ clkbuf_0_clk_i/A (sky130_fd_sc_hd__clkbuf_16)
     2    0.018889    0.047857    0.218240   25.498016 ^ clkbuf_0_clk_i/X (sky130_fd_sc_hd__clkbuf_16)
                                                         clknet_0_clk_i (net)
                      0.047857    0.000961   25.498978 ^ clkbuf_1_0__f_clk_i/A (sky130_fd_sc_hd__clkbuf_16)
     3    0.008434    0.031988    0.115357   25.614334 ^ clkbuf_1_0__f_clk_i/X (sky130_fd_sc_hd__clkbuf_16)
                                                         clknet_1_0__leaf_clk_i (net)
                      0.031989    0.000407   25.614740 ^ _498_/A (sky130_fd_sc_hd__and2_2)
     3    0.056167    0.287732    0.302977   25.917719 ^ _498_/X (sky130_fd_sc_hd__and2_2)
                                                         u_ibex.clk (net)
                      0.289172    0.016499   25.934217 ^ clkbuf_0_u_ibex.clk/A (sky130_fd_sc_hd__clkbuf_16)
     9    0.085943    0.105335    0.249992   26.184210 ^ clkbuf_0_u_ibex.clk/X (sky130_fd_sc_hd__clkbuf_16)
                                                         clknet_0_u_ibex.clk (net)
                      0.107192    0.011074   26.195284 ^ clkbuf_2_2__f_u_ibex.clk/A (sky130_fd_sc_hd__clkbuf_16)
    31    0.111426    0.125472    0.198986   26.394268 ^ clkbuf_2_2__f_u_ibex.clk/X (sky130_fd_sc_hd__clkbuf_16)
                                                         clknet_2_2__leaf_u_ibex.clk (net)
                      0.141198    0.033801   26.428070 ^ _560_/CLK (sky130_fd_sc_hd__dfrtp_1)
                                 -0.250000   26.178070   clock uncertainty
                                  0.000000   26.178070   clock reconvergence pessimism
                                  0.227196   26.405266   library recovery time
                                             26.405266   data required time
---------------------------------------------------------------------------------------------
                                             26.405266   data required time
                                             -6.358443   data arrival time
---------------------------------------------------------------------------------------------
                                             20.046824   slack (MET)


Startpoint: rst_ni (input port clocked by clk_i)
Endpoint: _559_ (recovery check against rising-edge clock clk_i)
Path Group: asynchronous
Path Type: max

Fanout         Cap        Slew       Delay        Time   Description
---------------------------------------------------------------------------------------------
                                  0.000000    0.000000   clock clk_i (rise edge)
                                  0.000000    0.000000   clock network delay (propagated)
                                  5.000000    5.000000 ^ input external delay
     2    0.009537    0.049386    0.032645    5.032645 ^ rst_ni (in)
                                                         rst_ni (net)
                      0.049391    0.000000    5.032645 ^ input1/A (sky130_fd_sc_hd__buf_8)
     5    0.150542    0.233902    0.191212    5.223857 ^ input1/X (sky130_fd_sc_hd__buf_8)
                                                         net1 (net)
                      0.284999    0.081464    5.305321 ^ fanout99/A (sky130_fd_sc_hd__clkbuf_2)
     7    0.035809    0.196884    0.281034    5.586356 ^ fanout99/X (sky130_fd_sc_hd__clkbuf_2)
                                                         net99 (net)
                      0.196901    0.001529    5.587884 ^ fanout98/A (sky130_fd_sc_hd__buf_1)
     4    0.021261    0.253236    0.258439    5.846323 ^ fanout98/X (sky130_fd_sc_hd__buf_1)
                                                         net98 (net)
                      0.253241    0.000953    5.847275 ^ fanout97/A (sky130_fd_sc_hd__buf_2)
     6    0.036297    0.180252    0.267773    6.115048 ^ fanout97/X (sky130_fd_sc_hd__buf_2)
                                                         net97 (net)
                      0.180289    0.002526    6.117574 ^ fanout96/A (sky130_fd_sc_hd__clkbuf_2)
     6    0.031170    0.172823    0.237788    6.355362 ^ fanout96/X (sky130_fd_sc_hd__clkbuf_2)
                                                         net96 (net)
                      0.172963    0.003049    6.358411 ^ _559_/RESET_B (sky130_fd_sc_hd__dfrtp_1)
                                              6.358411   data arrival time

                                 25.000000   25.000000   clock clk_i (rise edge)
                                  0.000000   25.000000   clock source latency
     2    0.083141    0.377847    0.279778   25.279778 ^ clk_i (in)
                                                         clk_i (net)
                      0.382483    0.000000   25.279778 ^ clkbuf_0_clk_i/A (sky130_fd_sc_hd__clkbuf_16)
     2    0.018889    0.047857    0.218240   25.498016 ^ clkbuf_0_clk_i/X (sky130_fd_sc_hd__clkbuf_16)
                                                         clknet_0_clk_i (net)
                      0.047857    0.000961   25.498978 ^ clkbuf_1_0__f_clk_i/A (sky130_fd_sc_hd__clkbuf_16)
     3    0.008434    0.031988    0.115357   25.614334 ^ clkbuf_1_0__f_clk_i/X (sky130_fd_sc_hd__clkbuf_16)
                                                         clknet_1_0__leaf_clk_i (net)
                      0.031989    0.000407   25.614740 ^ _498_/A (sky130_fd_sc_hd__and2_2)
     3    0.056167    0.287732    0.302977   25.917719 ^ _498_/X (sky130_fd_sc_hd__and2_2)
                                                         u_ibex.clk (net)
                      0.289172    0.016499   25.934217 ^ clkbuf_0_u_ibex.clk/A (sky130_fd_sc_hd__clkbuf_16)
     9    0.085943    0.105335    0.249992   26.184210 ^ clkbuf_0_u_ibex.clk/X (sky130_fd_sc_hd__clkbuf_16)
                                                         clknet_0_u_ibex.clk (net)
                      0.107192    0.011074   26.195284 ^ clkbuf_2_2__f_u_ibex.clk/A (sky130_fd_sc_hd__clkbuf_16)
    31    0.111426    0.125472    0.198986   26.394268 ^ clkbuf_2_2__f_u_ibex.clk/X (sky130_fd_sc_hd__clkbuf_16)
                                                         clknet_2_2__leaf_u_ibex.clk (net)
                      0.141297    0.033911   26.428179 ^ _559_/CLK (sky130_fd_sc_hd__dfrtp_1)
                                 -0.250000   26.178181   clock uncertainty
                                  0.000000   26.178181   clock reconvergence pessimism
                                  0.227228   26.405409   library recovery time
                                             26.405409   data required time
---------------------------------------------------------------------------------------------
                                             26.405409   data required time
                                             -6.358411   data arrival time
---------------------------------------------------------------------------------------------
                                             20.046997   slack (MET)


Startpoint: rst_ni (input port clocked by clk_i)
Endpoint: _558_ (recovery check against rising-edge clock clk_i)
Path Group: asynchronous
Path Type: max

Fanout         Cap        Slew       Delay        Time   Description
---------------------------------------------------------------------------------------------
                                  0.000000    0.000000   clock clk_i (rise edge)
                                  0.000000    0.000000   clock network delay (propagated)
                                  5.000000    5.000000 ^ input external delay
     2    0.009537    0.049386    0.032645    5.032645 ^ rst_ni (in)
                                                         rst_ni (net)
                      0.049391    0.000000    5.032645 ^ input1/A (sky130_fd_sc_hd__buf_8)
     5    0.150542    0.233902    0.191212    5.223857 ^ input1/X (sky130_fd_sc_hd__buf_8)
                                                         net1 (net)
                      0.284999    0.081464    5.305321 ^ fanout99/A (sky130_fd_sc_hd__clkbuf_2)
     7    0.035809    0.196884    0.281034    5.586356 ^ fanout99/X (sky130_fd_sc_hd__clkbuf_2)
                                                         net99 (net)
                      0.196901    0.001529    5.587884 ^ fanout98/A (sky130_fd_sc_hd__buf_1)
     4    0.021261    0.253236    0.258439    5.846323 ^ fanout98/X (sky130_fd_sc_hd__buf_1)
                                                         net98 (net)
                      0.253241    0.000953    5.847275 ^ fanout97/A (sky130_fd_sc_hd__buf_2)
     6    0.036297    0.180252    0.267773    6.115048 ^ fanout97/X (sky130_fd_sc_hd__buf_2)
                                                         net97 (net)
                      0.180289    0.002526    6.117574 ^ fanout96/A (sky130_fd_sc_hd__clkbuf_2)
     6    0.031170    0.172823    0.237788    6.355362 ^ fanout96/X (sky130_fd_sc_hd__clkbuf_2)
                                                         net96 (net)
                      0.172965    0.003073    6.358435 ^ _558_/RESET_B (sky130_fd_sc_hd__dfrtp_1)
                                              6.358435   data arrival time

                                 25.000000   25.000000   clock clk_i (rise edge)
                                  0.000000   25.000000   clock source latency
     2    0.083141    0.377847    0.279778   25.279778 ^ clk_i (in)
                                                         clk_i (net)
                      0.382483    0.000000   25.279778 ^ clkbuf_0_clk_i/A (sky130_fd_sc_hd__clkbuf_16)
     2    0.018889    0.047857    0.218240   25.498016 ^ clkbuf_0_clk_i/X (sky130_fd_sc_hd__clkbuf_16)
                                                         clknet_0_clk_i (net)
                      0.047857    0.000961   25.498978 ^ clkbuf_1_0__f_clk_i/A (sky130_fd_sc_hd__clkbuf_16)
     3    0.008434    0.031988    0.115357   25.614334 ^ clkbuf_1_0__f_clk_i/X (sky130_fd_sc_hd__clkbuf_16)
                                                         clknet_1_0__leaf_clk_i (net)
                      0.031989    0.000407   25.614740 ^ _498_/A (sky130_fd_sc_hd__and2_2)
     3    0.056167    0.287732    0.302977   25.917719 ^ _498_/X (sky130_fd_sc_hd__and2_2)
                                                         u_ibex.clk (net)
                      0.289172    0.016499   25.934217 ^ clkbuf_0_u_ibex.clk/A (sky130_fd_sc_hd__clkbuf_16)
     9    0.085943    0.105335    0.249992   26.184210 ^ clkbuf_0_u_ibex.clk/X (sky130_fd_sc_hd__clkbuf_16)
                                                         clknet_0_u_ibex.clk (net)
                      0.107192    0.011074   26.195284 ^ clkbuf_2_2__f_u_ibex.clk/A (sky130_fd_sc_hd__clkbuf_16)
    31    0.111426    0.125472    0.198986   26.394268 ^ clkbuf_2_2__f_u_ibex.clk/X (sky130_fd_sc_hd__clkbuf_16)
                                                         clknet_2_2__leaf_u_ibex.clk (net)
                      0.141973    0.034664   26.428932 ^ _558_/CLK (sky130_fd_sc_hd__dfrtp_1)
                                 -0.250000   26.178934   clock uncertainty
                                  0.000000   26.178934   clock reconvergence pessimism
                                  0.227438   26.406372   library recovery time
                                             26.406372   data required time
---------------------------------------------------------------------------------------------
                                             26.406372   data required time
                                             -6.358435   data arrival time
---------------------------------------------------------------------------------------------
                                             20.047935   slack (MET)


Startpoint: rst_ni (input port clocked by clk_i)
Endpoint: _557_ (recovery check against rising-edge clock clk_i)
Path Group: asynchronous
Path Type: max

Fanout         Cap        Slew       Delay        Time   Description
---------------------------------------------------------------------------------------------
                                  0.000000    0.000000   clock clk_i (rise edge)
                                  0.000000    0.000000   clock network delay (propagated)
                                  5.000000    5.000000 ^ input external delay
     2    0.009537    0.049386    0.032645    5.032645 ^ rst_ni (in)
                                                         rst_ni (net)
                      0.049391    0.000000    5.032645 ^ input1/A (sky130_fd_sc_hd__buf_8)
     5    0.150542    0.233902    0.191212    5.223857 ^ input1/X (sky130_fd_sc_hd__buf_8)
                                                         net1 (net)
                      0.284999    0.081464    5.305321 ^ fanout99/A (sky130_fd_sc_hd__clkbuf_2)
     7    0.035809    0.196884    0.281034    5.586356 ^ fanout99/X (sky130_fd_sc_hd__clkbuf_2)
                                                         net99 (net)
                      0.196901    0.001529    5.587884 ^ fanout98/A (sky130_fd_sc_hd__buf_1)
     4    0.021261    0.253236    0.258439    5.846323 ^ fanout98/X (sky130_fd_sc_hd__buf_1)
                                                         net98 (net)
                      0.253241    0.000953    5.847275 ^ fanout97/A (sky130_fd_sc_hd__buf_2)
     6    0.036297    0.180252    0.267773    6.115048 ^ fanout97/X (sky130_fd_sc_hd__buf_2)
                                                         net97 (net)
                      0.180289    0.002526    6.117574 ^ fanout96/A (sky130_fd_sc_hd__clkbuf_2)
     6    0.031170    0.172823    0.237788    6.355362 ^ fanout96/X (sky130_fd_sc_hd__clkbuf_2)
                                                         net96 (net)
                      0.172956    0.002899    6.358261 ^ _557_/RESET_B (sky130_fd_sc_hd__dfrtp_1)
                                              6.358261   data arrival time

                                 25.000000   25.000000   clock clk_i (rise edge)
                                  0.000000   25.000000   clock source latency
     2    0.083141    0.377847    0.279778   25.279778 ^ clk_i (in)
                                                         clk_i (net)
                      0.382483    0.000000   25.279778 ^ clkbuf_0_clk_i/A (sky130_fd_sc_hd__clkbuf_16)
     2    0.018889    0.047857    0.218240   25.498016 ^ clkbuf_0_clk_i/X (sky130_fd_sc_hd__clkbuf_16)
                                                         clknet_0_clk_i (net)
                      0.047857    0.000961   25.498978 ^ clkbuf_1_0__f_clk_i/A (sky130_fd_sc_hd__clkbuf_16)
     3    0.008434    0.031988    0.115357   25.614334 ^ clkbuf_1_0__f_clk_i/X (sky130_fd_sc_hd__clkbuf_16)
                                                         clknet_1_0__leaf_clk_i (net)
                      0.031989    0.000407   25.614740 ^ _498_/A (sky130_fd_sc_hd__and2_2)
     3    0.056167    0.287732    0.302977   25.917719 ^ _498_/X (sky130_fd_sc_hd__and2_2)
                                                         u_ibex.clk (net)
                      0.289172    0.016499   25.934217 ^ clkbuf_0_u_ibex.clk/A (sky130_fd_sc_hd__clkbuf_16)
     9    0.085943    0.105335    0.249992   26.184210 ^ clkbuf_0_u_ibex.clk/X (sky130_fd_sc_hd__clkbuf_16)
                                                         clknet_0_u_ibex.clk (net)
                      0.107192    0.011074   26.195284 ^ clkbuf_2_2__f_u_ibex.clk/A (sky130_fd_sc_hd__clkbuf_16)
    31    0.111426    0.125472    0.198986   26.394268 ^ clkbuf_2_2__f_u_ibex.clk/X (sky130_fd_sc_hd__clkbuf_16)
                                                         clknet_2_2__leaf_u_ibex.clk (net)
                      0.142338    0.035065   26.429335 ^ _557_/CLK (sky130_fd_sc_hd__dfrtp_1)
                                 -0.250000   26.179335   clock uncertainty
                                  0.000000   26.179335   clock reconvergence pessimism
                                  0.227554   26.406889   library recovery time
                                             26.406889   data required time
---------------------------------------------------------------------------------------------
                                             26.406889   data required time
                                             -6.358261   data arrival time
---------------------------------------------------------------------------------------------
                                             20.048628   slack (MET)


Startpoint: rst_ni (input port clocked by clk_i)
Endpoint: _562_ (recovery check against rising-edge clock clk_i)
Path Group: asynchronous
Path Type: max

Fanout         Cap        Slew       Delay        Time   Description
---------------------------------------------------------------------------------------------
                                  0.000000    0.000000   clock clk_i (rise edge)
                                  0.000000    0.000000   clock network delay (propagated)
                                  5.000000    5.000000 ^ input external delay
     2    0.009537    0.049386    0.032645    5.032645 ^ rst_ni (in)
                                                         rst_ni (net)
                      0.049391    0.000000    5.032645 ^ input1/A (sky130_fd_sc_hd__buf_8)
     5    0.150542    0.233902    0.191212    5.223857 ^ input1/X (sky130_fd_sc_hd__buf_8)
                                                         net1 (net)
                      0.284999    0.081464    5.305321 ^ fanout99/A (sky130_fd_sc_hd__clkbuf_2)
     7    0.035809    0.196884    0.281034    5.586356 ^ fanout99/X (sky130_fd_sc_hd__clkbuf_2)
                                                         net99 (net)
                      0.196901    0.001529    5.587884 ^ fanout98/A (sky130_fd_sc_hd__buf_1)
     4    0.021261    0.253236    0.258439    5.846323 ^ fanout98/X (sky130_fd_sc_hd__buf_1)
                                                         net98 (net)
                      0.253241    0.000953    5.847275 ^ fanout97/A (sky130_fd_sc_hd__buf_2)
     6    0.036297    0.180252    0.267773    6.115048 ^ fanout97/X (sky130_fd_sc_hd__buf_2)
                                                         net97 (net)
                      0.180289    0.002526    6.117574 ^ fanout96/A (sky130_fd_sc_hd__clkbuf_2)
     6    0.031170    0.172823    0.237788    6.355362 ^ fanout96/X (sky130_fd_sc_hd__clkbuf_2)
                                                         net96 (net)
                      0.172903    0.001516    6.356878 ^ _562_/RESET_B (sky130_fd_sc_hd__dfrtp_1)
                                              6.356878   data arrival time

                                 25.000000   25.000000   clock clk_i (rise edge)
                                  0.000000   25.000000   clock source latency
     2    0.083141    0.377847    0.279778   25.279778 ^ clk_i (in)
                                                         clk_i (net)
                      0.382483    0.000000   25.279778 ^ clkbuf_0_clk_i/A (sky130_fd_sc_hd__clkbuf_16)
     2    0.018889    0.047857    0.218240   25.498016 ^ clkbuf_0_clk_i/X (sky130_fd_sc_hd__clkbuf_16)
                                                         clknet_0_clk_i (net)
                      0.047857    0.000961   25.498978 ^ clkbuf_1_0__f_clk_i/A (sky130_fd_sc_hd__clkbuf_16)
     3    0.008434    0.031988    0.115357   25.614334 ^ clkbuf_1_0__f_clk_i/X (sky130_fd_sc_hd__clkbuf_16)
                                                         clknet_1_0__leaf_clk_i (net)
                      0.031989    0.000407   25.614740 ^ _498_/A (sky130_fd_sc_hd__and2_2)
     3    0.056167    0.287732    0.302977   25.917719 ^ _498_/X (sky130_fd_sc_hd__and2_2)
                                                         u_ibex.clk (net)
                      0.289172    0.016499   25.934217 ^ clkbuf_0_u_ibex.clk/A (sky130_fd_sc_hd__clkbuf_16)
     9    0.085943    0.105335    0.249992   26.184210 ^ clkbuf_0_u_ibex.clk/X (sky130_fd_sc_hd__clkbuf_16)
                                                         clknet_0_u_ibex.clk (net)
                      0.107192    0.011074   26.195284 ^ clkbuf_2_2__f_u_ibex.clk/A (sky130_fd_sc_hd__clkbuf_16)
    31    0.111426    0.125472    0.198986   26.394268 ^ clkbuf_2_2__f_u_ibex.clk/X (sky130_fd_sc_hd__clkbuf_16)
                                                         clknet_2_2__leaf_u_ibex.clk (net)
                      0.142976    0.035758   26.430027 ^ _562_/CLK (sky130_fd_sc_hd__dfrtp_1)
                                 -0.250000   26.180027   clock uncertainty
                                  0.000000   26.180027   clock reconvergence pessimism
                                  0.227766   26.407795   library recovery time
                                             26.407795   data required time
---------------------------------------------------------------------------------------------
                                             26.407795   data required time
                                             -6.356878   data arrival time
---------------------------------------------------------------------------------------------
                                             20.050917   slack (MET)


Startpoint: rst_ni (input port clocked by clk_i)
Endpoint: _570_ (recovery check against rising-edge clock clk_i)
Path Group: asynchronous
Path Type: max

Fanout         Cap        Slew       Delay        Time   Description
---------------------------------------------------------------------------------------------
                                  0.000000    0.000000   clock clk_i (rise edge)
                                  0.000000    0.000000   clock network delay (propagated)
                                  5.000000    5.000000 ^ input external delay
     2    0.009537    0.049386    0.032645    5.032645 ^ rst_ni (in)
                                                         rst_ni (net)
                      0.049391    0.000000    5.032645 ^ input1/A (sky130_fd_sc_hd__buf_8)
     5    0.150542    0.233902    0.191212    5.223857 ^ input1/X (sky130_fd_sc_hd__buf_8)
                                                         net1 (net)
                      0.284999    0.081464    5.305321 ^ fanout99/A (sky130_fd_sc_hd__clkbuf_2)
     7    0.035809    0.196884    0.281034    5.586356 ^ fanout99/X (sky130_fd_sc_hd__clkbuf_2)
                                                         net99 (net)
                      0.196901    0.001529    5.587884 ^ fanout98/A (sky130_fd_sc_hd__buf_1)
     4    0.021261    0.253236    0.258439    5.846323 ^ fanout98/X (sky130_fd_sc_hd__buf_1)
                                                         net98 (net)
                      0.253241    0.000953    5.847275 ^ fanout97/A (sky130_fd_sc_hd__buf_2)
     6    0.036297    0.180252    0.267773    6.115048 ^ fanout97/X (sky130_fd_sc_hd__buf_2)
                                                         net97 (net)
                      0.180264    0.001632    6.116680 ^ _570_/RESET_B (sky130_fd_sc_hd__dfrtp_1)
                                              6.116680   data arrival time

                                 25.000000   25.000000   clock clk_i (rise edge)
                                  0.000000   25.000000   clock source latency
     2    0.083141    0.377847    0.279778   25.279778 ^ clk_i (in)
                                                         clk_i (net)
                      0.382483    0.000000   25.279778 ^ clkbuf_0_clk_i/A (sky130_fd_sc_hd__clkbuf_16)
     2    0.018889    0.047857    0.218240   25.498016 ^ clkbuf_0_clk_i/X (sky130_fd_sc_hd__clkbuf_16)
                                                         clknet_0_clk_i (net)
                      0.047857    0.000961   25.498978 ^ clkbuf_1_0__f_clk_i/A (sky130_fd_sc_hd__clkbuf_16)
     3    0.008434    0.031988    0.115357   25.614334 ^ clkbuf_1_0__f_clk_i/X (sky130_fd_sc_hd__clkbuf_16)
                                                         clknet_1_0__leaf_clk_i (net)
                      0.031989    0.000407   25.614740 ^ _498_/A (sky130_fd_sc_hd__and2_2)
     3    0.056167    0.287732    0.302977   25.917719 ^ _498_/X (sky130_fd_sc_hd__and2_2)
                                                         u_ibex.clk (net)
                      0.289172    0.016499   25.934217 ^ clkbuf_0_u_ibex.clk/A (sky130_fd_sc_hd__clkbuf_16)
     9    0.085943    0.105335    0.249992   26.184210 ^ clkbuf_0_u_ibex.clk/X (sky130_fd_sc_hd__clkbuf_16)
                                                         clknet_0_u_ibex.clk (net)
                      0.107069    0.010703   26.194912 ^ clkbuf_2_3__f_u_ibex.clk/A (sky130_fd_sc_hd__clkbuf_16)
    23    0.084906    0.103015    0.190207   26.385118 ^ clkbuf_2_3__f_u_ibex.clk/X (sky130_fd_sc_hd__clkbuf_16)
                                                         clknet_2_3__leaf_u_ibex.clk (net)
                      0.108118    0.017856   26.402975 ^ _570_/CLK (sky130_fd_sc_hd__dfrtp_1)
                                 -0.250000   26.152975   clock uncertainty
                                  0.000000   26.152975   clock reconvergence pessimism
                                  0.215011   26.367989   library recovery time
                                             26.367989   data required time
---------------------------------------------------------------------------------------------
                                             26.367989   data required time
                                             -6.116680   data arrival time
---------------------------------------------------------------------------------------------
                                             20.251307   slack (MET)


Startpoint: rst_ni (input port clocked by clk_i)
Endpoint: _565_ (recovery check against rising-edge clock clk_i)
Path Group: asynchronous
Path Type: max

Fanout         Cap        Slew       Delay        Time   Description
---------------------------------------------------------------------------------------------
                                  0.000000    0.000000   clock clk_i (rise edge)
                                  0.000000    0.000000   clock network delay (propagated)
                                  5.000000    5.000000 ^ input external delay
     2    0.009537    0.049386    0.032645    5.032645 ^ rst_ni (in)
                                                         rst_ni (net)
                      0.049391    0.000000    5.032645 ^ input1/A (sky130_fd_sc_hd__buf_8)
     5    0.150542    0.233902    0.191212    5.223857 ^ input1/X (sky130_fd_sc_hd__buf_8)
                                                         net1 (net)
                      0.284999    0.081464    5.305321 ^ fanout99/A (sky130_fd_sc_hd__clkbuf_2)
     7    0.035809    0.196884    0.281034    5.586356 ^ fanout99/X (sky130_fd_sc_hd__clkbuf_2)
                                                         net99 (net)
                      0.196901    0.001529    5.587884 ^ fanout98/A (sky130_fd_sc_hd__buf_1)
     4    0.021261    0.253236    0.258439    5.846323 ^ fanout98/X (sky130_fd_sc_hd__buf_1)
                                                         net98 (net)
                      0.253241    0.000953    5.847275 ^ fanout97/A (sky130_fd_sc_hd__buf_2)
     6    0.036297    0.180252    0.267773    6.115048 ^ fanout97/X (sky130_fd_sc_hd__buf_2)
                                                         net97 (net)
                      0.180260    0.001420    6.116468 ^ _565_/RESET_B (sky130_fd_sc_hd__dfrtp_1)
                                              6.116468   data arrival time

                                 25.000000   25.000000   clock clk_i (rise edge)
                                  0.000000   25.000000   clock source latency
     2    0.083141    0.377847    0.279778   25.279778 ^ clk_i (in)
                                                         clk_i (net)
                      0.382483    0.000000   25.279778 ^ clkbuf_0_clk_i/A (sky130_fd_sc_hd__clkbuf_16)
     2    0.018889    0.047857    0.218240   25.498016 ^ clkbuf_0_clk_i/X (sky130_fd_sc_hd__clkbuf_16)
                                                         clknet_0_clk_i (net)
                      0.047857    0.000961   25.498978 ^ clkbuf_1_0__f_clk_i/A (sky130_fd_sc_hd__clkbuf_16)
     3    0.008434    0.031988    0.115357   25.614334 ^ clkbuf_1_0__f_clk_i/X (sky130_fd_sc_hd__clkbuf_16)
                                                         clknet_1_0__leaf_clk_i (net)
                      0.031989    0.000407   25.614740 ^ _498_/A (sky130_fd_sc_hd__and2_2)
     3    0.056167    0.287732    0.302977   25.917719 ^ _498_/X (sky130_fd_sc_hd__and2_2)
                                                         u_ibex.clk (net)
                      0.289172    0.016499   25.934217 ^ clkbuf_0_u_ibex.clk/A (sky130_fd_sc_hd__clkbuf_16)
     9    0.085943    0.105335    0.249992   26.184210 ^ clkbuf_0_u_ibex.clk/X (sky130_fd_sc_hd__clkbuf_16)
                                                         clknet_0_u_ibex.clk (net)
                      0.107069    0.010703   26.194912 ^ clkbuf_2_3__f_u_ibex.clk/A (sky130_fd_sc_hd__clkbuf_16)
    23    0.084906    0.103015    0.190207   26.385118 ^ clkbuf_2_3__f_u_ibex.clk/X (sky130_fd_sc_hd__clkbuf_16)
                                                         clknet_2_3__leaf_u_ibex.clk (net)
                      0.108427    0.018401   26.403521 ^ _565_/CLK (sky130_fd_sc_hd__dfrtp_1)
                                 -0.250000   26.153521   clock uncertainty
                                  0.000000   26.153521   clock reconvergence pessimism
                                  0.215109   26.368631   library recovery time
                                             26.368631   data required time
---------------------------------------------------------------------------------------------
                                             26.368631   data required time
                                             -6.116468   data arrival time
---------------------------------------------------------------------------------------------
                                             20.252163   slack (MET)


Startpoint: rst_ni (input port clocked by clk_i)
Endpoint: _561_ (recovery check against rising-edge clock clk_i)
Path Group: asynchronous
Path Type: max

Fanout         Cap        Slew       Delay        Time   Description
---------------------------------------------------------------------------------------------
                                  0.000000    0.000000   clock clk_i (rise edge)
                                  0.000000    0.000000   clock network delay (propagated)
                                  5.000000    5.000000 ^ input external delay
     2    0.009537    0.049386    0.032645    5.032645 ^ rst_ni (in)
                                                         rst_ni (net)
                      0.049391    0.000000    5.032645 ^ input1/A (sky130_fd_sc_hd__buf_8)
     5    0.150542    0.233902    0.191212    5.223857 ^ input1/X (sky130_fd_sc_hd__buf_8)
                                                         net1 (net)
                      0.284999    0.081464    5.305321 ^ fanout99/A (sky130_fd_sc_hd__clkbuf_2)
     7    0.035809    0.196884    0.281034    5.586356 ^ fanout99/X (sky130_fd_sc_hd__clkbuf_2)
                                                         net99 (net)
                      0.196901    0.001529    5.587884 ^ fanout98/A (sky130_fd_sc_hd__buf_1)
     4    0.021261    0.253236    0.258439    5.846323 ^ fanout98/X (sky130_fd_sc_hd__buf_1)
                                                         net98 (net)
                      0.253241    0.000953    5.847275 ^ fanout97/A (sky130_fd_sc_hd__buf_2)
     6    0.036297    0.180252    0.267773    6.115048 ^ fanout97/X (sky130_fd_sc_hd__buf_2)
                                                         net97 (net)
                      0.180270    0.001895    6.116944 ^ _561_/RESET_B (sky130_fd_sc_hd__dfrtp_1)
                                              6.116944   data arrival time

                                 25.000000   25.000000   clock clk_i (rise edge)
                                  0.000000   25.000000   clock source latency
     2    0.083141    0.377847    0.279778   25.279778 ^ clk_i (in)
                                                         clk_i (net)
                      0.382483    0.000000   25.279778 ^ clkbuf_0_clk_i/A (sky130_fd_sc_hd__clkbuf_16)
     2    0.018889    0.047857    0.218240   25.498016 ^ clkbuf_0_clk_i/X (sky130_fd_sc_hd__clkbuf_16)
                                                         clknet_0_clk_i (net)
                      0.047857    0.000961   25.498978 ^ clkbuf_1_0__f_clk_i/A (sky130_fd_sc_hd__clkbuf_16)
     3    0.008434    0.031988    0.115357   25.614334 ^ clkbuf_1_0__f_clk_i/X (sky130_fd_sc_hd__clkbuf_16)
                                                         clknet_1_0__leaf_clk_i (net)
                      0.031989    0.000407   25.614740 ^ _498_/A (sky130_fd_sc_hd__and2_2)
     3    0.056167    0.287732    0.302977   25.917719 ^ _498_/X (sky130_fd_sc_hd__and2_2)
                                                         u_ibex.clk (net)
                      0.289172    0.016499   25.934217 ^ clkbuf_0_u_ibex.clk/A (sky130_fd_sc_hd__clkbuf_16)
     9    0.085943    0.105335    0.249992   26.184210 ^ clkbuf_0_u_ibex.clk/X (sky130_fd_sc_hd__clkbuf_16)
                                                         clknet_0_u_ibex.clk (net)
                      0.107069    0.010703   26.194912 ^ clkbuf_2_3__f_u_ibex.clk/A (sky130_fd_sc_hd__clkbuf_16)
    23    0.084906    0.103015    0.190207   26.385118 ^ clkbuf_2_3__f_u_ibex.clk/X (sky130_fd_sc_hd__clkbuf_16)
                                                         clknet_2_3__leaf_u_ibex.clk (net)
                      0.108680    0.018835   26.403954 ^ _561_/CLK (sky130_fd_sc_hd__dfrtp_1)
                                 -0.250000   26.153954   clock uncertainty
                                  0.000000   26.153954   clock reconvergence pessimism
                                  0.215185   26.369141   library recovery time
                                             26.369141   data required time
---------------------------------------------------------------------------------------------
                                             26.369141   data required time
                                             -6.116944   data arrival time
---------------------------------------------------------------------------------------------
                                             20.252197   slack (MET)


Startpoint: rst_ni (input port clocked by clk_i)
Endpoint: _564_ (recovery check against rising-edge clock clk_i)
Path Group: asynchronous
Path Type: max

Fanout         Cap        Slew       Delay        Time   Description
---------------------------------------------------------------------------------------------
                                  0.000000    0.000000   clock clk_i (rise edge)
                                  0.000000    0.000000   clock network delay (propagated)
                                  5.000000    5.000000 ^ input external delay
     2    0.009537    0.049386    0.032645    5.032645 ^ rst_ni (in)
                                                         rst_ni (net)
                      0.049391    0.000000    5.032645 ^ input1/A (sky130_fd_sc_hd__buf_8)
     5    0.150542    0.233902    0.191212    5.223857 ^ input1/X (sky130_fd_sc_hd__buf_8)
                                                         net1 (net)
                      0.284999    0.081464    5.305321 ^ fanout99/A (sky130_fd_sc_hd__clkbuf_2)
     7    0.035809    0.196884    0.281034    5.586356 ^ fanout99/X (sky130_fd_sc_hd__clkbuf_2)
                                                         net99 (net)
                      0.196901    0.001529    5.587884 ^ fanout98/A (sky130_fd_sc_hd__buf_1)
     4    0.021261    0.253236    0.258439    5.846323 ^ fanout98/X (sky130_fd_sc_hd__buf_1)
                                                         net98 (net)
                      0.253262    0.002130    5.848453 ^ fanout94/A (sky130_fd_sc_hd__buf_2)
     6    0.034468    0.171327    0.261089    6.109542 ^ fanout94/X (sky130_fd_sc_hd__buf_2)
                                                         net94 (net)
                      0.171334    0.001380    6.110922 ^ _564_/RESET_B (sky130_fd_sc_hd__dfrtp_1)
                                              6.110922   data arrival time

                                 25.000000   25.000000   clock clk_i (rise edge)
                                  0.000000   25.000000   clock source latency
     2    0.083141    0.377847    0.279778   25.279778 ^ clk_i (in)
                                                         clk_i (net)
                      0.382483    0.000000   25.279778 ^ clkbuf_0_clk_i/A (sky130_fd_sc_hd__clkbuf_16)
     2    0.018889    0.047857    0.218240   25.498016 ^ clkbuf_0_clk_i/X (sky130_fd_sc_hd__clkbuf_16)
                                                         clknet_0_clk_i (net)
                      0.047857    0.000961   25.498978 ^ clkbuf_1_0__f_clk_i/A (sky130_fd_sc_hd__clkbuf_16)
     3    0.008434    0.031988    0.115357   25.614334 ^ clkbuf_1_0__f_clk_i/X (sky130_fd_sc_hd__clkbuf_16)
                                                         clknet_1_0__leaf_clk_i (net)
                      0.031989    0.000407   25.614740 ^ _498_/A (sky130_fd_sc_hd__and2_2)
     3    0.056167    0.287732    0.302977   25.917719 ^ _498_/X (sky130_fd_sc_hd__and2_2)
                                                         u_ibex.clk (net)
                      0.289172    0.016499   25.934217 ^ clkbuf_0_u_ibex.clk/A (sky130_fd_sc_hd__clkbuf_16)
     9    0.085943    0.105335    0.249992   26.184210 ^ clkbuf_0_u_ibex.clk/X (sky130_fd_sc_hd__clkbuf_16)
                                                         clknet_0_u_ibex.clk (net)
                      0.107069    0.010703   26.194912 ^ clkbuf_2_3__f_u_ibex.clk/A (sky130_fd_sc_hd__clkbuf_16)
    23    0.084906    0.103015    0.190207   26.385118 ^ clkbuf_2_3__f_u_ibex.clk/X (sky130_fd_sc_hd__clkbuf_16)
                                                         clknet_2_3__leaf_u_ibex.clk (net)
                      0.106536    0.014809   26.399929 ^ _564_/CLK (sky130_fd_sc_hd__dfrtp_1)
                                 -0.250000   26.149929   clock uncertainty
                                  0.000000   26.149929   clock reconvergence pessimism
                                  0.216807   26.366737   library recovery time
                                             26.366737   data required time
---------------------------------------------------------------------------------------------
                                             26.366737   data required time
                                             -6.110922   data arrival time
---------------------------------------------------------------------------------------------
                                             20.255816   slack (MET)


Startpoint: rst_ni (input port clocked by clk_i)
Endpoint: _577_ (recovery check against rising-edge clock clk_i)
Path Group: asynchronous
Path Type: max

Fanout         Cap        Slew       Delay        Time   Description
---------------------------------------------------------------------------------------------
                                  0.000000    0.000000   clock clk_i (rise edge)
                                  0.000000    0.000000   clock network delay (propagated)
                                  5.000000    5.000000 ^ input external delay
     2    0.009537    0.049386    0.032645    5.032645 ^ rst_ni (in)
                                                         rst_ni (net)
                      0.049391    0.000000    5.032645 ^ input1/A (sky130_fd_sc_hd__buf_8)
     5    0.150542    0.233902    0.191212    5.223857 ^ input1/X (sky130_fd_sc_hd__buf_8)
                                                         net1 (net)
                      0.284999    0.081464    5.305321 ^ fanout99/A (sky130_fd_sc_hd__clkbuf_2)
     7    0.035809    0.196884    0.281034    5.586356 ^ fanout99/X (sky130_fd_sc_hd__clkbuf_2)
                                                         net99 (net)
                      0.196901    0.001529    5.587884 ^ fanout98/A (sky130_fd_sc_hd__buf_1)
     4    0.021261    0.253236    0.258439    5.846323 ^ fanout98/X (sky130_fd_sc_hd__buf_1)
                                                         net98 (net)
                      0.253262    0.002122    5.848444 ^ fanout95/A (sky130_fd_sc_hd__clkbuf_2)
     4    0.026978    0.151632    0.241647    6.090092 ^ fanout95/X (sky130_fd_sc_hd__clkbuf_2)
                                                         net95 (net)
                      0.151800    0.003346    6.093438 ^ _577_/RESET_B (sky130_fd_sc_hd__dfrtp_2)
                                              6.093438   data arrival time

                                 25.000000   25.000000   clock clk_i (rise edge)
                                  0.000000   25.000000   clock source latency
     2    0.083141    0.377847    0.279778   25.279778 ^ clk_i (in)
                                                         clk_i (net)
                      0.382483    0.000000   25.279778 ^ clkbuf_0_clk_i/A (sky130_fd_sc_hd__clkbuf_16)
     2    0.018889    0.047857    0.218240   25.498016 ^ clkbuf_0_clk_i/X (sky130_fd_sc_hd__clkbuf_16)
                                                         clknet_0_clk_i (net)
                      0.047857    0.000961   25.498978 ^ clkbuf_1_0__f_clk_i/A (sky130_fd_sc_hd__clkbuf_16)
     3    0.008434    0.031988    0.115357   25.614334 ^ clkbuf_1_0__f_clk_i/X (sky130_fd_sc_hd__clkbuf_16)
                                                         clknet_1_0__leaf_clk_i (net)
                      0.031989    0.000407   25.614740 ^ _498_/A (sky130_fd_sc_hd__and2_2)
     3    0.056167    0.287732    0.302977   25.917719 ^ _498_/X (sky130_fd_sc_hd__and2_2)
                                                         u_ibex.clk (net)
                      0.289172    0.016499   25.934217 ^ clkbuf_0_u_ibex.clk/A (sky130_fd_sc_hd__clkbuf_16)
     9    0.085943    0.105335    0.249992   26.184210 ^ clkbuf_0_u_ibex.clk/X (sky130_fd_sc_hd__clkbuf_16)
                                                         clknet_0_u_ibex.clk (net)
                      0.107069    0.010703   26.194912 ^ clkbuf_2_3__f_u_ibex.clk/A (sky130_fd_sc_hd__clkbuf_16)
    23    0.084906    0.103015    0.190207   26.385118 ^ clkbuf_2_3__f_u_ibex.clk/X (sky130_fd_sc_hd__clkbuf_16)
                                                         clknet_2_3__leaf_u_ibex.clk (net)
                      0.105487    0.012438   26.397556 ^ _577_/CLK (sky130_fd_sc_hd__dfrtp_2)
                                 -0.250000   26.147558   clock uncertainty
                                  0.000000   26.147558   clock reconvergence pessimism
                                  0.206209   26.353767   library recovery time
                                             26.353767   data required time
---------------------------------------------------------------------------------------------
                                             26.353767   data required time
                                             -6.093438   data arrival time
---------------------------------------------------------------------------------------------
                                             20.260330   slack (MET)


Startpoint: rst_ni (input port clocked by clk_i)
Endpoint: _574_ (recovery check against rising-edge clock clk_i)
Path Group: asynchronous
Path Type: max

Fanout         Cap        Slew       Delay        Time   Description
---------------------------------------------------------------------------------------------
                                  0.000000    0.000000   clock clk_i (rise edge)
                                  0.000000    0.000000   clock network delay (propagated)
                                  5.000000    5.000000 ^ input external delay
     2    0.009537    0.049386    0.032645    5.032645 ^ rst_ni (in)
                                                         rst_ni (net)
                      0.049391    0.000000    5.032645 ^ input1/A (sky130_fd_sc_hd__buf_8)
     5    0.150542    0.233902    0.191212    5.223857 ^ input1/X (sky130_fd_sc_hd__buf_8)
                                                         net1 (net)
                      0.284999    0.081464    5.305321 ^ fanout99/A (sky130_fd_sc_hd__clkbuf_2)
     7    0.035809    0.196884    0.281034    5.586356 ^ fanout99/X (sky130_fd_sc_hd__clkbuf_2)
                                                         net99 (net)
                      0.196901    0.001529    5.587884 ^ fanout98/A (sky130_fd_sc_hd__buf_1)
     4    0.021261    0.253236    0.258439    5.846323 ^ fanout98/X (sky130_fd_sc_hd__buf_1)
                                                         net98 (net)
                      0.253262    0.002122    5.848444 ^ fanout95/A (sky130_fd_sc_hd__clkbuf_2)
     4    0.026978    0.151632    0.241647    6.090092 ^ fanout95/X (sky130_fd_sc_hd__clkbuf_2)
                                                         net95 (net)
                      0.151755    0.002592    6.092684 ^ _574_/RESET_B (sky130_fd_sc_hd__dfrtp_1)
                                              6.092684   data arrival time

                                 25.000000   25.000000   clock clk_i (rise edge)
                                  0.000000   25.000000   clock source latency
     2    0.083141    0.377847    0.279778   25.279778 ^ clk_i (in)
                                                         clk_i (net)
                      0.382483    0.000000   25.279778 ^ clkbuf_0_clk_i/A (sky130_fd_sc_hd__clkbuf_16)
     2    0.018889    0.047857    0.218240   25.498016 ^ clkbuf_0_clk_i/X (sky130_fd_sc_hd__clkbuf_16)
                                                         clknet_0_clk_i (net)
                      0.047857    0.000961   25.498978 ^ clkbuf_1_0__f_clk_i/A (sky130_fd_sc_hd__clkbuf_16)
     3    0.008434    0.031988    0.115357   25.614334 ^ clkbuf_1_0__f_clk_i/X (sky130_fd_sc_hd__clkbuf_16)
                                                         clknet_1_0__leaf_clk_i (net)
                      0.031989    0.000407   25.614740 ^ _498_/A (sky130_fd_sc_hd__and2_2)
     3    0.056167    0.287732    0.302977   25.917719 ^ _498_/X (sky130_fd_sc_hd__and2_2)
                                                         u_ibex.clk (net)
                      0.289172    0.016499   25.934217 ^ clkbuf_0_u_ibex.clk/A (sky130_fd_sc_hd__clkbuf_16)
     9    0.085943    0.105335    0.249992   26.184210 ^ clkbuf_0_u_ibex.clk/X (sky130_fd_sc_hd__clkbuf_16)
                                                         clknet_0_u_ibex.clk (net)
                      0.107069    0.010703   26.194912 ^ clkbuf_2_3__f_u_ibex.clk/A (sky130_fd_sc_hd__clkbuf_16)
    23    0.084906    0.103015    0.190207   26.385118 ^ clkbuf_2_3__f_u_ibex.clk/X (sky130_fd_sc_hd__clkbuf_16)
                                                         clknet_2_3__leaf_u_ibex.clk (net)
                      0.106551    0.014841   26.399960 ^ _574_/CLK (sky130_fd_sc_hd__dfrtp_1)
                                 -0.250000   26.149961   clock uncertainty
                                  0.000000   26.149961   clock reconvergence pessimism
                                  0.221832   26.371792   library recovery time
                                             26.371792   data required time
---------------------------------------------------------------------------------------------
                                             26.371792   data required time
                                             -6.092684   data arrival time
---------------------------------------------------------------------------------------------
                                             20.279108   slack (MET)


Startpoint: rst_ni (input port clocked by clk_i)
Endpoint: _579_ (recovery check against rising-edge clock clk_i)
Path Group: asynchronous
Path Type: max

Fanout         Cap        Slew       Delay        Time   Description
---------------------------------------------------------------------------------------------
                                  0.000000    0.000000   clock clk_i (rise edge)
                                  0.000000    0.000000   clock network delay (propagated)
                                  5.000000    5.000000 ^ input external delay
     2    0.009537    0.049386    0.032645    5.032645 ^ rst_ni (in)
                                                         rst_ni (net)
                      0.049391    0.000000    5.032645 ^ input1/A (sky130_fd_sc_hd__buf_8)
     5    0.150542    0.233902    0.191212    5.223857 ^ input1/X (sky130_fd_sc_hd__buf_8)
                                                         net1 (net)
                      0.284999    0.081464    5.305321 ^ fanout99/A (sky130_fd_sc_hd__clkbuf_2)
     7    0.035809    0.196884    0.281034    5.586356 ^ fanout99/X (sky130_fd_sc_hd__clkbuf_2)
                                                         net99 (net)
                      0.196901    0.001529    5.587884 ^ fanout98/A (sky130_fd_sc_hd__buf_1)
     4    0.021261    0.253236    0.258439    5.846323 ^ fanout98/X (sky130_fd_sc_hd__buf_1)
                                                         net98 (net)
                      0.253262    0.002130    5.848453 ^ fanout94/A (sky130_fd_sc_hd__buf_2)
     6    0.034468    0.171327    0.261089    6.109542 ^ fanout94/X (sky130_fd_sc_hd__buf_2)
                                                         net94 (net)
                      0.171483    0.003370    6.112912 ^ _579_/RESET_B (sky130_fd_sc_hd__dfrtp_1)
                                              6.112912   data arrival time

                                 25.000000   25.000000   clock clk_i (rise edge)
                                  0.000000   25.000000   clock source latency
     2    0.083141    0.377847    0.279778   25.279778 ^ clk_i (in)
                                                         clk_i (net)
                      0.382483    0.000000   25.279778 ^ clkbuf_0_clk_i/A (sky130_fd_sc_hd__clkbuf_16)
     2    0.018889    0.047857    0.218240   25.498016 ^ clkbuf_0_clk_i/X (sky130_fd_sc_hd__clkbuf_16)
                                                         clknet_0_clk_i (net)
                      0.047857    0.000961   25.498978 ^ clkbuf_1_0__f_clk_i/A (sky130_fd_sc_hd__clkbuf_16)
     3    0.008434    0.031988    0.115357   25.614334 ^ clkbuf_1_0__f_clk_i/X (sky130_fd_sc_hd__clkbuf_16)
                                                         clknet_1_0__leaf_clk_i (net)
                      0.031989    0.000407   25.614740 ^ _498_/A (sky130_fd_sc_hd__and2_2)
     3    0.056167    0.287732    0.302977   25.917719 ^ _498_/X (sky130_fd_sc_hd__and2_2)
                                                         u_ibex.clk (net)
                      0.289172    0.016499   25.934217 ^ clkbuf_0_u_ibex.clk/A (sky130_fd_sc_hd__clkbuf_16)
     9    0.085943    0.105335    0.249992   26.184210 ^ clkbuf_0_u_ibex.clk/X (sky130_fd_sc_hd__clkbuf_16)
                                                         clknet_0_u_ibex.clk (net)
                      0.107192    0.011074   26.195284 ^ clkbuf_2_2__f_u_ibex.clk/A (sky130_fd_sc_hd__clkbuf_16)
    31    0.111426    0.125472    0.198986   26.394268 ^ clkbuf_2_2__f_u_ibex.clk/X (sky130_fd_sc_hd__clkbuf_16)
                                                         clknet_2_2__leaf_u_ibex.clk (net)
                      0.132799    0.022919   26.417187 ^ _579_/CLK (sky130_fd_sc_hd__dfrtp_1)
                                 -0.250000   26.167189   clock uncertainty
                                  0.000000   26.167189   clock reconvergence pessimism
                                  0.224956   26.392145   library recovery time
                                             26.392145   data required time
---------------------------------------------------------------------------------------------
                                             26.392145   data required time
                                             -6.112912   data arrival time
---------------------------------------------------------------------------------------------
                                             20.279232   slack (MET)


Startpoint: rst_ni (input port clocked by clk_i)
Endpoint: _566_ (recovery check against rising-edge clock clk_i)
Path Group: asynchronous
Path Type: max

Fanout         Cap        Slew       Delay        Time   Description
---------------------------------------------------------------------------------------------
                                  0.000000    0.000000   clock clk_i (rise edge)
                                  0.000000    0.000000   clock network delay (propagated)
                                  5.000000    5.000000 ^ input external delay
     2    0.009537    0.049386    0.032645    5.032645 ^ rst_ni (in)
                                                         rst_ni (net)
                      0.049391    0.000000    5.032645 ^ input1/A (sky130_fd_sc_hd__buf_8)
     5    0.150542    0.233902    0.191212    5.223857 ^ input1/X (sky130_fd_sc_hd__buf_8)
                                                         net1 (net)
                      0.284999    0.081464    5.305321 ^ fanout99/A (sky130_fd_sc_hd__clkbuf_2)
     7    0.035809    0.196884    0.281034    5.586356 ^ fanout99/X (sky130_fd_sc_hd__clkbuf_2)
                                                         net99 (net)
                      0.196901    0.001529    5.587884 ^ fanout98/A (sky130_fd_sc_hd__buf_1)
     4    0.021261    0.253236    0.258439    5.846323 ^ fanout98/X (sky130_fd_sc_hd__buf_1)
                                                         net98 (net)
                      0.253262    0.002122    5.848444 ^ fanout95/A (sky130_fd_sc_hd__clkbuf_2)
     4    0.026978    0.151632    0.241647    6.090092 ^ fanout95/X (sky130_fd_sc_hd__clkbuf_2)
                                                         net95 (net)
                      0.151646    0.001607    6.091699 ^ _566_/RESET_B (sky130_fd_sc_hd__dfrtp_1)
                                              6.091699   data arrival time

                                 25.000000   25.000000   clock clk_i (rise edge)
                                  0.000000   25.000000   clock source latency
     2    0.083141    0.377847    0.279778   25.279778 ^ clk_i (in)
                                                         clk_i (net)
                      0.382483    0.000000   25.279778 ^ clkbuf_0_clk_i/A (sky130_fd_sc_hd__clkbuf_16)
     2    0.018889    0.047857    0.218240   25.498016 ^ clkbuf_0_clk_i/X (sky130_fd_sc_hd__clkbuf_16)
                                                         clknet_0_clk_i (net)
                      0.047857    0.000961   25.498978 ^ clkbuf_1_0__f_clk_i/A (sky130_fd_sc_hd__clkbuf_16)
     3    0.008434    0.031988    0.115357   25.614334 ^ clkbuf_1_0__f_clk_i/X (sky130_fd_sc_hd__clkbuf_16)
                                                         clknet_1_0__leaf_clk_i (net)
                      0.031989    0.000407   25.614740 ^ _498_/A (sky130_fd_sc_hd__and2_2)
     3    0.056167    0.287732    0.302977   25.917719 ^ _498_/X (sky130_fd_sc_hd__and2_2)
                                                         u_ibex.clk (net)
                      0.289172    0.016499   25.934217 ^ clkbuf_0_u_ibex.clk/A (sky130_fd_sc_hd__clkbuf_16)
     9    0.085943    0.105335    0.249992   26.184210 ^ clkbuf_0_u_ibex.clk/X (sky130_fd_sc_hd__clkbuf_16)
                                                         clknet_0_u_ibex.clk (net)
                      0.107069    0.010703   26.194912 ^ clkbuf_2_3__f_u_ibex.clk/A (sky130_fd_sc_hd__clkbuf_16)
    23    0.084906    0.103015    0.190207   26.385118 ^ clkbuf_2_3__f_u_ibex.clk/X (sky130_fd_sc_hd__clkbuf_16)
                                                         clknet_2_3__leaf_u_ibex.clk (net)
                      0.107448    0.016627   26.401745 ^ _566_/CLK (sky130_fd_sc_hd__dfrtp_1)
                                 -0.250000   26.151747   clock uncertainty
                                  0.000000   26.151747   clock reconvergence pessimism
                                  0.222139   26.373886   library recovery time
                                             26.373886   data required time
---------------------------------------------------------------------------------------------
                                             26.373886   data required time
                                             -6.091699   data arrival time
---------------------------------------------------------------------------------------------
                                             20.282187   slack (MET)


Startpoint: rst_ni (input port clocked by clk_i)
Endpoint: _575_ (recovery check against rising-edge clock clk_i)
Path Group: asynchronous
Path Type: max

Fanout         Cap        Slew       Delay        Time   Description
---------------------------------------------------------------------------------------------
                                  0.000000    0.000000   clock clk_i (rise edge)
                                  0.000000    0.000000   clock network delay (propagated)
                                  5.000000    5.000000 ^ input external delay
     2    0.009537    0.049386    0.032645    5.032645 ^ rst_ni (in)
                                                         rst_ni (net)
                      0.049391    0.000000    5.032645 ^ input1/A (sky130_fd_sc_hd__buf_8)
     5    0.150542    0.233902    0.191212    5.223857 ^ input1/X (sky130_fd_sc_hd__buf_8)
                                                         net1 (net)
                      0.284999    0.081464    5.305321 ^ fanout99/A (sky130_fd_sc_hd__clkbuf_2)
     7    0.035809    0.196884    0.281034    5.586356 ^ fanout99/X (sky130_fd_sc_hd__clkbuf_2)
                                                         net99 (net)
                      0.196901    0.001529    5.587884 ^ fanout98/A (sky130_fd_sc_hd__buf_1)
     4    0.021261    0.253236    0.258439    5.846323 ^ fanout98/X (sky130_fd_sc_hd__buf_1)
                                                         net98 (net)
                      0.253262    0.002130    5.848453 ^ fanout94/A (sky130_fd_sc_hd__buf_2)
     6    0.034468    0.171327    0.261089    6.109542 ^ fanout94/X (sky130_fd_sc_hd__buf_2)
                                                         net94 (net)
                      0.171467    0.003080    6.112622 ^ _575_/RESET_B (sky130_fd_sc_hd__dfrtp_1)
                                              6.112622   data arrival time

                                 25.000000   25.000000   clock clk_i (rise edge)
                                  0.000000   25.000000   clock source latency
     2    0.083141    0.377847    0.279778   25.279778 ^ clk_i (in)
                                                         clk_i (net)
                      0.382483    0.000000   25.279778 ^ clkbuf_0_clk_i/A (sky130_fd_sc_hd__clkbuf_16)
     2    0.018889    0.047857    0.218240   25.498016 ^ clkbuf_0_clk_i/X (sky130_fd_sc_hd__clkbuf_16)
                                                         clknet_0_clk_i (net)
                      0.047857    0.000961   25.498978 ^ clkbuf_1_0__f_clk_i/A (sky130_fd_sc_hd__clkbuf_16)
     3    0.008434    0.031988    0.115357   25.614334 ^ clkbuf_1_0__f_clk_i/X (sky130_fd_sc_hd__clkbuf_16)
                                                         clknet_1_0__leaf_clk_i (net)
                      0.031989    0.000407   25.614740 ^ _498_/A (sky130_fd_sc_hd__and2_2)
     3    0.056167    0.287732    0.302977   25.917719 ^ _498_/X (sky130_fd_sc_hd__and2_2)
                                                         u_ibex.clk (net)
                      0.289172    0.016499   25.934217 ^ clkbuf_0_u_ibex.clk/A (sky130_fd_sc_hd__clkbuf_16)
     9    0.085943    0.105335    0.249992   26.184210 ^ clkbuf_0_u_ibex.clk/X (sky130_fd_sc_hd__clkbuf_16)
                                                         clknet_0_u_ibex.clk (net)
                      0.107192    0.011074   26.195284 ^ clkbuf_2_2__f_u_ibex.clk/A (sky130_fd_sc_hd__clkbuf_16)
    31    0.111426    0.125472    0.198986   26.394268 ^ clkbuf_2_2__f_u_ibex.clk/X (sky130_fd_sc_hd__clkbuf_16)
                                                         clknet_2_2__leaf_u_ibex.clk (net)
                      0.134521    0.025453   26.419722 ^ _575_/CLK (sky130_fd_sc_hd__dfrtp_1)
                                 -0.250000   26.169724   clock uncertainty
                                  0.000000   26.169724   clock reconvergence pessimism
                                  0.225497   26.395220   library recovery time
                                             26.395220   data required time
---------------------------------------------------------------------------------------------
                                             26.395220   data required time
                                             -6.112622   data arrival time
---------------------------------------------------------------------------------------------
                                             20.282597   slack (MET)


Startpoint: rst_ni (input port clocked by clk_i)
Endpoint: _608_ (recovery check against rising-edge clock clk_i)
Path Group: asynchronous
Path Type: max

Fanout         Cap        Slew       Delay        Time   Description
---------------------------------------------------------------------------------------------
                                  0.000000    0.000000   clock clk_i (rise edge)
                                  0.000000    0.000000   clock network delay (propagated)
                                  5.000000    5.000000 ^ input external delay
     2    0.009537    0.049386    0.032645    5.032645 ^ rst_ni (in)
                                                         rst_ni (net)
                      0.049391    0.000000    5.032645 ^ input1/A (sky130_fd_sc_hd__buf_8)
     5    0.150542    0.233902    0.191212    5.223857 ^ input1/X (sky130_fd_sc_hd__buf_8)
                                                         net1 (net)
                      0.305986    0.100131    5.323987 ^ fanout93/A (sky130_fd_sc_hd__buf_1)
     3    0.015718    0.189985    0.228799    5.552786 ^ fanout93/X (sky130_fd_sc_hd__buf_1)
                                                         net93 (net)
                      0.190051    0.001119    5.553905 ^ fanout90/A (sky130_fd_sc_hd__clkbuf_2)
     9    0.038488    0.211510    0.265769    5.819674 ^ fanout90/X (sky130_fd_sc_hd__clkbuf_2)
                                                         net90 (net)
                      0.211718    0.005449    5.825123 ^ fanout88/A (sky130_fd_sc_hd__buf_2)
     6    0.038571    0.190019    0.263487    6.088611 ^ fanout88/X (sky130_fd_sc_hd__buf_2)
                                                         net88 (net)
                      0.190170    0.003403    6.092014 ^ _608_/RESET_B (sky130_fd_sc_hd__dfrtp_1)
                                              6.092014   data arrival time

                                 25.000000   25.000000   clock clk_i (rise edge)
                                  0.000000   25.000000   clock source latency
     2    0.083141    0.377847    0.279778   25.279778 ^ clk_i (in)
                                                         clk_i (net)
                      0.382483    0.000000   25.279778 ^ clkbuf_0_clk_i/A (sky130_fd_sc_hd__clkbuf_16)
     2    0.018889    0.047857    0.218240   25.498016 ^ clkbuf_0_clk_i/X (sky130_fd_sc_hd__clkbuf_16)
                                                         clknet_0_clk_i (net)
                      0.047857    0.000961   25.498978 ^ clkbuf_1_0__f_clk_i/A (sky130_fd_sc_hd__clkbuf_16)
     3    0.008434    0.031988    0.115357   25.614334 ^ clkbuf_1_0__f_clk_i/X (sky130_fd_sc_hd__clkbuf_16)
                                                         clknet_1_0__leaf_clk_i (net)
                      0.031989    0.000407   25.614740 ^ _498_/A (sky130_fd_sc_hd__and2_2)
     3    0.056167    0.287732    0.302977   25.917719 ^ _498_/X (sky130_fd_sc_hd__and2_2)
                                                         u_ibex.clk (net)
                      0.289172    0.016499   25.934217 ^ clkbuf_0_u_ibex.clk/A (sky130_fd_sc_hd__clkbuf_16)
     9    0.085943    0.105335    0.249992   26.184210 ^ clkbuf_0_u_ibex.clk/X (sky130_fd_sc_hd__clkbuf_16)
                                                         clknet_0_u_ibex.clk (net)
                      0.106302    0.008047   26.192257 ^ clkbuf_2_1__f_u_ibex.clk/A (sky130_fd_sc_hd__clkbuf_16)
    33    0.100302    0.118991    0.196579   26.388836 ^ clkbuf_2_1__f_u_ibex.clk/X (sky130_fd_sc_hd__clkbuf_16)
                                                         clknet_2_1__leaf_u_ibex.clk (net)
                      0.125081    0.020950   26.409786 ^ _608_/CLK (sky130_fd_sc_hd__dfrtp_1)
                                 -0.250000   26.159786   clock uncertainty
                                  0.000000   26.159786   clock reconvergence pessimism
                                  0.217773   26.377558   library recovery time
                                             26.377558   data required time
---------------------------------------------------------------------------------------------
                                             26.377558   data required time
                                             -6.092014   data arrival time
---------------------------------------------------------------------------------------------
                                             20.285545   slack (MET)


Startpoint: rst_ni (input port clocked by clk_i)
Endpoint: _609_ (recovery check against rising-edge clock clk_i)
Path Group: asynchronous
Path Type: max

Fanout         Cap        Slew       Delay        Time   Description
---------------------------------------------------------------------------------------------
                                  0.000000    0.000000   clock clk_i (rise edge)
                                  0.000000    0.000000   clock network delay (propagated)
                                  5.000000    5.000000 ^ input external delay
     2    0.009537    0.049386    0.032645    5.032645 ^ rst_ni (in)
                                                         rst_ni (net)
                      0.049391    0.000000    5.032645 ^ input1/A (sky130_fd_sc_hd__buf_8)
     5    0.150542    0.233902    0.191212    5.223857 ^ input1/X (sky130_fd_sc_hd__buf_8)
                                                         net1 (net)
                      0.305986    0.100131    5.323987 ^ fanout93/A (sky130_fd_sc_hd__buf_1)
     3    0.015718    0.189985    0.228799    5.552786 ^ fanout93/X (sky130_fd_sc_hd__buf_1)
                                                         net93 (net)
                      0.190051    0.001119    5.553905 ^ fanout90/A (sky130_fd_sc_hd__clkbuf_2)
     9    0.038488    0.211510    0.265769    5.819674 ^ fanout90/X (sky130_fd_sc_hd__clkbuf_2)
                                                         net90 (net)
                      0.211718    0.005449    5.825123 ^ fanout88/A (sky130_fd_sc_hd__buf_2)
     6    0.038571    0.190019    0.263487    6.088611 ^ fanout88/X (sky130_fd_sc_hd__buf_2)
                                                         net88 (net)
                      0.190174    0.003483    6.092093 ^ _609_/RESET_B (sky130_fd_sc_hd__dfrtp_1)
                                              6.092093   data arrival time

                                 25.000000   25.000000   clock clk_i (rise edge)
                                  0.000000   25.000000   clock source latency
     2    0.083141    0.377847    0.279778   25.279778 ^ clk_i (in)
                                                         clk_i (net)
                      0.382483    0.000000   25.279778 ^ clkbuf_0_clk_i/A (sky130_fd_sc_hd__clkbuf_16)
     2    0.018889    0.047857    0.218240   25.498016 ^ clkbuf_0_clk_i/X (sky130_fd_sc_hd__clkbuf_16)
                                                         clknet_0_clk_i (net)
                      0.047857    0.000961   25.498978 ^ clkbuf_1_0__f_clk_i/A (sky130_fd_sc_hd__clkbuf_16)
     3    0.008434    0.031988    0.115357   25.614334 ^ clkbuf_1_0__f_clk_i/X (sky130_fd_sc_hd__clkbuf_16)
                                                         clknet_1_0__leaf_clk_i (net)
                      0.031989    0.000407   25.614740 ^ _498_/A (sky130_fd_sc_hd__and2_2)
     3    0.056167    0.287732    0.302977   25.917719 ^ _498_/X (sky130_fd_sc_hd__and2_2)
                                                         u_ibex.clk (net)
                      0.289172    0.016499   25.934217 ^ clkbuf_0_u_ibex.clk/A (sky130_fd_sc_hd__clkbuf_16)
     9    0.085943    0.105335    0.249992   26.184210 ^ clkbuf_0_u_ibex.clk/X (sky130_fd_sc_hd__clkbuf_16)
                                                         clknet_0_u_ibex.clk (net)
                      0.106302    0.008047   26.192257 ^ clkbuf_2_1__f_u_ibex.clk/A (sky130_fd_sc_hd__clkbuf_16)
    33    0.100302    0.118991    0.196579   26.388836 ^ clkbuf_2_1__f_u_ibex.clk/X (sky130_fd_sc_hd__clkbuf_16)
                                                         clknet_2_1__leaf_u_ibex.clk (net)
                      0.125168    0.021096   26.409931 ^ _609_/CLK (sky130_fd_sc_hd__dfrtp_1)
                                 -0.250000   26.159931   clock uncertainty
                                  0.000000   26.159931   clock reconvergence pessimism
                                  0.217799   26.377731   library recovery time
                                             26.377731   data required time
---------------------------------------------------------------------------------------------
                                             26.377731   data required time
                                             -6.092093   data arrival time
---------------------------------------------------------------------------------------------
                                             20.285637   slack (MET)


Startpoint: rst_ni (input port clocked by clk_i)
Endpoint: _605_ (recovery check against rising-edge clock clk_i)
Path Group: asynchronous
Path Type: max

Fanout         Cap        Slew       Delay        Time   Description
---------------------------------------------------------------------------------------------
                                  0.000000    0.000000   clock clk_i (rise edge)
                                  0.000000    0.000000   clock network delay (propagated)
                                  5.000000    5.000000 ^ input external delay
     2    0.009537    0.049386    0.032645    5.032645 ^ rst_ni (in)
                                                         rst_ni (net)
                      0.049391    0.000000    5.032645 ^ input1/A (sky130_fd_sc_hd__buf_8)
     5    0.150542    0.233902    0.191212    5.223857 ^ input1/X (sky130_fd_sc_hd__buf_8)
                                                         net1 (net)
                      0.305986    0.100131    5.323987 ^ fanout93/A (sky130_fd_sc_hd__buf_1)
     3    0.015718    0.189985    0.228799    5.552786 ^ fanout93/X (sky130_fd_sc_hd__buf_1)
                                                         net93 (net)
                      0.190051    0.001119    5.553905 ^ fanout90/A (sky130_fd_sc_hd__clkbuf_2)
     9    0.038488    0.211510    0.265769    5.819674 ^ fanout90/X (sky130_fd_sc_hd__clkbuf_2)
                                                         net90 (net)
                      0.211718    0.005449    5.825123 ^ fanout88/A (sky130_fd_sc_hd__buf_2)
     6    0.038571    0.190019    0.263487    6.088611 ^ fanout88/X (sky130_fd_sc_hd__buf_2)
                                                         net88 (net)
                      0.190112    0.002035    6.090645 ^ _605_/RESET_B (sky130_fd_sc_hd__dfrtp_1)
                                              6.090645   data arrival time

                                 25.000000   25.000000   clock clk_i (rise edge)
                                  0.000000   25.000000   clock source latency
     2    0.083141    0.377847    0.279778   25.279778 ^ clk_i (in)
                                                         clk_i (net)
                      0.382483    0.000000   25.279778 ^ clkbuf_0_clk_i/A (sky130_fd_sc_hd__clkbuf_16)
     2    0.018889    0.047857    0.218240   25.498016 ^ clkbuf_0_clk_i/X (sky130_fd_sc_hd__clkbuf_16)
                                                         clknet_0_clk_i (net)
                      0.047857    0.000961   25.498978 ^ clkbuf_1_0__f_clk_i/A (sky130_fd_sc_hd__clkbuf_16)
     3    0.008434    0.031988    0.115357   25.614334 ^ clkbuf_1_0__f_clk_i/X (sky130_fd_sc_hd__clkbuf_16)
                                                         clknet_1_0__leaf_clk_i (net)
                      0.031989    0.000407   25.614740 ^ _498_/A (sky130_fd_sc_hd__and2_2)
     3    0.056167    0.287732    0.302977   25.917719 ^ _498_/X (sky130_fd_sc_hd__and2_2)
                                                         u_ibex.clk (net)
                      0.289172    0.016499   25.934217 ^ clkbuf_0_u_ibex.clk/A (sky130_fd_sc_hd__clkbuf_16)
     9    0.085943    0.105335    0.249992   26.184210 ^ clkbuf_0_u_ibex.clk/X (sky130_fd_sc_hd__clkbuf_16)
                                                         clknet_0_u_ibex.clk (net)
                      0.106302    0.008047   26.192257 ^ clkbuf_2_1__f_u_ibex.clk/A (sky130_fd_sc_hd__clkbuf_16)
    33    0.100302    0.118991    0.196579   26.388836 ^ clkbuf_2_1__f_u_ibex.clk/X (sky130_fd_sc_hd__clkbuf_16)
                                                         clknet_2_1__leaf_u_ibex.clk (net)
                      0.124697    0.020293   26.409128 ^ _605_/CLK (sky130_fd_sc_hd__dfrtp_1)
                                 -0.250000   26.159128   clock uncertainty
                                  0.000000   26.159128   clock reconvergence pessimism
                                  0.217668   26.376797   library recovery time
                                             26.376797   data required time
---------------------------------------------------------------------------------------------
                                             26.376797   data required time
                                             -6.090645   data arrival time
---------------------------------------------------------------------------------------------
                                             20.286152   slack (MET)


Startpoint: rst_ni (input port clocked by clk_i)
Endpoint: _606_ (recovery check against rising-edge clock clk_i)
Path Group: asynchronous
Path Type: max

Fanout         Cap        Slew       Delay        Time   Description
---------------------------------------------------------------------------------------------
                                  0.000000    0.000000   clock clk_i (rise edge)
                                  0.000000    0.000000   clock network delay (propagated)
                                  5.000000    5.000000 ^ input external delay
     2    0.009537    0.049386    0.032645    5.032645 ^ rst_ni (in)
                                                         rst_ni (net)
                      0.049391    0.000000    5.032645 ^ input1/A (sky130_fd_sc_hd__buf_8)
     5    0.150542    0.233902    0.191212    5.223857 ^ input1/X (sky130_fd_sc_hd__buf_8)
                                                         net1 (net)
                      0.305986    0.100131    5.323987 ^ fanout93/A (sky130_fd_sc_hd__buf_1)
     3    0.015718    0.189985    0.228799    5.552786 ^ fanout93/X (sky130_fd_sc_hd__buf_1)
                                                         net93 (net)
                      0.190051    0.001119    5.553905 ^ fanout90/A (sky130_fd_sc_hd__clkbuf_2)
     9    0.038488    0.211510    0.265769    5.819674 ^ fanout90/X (sky130_fd_sc_hd__clkbuf_2)
                                                         net90 (net)
                      0.211718    0.005449    5.825123 ^ fanout88/A (sky130_fd_sc_hd__buf_2)
     6    0.038571    0.190019    0.263487    6.088611 ^ fanout88/X (sky130_fd_sc_hd__buf_2)
                                                         net88 (net)
                      0.190169    0.003378    6.091989 ^ _606_/RESET_B (sky130_fd_sc_hd__dfrtp_1)
                                              6.091989   data arrival time

                                 25.000000   25.000000   clock clk_i (rise edge)
                                  0.000000   25.000000   clock source latency
     2    0.083141    0.377847    0.279778   25.279778 ^ clk_i (in)
                                                         clk_i (net)
                      0.382483    0.000000   25.279778 ^ clkbuf_0_clk_i/A (sky130_fd_sc_hd__clkbuf_16)
     2    0.018889    0.047857    0.218240   25.498016 ^ clkbuf_0_clk_i/X (sky130_fd_sc_hd__clkbuf_16)
                                                         clknet_0_clk_i (net)
                      0.047857    0.000961   25.498978 ^ clkbuf_1_0__f_clk_i/A (sky130_fd_sc_hd__clkbuf_16)
     3    0.008434    0.031988    0.115357   25.614334 ^ clkbuf_1_0__f_clk_i/X (sky130_fd_sc_hd__clkbuf_16)
                                                         clknet_1_0__leaf_clk_i (net)
                      0.031989    0.000407   25.614740 ^ _498_/A (sky130_fd_sc_hd__and2_2)
     3    0.056167    0.287732    0.302977   25.917719 ^ _498_/X (sky130_fd_sc_hd__and2_2)
                                                         u_ibex.clk (net)
                      0.289172    0.016499   25.934217 ^ clkbuf_0_u_ibex.clk/A (sky130_fd_sc_hd__clkbuf_16)
     9    0.085943    0.105335    0.249992   26.184210 ^ clkbuf_0_u_ibex.clk/X (sky130_fd_sc_hd__clkbuf_16)
                                                         clknet_0_u_ibex.clk (net)
                      0.106302    0.008047   26.192257 ^ clkbuf_2_1__f_u_ibex.clk/A (sky130_fd_sc_hd__clkbuf_16)
    33    0.100302    0.118991    0.196579   26.388836 ^ clkbuf_2_1__f_u_ibex.clk/X (sky130_fd_sc_hd__clkbuf_16)
                                                         clknet_2_1__leaf_u_ibex.clk (net)
                      0.125534    0.021702   26.410536 ^ _606_/CLK (sky130_fd_sc_hd__dfrtp_1)
                                 -0.250000   26.160538   clock uncertainty
                                  0.000000   26.160538   clock reconvergence pessimism
                                  0.217915   26.378452   library recovery time
                                             26.378452   data required time
---------------------------------------------------------------------------------------------
                                             26.378452   data required time
                                             -6.091989   data arrival time
---------------------------------------------------------------------------------------------
                                             20.286463   slack (MET)


Startpoint: rst_ni (input port clocked by clk_i)
Endpoint: _607_ (recovery check against rising-edge clock clk_i)
Path Group: asynchronous
Path Type: max

Fanout         Cap        Slew       Delay        Time   Description
---------------------------------------------------------------------------------------------
                                  0.000000    0.000000   clock clk_i (rise edge)
                                  0.000000    0.000000   clock network delay (propagated)
                                  5.000000    5.000000 ^ input external delay
     2    0.009537    0.049386    0.032645    5.032645 ^ rst_ni (in)
                                                         rst_ni (net)
                      0.049391    0.000000    5.032645 ^ input1/A (sky130_fd_sc_hd__buf_8)
     5    0.150542    0.233902    0.191212    5.223857 ^ input1/X (sky130_fd_sc_hd__buf_8)
                                                         net1 (net)
                      0.305986    0.100131    5.323987 ^ fanout93/A (sky130_fd_sc_hd__buf_1)
     3    0.015718    0.189985    0.228799    5.552786 ^ fanout93/X (sky130_fd_sc_hd__buf_1)
                                                         net93 (net)
                      0.190051    0.001119    5.553905 ^ fanout90/A (sky130_fd_sc_hd__clkbuf_2)
     9    0.038488    0.211510    0.265769    5.819674 ^ fanout90/X (sky130_fd_sc_hd__clkbuf_2)
                                                         net90 (net)
                      0.211718    0.005449    5.825123 ^ fanout88/A (sky130_fd_sc_hd__buf_2)
     6    0.038571    0.190019    0.263487    6.088611 ^ fanout88/X (sky130_fd_sc_hd__buf_2)
                                                         net88 (net)
                      0.190164    0.003294    6.091905 ^ _607_/RESET_B (sky130_fd_sc_hd__dfrtp_1)
                                              6.091905   data arrival time

                                 25.000000   25.000000   clock clk_i (rise edge)
                                  0.000000   25.000000   clock source latency
     2    0.083141    0.377847    0.279778   25.279778 ^ clk_i (in)
                                                         clk_i (net)
                      0.382483    0.000000   25.279778 ^ clkbuf_0_clk_i/A (sky130_fd_sc_hd__clkbuf_16)
     2    0.018889    0.047857    0.218240   25.498016 ^ clkbuf_0_clk_i/X (sky130_fd_sc_hd__clkbuf_16)
                                                         clknet_0_clk_i (net)
                      0.047857    0.000961   25.498978 ^ clkbuf_1_0__f_clk_i/A (sky130_fd_sc_hd__clkbuf_16)
     3    0.008434    0.031988    0.115357   25.614334 ^ clkbuf_1_0__f_clk_i/X (sky130_fd_sc_hd__clkbuf_16)
                                                         clknet_1_0__leaf_clk_i (net)
                      0.031989    0.000407   25.614740 ^ _498_/A (sky130_fd_sc_hd__and2_2)
     3    0.056167    0.287732    0.302977   25.917719 ^ _498_/X (sky130_fd_sc_hd__and2_2)
                                                         u_ibex.clk (net)
                      0.289172    0.016499   25.934217 ^ clkbuf_0_u_ibex.clk/A (sky130_fd_sc_hd__clkbuf_16)
     9    0.085943    0.105335    0.249992   26.184210 ^ clkbuf_0_u_ibex.clk/X (sky130_fd_sc_hd__clkbuf_16)
                                                         clknet_0_u_ibex.clk (net)
                      0.106302    0.008047   26.192257 ^ clkbuf_2_1__f_u_ibex.clk/A (sky130_fd_sc_hd__clkbuf_16)
    33    0.100302    0.118991    0.196579   26.388836 ^ clkbuf_2_1__f_u_ibex.clk/X (sky130_fd_sc_hd__clkbuf_16)
                                                         clknet_2_1__leaf_u_ibex.clk (net)
                      0.125568    0.021755   26.410589 ^ _607_/CLK (sky130_fd_sc_hd__dfrtp_1)
                                 -0.250000   26.160591   clock uncertainty
                                  0.000000   26.160591   clock reconvergence pessimism
                                  0.217926   26.378517   library recovery time
                                             26.378517   data required time
---------------------------------------------------------------------------------------------
                                             26.378517   data required time
                                             -6.091905   data arrival time
---------------------------------------------------------------------------------------------
                                             20.286613   slack (MET)


Startpoint: rst_ni (input port clocked by clk_i)
Endpoint: _604_ (recovery check against rising-edge clock clk_i)
Path Group: asynchronous
Path Type: max

Fanout         Cap        Slew       Delay        Time   Description
---------------------------------------------------------------------------------------------
                                  0.000000    0.000000   clock clk_i (rise edge)
                                  0.000000    0.000000   clock network delay (propagated)
                                  5.000000    5.000000 ^ input external delay
     2    0.009537    0.049386    0.032645    5.032645 ^ rst_ni (in)
                                                         rst_ni (net)
                      0.049391    0.000000    5.032645 ^ input1/A (sky130_fd_sc_hd__buf_8)
     5    0.150542    0.233902    0.191212    5.223857 ^ input1/X (sky130_fd_sc_hd__buf_8)
                                                         net1 (net)
                      0.305986    0.100131    5.323987 ^ fanout93/A (sky130_fd_sc_hd__buf_1)
     3    0.015718    0.189985    0.228799    5.552786 ^ fanout93/X (sky130_fd_sc_hd__buf_1)
                                                         net93 (net)
                      0.190051    0.001119    5.553905 ^ fanout90/A (sky130_fd_sc_hd__clkbuf_2)
     9    0.038488    0.211510    0.265769    5.819674 ^ fanout90/X (sky130_fd_sc_hd__clkbuf_2)
                                                         net90 (net)
                      0.211718    0.005449    5.825123 ^ fanout88/A (sky130_fd_sc_hd__buf_2)
     6    0.038571    0.190019    0.263487    6.088611 ^ fanout88/X (sky130_fd_sc_hd__buf_2)
                                                         net88 (net)
                      0.190126    0.002440    6.091051 ^ _604_/RESET_B (sky130_fd_sc_hd__dfrtp_1)
                                              6.091051   data arrival time

                                 25.000000   25.000000   clock clk_i (rise edge)
                                  0.000000   25.000000   clock source latency
     2    0.083141    0.377847    0.279778   25.279778 ^ clk_i (in)
                                                         clk_i (net)
                      0.382483    0.000000   25.279778 ^ clkbuf_0_clk_i/A (sky130_fd_sc_hd__clkbuf_16)
     2    0.018889    0.047857    0.218240   25.498016 ^ clkbuf_0_clk_i/X (sky130_fd_sc_hd__clkbuf_16)
                                                         clknet_0_clk_i (net)
                      0.047857    0.000961   25.498978 ^ clkbuf_1_0__f_clk_i/A (sky130_fd_sc_hd__clkbuf_16)
     3    0.008434    0.031988    0.115357   25.614334 ^ clkbuf_1_0__f_clk_i/X (sky130_fd_sc_hd__clkbuf_16)
                                                         clknet_1_0__leaf_clk_i (net)
                      0.031989    0.000407   25.614740 ^ _498_/A (sky130_fd_sc_hd__and2_2)
     3    0.056167    0.287732    0.302977   25.917719 ^ _498_/X (sky130_fd_sc_hd__and2_2)
                                                         u_ibex.clk (net)
                      0.289172    0.016499   25.934217 ^ clkbuf_0_u_ibex.clk/A (sky130_fd_sc_hd__clkbuf_16)
     9    0.085943    0.105335    0.249992   26.184210 ^ clkbuf_0_u_ibex.clk/X (sky130_fd_sc_hd__clkbuf_16)
                                                         clknet_0_u_ibex.clk (net)
                      0.106302    0.008047   26.192257 ^ clkbuf_2_1__f_u_ibex.clk/A (sky130_fd_sc_hd__clkbuf_16)
    33    0.100302    0.118991    0.196579   26.388836 ^ clkbuf_2_1__f_u_ibex.clk/X (sky130_fd_sc_hd__clkbuf_16)
                                                         clknet_2_1__leaf_u_ibex.clk (net)
                      0.125402    0.021485   26.410320 ^ _604_/CLK (sky130_fd_sc_hd__dfrtp_1)
                                 -0.250000   26.160320   clock uncertainty
                                  0.000000   26.160320   clock reconvergence pessimism
                                  0.217884   26.378204   library recovery time
                                             26.378204   data required time
---------------------------------------------------------------------------------------------
                                             26.378204   data required time
                                             -6.091051   data arrival time
---------------------------------------------------------------------------------------------
                                             20.287153   slack (MET)


Startpoint: rst_ni (input port clocked by clk_i)
Endpoint: _563_ (recovery check against rising-edge clock clk_i)
Path Group: asynchronous
Path Type: max

Fanout         Cap        Slew       Delay        Time   Description
---------------------------------------------------------------------------------------------
                                  0.000000    0.000000   clock clk_i (rise edge)
                                  0.000000    0.000000   clock network delay (propagated)
                                  5.000000    5.000000 ^ input external delay
     2    0.009537    0.049386    0.032645    5.032645 ^ rst_ni (in)
                                                         rst_ni (net)
                      0.049391    0.000000    5.032645 ^ input1/A (sky130_fd_sc_hd__buf_8)
     5    0.150542    0.233902    0.191212    5.223857 ^ input1/X (sky130_fd_sc_hd__buf_8)
                                                         net1 (net)
                      0.284999    0.081464    5.305321 ^ fanout99/A (sky130_fd_sc_hd__clkbuf_2)
     7    0.035809    0.196884    0.281034    5.586356 ^ fanout99/X (sky130_fd_sc_hd__clkbuf_2)
                                                         net99 (net)
                      0.196901    0.001529    5.587884 ^ fanout98/A (sky130_fd_sc_hd__buf_1)
     4    0.021261    0.253236    0.258439    5.846323 ^ fanout98/X (sky130_fd_sc_hd__buf_1)
                                                         net98 (net)
                      0.253241    0.000953    5.847275 ^ fanout97/A (sky130_fd_sc_hd__buf_2)
     6    0.036297    0.180252    0.267773    6.115048 ^ fanout97/X (sky130_fd_sc_hd__buf_2)
                                                         net97 (net)
                      0.180280    0.002285    6.117333 ^ _563_/RESET_B (sky130_fd_sc_hd__dfrtp_1)
                                              6.117333   data arrival time

                                 25.000000   25.000000   clock clk_i (rise edge)
                                  0.000000   25.000000   clock source latency
     2    0.083141    0.377847    0.279778   25.279778 ^ clk_i (in)
                                                         clk_i (net)
                      0.382483    0.000000   25.279778 ^ clkbuf_0_clk_i/A (sky130_fd_sc_hd__clkbuf_16)
     2    0.018889    0.047857    0.218240   25.498016 ^ clkbuf_0_clk_i/X (sky130_fd_sc_hd__clkbuf_16)
                                                         clknet_0_clk_i (net)
                      0.047857    0.000961   25.498978 ^ clkbuf_1_0__f_clk_i/A (sky130_fd_sc_hd__clkbuf_16)
     3    0.008434    0.031988    0.115357   25.614334 ^ clkbuf_1_0__f_clk_i/X (sky130_fd_sc_hd__clkbuf_16)
                                                         clknet_1_0__leaf_clk_i (net)
                      0.031989    0.000407   25.614740 ^ _498_/A (sky130_fd_sc_hd__and2_2)
     3    0.056167    0.287732    0.302977   25.917719 ^ _498_/X (sky130_fd_sc_hd__and2_2)
                                                         u_ibex.clk (net)
                      0.289172    0.016499   25.934217 ^ clkbuf_0_u_ibex.clk/A (sky130_fd_sc_hd__clkbuf_16)
     9    0.085943    0.105335    0.249992   26.184210 ^ clkbuf_0_u_ibex.clk/X (sky130_fd_sc_hd__clkbuf_16)
                                                         clknet_0_u_ibex.clk (net)
                      0.107192    0.011074   26.195284 ^ clkbuf_2_2__f_u_ibex.clk/A (sky130_fd_sc_hd__clkbuf_16)
    31    0.111426    0.125472    0.198986   26.394268 ^ clkbuf_2_2__f_u_ibex.clk/X (sky130_fd_sc_hd__clkbuf_16)
                                                         clknet_2_2__leaf_u_ibex.clk (net)
                      0.142769    0.035534   26.429804 ^ _563_/CLK (sky130_fd_sc_hd__dfrtp_1)
                                 -0.250000   26.179804   clock uncertainty
                                  0.000000   26.179804   clock reconvergence pessimism
                                  0.225821   26.405624   library recovery time
                                             26.405624   data required time
---------------------------------------------------------------------------------------------
                                             26.405624   data required time
                                             -6.117333   data arrival time
---------------------------------------------------------------------------------------------
                                             20.288290   slack (MET)


Startpoint: rst_ni (input port clocked by clk_i)
Endpoint: _567_ (recovery check against rising-edge clock clk_i)
Path Group: asynchronous
Path Type: max

Fanout         Cap        Slew       Delay        Time   Description
---------------------------------------------------------------------------------------------
                                  0.000000    0.000000   clock clk_i (rise edge)
                                  0.000000    0.000000   clock network delay (propagated)
                                  5.000000    5.000000 ^ input external delay
     2    0.009537    0.049386    0.032645    5.032645 ^ rst_ni (in)
                                                         rst_ni (net)
                      0.049391    0.000000    5.032645 ^ input1/A (sky130_fd_sc_hd__buf_8)
     5    0.150542    0.233902    0.191212    5.223857 ^ input1/X (sky130_fd_sc_hd__buf_8)
                                                         net1 (net)
                      0.284999    0.081464    5.305321 ^ fanout99/A (sky130_fd_sc_hd__clkbuf_2)
     7    0.035809    0.196884    0.281034    5.586356 ^ fanout99/X (sky130_fd_sc_hd__clkbuf_2)
                                                         net99 (net)
                      0.196901    0.001529    5.587884 ^ fanout98/A (sky130_fd_sc_hd__buf_1)
     4    0.021261    0.253236    0.258439    5.846323 ^ fanout98/X (sky130_fd_sc_hd__buf_1)
                                                         net98 (net)
                      0.253262    0.002130    5.848453 ^ fanout94/A (sky130_fd_sc_hd__buf_2)
     6    0.034468    0.171327    0.261089    6.109542 ^ fanout94/X (sky130_fd_sc_hd__buf_2)
                                                         net94 (net)
                      0.171504    0.003705    6.113247 ^ _567_/RESET_B (sky130_fd_sc_hd__dfrtp_1)
                                              6.113247   data arrival time

                                 25.000000   25.000000   clock clk_i (rise edge)
                                  0.000000   25.000000   clock source latency
     2    0.083141    0.377847    0.279778   25.279778 ^ clk_i (in)
                                                         clk_i (net)
                      0.382483    0.000000   25.279778 ^ clkbuf_0_clk_i/A (sky130_fd_sc_hd__clkbuf_16)
     2    0.018889    0.047857    0.218240   25.498016 ^ clkbuf_0_clk_i/X (sky130_fd_sc_hd__clkbuf_16)
                                                         clknet_0_clk_i (net)
                      0.047857    0.000961   25.498978 ^ clkbuf_1_0__f_clk_i/A (sky130_fd_sc_hd__clkbuf_16)
     3    0.008434    0.031988    0.115357   25.614334 ^ clkbuf_1_0__f_clk_i/X (sky130_fd_sc_hd__clkbuf_16)
                                                         clknet_1_0__leaf_clk_i (net)
                      0.031989    0.000407   25.614740 ^ _498_/A (sky130_fd_sc_hd__and2_2)
     3    0.056167    0.287732    0.302977   25.917719 ^ _498_/X (sky130_fd_sc_hd__and2_2)
                                                         u_ibex.clk (net)
                      0.289172    0.016499   25.934217 ^ clkbuf_0_u_ibex.clk/A (sky130_fd_sc_hd__clkbuf_16)
     9    0.085943    0.105335    0.249992   26.184210 ^ clkbuf_0_u_ibex.clk/X (sky130_fd_sc_hd__clkbuf_16)
                                                         clknet_0_u_ibex.clk (net)
                      0.107192    0.011074   26.195284 ^ clkbuf_2_2__f_u_ibex.clk/A (sky130_fd_sc_hd__clkbuf_16)
    31    0.111426    0.125472    0.198986   26.394268 ^ clkbuf_2_2__f_u_ibex.clk/X (sky130_fd_sc_hd__clkbuf_16)
                                                         clknet_2_2__leaf_u_ibex.clk (net)
                      0.139810    0.032207   26.426476 ^ _567_/CLK (sky130_fd_sc_hd__dfrtp_1)
                                 -0.250000   26.176477   clock uncertainty
                                  0.000000   26.176477   clock reconvergence pessimism
                                  0.227136   26.403612   library recovery time
                                             26.403612   data required time
---------------------------------------------------------------------------------------------
                                             26.403612   data required time
                                             -6.113247   data arrival time
---------------------------------------------------------------------------------------------
                                             20.290365   slack (MET)


Startpoint: rst_ni (input port clocked by clk_i)
Endpoint: _568_ (recovery check against rising-edge clock clk_i)
Path Group: asynchronous
Path Type: max

Fanout         Cap        Slew       Delay        Time   Description
---------------------------------------------------------------------------------------------
                                  0.000000    0.000000   clock clk_i (rise edge)
                                  0.000000    0.000000   clock network delay (propagated)
                                  5.000000    5.000000 ^ input external delay
     2    0.009537    0.049386    0.032645    5.032645 ^ rst_ni (in)
                                                         rst_ni (net)
                      0.049391    0.000000    5.032645 ^ input1/A (sky130_fd_sc_hd__buf_8)
     5    0.150542    0.233902    0.191212    5.223857 ^ input1/X (sky130_fd_sc_hd__buf_8)
                                                         net1 (net)
                      0.284999    0.081464    5.305321 ^ fanout99/A (sky130_fd_sc_hd__clkbuf_2)
     7    0.035809    0.196884    0.281034    5.586356 ^ fanout99/X (sky130_fd_sc_hd__clkbuf_2)
                                                         net99 (net)
                      0.196901    0.001529    5.587884 ^ fanout98/A (sky130_fd_sc_hd__buf_1)
     4    0.021261    0.253236    0.258439    5.846323 ^ fanout98/X (sky130_fd_sc_hd__buf_1)
                                                         net98 (net)
                      0.253262    0.002130    5.848453 ^ fanout94/A (sky130_fd_sc_hd__buf_2)
     6    0.034468    0.171327    0.261089    6.109542 ^ fanout94/X (sky130_fd_sc_hd__buf_2)
                                                         net94 (net)
                      0.171496    0.003588    6.113130 ^ _568_/RESET_B (sky130_fd_sc_hd__dfrtp_1)
                                              6.113130   data arrival time

                                 25.000000   25.000000   clock clk_i (rise edge)
                                  0.000000   25.000000   clock source latency
     2    0.083141    0.377847    0.279778   25.279778 ^ clk_i (in)
                                                         clk_i (net)
                      0.382483    0.000000   25.279778 ^ clkbuf_0_clk_i/A (sky130_fd_sc_hd__clkbuf_16)
     2    0.018889    0.047857    0.218240   25.498016 ^ clkbuf_0_clk_i/X (sky130_fd_sc_hd__clkbuf_16)
                                                         clknet_0_clk_i (net)
                      0.047857    0.000961   25.498978 ^ clkbuf_1_0__f_clk_i/A (sky130_fd_sc_hd__clkbuf_16)
     3    0.008434    0.031988    0.115357   25.614334 ^ clkbuf_1_0__f_clk_i/X (sky130_fd_sc_hd__clkbuf_16)
                                                         clknet_1_0__leaf_clk_i (net)
                      0.031989    0.000407   25.614740 ^ _498_/A (sky130_fd_sc_hd__and2_2)
     3    0.056167    0.287732    0.302977   25.917719 ^ _498_/X (sky130_fd_sc_hd__and2_2)
                                                         u_ibex.clk (net)
                      0.289172    0.016499   25.934217 ^ clkbuf_0_u_ibex.clk/A (sky130_fd_sc_hd__clkbuf_16)
     9    0.085943    0.105335    0.249992   26.184210 ^ clkbuf_0_u_ibex.clk/X (sky130_fd_sc_hd__clkbuf_16)
                                                         clknet_0_u_ibex.clk (net)
                      0.107192    0.011074   26.195284 ^ clkbuf_2_2__f_u_ibex.clk/A (sky130_fd_sc_hd__clkbuf_16)
    31    0.111426    0.125472    0.198986   26.394268 ^ clkbuf_2_2__f_u_ibex.clk/X (sky130_fd_sc_hd__clkbuf_16)
                                                         clknet_2_2__leaf_u_ibex.clk (net)
                      0.139910    0.032323   26.426592 ^ _568_/CLK (sky130_fd_sc_hd__dfrtp_1)
                                 -0.250000   26.176592   clock uncertainty
                                  0.000000   26.176592   clock reconvergence pessimism
                                  0.227169   26.403761   library recovery time
                                             26.403761   data required time
---------------------------------------------------------------------------------------------
                                             26.403761   data required time
                                             -6.113130   data arrival time
---------------------------------------------------------------------------------------------
                                             20.290632   slack (MET)


Startpoint: rst_ni (input port clocked by clk_i)
Endpoint: _571_ (recovery check against rising-edge clock clk_i)
Path Group: asynchronous
Path Type: max

Fanout         Cap        Slew       Delay        Time   Description
---------------------------------------------------------------------------------------------
                                  0.000000    0.000000   clock clk_i (rise edge)
                                  0.000000    0.000000   clock network delay (propagated)
                                  5.000000    5.000000 ^ input external delay
     2    0.009537    0.049386    0.032645    5.032645 ^ rst_ni (in)
                                                         rst_ni (net)
                      0.049391    0.000000    5.032645 ^ input1/A (sky130_fd_sc_hd__buf_8)
     5    0.150542    0.233902    0.191212    5.223857 ^ input1/X (sky130_fd_sc_hd__buf_8)
                                                         net1 (net)
                      0.284999    0.081464    5.305321 ^ fanout99/A (sky130_fd_sc_hd__clkbuf_2)
     7    0.035809    0.196884    0.281034    5.586356 ^ fanout99/X (sky130_fd_sc_hd__clkbuf_2)
                                                         net99 (net)
                      0.196901    0.001529    5.587884 ^ fanout98/A (sky130_fd_sc_hd__buf_1)
     4    0.021261    0.253236    0.258439    5.846323 ^ fanout98/X (sky130_fd_sc_hd__buf_1)
                                                         net98 (net)
                      0.253262    0.002130    5.848453 ^ fanout94/A (sky130_fd_sc_hd__buf_2)
     6    0.034468    0.171327    0.261089    6.109542 ^ fanout94/X (sky130_fd_sc_hd__buf_2)
                                                         net94 (net)
                      0.171490    0.003479    6.113020 ^ _571_/RESET_B (sky130_fd_sc_hd__dfrtp_1)
                                              6.113020   data arrival time

                                 25.000000   25.000000   clock clk_i (rise edge)
                                  0.000000   25.000000   clock source latency
     2    0.083141    0.377847    0.279778   25.279778 ^ clk_i (in)
                                                         clk_i (net)
                      0.382483    0.000000   25.279778 ^ clkbuf_0_clk_i/A (sky130_fd_sc_hd__clkbuf_16)
     2    0.018889    0.047857    0.218240   25.498016 ^ clkbuf_0_clk_i/X (sky130_fd_sc_hd__clkbuf_16)
                                                         clknet_0_clk_i (net)
                      0.047857    0.000961   25.498978 ^ clkbuf_1_0__f_clk_i/A (sky130_fd_sc_hd__clkbuf_16)
     3    0.008434    0.031988    0.115357   25.614334 ^ clkbuf_1_0__f_clk_i/X (sky130_fd_sc_hd__clkbuf_16)
                                                         clknet_1_0__leaf_clk_i (net)
                      0.031989    0.000407   25.614740 ^ _498_/A (sky130_fd_sc_hd__and2_2)
     3    0.056167    0.287732    0.302977   25.917719 ^ _498_/X (sky130_fd_sc_hd__and2_2)
                                                         u_ibex.clk (net)
                      0.289172    0.016499   25.934217 ^ clkbuf_0_u_ibex.clk/A (sky130_fd_sc_hd__clkbuf_16)
     9    0.085943    0.105335    0.249992   26.184210 ^ clkbuf_0_u_ibex.clk/X (sky130_fd_sc_hd__clkbuf_16)
                                                         clknet_0_u_ibex.clk (net)
                      0.107192    0.011074   26.195284 ^ clkbuf_2_2__f_u_ibex.clk/A (sky130_fd_sc_hd__clkbuf_16)
    31    0.111426    0.125472    0.198986   26.394268 ^ clkbuf_2_2__f_u_ibex.clk/X (sky130_fd_sc_hd__clkbuf_16)
                                                         clknet_2_2__leaf_u_ibex.clk (net)
                      0.139916    0.032331   26.426600 ^ _571_/CLK (sky130_fd_sc_hd__dfrtp_1)
                                 -0.250000   26.176601   clock uncertainty
                                  0.000000   26.176601   clock reconvergence pessimism
                                  0.227173   26.403774   library recovery time
                                             26.403774   data required time
---------------------------------------------------------------------------------------------
                                             26.403774   data required time
                                             -6.113020   data arrival time
---------------------------------------------------------------------------------------------
                                             20.290752   slack (MET)


Startpoint: rst_ni (input port clocked by clk_i)
Endpoint: _598_ (recovery check against rising-edge clock clk_i)
Path Group: asynchronous
Path Type: max

Fanout         Cap        Slew       Delay        Time   Description
---------------------------------------------------------------------------------------------
                                  0.000000    0.000000   clock clk_i (rise edge)
                                  0.000000    0.000000   clock network delay (propagated)
                                  5.000000    5.000000 ^ input external delay
     2    0.009537    0.049386    0.032645    5.032645 ^ rst_ni (in)
                                                         rst_ni (net)
                      0.049391    0.000000    5.032645 ^ input1/A (sky130_fd_sc_hd__buf_8)
     5    0.150542    0.233902    0.191212    5.223857 ^ input1/X (sky130_fd_sc_hd__buf_8)
                                                         net1 (net)
                      0.305986    0.100131    5.323987 ^ fanout93/A (sky130_fd_sc_hd__buf_1)
     3    0.015718    0.189985    0.228799    5.552786 ^ fanout93/X (sky130_fd_sc_hd__buf_1)
                                                         net93 (net)
                      0.190051    0.001119    5.553905 ^ fanout90/A (sky130_fd_sc_hd__clkbuf_2)
     9    0.038488    0.211510    0.265769    5.819674 ^ fanout90/X (sky130_fd_sc_hd__clkbuf_2)
                                                         net90 (net)
                      0.211535    0.001958    5.821631 ^ fanout89/A (sky130_fd_sc_hd__clkbuf_2)
     5    0.034261    0.189234    0.257640    6.079271 ^ fanout89/X (sky130_fd_sc_hd__clkbuf_2)
                                                         net89 (net)
                      0.189329    0.002099    6.081370 ^ _598_/RESET_B (sky130_fd_sc_hd__dfrtp_1)
                                              6.081370   data arrival time

                                 25.000000   25.000000   clock clk_i (rise edge)
                                  0.000000   25.000000   clock source latency
     2    0.083141    0.377847    0.279778   25.279778 ^ clk_i (in)
                                                         clk_i (net)
                      0.382483    0.000000   25.279778 ^ clkbuf_0_clk_i/A (sky130_fd_sc_hd__clkbuf_16)
     2    0.018889    0.047857    0.218240   25.498016 ^ clkbuf_0_clk_i/X (sky130_fd_sc_hd__clkbuf_16)
                                                         clknet_0_clk_i (net)
                      0.047857    0.000961   25.498978 ^ clkbuf_1_0__f_clk_i/A (sky130_fd_sc_hd__clkbuf_16)
     3    0.008434    0.031988    0.115357   25.614334 ^ clkbuf_1_0__f_clk_i/X (sky130_fd_sc_hd__clkbuf_16)
                                                         clknet_1_0__leaf_clk_i (net)
                      0.031989    0.000407   25.614740 ^ _498_/A (sky130_fd_sc_hd__and2_2)
     3    0.056167    0.287732    0.302977   25.917719 ^ _498_/X (sky130_fd_sc_hd__and2_2)
                                                         u_ibex.clk (net)
                      0.289172    0.016499   25.934217 ^ clkbuf_0_u_ibex.clk/A (sky130_fd_sc_hd__clkbuf_16)
     9    0.085943    0.105335    0.249992   26.184210 ^ clkbuf_0_u_ibex.clk/X (sky130_fd_sc_hd__clkbuf_16)
                                                         clknet_0_u_ibex.clk (net)
                      0.106302    0.008047   26.192257 ^ clkbuf_2_1__f_u_ibex.clk/A (sky130_fd_sc_hd__clkbuf_16)
    33    0.100302    0.118991    0.196579   26.388836 ^ clkbuf_2_1__f_u_ibex.clk/X (sky130_fd_sc_hd__clkbuf_16)
                                                         clknet_2_1__leaf_u_ibex.clk (net)
                      0.123444    0.018002   26.406837 ^ _598_/CLK (sky130_fd_sc_hd__dfrtp_1)
                                 -0.250000   26.156837   clock uncertainty
                                  0.000000   26.156837   clock reconvergence pessimism
                                  0.217476   26.374313   library recovery time
                                             26.374313   data required time
---------------------------------------------------------------------------------------------
                                             26.374313   data required time
                                             -6.081370   data arrival time
---------------------------------------------------------------------------------------------
                                             20.292944   slack (MET)


Startpoint: rst_ni (input port clocked by clk_i)
Endpoint: _602_ (recovery check against rising-edge clock clk_i)
Path Group: asynchronous
Path Type: max

Fanout         Cap        Slew       Delay        Time   Description
---------------------------------------------------------------------------------------------
                                  0.000000    0.000000   clock clk_i (rise edge)
                                  0.000000    0.000000   clock network delay (propagated)
                                  5.000000    5.000000 ^ input external delay
     2    0.009537    0.049386    0.032645    5.032645 ^ rst_ni (in)
                                                         rst_ni (net)
                      0.049391    0.000000    5.032645 ^ input1/A (sky130_fd_sc_hd__buf_8)
     5    0.150542    0.233902    0.191212    5.223857 ^ input1/X (sky130_fd_sc_hd__buf_8)
                                                         net1 (net)
                      0.305986    0.100131    5.323987 ^ fanout93/A (sky130_fd_sc_hd__buf_1)
     3    0.015718    0.189985    0.228799    5.552786 ^ fanout93/X (sky130_fd_sc_hd__buf_1)
                                                         net93 (net)
                      0.190051    0.001119    5.553905 ^ fanout90/A (sky130_fd_sc_hd__clkbuf_2)
     9    0.038488    0.211510    0.265769    5.819674 ^ fanout90/X (sky130_fd_sc_hd__clkbuf_2)
                                                         net90 (net)
                      0.211535    0.001958    5.821631 ^ fanout89/A (sky130_fd_sc_hd__clkbuf_2)
     5    0.034261    0.189234    0.257640    6.079271 ^ fanout89/X (sky130_fd_sc_hd__clkbuf_2)
                                                         net89 (net)
                      0.189334    0.002244    6.081515 ^ _602_/RESET_B (sky130_fd_sc_hd__dfrtp_1)
                                              6.081515   data arrival time

                                 25.000000   25.000000   clock clk_i (rise edge)
                                  0.000000   25.000000   clock source latency
     2    0.083141    0.377847    0.279778   25.279778 ^ clk_i (in)
                                                         clk_i (net)
                      0.382483    0.000000   25.279778 ^ clkbuf_0_clk_i/A (sky130_fd_sc_hd__clkbuf_16)
     2    0.018889    0.047857    0.218240   25.498016 ^ clkbuf_0_clk_i/X (sky130_fd_sc_hd__clkbuf_16)
                                                         clknet_0_clk_i (net)
                      0.047857    0.000961   25.498978 ^ clkbuf_1_0__f_clk_i/A (sky130_fd_sc_hd__clkbuf_16)
     3    0.008434    0.031988    0.115357   25.614334 ^ clkbuf_1_0__f_clk_i/X (sky130_fd_sc_hd__clkbuf_16)
                                                         clknet_1_0__leaf_clk_i (net)
                      0.031989    0.000407   25.614740 ^ _498_/A (sky130_fd_sc_hd__and2_2)
     3    0.056167    0.287732    0.302977   25.917719 ^ _498_/X (sky130_fd_sc_hd__and2_2)
                                                         u_ibex.clk (net)
                      0.289172    0.016499   25.934217 ^ clkbuf_0_u_ibex.clk/A (sky130_fd_sc_hd__clkbuf_16)
     9    0.085943    0.105335    0.249992   26.184210 ^ clkbuf_0_u_ibex.clk/X (sky130_fd_sc_hd__clkbuf_16)
                                                         clknet_0_u_ibex.clk (net)
                      0.106302    0.008047   26.192257 ^ clkbuf_2_1__f_u_ibex.clk/A (sky130_fd_sc_hd__clkbuf_16)
    33    0.100302    0.118991    0.196579   26.388836 ^ clkbuf_2_1__f_u_ibex.clk/X (sky130_fd_sc_hd__clkbuf_16)
                                                         clknet_2_1__leaf_u_ibex.clk (net)
                      0.124375    0.019730   26.408566 ^ _602_/CLK (sky130_fd_sc_hd__dfrtp_1)
                                 -0.250000   26.158566   clock uncertainty
                                  0.000000   26.158566   clock reconvergence pessimism
                                  0.217766   26.376331   library recovery time
                                             26.376331   data required time
---------------------------------------------------------------------------------------------
                                             26.376331   data required time
                                             -6.081515   data arrival time
---------------------------------------------------------------------------------------------
                                             20.294817   slack (MET)


Startpoint: rst_ni (input port clocked by clk_i)
Endpoint: _600_ (recovery check against rising-edge clock clk_i)
Path Group: asynchronous
Path Type: max

Fanout         Cap        Slew       Delay        Time   Description
---------------------------------------------------------------------------------------------
                                  0.000000    0.000000   clock clk_i (rise edge)
                                  0.000000    0.000000   clock network delay (propagated)
                                  5.000000    5.000000 ^ input external delay
     2    0.009537    0.049386    0.032645    5.032645 ^ rst_ni (in)
                                                         rst_ni (net)
                      0.049391    0.000000    5.032645 ^ input1/A (sky130_fd_sc_hd__buf_8)
     5    0.150542    0.233902    0.191212    5.223857 ^ input1/X (sky130_fd_sc_hd__buf_8)
                                                         net1 (net)
                      0.305986    0.100131    5.323987 ^ fanout93/A (sky130_fd_sc_hd__buf_1)
     3    0.015718    0.189985    0.228799    5.552786 ^ fanout93/X (sky130_fd_sc_hd__buf_1)
                                                         net93 (net)
                      0.190051    0.001119    5.553905 ^ fanout90/A (sky130_fd_sc_hd__clkbuf_2)
     9    0.038488    0.211510    0.265769    5.819674 ^ fanout90/X (sky130_fd_sc_hd__clkbuf_2)
                                                         net90 (net)
                      0.211535    0.001958    5.821631 ^ fanout89/A (sky130_fd_sc_hd__clkbuf_2)
     5    0.034261    0.189234    0.257640    6.079271 ^ fanout89/X (sky130_fd_sc_hd__clkbuf_2)
                                                         net89 (net)
                      0.189244    0.001580    6.080851 ^ _600_/RESET_B (sky130_fd_sc_hd__dfrtp_1)
                                              6.080851   data arrival time

                                 25.000000   25.000000   clock clk_i (rise edge)
                                  0.000000   25.000000   clock source latency
     2    0.083141    0.377847    0.279778   25.279778 ^ clk_i (in)
                                                         clk_i (net)
                      0.382483    0.000000   25.279778 ^ clkbuf_0_clk_i/A (sky130_fd_sc_hd__clkbuf_16)
     2    0.018889    0.047857    0.218240   25.498016 ^ clkbuf_0_clk_i/X (sky130_fd_sc_hd__clkbuf_16)
                                                         clknet_0_clk_i (net)
                      0.047857    0.000961   25.498978 ^ clkbuf_1_0__f_clk_i/A (sky130_fd_sc_hd__clkbuf_16)
     3    0.008434    0.031988    0.115357   25.614334 ^ clkbuf_1_0__f_clk_i/X (sky130_fd_sc_hd__clkbuf_16)
                                                         clknet_1_0__leaf_clk_i (net)
                      0.031989    0.000407   25.614740 ^ _498_/A (sky130_fd_sc_hd__and2_2)
     3    0.056167    0.287732    0.302977   25.917719 ^ _498_/X (sky130_fd_sc_hd__and2_2)
                                                         u_ibex.clk (net)
                      0.289172    0.016499   25.934217 ^ clkbuf_0_u_ibex.clk/A (sky130_fd_sc_hd__clkbuf_16)
     9    0.085943    0.105335    0.249992   26.184210 ^ clkbuf_0_u_ibex.clk/X (sky130_fd_sc_hd__clkbuf_16)
                                                         clknet_0_u_ibex.clk (net)
                      0.106302    0.008047   26.192257 ^ clkbuf_2_1__f_u_ibex.clk/A (sky130_fd_sc_hd__clkbuf_16)
    33    0.100302    0.118991    0.196579   26.388836 ^ clkbuf_2_1__f_u_ibex.clk/X (sky130_fd_sc_hd__clkbuf_16)
                                                         clknet_2_1__leaf_u_ibex.clk (net)
                      0.124611    0.020146   26.408981 ^ _600_/CLK (sky130_fd_sc_hd__dfrtp_1)
                                 -0.250000   26.158981   clock uncertainty
                                  0.000000   26.158981   clock reconvergence pessimism
                                  0.217863   26.376844   library recovery time
                                             26.376844   data required time
---------------------------------------------------------------------------------------------
                                             26.376844   data required time
                                             -6.080851   data arrival time
---------------------------------------------------------------------------------------------
                                             20.295994   slack (MET)


Startpoint: rst_ni (input port clocked by clk_i)
Endpoint: _601_ (recovery check against rising-edge clock clk_i)
Path Group: asynchronous
Path Type: max

Fanout         Cap        Slew       Delay        Time   Description
---------------------------------------------------------------------------------------------
                                  0.000000    0.000000   clock clk_i (rise edge)
                                  0.000000    0.000000   clock network delay (propagated)
                                  5.000000    5.000000 ^ input external delay
     2    0.009537    0.049386    0.032645    5.032645 ^ rst_ni (in)
                                                         rst_ni (net)
                      0.049391    0.000000    5.032645 ^ input1/A (sky130_fd_sc_hd__buf_8)
     5    0.150542    0.233902    0.191212    5.223857 ^ input1/X (sky130_fd_sc_hd__buf_8)
                                                         net1 (net)
                      0.305986    0.100131    5.323987 ^ fanout93/A (sky130_fd_sc_hd__buf_1)
     3    0.015718    0.189985    0.228799    5.552786 ^ fanout93/X (sky130_fd_sc_hd__buf_1)
                                                         net93 (net)
                      0.190051    0.001119    5.553905 ^ fanout90/A (sky130_fd_sc_hd__clkbuf_2)
     9    0.038488    0.211510    0.265769    5.819674 ^ fanout90/X (sky130_fd_sc_hd__clkbuf_2)
                                                         net90 (net)
                      0.211535    0.001958    5.821631 ^ fanout89/A (sky130_fd_sc_hd__clkbuf_2)
     5    0.034261    0.189234    0.257640    6.079271 ^ fanout89/X (sky130_fd_sc_hd__clkbuf_2)
                                                         net89 (net)
                      0.189249    0.001859    6.081131 ^ _601_/RESET_B (sky130_fd_sc_hd__dfrtp_1)
                                              6.081131   data arrival time

                                 25.000000   25.000000   clock clk_i (rise edge)
                                  0.000000   25.000000   clock source latency
     2    0.083141    0.377847    0.279778   25.279778 ^ clk_i (in)
                                                         clk_i (net)
                      0.382483    0.000000   25.279778 ^ clkbuf_0_clk_i/A (sky130_fd_sc_hd__clkbuf_16)
     2    0.018889    0.047857    0.218240   25.498016 ^ clkbuf_0_clk_i/X (sky130_fd_sc_hd__clkbuf_16)
                                                         clknet_0_clk_i (net)
                      0.047857    0.000961   25.498978 ^ clkbuf_1_0__f_clk_i/A (sky130_fd_sc_hd__clkbuf_16)
     3    0.008434    0.031988    0.115357   25.614334 ^ clkbuf_1_0__f_clk_i/X (sky130_fd_sc_hd__clkbuf_16)
                                                         clknet_1_0__leaf_clk_i (net)
                      0.031989    0.000407   25.614740 ^ _498_/A (sky130_fd_sc_hd__and2_2)
     3    0.056167    0.287732    0.302977   25.917719 ^ _498_/X (sky130_fd_sc_hd__and2_2)
                                                         u_ibex.clk (net)
                      0.289172    0.016499   25.934217 ^ clkbuf_0_u_ibex.clk/A (sky130_fd_sc_hd__clkbuf_16)
     9    0.085943    0.105335    0.249992   26.184210 ^ clkbuf_0_u_ibex.clk/X (sky130_fd_sc_hd__clkbuf_16)
                                                         clknet_0_u_ibex.clk (net)
                      0.106302    0.008047   26.192257 ^ clkbuf_2_1__f_u_ibex.clk/A (sky130_fd_sc_hd__clkbuf_16)
    33    0.100302    0.118991    0.196579   26.388836 ^ clkbuf_2_1__f_u_ibex.clk/X (sky130_fd_sc_hd__clkbuf_16)
                                                         clknet_2_1__leaf_u_ibex.clk (net)
                      0.124931    0.020696   26.409531 ^ _601_/CLK (sky130_fd_sc_hd__dfrtp_1)
                                 -0.250000   26.159533   clock uncertainty
                                  0.000000   26.159533   clock reconvergence pessimism
                                  0.217961   26.377493   library recovery time
                                             26.377493   data required time
---------------------------------------------------------------------------------------------
                                             26.377493   data required time
                                             -6.081131   data arrival time
---------------------------------------------------------------------------------------------
                                             20.296362   slack (MET)


Startpoint: rst_ni (input port clocked by clk_i)
Endpoint: _603_ (recovery check against rising-edge clock clk_i)
Path Group: asynchronous
Path Type: max

Fanout         Cap        Slew       Delay        Time   Description
---------------------------------------------------------------------------------------------
                                  0.000000    0.000000   clock clk_i (rise edge)
                                  0.000000    0.000000   clock network delay (propagated)
                                  5.000000    5.000000 ^ input external delay
     2    0.009537    0.049386    0.032645    5.032645 ^ rst_ni (in)
                                                         rst_ni (net)
                      0.049391    0.000000    5.032645 ^ input1/A (sky130_fd_sc_hd__buf_8)
     5    0.150542    0.233902    0.191212    5.223857 ^ input1/X (sky130_fd_sc_hd__buf_8)
                                                         net1 (net)
                      0.305986    0.100131    5.323987 ^ fanout93/A (sky130_fd_sc_hd__buf_1)
     3    0.015718    0.189985    0.228799    5.552786 ^ fanout93/X (sky130_fd_sc_hd__buf_1)
                                                         net93 (net)
                      0.190051    0.001119    5.553905 ^ fanout90/A (sky130_fd_sc_hd__clkbuf_2)
     9    0.038488    0.211510    0.265769    5.819674 ^ fanout90/X (sky130_fd_sc_hd__clkbuf_2)
                                                         net90 (net)
                      0.211535    0.001958    5.821631 ^ fanout89/A (sky130_fd_sc_hd__clkbuf_2)
     5    0.034261    0.189234    0.257640    6.079271 ^ fanout89/X (sky130_fd_sc_hd__clkbuf_2)
                                                         net89 (net)
                      0.189328    0.002092    6.081363 ^ _603_/RESET_B (sky130_fd_sc_hd__dfrtp_1)
                                              6.081363   data arrival time

                                 25.000000   25.000000   clock clk_i (rise edge)
                                  0.000000   25.000000   clock source latency
     2    0.083141    0.377847    0.279778   25.279778 ^ clk_i (in)
                                                         clk_i (net)
                      0.382483    0.000000   25.279778 ^ clkbuf_0_clk_i/A (sky130_fd_sc_hd__clkbuf_16)
     2    0.018889    0.047857    0.218240   25.498016 ^ clkbuf_0_clk_i/X (sky130_fd_sc_hd__clkbuf_16)
                                                         clknet_0_clk_i (net)
                      0.047857    0.000961   25.498978 ^ clkbuf_1_0__f_clk_i/A (sky130_fd_sc_hd__clkbuf_16)
     3    0.008434    0.031988    0.115357   25.614334 ^ clkbuf_1_0__f_clk_i/X (sky130_fd_sc_hd__clkbuf_16)
                                                         clknet_1_0__leaf_clk_i (net)
                      0.031989    0.000407   25.614740 ^ _498_/A (sky130_fd_sc_hd__and2_2)
     3    0.056167    0.287732    0.302977   25.917719 ^ _498_/X (sky130_fd_sc_hd__and2_2)
                                                         u_ibex.clk (net)
                      0.289172    0.016499   25.934217 ^ clkbuf_0_u_ibex.clk/A (sky130_fd_sc_hd__clkbuf_16)
     9    0.085943    0.105335    0.249992   26.184210 ^ clkbuf_0_u_ibex.clk/X (sky130_fd_sc_hd__clkbuf_16)
                                                         clknet_0_u_ibex.clk (net)
                      0.106302    0.008047   26.192257 ^ clkbuf_2_1__f_u_ibex.clk/A (sky130_fd_sc_hd__clkbuf_16)
    33    0.100302    0.118991    0.196579   26.388836 ^ clkbuf_2_1__f_u_ibex.clk/X (sky130_fd_sc_hd__clkbuf_16)
                                                         clknet_2_1__leaf_u_ibex.clk (net)
                      0.125175    0.021108   26.409943 ^ _603_/CLK (sky130_fd_sc_hd__dfrtp_1)
                                 -0.250000   26.159945   clock uncertainty
                                  0.000000   26.159945   clock reconvergence pessimism
                                  0.218017   26.377962   library recovery time
                                             26.377962   data required time
---------------------------------------------------------------------------------------------
                                             26.377962   data required time
                                             -6.081363   data arrival time
---------------------------------------------------------------------------------------------
                                             20.296598   slack (MET)


Startpoint: rst_ni (input port clocked by clk_i)
Endpoint: _589_ (recovery check against rising-edge clock clk_i)
Path Group: asynchronous
Path Type: max

Fanout         Cap        Slew       Delay        Time   Description
---------------------------------------------------------------------------------------------
                                  0.000000    0.000000   clock clk_i (rise edge)
                                  0.000000    0.000000   clock network delay (propagated)
                                  5.000000    5.000000 ^ input external delay
     2    0.009537    0.049386    0.032645    5.032645 ^ rst_ni (in)
                                                         rst_ni (net)
                      0.049391    0.000000    5.032645 ^ input1/A (sky130_fd_sc_hd__buf_8)
     5    0.150542    0.233902    0.191212    5.223857 ^ input1/X (sky130_fd_sc_hd__buf_8)
                                                         net1 (net)
                      0.305986    0.100131    5.323987 ^ fanout93/A (sky130_fd_sc_hd__buf_1)
     3    0.015718    0.189985    0.228799    5.552786 ^ fanout93/X (sky130_fd_sc_hd__buf_1)
                                                         net93 (net)
                      0.190051    0.001119    5.553905 ^ fanout90/A (sky130_fd_sc_hd__clkbuf_2)
     9    0.038488    0.211510    0.265769    5.819674 ^ fanout90/X (sky130_fd_sc_hd__clkbuf_2)
                                                         net90 (net)
                      0.211652    0.004519    5.824193 ^ fanout87/A (sky130_fd_sc_hd__buf_1)
     3    0.018670    0.223738    0.240143    6.064336 ^ fanout87/X (sky130_fd_sc_hd__buf_1)
                                                         net87 (net)
                      0.223758    0.001744    6.066080 ^ _589_/RESET_B (sky130_fd_sc_hd__dfrtp_1)
                                              6.066080   data arrival time

                                 25.000000   25.000000   clock clk_i (rise edge)
                                  0.000000   25.000000   clock source latency
     2    0.083141    0.377847    0.279778   25.279778 ^ clk_i (in)
                                                         clk_i (net)
                      0.382483    0.000000   25.279778 ^ clkbuf_0_clk_i/A (sky130_fd_sc_hd__clkbuf_16)
     2    0.018889    0.047857    0.218240   25.498016 ^ clkbuf_0_clk_i/X (sky130_fd_sc_hd__clkbuf_16)
                                                         clknet_0_clk_i (net)
                      0.047857    0.000961   25.498978 ^ clkbuf_1_0__f_clk_i/A (sky130_fd_sc_hd__clkbuf_16)
     3    0.008434    0.031988    0.115357   25.614334 ^ clkbuf_1_0__f_clk_i/X (sky130_fd_sc_hd__clkbuf_16)
                                                         clknet_1_0__leaf_clk_i (net)
                      0.031989    0.000407   25.614740 ^ _498_/A (sky130_fd_sc_hd__and2_2)
     3    0.056167    0.287732    0.302977   25.917719 ^ _498_/X (sky130_fd_sc_hd__and2_2)
                                                         u_ibex.clk (net)
                      0.289172    0.016499   25.934217 ^ clkbuf_0_u_ibex.clk/A (sky130_fd_sc_hd__clkbuf_16)
     9    0.085943    0.105335    0.249992   26.184210 ^ clkbuf_0_u_ibex.clk/X (sky130_fd_sc_hd__clkbuf_16)
                                                         clknet_0_u_ibex.clk (net)
                      0.106302    0.008047   26.192257 ^ clkbuf_2_0__f_u_ibex.clk/A (sky130_fd_sc_hd__clkbuf_16)
    31    0.100365    0.118725    0.192326   26.384583 ^ clkbuf_2_0__f_u_ibex.clk/X (sky130_fd_sc_hd__clkbuf_16)
                                                         clknet_2_0__leaf_u_ibex.clk (net)
                      0.128593    0.026015   26.410597 ^ _589_/CLK (sky130_fd_sc_hd__dfrtp_1)
                                 -0.250000   26.160599   clock uncertainty
                                  0.000000   26.160599   clock reconvergence pessimism
                                  0.210289   26.370886   library recovery time
                                             26.370886   data required time
---------------------------------------------------------------------------------------------
                                             26.370886   data required time
                                             -6.066080   data arrival time
---------------------------------------------------------------------------------------------
                                             20.304808   slack (MET)


Startpoint: rst_ni (input port clocked by clk_i)
Endpoint: _584_ (recovery check against rising-edge clock clk_i)
Path Group: asynchronous
Path Type: max

Fanout         Cap        Slew       Delay        Time   Description
---------------------------------------------------------------------------------------------
                                  0.000000    0.000000   clock clk_i (rise edge)
                                  0.000000    0.000000   clock network delay (propagated)
                                  5.000000    5.000000 ^ input external delay
     2    0.009537    0.049386    0.032645    5.032645 ^ rst_ni (in)
                                                         rst_ni (net)
                      0.049391    0.000000    5.032645 ^ input1/A (sky130_fd_sc_hd__buf_8)
     5    0.150542    0.233902    0.191212    5.223857 ^ input1/X (sky130_fd_sc_hd__buf_8)
                                                         net1 (net)
                      0.305986    0.100131    5.323987 ^ fanout93/A (sky130_fd_sc_hd__buf_1)
     3    0.015718    0.189985    0.228799    5.552786 ^ fanout93/X (sky130_fd_sc_hd__buf_1)
                                                         net93 (net)
                      0.190051    0.001119    5.553905 ^ fanout90/A (sky130_fd_sc_hd__clkbuf_2)
     9    0.038488    0.211510    0.265769    5.819674 ^ fanout90/X (sky130_fd_sc_hd__clkbuf_2)
                                                         net90 (net)
                      0.211693    0.005114    5.824788 ^ fanout86/A (sky130_fd_sc_hd__buf_2)
     6    0.035925    0.177948    0.254231    6.079018 ^ fanout86/X (sky130_fd_sc_hd__buf_2)
                                                         net86 (net)
                      0.178075    0.002804    6.081823 ^ _584_/RESET_B (sky130_fd_sc_hd__dfrtp_1)
                                              6.081823   data arrival time

                                 25.000000   25.000000   clock clk_i (rise edge)
                                  0.000000   25.000000   clock source latency
     2    0.083141    0.377847    0.279778   25.279778 ^ clk_i (in)
                                                         clk_i (net)
                      0.382483    0.000000   25.279778 ^ clkbuf_0_clk_i/A (sky130_fd_sc_hd__clkbuf_16)
     2    0.018889    0.047857    0.218240   25.498016 ^ clkbuf_0_clk_i/X (sky130_fd_sc_hd__clkbuf_16)
                                                         clknet_0_clk_i (net)
                      0.047857    0.000961   25.498978 ^ clkbuf_1_0__f_clk_i/A (sky130_fd_sc_hd__clkbuf_16)
     3    0.008434    0.031988    0.115357   25.614334 ^ clkbuf_1_0__f_clk_i/X (sky130_fd_sc_hd__clkbuf_16)
                                                         clknet_1_0__leaf_clk_i (net)
                      0.031989    0.000407   25.614740 ^ _498_/A (sky130_fd_sc_hd__and2_2)
     3    0.056167    0.287732    0.302977   25.917719 ^ _498_/X (sky130_fd_sc_hd__and2_2)
                                                         u_ibex.clk (net)
                      0.289172    0.016499   25.934217 ^ clkbuf_0_u_ibex.clk/A (sky130_fd_sc_hd__clkbuf_16)
     9    0.085943    0.105335    0.249992   26.184210 ^ clkbuf_0_u_ibex.clk/X (sky130_fd_sc_hd__clkbuf_16)
                                                         clknet_0_u_ibex.clk (net)
                      0.106302    0.008047   26.192257 ^ clkbuf_2_0__f_u_ibex.clk/A (sky130_fd_sc_hd__clkbuf_16)
    31    0.100365    0.118725    0.192326   26.384583 ^ clkbuf_2_0__f_u_ibex.clk/X (sky130_fd_sc_hd__clkbuf_16)
                                                         clknet_2_0__leaf_u_ibex.clk (net)
                      0.132600    0.030875   26.415457 ^ _584_/CLK (sky130_fd_sc_hd__dfrtp_1)
                                 -0.250000   26.165459   clock uncertainty
                                  0.000000   26.165459   clock reconvergence pessimism
                                  0.223211   26.388670   library recovery time
                                             26.388670   data required time
---------------------------------------------------------------------------------------------
                                             26.388670   data required time
                                             -6.081823   data arrival time
---------------------------------------------------------------------------------------------
                                             20.306847   slack (MET)


Startpoint: rst_ni (input port clocked by clk_i)
Endpoint: _581_ (recovery check against rising-edge clock clk_i)
Path Group: asynchronous
Path Type: max

Fanout         Cap        Slew       Delay        Time   Description
---------------------------------------------------------------------------------------------
                                  0.000000    0.000000   clock clk_i (rise edge)
                                  0.000000    0.000000   clock network delay (propagated)
                                  5.000000    5.000000 ^ input external delay
     2    0.009537    0.049386    0.032645    5.032645 ^ rst_ni (in)
                                                         rst_ni (net)
                      0.049391    0.000000    5.032645 ^ input1/A (sky130_fd_sc_hd__buf_8)
     5    0.150542    0.233902    0.191212    5.223857 ^ input1/X (sky130_fd_sc_hd__buf_8)
                                                         net1 (net)
                      0.305986    0.100131    5.323987 ^ fanout93/A (sky130_fd_sc_hd__buf_1)
     3    0.015718    0.189985    0.228799    5.552786 ^ fanout93/X (sky130_fd_sc_hd__buf_1)
                                                         net93 (net)
                      0.190051    0.001119    5.553905 ^ fanout90/A (sky130_fd_sc_hd__clkbuf_2)
     9    0.038488    0.211510    0.265769    5.819674 ^ fanout90/X (sky130_fd_sc_hd__clkbuf_2)
                                                         net90 (net)
                      0.211693    0.005114    5.824788 ^ fanout86/A (sky130_fd_sc_hd__buf_2)
     6    0.035925    0.177948    0.254231    6.079018 ^ fanout86/X (sky130_fd_sc_hd__buf_2)
                                                         net86 (net)
                      0.178178    0.004492    6.083510 ^ _581_/RESET_B (sky130_fd_sc_hd__dfrtp_1)
                                              6.083510   data arrival time

                                 25.000000   25.000000   clock clk_i (rise edge)
                                  0.000000   25.000000   clock source latency
     2    0.083141    0.377847    0.279778   25.279778 ^ clk_i (in)
                                                         clk_i (net)
                      0.382483    0.000000   25.279778 ^ clkbuf_0_clk_i/A (sky130_fd_sc_hd__clkbuf_16)
     2    0.018889    0.047857    0.218240   25.498016 ^ clkbuf_0_clk_i/X (sky130_fd_sc_hd__clkbuf_16)
                                                         clknet_0_clk_i (net)
                      0.047857    0.000961   25.498978 ^ clkbuf_1_0__f_clk_i/A (sky130_fd_sc_hd__clkbuf_16)
     3    0.008434    0.031988    0.115357   25.614334 ^ clkbuf_1_0__f_clk_i/X (sky130_fd_sc_hd__clkbuf_16)
                                                         clknet_1_0__leaf_clk_i (net)
                      0.031989    0.000407   25.614740 ^ _498_/A (sky130_fd_sc_hd__and2_2)
     3    0.056167    0.287732    0.302977   25.917719 ^ _498_/X (sky130_fd_sc_hd__and2_2)
                                                         u_ibex.clk (net)
                      0.289172    0.016499   25.934217 ^ clkbuf_0_u_ibex.clk/A (sky130_fd_sc_hd__clkbuf_16)
     9    0.085943    0.105335    0.249992   26.184210 ^ clkbuf_0_u_ibex.clk/X (sky130_fd_sc_hd__clkbuf_16)
                                                         clknet_0_u_ibex.clk (net)
                      0.106302    0.008047   26.192257 ^ clkbuf_2_0__f_u_ibex.clk/A (sky130_fd_sc_hd__clkbuf_16)
    31    0.100365    0.118725    0.192326   26.384583 ^ clkbuf_2_0__f_u_ibex.clk/X (sky130_fd_sc_hd__clkbuf_16)
                                                         clknet_2_0__leaf_u_ibex.clk (net)
                      0.134266    0.032722   26.417305 ^ _581_/CLK (sky130_fd_sc_hd__dfrtp_1)
                                 -0.250000   26.167305   clock uncertainty
                                  0.000000   26.167305   clock reconvergence pessimism
                                  0.223704   26.391008   library recovery time
                                             26.391008   data required time
---------------------------------------------------------------------------------------------
                                             26.391008   data required time
                                             -6.083510   data arrival time
---------------------------------------------------------------------------------------------
                                             20.307501   slack (MET)


Startpoint: rst_ni (input port clocked by clk_i)
Endpoint: _585_ (recovery check against rising-edge clock clk_i)
Path Group: asynchronous
Path Type: max

Fanout         Cap        Slew       Delay        Time   Description
---------------------------------------------------------------------------------------------
                                  0.000000    0.000000   clock clk_i (rise edge)
                                  0.000000    0.000000   clock network delay (propagated)
                                  5.000000    5.000000 ^ input external delay
     2    0.009537    0.049386    0.032645    5.032645 ^ rst_ni (in)
                                                         rst_ni (net)
                      0.049391    0.000000    5.032645 ^ input1/A (sky130_fd_sc_hd__buf_8)
     5    0.150542    0.233902    0.191212    5.223857 ^ input1/X (sky130_fd_sc_hd__buf_8)
                                                         net1 (net)
                      0.305986    0.100131    5.323987 ^ fanout93/A (sky130_fd_sc_hd__buf_1)
     3    0.015718    0.189985    0.228799    5.552786 ^ fanout93/X (sky130_fd_sc_hd__buf_1)
                                                         net93 (net)
                      0.190051    0.001119    5.553905 ^ fanout90/A (sky130_fd_sc_hd__clkbuf_2)
     9    0.038488    0.211510    0.265769    5.819674 ^ fanout90/X (sky130_fd_sc_hd__clkbuf_2)
                                                         net90 (net)
                      0.211693    0.005114    5.824788 ^ fanout86/A (sky130_fd_sc_hd__buf_2)
     6    0.035925    0.177948    0.254231    6.079018 ^ fanout86/X (sky130_fd_sc_hd__buf_2)
                                                         net86 (net)
                      0.178049    0.002169    6.081187 ^ _585_/RESET_B (sky130_fd_sc_hd__dfrtp_1)
                                              6.081187   data arrival time

                                 25.000000   25.000000   clock clk_i (rise edge)
                                  0.000000   25.000000   clock source latency
     2    0.083141    0.377847    0.279778   25.279778 ^ clk_i (in)
                                                         clk_i (net)
                      0.382483    0.000000   25.279778 ^ clkbuf_0_clk_i/A (sky130_fd_sc_hd__clkbuf_16)
     2    0.018889    0.047857    0.218240   25.498016 ^ clkbuf_0_clk_i/X (sky130_fd_sc_hd__clkbuf_16)
                                                         clknet_0_clk_i (net)
                      0.047857    0.000961   25.498978 ^ clkbuf_1_0__f_clk_i/A (sky130_fd_sc_hd__clkbuf_16)
     3    0.008434    0.031988    0.115357   25.614334 ^ clkbuf_1_0__f_clk_i/X (sky130_fd_sc_hd__clkbuf_16)
                                                         clknet_1_0__leaf_clk_i (net)
                      0.031989    0.000407   25.614740 ^ _498_/A (sky130_fd_sc_hd__and2_2)
     3    0.056167    0.287732    0.302977   25.917719 ^ _498_/X (sky130_fd_sc_hd__and2_2)
                                                         u_ibex.clk (net)
                      0.289172    0.016499   25.934217 ^ clkbuf_0_u_ibex.clk/A (sky130_fd_sc_hd__clkbuf_16)
     9    0.085943    0.105335    0.249992   26.184210 ^ clkbuf_0_u_ibex.clk/X (sky130_fd_sc_hd__clkbuf_16)
                                                         clknet_0_u_ibex.clk (net)
                      0.106302    0.008047   26.192257 ^ clkbuf_2_0__f_u_ibex.clk/A (sky130_fd_sc_hd__clkbuf_16)
    31    0.100365    0.118725    0.192326   26.384583 ^ clkbuf_2_0__f_u_ibex.clk/X (sky130_fd_sc_hd__clkbuf_16)
                                                         clknet_2_0__leaf_u_ibex.clk (net)
                      0.132612    0.030889   26.415472 ^ _585_/CLK (sky130_fd_sc_hd__dfrtp_1)
                                 -0.250000   26.165472   clock uncertainty
                                  0.000000   26.165472   clock reconvergence pessimism
                                  0.223221   26.388693   library recovery time
                                             26.388693   data required time
---------------------------------------------------------------------------------------------
                                             26.388693   data required time
                                             -6.081187   data arrival time
---------------------------------------------------------------------------------------------
                                             20.307505   slack (MET)


Startpoint: rst_ni (input port clocked by clk_i)
Endpoint: _580_ (recovery check against rising-edge clock clk_i)
Path Group: asynchronous
Path Type: max

Fanout         Cap        Slew       Delay        Time   Description
---------------------------------------------------------------------------------------------
                                  0.000000    0.000000   clock clk_i (rise edge)
                                  0.000000    0.000000   clock network delay (propagated)
                                  5.000000    5.000000 ^ input external delay
     2    0.009537    0.049386    0.032645    5.032645 ^ rst_ni (in)
                                                         rst_ni (net)
                      0.049391    0.000000    5.032645 ^ input1/A (sky130_fd_sc_hd__buf_8)
     5    0.150542    0.233902    0.191212    5.223857 ^ input1/X (sky130_fd_sc_hd__buf_8)
                                                         net1 (net)
                      0.305986    0.100131    5.323987 ^ fanout93/A (sky130_fd_sc_hd__buf_1)
     3    0.015718    0.189985    0.228799    5.552786 ^ fanout93/X (sky130_fd_sc_hd__buf_1)
                                                         net93 (net)
                      0.190051    0.001119    5.553905 ^ fanout90/A (sky130_fd_sc_hd__clkbuf_2)
     9    0.038488    0.211510    0.265769    5.819674 ^ fanout90/X (sky130_fd_sc_hd__clkbuf_2)
                                                         net90 (net)
                      0.211693    0.005114    5.824788 ^ fanout86/A (sky130_fd_sc_hd__buf_2)
     6    0.035925    0.177948    0.254231    6.079018 ^ fanout86/X (sky130_fd_sc_hd__buf_2)
                                                         net86 (net)
                      0.178183    0.004557    6.083576 ^ _580_/RESET_B (sky130_fd_sc_hd__dfrtp_1)
                                              6.083576   data arrival time

                                 25.000000   25.000000   clock clk_i (rise edge)
                                  0.000000   25.000000   clock source latency
     2    0.083141    0.377847    0.279778   25.279778 ^ clk_i (in)
                                                         clk_i (net)
                      0.382483    0.000000   25.279778 ^ clkbuf_0_clk_i/A (sky130_fd_sc_hd__clkbuf_16)
     2    0.018889    0.047857    0.218240   25.498016 ^ clkbuf_0_clk_i/X (sky130_fd_sc_hd__clkbuf_16)
                                                         clknet_0_clk_i (net)
                      0.047857    0.000961   25.498978 ^ clkbuf_1_0__f_clk_i/A (sky130_fd_sc_hd__clkbuf_16)
     3    0.008434    0.031988    0.115357   25.614334 ^ clkbuf_1_0__f_clk_i/X (sky130_fd_sc_hd__clkbuf_16)
                                                         clknet_1_0__leaf_clk_i (net)
                      0.031989    0.000407   25.614740 ^ _498_/A (sky130_fd_sc_hd__and2_2)
     3    0.056167    0.287732    0.302977   25.917719 ^ _498_/X (sky130_fd_sc_hd__and2_2)
                                                         u_ibex.clk (net)
                      0.289172    0.016499   25.934217 ^ clkbuf_0_u_ibex.clk/A (sky130_fd_sc_hd__clkbuf_16)
     9    0.085943    0.105335    0.249992   26.184210 ^ clkbuf_0_u_ibex.clk/X (sky130_fd_sc_hd__clkbuf_16)
                                                         clknet_0_u_ibex.clk (net)
                      0.106302    0.008047   26.192257 ^ clkbuf_2_0__f_u_ibex.clk/A (sky130_fd_sc_hd__clkbuf_16)
    31    0.100365    0.118725    0.192326   26.384583 ^ clkbuf_2_0__f_u_ibex.clk/X (sky130_fd_sc_hd__clkbuf_16)
                                                         clknet_2_0__leaf_u_ibex.clk (net)
                      0.134429    0.032900   26.417482 ^ _580_/CLK (sky130_fd_sc_hd__dfrtp_1)
                                 -0.250000   26.167482   clock uncertainty
                                  0.000000   26.167482   clock reconvergence pessimism
                                  0.223754   26.391237   library recovery time
                                             26.391237   data required time
---------------------------------------------------------------------------------------------
                                             26.391237   data required time
                                             -6.083576   data arrival time
---------------------------------------------------------------------------------------------
                                             20.307661   slack (MET)


Startpoint: rst_ni (input port clocked by clk_i)
Endpoint: _582_ (recovery check against rising-edge clock clk_i)
Path Group: asynchronous
Path Type: max

Fanout         Cap        Slew       Delay        Time   Description
---------------------------------------------------------------------------------------------
                                  0.000000    0.000000   clock clk_i (rise edge)
                                  0.000000    0.000000   clock network delay (propagated)
                                  5.000000    5.000000 ^ input external delay
     2    0.009537    0.049386    0.032645    5.032645 ^ rst_ni (in)
                                                         rst_ni (net)
                      0.049391    0.000000    5.032645 ^ input1/A (sky130_fd_sc_hd__buf_8)
     5    0.150542    0.233902    0.191212    5.223857 ^ input1/X (sky130_fd_sc_hd__buf_8)
                                                         net1 (net)
                      0.305986    0.100131    5.323987 ^ fanout93/A (sky130_fd_sc_hd__buf_1)
     3    0.015718    0.189985    0.228799    5.552786 ^ fanout93/X (sky130_fd_sc_hd__buf_1)
                                                         net93 (net)
                      0.190051    0.001119    5.553905 ^ fanout90/A (sky130_fd_sc_hd__clkbuf_2)
     9    0.038488    0.211510    0.265769    5.819674 ^ fanout90/X (sky130_fd_sc_hd__clkbuf_2)
                                                         net90 (net)
                      0.211693    0.005114    5.824788 ^ fanout86/A (sky130_fd_sc_hd__buf_2)
     6    0.035925    0.177948    0.254231    6.079018 ^ fanout86/X (sky130_fd_sc_hd__buf_2)
                                                         net86 (net)
                      0.178132    0.003841    6.082860 ^ _582_/RESET_B (sky130_fd_sc_hd__dfrtp_1)
                                              6.082860   data arrival time

                                 25.000000   25.000000   clock clk_i (rise edge)
                                  0.000000   25.000000   clock source latency
     2    0.083141    0.377847    0.279778   25.279778 ^ clk_i (in)
                                                         clk_i (net)
                      0.382483    0.000000   25.279778 ^ clkbuf_0_clk_i/A (sky130_fd_sc_hd__clkbuf_16)
     2    0.018889    0.047857    0.218240   25.498016 ^ clkbuf_0_clk_i/X (sky130_fd_sc_hd__clkbuf_16)
                                                         clknet_0_clk_i (net)
                      0.047857    0.000961   25.498978 ^ clkbuf_1_0__f_clk_i/A (sky130_fd_sc_hd__clkbuf_16)
     3    0.008434    0.031988    0.115357   25.614334 ^ clkbuf_1_0__f_clk_i/X (sky130_fd_sc_hd__clkbuf_16)
                                                         clknet_1_0__leaf_clk_i (net)
                      0.031989    0.000407   25.614740 ^ _498_/A (sky130_fd_sc_hd__and2_2)
     3    0.056167    0.287732    0.302977   25.917719 ^ _498_/X (sky130_fd_sc_hd__and2_2)
                                                         u_ibex.clk (net)
                      0.289172    0.016499   25.934217 ^ clkbuf_0_u_ibex.clk/A (sky130_fd_sc_hd__clkbuf_16)
     9    0.085943    0.105335    0.249992   26.184210 ^ clkbuf_0_u_ibex.clk/X (sky130_fd_sc_hd__clkbuf_16)
                                                         clknet_0_u_ibex.clk (net)
                      0.106302    0.008047   26.192257 ^ clkbuf_2_0__f_u_ibex.clk/A (sky130_fd_sc_hd__clkbuf_16)
    31    0.100365    0.118725    0.192326   26.384583 ^ clkbuf_2_0__f_u_ibex.clk/X (sky130_fd_sc_hd__clkbuf_16)
                                                         clknet_2_0__leaf_u_ibex.clk (net)
                      0.134218    0.032671   26.417253 ^ _582_/CLK (sky130_fd_sc_hd__dfrtp_1)
                                 -0.250000   26.167253   clock uncertainty
                                  0.000000   26.167253   clock reconvergence pessimism
                                  0.223701   26.390955   library recovery time
                                             26.390955   data required time
---------------------------------------------------------------------------------------------
                                             26.390955   data required time
                                             -6.082860   data arrival time
---------------------------------------------------------------------------------------------
                                             20.308094   slack (MET)


Startpoint: rst_ni (input port clocked by clk_i)
Endpoint: _583_ (recovery check against rising-edge clock clk_i)
Path Group: asynchronous
Path Type: max

Fanout         Cap        Slew       Delay        Time   Description
---------------------------------------------------------------------------------------------
                                  0.000000    0.000000   clock clk_i (rise edge)
                                  0.000000    0.000000   clock network delay (propagated)
                                  5.000000    5.000000 ^ input external delay
     2    0.009537    0.049386    0.032645    5.032645 ^ rst_ni (in)
                                                         rst_ni (net)
                      0.049391    0.000000    5.032645 ^ input1/A (sky130_fd_sc_hd__buf_8)
     5    0.150542    0.233902    0.191212    5.223857 ^ input1/X (sky130_fd_sc_hd__buf_8)
                                                         net1 (net)
                      0.305986    0.100131    5.323987 ^ fanout93/A (sky130_fd_sc_hd__buf_1)
     3    0.015718    0.189985    0.228799    5.552786 ^ fanout93/X (sky130_fd_sc_hd__buf_1)
                                                         net93 (net)
                      0.190051    0.001119    5.553905 ^ fanout90/A (sky130_fd_sc_hd__clkbuf_2)
     9    0.038488    0.211510    0.265769    5.819674 ^ fanout90/X (sky130_fd_sc_hd__clkbuf_2)
                                                         net90 (net)
                      0.211693    0.005114    5.824788 ^ fanout86/A (sky130_fd_sc_hd__buf_2)
     6    0.035925    0.177948    0.254231    6.079018 ^ fanout86/X (sky130_fd_sc_hd__buf_2)
                                                         net86 (net)
                      0.178126    0.003748    6.082767 ^ _583_/RESET_B (sky130_fd_sc_hd__dfrtp_1)
                                              6.082767   data arrival time

                                 25.000000   25.000000   clock clk_i (rise edge)
                                  0.000000   25.000000   clock source latency
     2    0.083141    0.377847    0.279778   25.279778 ^ clk_i (in)
                                                         clk_i (net)
                      0.382483    0.000000   25.279778 ^ clkbuf_0_clk_i/A (sky130_fd_sc_hd__clkbuf_16)
     2    0.018889    0.047857    0.218240   25.498016 ^ clkbuf_0_clk_i/X (sky130_fd_sc_hd__clkbuf_16)
                                                         clknet_0_clk_i (net)
                      0.047857    0.000961   25.498978 ^ clkbuf_1_0__f_clk_i/A (sky130_fd_sc_hd__clkbuf_16)
     3    0.008434    0.031988    0.115357   25.614334 ^ clkbuf_1_0__f_clk_i/X (sky130_fd_sc_hd__clkbuf_16)
                                                         clknet_1_0__leaf_clk_i (net)
                      0.031989    0.000407   25.614740 ^ _498_/A (sky130_fd_sc_hd__and2_2)
     3    0.056167    0.287732    0.302977   25.917719 ^ _498_/X (sky130_fd_sc_hd__and2_2)
                                                         u_ibex.clk (net)
                      0.289172    0.016499   25.934217 ^ clkbuf_0_u_ibex.clk/A (sky130_fd_sc_hd__clkbuf_16)
     9    0.085943    0.105335    0.249992   26.184210 ^ clkbuf_0_u_ibex.clk/X (sky130_fd_sc_hd__clkbuf_16)
                                                         clknet_0_u_ibex.clk (net)
                      0.106302    0.008047   26.192257 ^ clkbuf_2_0__f_u_ibex.clk/A (sky130_fd_sc_hd__clkbuf_16)
    31    0.100365    0.118725    0.192326   26.384583 ^ clkbuf_2_0__f_u_ibex.clk/X (sky130_fd_sc_hd__clkbuf_16)
                                                         clknet_2_0__leaf_u_ibex.clk (net)
                      0.134285    0.032744   26.417326 ^ _583_/CLK (sky130_fd_sc_hd__dfrtp_1)
                                 -0.250000   26.167326   clock uncertainty
                                  0.000000   26.167326   clock reconvergence pessimism
                                  0.223723   26.391050   library recovery time
                                             26.391050   data required time
---------------------------------------------------------------------------------------------
                                             26.391050   data required time
                                             -6.082767   data arrival time
---------------------------------------------------------------------------------------------
                                             20.308283   slack (MET)


Startpoint: rst_ni (input port clocked by clk_i)
Endpoint: _586_ (recovery check against rising-edge clock clk_i)
Path Group: asynchronous
Path Type: max

Fanout         Cap        Slew       Delay        Time   Description
---------------------------------------------------------------------------------------------
                                  0.000000    0.000000   clock clk_i (rise edge)
                                  0.000000    0.000000   clock network delay (propagated)
                                  5.000000    5.000000 ^ input external delay
     2    0.009537    0.049386    0.032645    5.032645 ^ rst_ni (in)
                                                         rst_ni (net)
                      0.049391    0.000000    5.032645 ^ input1/A (sky130_fd_sc_hd__buf_8)
     5    0.150542    0.233902    0.191212    5.223857 ^ input1/X (sky130_fd_sc_hd__buf_8)
                                                         net1 (net)
                      0.305986    0.100131    5.323987 ^ fanout93/A (sky130_fd_sc_hd__buf_1)
     3    0.015718    0.189985    0.228799    5.552786 ^ fanout93/X (sky130_fd_sc_hd__buf_1)
                                                         net93 (net)
                      0.190051    0.001119    5.553905 ^ fanout90/A (sky130_fd_sc_hd__clkbuf_2)
     9    0.038488    0.211510    0.265769    5.819674 ^ fanout90/X (sky130_fd_sc_hd__clkbuf_2)
                                                         net90 (net)
                      0.211652    0.004519    5.824193 ^ fanout87/A (sky130_fd_sc_hd__buf_1)
     3    0.018670    0.223738    0.240143    6.064336 ^ fanout87/X (sky130_fd_sc_hd__buf_1)
                                                         net87 (net)
                      0.223755    0.001608    6.065944 ^ _586_/RESET_B (sky130_fd_sc_hd__dfrtp_1)
                                              6.065944   data arrival time

                                 25.000000   25.000000   clock clk_i (rise edge)
                                  0.000000   25.000000   clock source latency
     2    0.083141    0.377847    0.279778   25.279778 ^ clk_i (in)
                                                         clk_i (net)
                      0.382483    0.000000   25.279778 ^ clkbuf_0_clk_i/A (sky130_fd_sc_hd__clkbuf_16)
     2    0.018889    0.047857    0.218240   25.498016 ^ clkbuf_0_clk_i/X (sky130_fd_sc_hd__clkbuf_16)
                                                         clknet_0_clk_i (net)
                      0.047857    0.000961   25.498978 ^ clkbuf_1_0__f_clk_i/A (sky130_fd_sc_hd__clkbuf_16)
     3    0.008434    0.031988    0.115357   25.614334 ^ clkbuf_1_0__f_clk_i/X (sky130_fd_sc_hd__clkbuf_16)
                                                         clknet_1_0__leaf_clk_i (net)
                      0.031989    0.000407   25.614740 ^ _498_/A (sky130_fd_sc_hd__and2_2)
     3    0.056167    0.287732    0.302977   25.917719 ^ _498_/X (sky130_fd_sc_hd__and2_2)
                                                         u_ibex.clk (net)
                      0.289172    0.016499   25.934217 ^ clkbuf_0_u_ibex.clk/A (sky130_fd_sc_hd__clkbuf_16)
     9    0.085943    0.105335    0.249992   26.184210 ^ clkbuf_0_u_ibex.clk/X (sky130_fd_sc_hd__clkbuf_16)
                                                         clknet_0_u_ibex.clk (net)
                      0.106302    0.008047   26.192257 ^ clkbuf_2_0__f_u_ibex.clk/A (sky130_fd_sc_hd__clkbuf_16)
    31    0.100365    0.118725    0.192326   26.384583 ^ clkbuf_2_0__f_u_ibex.clk/X (sky130_fd_sc_hd__clkbuf_16)
                                                         clknet_2_0__leaf_u_ibex.clk (net)
                      0.131640    0.029770   26.414352 ^ _586_/CLK (sky130_fd_sc_hd__dfrtp_1)
                                 -0.250000   26.164352   clock uncertainty
                                  0.000000   26.164352   clock reconvergence pessimism
                                  0.211246   26.375599   library recovery time
                                             26.375599   data required time
---------------------------------------------------------------------------------------------
                                             26.375599   data required time
                                             -6.065944   data arrival time
---------------------------------------------------------------------------------------------
                                             20.309654   slack (MET)


Startpoint: rst_ni (input port clocked by clk_i)
Endpoint: _573_ (recovery check against rising-edge clock clk_i)
Path Group: asynchronous
Path Type: max

Fanout         Cap        Slew       Delay        Time   Description
---------------------------------------------------------------------------------------------
                                  0.000000    0.000000   clock clk_i (rise edge)
                                  0.000000    0.000000   clock network delay (propagated)
                                  5.000000    5.000000 ^ input external delay
     2    0.009537    0.049386    0.032645    5.032645 ^ rst_ni (in)
                                                         rst_ni (net)
                      0.049391    0.000000    5.032645 ^ input1/A (sky130_fd_sc_hd__buf_8)
     5    0.150542    0.233902    0.191212    5.223857 ^ input1/X (sky130_fd_sc_hd__buf_8)
                                                         net1 (net)
                      0.284999    0.081464    5.305321 ^ fanout99/A (sky130_fd_sc_hd__clkbuf_2)
     7    0.035809    0.196884    0.281034    5.586356 ^ fanout99/X (sky130_fd_sc_hd__clkbuf_2)
                                                         net99 (net)
                      0.196901    0.001529    5.587884 ^ fanout98/A (sky130_fd_sc_hd__buf_1)
     4    0.021261    0.253236    0.258439    5.846323 ^ fanout98/X (sky130_fd_sc_hd__buf_1)
                                                         net98 (net)
                      0.253262    0.002122    5.848444 ^ fanout95/A (sky130_fd_sc_hd__clkbuf_2)
     4    0.026978    0.151632    0.241647    6.090092 ^ fanout95/X (sky130_fd_sc_hd__clkbuf_2)
                                                         net95 (net)
                      0.151787    0.003149    6.093240 ^ _573_/RESET_B (sky130_fd_sc_hd__dfrtp_1)
                                              6.093240   data arrival time

                                 25.000000   25.000000   clock clk_i (rise edge)
                                  0.000000   25.000000   clock source latency
     2    0.083141    0.377847    0.279778   25.279778 ^ clk_i (in)
                                                         clk_i (net)
                      0.382483    0.000000   25.279778 ^ clkbuf_0_clk_i/A (sky130_fd_sc_hd__clkbuf_16)
     2    0.018889    0.047857    0.218240   25.498016 ^ clkbuf_0_clk_i/X (sky130_fd_sc_hd__clkbuf_16)
                                                         clknet_0_clk_i (net)
                      0.047857    0.000961   25.498978 ^ clkbuf_1_0__f_clk_i/A (sky130_fd_sc_hd__clkbuf_16)
     3    0.008434    0.031988    0.115357   25.614334 ^ clkbuf_1_0__f_clk_i/X (sky130_fd_sc_hd__clkbuf_16)
                                                         clknet_1_0__leaf_clk_i (net)
                      0.031989    0.000407   25.614740 ^ _498_/A (sky130_fd_sc_hd__and2_2)
     3    0.056167    0.287732    0.302977   25.917719 ^ _498_/X (sky130_fd_sc_hd__and2_2)
                                                         u_ibex.clk (net)
                      0.289172    0.016499   25.934217 ^ clkbuf_0_u_ibex.clk/A (sky130_fd_sc_hd__clkbuf_16)
     9    0.085943    0.105335    0.249992   26.184210 ^ clkbuf_0_u_ibex.clk/X (sky130_fd_sc_hd__clkbuf_16)
                                                         clknet_0_u_ibex.clk (net)
                      0.107192    0.011074   26.195284 ^ clkbuf_2_2__f_u_ibex.clk/A (sky130_fd_sc_hd__clkbuf_16)
    31    0.111426    0.125472    0.198986   26.394268 ^ clkbuf_2_2__f_u_ibex.clk/X (sky130_fd_sc_hd__clkbuf_16)
                                                         clknet_2_2__leaf_u_ibex.clk (net)
                      0.136288    0.027855   26.422123 ^ _573_/CLK (sky130_fd_sc_hd__dfrtp_1)
                                 -0.250000   26.172125   clock uncertainty
                                  0.000000   26.172125   clock reconvergence pessimism
                                  0.231070   26.403194   library recovery time
                                             26.403194   data required time
---------------------------------------------------------------------------------------------
                                             26.403194   data required time
                                             -6.093240   data arrival time
---------------------------------------------------------------------------------------------
                                             20.309956   slack (MET)


Startpoint: rst_ni (input port clocked by clk_i)
Endpoint: _587_ (recovery check against rising-edge clock clk_i)
Path Group: asynchronous
Path Type: max

Fanout         Cap        Slew       Delay        Time   Description
---------------------------------------------------------------------------------------------
                                  0.000000    0.000000   clock clk_i (rise edge)
                                  0.000000    0.000000   clock network delay (propagated)
                                  5.000000    5.000000 ^ input external delay
     2    0.009537    0.049386    0.032645    5.032645 ^ rst_ni (in)
                                                         rst_ni (net)
                      0.049391    0.000000    5.032645 ^ input1/A (sky130_fd_sc_hd__buf_8)
     5    0.150542    0.233902    0.191212    5.223857 ^ input1/X (sky130_fd_sc_hd__buf_8)
                                                         net1 (net)
                      0.305986    0.100131    5.323987 ^ fanout93/A (sky130_fd_sc_hd__buf_1)
     3    0.015718    0.189985    0.228799    5.552786 ^ fanout93/X (sky130_fd_sc_hd__buf_1)
                                                         net93 (net)
                      0.190051    0.001119    5.553905 ^ fanout90/A (sky130_fd_sc_hd__clkbuf_2)
     9    0.038488    0.211510    0.265769    5.819674 ^ fanout90/X (sky130_fd_sc_hd__clkbuf_2)
                                                         net90 (net)
                      0.211652    0.004519    5.824193 ^ fanout87/A (sky130_fd_sc_hd__buf_1)
     3    0.018670    0.223738    0.240143    6.064336 ^ fanout87/X (sky130_fd_sc_hd__buf_1)
                                                         net87 (net)
                      0.223748    0.001211    6.065547 ^ _587_/RESET_B (sky130_fd_sc_hd__dfrtp_1)
                                              6.065547   data arrival time

                                 25.000000   25.000000   clock clk_i (rise edge)
                                  0.000000   25.000000   clock source latency
     2    0.083141    0.377847    0.279778   25.279778 ^ clk_i (in)
                                                         clk_i (net)
                      0.382483    0.000000   25.279778 ^ clkbuf_0_clk_i/A (sky130_fd_sc_hd__clkbuf_16)
     2    0.018889    0.047857    0.218240   25.498016 ^ clkbuf_0_clk_i/X (sky130_fd_sc_hd__clkbuf_16)
                                                         clknet_0_clk_i (net)
                      0.047857    0.000961   25.498978 ^ clkbuf_1_0__f_clk_i/A (sky130_fd_sc_hd__clkbuf_16)
     3    0.008434    0.031988    0.115357   25.614334 ^ clkbuf_1_0__f_clk_i/X (sky130_fd_sc_hd__clkbuf_16)
                                                         clknet_1_0__leaf_clk_i (net)
                      0.031989    0.000407   25.614740 ^ _498_/A (sky130_fd_sc_hd__and2_2)
     3    0.056167    0.287732    0.302977   25.917719 ^ _498_/X (sky130_fd_sc_hd__and2_2)
                                                         u_ibex.clk (net)
                      0.289172    0.016499   25.934217 ^ clkbuf_0_u_ibex.clk/A (sky130_fd_sc_hd__clkbuf_16)
     9    0.085943    0.105335    0.249992   26.184210 ^ clkbuf_0_u_ibex.clk/X (sky130_fd_sc_hd__clkbuf_16)
                                                         clknet_0_u_ibex.clk (net)
                      0.106302    0.008047   26.192257 ^ clkbuf_2_0__f_u_ibex.clk/A (sky130_fd_sc_hd__clkbuf_16)
    31    0.100365    0.118725    0.192326   26.384583 ^ clkbuf_2_0__f_u_ibex.clk/X (sky130_fd_sc_hd__clkbuf_16)
                                                         clknet_2_0__leaf_u_ibex.clk (net)
                      0.131563    0.029679   26.414261 ^ _587_/CLK (sky130_fd_sc_hd__dfrtp_1)
                                 -0.250000   26.164263   clock uncertainty
                                  0.000000   26.164263   clock reconvergence pessimism
                                  0.211224   26.375486   library recovery time
                                             26.375486   data required time
---------------------------------------------------------------------------------------------
                                             26.375486   data required time
                                             -6.065547   data arrival time
---------------------------------------------------------------------------------------------
                                             20.309937   slack (MET)


Startpoint: rst_ni (input port clocked by clk_i)
Endpoint: _590_ (recovery check against rising-edge clock clk_i)
Path Group: asynchronous
Path Type: max

Fanout         Cap        Slew       Delay        Time   Description
---------------------------------------------------------------------------------------------
                                  0.000000    0.000000   clock clk_i (rise edge)
                                  0.000000    0.000000   clock network delay (propagated)
                                  5.000000    5.000000 ^ input external delay
     2    0.009537    0.049386    0.032645    5.032645 ^ rst_ni (in)
                                                         rst_ni (net)
                      0.049391    0.000000    5.032645 ^ input1/A (sky130_fd_sc_hd__buf_8)
     5    0.150542    0.233902    0.191212    5.223857 ^ input1/X (sky130_fd_sc_hd__buf_8)
                                                         net1 (net)
                      0.305986    0.100131    5.323987 ^ fanout93/A (sky130_fd_sc_hd__buf_1)
     3    0.015718    0.189985    0.228799    5.552786 ^ fanout93/X (sky130_fd_sc_hd__buf_1)
                                                         net93 (net)
                      0.190048    0.000886    5.553672 ^ fanout91/A (sky130_fd_sc_hd__clkbuf_2)
     6    0.036905    0.202446    0.261120    5.814792 ^ fanout91/X (sky130_fd_sc_hd__clkbuf_2)
                                                         net91 (net)
                      0.202503    0.002807    5.817599 ^ _590_/RESET_B (sky130_fd_sc_hd__dfrtp_2)
                                              5.817599   data arrival time

                                 25.000000   25.000000   clock clk_i (rise edge)
                                  0.000000   25.000000   clock source latency
     2    0.083141    0.377847    0.279778   25.279778 ^ clk_i (in)
                                                         clk_i (net)
                      0.382483    0.000000   25.279778 ^ clkbuf_0_clk_i/A (sky130_fd_sc_hd__clkbuf_16)
     2    0.018889    0.047857    0.218240   25.498016 ^ clkbuf_0_clk_i/X (sky130_fd_sc_hd__clkbuf_16)
                                                         clknet_0_clk_i (net)
                      0.047857    0.000961   25.498978 ^ clkbuf_1_0__f_clk_i/A (sky130_fd_sc_hd__clkbuf_16)
     3    0.008434    0.031988    0.115357   25.614334 ^ clkbuf_1_0__f_clk_i/X (sky130_fd_sc_hd__clkbuf_16)
                                                         clknet_1_0__leaf_clk_i (net)
                      0.031989    0.000407   25.614740 ^ _498_/A (sky130_fd_sc_hd__and2_2)
     3    0.056167    0.287732    0.302977   25.917719 ^ _498_/X (sky130_fd_sc_hd__and2_2)
                                                         u_ibex.clk (net)
                      0.289172    0.016499   25.934217 ^ clkbuf_0_u_ibex.clk/A (sky130_fd_sc_hd__clkbuf_16)
     9    0.085943    0.105335    0.249992   26.184210 ^ clkbuf_0_u_ibex.clk/X (sky130_fd_sc_hd__clkbuf_16)
                                                         clknet_0_u_ibex.clk (net)
                      0.106302    0.008047   26.192257 ^ clkbuf_2_0__f_u_ibex.clk/A (sky130_fd_sc_hd__clkbuf_16)
    31    0.100365    0.118725    0.192326   26.384583 ^ clkbuf_2_0__f_u_ibex.clk/X (sky130_fd_sc_hd__clkbuf_16)
                                                         clknet_2_0__leaf_u_ibex.clk (net)
                      0.123330    0.018071   26.402653 ^ _590_/CLK (sky130_fd_sc_hd__dfrtp_2)
                                 -0.250000   26.152655   clock uncertainty
                                  0.000000   26.152655   clock reconvergence pessimism
                                  0.196855   26.349510   library recovery time
                                             26.349510   data required time
---------------------------------------------------------------------------------------------
                                             26.349510   data required time
                                             -5.817599   data arrival time
---------------------------------------------------------------------------------------------
                                             20.531912   slack (MET)


Startpoint: rst_ni (input port clocked by clk_i)
Endpoint: _572_ (recovery check against rising-edge clock clk_i)
Path Group: asynchronous
Path Type: max

Fanout         Cap        Slew       Delay        Time   Description
---------------------------------------------------------------------------------------------
                                  0.000000    0.000000   clock clk_i (rise edge)
                                  0.000000    0.000000   clock network delay (propagated)
                                  5.000000    5.000000 ^ input external delay
     2    0.009537    0.049386    0.032645    5.032645 ^ rst_ni (in)
                                                         rst_ni (net)
                      0.049391    0.000000    5.032645 ^ input1/A (sky130_fd_sc_hd__buf_8)
     5    0.150542    0.233902    0.191212    5.223857 ^ input1/X (sky130_fd_sc_hd__buf_8)
                                                         net1 (net)
                      0.284999    0.081464    5.305321 ^ fanout99/A (sky130_fd_sc_hd__clkbuf_2)
     7    0.035809    0.196884    0.281034    5.586356 ^ fanout99/X (sky130_fd_sc_hd__clkbuf_2)
                                                         net99 (net)
                      0.196901    0.001529    5.587884 ^ fanout98/A (sky130_fd_sc_hd__buf_1)
     4    0.021261    0.253236    0.258439    5.846323 ^ fanout98/X (sky130_fd_sc_hd__buf_1)
                                                         net98 (net)
                      0.253251    0.001658    5.847981 ^ _572_/RESET_B (sky130_fd_sc_hd__dfrtp_1)
                                              5.847981   data arrival time

                                 25.000000   25.000000   clock clk_i (rise edge)
                                  0.000000   25.000000   clock source latency
     2    0.083141    0.377847    0.279778   25.279778 ^ clk_i (in)
                                                         clk_i (net)
                      0.382483    0.000000   25.279778 ^ clkbuf_0_clk_i/A (sky130_fd_sc_hd__clkbuf_16)
     2    0.018889    0.047857    0.218240   25.498016 ^ clkbuf_0_clk_i/X (sky130_fd_sc_hd__clkbuf_16)
                                                         clknet_0_clk_i (net)
                      0.047857    0.000961   25.498978 ^ clkbuf_1_0__f_clk_i/A (sky130_fd_sc_hd__clkbuf_16)
     3    0.008434    0.031988    0.115357   25.614334 ^ clkbuf_1_0__f_clk_i/X (sky130_fd_sc_hd__clkbuf_16)
                                                         clknet_1_0__leaf_clk_i (net)
                      0.031989    0.000407   25.614740 ^ _498_/A (sky130_fd_sc_hd__and2_2)
     3    0.056167    0.287732    0.302977   25.917719 ^ _498_/X (sky130_fd_sc_hd__and2_2)
                                                         u_ibex.clk (net)
                      0.289172    0.016499   25.934217 ^ clkbuf_0_u_ibex.clk/A (sky130_fd_sc_hd__clkbuf_16)
     9    0.085943    0.105335    0.249992   26.184210 ^ clkbuf_0_u_ibex.clk/X (sky130_fd_sc_hd__clkbuf_16)
                                                         clknet_0_u_ibex.clk (net)
                      0.107192    0.011074   26.195284 ^ clkbuf_2_2__f_u_ibex.clk/A (sky130_fd_sc_hd__clkbuf_16)
    31    0.111426    0.125472    0.198986   26.394268 ^ clkbuf_2_2__f_u_ibex.clk/X (sky130_fd_sc_hd__clkbuf_16)
                                                         clknet_2_2__leaf_u_ibex.clk (net)
                      0.140591    0.033110   26.427378 ^ _572_/CLK (sky130_fd_sc_hd__dfrtp_1)
                                 -0.250000   26.177380   clock uncertainty
                                  0.000000   26.177380   clock reconvergence pessimism
                                  0.206533   26.383913   library recovery time
                                             26.383913   data required time
---------------------------------------------------------------------------------------------
                                             26.383913   data required time
                                             -5.847981   data arrival time
---------------------------------------------------------------------------------------------
                                             20.535933   slack (MET)


Startpoint: rst_ni (input port clocked by clk_i)
Endpoint: _592_ (recovery check against rising-edge clock clk_i)
Path Group: asynchronous
Path Type: max

Fanout         Cap        Slew       Delay        Time   Description
---------------------------------------------------------------------------------------------
                                  0.000000    0.000000   clock clk_i (rise edge)
                                  0.000000    0.000000   clock network delay (propagated)
                                  5.000000    5.000000 ^ input external delay
     2    0.009537    0.049386    0.032645    5.032645 ^ rst_ni (in)
                                                         rst_ni (net)
                      0.049391    0.000000    5.032645 ^ input1/A (sky130_fd_sc_hd__buf_8)
     5    0.150542    0.233902    0.191212    5.223857 ^ input1/X (sky130_fd_sc_hd__buf_8)
                                                         net1 (net)
                      0.305986    0.100131    5.323987 ^ fanout93/A (sky130_fd_sc_hd__buf_1)
     3    0.015718    0.189985    0.228799    5.552786 ^ fanout93/X (sky130_fd_sc_hd__buf_1)
                                                         net93 (net)
                      0.190048    0.000886    5.553672 ^ fanout91/A (sky130_fd_sc_hd__clkbuf_2)
     6    0.036905    0.202446    0.261120    5.814792 ^ fanout91/X (sky130_fd_sc_hd__clkbuf_2)
                                                         net91 (net)
                      0.202486    0.002367    5.817159 ^ _592_/RESET_B (sky130_fd_sc_hd__dfrtp_1)
                                              5.817159   data arrival time

                                 25.000000   25.000000   clock clk_i (rise edge)
                                  0.000000   25.000000   clock source latency
     2    0.083141    0.377847    0.279778   25.279778 ^ clk_i (in)
                                                         clk_i (net)
                      0.382483    0.000000   25.279778 ^ clkbuf_0_clk_i/A (sky130_fd_sc_hd__clkbuf_16)
     2    0.018889    0.047857    0.218240   25.498016 ^ clkbuf_0_clk_i/X (sky130_fd_sc_hd__clkbuf_16)
                                                         clknet_0_clk_i (net)
                      0.047857    0.000961   25.498978 ^ clkbuf_1_0__f_clk_i/A (sky130_fd_sc_hd__clkbuf_16)
     3    0.008434    0.031988    0.115357   25.614334 ^ clkbuf_1_0__f_clk_i/X (sky130_fd_sc_hd__clkbuf_16)
                                                         clknet_1_0__leaf_clk_i (net)
                      0.031989    0.000407   25.614740 ^ _498_/A (sky130_fd_sc_hd__and2_2)
     3    0.056167    0.287732    0.302977   25.917719 ^ _498_/X (sky130_fd_sc_hd__and2_2)
                                                         u_ibex.clk (net)
                      0.289172    0.016499   25.934217 ^ clkbuf_0_u_ibex.clk/A (sky130_fd_sc_hd__clkbuf_16)
     9    0.085943    0.105335    0.249992   26.184210 ^ clkbuf_0_u_ibex.clk/X (sky130_fd_sc_hd__clkbuf_16)
                                                         clknet_0_u_ibex.clk (net)
                      0.106302    0.008047   26.192257 ^ clkbuf_2_0__f_u_ibex.clk/A (sky130_fd_sc_hd__clkbuf_16)
    31    0.100365    0.118725    0.192326   26.384583 ^ clkbuf_2_0__f_u_ibex.clk/X (sky130_fd_sc_hd__clkbuf_16)
                                                         clknet_2_0__leaf_u_ibex.clk (net)
                      0.121357    0.014035   26.398617 ^ _592_/CLK (sky130_fd_sc_hd__dfrtp_1)
                                 -0.250000   26.148619   clock uncertainty
                                  0.000000   26.148619   clock reconvergence pessimism
                                  0.213459   26.362078   library recovery time
                                             26.362078   data required time
---------------------------------------------------------------------------------------------
                                             26.362078   data required time
                                             -5.817159   data arrival time
---------------------------------------------------------------------------------------------
                                             20.544918   slack (MET)


Startpoint: rst_ni (input port clocked by clk_i)
Endpoint: _594_ (recovery check against rising-edge clock clk_i)
Path Group: asynchronous
Path Type: max

Fanout         Cap        Slew       Delay        Time   Description
---------------------------------------------------------------------------------------------
                                  0.000000    0.000000   clock clk_i (rise edge)
                                  0.000000    0.000000   clock network delay (propagated)
                                  5.000000    5.000000 ^ input external delay
     2    0.009537    0.049386    0.032645    5.032645 ^ rst_ni (in)
                                                         rst_ni (net)
                      0.049391    0.000000    5.032645 ^ input1/A (sky130_fd_sc_hd__buf_8)
     5    0.150542    0.233902    0.191212    5.223857 ^ input1/X (sky130_fd_sc_hd__buf_8)
                                                         net1 (net)
                      0.305986    0.100131    5.323987 ^ fanout93/A (sky130_fd_sc_hd__buf_1)
     3    0.015718    0.189985    0.228799    5.552786 ^ fanout93/X (sky130_fd_sc_hd__buf_1)
                                                         net93 (net)
                      0.190048    0.000886    5.553672 ^ fanout91/A (sky130_fd_sc_hd__clkbuf_2)
     6    0.036905    0.202446    0.261120    5.814792 ^ fanout91/X (sky130_fd_sc_hd__clkbuf_2)
                                                         net91 (net)
                      0.202459    0.001366    5.816158 ^ _594_/RESET_B (sky130_fd_sc_hd__dfrtp_1)
                                              5.816158   data arrival time

                                 25.000000   25.000000   clock clk_i (rise edge)
                                  0.000000   25.000000   clock source latency
     2    0.083141    0.377847    0.279778   25.279778 ^ clk_i (in)
                                                         clk_i (net)
                      0.382483    0.000000   25.279778 ^ clkbuf_0_clk_i/A (sky130_fd_sc_hd__clkbuf_16)
     2    0.018889    0.047857    0.218240   25.498016 ^ clkbuf_0_clk_i/X (sky130_fd_sc_hd__clkbuf_16)
                                                         clknet_0_clk_i (net)
                      0.047857    0.000961   25.498978 ^ clkbuf_1_0__f_clk_i/A (sky130_fd_sc_hd__clkbuf_16)
     3    0.008434    0.031988    0.115357   25.614334 ^ clkbuf_1_0__f_clk_i/X (sky130_fd_sc_hd__clkbuf_16)
                                                         clknet_1_0__leaf_clk_i (net)
                      0.031989    0.000407   25.614740 ^ _498_/A (sky130_fd_sc_hd__and2_2)
     3    0.056167    0.287732    0.302977   25.917719 ^ _498_/X (sky130_fd_sc_hd__and2_2)
                                                         u_ibex.clk (net)
                      0.289172    0.016499   25.934217 ^ clkbuf_0_u_ibex.clk/A (sky130_fd_sc_hd__clkbuf_16)
     9    0.085943    0.105335    0.249992   26.184210 ^ clkbuf_0_u_ibex.clk/X (sky130_fd_sc_hd__clkbuf_16)
                                                         clknet_0_u_ibex.clk (net)
                      0.106302    0.008047   26.192257 ^ clkbuf_2_1__f_u_ibex.clk/A (sky130_fd_sc_hd__clkbuf_16)
    33    0.100302    0.118991    0.196579   26.388836 ^ clkbuf_2_1__f_u_ibex.clk/X (sky130_fd_sc_hd__clkbuf_16)
                                                         clknet_2_1__leaf_u_ibex.clk (net)
                      0.120552    0.011051   26.399885 ^ _594_/CLK (sky130_fd_sc_hd__dfrtp_1)
                                 -0.250000   26.149887   clock uncertainty
                                  0.000000   26.149887   clock reconvergence pessimism
                                  0.213214   26.363100   library recovery time
                                             26.363100   data required time
---------------------------------------------------------------------------------------------
                                             26.363100   data required time
                                             -5.816158   data arrival time
---------------------------------------------------------------------------------------------
                                             20.546942   slack (MET)


Startpoint: rst_ni (input port clocked by clk_i)
Endpoint: _593_ (recovery check against rising-edge clock clk_i)
Path Group: asynchronous
Path Type: max

Fanout         Cap        Slew       Delay        Time   Description
---------------------------------------------------------------------------------------------
                                  0.000000    0.000000   clock clk_i (rise edge)
                                  0.000000    0.000000   clock network delay (propagated)
                                  5.000000    5.000000 ^ input external delay
     2    0.009537    0.049386    0.032645    5.032645 ^ rst_ni (in)
                                                         rst_ni (net)
                      0.049391    0.000000    5.032645 ^ input1/A (sky130_fd_sc_hd__buf_8)
     5    0.150542    0.233902    0.191212    5.223857 ^ input1/X (sky130_fd_sc_hd__buf_8)
                                                         net1 (net)
                      0.305986    0.100131    5.323987 ^ fanout93/A (sky130_fd_sc_hd__buf_1)
     3    0.015718    0.189985    0.228799    5.552786 ^ fanout93/X (sky130_fd_sc_hd__buf_1)
                                                         net93 (net)
                      0.190048    0.000886    5.553672 ^ fanout91/A (sky130_fd_sc_hd__clkbuf_2)
     6    0.036905    0.202446    0.261120    5.814792 ^ fanout91/X (sky130_fd_sc_hd__clkbuf_2)
                                                         net91 (net)
                      0.202509    0.002951    5.817744 ^ _593_/RESET_B (sky130_fd_sc_hd__dfrtp_1)
                                              5.817744   data arrival time

                                 25.000000   25.000000   clock clk_i (rise edge)
                                  0.000000   25.000000   clock source latency
     2    0.083141    0.377847    0.279778   25.279778 ^ clk_i (in)
                                                         clk_i (net)
                      0.382483    0.000000   25.279778 ^ clkbuf_0_clk_i/A (sky130_fd_sc_hd__clkbuf_16)
     2    0.018889    0.047857    0.218240   25.498016 ^ clkbuf_0_clk_i/X (sky130_fd_sc_hd__clkbuf_16)
                                                         clknet_0_clk_i (net)
                      0.047857    0.000961   25.498978 ^ clkbuf_1_0__f_clk_i/A (sky130_fd_sc_hd__clkbuf_16)
     3    0.008434    0.031988    0.115357   25.614334 ^ clkbuf_1_0__f_clk_i/X (sky130_fd_sc_hd__clkbuf_16)
                                                         clknet_1_0__leaf_clk_i (net)
                      0.031989    0.000407   25.614740 ^ _498_/A (sky130_fd_sc_hd__and2_2)
     3    0.056167    0.287732    0.302977   25.917719 ^ _498_/X (sky130_fd_sc_hd__and2_2)
                                                         u_ibex.clk (net)
                      0.289172    0.016499   25.934217 ^ clkbuf_0_u_ibex.clk/A (sky130_fd_sc_hd__clkbuf_16)
     9    0.085943    0.105335    0.249992   26.184210 ^ clkbuf_0_u_ibex.clk/X (sky130_fd_sc_hd__clkbuf_16)
                                                         clknet_0_u_ibex.clk (net)
                      0.106302    0.008047   26.192257 ^ clkbuf_2_0__f_u_ibex.clk/A (sky130_fd_sc_hd__clkbuf_16)
    31    0.100365    0.118725    0.192326   26.384583 ^ clkbuf_2_0__f_u_ibex.clk/X (sky130_fd_sc_hd__clkbuf_16)
                                                         clknet_2_0__leaf_u_ibex.clk (net)
                      0.122547    0.016591   26.401173 ^ _593_/CLK (sky130_fd_sc_hd__dfrtp_1)
                                 -0.250000   26.151175   clock uncertainty
                                  0.000000   26.151175   clock reconvergence pessimism
                                  0.213826   26.365000   library recovery time
                                             26.365000   data required time
---------------------------------------------------------------------------------------------
                                             26.365000   data required time
                                             -5.817744   data arrival time
---------------------------------------------------------------------------------------------
                                             20.547255   slack (MET)


Startpoint: rst_ni (input port clocked by clk_i)
Endpoint: _591_ (recovery check against rising-edge clock clk_i)
Path Group: asynchronous
Path Type: max

Fanout         Cap        Slew       Delay        Time   Description
---------------------------------------------------------------------------------------------
                                  0.000000    0.000000   clock clk_i (rise edge)
                                  0.000000    0.000000   clock network delay (propagated)
                                  5.000000    5.000000 ^ input external delay
     2    0.009537    0.049386    0.032645    5.032645 ^ rst_ni (in)
                                                         rst_ni (net)
                      0.049391    0.000000    5.032645 ^ input1/A (sky130_fd_sc_hd__buf_8)
     5    0.150542    0.233902    0.191212    5.223857 ^ input1/X (sky130_fd_sc_hd__buf_8)
                                                         net1 (net)
                      0.305986    0.100131    5.323987 ^ fanout93/A (sky130_fd_sc_hd__buf_1)
     3    0.015718    0.189985    0.228799    5.552786 ^ fanout93/X (sky130_fd_sc_hd__buf_1)
                                                         net93 (net)
                      0.190048    0.000886    5.553672 ^ fanout91/A (sky130_fd_sc_hd__clkbuf_2)
     6    0.036905    0.202446    0.261120    5.814792 ^ fanout91/X (sky130_fd_sc_hd__clkbuf_2)
                                                         net91 (net)
                      0.202530    0.003396    5.818188 ^ _591_/RESET_B (sky130_fd_sc_hd__dfrtp_1)
                                              5.818188   data arrival time

                                 25.000000   25.000000   clock clk_i (rise edge)
                                  0.000000   25.000000   clock source latency
     2    0.083141    0.377847    0.279778   25.279778 ^ clk_i (in)
                                                         clk_i (net)
                      0.382483    0.000000   25.279778 ^ clkbuf_0_clk_i/A (sky130_fd_sc_hd__clkbuf_16)
     2    0.018889    0.047857    0.218240   25.498016 ^ clkbuf_0_clk_i/X (sky130_fd_sc_hd__clkbuf_16)
                                                         clknet_0_clk_i (net)
                      0.047857    0.000961   25.498978 ^ clkbuf_1_0__f_clk_i/A (sky130_fd_sc_hd__clkbuf_16)
     3    0.008434    0.031988    0.115357   25.614334 ^ clkbuf_1_0__f_clk_i/X (sky130_fd_sc_hd__clkbuf_16)
                                                         clknet_1_0__leaf_clk_i (net)
                      0.031989    0.000407   25.614740 ^ _498_/A (sky130_fd_sc_hd__and2_2)
     3    0.056167    0.287732    0.302977   25.917719 ^ _498_/X (sky130_fd_sc_hd__and2_2)
                                                         u_ibex.clk (net)
                      0.289172    0.016499   25.934217 ^ clkbuf_0_u_ibex.clk/A (sky130_fd_sc_hd__clkbuf_16)
     9    0.085943    0.105335    0.249992   26.184210 ^ clkbuf_0_u_ibex.clk/X (sky130_fd_sc_hd__clkbuf_16)
                                                         clknet_0_u_ibex.clk (net)
                      0.106302    0.008047   26.192257 ^ clkbuf_2_0__f_u_ibex.clk/A (sky130_fd_sc_hd__clkbuf_16)
    31    0.100365    0.118725    0.192326   26.384583 ^ clkbuf_2_0__f_u_ibex.clk/X (sky130_fd_sc_hd__clkbuf_16)
                                                         clknet_2_0__leaf_u_ibex.clk (net)
                      0.124968    0.020837   26.405418 ^ _591_/CLK (sky130_fd_sc_hd__dfrtp_1)
                                 -0.250000   26.155420   clock uncertainty
                                  0.000000   26.155420   clock reconvergence pessimism
                                  0.214578   26.369999   library recovery time
                                             26.369999   data required time
---------------------------------------------------------------------------------------------
                                             26.369999   data required time
                                             -5.818188   data arrival time
---------------------------------------------------------------------------------------------
                                             20.551809   slack (MET)


Startpoint: _565_ (rising edge-triggered flip-flop clocked by clk_i)
Endpoint: _566_ (rising edge-triggered flip-flop clocked by clk_i)
Path Group: clk_i
Path Type: max

Fanout         Cap        Slew       Delay        Time   Description
---------------------------------------------------------------------------------------------
                                  0.000000    0.000000   clock clk_i (rise edge)
                                  0.000000    0.000000   clock source latency
     2    0.083141    0.377847    0.279778    0.279778 ^ clk_i (in)
                                                         clk_i (net)
                      0.382483    0.000000    0.279778 ^ clkbuf_0_clk_i/A (sky130_fd_sc_hd__clkbuf_16)
     2    0.018889    0.047857    0.218239    0.498018 ^ clkbuf_0_clk_i/X (sky130_fd_sc_hd__clkbuf_16)
                                                         clknet_0_clk_i (net)
                      0.047857    0.000962    0.498979 ^ clkbuf_1_0__f_clk_i/A (sky130_fd_sc_hd__clkbuf_16)
     3    0.008434    0.031988    0.115356    0.614336 ^ clkbuf_1_0__f_clk_i/X (sky130_fd_sc_hd__clkbuf_16)
                                                         clknet_1_0__leaf_clk_i (net)
                      0.031989    0.000406    0.614742 ^ _498_/A (sky130_fd_sc_hd__and2_2)
     3    0.056167    0.288109    0.302977    0.917719 ^ _498_/X (sky130_fd_sc_hd__and2_2)
                                                         u_ibex.clk (net)
                      0.289545    0.016500    0.934219 ^ clkbuf_0_u_ibex.clk/A (sky130_fd_sc_hd__clkbuf_16)
     9    0.085943    0.105341    0.250061    1.184280 ^ clkbuf_0_u_ibex.clk/X (sky130_fd_sc_hd__clkbuf_16)
                                                         clknet_0_u_ibex.clk (net)
                      0.107075    0.010702    1.194983 ^ clkbuf_2_3__f_u_ibex.clk/A (sky130_fd_sc_hd__clkbuf_16)
    23    0.084906    0.103015    0.190210    1.385192 ^ clkbuf_2_3__f_u_ibex.clk/X (sky130_fd_sc_hd__clkbuf_16)
                                                         clknet_2_3__leaf_u_ibex.clk (net)
                      0.108427    0.018400    1.403592 ^ _565_/CLK (sky130_fd_sc_hd__dfrtp_1)
     1    0.001989    0.038985    0.330864    1.734457 ^ _565_/Q (sky130_fd_sc_hd__dfrtp_1)
                                                         u_ibex.u_ibex_core.id_stage_i.controller_i.id_wb_pending (net)
                      0.038985    0.000092    1.734548 ^ hold163/A (sky130_fd_sc_hd__dlygate4sd3_1)
     1    0.001930    0.046160    0.524673    2.259222 ^ hold163/X (sky130_fd_sc_hd__dlygate4sd3_1)
                                                         net334 (net)
                      0.046160    0.000138    2.259360 ^ hold21/A (sky130_fd_sc_hd__dlygate4sd3_1)
     1    0.003752    0.061572    0.543501    2.802862 ^ hold21/X (sky130_fd_sc_hd__dlygate4sd3_1)
                                                         net192 (net)
                      0.061572    0.000277    2.803139 ^ hold164/A (sky130_fd_sc_hd__dlygate4sd3_1)
     3    0.014122    0.153920    0.623278    3.426417 ^ hold164/X (sky130_fd_sc_hd__dlygate4sd3_1)
                                                         net335 (net)
                      0.153922    0.000865    3.427282 ^ _409_/A_N (sky130_fd_sc_hd__and2b_1)
     1    0.003803    0.038022    0.201874    3.629156 v _409_/X (sky130_fd_sc_hd__and2b_1)
                                                         u_ibex.u_ibex_core.id_stage_i.controller_i.do_single_step_d (net)
                      0.038022    0.000256    3.629412 v hold183/A (sky130_fd_sc_hd__dlygate4sd3_1)
     1    0.001747    0.047819    0.535890    4.165302 v hold183/X (sky130_fd_sc_hd__dlygate4sd3_1)
                                                         net354 (net)
                      0.047819    0.000079    4.165382 v hold26/A (sky130_fd_sc_hd__dlygate4sd3_1)
     2    0.004891    0.063284    0.564359    4.729741 v hold26/X (sky130_fd_sc_hd__dlygate4sd3_1)
                                                         net197 (net)
                      0.063284    0.000277    4.730017 v _410_/B (sky130_fd_sc_hd__and2b_1)
     1    0.002385    0.031724    0.155711    4.885729 v _410_/X (sky130_fd_sc_hd__and2b_1)
                                                         u_ibex.u_ibex_core.id_stage_i.controller_i.enter_debug_mode (net)
                      0.031724    0.000150    4.885879 v hold105/A (sky130_fd_sc_hd__dlygate4sd3_1)
     3    0.010755    0.089772    0.592540    5.478419 v hold105/X (sky130_fd_sc_hd__dlygate4sd3_1)
                                                         net276 (net)
                      0.089772    0.000631    5.479049 v _566_/D (sky130_fd_sc_hd__dfrtp_1)
                                              5.479049   data arrival time

                                 25.000000   25.000000   clock clk_i (rise edge)
                                  0.000000   25.000000   clock source latency
     2    0.083141    0.377847    0.279778   25.279778 ^ clk_i (in)
                                                         clk_i (net)
                      0.382483    0.000000   25.279778 ^ clkbuf_0_clk_i/A (sky130_fd_sc_hd__clkbuf_16)
     2    0.018889    0.047857    0.218240   25.498016 ^ clkbuf_0_clk_i/X (sky130_fd_sc_hd__clkbuf_16)
                                                         clknet_0_clk_i (net)
                      0.047857    0.000961   25.498978 ^ clkbuf_1_0__f_clk_i/A (sky130_fd_sc_hd__clkbuf_16)
     3    0.008434    0.031988    0.115357   25.614334 ^ clkbuf_1_0__f_clk_i/X (sky130_fd_sc_hd__clkbuf_16)
                                                         clknet_1_0__leaf_clk_i (net)
                      0.031989    0.000407   25.614740 ^ _498_/A (sky130_fd_sc_hd__and2_2)
     3    0.056167    0.287732    0.302977   25.917719 ^ _498_/X (sky130_fd_sc_hd__and2_2)
                                                         u_ibex.clk (net)
                      0.289172    0.016499   25.934217 ^ clkbuf_0_u_ibex.clk/A (sky130_fd_sc_hd__clkbuf_16)
     9    0.085943    0.105335    0.249992   26.184210 ^ clkbuf_0_u_ibex.clk/X (sky130_fd_sc_hd__clkbuf_16)
                                                         clknet_0_u_ibex.clk (net)
                      0.107069    0.010703   26.194912 ^ clkbuf_2_3__f_u_ibex.clk/A (sky130_fd_sc_hd__clkbuf_16)
    23    0.084906    0.103015    0.190207   26.385118 ^ clkbuf_2_3__f_u_ibex.clk/X (sky130_fd_sc_hd__clkbuf_16)
                                                         clknet_2_3__leaf_u_ibex.clk (net)
                      0.107448    0.016627   26.401745 ^ _566_/CLK (sky130_fd_sc_hd__dfrtp_1)
                                 -0.250000   26.151747   clock uncertainty
                                  0.000072   26.151817   clock reconvergence pessimism
                                 -0.119447   26.032370   library setup time
                                             26.032370   data required time
---------------------------------------------------------------------------------------------
                                             26.032370   data required time
                                             -5.479049   data arrival time
---------------------------------------------------------------------------------------------
                                             20.553320   slack (MET)


Startpoint: rst_ni (input port clocked by clk_i)
Endpoint: _595_ (recovery check against rising-edge clock clk_i)
Path Group: asynchronous
Path Type: max

Fanout         Cap        Slew       Delay        Time   Description
---------------------------------------------------------------------------------------------
                                  0.000000    0.000000   clock clk_i (rise edge)
                                  0.000000    0.000000   clock network delay (propagated)
                                  5.000000    5.000000 ^ input external delay
     2    0.009537    0.049386    0.032645    5.032645 ^ rst_ni (in)
                                                         rst_ni (net)
                      0.049391    0.000000    5.032645 ^ input1/A (sky130_fd_sc_hd__buf_8)
     5    0.150542    0.233902    0.191212    5.223857 ^ input1/X (sky130_fd_sc_hd__buf_8)
                                                         net1 (net)
                      0.305986    0.100131    5.323987 ^ fanout93/A (sky130_fd_sc_hd__buf_1)
     3    0.015718    0.189985    0.228799    5.552786 ^ fanout93/X (sky130_fd_sc_hd__buf_1)
                                                         net93 (net)
                      0.189986    0.000814    5.553600 ^ fanout92/A (sky130_fd_sc_hd__dlymetal6s2s_1)
     4    0.020503    0.220013    0.251792    5.805393 ^ fanout92/X (sky130_fd_sc_hd__dlymetal6s2s_1)
                                                         net92 (net)
                      0.220033    0.001724    5.807117 ^ _595_/RESET_B (sky130_fd_sc_hd__dfrtp_1)
                                              5.807117   data arrival time

                                 25.000000   25.000000   clock clk_i (rise edge)
                                  0.000000   25.000000   clock source latency
     2    0.083141    0.377847    0.279778   25.279778 ^ clk_i (in)
                                                         clk_i (net)
                      0.382483    0.000000   25.279778 ^ clkbuf_0_clk_i/A (sky130_fd_sc_hd__clkbuf_16)
     2    0.018889    0.047857    0.218240   25.498016 ^ clkbuf_0_clk_i/X (sky130_fd_sc_hd__clkbuf_16)
                                                         clknet_0_clk_i (net)
                      0.047857    0.000961   25.498978 ^ clkbuf_1_0__f_clk_i/A (sky130_fd_sc_hd__clkbuf_16)
     3    0.008434    0.031988    0.115357   25.614334 ^ clkbuf_1_0__f_clk_i/X (sky130_fd_sc_hd__clkbuf_16)
                                                         clknet_1_0__leaf_clk_i (net)
                      0.031989    0.000407   25.614740 ^ _498_/A (sky130_fd_sc_hd__and2_2)
     3    0.056167    0.287732    0.302977   25.917719 ^ _498_/X (sky130_fd_sc_hd__and2_2)
                                                         u_ibex.clk (net)
                      0.289172    0.016499   25.934217 ^ clkbuf_0_u_ibex.clk/A (sky130_fd_sc_hd__clkbuf_16)
     9    0.085943    0.105335    0.249992   26.184210 ^ clkbuf_0_u_ibex.clk/X (sky130_fd_sc_hd__clkbuf_16)
                                                         clknet_0_u_ibex.clk (net)
                      0.106302    0.008047   26.192257 ^ clkbuf_2_1__f_u_ibex.clk/A (sky130_fd_sc_hd__clkbuf_16)
    33    0.100302    0.118991    0.196579   26.388836 ^ clkbuf_2_1__f_u_ibex.clk/X (sky130_fd_sc_hd__clkbuf_16)
                                                         clknet_2_1__leaf_u_ibex.clk (net)
                      0.121304    0.013232   26.402067 ^ _595_/CLK (sky130_fd_sc_hd__dfrtp_1)
                                 -0.250000   26.152067   clock uncertainty
                                  0.000000   26.152067   clock reconvergence pessimism
                                  0.208954   26.361023   library recovery time
                                             26.361023   data required time
---------------------------------------------------------------------------------------------
                                             26.361023   data required time
                                             -5.807117   data arrival time
---------------------------------------------------------------------------------------------
                                             20.553905   slack (MET)


Startpoint: rst_ni (input port clocked by clk_i)
Endpoint: _588_ (recovery check against rising-edge clock clk_i)
Path Group: asynchronous
Path Type: max

Fanout         Cap        Slew       Delay        Time   Description
---------------------------------------------------------------------------------------------
                                  0.000000    0.000000   clock clk_i (rise edge)
                                  0.000000    0.000000   clock network delay (propagated)
                                  5.000000    5.000000 ^ input external delay
     2    0.009537    0.049386    0.032645    5.032645 ^ rst_ni (in)
                                                         rst_ni (net)
                      0.049391    0.000000    5.032645 ^ input1/A (sky130_fd_sc_hd__buf_8)
     5    0.150542    0.233902    0.191212    5.223857 ^ input1/X (sky130_fd_sc_hd__buf_8)
                                                         net1 (net)
                      0.305986    0.100131    5.323987 ^ fanout93/A (sky130_fd_sc_hd__buf_1)
     3    0.015718    0.189985    0.228799    5.552786 ^ fanout93/X (sky130_fd_sc_hd__buf_1)
                                                         net93 (net)
                      0.190048    0.000886    5.553672 ^ fanout91/A (sky130_fd_sc_hd__clkbuf_2)
     6    0.036905    0.202446    0.261120    5.814792 ^ fanout91/X (sky130_fd_sc_hd__clkbuf_2)
                                                         net91 (net)
                      0.202538    0.003559    5.818352 ^ _588_/RESET_B (sky130_fd_sc_hd__dfrtp_1)
                                              5.818352   data arrival time

                                 25.000000   25.000000   clock clk_i (rise edge)
                                  0.000000   25.000000   clock source latency
     2    0.083141    0.377847    0.279778   25.279778 ^ clk_i (in)
                                                         clk_i (net)
                      0.382483    0.000000   25.279778 ^ clkbuf_0_clk_i/A (sky130_fd_sc_hd__clkbuf_16)
     2    0.018889    0.047857    0.218240   25.498016 ^ clkbuf_0_clk_i/X (sky130_fd_sc_hd__clkbuf_16)
                                                         clknet_0_clk_i (net)
                      0.047857    0.000961   25.498978 ^ clkbuf_1_0__f_clk_i/A (sky130_fd_sc_hd__clkbuf_16)
     3    0.008434    0.031988    0.115357   25.614334 ^ clkbuf_1_0__f_clk_i/X (sky130_fd_sc_hd__clkbuf_16)
                                                         clknet_1_0__leaf_clk_i (net)
                      0.031989    0.000407   25.614740 ^ _498_/A (sky130_fd_sc_hd__and2_2)
     3    0.056167    0.287732    0.302977   25.917719 ^ _498_/X (sky130_fd_sc_hd__and2_2)
                                                         u_ibex.clk (net)
                      0.289172    0.016499   25.934217 ^ clkbuf_0_u_ibex.clk/A (sky130_fd_sc_hd__clkbuf_16)
     9    0.085943    0.105335    0.249992   26.184210 ^ clkbuf_0_u_ibex.clk/X (sky130_fd_sc_hd__clkbuf_16)
                                                         clknet_0_u_ibex.clk (net)
                      0.106302    0.008047   26.192257 ^ clkbuf_2_0__f_u_ibex.clk/A (sky130_fd_sc_hd__clkbuf_16)
    31    0.100365    0.118725    0.192326   26.384583 ^ clkbuf_2_0__f_u_ibex.clk/X (sky130_fd_sc_hd__clkbuf_16)
                                                         clknet_2_0__leaf_u_ibex.clk (net)
                      0.127574    0.024656   26.409239 ^ _588_/CLK (sky130_fd_sc_hd__dfrtp_1)
                                 -0.250000   26.159239   clock uncertainty
                                  0.000000   26.159239   clock reconvergence pessimism
                                  0.215392   26.374632   library recovery time
                                             26.374632   data required time
---------------------------------------------------------------------------------------------
                                             26.374632   data required time
                                             -5.818352   data arrival time
---------------------------------------------------------------------------------------------
                                             20.556278   slack (MET)


Startpoint: rst_ni (input port clocked by clk_i)
Endpoint: _596_ (recovery check against rising-edge clock clk_i)
Path Group: asynchronous
Path Type: max

Fanout         Cap        Slew       Delay        Time   Description
---------------------------------------------------------------------------------------------
                                  0.000000    0.000000   clock clk_i (rise edge)
                                  0.000000    0.000000   clock network delay (propagated)
                                  5.000000    5.000000 ^ input external delay
     2    0.009537    0.049386    0.032645    5.032645 ^ rst_ni (in)
                                                         rst_ni (net)
                      0.049391    0.000000    5.032645 ^ input1/A (sky130_fd_sc_hd__buf_8)
     5    0.150542    0.233902    0.191212    5.223857 ^ input1/X (sky130_fd_sc_hd__buf_8)
                                                         net1 (net)
                      0.305986    0.100131    5.323987 ^ fanout93/A (sky130_fd_sc_hd__buf_1)
     3    0.015718    0.189985    0.228799    5.552786 ^ fanout93/X (sky130_fd_sc_hd__buf_1)
                                                         net93 (net)
                      0.189986    0.000814    5.553600 ^ fanout92/A (sky130_fd_sc_hd__dlymetal6s2s_1)
     4    0.020503    0.220013    0.251792    5.805393 ^ fanout92/X (sky130_fd_sc_hd__dlymetal6s2s_1)
                                                         net92 (net)
                      0.220032    0.001680    5.807072 ^ _596_/RESET_B (sky130_fd_sc_hd__dfrtp_1)
                                              5.807072   data arrival time

                                 25.000000   25.000000   clock clk_i (rise edge)
                                  0.000000   25.000000   clock source latency
     2    0.083141    0.377847    0.279778   25.279778 ^ clk_i (in)
                                                         clk_i (net)
                      0.382483    0.000000   25.279778 ^ clkbuf_0_clk_i/A (sky130_fd_sc_hd__clkbuf_16)
     2    0.018889    0.047857    0.218240   25.498016 ^ clkbuf_0_clk_i/X (sky130_fd_sc_hd__clkbuf_16)
                                                         clknet_0_clk_i (net)
                      0.047857    0.000961   25.498978 ^ clkbuf_1_0__f_clk_i/A (sky130_fd_sc_hd__clkbuf_16)
     3    0.008434    0.031988    0.115357   25.614334 ^ clkbuf_1_0__f_clk_i/X (sky130_fd_sc_hd__clkbuf_16)
                                                         clknet_1_0__leaf_clk_i (net)
                      0.031989    0.000407   25.614740 ^ _498_/A (sky130_fd_sc_hd__and2_2)
     3    0.056167    0.287732    0.302977   25.917719 ^ _498_/X (sky130_fd_sc_hd__and2_2)
                                                         u_ibex.clk (net)
                      0.289172    0.016499   25.934217 ^ clkbuf_0_u_ibex.clk/A (sky130_fd_sc_hd__clkbuf_16)
     9    0.085943    0.105335    0.249992   26.184210 ^ clkbuf_0_u_ibex.clk/X (sky130_fd_sc_hd__clkbuf_16)
                                                         clknet_0_u_ibex.clk (net)
                      0.106302    0.008047   26.192257 ^ clkbuf_2_1__f_u_ibex.clk/A (sky130_fd_sc_hd__clkbuf_16)
    33    0.100302    0.118991    0.196579   26.388836 ^ clkbuf_2_1__f_u_ibex.clk/X (sky130_fd_sc_hd__clkbuf_16)
                                                         clknet_2_1__leaf_u_ibex.clk (net)
                      0.122304    0.015644   26.404480 ^ _596_/CLK (sky130_fd_sc_hd__dfrtp_1)
                                 -0.250000   26.154480   clock uncertainty
                                  0.000000   26.154480   clock reconvergence pessimism
                                  0.209268   26.363747   library recovery time
                                             26.363747   data required time
---------------------------------------------------------------------------------------------
                                             26.363747   data required time
                                             -5.807072   data arrival time
---------------------------------------------------------------------------------------------
                                             20.556675   slack (MET)


Startpoint: rst_ni (input port clocked by clk_i)
Endpoint: _597_ (recovery check against rising-edge clock clk_i)
Path Group: asynchronous
Path Type: max

Fanout         Cap        Slew       Delay        Time   Description
---------------------------------------------------------------------------------------------
                                  0.000000    0.000000   clock clk_i (rise edge)
                                  0.000000    0.000000   clock network delay (propagated)
                                  5.000000    5.000000 ^ input external delay
     2    0.009537    0.049386    0.032645    5.032645 ^ rst_ni (in)
                                                         rst_ni (net)
                      0.049391    0.000000    5.032645 ^ input1/A (sky130_fd_sc_hd__buf_8)
     5    0.150542    0.233902    0.191212    5.223857 ^ input1/X (sky130_fd_sc_hd__buf_8)
                                                         net1 (net)
                      0.305986    0.100131    5.323987 ^ fanout93/A (sky130_fd_sc_hd__buf_1)
     3    0.015718    0.189985    0.228799    5.552786 ^ fanout93/X (sky130_fd_sc_hd__buf_1)
                                                         net93 (net)
                      0.189986    0.000814    5.553600 ^ fanout92/A (sky130_fd_sc_hd__dlymetal6s2s_1)
     4    0.020503    0.220013    0.251792    5.805393 ^ fanout92/X (sky130_fd_sc_hd__dlymetal6s2s_1)
                                                         net92 (net)
                      0.220022    0.001163    5.806555 ^ _597_/RESET_B (sky130_fd_sc_hd__dfrtp_1)
                                              5.806555   data arrival time

                                 25.000000   25.000000   clock clk_i (rise edge)
                                  0.000000   25.000000   clock source latency
     2    0.083141    0.377847    0.279778   25.279778 ^ clk_i (in)
                                                         clk_i (net)
                      0.382483    0.000000   25.279778 ^ clkbuf_0_clk_i/A (sky130_fd_sc_hd__clkbuf_16)
     2    0.018889    0.047857    0.218240   25.498016 ^ clkbuf_0_clk_i/X (sky130_fd_sc_hd__clkbuf_16)
                                                         clknet_0_clk_i (net)
                      0.047857    0.000961   25.498978 ^ clkbuf_1_0__f_clk_i/A (sky130_fd_sc_hd__clkbuf_16)
     3    0.008434    0.031988    0.115357   25.614334 ^ clkbuf_1_0__f_clk_i/X (sky130_fd_sc_hd__clkbuf_16)
                                                         clknet_1_0__leaf_clk_i (net)
                      0.031989    0.000407   25.614740 ^ _498_/A (sky130_fd_sc_hd__and2_2)
     3    0.056167    0.287732    0.302977   25.917719 ^ _498_/X (sky130_fd_sc_hd__and2_2)
                                                         u_ibex.clk (net)
                      0.289172    0.016499   25.934217 ^ clkbuf_0_u_ibex.clk/A (sky130_fd_sc_hd__clkbuf_16)
     9    0.085943    0.105335    0.249992   26.184210 ^ clkbuf_0_u_ibex.clk/X (sky130_fd_sc_hd__clkbuf_16)
                                                         clknet_0_u_ibex.clk (net)
                      0.106302    0.008047   26.192257 ^ clkbuf_2_1__f_u_ibex.clk/A (sky130_fd_sc_hd__clkbuf_16)
    33    0.100302    0.118991    0.196579   26.388836 ^ clkbuf_2_1__f_u_ibex.clk/X (sky130_fd_sc_hd__clkbuf_16)
                                                         clknet_2_1__leaf_u_ibex.clk (net)
                      0.123735    0.018558   26.407393 ^ _597_/CLK (sky130_fd_sc_hd__dfrtp_1)
                                 -0.250000   26.157393   clock uncertainty
                                  0.000000   26.157393   clock reconvergence pessimism
                                  0.209719   26.367113   library recovery time
                                             26.367113   data required time
---------------------------------------------------------------------------------------------
                                             26.367113   data required time
                                             -5.806555   data arrival time
---------------------------------------------------------------------------------------------
                                             20.560558   slack (MET)


Startpoint: rst_ni (input port clocked by clk_i)
Endpoint: _599_ (recovery check against rising-edge clock clk_i)
Path Group: asynchronous
Path Type: max

Fanout         Cap        Slew       Delay        Time   Description
---------------------------------------------------------------------------------------------
                                  0.000000    0.000000   clock clk_i (rise edge)
                                  0.000000    0.000000   clock network delay (propagated)
                                  5.000000    5.000000 ^ input external delay
     2    0.009537    0.049386    0.032645    5.032645 ^ rst_ni (in)
                                                         rst_ni (net)
                      0.049391    0.000000    5.032645 ^ input1/A (sky130_fd_sc_hd__buf_8)
     5    0.150542    0.233902    0.191212    5.223857 ^ input1/X (sky130_fd_sc_hd__buf_8)
                                                         net1 (net)
                      0.305986    0.100131    5.323987 ^ fanout93/A (sky130_fd_sc_hd__buf_1)
     3    0.015718    0.189985    0.228799    5.552786 ^ fanout93/X (sky130_fd_sc_hd__buf_1)
                                                         net93 (net)
                      0.189986    0.000814    5.553600 ^ fanout92/A (sky130_fd_sc_hd__dlymetal6s2s_1)
     4    0.020503    0.220013    0.251792    5.805393 ^ fanout92/X (sky130_fd_sc_hd__dlymetal6s2s_1)
                                                         net92 (net)
                      0.220022    0.001155    5.806548 ^ _599_/RESET_B (sky130_fd_sc_hd__dfrtp_1)
                                              5.806548   data arrival time

                                 25.000000   25.000000   clock clk_i (rise edge)
                                  0.000000   25.000000   clock source latency
     2    0.083141    0.377847    0.279778   25.279778 ^ clk_i (in)
                                                         clk_i (net)
                      0.382483    0.000000   25.279778 ^ clkbuf_0_clk_i/A (sky130_fd_sc_hd__clkbuf_16)
     2    0.018889    0.047857    0.218240   25.498016 ^ clkbuf_0_clk_i/X (sky130_fd_sc_hd__clkbuf_16)
                                                         clknet_0_clk_i (net)
                      0.047857    0.000961   25.498978 ^ clkbuf_1_0__f_clk_i/A (sky130_fd_sc_hd__clkbuf_16)
     3    0.008434    0.031988    0.115357   25.614334 ^ clkbuf_1_0__f_clk_i/X (sky130_fd_sc_hd__clkbuf_16)
                                                         clknet_1_0__leaf_clk_i (net)
                      0.031989    0.000407   25.614740 ^ _498_/A (sky130_fd_sc_hd__and2_2)
     3    0.056167    0.287732    0.302977   25.917719 ^ _498_/X (sky130_fd_sc_hd__and2_2)
                                                         u_ibex.clk (net)
                      0.289172    0.016499   25.934217 ^ clkbuf_0_u_ibex.clk/A (sky130_fd_sc_hd__clkbuf_16)
     9    0.085943    0.105335    0.249992   26.184210 ^ clkbuf_0_u_ibex.clk/X (sky130_fd_sc_hd__clkbuf_16)
                                                         clknet_0_u_ibex.clk (net)
                      0.106302    0.008047   26.192257 ^ clkbuf_2_1__f_u_ibex.clk/A (sky130_fd_sc_hd__clkbuf_16)
    33    0.100302    0.118991    0.196579   26.388836 ^ clkbuf_2_1__f_u_ibex.clk/X (sky130_fd_sc_hd__clkbuf_16)
                                                         clknet_2_1__leaf_u_ibex.clk (net)
                      0.124092    0.019220   26.408054 ^ _599_/CLK (sky130_fd_sc_hd__dfrtp_1)
                                 -0.250000   26.158056   clock uncertainty
                                  0.000000   26.158056   clock reconvergence pessimism
                                  0.209832   26.367887   library recovery time
                                             26.367887   data required time
---------------------------------------------------------------------------------------------
                                             26.367887   data required time
                                             -5.806548   data arrival time
---------------------------------------------------------------------------------------------
                                             20.561342   slack (MET)


Startpoint: rst_ni (input port clocked by clk_i)
Endpoint: _576_ (recovery check against rising-edge clock clk_i)
Path Group: asynchronous
Path Type: max

Fanout         Cap        Slew       Delay        Time   Description
---------------------------------------------------------------------------------------------
                                  0.000000    0.000000   clock clk_i (rise edge)
                                  0.000000    0.000000   clock network delay (propagated)
                                  5.000000    5.000000 ^ input external delay
     2    0.009537    0.049386    0.032645    5.032645 ^ rst_ni (in)
                                                         rst_ni (net)
                      0.049391    0.000000    5.032645 ^ input1/A (sky130_fd_sc_hd__buf_8)
     5    0.150542    0.233902    0.191212    5.223857 ^ input1/X (sky130_fd_sc_hd__buf_8)
                                                         net1 (net)
                      0.284999    0.081464    5.305321 ^ fanout99/A (sky130_fd_sc_hd__clkbuf_2)
     7    0.035809    0.196884    0.281034    5.586356 ^ fanout99/X (sky130_fd_sc_hd__clkbuf_2)
                                                         net99 (net)
                      0.197093    0.005254    5.591609 ^ _576_/RESET_B (sky130_fd_sc_hd__dfrtp_1)
                                              5.591609   data arrival time

                                 25.000000   25.000000   clock clk_i (rise edge)
                                  0.000000   25.000000   clock source latency
     2    0.083141    0.377847    0.279778   25.279778 ^ clk_i (in)
                                                         clk_i (net)
                      0.382483    0.000000   25.279778 ^ clkbuf_0_clk_i/A (sky130_fd_sc_hd__clkbuf_16)
     2    0.018889    0.047857    0.218240   25.498016 ^ clkbuf_0_clk_i/X (sky130_fd_sc_hd__clkbuf_16)
                                                         clknet_0_clk_i (net)
                      0.047857    0.000961   25.498978 ^ clkbuf_1_0__f_clk_i/A (sky130_fd_sc_hd__clkbuf_16)
     3    0.008434    0.031988    0.115357   25.614334 ^ clkbuf_1_0__f_clk_i/X (sky130_fd_sc_hd__clkbuf_16)
                                                         clknet_1_0__leaf_clk_i (net)
                      0.031989    0.000407   25.614740 ^ _498_/A (sky130_fd_sc_hd__and2_2)
     3    0.056167    0.287732    0.302977   25.917719 ^ _498_/X (sky130_fd_sc_hd__and2_2)
                                                         u_ibex.clk (net)
                      0.289172    0.016499   25.934217 ^ clkbuf_0_u_ibex.clk/A (sky130_fd_sc_hd__clkbuf_16)
     9    0.085943    0.105335    0.249992   26.184210 ^ clkbuf_0_u_ibex.clk/X (sky130_fd_sc_hd__clkbuf_16)
                                                         clknet_0_u_ibex.clk (net)
                      0.107069    0.010703   26.194912 ^ clkbuf_2_3__f_u_ibex.clk/A (sky130_fd_sc_hd__clkbuf_16)
    23    0.084906    0.103015    0.190207   26.385118 ^ clkbuf_2_3__f_u_ibex.clk/X (sky130_fd_sc_hd__clkbuf_16)
                                                         clknet_2_3__leaf_u_ibex.clk (net)
                      0.104715    0.010388   26.395508 ^ _576_/CLK (sky130_fd_sc_hd__dfrtp_1)
                                 -0.250000   26.145508   clock uncertainty
                                  0.000000   26.145508   clock reconvergence pessimism
                                  0.209633   26.355141   library recovery time
                                             26.355141   data required time
---------------------------------------------------------------------------------------------
                                             26.355141   data required time
                                             -5.591609   data arrival time
---------------------------------------------------------------------------------------------
                                             20.763533   slack (MET)


Startpoint: _565_ (rising edge-triggered flip-flop clocked by clk_i)
Endpoint: _570_ (rising edge-triggered flip-flop clocked by clk_i)
Path Group: clk_i
Path Type: max

Fanout         Cap        Slew       Delay        Time   Description
---------------------------------------------------------------------------------------------
                                  0.000000    0.000000   clock clk_i (rise edge)
                                  0.000000    0.000000   clock source latency
     2    0.083141    0.377847    0.279778    0.279778 ^ clk_i (in)
                                                         clk_i (net)
                      0.382483    0.000000    0.279778 ^ clkbuf_0_clk_i/A (sky130_fd_sc_hd__clkbuf_16)
     2    0.018889    0.047857    0.218239    0.498018 ^ clkbuf_0_clk_i/X (sky130_fd_sc_hd__clkbuf_16)
                                                         clknet_0_clk_i (net)
                      0.047857    0.000962    0.498979 ^ clkbuf_1_0__f_clk_i/A (sky130_fd_sc_hd__clkbuf_16)
     3    0.008434    0.031988    0.115356    0.614336 ^ clkbuf_1_0__f_clk_i/X (sky130_fd_sc_hd__clkbuf_16)
                                                         clknet_1_0__leaf_clk_i (net)
                      0.031989    0.000406    0.614742 ^ _498_/A (sky130_fd_sc_hd__and2_2)
     3    0.056167    0.288109    0.302977    0.917719 ^ _498_/X (sky130_fd_sc_hd__and2_2)
                                                         u_ibex.clk (net)
                      0.289545    0.016500    0.934219 ^ clkbuf_0_u_ibex.clk/A (sky130_fd_sc_hd__clkbuf_16)
     9    0.085943    0.105341    0.250061    1.184280 ^ clkbuf_0_u_ibex.clk/X (sky130_fd_sc_hd__clkbuf_16)
                                                         clknet_0_u_ibex.clk (net)
                      0.107075    0.010702    1.194983 ^ clkbuf_2_3__f_u_ibex.clk/A (sky130_fd_sc_hd__clkbuf_16)
    23    0.084906    0.103015    0.190210    1.385192 ^ clkbuf_2_3__f_u_ibex.clk/X (sky130_fd_sc_hd__clkbuf_16)
                                                         clknet_2_3__leaf_u_ibex.clk (net)
                      0.108427    0.018400    1.403592 ^ _565_/CLK (sky130_fd_sc_hd__dfrtp_1)
     1    0.001989    0.038985    0.330864    1.734457 ^ _565_/Q (sky130_fd_sc_hd__dfrtp_1)
                                                         u_ibex.u_ibex_core.id_stage_i.controller_i.id_wb_pending (net)
                      0.038985    0.000092    1.734548 ^ hold163/A (sky130_fd_sc_hd__dlygate4sd3_1)
     1    0.001930    0.046160    0.524673    2.259222 ^ hold163/X (sky130_fd_sc_hd__dlygate4sd3_1)
                                                         net334 (net)
                      0.046160    0.000138    2.259360 ^ hold21/A (sky130_fd_sc_hd__dlygate4sd3_1)
     1    0.003752    0.061572    0.543501    2.802862 ^ hold21/X (sky130_fd_sc_hd__dlygate4sd3_1)
                                                         net192 (net)
                      0.061572    0.000277    2.803139 ^ hold164/A (sky130_fd_sc_hd__dlygate4sd3_1)
     3    0.014122    0.153920    0.623278    3.426417 ^ hold164/X (sky130_fd_sc_hd__dlygate4sd3_1)
                                                         net335 (net)
                      0.153922    0.000865    3.427282 ^ _409_/A_N (sky130_fd_sc_hd__and2b_1)
     1    0.003803    0.038022    0.201874    3.629156 v _409_/X (sky130_fd_sc_hd__and2b_1)
                                                         u_ibex.u_ibex_core.id_stage_i.controller_i.do_single_step_d (net)
                      0.038022    0.000256    3.629412 v hold183/A (sky130_fd_sc_hd__dlygate4sd3_1)
     1    0.001747    0.047819    0.535890    4.165302 v hold183/X (sky130_fd_sc_hd__dlygate4sd3_1)
                                                         net354 (net)
                      0.047819    0.000079    4.165382 v hold26/A (sky130_fd_sc_hd__dlygate4sd3_1)
     2    0.004891    0.063284    0.564359    4.729741 v hold26/X (sky130_fd_sc_hd__dlygate4sd3_1)
                                                         net197 (net)
                      0.063284    0.000264    4.730005 v hold184/A (sky130_fd_sc_hd__dlygate4sd3_1)
     1    0.002659    0.052074    0.554638    5.284643 v hold184/X (sky130_fd_sc_hd__dlygate4sd3_1)
                                                         net355 (net)
                      0.052074    0.000174    5.284817 v _570_/D (sky130_fd_sc_hd__dfrtp_1)
                                              5.284817   data arrival time

                                 25.000000   25.000000   clock clk_i (rise edge)
                                  0.000000   25.000000   clock source latency
     2    0.083141    0.377847    0.279778   25.279778 ^ clk_i (in)
                                                         clk_i (net)
                      0.382483    0.000000   25.279778 ^ clkbuf_0_clk_i/A (sky130_fd_sc_hd__clkbuf_16)
     2    0.018889    0.047857    0.218240   25.498016 ^ clkbuf_0_clk_i/X (sky130_fd_sc_hd__clkbuf_16)
                                                         clknet_0_clk_i (net)
                      0.047857    0.000961   25.498978 ^ clkbuf_1_0__f_clk_i/A (sky130_fd_sc_hd__clkbuf_16)
     3    0.008434    0.031988    0.115357   25.614334 ^ clkbuf_1_0__f_clk_i/X (sky130_fd_sc_hd__clkbuf_16)
                                                         clknet_1_0__leaf_clk_i (net)
                      0.031989    0.000407   25.614740 ^ _498_/A (sky130_fd_sc_hd__and2_2)
     3    0.056167    0.287732    0.302977   25.917719 ^ _498_/X (sky130_fd_sc_hd__and2_2)
                                                         u_ibex.clk (net)
                      0.289172    0.016499   25.934217 ^ clkbuf_0_u_ibex.clk/A (sky130_fd_sc_hd__clkbuf_16)
     9    0.085943    0.105335    0.249992   26.184210 ^ clkbuf_0_u_ibex.clk/X (sky130_fd_sc_hd__clkbuf_16)
                                                         clknet_0_u_ibex.clk (net)
                      0.107069    0.010703   26.194912 ^ clkbuf_2_3__f_u_ibex.clk/A (sky130_fd_sc_hd__clkbuf_16)
    23    0.084906    0.103015    0.190207   26.385118 ^ clkbuf_2_3__f_u_ibex.clk/X (sky130_fd_sc_hd__clkbuf_16)
                                                         clknet_2_3__leaf_u_ibex.clk (net)
                      0.108118    0.017856   26.402975 ^ _570_/CLK (sky130_fd_sc_hd__dfrtp_1)
                                 -0.250000   26.152975   clock uncertainty
                                  0.000072   26.153048   clock reconvergence pessimism
                                 -0.102906   26.050140   library setup time
                                             26.050140   data required time
---------------------------------------------------------------------------------------------
                                             26.050140   data required time
                                             -5.284817   data arrival time
---------------------------------------------------------------------------------------------
                                             20.765324   slack (MET)


Startpoint: rst_ni (input port clocked by clk_i)
Endpoint: _578_ (recovery check against rising-edge clock clk_i)
Path Group: asynchronous
Path Type: max

Fanout         Cap        Slew       Delay        Time   Description
---------------------------------------------------------------------------------------------
                                  0.000000    0.000000   clock clk_i (rise edge)
                                  0.000000    0.000000   clock network delay (propagated)
                                  5.000000    5.000000 ^ input external delay
     2    0.009537    0.049386    0.032645    5.032645 ^ rst_ni (in)
                                                         rst_ni (net)
                      0.049391    0.000000    5.032645 ^ input1/A (sky130_fd_sc_hd__buf_8)
     5    0.150542    0.233902    0.191212    5.223857 ^ input1/X (sky130_fd_sc_hd__buf_8)
                                                         net1 (net)
                      0.284999    0.081464    5.305321 ^ fanout99/A (sky130_fd_sc_hd__clkbuf_2)
     7    0.035809    0.196884    0.281034    5.586356 ^ fanout99/X (sky130_fd_sc_hd__clkbuf_2)
                                                         net99 (net)
                      0.197097    0.005293    5.591648 ^ _578_/RESET_B (sky130_fd_sc_hd__dfrtp_1)
                                              5.591648   data arrival time

                                 25.000000   25.000000   clock clk_i (rise edge)
                                  0.000000   25.000000   clock source latency
     2    0.083141    0.377847    0.279778   25.279778 ^ clk_i (in)
                                                         clk_i (net)
                      0.382483    0.000000   25.279778 ^ clkbuf_0_clk_i/A (sky130_fd_sc_hd__clkbuf_16)
     2    0.018889    0.047857    0.218240   25.498016 ^ clkbuf_0_clk_i/X (sky130_fd_sc_hd__clkbuf_16)
                                                         clknet_0_clk_i (net)
                      0.047857    0.000961   25.498978 ^ clkbuf_1_0__f_clk_i/A (sky130_fd_sc_hd__clkbuf_16)
     3    0.008434    0.031988    0.115357   25.614334 ^ clkbuf_1_0__f_clk_i/X (sky130_fd_sc_hd__clkbuf_16)
                                                         clknet_1_0__leaf_clk_i (net)
                      0.031989    0.000407   25.614740 ^ _498_/A (sky130_fd_sc_hd__and2_2)
     3    0.056167    0.287732    0.302977   25.917719 ^ _498_/X (sky130_fd_sc_hd__and2_2)
                                                         u_ibex.clk (net)
                      0.289172    0.016499   25.934217 ^ clkbuf_0_u_ibex.clk/A (sky130_fd_sc_hd__clkbuf_16)
     9    0.085943    0.105335    0.249992   26.184210 ^ clkbuf_0_u_ibex.clk/X (sky130_fd_sc_hd__clkbuf_16)
                                                         clknet_0_u_ibex.clk (net)
                      0.107192    0.011074   26.195284 ^ clkbuf_2_2__f_u_ibex.clk/A (sky130_fd_sc_hd__clkbuf_16)
    31    0.111426    0.125472    0.198986   26.394268 ^ clkbuf_2_2__f_u_ibex.clk/X (sky130_fd_sc_hd__clkbuf_16)
                                                         clknet_2_2__leaf_u_ibex.clk (net)
                      0.131311    0.020519   26.414787 ^ _578_/CLK (sky130_fd_sc_hd__dfrtp_1)
                                 -0.250000   26.164789   clock uncertainty
                                  0.000000   26.164789   clock reconvergence pessimism
                                  0.217951   26.382738   library recovery time
                                             26.382738   data required time
---------------------------------------------------------------------------------------------
                                             26.382738   data required time
                                             -5.591648   data arrival time
---------------------------------------------------------------------------------------------
                                             20.791090   slack (MET)



