
===========================================================================
report_checks -unconstrained
===========================================================================
======================= max_ss_100C_1v60 Corner ===================================

Startpoint: rst_ni (input port clocked by clk_i)
Endpoint: _3786_ (recovery check against rising-edge clock clk_i)
Path Group: asynchronous
Path Type: max

Fanout         Cap        Slew       Delay        Time   Description
---------------------------------------------------------------------------------------------
                                  0.000000    0.000000   clock clk_i (rise edge)
                                  0.000000    0.000000   clock network delay (propagated)
                                  5.000000    5.000000 ^ input external delay
     2    0.004666    0.044912    0.025687    5.025687 ^ rst_ni (in)
                                                         rst_ni (net)
                      0.044913    0.000000    5.025687 ^ input1/A (sky130_fd_sc_hd__clkbuf_2)
     5    0.059916    0.501810    0.482788    5.508475 ^ input1/X (sky130_fd_sc_hd__clkbuf_2)
                                                         net1 (net)
                      0.502072    0.009547    5.518022 ^ fanout847/A (sky130_fd_sc_hd__clkbuf_2)
     7    0.079180    0.658909    0.779894    6.297916 ^ fanout847/X (sky130_fd_sc_hd__clkbuf_2)
                                                         net847 (net)
                      0.658969    0.005282    6.303198 ^ fanout835/A (sky130_fd_sc_hd__clkbuf_2)
     9    0.076325    0.636307    0.819552    7.122750 ^ fanout835/X (sky130_fd_sc_hd__clkbuf_2)
                                                         net835 (net)
                      0.636700    0.013110    7.135860 ^ fanout826/A (sky130_fd_sc_hd__clkbuf_2)
     9    0.064053    0.536005    0.747169    7.883029 ^ fanout826/X (sky130_fd_sc_hd__clkbuf_2)
                                                         net826 (net)
                      0.536041    0.004788    7.887818 ^ fanout822/A (sky130_fd_sc_hd__clkbuf_2)
    11    0.106440    0.880804    0.942997    8.830814 ^ fanout822/X (sky130_fd_sc_hd__clkbuf_2)
                                                         net822 (net)
                      0.881180    0.015199    8.846013 ^ fanout820/A (sky130_fd_sc_hd__clkbuf_2)
     6    0.039302    0.339578    0.667952    9.513965 ^ fanout820/X (sky130_fd_sc_hd__clkbuf_2)
                                                         net820 (net)
                      0.339639    0.004514    9.518478 ^ fanout819/A (sky130_fd_sc_hd__clkbuf_2)
     6    0.032760    0.283450    0.458719    9.977198 ^ fanout819/X (sky130_fd_sc_hd__clkbuf_2)
                                                         net819 (net)
                      0.283457    0.001790    9.978988 ^ _3786_/RESET_B (sky130_fd_sc_hd__dfrtp_1)
                                              9.978988   data arrival time

                                 25.000000   25.000000   clock clk_i (rise edge)
                                  0.000000   25.000000   clock source latency
     2    0.073068    0.525024    0.367756   25.367754 ^ clk_i (in)
                                                         clk_i (net)
                      0.525084    0.000000   25.367754 ^ clkbuf_0_clk_i/A (sky130_fd_sc_hd__clkbuf_16)
    17    0.337525    0.516213    0.737847   26.105602 ^ clkbuf_0_clk_i/X (sky130_fd_sc_hd__clkbuf_16)
                                                         clknet_0_clk_i (net)
                      0.522105    0.044475   26.150076 ^ clkbuf_3_1__f_clk_i/A (sky130_fd_sc_hd__clkbuf_16)
    23    0.196306    0.311910    0.607040   26.757116 ^ clkbuf_3_1__f_clk_i/X (sky130_fd_sc_hd__clkbuf_16)
                                                         clknet_3_1__leaf_clk_i (net)
                      0.312669    0.011175   26.768291 ^ clkbuf_leaf_11_clk_i/A (sky130_fd_sc_hd__clkbuf_8)
     9    0.038295    0.126974    0.382208   27.150499 ^ clkbuf_leaf_11_clk_i/X (sky130_fd_sc_hd__clkbuf_8)
                                                         clknet_leaf_11_clk_i (net)
                      0.126985    0.001307   27.151808 ^ _3786_/CLK (sky130_fd_sc_hd__dfrtp_1)
                                 -0.250000   26.901808   clock uncertainty
                                  0.000000   26.901808   clock reconvergence pessimism
                                  0.402785   27.304594   library recovery time
                                             27.304594   data required time
---------------------------------------------------------------------------------------------
                                             27.304594   data required time
                                             -9.978988   data arrival time
---------------------------------------------------------------------------------------------
                                             17.325605   slack (MET)


Startpoint: _3781_ (rising edge-triggered flip-flop clocked by clk_i)
Endpoint: _3843_ (rising edge-triggered flip-flop clocked by clk_i)
Path Group: clk_i
Path Type: max

Fanout         Cap        Slew       Delay        Time   Description
---------------------------------------------------------------------------------------------
                                  0.000000    0.000000   clock clk_i (rise edge)
                                  0.000000    0.000000   clock source latency
     2    0.073068    0.525024    0.367755    0.367755 ^ clk_i (in)
                                                         clk_i (net)
                      0.525084    0.000000    0.367755 ^ clkbuf_0_clk_i/A (sky130_fd_sc_hd__clkbuf_16)
    17    0.337525    0.516213    0.737847    1.105603 ^ clkbuf_0_clk_i/X (sky130_fd_sc_hd__clkbuf_16)
                                                         clknet_0_clk_i (net)
                      0.522105    0.044475    1.150078 ^ clkbuf_3_1__f_clk_i/A (sky130_fd_sc_hd__clkbuf_16)
    23    0.196306    0.311910    0.607039    1.757117 ^ clkbuf_3_1__f_clk_i/X (sky130_fd_sc_hd__clkbuf_16)
                                                         clknet_3_1__leaf_clk_i (net)
                      0.312327    0.007385    1.764501 ^ clkbuf_leaf_71_clk_i/A (sky130_fd_sc_hd__clkbuf_8)
    10    0.044858    0.142606    0.393281    2.157783 ^ clkbuf_leaf_71_clk_i/X (sky130_fd_sc_hd__clkbuf_8)
                                                         clknet_leaf_71_clk_i (net)
                      0.142751    0.004051    2.161834 ^ _3781_/CLK (sky130_fd_sc_hd__dfrtp_1)
     1    0.003237    0.083635    0.674752    2.836587 ^ _3781_/Q (sky130_fd_sc_hd__dfrtp_1)
                                                         state_q[1] (net)
                      0.083635    0.000198    2.836784 ^ hold1565/A (sky130_fd_sc_hd__dlygate4sd3_1)
     1    0.002395    0.087111    1.040343    3.877127 ^ hold1565/X (sky130_fd_sc_hd__dlygate4sd3_1)
                                                         net2435 (net)
                      0.087111    0.000154    3.877281 ^ hold1523/A (sky130_fd_sc_hd__dlygate4sd3_1)
     1    0.002483    0.088070    1.043071    4.920352 ^ hold1523/X (sky130_fd_sc_hd__dlygate4sd3_1)
                                                         net2393 (net)
                      0.088070    0.000159    4.920510 ^ hold1566/A (sky130_fd_sc_hd__dlygate4sd3_1)
     2    0.016742    0.280775    1.214952    6.135462 ^ hold1566/X (sky130_fd_sc_hd__dlygate4sd3_1)
                                                         net2436 (net)
                      0.280775    0.000802    6.136264 ^ fanout733/A (sky130_fd_sc_hd__buf_2)
     2    0.021563    0.178716    0.369527    6.505791 ^ fanout733/X (sky130_fd_sc_hd__buf_2)
                                                         net733 (net)
                      0.178716    0.000805    6.506596 ^ hold1524/A (sky130_fd_sc_hd__dlygate4sd3_1)
    11    0.104358    1.545910    2.152868    8.659464 ^ hold1524/X (sky130_fd_sc_hd__dlygate4sd3_1)
                                                         net2394 (net)
                      1.545910    0.003237    8.662700 ^ fanout732/A (sky130_fd_sc_hd__clkbuf_2)
     1    0.014923    0.161297    0.691623    9.354323 ^ fanout732/X (sky130_fd_sc_hd__clkbuf_2)
                                                         net732 (net)
                      0.161308    0.001481    9.355803 ^ hold1525/A (sky130_fd_sc_hd__dlygate4sd3_1)
     3    0.032542    0.506657    1.409987   10.765790 ^ hold1525/X (sky130_fd_sc_hd__dlygate4sd3_1)
                                                         net2395 (net)
                      0.506657    0.001082   10.766872 ^ _1866_/A (sky130_fd_sc_hd__inv_2)
     1    0.003288    0.086580    0.154609   10.921481 v _1866_/Y (sky130_fd_sc_hd__inv_2)
                                                         _0687_ (net)
                      0.086580    0.000249   10.921730 v hold1526/A (sky130_fd_sc_hd__dlygate4sd3_1)
     1    0.002304    0.101757    1.122482   12.044211 v hold1526/X (sky130_fd_sc_hd__dlygate4sd3_1)
                                                         net2396 (net)
                      0.101757    0.000163   12.044374 v fanout512/A (sky130_fd_sc_hd__buf_2)
     9    0.072616    0.315478    0.474897   12.519272 v fanout512/X (sky130_fd_sc_hd__buf_2)
                                                         net512 (net)
                      0.315482    0.001864   12.521136 v fanout511/A (sky130_fd_sc_hd__clkbuf_4)
    13    0.086891    0.305585    0.564768   13.085904 v fanout511/X (sky130_fd_sc_hd__clkbuf_4)
                                                         net511 (net)
                      0.305644    0.003635   13.089540 v _2125_/B (sky130_fd_sc_hd__nor2_1)
     2    0.021398    0.661243    0.619571   13.709110 ^ _2125_/Y (sky130_fd_sc_hd__nor2_1)
                                                         _0935_ (net)
                      0.661250    0.003275   13.712385 ^ fanout356/A (sky130_fd_sc_hd__buf_2)
     9    0.214582    1.610498    1.502680   15.215065 ^ fanout356/X (sky130_fd_sc_hd__buf_2)
                                                         net356 (net)
                      1.610919    0.022077   15.237142 ^ fanout355/A (sky130_fd_sc_hd__dlymetal6s2s_1)
     4    0.030488    0.483270    0.858531   16.095673 ^ fanout355/X (sky130_fd_sc_hd__dlymetal6s2s_1)
                                                         net355 (net)
                      0.483270    0.001286   16.096958 ^ fanout354/A (sky130_fd_sc_hd__buf_2)
     6    0.042517    0.334752    0.558984   16.655943 ^ fanout354/X (sky130_fd_sc_hd__buf_2)
                                                         net354 (net)
                      0.334752    0.001155   16.657097 ^ _2633_/B (sky130_fd_sc_hd__nand2_1)
     1    0.005406    0.125416    0.229706   16.886803 v _2633_/Y (sky130_fd_sc_hd__nand2_1)
                                                         _1347_ (net)
                      0.125416    0.000428   16.887232 v hold1254/A (sky130_fd_sc_hd__dlygate4sd3_1)
     3    0.015441    0.217797    1.294115   18.181347 v hold1254/X (sky130_fd_sc_hd__dlygate4sd3_1)
                                                         net2124 (net)
                      0.217797    0.000544   18.181890 v _3022_/B1 (sky130_fd_sc_hd__a21oi_2)
     1    0.010517    0.254775    0.314836   18.496727 ^ _3022_/Y (sky130_fd_sc_hd__a21oi_2)
                                                         _1703_ (net)
                      0.254775    0.000762   18.497488 ^ hold1633/A (sky130_fd_sc_hd__dlygate4sd3_1)
     2    0.010290    0.193662    1.206484   19.703972 ^ hold1633/X (sky130_fd_sc_hd__dlygate4sd3_1)
                                                         net2503 (net)
                      0.193664    0.000981   19.704952 ^ fanout252/A (sky130_fd_sc_hd__clkbuf_2)
     1    0.006211    0.072530    0.246605   19.951557 ^ fanout252/X (sky130_fd_sc_hd__clkbuf_2)
                                                         net252 (net)
                      0.072531    0.000377   19.951935 ^ hold1634/A (sky130_fd_sc_hd__dlygate4sd3_1)
    11    0.095541    1.418729    2.017123   21.969057 ^ hold1634/X (sky130_fd_sc_hd__dlygate4sd3_1)
                                                         net2504 (net)
                      1.418729    0.003959   21.973017 ^ fanout248/A (sky130_fd_sc_hd__buf_2)
    13    0.085666    0.653833    1.038318   23.011333 ^ fanout248/X (sky130_fd_sc_hd__buf_2)
                                                         net248 (net)
                      0.654124    0.012905   23.024239 ^ _3023_/B (sky130_fd_sc_hd__nor2_1)
     1    0.005703    0.154757    0.279943   23.304182 v _3023_/Y (sky130_fd_sc_hd__nor2_1)
                                                         _1704_ (net)
                      0.154757    0.000435   23.304617 v fanout134/A (sky130_fd_sc_hd__clkbuf_2)
     7    0.117607    0.792810    0.770834   24.075451 v fanout134/X (sky130_fd_sc_hd__clkbuf_2)
                                                         net134 (net)
                      0.793450    0.018916   24.094368 v fanout132/A (sky130_fd_sc_hd__clkbuf_2)
     9    0.103264    0.700458    0.936872   25.031240 v fanout132/X (sky130_fd_sc_hd__clkbuf_2)
                                                         net132 (net)
                      0.701682    0.022245   25.053486 v fanout131/A (sky130_fd_sc_hd__clkbuf_2)
    13    0.102319    0.692923    0.915710   25.969196 v fanout131/X (sky130_fd_sc_hd__clkbuf_2)
                                                         net131 (net)
                      0.693033    0.008463   25.977657 v _3082_/A3 (sky130_fd_sc_hd__a31o_1)
     1    0.019959    0.201194    0.775769   26.753428 v _3082_/X (sky130_fd_sc_hd__a31o_1)
                                                         _0167_ (net)
                      0.201208    0.001849   26.755276 v hold4105/A (sky130_fd_sc_hd__dlygate4sd3_1)
     1    0.003446    0.112434    1.197607   27.952883 v hold4105/X (sky130_fd_sc_hd__dlygate4sd3_1)
                                                         net4975 (net)
                      0.112434    0.000233   27.953115 v hold1394/A (sky130_fd_sc_hd__dlygate4sd3_1)
     1    0.004186    0.121317    1.166914   29.120029 v hold1394/X (sky130_fd_sc_hd__dlygate4sd3_1)
                                                         net2264 (net)
                      0.121317    0.000268   29.120298 v hold4106/A (sky130_fd_sc_hd__dlygate4sd3_1)
     1    0.011542    0.191863    1.255774   30.376072 v hold4106/X (sky130_fd_sc_hd__dlygate4sd3_1)
                                                         net4976 (net)
                      0.191867    0.001080   30.377151 v _3843_/D (sky130_fd_sc_hd__dfrtp_1)
                                             30.377151   data arrival time

                                 25.000000   25.000000   clock clk_i (rise edge)
                                  0.000000   25.000000   clock source latency
     2    0.073068    0.525024    0.367756   25.367754 ^ clk_i (in)
                                                         clk_i (net)
                      0.525084    0.000000   25.367754 ^ clkbuf_0_clk_i/A (sky130_fd_sc_hd__clkbuf_16)
    17    0.337525    0.516213    0.737847   26.105602 ^ clkbuf_0_clk_i/X (sky130_fd_sc_hd__clkbuf_16)
                                                         clknet_0_clk_i (net)
                      0.517784    0.023691   26.129293 ^ clkbuf_3_7__f_clk_i/A (sky130_fd_sc_hd__clkbuf_16)
    21    0.150260    0.250999    0.554833   26.684126 ^ clkbuf_3_7__f_clk_i/X (sky130_fd_sc_hd__clkbuf_16)
                                                         clknet_3_7__leaf_clk_i (net)
                      0.251534    0.008328   26.692453 ^ clkbuf_leaf_37_clk_i/A (sky130_fd_sc_hd__clkbuf_8)
    15    0.052237    0.159648    0.381217   27.073669 ^ clkbuf_leaf_37_clk_i/X (sky130_fd_sc_hd__clkbuf_8)
                                                         clknet_leaf_37_clk_i (net)
                      0.159775    0.004075   27.077745 ^ _3843_/CLK (sky130_fd_sc_hd__dfrtp_1)
                                 -0.250000   26.827745   clock uncertainty
                                  0.000000   26.827745   clock reconvergence pessimism
                                 -0.303381   26.524366   library setup time
                                             26.524366   data required time
---------------------------------------------------------------------------------------------
                                             26.524366   data required time
                                            -30.377151   data arrival time
---------------------------------------------------------------------------------------------
                                             -3.852787   slack (VIOLATED)




===========================================================================
report_checks --slack_max -0.01
============================================================================
======================= max_ss_100C_1v60 Corner ===================================

Startpoint: _3781_ (rising edge-triggered flip-flop clocked by clk_i)
Endpoint: _3843_ (rising edge-triggered flip-flop clocked by clk_i)
Path Group: clk_i
Path Type: max

Fanout         Cap        Slew       Delay        Time   Description
---------------------------------------------------------------------------------------------
                                  0.000000    0.000000   clock clk_i (rise edge)
                                  0.000000    0.000000   clock source latency
     2    0.073068    0.525024    0.367755    0.367755 ^ clk_i (in)
                                                         clk_i (net)
                      0.525084    0.000000    0.367755 ^ clkbuf_0_clk_i/A (sky130_fd_sc_hd__clkbuf_16)
    17    0.337525    0.516213    0.737847    1.105603 ^ clkbuf_0_clk_i/X (sky130_fd_sc_hd__clkbuf_16)
                                                         clknet_0_clk_i (net)
                      0.522105    0.044475    1.150078 ^ clkbuf_3_1__f_clk_i/A (sky130_fd_sc_hd__clkbuf_16)
    23    0.196306    0.311910    0.607039    1.757117 ^ clkbuf_3_1__f_clk_i/X (sky130_fd_sc_hd__clkbuf_16)
                                                         clknet_3_1__leaf_clk_i (net)
                      0.312327    0.007385    1.764501 ^ clkbuf_leaf_71_clk_i/A (sky130_fd_sc_hd__clkbuf_8)
    10    0.044858    0.142606    0.393281    2.157783 ^ clkbuf_leaf_71_clk_i/X (sky130_fd_sc_hd__clkbuf_8)
                                                         clknet_leaf_71_clk_i (net)
                      0.142751    0.004051    2.161834 ^ _3781_/CLK (sky130_fd_sc_hd__dfrtp_1)
     1    0.003237    0.083635    0.674752    2.836587 ^ _3781_/Q (sky130_fd_sc_hd__dfrtp_1)
                                                         state_q[1] (net)
                      0.083635    0.000198    2.836784 ^ hold1565/A (sky130_fd_sc_hd__dlygate4sd3_1)
     1    0.002395    0.087111    1.040343    3.877127 ^ hold1565/X (sky130_fd_sc_hd__dlygate4sd3_1)
                                                         net2435 (net)
                      0.087111    0.000154    3.877281 ^ hold1523/A (sky130_fd_sc_hd__dlygate4sd3_1)
     1    0.002483    0.088070    1.043071    4.920352 ^ hold1523/X (sky130_fd_sc_hd__dlygate4sd3_1)
                                                         net2393 (net)
                      0.088070    0.000159    4.920510 ^ hold1566/A (sky130_fd_sc_hd__dlygate4sd3_1)
     2    0.016742    0.280775    1.214952    6.135462 ^ hold1566/X (sky130_fd_sc_hd__dlygate4sd3_1)
                                                         net2436 (net)
                      0.280775    0.000802    6.136264 ^ fanout733/A (sky130_fd_sc_hd__buf_2)
     2    0.021563    0.178716    0.369527    6.505791 ^ fanout733/X (sky130_fd_sc_hd__buf_2)
                                                         net733 (net)
                      0.178716    0.000805    6.506596 ^ hold1524/A (sky130_fd_sc_hd__dlygate4sd3_1)
    11    0.104358    1.545910    2.152868    8.659464 ^ hold1524/X (sky130_fd_sc_hd__dlygate4sd3_1)
                                                         net2394 (net)
                      1.545910    0.003237    8.662700 ^ fanout732/A (sky130_fd_sc_hd__clkbuf_2)
     1    0.014923    0.161297    0.691623    9.354323 ^ fanout732/X (sky130_fd_sc_hd__clkbuf_2)
                                                         net732 (net)
                      0.161308    0.001481    9.355803 ^ hold1525/A (sky130_fd_sc_hd__dlygate4sd3_1)
     3    0.032542    0.506657    1.409987   10.765790 ^ hold1525/X (sky130_fd_sc_hd__dlygate4sd3_1)
                                                         net2395 (net)
                      0.506657    0.001082   10.766872 ^ _1866_/A (sky130_fd_sc_hd__inv_2)
     1    0.003288    0.086580    0.154609   10.921481 v _1866_/Y (sky130_fd_sc_hd__inv_2)
                                                         _0687_ (net)
                      0.086580    0.000249   10.921730 v hold1526/A (sky130_fd_sc_hd__dlygate4sd3_1)
     1    0.002304    0.101757    1.122482   12.044211 v hold1526/X (sky130_fd_sc_hd__dlygate4sd3_1)
                                                         net2396 (net)
                      0.101757    0.000163   12.044374 v fanout512/A (sky130_fd_sc_hd__buf_2)
     9    0.072616    0.315478    0.474897   12.519272 v fanout512/X (sky130_fd_sc_hd__buf_2)
                                                         net512 (net)
                      0.315482    0.001864   12.521136 v fanout511/A (sky130_fd_sc_hd__clkbuf_4)
    13    0.086891    0.305585    0.564768   13.085904 v fanout511/X (sky130_fd_sc_hd__clkbuf_4)
                                                         net511 (net)
                      0.305644    0.003635   13.089540 v _2125_/B (sky130_fd_sc_hd__nor2_1)
     2    0.021398    0.661243    0.619571   13.709110 ^ _2125_/Y (sky130_fd_sc_hd__nor2_1)
                                                         _0935_ (net)
                      0.661250    0.003275   13.712385 ^ fanout356/A (sky130_fd_sc_hd__buf_2)
     9    0.214582    1.610498    1.502680   15.215065 ^ fanout356/X (sky130_fd_sc_hd__buf_2)
                                                         net356 (net)
                      1.610919    0.022077   15.237142 ^ fanout355/A (sky130_fd_sc_hd__dlymetal6s2s_1)
     4    0.030488    0.483270    0.858531   16.095673 ^ fanout355/X (sky130_fd_sc_hd__dlymetal6s2s_1)
                                                         net355 (net)
                      0.483270    0.001286   16.096958 ^ fanout354/A (sky130_fd_sc_hd__buf_2)
     6    0.042517    0.334752    0.558984   16.655943 ^ fanout354/X (sky130_fd_sc_hd__buf_2)
                                                         net354 (net)
                      0.334752    0.001155   16.657097 ^ _2633_/B (sky130_fd_sc_hd__nand2_1)
     1    0.005406    0.125416    0.229706   16.886803 v _2633_/Y (sky130_fd_sc_hd__nand2_1)
                                                         _1347_ (net)
                      0.125416    0.000428   16.887232 v hold1254/A (sky130_fd_sc_hd__dlygate4sd3_1)
     3    0.015441    0.217797    1.294115   18.181347 v hold1254/X (sky130_fd_sc_hd__dlygate4sd3_1)
                                                         net2124 (net)
                      0.217797    0.000544   18.181890 v _3022_/B1 (sky130_fd_sc_hd__a21oi_2)
     1    0.010517    0.254775    0.314836   18.496727 ^ _3022_/Y (sky130_fd_sc_hd__a21oi_2)
                                                         _1703_ (net)
                      0.254775    0.000762   18.497488 ^ hold1633/A (sky130_fd_sc_hd__dlygate4sd3_1)
     2    0.010290    0.193662    1.206484   19.703972 ^ hold1633/X (sky130_fd_sc_hd__dlygate4sd3_1)
                                                         net2503 (net)
                      0.193664    0.000981   19.704952 ^ fanout252/A (sky130_fd_sc_hd__clkbuf_2)
     1    0.006211    0.072530    0.246605   19.951557 ^ fanout252/X (sky130_fd_sc_hd__clkbuf_2)
                                                         net252 (net)
                      0.072531    0.000377   19.951935 ^ hold1634/A (sky130_fd_sc_hd__dlygate4sd3_1)
    11    0.095541    1.418729    2.017123   21.969057 ^ hold1634/X (sky130_fd_sc_hd__dlygate4sd3_1)
                                                         net2504 (net)
                      1.418729    0.003959   21.973017 ^ fanout248/A (sky130_fd_sc_hd__buf_2)
    13    0.085666    0.653833    1.038318   23.011333 ^ fanout248/X (sky130_fd_sc_hd__buf_2)
                                                         net248 (net)
                      0.654124    0.012905   23.024239 ^ _3023_/B (sky130_fd_sc_hd__nor2_1)
     1    0.005703    0.154757    0.279943   23.304182 v _3023_/Y (sky130_fd_sc_hd__nor2_1)
                                                         _1704_ (net)
                      0.154757    0.000435   23.304617 v fanout134/A (sky130_fd_sc_hd__clkbuf_2)
     7    0.117607    0.792810    0.770834   24.075451 v fanout134/X (sky130_fd_sc_hd__clkbuf_2)
                                                         net134 (net)
                      0.793450    0.018916   24.094368 v fanout132/A (sky130_fd_sc_hd__clkbuf_2)
     9    0.103264    0.700458    0.936872   25.031240 v fanout132/X (sky130_fd_sc_hd__clkbuf_2)
                                                         net132 (net)
                      0.701682    0.022245   25.053486 v fanout131/A (sky130_fd_sc_hd__clkbuf_2)
    13    0.102319    0.692923    0.915710   25.969196 v fanout131/X (sky130_fd_sc_hd__clkbuf_2)
                                                         net131 (net)
                      0.693033    0.008463   25.977657 v _3082_/A3 (sky130_fd_sc_hd__a31o_1)
     1    0.019959    0.201194    0.775769   26.753428 v _3082_/X (sky130_fd_sc_hd__a31o_1)
                                                         _0167_ (net)
                      0.201208    0.001849   26.755276 v hold4105/A (sky130_fd_sc_hd__dlygate4sd3_1)
     1    0.003446    0.112434    1.197607   27.952883 v hold4105/X (sky130_fd_sc_hd__dlygate4sd3_1)
                                                         net4975 (net)
                      0.112434    0.000233   27.953115 v hold1394/A (sky130_fd_sc_hd__dlygate4sd3_1)
     1    0.004186    0.121317    1.166914   29.120029 v hold1394/X (sky130_fd_sc_hd__dlygate4sd3_1)
                                                         net2264 (net)
                      0.121317    0.000268   29.120298 v hold4106/A (sky130_fd_sc_hd__dlygate4sd3_1)
     1    0.011542    0.191863    1.255774   30.376072 v hold4106/X (sky130_fd_sc_hd__dlygate4sd3_1)
                                                         net4976 (net)
                      0.191867    0.001080   30.377151 v _3843_/D (sky130_fd_sc_hd__dfrtp_1)
                                             30.377151   data arrival time

                                 25.000000   25.000000   clock clk_i (rise edge)
                                  0.000000   25.000000   clock source latency
     2    0.073068    0.525024    0.367756   25.367754 ^ clk_i (in)
                                                         clk_i (net)
                      0.525084    0.000000   25.367754 ^ clkbuf_0_clk_i/A (sky130_fd_sc_hd__clkbuf_16)
    17    0.337525    0.516213    0.737847   26.105602 ^ clkbuf_0_clk_i/X (sky130_fd_sc_hd__clkbuf_16)
                                                         clknet_0_clk_i (net)
                      0.517784    0.023691   26.129293 ^ clkbuf_3_7__f_clk_i/A (sky130_fd_sc_hd__clkbuf_16)
    21    0.150260    0.250999    0.554833   26.684126 ^ clkbuf_3_7__f_clk_i/X (sky130_fd_sc_hd__clkbuf_16)
                                                         clknet_3_7__leaf_clk_i (net)
                      0.251534    0.008328   26.692453 ^ clkbuf_leaf_37_clk_i/A (sky130_fd_sc_hd__clkbuf_8)
    15    0.052237    0.159648    0.381217   27.073669 ^ clkbuf_leaf_37_clk_i/X (sky130_fd_sc_hd__clkbuf_8)
                                                         clknet_leaf_37_clk_i (net)
                      0.159775    0.004075   27.077745 ^ _3843_/CLK (sky130_fd_sc_hd__dfrtp_1)
                                 -0.250000   26.827745   clock uncertainty
                                  0.000000   26.827745   clock reconvergence pessimism
                                 -0.303381   26.524366   library setup time
                                             26.524366   data required time
---------------------------------------------------------------------------------------------
                                             26.524366   data required time
                                            -30.377151   data arrival time
---------------------------------------------------------------------------------------------
                                             -3.852787   slack (VIOLATED)




===========================================================================
 report_check_types -max_slew -max_cap -max_fanout -violators
============================================================================
======================= max_ss_100C_1v60 Corner ===================================

max slew

Pin                                        Limit        Slew       Slack
------------------------------------------------------------------------
_2864_/B                                1.000000    4.092301   -3.092301 (VIOLATED)
_2862_/Y                                1.000000    4.092264   -3.092263 (VIOLATED)
_2862_/C1                               1.000000    3.804335   -2.804335 (VIOLATED)
_2843_/C1                               1.000000    3.804332   -2.804332 (VIOLATED)
ANTENNA__2843__C1/DIODE                 1.000000    3.804328   -2.804328 (VIOLATED)
ANTENNA__2862__C1/DIODE                 1.000000    3.804329   -2.804329 (VIOLATED)
ANTENNA__2648__Y/DIODE                  1.000000    3.804272   -2.804272 (VIOLATED)
ANTENNA__2745__C1/DIODE                 1.000000    3.804271   -2.804271 (VIOLATED)
ANTENNA_37/DIODE                        1.000000    3.804232   -2.804232 (VIOLATED)
_2745_/C1                               1.000000    3.804233   -2.804233 (VIOLATED)
_2648_/Y                                1.000000    3.804186   -2.804185 (VIOLATED)
ANTENNA__2186__Y/DIODE                  1.000000    3.689622   -2.689621 (VIOLATED)
ANTENNA_fanout469_A/DIODE               1.000000    3.689620   -2.689620 (VIOLATED)
ANTENNA_fanout472_A/DIODE               1.000000    3.689623   -2.689623 (VIOLATED)
fanout469/A                             1.000000    3.689619   -2.689618 (VIOLATED)
fanout472/A                             1.000000    3.689621   -2.689621 (VIOLATED)
_2186_/Y                                1.000000    3.689614   -2.689614 (VIOLATED)
_2845_/B                                1.000000    3.581429   -2.581429 (VIOLATED)
ANTENNA_6/DIODE                         1.000000    3.581425   -2.581425 (VIOLATED)
_2843_/Y                                1.000000    3.581398   -2.581398 (VIOLATED)
ANTENNA_fanout286_A/DIODE               1.000000    2.988711   -1.988711 (VIOLATED)
fanout286/A                             1.000000    2.988697   -1.988697 (VIOLATED)
ANTENNA__3486__Y/DIODE                  1.000000    2.988681   -1.988681 (VIOLATED)
ANTENNA_fanout289_A/DIODE               1.000000    2.988680   -1.988680 (VIOLATED)
fanout289/A                             1.000000    2.988674   -1.988675 (VIOLATED)
_3486_/Y                                1.000000    2.988662   -1.988662 (VIOLATED)
ANTENNA__3016__A3/DIODE                 1.000000    2.944135   -1.944136 (VIOLATED)
_3016_/A3                               1.000000    2.944127   -1.944127 (VIOLATED)
ANTENNA__2654__Y/DIODE                  1.000000    2.944088   -1.944088 (VIOLATED)
ANTENNA_fanout397_A/DIODE               1.000000    2.944089   -1.944089 (VIOLATED)
fanout397/A                             1.000000    2.944085   -1.944085 (VIOLATED)
_2654_/Y                                1.000000    2.944072   -1.944072 (VIOLATED)
ANTENNA_fanout188_A/DIODE               1.000000    2.775918   -1.775918 (VIOLATED)
fanout188/A                             1.000000    2.775903   -1.775903 (VIOLATED)
ANTENNA__3387__Y/DIODE                  1.000000    2.775885   -1.775885 (VIOLATED)
ANTENNA_fanout191_A/DIODE               1.000000    2.775885   -1.775885 (VIOLATED)
fanout191/A                             1.000000    2.775886   -1.775886 (VIOLATED)
_3387_/Y                                1.000000    2.775876   -1.775876 (VIOLATED)
ANTENNA_hold2992_X/DIODE                1.000000    2.653911   -1.653911 (VIOLATED)
_2862_/B2                               1.000000    2.653907   -1.653906 (VIOLATED)
ANTENNA__2862__B2/DIODE                 1.000000    2.653903   -1.653903 (VIOLATED)
ANTENNA__3506__A0/DIODE                 1.000000    2.653867   -1.653867 (VIOLATED)
_3506_/A0                               1.000000    2.653818   -1.653818 (VIOLATED)
hold2992/X                              1.000000    2.653818   -1.653818 (VIOLATED)
ANTENNA__3640__A1/DIODE                 1.000000    2.331545   -1.331545 (VIOLATED)
_2861_/B2                               1.000000    2.331411   -1.331411 (VIOLATED)
ANTENNA_hold3228_X/DIODE                1.000000    2.330660   -1.330660 (VIOLATED)
ANTENNA__2861__B2/DIODE                 1.000000    2.330653   -1.330653 (VIOLATED)
_3640_/A1                               1.000000    2.330606   -1.330606 (VIOLATED)
hold3228/X                              1.000000    2.330605   -1.330605 (VIOLATED)
ANTENNA__3638__A1/DIODE                 1.000000    2.284961   -1.284961 (VIOLATED)
ANTENNA_hold3192_X/DIODE                1.000000    2.284733   -1.284733 (VIOLATED)
_2842_/B2                               1.000000    2.284214   -1.284214 (VIOLATED)
ANTENNA__2842__B2/DIODE                 1.000000    2.284151   -1.284151 (VIOLATED)
_3638_/A1                               1.000000    2.284123   -1.284123 (VIOLATED)
hold3192/X                              1.000000    2.284088   -1.284088 (VIOLATED)
_2874_/C1                               1.000000    2.265589   -1.265588 (VIOLATED)
_2873_/Y                                1.000000    2.265579   -1.265579 (VIOLATED)
ANTENNA_fanout588_A/DIODE               1.000000    2.235488   -1.235488 (VIOLATED)
ANTENNA_fanout589_X/DIODE               1.000000    2.234629   -1.234629 (VIOLATED)
ANTENNA__2948__A_N/DIODE                1.000000    2.234009   -1.234009 (VIOLATED)
ANTENNA__2665__C/DIODE                  1.000000    2.233892   -1.233892 (VIOLATED)
ANTENNA__2801__B/DIODE                  1.000000    2.233869   -1.233869 (VIOLATED)
ANTENNA__2776__B/DIODE                  1.000000    2.233862   -1.233862 (VIOLATED)
_2776_/B                                1.000000    2.233657   -1.233657 (VIOLATED)
_2801_/B                                1.000000    2.233336   -1.233336 (VIOLATED)
_2665_/C                                1.000000    2.233287   -1.233287 (VIOLATED)
_2946_/C                                1.000000    2.232546   -1.232546 (VIOLATED)
ANTENNA__2946__C/DIODE                  1.000000    2.232243   -1.232243 (VIOLATED)
_2948_/A_N                              1.000000    2.232231   -1.232231 (VIOLATED)
ANTENNA_27/DIODE                        1.000000    2.232229   -1.232229 (VIOLATED)
fanout588/A                             1.000000    2.232207   -1.232206 (VIOLATED)
fanout589/X                             1.000000    2.231954   -1.231954 (VIOLATED)
ANTENNA_hold3188_X/DIODE                1.000000    2.164572   -1.164572 (VIOLATED)
ANTENNA__3472__A1/DIODE                 1.000000    2.164505   -1.164505 (VIOLATED)
_2861_/A1                               1.000000    2.164218   -1.164218 (VIOLATED)
ANTENNA__2861__A1/DIODE                 1.000000    2.164120   -1.164120 (VIOLATED)
_3472_/A1                               1.000000    2.164022   -1.164022 (VIOLATED)
hold3188/X                              1.000000    2.163300   -1.163300 (VIOLATED)
fanout279/A                             1.000000    1.980226   -0.980226 (VIOLATED)
ANTENNA_fanout279_A/DIODE               1.000000    1.980225   -0.980225 (VIOLATED)
ANTENNA__3653__Y/DIODE                  1.000000    1.980214   -0.980214 (VIOLATED)
ANTENNA_fanout282_A/DIODE               1.000000    1.980213   -0.980213 (VIOLATED)
fanout282/A                             1.000000    1.980211   -0.980211 (VIOLATED)
_3653_/Y                                1.000000    1.980206   -0.980206 (VIOLATED)
_2873_/D                                1.000000    1.918949   -0.918949 (VIOLATED)
_2869_/Y                                1.000000    1.918909   -0.918909 (VIOLATED)
ANTENNA_input25_X/DIODE                 1.000000    1.910785   -0.910785 (VIOLATED)
ANTENNA_fanout783_A/DIODE               1.000000    1.910779   -0.910779 (VIOLATED)
ANTENNA__3670__A1/DIODE                 1.000000    1.910592   -0.910592 (VIOLATED)
ANTENNA__3604__B1/DIODE                 1.000000    1.910562   -0.910562 (VIOLATED)
_3604_/B1                               1.000000    1.910490   -0.910490 (VIOLATED)
ANTENNA_11/DIODE                        1.000000    1.910406   -0.910406 (VIOLATED)
_3670_/A1                               1.000000    1.910402   -0.910402 (VIOLATED)
fanout783/A                             1.000000    1.910350   -0.910350 (VIOLATED)
input25/X                               1.000000    1.910329   -0.910329 (VIOLATED)
ANTENNA__2780__A1/DIODE                 1.000000    1.897539   -0.897539 (VIOLATED)
_2780_/A1                               1.000000    1.897518   -0.897518 (VIOLATED)
ANTENNA__2810__A1/DIODE                 1.000000    1.897495   -0.897495 (VIOLATED)
ANTENNA__2748__C1/DIODE                 1.000000    1.897492   -0.897492 (VIOLATED)
ANTENNA__2673__Y/DIODE                  1.000000    1.897474   -0.897474 (VIOLATED)
_2810_/A1                               1.000000    1.897467   -0.897467 (VIOLATED)
ANTENNA__2818__C1/DIODE                 1.000000    1.897465   -0.897465 (VIOLATED)
_2748_/C1                               1.000000    1.897461   -0.897461 (VIOLATED)
_2818_/C1                               1.000000    1.897439   -0.897439 (VIOLATED)
_2673_/Y                                1.000000    1.897415   -0.897415 (VIOLATED)
_2862_/A1                               1.000000    1.894029   -0.894029 (VIOLATED)
ANTENNA__3607__A1/DIODE                 1.000000    1.894025   -0.894025 (VIOLATED)
ANTENNA__2862__A1/DIODE                 1.000000    1.894024   -0.894024 (VIOLATED)
_3607_/A1                               1.000000    1.893862   -0.893862 (VIOLATED)
ANTENNA_hold3316_X/DIODE                1.000000    1.893835   -0.893835 (VIOLATED)
hold3316/X                              1.000000    1.893818   -0.893818 (VIOLATED)
ANTENNA_fanout589_A/DIODE               1.000000    1.888678   -0.888678 (VIOLATED)
ANTENNA_fanout596_A/DIODE               1.000000    1.888642   -0.888642 (VIOLATED)
fanout596/A                             1.000000    1.888597   -0.888597 (VIOLATED)
fanout589/A                             1.000000    1.888585   -0.888585 (VIOLATED)
ANTENNA_54/DIODE                        1.000000    1.888584   -0.888584 (VIOLATED)
ANTENNA_hold1716_X/DIODE                1.000000    1.888584   -0.888584 (VIOLATED)
ANTENNA__2782__C/DIODE                  1.000000    1.888580   -0.888580 (VIOLATED)
_2782_/C                                1.000000    1.888578   -0.888578 (VIOLATED)
hold1716/X                              1.000000    1.888568   -0.888568 (VIOLATED)
fanout574/A                             1.000000    1.858542   -0.858542 (VIOLATED)
ANTENNA_51/DIODE                        1.000000    1.858541   -0.858541 (VIOLATED)
ANTENNA_fanout576_A/DIODE               1.000000    1.858498   -0.858498 (VIOLATED)
ANTENNA_fanout574_A/DIODE               1.000000    1.858496   -0.858496 (VIOLATED)
fanout576/A                             1.000000    1.858485   -0.858485 (VIOLATED)
fanout581/A                             1.000000    1.858472   -0.858472 (VIOLATED)
ANTENNA_fanout581_A/DIODE               1.000000    1.858471   -0.858471 (VIOLATED)
ANTENNA_fanout584_A/DIODE               1.000000    1.858460   -0.858460 (VIOLATED)
ANTENNA_hold1579_X/DIODE                1.000000    1.858460   -0.858460 (VIOLATED)
fanout584/A                             1.000000    1.858460   -0.858460 (VIOLATED)
hold1579/X                              1.000000    1.858460   -0.858460 (VIOLATED)
_2873_/C                                1.000000    1.857324   -0.857324 (VIOLATED)
ANTENNA_39/DIODE                        1.000000    1.857323   -0.857323 (VIOLATED)
_2872_/Y                                1.000000    1.857266   -0.857266 (VIOLATED)
ANTENNA__2691__B1/DIODE                 1.000000    1.840285   -0.840285 (VIOLATED)
_3003_/A3                               1.000000    1.840275   -0.840275 (VIOLATED)
_2871_/A3                               1.000000    1.840228   -0.840228 (VIOLATED)
_2862_/A2                               1.000000    1.840196   -0.840196 (VIOLATED)
_2843_/A2                               1.000000    1.840151   -0.840151 (VIOLATED)
ANTENNA__2871__A3/DIODE                 1.000000    1.840063   -0.840063 (VIOLATED)
ANTENNA__3003__A3/DIODE                 1.000000    1.840048   -0.840048 (VIOLATED)
ANTENNA__2862__A2/DIODE                 1.000000    1.839992   -0.839992 (VIOLATED)
ANTENNA__2843__A2/DIODE                 1.000000    1.839980   -0.839980 (VIOLATED)
ANTENNA_fanout411_X/DIODE               1.000000    1.838936   -0.838936 (VIOLATED)
ANTENNA__2745__A2/DIODE                 1.000000    1.838928   -0.838929 (VIOLATED)
_2745_/A2                               1.000000    1.838186   -0.838186 (VIOLATED)
_2691_/B1                               1.000000    1.838134   -0.838134 (VIOLATED)
fanout411/X                             1.000000    1.837363   -0.837363 (VIOLATED)
ANTENNA_fanout327_A/DIODE               1.000000    1.734721   -0.734721 (VIOLATED)
fanout327/A                             1.000000    1.734688   -0.734688 (VIOLATED)
_2815_/A2                               1.000000    1.734665   -0.734665 (VIOLATED)
ANTENNA__2815__A2/DIODE                 1.000000    1.734643   -0.734643 (VIOLATED)
ANTENNA_fanout326_A/DIODE               1.000000    1.734640   -0.734640 (VIOLATED)
ANTENNA__2658__Y/DIODE                  1.000000    1.734638   -0.734638 (VIOLATED)
fanout326/A                             1.000000    1.734637   -0.734637 (VIOLATED)
_2658_/Y                                1.000000    1.734618   -0.734618 (VIOLATED)
ANTENNA_fanout411_A/DIODE               1.000000    1.710784   -0.710784 (VIOLATED)
ANTENNA_fanout412_X/DIODE               1.000000    1.710784   -0.710784 (VIOLATED)
ANTENNA__3454__A0/DIODE                 1.000000    1.710652   -0.710652 (VIOLATED)
ANTENNA__3655__A1/DIODE                 1.000000    1.710570   -0.710570 (VIOLATED)
ANTENNA__3589__B1/DIODE                 1.000000    1.710529   -0.710529 (VIOLATED)
ANTENNA__3488__A1/DIODE                 1.000000    1.710482   -0.710481 (VIOLATED)
ANTENNA__3391__B1/DIODE                 1.000000    1.710176   -0.710176 (VIOLATED)
ANTENNA__2663__B1/DIODE                 1.000000    1.710174   -0.710175 (VIOLATED)
ANTENNA__2920__A1/DIODE                 1.000000    1.710038   -0.710038 (VIOLATED)
ANTENNA__3015__B1/DIODE                 1.000000    1.710001   -0.710001 (VIOLATED)
_3589_/B1                               1.000000    1.709981   -0.709981 (VIOLATED)
ANTENNA__2814__A2/DIODE                 1.000000    1.709964   -0.709964 (VIOLATED)
ANTENNA__2904__A3/DIODE                 1.000000    1.709937   -0.709937 (VIOLATED)
ANTENNA_fanout812_X/DIODE               1.000000    1.709893   -0.709893 (VIOLATED)
_3488_/A1                               1.000000    1.709754   -0.709754 (VIOLATED)
ANTENNA__3522__A/DIODE                  1.000000    1.709716   -0.709716 (VIOLATED)
_2663_/B1                               1.000000    1.709669   -0.709669 (VIOLATED)
_2904_/A3                               1.000000    1.709526   -0.709526 (VIOLATED)
_3391_/B1                               1.000000    1.709133   -0.709133 (VIOLATED)
_2814_/A2                               1.000000    1.709109   -0.709109 (VIOLATED)
ANTENNA_21/DIODE                        1.000000    1.709106   -0.709106 (VIOLATED)
ANTENNA_22/DIODE                        1.000000    1.708576   -0.708576 (VIOLATED)
_3015_/B1                               1.000000    1.708577   -0.708577 (VIOLATED)
_3655_/A1                               1.000000    1.708569   -0.708569 (VIOLATED)
_2920_/A1                               1.000000    1.708431   -0.708431 (VIOLATED)
_3522_/A                                1.000000    1.708367   -0.708367 (VIOLATED)
_3454_/A0                               1.000000    1.708348   -0.708347 (VIOLATED)
fanout411/A                             1.000000    1.708323   -0.708323 (VIOLATED)
fanout412/X                             1.000000    1.708255   -0.708255 (VIOLATED)
fanout812/X                             1.000000    1.707829   -0.707828 (VIOLATED)
ANTENNA_fanout236_A/DIODE               1.000000    1.703940   -0.703940 (VIOLATED)
fanout236/A                             1.000000    1.703940   -0.703940 (VIOLATED)
ANTENNA_fanout239_A/DIODE               1.000000    1.703938   -0.703938 (VIOLATED)
ANTENNA__3180__Y/DIODE                  1.000000    1.703937   -0.703937 (VIOLATED)
fanout239/A                             1.000000    1.703937   -0.703937 (VIOLATED)
_3180_/Y                                1.000000    1.703933   -0.703933 (VIOLATED)
ANTENNA_fanout384_X/DIODE               1.000000    1.678093   -0.678093 (VIOLATED)
ANTENNA__2690__B/DIODE                  1.000000    1.677388   -0.677388 (VIOLATED)
ANTENNA__2844__B1/DIODE                 1.000000    1.676762   -0.676762 (VIOLATED)
ANTENNA__2862__B1/DIODE                 1.000000    1.676759   -0.676759 (VIOLATED)
_2862_/B1                               1.000000    1.676702   -0.676702 (VIOLATED)
ANTENNA__2676__B/DIODE                  1.000000    1.676581   -0.676581 (VIOLATED)
ANTENNA__2812__B/DIODE                  1.000000    1.676543   -0.676543 (VIOLATED)
ANTENNA__2668__B/DIODE                  1.000000    1.676537   -0.676537 (VIOLATED)
_2676_/B                                1.000000    1.676484   -0.676484 (VIOLATED)
_2668_/B                                1.000000    1.676367   -0.676367 (VIOLATED)
_2812_/B                                1.000000    1.676343   -0.676343 (VIOLATED)
_2690_/B                                1.000000    1.675201   -0.675201 (VIOLATED)
_2844_/B1                               1.000000    1.674002   -0.674002 (VIOLATED)
fanout384/X                             1.000000    1.673862   -0.673862 (VIOLATED)
ANTENNA_hold2832_X/DIODE                1.000000    1.657409   -0.657409 (VIOLATED)
ANTENNA__3604__A1/DIODE                 1.000000    1.657390   -0.657390 (VIOLATED)
ANTENNA__2831__A2/DIODE                 1.000000    1.657381   -0.657381 (VIOLATED)
_3604_/A1                               1.000000    1.657381   -0.657381 (VIOLATED)
ANTENNA_34/DIODE                        1.000000    1.657376   -0.657376 (VIOLATED)
_2831_/A2                               1.000000    1.657369   -0.657369 (VIOLATED)
hold2832/X                              1.000000    1.657361   -0.657361 (VIOLATED)
ANTENNA_hold1244_X/DIODE                1.000000    1.635253   -0.635253 (VIOLATED)
ANTENNA_49/DIODE                        1.000000    1.635250   -0.635250 (VIOLATED)
ANTENNA_fanout645_A/DIODE               1.000000    1.635251   -0.635251 (VIOLATED)
ANTENNA_fanout647_A/DIODE               1.000000    1.635250   -0.635250 (VIOLATED)
fanout647/A                             1.000000    1.635250   -0.635250 (VIOLATED)
ANTENNA_fanout646_A/DIODE               1.000000    1.635249   -0.635249 (VIOLATED)
fanout645/A                             1.000000    1.635249   -0.635249 (VIOLATED)
ANTENNA_fanout648_A/DIODE               1.000000    1.635245   -0.635245 (VIOLATED)
fanout646/A                             1.000000    1.635246   -0.635246 (VIOLATED)
fanout648/A                             1.000000    1.635244   -0.635244 (VIOLATED)
hold1244/X                              1.000000    1.635240   -0.635240 (VIOLATED)
ANTENNA__2845__A/DIODE                  1.000000    1.627134   -0.627134 (VIOLATED)
_2845_/A                                1.000000    1.627130   -0.627130 (VIOLATED)
ANTENNA__2842__Y/DIODE                  1.000000    1.627113   -0.627113 (VIOLATED)
_2842_/Y                                1.000000    1.626602   -0.626602 (VIOLATED)
ANTENNA__3522__C/DIODE                  1.000000    1.624141   -0.624141 (VIOLATED)
ANTENNA__3538__C/DIODE                  1.000000    1.623576   -0.623576 (VIOLATED)
ANTENNA_fanout315_A/DIODE               1.000000    1.623567   -0.623567 (VIOLATED)
ANTENNA_fanout316_X/DIODE               1.000000    1.623522   -0.623522 (VIOLATED)
fanout315/A                             1.000000    1.623502   -0.623502 (VIOLATED)
_3522_/C                                1.000000    1.623495   -0.623496 (VIOLATED)
ANTENNA__3530__C/DIODE                  1.000000    1.623494   -0.623494 (VIOLATED)
_3530_/C                                1.000000    1.623470   -0.623470 (VIOLATED)
ANTENNA__3546__C/DIODE                  1.000000    1.623455   -0.623455 (VIOLATED)
ANTENNA__3540__C/DIODE                  1.000000    1.623453   -0.623453 (VIOLATED)
ANTENNA_14/DIODE                        1.000000    1.623444   -0.623444 (VIOLATED)
_3546_/C                                1.000000    1.623442   -0.623442 (VIOLATED)
_3540_/C                                1.000000    1.623441   -0.623441 (VIOLATED)
_3538_/C                                1.000000    1.623401   -0.623401 (VIOLATED)
fanout316/X                             1.000000    1.623316   -0.623316 (VIOLATED)
_2923_/A3                               1.000000    1.618559   -0.618559 (VIOLATED)
_3006_/A3                               1.000000    1.618558   -0.618558 (VIOLATED)
ANTENNA_hold3882_A/DIODE                1.000000    1.618554   -0.618554 (VIOLATED)
ANTENNA__2923__A3/DIODE                 1.000000    1.618536   -0.618536 (VIOLATED)
ANTENNA__3006__A3/DIODE                 1.000000    1.618537   -0.618537 (VIOLATED)
ANTENNA__2646__X/DIODE                  1.000000    1.618343   -0.618343 (VIOLATED)
ANTENNA__2835__A3/DIODE                 1.000000    1.618341   -0.618341 (VIOLATED)
ANTENNA__2940__A3/DIODE                 1.000000    1.618230   -0.618230 (VIOLATED)
ANTENNA__2953__A3/DIODE                 1.000000    1.618221   -0.618221 (VIOLATED)
_2940_/A3                               1.000000    1.618209   -0.618209 (VIOLATED)
_2835_/A3                               1.000000    1.618173   -0.618173 (VIOLATED)
_2953_/A3                               1.000000    1.618170   -0.618170 (VIOLATED)
hold3882/A                              1.000000    1.618062   -0.618062 (VIOLATED)
_2646_/X                                1.000000    1.618038   -0.618038 (VIOLATED)
ANTENNA__2847__B1/DIODE                 1.000000    1.614354   -0.614354 (VIOLATED)
_2924_/B1                               1.000000    1.611645   -0.611645 (VIOLATED)
_2847_/B1                               1.000000    1.611628   -0.611628 (VIOLATED)
fanout355/A                             1.000000    1.610919   -0.610919 (VIOLATED)
_3007_/B1                               1.000000    1.610709   -0.610709 (VIOLATED)
ANTENNA__2924__B1/DIODE                 1.000000    1.610699   -0.610699 (VIOLATED)
ANTENNA__3007__B1/DIODE                 1.000000    1.610695   -0.610695 (VIOLATED)
ANTENNA_fanout356_X/DIODE               1.000000    1.610596   -0.610596 (VIOLATED)
ANTENNA_fanout355_A/DIODE               1.000000    1.610584   -0.610583 (VIOLATED)
fanout356/X                             1.000000    1.610498   -0.610498 (VIOLATED)
ANTENNA_hold1820_X/DIODE                1.000000    1.599482   -0.599482 (VIOLATED)
ANTENNA__3555__B2/DIODE                 1.000000    1.599435   -0.599435 (VIOLATED)
_2842_/A1                               1.000000    1.599395   -0.599395 (VIOLATED)
_3555_/B2                               1.000000    1.599393   -0.599393 (VIOLATED)
ANTENNA__2842__A1/DIODE                 1.000000    1.599362   -0.599362 (VIOLATED)
hold1820/X                              1.000000    1.599359   -0.599359 (VIOLATED)
ANTENNA__3454__S/DIODE                  1.000000    1.599186   -0.599186 (VIOLATED)
ANTENNA__3473__S/DIODE                  1.000000    1.599185   -0.599185 (VIOLATED)
ANTENNA__3470__S/DIODE                  1.000000    1.599133   -0.599133 (VIOLATED)
ANTENNA_fanout174_X/DIODE               1.000000    1.599042   -0.599042 (VIOLATED)
ANTENNA__3484__S/DIODE                  1.000000    1.599028   -0.599028 (VIOLATED)
ANTENNA__3460__S/DIODE                  1.000000    1.597837   -0.597837 (VIOLATED)
ANTENNA__3472__S/DIODE                  1.000000    1.596833   -0.596833 (VIOLATED)
_3454_/S                                1.000000    1.596155   -0.596155 (VIOLATED)
_3460_/S                                1.000000    1.595994   -0.595994 (VIOLATED)
_3470_/S                                1.000000    1.595857   -0.595857 (VIOLATED)
_3472_/S                                1.000000    1.595855   -0.595855 (VIOLATED)
_3473_/S                                1.000000    1.595837   -0.595837 (VIOLATED)
_3484_/S                                1.000000    1.595789   -0.595789 (VIOLATED)
fanout174/X                             1.000000    1.595728   -0.595728 (VIOLATED)
ANTENNA_fanout441_A/DIODE               1.000000    1.588272   -0.588272 (VIOLATED)
fanout441/A                             1.000000    1.588262   -0.588262 (VIOLATED)
ANTENNA_fanout442_A/DIODE               1.000000    1.588225   -0.588225 (VIOLATED)
fanout442/A                             1.000000    1.588224   -0.588224 (VIOLATED)
ANTENNA_fanout439_A/DIODE               1.000000    1.588223   -0.588223 (VIOLATED)
ANTENNA_fanout443_X/DIODE               1.000000    1.588221   -0.588221 (VIOLATED)
fanout439/A                             1.000000    1.588202   -0.588202 (VIOLATED)
fanout443/X                             1.000000    1.588190   -0.588190 (VIOLATED)
ANTENNA__3559__B1/DIODE                 1.000000    1.575440   -0.575440 (VIOLATED)
ANTENNA__3553__B1/DIODE                 1.000000    1.575342   -0.575342 (VIOLATED)
ANTENNA_fanout121_X/DIODE               1.000000    1.575324   -0.575324 (VIOLATED)
ANTENNA__3537__B1/DIODE                 1.000000    1.575279   -0.575279 (VIOLATED)
ANTENNA_fanout120_A/DIODE               1.000000    1.575271   -0.575271 (VIOLATED)
ANTENNA__3527__B1/DIODE                 1.000000    1.575227   -0.575228 (VIOLATED)
_3537_/B1                               1.000000    1.575065   -0.575065 (VIOLATED)
ANTENNA__3529__B1/DIODE                 1.000000    1.575049   -0.575049 (VIOLATED)
_3559_/B1                               1.000000    1.575012   -0.575012 (VIOLATED)
_3553_/B1                               1.000000    1.574977   -0.574977 (VIOLATED)
fanout120/A                             1.000000    1.574911   -0.574911 (VIOLATED)
_3527_/B1                               1.000000    1.574865   -0.574865 (VIOLATED)
_3529_/B1                               1.000000    1.574865   -0.574865 (VIOLATED)
fanout121/X                             1.000000    1.574792   -0.574792 (VIOLATED)
ANTENNA_fanout285_X/DIODE               1.000000    1.574706   -0.574706 (VIOLATED)
ANTENNA_fanout284_A/DIODE               1.000000    1.574099   -0.574099 (VIOLATED)
fanout284/A                             1.000000    1.573826   -0.573826 (VIOLATED)
_3499_/S                                1.000000    1.573682   -0.573682 (VIOLATED)
ANTENNA__3499__S/DIODE                  1.000000    1.573667   -0.573667 (VIOLATED)
ANTENNA__3492__S/DIODE                  1.000000    1.573665   -0.573665 (VIOLATED)
_3492_/S                                1.000000    1.573624   -0.573624 (VIOLATED)
_3491_/S                                1.000000    1.573511   -0.573511 (VIOLATED)
ANTENNA__3491__S/DIODE                  1.000000    1.573327   -0.573327 (VIOLATED)
fanout285/X                             1.000000    1.573287   -0.573287 (VIOLATED)
ANTENNA__2419__A/DIODE                  1.000000    1.561773   -0.561773 (VIOLATED)
ANTENNA__2409__A/DIODE                  1.000000    1.561768   -0.561768 (VIOLATED)
ANTENNA__2264__A_N/DIODE                1.000000    1.561748   -0.561748 (VIOLATED)
ANTENNA__2424__D/DIODE                  1.000000    1.561734   -0.561734 (VIOLATED)
ANTENNA__2267__A1/DIODE                 1.000000    1.561733   -0.561733 (VIOLATED)
_2419_/A                                1.000000    1.561675   -0.561675 (VIOLATED)
_2424_/D                                1.000000    1.561669   -0.561669 (VIOLATED)
_2267_/A1                               1.000000    1.561641   -0.561641 (VIOLATED)
_2409_/A                                1.000000    1.561639   -0.561639 (VIOLATED)
ANTENNA__2430__A/DIODE                  1.000000    1.561632   -0.561632 (VIOLATED)
ANTENNA_hold1245_X/DIODE                1.000000    1.561632   -0.561632 (VIOLATED)
_2264_/A_N                              1.000000    1.561632   -0.561632 (VIOLATED)
_2430_/A                                1.000000    1.561632   -0.561632 (VIOLATED)
hold1245/X                              1.000000    1.561632   -0.561632 (VIOLATED)
_2561_/C                                1.000000    1.545973   -0.545973 (VIOLATED)
ANTENNA__2561__C/DIODE                  1.000000    1.545968   -0.545968 (VIOLATED)
ANTENNA__2888__A2/DIODE                 1.000000    1.545967   -0.545967 (VIOLATED)
ANTENNA__1927__B/DIODE                  1.000000    1.545964   -0.545964 (VIOLATED)
_1927_/B                                1.000000    1.545950   -0.545950 (VIOLATED)
_3117_/A2                               1.000000    1.545943   -0.545943 (VIOLATED)
ANTENNA__3117__A2/DIODE                 1.000000    1.545939   -0.545939 (VIOLATED)
_2888_/A2                               1.000000    1.545934   -0.545934 (VIOLATED)
ANTENNA_hold1524_X/DIODE                1.000000    1.545930   -0.545930 (VIOLATED)
ANTENNA_fanout732_A/DIODE               1.000000    1.545910   -0.545910 (VIOLATED)
fanout732/A                             1.000000    1.545910   -0.545910 (VIOLATED)
hold1524/X                              1.000000    1.545910   -0.545910 (VIOLATED)
ANTENNA__3688__A0/DIODE                 1.000000    1.524394   -0.524394 (VIOLATED)
ANTENNA__3622__A0/DIODE                 1.000000    1.524386   -0.524386 (VIOLATED)
_3688_/A0                               1.000000    1.524375   -0.524375 (VIOLATED)
_3622_/A0                               1.000000    1.524369   -0.524369 (VIOLATED)
ANTENNA__3721__A0/DIODE                 1.000000    1.524311   -0.524311 (VIOLATED)
ANTENNA__2453__A1/DIODE                 1.000000    1.524281   -0.524281 (VIOLATED)
ANTENNA__2597__A1/DIODE                 1.000000    1.524282   -0.524282 (VIOLATED)
_2453_/A1                               1.000000    1.524264   -0.524264 (VIOLATED)
_2597_/A1                               1.000000    1.524263   -0.524263 (VIOLATED)
_3721_/A0                               1.000000    1.524138   -0.524138 (VIOLATED)
ANTENNA_fanout812_A/DIODE               1.000000    1.524095   -0.524095 (VIOLATED)
ANTENNA_fanout813_X/DIODE               1.000000    1.523969   -0.523969 (VIOLATED)
fanout812/A                             1.000000    1.523713   -0.523713 (VIOLATED)
fanout813/X                             1.000000    1.523611   -0.523611 (VIOLATED)
ANTENNA_fanout626_A/DIODE               1.000000    1.499066   -0.499066 (VIOLATED)
ANTENNA_fanout621_A/DIODE               1.000000    1.499047   -0.499047 (VIOLATED)
fanout626/A                             1.000000    1.499038   -0.499038 (VIOLATED)
ANTENNA_hold1444_X/DIODE                1.000000    1.499034   -0.499034 (VIOLATED)
fanout621/A                             1.000000    1.499001   -0.499001 (VIOLATED)
ANTENNA_fanout622_A/DIODE               1.000000    1.498993   -0.498993 (VIOLATED)
fanout622/A                             1.000000    1.498993   -0.498993 (VIOLATED)
hold1444/X                              1.000000    1.498993   -0.498993 (VIOLATED)
ANTENNA__2677__B1/DIODE                 1.000000    1.482406   -0.482406 (VIOLATED)
ANTENNA__2736__B1/DIODE                 1.000000    1.482390   -0.482390 (VIOLATED)
ANTENNA_fanout412_A/DIODE               1.000000    1.482338   -0.482338 (VIOLATED)
_2736_/B1                               1.000000    1.482245   -0.482245 (VIOLATED)
ANTENNA_fanout384_A/DIODE               1.000000    1.482074   -0.482074 (VIOLATED)
_2677_/B1                               1.000000    1.482032   -0.482032 (VIOLATED)
ANTENNA__2734__B/DIODE                  1.000000    1.481525   -0.481525 (VIOLATED)
_2734_/B                                1.000000    1.481500   -0.481500 (VIOLATED)
ANTENNA_19/DIODE                        1.000000    1.481123   -0.481123 (VIOLATED)
ANTENNA_23/DIODE                        1.000000    1.481019   -0.481019 (VIOLATED)
fanout412/A                             1.000000    1.481019   -0.481019 (VIOLATED)
fanout410/A                             1.000000    1.480908   -0.480908 (VIOLATED)
ANTENNA_fanout413_X/DIODE               1.000000    1.480808   -0.480808 (VIOLATED)
ANTENNA_fanout410_A/DIODE               1.000000    1.480807   -0.480807 (VIOLATED)
fanout413/X                             1.000000    1.480753   -0.480753 (VIOLATED)
fanout384/A                             1.000000    1.480551   -0.480551 (VIOLATED)
fanout383/A                             1.000000    1.479144   -0.479144 (VIOLATED)
ANTENNA_fanout383_A/DIODE               1.000000    1.479110   -0.479110 (VIOLATED)
ANTENNA_fanout385_X/DIODE               1.000000    1.479109   -0.479109 (VIOLATED)
fanout385/X                             1.000000    1.479026   -0.479026 (VIOLATED)
ANTENNA_fanout285_A/DIODE               1.000000    1.468995   -0.468995 (VIOLATED)
ANTENNA__3513__S/DIODE                  1.000000    1.468978   -0.468978 (VIOLATED)
ANTENNA_fanout283_A/DIODE               1.000000    1.468971   -0.468972 (VIOLATED)
ANTENNA__3490__S/DIODE                  1.000000    1.468970   -0.468970 (VIOLATED)
_3513_/S                                1.000000    1.468968   -0.468968 (VIOLATED)
fanout283/A                             1.000000    1.468962   -0.468962 (VIOLATED)
ANTENNA_fanout286_X/DIODE               1.000000    1.468954   -0.468954 (VIOLATED)
_3490_/S                                1.000000    1.468951   -0.468951 (VIOLATED)
fanout285/A                             1.000000    1.468921   -0.468921 (VIOLATED)
fanout286/X                             1.000000    1.468885   -0.468885 (VIOLATED)
ANTENNA_fanout759_A/DIODE               1.000000    1.466220   -0.466220 (VIOLATED)
ANTENNA_fanout758_A/DIODE               1.000000    1.466179   -0.466179 (VIOLATED)
fanout758/A                             1.000000    1.466147   -0.466147 (VIOLATED)
ANTENNA__2178__X/DIODE                  1.000000    1.466140   -0.466140 (VIOLATED)
fanout759/A                             1.000000    1.466119   -0.466119 (VIOLATED)
_2178_/X                                1.000000    1.465727   -0.465727 (VIOLATED)
_4432_/D                                1.000000    1.456499   -0.456499 (VIOLATED)
ANTENNA__4432__D/DIODE                  1.000000    1.456498   -0.456498 (VIOLATED)
ANTENNA__1926__Y/DIODE                  1.000000    1.456344   -0.456344 (VIOLATED)
ANTENNA__3726__B/DIODE                  1.000000    1.456341   -0.456341 (VIOLATED)
_3726_/B                                1.000000    1.456339   -0.456339 (VIOLATED)
_1926_/Y                                1.000000    1.456333   -0.456333 (VIOLATED)
ANTENNA_fanout219_A/DIODE               1.000000    1.448987   -0.448987 (VIOLATED)
ANTENNA_fanout222_A/DIODE               1.000000    1.448938   -0.448938 (VIOLATED)
fanout222/A                             1.000000    1.448915   -0.448914 (VIOLATED)
fanout219/A                             1.000000    1.448871   -0.448871 (VIOLATED)
ANTENNA_fanout221_A/DIODE               1.000000    1.448846   -0.448846 (VIOLATED)
ANTENNA_fanout223_X/DIODE               1.000000    1.448846   -0.448846 (VIOLATED)
fanout221/A                             1.000000    1.448843   -0.448843 (VIOLATED)
fanout223/X                             1.000000    1.448825   -0.448825 (VIOLATED)
ANTENNA_fanout440_A/DIODE               1.000000    1.446464   -0.446464 (VIOLATED)
ANTENNA__2416__B1/DIODE                 1.000000    1.446430   -0.446430 (VIOLATED)
ANTENNA__2441__B1/DIODE                 1.000000    1.446416   -0.446416 (VIOLATED)
_2416_/B1                               1.000000    1.446416   -0.446416 (VIOLATED)
_2441_/B1                               1.000000    1.446415   -0.446415 (VIOLATED)
fanout440/A                             1.000000    1.446358   -0.446358 (VIOLATED)
ANTENNA_fanout442_X/DIODE               1.000000    1.446343   -0.446343 (VIOLATED)
fanout442/X                             1.000000    1.446239   -0.446239 (VIOLATED)
ANTENNA__2253__D/DIODE                  1.000000    1.440244   -0.440244 (VIOLATED)
ANTENNA__2267__A2/DIODE                 1.000000    1.440245   -0.440245 (VIOLATED)
ANTENNA_fanout632_A/DIODE               1.000000    1.440244   -0.440244 (VIOLATED)
_2253_/D                                1.000000    1.440241   -0.440241 (VIOLATED)
fanout632/A                             1.000000    1.440237   -0.440237 (VIOLATED)
_2267_/A2                               1.000000    1.440235   -0.440235 (VIOLATED)
ANTENNA_fanout629_A/DIODE               1.000000    1.440229   -0.440229 (VIOLATED)
ANTENNA_fanout633_X/DIODE               1.000000    1.440226   -0.440226 (VIOLATED)
fanout629/A                             1.000000    1.440223   -0.440223 (VIOLATED)
fanout633/X                             1.000000    1.440196   -0.440196 (VIOLATED)
hold3213/A                              1.000000    1.436853   -0.436853 (VIOLATED)
_3605_/X                                1.000000    1.436478   -0.436478 (VIOLATED)
ANTENNA__3559__A1/DIODE                 1.000000    1.424662   -0.424662 (VIOLATED)
ANTENNA_fanout374_X/DIODE               1.000000    1.423463   -0.423463 (VIOLATED)
ANTENNA_fanout373_A/DIODE               1.000000    1.423430   -0.423430 (VIOLATED)
ANTENNA__3537__A1/DIODE                 1.000000    1.423410   -0.423410 (VIOLATED)
ANTENNA__3527__A1/DIODE                 1.000000    1.423409   -0.423409 (VIOLATED)
ANTENNA__3553__A1/DIODE                 1.000000    1.423403   -0.423403 (VIOLATED)
_3537_/A1                               1.000000    1.423382   -0.423382 (VIOLATED)
ANTENNA__3529__A1/DIODE                 1.000000    1.423355   -0.423355 (VIOLATED)
_3559_/A1                               1.000000    1.423344   -0.423343 (VIOLATED)
fanout373/A                             1.000000    1.423343   -0.423343 (VIOLATED)
_3527_/A1                               1.000000    1.423340   -0.423340 (VIOLATED)
_3529_/A1                               1.000000    1.423335   -0.423335 (VIOLATED)
_3553_/A1                               1.000000    1.423332   -0.423332 (VIOLATED)
fanout374/X                             1.000000    1.423240   -0.423240 (VIOLATED)
ANTENNA_fanout250_A/DIODE               1.000000    1.418967   -0.418967 (VIOLATED)
fanout250/A                             1.000000    1.418945   -0.418945 (VIOLATED)
ANTENNA_52/DIODE                        1.000000    1.418942   -0.418942 (VIOLATED)
ANTENNA_fanout251_A/DIODE               1.000000    1.418908   -0.418908 (VIOLATED)
fanout251/A                             1.000000    1.418832   -0.418832 (VIOLATED)
ANTENNA_53/DIODE                        1.000000    1.418812   -0.418812 (VIOLATED)
ANTENNA_input15_X/DIODE                 1.000000    1.418781   -0.418781 (VIOLATED)
ANTENNA_hold1634_X/DIODE                1.000000    1.418732   -0.418732 (VIOLATED)
ANTENNA_fanout248_A/DIODE               1.000000    1.418729   -0.418729 (VIOLATED)
ANTENNA_fanout249_A/DIODE               1.000000    1.418729   -0.418729 (VIOLATED)
fanout248/A                             1.000000    1.418729   -0.418729 (VIOLATED)
fanout249/A                             1.000000    1.418729   -0.418729 (VIOLATED)
hold1634/X                              1.000000    1.418729   -0.418729 (VIOLATED)
ANTENNA_fanout803_A/DIODE               1.000000    1.418723   -0.418723 (VIOLATED)
fanout803/A                             1.000000    1.418713   -0.418713 (VIOLATED)
input15/X                               1.000000    1.418681   -0.418681 (VIOLATED)
_2887_/A2                               1.000000    1.414487   -0.414487 (VIOLATED)
_2885_/Y                                1.000000    1.414479   -0.414479 (VIOLATED)
ANTENNA_fanout464_A/DIODE               1.000000    1.408757   -0.408757 (VIOLATED)
fanout464/A                             1.000000    1.408747   -0.408747 (VIOLATED)
ANTENNA_fanout465_X/DIODE               1.000000    1.408726   -0.408726 (VIOLATED)
ANTENNA_fanout462_A/DIODE               1.000000    1.408719   -0.408719 (VIOLATED)
ANTENNA_fanout463_A/DIODE               1.000000    1.408662   -0.408662 (VIOLATED)
fanout462/A                             1.000000    1.408661   -0.408661 (VIOLATED)
fanout463/A                             1.000000    1.408653   -0.408653 (VIOLATED)
fanout465/X                             1.000000    1.408537   -0.408537 (VIOLATED)
_3005_/B                                1.000000    1.408250   -0.408250 (VIOLATED)
_3003_/Y                                1.000000    1.408229   -0.408229 (VIOLATED)
_3005_/Y                                1.000000    1.371605   -0.371605 (VIOLATED)
_3007_/A1                               1.000000    1.371605   -0.371605 (VIOLATED)
ANTENNA__2188__B/DIODE                  1.000000    1.366373   -0.366373 (VIOLATED)
ANTENNA__2342__B/DIODE                  1.000000    1.366374   -0.366374 (VIOLATED)
_2342_/B                                1.000000    1.366366   -0.366366 (VIOLATED)
_2188_/B                                1.000000    1.366364   -0.366363 (VIOLATED)
ANTENNA__2288__A1/DIODE                 1.000000    1.366348   -0.366348 (VIOLATED)
_2288_/A1                               1.000000    1.366337   -0.366337 (VIOLATED)
ANTENNA_hold1445_X/DIODE                1.000000    1.366336   -0.366336 (VIOLATED)
hold1445/X                              1.000000    1.366333   -0.366333 (VIOLATED)
_2942_/D                                1.000000    1.364214   -0.364214 (VIOLATED)
ANTENNA__2942__D/DIODE                  1.000000    1.364198   -0.364198 (VIOLATED)
ANTENNA__2941__Y/DIODE                  1.000000    1.364194   -0.364194 (VIOLATED)
_2941_/Y                                1.000000    1.364188   -0.364188 (VIOLATED)
ANTENNA_fanout416_A/DIODE               1.000000    1.363256   -0.363256 (VIOLATED)
fanout416/A                             1.000000    1.363231   -0.363231 (VIOLATED)
ANTENNA__2835__B1/DIODE                 1.000000    1.363153   -0.363153 (VIOLATED)
_2835_/B1                               1.000000    1.363142   -0.363142 (VIOLATED)
fanout417/A                             1.000000    1.363111   -0.363111 (VIOLATED)
ANTENNA_24/DIODE                        1.000000    1.362865   -0.362865 (VIOLATED)
ANTENNA_fanout417_A/DIODE               1.000000    1.362803   -0.362803 (VIOLATED)
fanout418/A                             1.000000    1.362791   -0.362791 (VIOLATED)
ANTENNA_fanout418_A/DIODE               1.000000    1.362748   -0.362748 (VIOLATED)
ANTENNA_fanout419_X/DIODE               1.000000    1.362736   -0.362736 (VIOLATED)
fanout419/X                             1.000000    1.362700   -0.362700 (VIOLATED)
ANTENNA__2708__B/DIODE                  1.000000    1.343571   -0.343571 (VIOLATED)
_2861_/B1                               1.000000    1.343484   -0.343484 (VIOLATED)
_2842_/B1                               1.000000    1.343307   -0.343307 (VIOLATED)
ANTENNA__2861__B1/DIODE                 1.000000    1.343215   -0.343214 (VIOLATED)
_2708_/B                                1.000000    1.343120   -0.343120 (VIOLATED)
_2831_/B1                               1.000000    1.343107   -0.343107 (VIOLATED)
ANTENNA__2842__B1/DIODE                 1.000000    1.343099   -0.343099 (VIOLATED)
_2918_/B1                               1.000000    1.343021   -0.343021 (VIOLATED)
ANTENNA__2918__B1/DIODE                 1.000000    1.343021   -0.343021 (VIOLATED)
ANTENNA_fanout391_X/DIODE               1.000000    1.343021   -0.343020 (VIOLATED)
ANTENNA__2831__B1/DIODE                 1.000000    1.343017   -0.343017 (VIOLATED)
ANTENNA__2871__B1/DIODE                 1.000000    1.343011   -0.343011 (VIOLATED)
_2871_/B1                               1.000000    1.343000   -0.343000 (VIOLATED)
fanout391/X                             1.000000    1.342885   -0.342885 (VIOLATED)
ANTENNA__2898__Y/DIODE                  1.000000    1.342576   -0.342576 (VIOLATED)
ANTENNA__2899__B1/DIODE                 1.000000    1.342560   -0.342560 (VIOLATED)
_2899_/B1                               1.000000    1.342553   -0.342553 (VIOLATED)
_2898_/Y                                1.000000    1.342527   -0.342527 (VIOLATED)
ANTENNA__3049__A2/DIODE                 1.000000    1.339942   -0.339942 (VIOLATED)
ANTENNA__3047__A2/DIODE                 1.000000    1.339922   -0.339922 (VIOLATED)
_2864_/A                                1.000000    1.339740   -0.339740 (VIOLATED)
ANTENNA_38/DIODE                        1.000000    1.339739   -0.339739 (VIOLATED)
ANTENNA__2861__Y/DIODE                  1.000000    1.339733   -0.339733 (VIOLATED)
ANTENNA__2864__A/DIODE                  1.000000    1.339733   -0.339733 (VIOLATED)
_2861_/Y                                1.000000    1.339733   -0.339733 (VIOLATED)
_3049_/A2                               1.000000    1.339733   -0.339732 (VIOLATED)
ANTENNA_45/DIODE                        1.000000    1.339711   -0.339711 (VIOLATED)
_3047_/A2                               1.000000    1.339651   -0.339651 (VIOLATED)
ANTENNA_44/DIODE                        1.000000    1.339646   -0.339646 (VIOLATED)
ANTENNA__3041__A2/DIODE                 1.000000    1.339543   -0.339543 (VIOLATED)
ANTENNA_fanout249_X/DIODE               1.000000    1.339543   -0.339543 (VIOLATED)
_3041_/A2                               1.000000    1.339543   -0.339544 (VIOLATED)
fanout249/X                             1.000000    1.339540   -0.339540 (VIOLATED)
ANTENNA__3608__B2/DIODE                 1.000000    1.330988   -0.330988 (VIOLATED)
ANTENNA__3605__B2/DIODE                 1.000000    1.330964   -0.330964 (VIOLATED)
_3608_/B2                               1.000000    1.330952   -0.330952 (VIOLATED)
_3610_/B2                               1.000000    1.330931   -0.330931 (VIOLATED)
_3605_/B2                               1.000000    1.330914   -0.330914 (VIOLATED)
ANTENNA__3607__B2/DIODE                 1.000000    1.330905   -0.330905 (VIOLATED)
ANTENNA__3595__B2/DIODE                 1.000000    1.330875   -0.330875 (VIOLATED)
ANTENNA_fanout159_X/DIODE               1.000000    1.330771   -0.330771 (VIOLATED)
ANTENNA__3610__B2/DIODE                 1.000000    1.330585   -0.330585 (VIOLATED)
ANTENNA__3590__B2/DIODE                 1.000000    1.330143   -0.330143 (VIOLATED)
_3590_/B2                               1.000000    1.329495   -0.329495 (VIOLATED)
ANTENNA_fanout395_A/DIODE               1.000000    1.329130   -0.329130 (VIOLATED)
ANTENNA__2699__B/DIODE                  1.000000    1.328977   -0.328977 (VIOLATED)
_2699_/B                                1.000000    1.328933   -0.328933 (VIOLATED)
_3595_/B2                               1.000000    1.328916   -0.328916 (VIOLATED)
ANTENNA_fanout392_A/DIODE               1.000000    1.328812   -0.328812 (VIOLATED)
fanout392/A                             1.000000    1.328808   -0.328808 (VIOLATED)
fanout395/A                             1.000000    1.328777   -0.328777 (VIOLATED)
_3607_/B2                               1.000000    1.328771   -0.328771 (VIOLATED)
ANTENNA_fanout393_A/DIODE               1.000000    1.328763   -0.328763 (VIOLATED)
ANTENNA_fanout396_X/DIODE               1.000000    1.328763   -0.328763 (VIOLATED)
fanout393/A                             1.000000    1.328762   -0.328762 (VIOLATED)
fanout396/X                             1.000000    1.328677   -0.328677 (VIOLATED)
fanout159/X                             1.000000    1.328646   -0.328646 (VIOLATED)
ANTENNA_input11_X/DIODE                 1.000000    1.323539   -0.323539 (VIOLATED)
ANTENNA_fanout811_A/DIODE               1.000000    1.323174   -0.323175 (VIOLATED)
ANTENNA__3729__A1/DIODE                 1.000000    1.322973   -0.322973 (VIOLATED)
_3729_/A1                               1.000000    1.322955   -0.322955 (VIOLATED)
ANTENNA__3590__A2/DIODE                 1.000000    1.322752   -0.322753 (VIOLATED)
fanout811/A                             1.000000    1.322581   -0.322581 (VIOLATED)
_3607_/A2                               1.000000    1.322235   -0.322235 (VIOLATED)
_3595_/A2                               1.000000    1.322226   -0.322226 (VIOLATED)
_3590_/A2                               1.000000    1.322184   -0.322184 (VIOLATED)
input11/X                               1.000000    1.322178   -0.322178 (VIOLATED)
ANTENNA__3608__A2/DIODE                 1.000000    1.321879   -0.321879 (VIOLATED)
ANTENNA__3605__A2/DIODE                 1.000000    1.321878   -0.321878 (VIOLATED)
_3608_/A2                               1.000000    1.321877   -0.321877 (VIOLATED)
ANTENNA__3607__A2/DIODE                 1.000000    1.321858   -0.321858 (VIOLATED)
ANTENNA_fanout167_X/DIODE               1.000000    1.321857   -0.321857 (VIOLATED)
_3605_/A2                               1.000000    1.321840   -0.321840 (VIOLATED)
_3610_/A2                               1.000000    1.321839   -0.321839 (VIOLATED)
ANTENNA__3610__A2/DIODE                 1.000000    1.321836   -0.321836 (VIOLATED)
ANTENNA__3595__A2/DIODE                 1.000000    1.321832   -0.321832 (VIOLATED)
fanout167/X                             1.000000    1.321721   -0.321721 (VIOLATED)
ANTENNA_fanout588_X/DIODE               1.000000    1.319224   -0.319224 (VIOLATED)
ANTENNA__2860__C/DIODE                  1.000000    1.318717   -0.318717 (VIOLATED)
ANTENNA__2646__B/DIODE                  1.000000    1.318687   -0.318687 (VIOLATED)
ANTENNA__1886__A/DIODE                  1.000000    1.318547   -0.318547 (VIOLATED)
ANTENNA__2720__A_N/DIODE                1.000000    1.318171   -0.318170 (VIOLATED)
ANTENNA_fanout587_A/DIODE               1.000000    1.318158   -0.318158 (VIOLATED)
ANTENNA__2659__B/DIODE                  1.000000    1.318157   -0.318157 (VIOLATED)
_2659_/B                                1.000000    1.318123   -0.318123 (VIOLATED)
fanout587/A                             1.000000    1.317745   -0.317745 (VIOLATED)
_2720_/A_N                              1.000000    1.316807   -0.316807 (VIOLATED)
_2646_/B                                1.000000    1.316367   -0.316367 (VIOLATED)
_1886_/A                                1.000000    1.316089   -0.316089 (VIOLATED)
_2860_/C                                1.000000    1.315934   -0.315934 (VIOLATED)
fanout588/X                             1.000000    1.315911   -0.315911 (VIOLATED)
ANTENNA__3552__B/DIODE                  1.000000    1.315889   -0.315889 (VIOLATED)
ANTENNA_fanout337_A/DIODE               1.000000    1.315865   -0.315865 (VIOLATED)
fanout337/A                             1.000000    1.315844   -0.315844 (VIOLATED)
ANTENNA_75/DIODE                        1.000000    1.315843   -0.315843 (VIOLATED)
ANTENNA__3558__B/DIODE                  1.000000    1.315668   -0.315668 (VIOLATED)
_3530_/B                                1.000000    1.315571   -0.315571 (VIOLATED)
ANTENNA_74/DIODE                        1.000000    1.315566   -0.315566 (VIOLATED)
ANTENNA__3530__B/DIODE                  1.000000    1.315416   -0.315415 (VIOLATED)
ANTENNA_fanout338_A/DIODE               1.000000    1.315413   -0.315413 (VIOLATED)
_3552_/B                                1.000000    1.315411   -0.315411 (VIOLATED)
_3558_/B                                1.000000    1.315408   -0.315408 (VIOLATED)
ANTENNA_fanout339_X/DIODE               1.000000    1.315405   -0.315405 (VIOLATED)
fanout338/A                             1.000000    1.315376   -0.315376 (VIOLATED)
fanout339/X                             1.000000    1.315350   -0.315350 (VIOLATED)
ANTENNA_hold3212_X/DIODE                1.000000    1.299643   -0.299643 (VIOLATED)
_3605_/A1                               1.000000    1.299641   -0.299641 (VIOLATED)
_2843_/A1                               1.000000    1.299628   -0.299628 (VIOLATED)
ANTENNA__3605__A1/DIODE                 1.000000    1.299618   -0.299618 (VIOLATED)
ANTENNA__2843__A1/DIODE                 1.000000    1.299608   -0.299608 (VIOLATED)
hold3212/X                              1.000000    1.299510   -0.299510 (VIOLATED)
ANTENNA_fanout388_X/DIODE               1.000000    1.298725   -0.298725 (VIOLATED)
ANTENNA__2863__B1/DIODE                 1.000000    1.298721   -0.298721 (VIOLATED)
ANTENNA__2714__B/DIODE                  1.000000    1.298566   -0.298566 (VIOLATED)
ANTENNA__2870__B1/DIODE                 1.000000    1.298349   -0.298349 (VIOLATED)
ANTENNA__3004__B2/DIODE                 1.000000    1.298349   -0.298349 (VIOLATED)
ANTENNA__2884__B1/DIODE                 1.000000    1.298278   -0.298278 (VIOLATED)
ANTENNA__2746__B1/DIODE                 1.000000    1.298271   -0.298271 (VIOLATED)
_2884_/B1                               1.000000    1.298210   -0.298210 (VIOLATED)
_2714_/B                                1.000000    1.298128   -0.298128 (VIOLATED)
_2746_/B1                               1.000000    1.298121   -0.298121 (VIOLATED)
_2870_/B1                               1.000000    1.297959   -0.297959 (VIOLATED)
_3004_/B2                               1.000000    1.297919   -0.297919 (VIOLATED)
_2863_/B1                               1.000000    1.297883   -0.297883 (VIOLATED)
fanout388/X                             1.000000    1.297601   -0.297601 (VIOLATED)
ANTENNA_fanout458_A/DIODE               1.000000    1.294852   -0.294851 (VIOLATED)
fanout458/A                             1.000000    1.294795   -0.294795 (VIOLATED)
ANTENNA_fanout455_A/DIODE               1.000000    1.294472   -0.294472 (VIOLATED)
ANTENNA_fanout459_X/DIODE               1.000000    1.294361   -0.294361 (VIOLATED)
ANTENNA_fanout454_A/DIODE               1.000000    1.294358   -0.294358 (VIOLATED)
fanout454/A                             1.000000    1.294342   -0.294342 (VIOLATED)
fanout455/A                             1.000000    1.294336   -0.294336 (VIOLATED)
fanout459/X                             1.000000    1.294322   -0.294322 (VIOLATED)
ANTENNA__3554__X/DIODE                  1.000000    1.292622   -0.292622 (VIOLATED)
ANTENNA__3555__A2/DIODE                 1.000000    1.292546   -0.292546 (VIOLATED)
_3555_/A2                               1.000000    1.292511   -0.292511 (VIOLATED)
ANTENNA_40/DIODE                        1.000000    1.292510   -0.292510 (VIOLATED)
_3554_/X                                1.000000    1.292463   -0.292463 (VIOLATED)
ANTENNA__2860__B/DIODE                  1.000000    1.292394   -0.292394 (VIOLATED)
ANTENNA__2835__A1/DIODE                 1.000000    1.292389   -0.292389 (VIOLATED)
ANTENNA_fanout573_X/DIODE               1.000000    1.292374   -0.292374 (VIOLATED)
ANTENNA__2946__B/DIODE                  1.000000    1.292220   -0.292220 (VIOLATED)
ANTENNA__2948__D/DIODE                  1.000000    1.292133   -0.292133 (VIOLATED)
ANTENNA__2953__A1/DIODE                 1.000000    1.292093   -0.292093 (VIOLATED)
ANTENNA__2831__A1/DIODE                 1.000000    1.292026   -0.292026 (VIOLATED)
_2946_/B                                1.000000    1.292007   -0.292007 (VIOLATED)
_2831_/A1                               1.000000    1.291992   -0.291992 (VIOLATED)
_2953_/A1                               1.000000    1.291970   -0.291970 (VIOLATED)
_2860_/B                                1.000000    1.291954   -0.291954 (VIOLATED)
_2948_/D                                1.000000    1.291883   -0.291883 (VIOLATED)
_2835_/A1                               1.000000    1.291875   -0.291875 (VIOLATED)
fanout573/X                             1.000000    1.291782   -0.291782 (VIOLATED)
_2648_/A                                1.000000    1.287050   -0.287050 (VIOLATED)
ANTENNA__3016__A1/DIODE                 1.000000    1.286940   -0.286940 (VIOLATED)
_2742_/C                                1.000000    1.286897   -0.286897 (VIOLATED)
ANTENNA_76/DIODE                        1.000000    1.286828   -0.286828 (VIOLATED)
_2811_/C                                1.000000    1.286677   -0.286676 (VIOLATED)
ANTENNA_77/DIODE                        1.000000    1.286666   -0.286666 (VIOLATED)
ANTENNA__2648__A/DIODE                  1.000000    1.286502   -0.286502 (VIOLATED)
_3016_/A1                               1.000000    1.286431   -0.286431 (VIOLATED)
ANTENNA_78/DIODE                        1.000000    1.286430   -0.286430 (VIOLATED)
fanout608/A                             1.000000    1.286007   -0.286007 (VIOLATED)
ANTENNA__2841__A/DIODE                  1.000000    1.285889   -0.285889 (VIOLATED)
_2841_/A                                1.000000    1.285885   -0.285885 (VIOLATED)
ANTENNA__2742__C/DIODE                  1.000000    1.285868   -0.285868 (VIOLATED)
ANTENNA_fanout608_A/DIODE               1.000000    1.285859   -0.285859 (VIOLATED)
ANTENNA_fanout609_X/DIODE               1.000000    1.285859   -0.285859 (VIOLATED)
ANTENNA__2811__C/DIODE                  1.000000    1.285859   -0.285859 (VIOLATED)
fanout609/X                             1.000000    1.285808   -0.285808 (VIOLATED)
ANTENNA__2688__B/DIODE                  1.000000    1.272993   -0.272993 (VIOLATED)
ANTENNA__2711__B/DIODE                  1.000000    1.272937   -0.272937 (VIOLATED)
_2711_/B                                1.000000    1.272884   -0.272884 (VIOLATED)
_2688_/B                                1.000000    1.272871   -0.272871 (VIOLATED)
_2722_/B                                1.000000    1.272770   -0.272770 (VIOLATED)
_2751_/B                                1.000000    1.272349   -0.272349 (VIOLATED)
ANTENNA__2722__B/DIODE                  1.000000    1.272336   -0.272336 (VIOLATED)
_2962_/B                                1.000000    1.272244   -0.272244 (VIOLATED)
ANTENNA__2751__B/DIODE                  1.000000    1.271970   -0.271970 (VIOLATED)
ANTENNA__2962__B/DIODE                  1.000000    1.271967   -0.271967 (VIOLATED)
ANTENNA_fanout393_X/DIODE               1.000000    1.271964   -0.271964 (VIOLATED)
ANTENNA__2853__A2/DIODE                 1.000000    1.271962   -0.271962 (VIOLATED)
ANTENNA__3049__B1/DIODE                 1.000000    1.271774   -0.271774 (VIOLATED)
ANTENNA__3293__A1/DIODE                 1.000000    1.271765   -0.271765 (VIOLATED)
ANTENNA__3052__A1/DIODE                 1.000000    1.271763   -0.271763 (VIOLATED)
ANTENNA__3160__A1/DIODE                 1.000000    1.271701   -0.271701 (VIOLATED)
_2853_/A2                               1.000000    1.271643   -0.271643 (VIOLATED)
fanout393/X                             1.000000    1.271602   -0.271602 (VIOLATED)
ANTENNA_hold1372_X/DIODE                1.000000    1.271593   -0.271593 (VIOLATED)
ANTENNA__3226__A1/DIODE                 1.000000    1.271554   -0.271554 (VIOLATED)
_3052_/A1                               1.000000    1.271552   -0.271552 (VIOLATED)
ANTENNA__2575__A1/DIODE                 1.000000    1.271506   -0.271506 (VIOLATED)
_2575_/A1                               1.000000    1.271468   -0.271468 (VIOLATED)
_3049_/B1                               1.000000    1.271468   -0.271468 (VIOLATED)
_3160_/A1                               1.000000    1.271468   -0.271468 (VIOLATED)
_3226_/A1                               1.000000    1.271468   -0.271468 (VIOLATED)
_3293_/A1                               1.000000    1.271468   -0.271468 (VIOLATED)
hold1372/X                              1.000000    1.271468   -0.271468 (VIOLATED)
ANTENNA__2405__C1/DIODE                 1.000000    1.265273   -0.265273 (VIOLATED)
ANTENNA__2375__C1/DIODE                 1.000000    1.265269   -0.265269 (VIOLATED)
_2375_/C1                               1.000000    1.265267   -0.265267 (VIOLATED)
ANTENNA_fanout455_X/DIODE               1.000000    1.265251   -0.265251 (VIOLATED)
ANTENNA_fanout453_A/DIODE               1.000000    1.265247   -0.265247 (VIOLATED)
_2405_/C1                               1.000000    1.265247   -0.265247 (VIOLATED)
fanout453/A                             1.000000    1.265247   -0.265247 (VIOLATED)
fanout455/X                             1.000000    1.264902   -0.264902 (VIOLATED)
ANTENNA__2860__X/DIODE                  1.000000    1.261987   -0.261987 (VIOLATED)
_2861_/C1                               1.000000    1.261922   -0.261922 (VIOLATED)
ANTENNA__2861__C1/DIODE                 1.000000    1.261679   -0.261679 (VIOLATED)
_2860_/X                                1.000000    1.261192   -0.261192 (VIOLATED)
ANTENNA__3469__S/DIODE                  1.000000    1.260353   -0.260353 (VIOLATED)
ANTENNA_fanout171_A/DIODE               1.000000    1.260350   -0.260350 (VIOLATED)
ANTENNA__3458__S/DIODE                  1.000000    1.260326   -0.260326 (VIOLATED)
ANTENNA_fanout172_X/DIODE               1.000000    1.260273   -0.260273 (VIOLATED)
ANTENNA__3466__S/DIODE                  1.000000    1.260271   -0.260271 (VIOLATED)
_3466_/S                                1.000000    1.260164   -0.260164 (VIOLATED)
fanout171/A                             1.000000    1.259828   -0.259828 (VIOLATED)
_3469_/S                                1.000000    1.259827   -0.259827 (VIOLATED)
_3458_/S                                1.000000    1.259786   -0.259786 (VIOLATED)
_3457_/S                                1.000000    1.259765   -0.259765 (VIOLATED)
ANTENNA__3457__S/DIODE                  1.000000    1.259763   -0.259763 (VIOLATED)
ANTENNA__3455__S/DIODE                  1.000000    1.259759   -0.259759 (VIOLATED)
_3455_/S                                1.000000    1.259740   -0.259740 (VIOLATED)
fanout172/X                             1.000000    1.259644   -0.259644 (VIOLATED)
ANTENNA__2863__A2/DIODE                 1.000000    1.248512   -0.248512 (VIOLATED)
_2842_/A2                               1.000000    1.248372   -0.248372 (VIOLATED)
ANTENNA__2842__A2/DIODE                 1.000000    1.248298   -0.248298 (VIOLATED)
ANTENNA__2693__A2/DIODE                 1.000000    1.248255   -0.248255 (VIOLATED)
_2693_/A2                               1.000000    1.248247   -0.248247 (VIOLATED)
ANTENNA_71/DIODE                        1.000000    1.248242   -0.248242 (VIOLATED)
_3014_/B1                               1.000000    1.248237   -0.248237 (VIOLATED)
ANTENNA__3003__B1/DIODE                 1.000000    1.248226   -0.248226 (VIOLATED)
ANTENNA__3014__B1/DIODE                 1.000000    1.248224   -0.248224 (VIOLATED)
ANTENNA_fanout326_X/DIODE               1.000000    1.248223   -0.248223 (VIOLATED)
ANTENNA__2872__B1/DIODE                 1.000000    1.248221   -0.248221 (VIOLATED)
_3003_/B1                               1.000000    1.248211   -0.248211 (VIOLATED)
_2863_/A2                               1.000000    1.247759   -0.247759 (VIOLATED)
_2872_/B1                               1.000000    1.247747   -0.247747 (VIOLATED)
fanout326/X                             1.000000    1.247679   -0.247679 (VIOLATED)
fanout475/A                             1.000000    1.240198   -0.240198 (VIOLATED)
_2182_/Y                                1.000000    1.240196   -0.240196 (VIOLATED)
fanout478/A                             1.000000    1.240196   -0.240196 (VIOLATED)
ANTENNA_input40_X/DIODE                 1.000000    1.239586   -0.239586 (VIOLATED)
_3718_/A0                               1.000000    1.239574   -0.239574 (VIOLATED)
_3652_/A0                               1.000000    1.239574   -0.239574 (VIOLATED)
ANTENNA_fanout768_A/DIODE               1.000000    1.239571   -0.239571 (VIOLATED)
ANTENNA__3652__A0/DIODE                 1.000000    1.239570   -0.239570 (VIOLATED)
ANTENNA__3718__A0/DIODE                 1.000000    1.239570   -0.239570 (VIOLATED)
fanout768/A                             1.000000    1.239566   -0.239566 (VIOLATED)
input40/X                               1.000000    1.239532   -0.239532 (VIOLATED)
ANTENNA__3506__S/DIODE                  1.000000    1.229516   -0.229516 (VIOLATED)
ANTENNA__3489__S/DIODE                  1.000000    1.229511   -0.229511 (VIOLATED)
_3489_/S                                1.000000    1.228976   -0.228977 (VIOLATED)
_3504_/S                                1.000000    1.228968   -0.228968 (VIOLATED)
_3506_/S                                1.000000    1.228935   -0.228935 (VIOLATED)
ANTENNA__3504__S/DIODE                  1.000000    1.228827   -0.228827 (VIOLATED)
ANTENNA_fanout288_X/DIODE               1.000000    1.228797   -0.228797 (VIOLATED)
_3494_/S                                1.000000    1.228786   -0.228786 (VIOLATED)
ANTENNA__3510__S/DIODE                  1.000000    1.228772   -0.228772 (VIOLATED)
ANTENNA_fanout287_A/DIODE               1.000000    1.228770   -0.228770 (VIOLATED)
ANTENNA__3494__S/DIODE                  1.000000    1.228746   -0.228746 (VIOLATED)
_3510_/S                                1.000000    1.228697   -0.228697 (VIOLATED)
fanout287/A                             1.000000    1.228683   -0.228683 (VIOLATED)
fanout288/X                             1.000000    1.228606   -0.228606 (VIOLATED)
ANTENNA_fanout480_A/DIODE               1.000000    1.223975   -0.223975 (VIOLATED)
fanout480/A                             1.000000    1.223957   -0.223957 (VIOLATED)
ANTENNA_fanout479_A/DIODE               1.000000    1.223955   -0.223955 (VIOLATED)
fanout479/A                             1.000000    1.223954   -0.223954 (VIOLATED)
ANTENNA__2181__X/DIODE                  1.000000    1.223946   -0.223946 (VIOLATED)
_2181_/X                                1.000000    1.223943   -0.223943 (VIOLATED)
ANTENNA__2843__B1/DIODE                 1.000000    1.220546   -0.220546 (VIOLATED)
ANTENNA__2918__A2/DIODE                 1.000000    1.220539   -0.220539 (VIOLATED)
ANTENNA__2894__A2/DIODE                 1.000000    1.220528   -0.220528 (VIOLATED)
ANTENNA_fanout394_X/DIODE               1.000000    1.220528   -0.220527 (VIOLATED)
_2843_/B1                               1.000000    1.220520   -0.220520 (VIOLATED)
_2894_/A2                               1.000000    1.220501   -0.220501 (VIOLATED)
_2918_/A2                               1.000000    1.220497   -0.220497 (VIOLATED)
ANTENNA__2679__B/DIODE                  1.000000    1.220388   -0.220388 (VIOLATED)
ANTENNA__2745__B1/DIODE                 1.000000    1.220326   -0.220326 (VIOLATED)
_2861_/A2                               1.000000    1.220093   -0.220093 (VIOLATED)
ANTENNA__2861__A2/DIODE                 1.000000    1.219974   -0.219974 (VIOLATED)
_2679_/B                                1.000000    1.219684   -0.219684 (VIOLATED)
_2745_/B1                               1.000000    1.219074   -0.219074 (VIOLATED)
fanout394/X                             1.000000    1.218733   -0.218733 (VIOLATED)
ANTENNA_fanout810_X/DIODE               1.000000    1.214259   -0.214259 (VIOLATED)
ANTENNA__3656__A1/DIODE                 1.000000    1.214258   -0.214258 (VIOLATED)
ANTENNA__3590__B1/DIODE                 1.000000    1.214246   -0.214246 (VIOLATED)
ANTENNA__3489__A1/DIODE                 1.000000    1.214234   -0.214234 (VIOLATED)
ANTENNA__3524__A/DIODE                  1.000000    1.214072   -0.214072 (VIOLATED)
ANTENNA__3392__B1/DIODE                 1.000000    1.214068   -0.214068 (VIOLATED)
_3524_/A                                1.000000    1.213998   -0.213998 (VIOLATED)
_3392_/B1                               1.000000    1.213863   -0.213863 (VIOLATED)
_3590_/B1                               1.000000    1.213742   -0.213742 (VIOLATED)
_3656_/A1                               1.000000    1.213735   -0.213735 (VIOLATED)
_3455_/A0                               1.000000    1.213663   -0.213663 (VIOLATED)
_3489_/A1                               1.000000    1.213595   -0.213595 (VIOLATED)
ANTENNA__3455__A0/DIODE                 1.000000    1.213580   -0.213580 (VIOLATED)
fanout810/X                             1.000000    1.213505   -0.213505 (VIOLATED)
ANTENNA_fanout195_A/DIODE               1.000000    1.212058   -0.212058 (VIOLATED)
fanout195/A                             1.000000    1.212057   -0.212057 (VIOLATED)
ANTENNA__3347__Y/DIODE                  1.000000    1.212035   -0.212035 (VIOLATED)
fanout199/A                             1.000000    1.212035   -0.212035 (VIOLATED)
ANTENNA_fanout199_A/DIODE               1.000000    1.212035   -0.212035 (VIOLATED)
_3347_/Y                                1.000000    1.212031   -0.212031 (VIOLATED)
_2269_/C                                1.000000    1.196676   -0.196676 (VIOLATED)
_2268_/Y                                1.000000    1.196673   -0.196673 (VIOLATED)
ANTENNA_fanout347_A/DIODE               1.000000    1.196065   -0.196065 (VIOLATED)
ANTENNA__2365__B1/DIODE                 1.000000    1.196058   -0.196058 (VIOLATED)
ANTENNA_16/DIODE                        1.000000    1.196023   -0.196023 (VIOLATED)
fanout347/A                             1.000000    1.196016   -0.196016 (VIOLATED)
ANTENNA_fanout346_A/DIODE               1.000000    1.195997   -0.195997 (VIOLATED)
ANTENNA_fanout348_X/DIODE               1.000000    1.195971   -0.195971 (VIOLATED)
_2365_/B1                               1.000000    1.195963   -0.195963 (VIOLATED)
ANTENNA__2340__B1/DIODE                 1.000000    1.195922   -0.195922 (VIOLATED)
_2340_/B1                               1.000000    1.195921   -0.195921 (VIOLATED)
fanout346/A                             1.000000    1.195808   -0.195808 (VIOLATED)
fanout348/X                             1.000000    1.195720   -0.195720 (VIOLATED)
fanout743/A                             1.000000    1.175869   -0.175869 (VIOLATED)
_2449_/Y                                1.000000    1.175587   -0.175587 (VIOLATED)
ANTENNA__2551__A/DIODE                  1.000000    1.168530   -0.168530 (VIOLATED)
_2551_/A                                1.000000    1.168529   -0.168529 (VIOLATED)
_1865_/A                                1.000000    1.168517   -0.168517 (VIOLATED)
_2125_/A                                1.000000    1.168513   -0.168513 (VIOLATED)
ANTENNA__2125__A/DIODE                  1.000000    1.168462   -0.168462 (VIOLATED)
ANTENNA__1865__A/DIODE                  1.000000    1.168437   -0.168437 (VIOLATED)
_3114_/A1                               1.000000    1.168420   -0.168420 (VIOLATED)
ANTENNA_fanout305_A/DIODE               1.000000    1.168389   -0.168389 (VIOLATED)
_1927_/A                                1.000000    1.168382   -0.168382 (VIOLATED)
ANTENNA_fanout306_A/DIODE               1.000000    1.168381   -0.168381 (VIOLATED)
_2604_/A                                1.000000    1.168379   -0.168379 (VIOLATED)
ANTENNA_hold1548_X/DIODE                1.000000    1.168379   -0.168379 (VIOLATED)
ANTENNA__1927__A/DIODE                  1.000000    1.168378   -0.168378 (VIOLATED)
ANTENNA__2604__A/DIODE                  1.000000    1.168378   -0.168378 (VIOLATED)
ANTENNA__3114__A1/DIODE                 1.000000    1.168378   -0.168378 (VIOLATED)
hold1548/X                              1.000000    1.168378   -0.168378 (VIOLATED)
ANTENNA_hold3768_X/DIODE                1.000000    1.168354   -0.168354 (VIOLATED)
fanout306/A                             1.000000    1.168320   -0.168320 (VIOLATED)
ANTENNA_fanout307_A/DIODE               1.000000    1.168307   -0.168307 (VIOLATED)
fanout305/A                             1.000000    1.168299   -0.168299 (VIOLATED)
fanout307/A                             1.000000    1.168288   -0.168288 (VIOLATED)
hold3768/X                              1.000000    1.168288   -0.168288 (VIOLATED)
_2842_/C1                               1.000000    1.168018   -0.168018 (VIOLATED)
ANTENNA__2842__C1/DIODE                 1.000000    1.167964   -0.167964 (VIOLATED)
ANTENNA__2841__X/DIODE                  1.000000    1.167333   -0.167333 (VIOLATED)
_2841_/X                                1.000000    1.167333   -0.167333 (VIOLATED)
ANTENNA__2648__C/DIODE                  1.000000    1.163679   -0.163679 (VIOLATED)
_2648_/C                                1.000000    1.163498   -0.163498 (VIOLATED)
_2743_/C                                1.000000    1.163471   -0.163471 (VIOLATED)
ANTENNA__2422__B1/DIODE                 1.000000    1.162987   -0.162987 (VIOLATED)
ANTENNA__2427__B1/DIODE                 1.000000    1.162985   -0.162985 (VIOLATED)
_2443_/B1                               1.000000    1.162982   -0.162983 (VIOLATED)
ANTENNA__2443__B1/DIODE                 1.000000    1.162980   -0.162980 (VIOLATED)
ANTENNA_fanout464_X/DIODE               1.000000    1.162976   -0.162976 (VIOLATED)
_2427_/B1                               1.000000    1.162964   -0.162964 (VIOLATED)
fanout591/A                             1.000000    1.162935   -0.162935 (VIOLATED)
ANTENNA__2841__C/DIODE                  1.000000    1.162927   -0.162927 (VIOLATED)
ANTENNA__2870__A1/DIODE                 1.000000    1.162924   -0.162924 (VIOLATED)
_2841_/C                                1.000000    1.162910   -0.162910 (VIOLATED)
_2870_/A1                               1.000000    1.162905   -0.162904 (VIOLATED)
ANTENNA__2743__C/DIODE                  1.000000    1.162878   -0.162878 (VIOLATED)
_3014_/A1                               1.000000    1.162834   -0.162834 (VIOLATED)
ANTENNA__3014__A1/DIODE                 1.000000    1.162818   -0.162818 (VIOLATED)
ANTENNA_fanout592_X/DIODE               1.000000    1.162818   -0.162818 (VIOLATED)
ANTENNA_fanout591_A/DIODE               1.000000    1.162818   -0.162818 (VIOLATED)
fanout592/X                             1.000000    1.162774   -0.162774 (VIOLATED)
_2422_/B1                               1.000000    1.162662   -0.162662 (VIOLATED)
fanout464/X                             1.000000    1.162662   -0.162662 (VIOLATED)
ANTENNA_fanout303_A/DIODE               1.000000    1.161150   -0.161150 (VIOLATED)
fanout303/A                             1.000000    1.161147   -0.161147 (VIOLATED)
ANTENNA_fanout295_A/DIODE               1.000000    1.161085   -0.161085 (VIOLATED)
fanout295/A                             1.000000    1.161067   -0.161067 (VIOLATED)
ANTENNA_fanout296_A/DIODE               1.000000    1.161062   -0.161062 (VIOLATED)
ANTENNA_hold1345_X/DIODE                1.000000    1.161062   -0.161062 (VIOLATED)
fanout296/A                             1.000000    1.161062   -0.161062 (VIOLATED)
hold1345/X                              1.000000    1.161062   -0.161062 (VIOLATED)
ANTENNA_hold1821_A/DIODE                1.000000    1.153898   -0.153898 (VIOLATED)
ANTENNA__3555__X/DIODE                  1.000000    1.153785   -0.153785 (VIOLATED)
hold1821/A                              1.000000    1.153770   -0.153770 (VIOLATED)
_3555_/X                                1.000000    1.153427   -0.153427 (VIOLATED)
ANTENNA__3015__A2/DIODE                 1.000000    1.153388   -0.153388 (VIOLATED)
ANTENNA__2663__A2/DIODE                 1.000000    1.153384   -0.153384 (VIOLATED)
ANTENNA__2670__A1/DIODE                 1.000000    1.153383   -0.153383 (VIOLATED)
ANTENNA__2736__A2/DIODE                 1.000000    1.153382   -0.153382 (VIOLATED)
_2663_/A2                               1.000000    1.153352   -0.153352 (VIOLATED)
ANTENNA__2677__A2/DIODE                 1.000000    1.153343   -0.153343 (VIOLATED)
_2670_/A1                               1.000000    1.153338   -0.153338 (VIOLATED)
_2736_/A2                               1.000000    1.153183   -0.153182 (VIOLATED)
_2677_/A2                               1.000000    1.152976   -0.152976 (VIOLATED)
_3015_/A2                               1.000000    1.152631   -0.152631 (VIOLATED)
ANTENNA_fanout502_A/DIODE               1.000000    1.152535   -0.152535 (VIOLATED)
ANTENNA_fanout503_X/DIODE               1.000000    1.152535   -0.152535 (VIOLATED)
fanout502/A                             1.000000    1.152446   -0.152446 (VIOLATED)
fanout503/X                             1.000000    1.152406   -0.152406 (VIOLATED)
_2277_/A1                               1.000000    1.139642   -0.139642 (VIOLATED)
_2273_/Y                                1.000000    1.139639   -0.139639 (VIOLATED)
ANTENNA__3016__A2/DIODE                 1.000000    1.132335   -0.132335 (VIOLATED)
_3016_/A2                               1.000000    1.132331   -0.132331 (VIOLATED)
ANTENNA__3484__A1/DIODE                 1.000000    1.132330   -0.132330 (VIOLATED)
ANTENNA_hold3280_X/DIODE                1.000000    1.132330   -0.132330 (VIOLATED)
_3484_/A1                               1.000000    1.132326   -0.132326 (VIOLATED)
hold3280/X                              1.000000    1.132326   -0.132326 (VIOLATED)
ANTENNA_fanout293_A/DIODE               1.000000    1.129624   -0.129624 (VIOLATED)
fanout293/A                             1.000000    1.129603   -0.129603 (VIOLATED)
fanout294/A                             1.000000    1.129583   -0.129583 (VIOLATED)
ANTENNA_fanout294_A/DIODE               1.000000    1.129568   -0.129568 (VIOLATED)
ANTENNA__2642__X/DIODE                  1.000000    1.129568   -0.129568 (VIOLATED)
_2642_/X                                1.000000    1.129280   -0.129280 (VIOLATED)
ANTENNA_input10_X/DIODE                 1.000000    1.126369   -0.126369 (VIOLATED)
ANTENNA_fanout813_A/DIODE               1.000000    1.126302   -0.126302 (VIOLATED)
_3728_/A1                               1.000000    1.126251   -0.126251 (VIOLATED)
ANTENNA__3728__A1/DIODE                 1.000000    1.126214   -0.126214 (VIOLATED)
fanout813/A                             1.000000    1.125603   -0.125603 (VIOLATED)
input10/X                               1.000000    1.125360   -0.125360 (VIOLATED)
fanout123/A                             1.000000    1.122182   -0.122182 (VIOLATED)
ANTENNA_fanout123_A/DIODE               1.000000    1.122175   -0.122175 (VIOLATED)
ANTENNA__3519__X/DIODE                  1.000000    1.121848   -0.121848 (VIOLATED)
ANTENNA_fanout126_A/DIODE               1.000000    1.121846   -0.121846 (VIOLATED)
fanout126/A                             1.000000    1.121820   -0.121820 (VIOLATED)
_3519_/X                                1.000000    1.121799   -0.121799 (VIOLATED)
_2259_/B1                               1.000000    1.115702   -0.115702 (VIOLATED)
ANTENNA__2259__B1/DIODE                 1.000000    1.115699   -0.115699 (VIOLATED)
ANTENNA__3144__A1/DIODE                 1.000000    1.115606   -0.115606 (VIOLATED)
ANTENNA__3141__A/DIODE                  1.000000    1.115594   -0.115594 (VIOLATED)
ANTENNA_fanout757_X/DIODE               1.000000    1.115569   -0.115569 (VIOLATED)
_3141_/A                                1.000000    1.115506   -0.115506 (VIOLATED)
_3144_/A1                               1.000000    1.115505   -0.115505 (VIOLATED)
fanout757/X                             1.000000    1.115484   -0.115484 (VIOLATED)
ANTENNA__2359__A1/DIODE                 1.000000    1.114966   -0.114966 (VIOLATED)
_2359_/A1                               1.000000    1.114952   -0.114952 (VIOLATED)
ANTENNA__3742__A0/DIODE                 1.000000    1.114911   -0.114911 (VIOLATED)
ANTENNA_hold3874_X/DIODE                1.000000    1.114911   -0.114911 (VIOLATED)
_3742_/A0                               1.000000    1.114911   -0.114911 (VIOLATED)
hold3874/X                              1.000000    1.114911   -0.114911 (VIOLATED)
ANTENNA__2733__A1/DIODE                 1.000000    1.114285   -0.114285 (VIOLATED)
_2733_/A1                               1.000000    1.114242   -0.114242 (VIOLATED)
fanout503/A                             1.000000    1.113925   -0.113925 (VIOLATED)
ANTENNA_fanout503_A/DIODE               1.000000    1.113858   -0.113858 (VIOLATED)
ANTENNA_fanout501_A/DIODE               1.000000    1.113693   -0.113693 (VIOLATED)
ANTENNA_fanout504_X/DIODE               1.000000    1.113693   -0.113693 (VIOLATED)
fanout501/A                             1.000000    1.113692   -0.113692 (VIOLATED)
fanout504/X                             1.000000    1.113674   -0.113674 (VIOLATED)
ANTENNA__3061__A2/DIODE                 1.000000    1.112592   -0.112592 (VIOLATED)
ANTENNA__3059__A2/DIODE                 1.000000    1.112590   -0.112590 (VIOLATED)
ANTENNA__3073__A2/DIODE                 1.000000    1.112589   -0.112589 (VIOLATED)
_3059_/A2                               1.000000    1.112576   -0.112576 (VIOLATED)
ANTENNA__3051__A2/DIODE                 1.000000    1.112569   -0.112569 (VIOLATED)
ANTENNA_fanout251_X/DIODE               1.000000    1.112565   -0.112565 (VIOLATED)
_3051_/A2                               1.000000    1.112563   -0.112564 (VIOLATED)
_3061_/A2                               1.000000    1.112560   -0.112560 (VIOLATED)
_3073_/A2                               1.000000    1.112232   -0.112232 (VIOLATED)
fanout251/X                             1.000000    1.112223   -0.112223 (VIOLATED)
ANTENNA__2921__B1/DIODE                 1.000000    1.108157   -0.108157 (VIOLATED)
ANTENNA__2844__A2/DIODE                 1.000000    1.108137   -0.108137 (VIOLATED)
ANTENNA__3001__B/DIODE                  1.000000    1.108116   -0.108116 (VIOLATED)
ANTENNA__2895__B/DIODE                  1.000000    1.108114   -0.108114 (VIOLATED)
_2921_/B1                               1.000000    1.108099   -0.108099 (VIOLATED)
ANTENNA_fanout331_X/DIODE               1.000000    1.108026   -0.108026 (VIOLATED)
ANTENNA__2872__A2/DIODE                 1.000000    1.107896   -0.107896 (VIOLATED)
_3016_/B1                               1.000000    1.107317   -0.107317 (VIOLATED)
_2872_/A2                               1.000000    1.106813   -0.106813 (VIOLATED)
_2844_/A2                               1.000000    1.106459   -0.106459 (VIOLATED)
ANTENNA__3016__B1/DIODE                 1.000000    1.106432   -0.106432 (VIOLATED)
_2895_/B                                1.000000    1.106376   -0.106376 (VIOLATED)
_3001_/B                                1.000000    1.106366   -0.106366 (VIOLATED)
fanout331/X                             1.000000    1.105935   -0.105935 (VIOLATED)
ANTENNA__3259__S/DIODE                  1.000000    1.104528   -0.104528 (VIOLATED)
ANTENNA__3250__S/DIODE                  1.000000    1.104416   -0.104416 (VIOLATED)
ANTENNA__3252__S/DIODE                  1.000000    1.104414   -0.104414 (VIOLATED)
_3259_/S                                1.000000    1.104325   -0.104325 (VIOLATED)
_3253_/S                                1.000000    1.104305   -0.104305 (VIOLATED)
_3252_/S                                1.000000    1.104249   -0.104249 (VIOLATED)
_3248_/S                                1.000000    1.104220   -0.104220 (VIOLATED)
ANTENNA_fanout221_X/DIODE               1.000000    1.104202   -0.104202 (VIOLATED)
ANTENNA__3249__S/DIODE                  1.000000    1.104193   -0.104193 (VIOLATED)
_3249_/S                                1.000000    1.104168   -0.104168 (VIOLATED)
ANTENNA__3253__S/DIODE                  1.000000    1.104126   -0.104126 (VIOLATED)
ANTENNA__3248__S/DIODE                  1.000000    1.104119   -0.104119 (VIOLATED)
_3250_/S                                1.000000    1.104114   -0.104114 (VIOLATED)
fanout221/X                             1.000000    1.103746   -0.103746 (VIOLATED)
ANTENNA__2860__A_N/DIODE                1.000000    1.099784   -0.099784 (VIOLATED)
ANTENNA_fanout600_A/DIODE               1.000000    1.099782   -0.099782 (VIOLATED)
ANTENNA__2720__C/DIODE                  1.000000    1.099743   -0.099743 (VIOLATED)
ANTENNA_fanout601_X/DIODE               1.000000    1.099740   -0.099740 (VIOLATED)
fanout600/A                             1.000000    1.099726   -0.099726 (VIOLATED)
ANTENNA__2951__A1/DIODE                 1.000000    1.099721   -0.099721 (VIOLATED)
ANTENNA__2948__C/DIODE                  1.000000    1.099712   -0.099712 (VIOLATED)
_2951_/A1                               1.000000    1.099696   -0.099696 (VIOLATED)
ANTENNA__2946__A/DIODE                  1.000000    1.099687   -0.099687 (VIOLATED)
_2860_/A_N                              1.000000    1.099676   -0.099676 (VIOLATED)
_2946_/A                                1.000000    1.099673   -0.099673 (VIOLATED)
_2948_/C                                1.000000    1.099664   -0.099664 (VIOLATED)
_2720_/C                                1.000000    1.099658   -0.099658 (VIOLATED)
fanout601/X                             1.000000    1.099622   -0.099622 (VIOLATED)
_3638_/S                                1.000000    1.094455   -0.094455 (VIOLATED)
_3640_/S                                1.000000    1.094414   -0.094414 (VIOLATED)
ANTENNA__3879__RESET_B/DIODE            1.000000    1.094394   -0.094394 (VIOLATED)
_3879_/RESET_B                          1.000000    1.094376   -0.094376 (VIOLATED)
ANTENNA__3820__RESET_B/DIODE            1.000000    1.094373   -0.094373 (VIOLATED)
ANTENNA__3638__S/DIODE                  1.000000    1.094367   -0.094367 (VIOLATED)
ANTENNA__3640__S/DIODE                  1.000000    1.094364   -0.094364 (VIOLATED)
_3880_/RESET_B                          1.000000    1.094302   -0.094302 (VIOLATED)
_3641_/S                                1.000000    1.094243   -0.094243 (VIOLATED)
ANTENNA__3880__RESET_B/DIODE            1.000000    1.094189   -0.094189 (VIOLATED)
ANTENNA__3821__RESET_B/DIODE            1.000000    1.094179   -0.094179 (VIOLATED)
_3820_/RESET_B                          1.000000    1.094178   -0.094178 (VIOLATED)
ANTENNA__3826__RESET_B/DIODE            1.000000    1.094133   -0.094133 (VIOLATED)
_3821_/RESET_B                          1.000000    1.093992   -0.093992 (VIOLATED)
_3628_/S                                1.000000    1.093869   -0.093869 (VIOLATED)
_3826_/RESET_B                          1.000000    1.093699   -0.093699 (VIOLATED)
ANTENNA_fanout833_A/DIODE               1.000000    1.093691   -0.093691 (VIOLATED)
fanout833/A                             1.000000    1.093680   -0.093680 (VIOLATED)
ANTENNA_fanout834_X/DIODE               1.000000    1.093667   -0.093667 (VIOLATED)
fanout834/X                             1.000000    1.093591   -0.093591 (VIOLATED)
_3635_/S                                1.000000    1.092694   -0.092694 (VIOLATED)
ANTENNA_fanout151_X/DIODE               1.000000    1.087422   -0.087422 (VIOLATED)
ANTENNA__3641__S/DIODE                  1.000000    1.087353   -0.087353 (VIOLATED)
ANTENNA__3628__S/DIODE                  1.000000    1.087274   -0.087274 (VIOLATED)
ANTENNA__3644__S/DIODE                  1.000000    1.087237   -0.087237 (VIOLATED)
_3644_/S                                1.000000    1.087000   -0.087000 (VIOLATED)
ANTENNA__3635__S/DIODE                  1.000000    1.086922   -0.086922 (VIOLATED)
fanout151/X                             1.000000    1.086886   -0.086886 (VIOLATED)
_3409_/B2                               1.000000    1.082134   -0.082134 (VIOLATED)
ANTENNA_42/DIODE                        1.000000    1.082132   -0.082132 (VIOLATED)
_3407_/B2                               1.000000    1.082083   -0.082083 (VIOLATED)
_3410_/B2                               1.000000    1.082077   -0.082077 (VIOLATED)
_3412_/B2                               1.000000    1.082073   -0.082073 (VIOLATED)
ANTENNA__3410__B2/DIODE                 1.000000    1.082072   -0.082072 (VIOLATED)
ANTENNA__3412__B2/DIODE                 1.000000    1.082071   -0.082071 (VIOLATED)
ANTENNA__3421__B2/DIODE                 1.000000    1.082070   -0.082070 (VIOLATED)
ANTENNA__3407__B2/DIODE                 1.000000    1.082067   -0.082067 (VIOLATED)
ANTENNA__3409__B2/DIODE                 1.000000    1.082066   -0.082066 (VIOLATED)
_3421_/B2                               1.000000    1.082052   -0.082052 (VIOLATED)
ANTENNA_fanout182_X/DIODE               1.000000    1.082049   -0.082049 (VIOLATED)
ANTENNA__3413__B2/DIODE                 1.000000    1.082047   -0.082047 (VIOLATED)
_3413_/B2                               1.000000    1.081979   -0.081979 (VIOLATED)
fanout182/X                             1.000000    1.081900   -0.081900 (VIOLATED)
ANTENNA__2223__C1/DIODE                 1.000000    1.075335   -0.075335 (VIOLATED)
_2223_/C1                               1.000000    1.075330   -0.075330 (VIOLATED)
fanout457/A                             1.000000    1.075297   -0.075297 (VIOLATED)
ANTENNA__2237__C1/DIODE                 1.000000    1.075286   -0.075286 (VIOLATED)
ANTENNA_fanout457_A/DIODE               1.000000    1.075278   -0.075278 (VIOLATED)
_2237_/C1                               1.000000    1.075273   -0.075273 (VIOLATED)
ANTENNA__2191__B1/DIODE                 1.000000    1.075224   -0.075224 (VIOLATED)
fanout456/A                             1.000000    1.075151   -0.075151 (VIOLATED)
_2191_/B1                               1.000000    1.075146   -0.075146 (VIOLATED)
_2272_/B1                               1.000000    1.075133   -0.075133 (VIOLATED)
ANTENNA_fanout456_A/DIODE               1.000000    1.075091   -0.075091 (VIOLATED)
ANTENNA_fanout458_X/DIODE               1.000000    1.074738   -0.074738 (VIOLATED)
ANTENNA__2272__B1/DIODE                 1.000000    1.074735   -0.074735 (VIOLATED)
fanout458/X                             1.000000    1.074713   -0.074713 (VIOLATED)
_2441_/A3                               1.000000    1.073667   -0.073667 (VIOLATED)
ANTENNA__2441__A3/DIODE                 1.000000    1.073665   -0.073665 (VIOLATED)
ANTENNA_fanout487_X/DIODE               1.000000    1.073665   -0.073665 (VIOLATED)
ANTENNA__2255__A3/DIODE                 1.000000    1.073664   -0.073664 (VIOLATED)
ANTENNA_fanout485_A/DIODE               1.000000    1.073663   -0.073663 (VIOLATED)
_2255_/A3                               1.000000    1.073660   -0.073660 (VIOLATED)
fanout485/A                             1.000000    1.073659   -0.073659 (VIOLATED)
fanout487/X                             1.000000    1.073633   -0.073633 (VIOLATED)
ANTENNA__2404__A2/DIODE                 1.000000    1.071687   -0.071687 (VIOLATED)
ANTENNA__2374__B1/DIODE                 1.000000    1.071685   -0.071685 (VIOLATED)
ANTENNA_fanout468_X/DIODE               1.000000    1.071680   -0.071680 (VIOLATED)
_2374_/B1                               1.000000    1.071676   -0.071676 (VIOLATED)
ANTENNA__2331__B1/DIODE                 1.000000    1.071629   -0.071629 (VIOLATED)
_2404_/A2                               1.000000    1.071585   -0.071585 (VIOLATED)
_2331_/B1                               1.000000    1.071554   -0.071554 (VIOLATED)
fanout468/X                             1.000000    1.071546   -0.071546 (VIOLATED)
ANTENNA_input30_X/DIODE                 1.000000    1.066661   -0.066661 (VIOLATED)
ANTENNA_fanout778_A/DIODE               1.000000    1.066597   -0.066597 (VIOLATED)
ANTENNA__3675__A1/DIODE                 1.000000    1.066584   -0.066584 (VIOLATED)
ANTENNA__3642__A0/DIODE                 1.000000    1.066582   -0.066582 (VIOLATED)
fanout778/A                             1.000000    1.066547   -0.066547 (VIOLATED)
_3642_/A0                               1.000000    1.066539   -0.066539 (VIOLATED)
_3675_/A1                               1.000000    1.066495   -0.066495 (VIOLATED)
input30/X                               1.000000    1.066168   -0.066168 (VIOLATED)
ANTENNA__3522__D_N/DIODE                1.000000    1.062021   -0.062022 (VIOLATED)
ANTENNA__3530__D_N/DIODE                1.000000    1.061988   -0.061989 (VIOLATED)
_3522_/D_N                              1.000000    1.061987   -0.061987 (VIOLATED)
fanout366/A                             1.000000    1.061910   -0.061910 (VIOLATED)
_3530_/D_N                              1.000000    1.061772   -0.061772 (VIOLATED)
ANTENNA__3053__A1/DIODE                 1.000000    1.061719   -0.061719 (VIOLATED)
ANTENNA__3051__A1/DIODE                 1.000000    1.061718   -0.061718 (VIOLATED)
ANTENNA__3055__A1/DIODE                 1.000000    1.061713   -0.061713 (VIOLATED)
ANTENNA_fanout298_A/DIODE               1.000000    1.061703   -0.061703 (VIOLATED)
_3055_/A1                               1.000000    1.061696   -0.061696 (VIOLATED)
ANTENNA__3049__A1/DIODE                 1.000000    1.061692   -0.061692 (VIOLATED)
ANTENNA_fanout299_X/DIODE               1.000000    1.061688   -0.061688 (VIOLATED)
_3051_/A1                               1.000000    1.061682   -0.061682 (VIOLATED)
ANTENNA__3047__A1/DIODE                 1.000000    1.061680   -0.061680 (VIOLATED)
ANTENNA_fanout366_A/DIODE               1.000000    1.061661   -0.061661 (VIOLATED)
_3053_/A1                               1.000000    1.061659   -0.061659 (VIOLATED)
fanout298/A                             1.000000    1.061651   -0.061651 (VIOLATED)
ANTENNA_fanout368_X/DIODE               1.000000    1.061651   -0.061650 (VIOLATED)
ANTENNA_fanout367_A/DIODE               1.000000    1.061646   -0.061646 (VIOLATED)
_3049_/A1                               1.000000    1.061642   -0.061642 (VIOLATED)
fanout367/A                             1.000000    1.061637   -0.061637 (VIOLATED)
_3047_/A1                               1.000000    1.061595   -0.061595 (VIOLATED)
fanout368/X                             1.000000    1.061594   -0.061594 (VIOLATED)
fanout299/X                             1.000000    1.061521   -0.061521 (VIOLATED)
ANTENNA__2187__B1/DIODE                 1.000000    1.060727   -0.060727 (VIOLATED)
ANTENNA__2223__B1/DIODE                 1.000000    1.060727   -0.060727 (VIOLATED)
ANTENNA_input32_X/DIODE                 1.000000    1.060708   -0.060708 (VIOLATED)
_2223_/B1                               1.000000    1.060687   -0.060687 (VIOLATED)
ANTENNA__3710__A0/DIODE                 1.000000    1.060634   -0.060634 (VIOLATED)
ANTENNA__3644__A0/DIODE                 1.000000    1.060630   -0.060630 (VIOLATED)
ANTENNA_fanout776_A/DIODE               1.000000    1.060623   -0.060623 (VIOLATED)
_2265_/A2                               1.000000    1.060608   -0.060608 (VIOLATED)
_2283_/A2                               1.000000    1.060587   -0.060587 (VIOLATED)
_2187_/B1                               1.000000    1.060579   -0.060579 (VIOLATED)
_3644_/A0                               1.000000    1.060578   -0.060578 (VIOLATED)
ANTENNA__2265__A2/DIODE                 1.000000    1.060578   -0.060578 (VIOLATED)
ANTENNA__2283__A2/DIODE                 1.000000    1.060572   -0.060572 (VIOLATED)
_2273_/A2                               1.000000    1.060562   -0.060562 (VIOLATED)
_2322_/A2                               1.000000    1.060557   -0.060557 (VIOLATED)
_3710_/A0                               1.000000    1.060529   -0.060529 (VIOLATED)
ANTENNA__2322__A2/DIODE                 1.000000    1.060510   -0.060510 (VIOLATED)
ANTENNA__2273__A2/DIODE                 1.000000    1.060504   -0.060504 (VIOLATED)
ANTENNA_fanout470_X/DIODE               1.000000    1.060501   -0.060501 (VIOLATED)
fanout776/A                             1.000000    1.060479   -0.060479 (VIOLATED)
input32/X                               1.000000    1.060441   -0.060441 (VIOLATED)
fanout470/X                             1.000000    1.060149   -0.060149 (VIOLATED)
ANTENNA__2999__A1/DIODE                 1.000000    1.060022   -0.060022 (VIOLATED)
ANTENNA_fanout403_A/DIODE               1.000000    1.059986   -0.059986 (VIOLATED)
ANTENNA_fanout402_A/DIODE               1.000000    1.059943   -0.059943 (VIOLATED)
ANTENNA_fanout404_X/DIODE               1.000000    1.059941   -0.059941 (VIOLATED)
ANTENNA__2818__A2/DIODE                 1.000000    1.059867   -0.059867 (VIOLATED)
ANTENNA__2748__A2/DIODE                 1.000000    1.059702   -0.059702 (VIOLATED)
_2818_/A2                               1.000000    1.059632   -0.059632 (VIOLATED)
_2999_/A1                               1.000000    1.059628   -0.059628 (VIOLATED)
fanout403/A                             1.000000    1.059627   -0.059627 (VIOLATED)
_2748_/A2                               1.000000    1.059624   -0.059624 (VIOLATED)
fanout402/A                             1.000000    1.059516   -0.059516 (VIOLATED)
fanout404/X                             1.000000    1.059479   -0.059479 (VIOLATED)
ANTENNA__2831__A3/DIODE                 1.000000    1.054228   -0.054228 (VIOLATED)
ANTENNA_20/DIODE                        1.000000    1.054216   -0.054216 (VIOLATED)
_2803_/B1                               1.000000    1.054164   -0.054164 (VIOLATED)
_2701_/B1                               1.000000    1.054162   -0.054162 (VIOLATED)
_2831_/A3                               1.000000    1.054150   -0.054150 (VIOLATED)
ANTENNA__2803__B1/DIODE                 1.000000    1.054114   -0.054113 (VIOLATED)
ANTENNA_fanout409_A/DIODE               1.000000    1.054107   -0.054107 (VIOLATED)
ANTENNA__2701__B1/DIODE                 1.000000    1.054098   -0.054098 (VIOLATED)
fanout409/A                             1.000000    1.054087   -0.054087 (VIOLATED)
fanout408/A                             1.000000    1.053646   -0.053646 (VIOLATED)
ANTENNA_fanout408_A/DIODE               1.000000    1.053641   -0.053641 (VIOLATED)
ANTENNA_fanout410_X/DIODE               1.000000    1.053641   -0.053641 (VIOLATED)
fanout410/X                             1.000000    1.053618   -0.053618 (VIOLATED)
hold3493/A                              1.000000    1.052512   -0.052512 (VIOLATED)
ANTENNA_3/DIODE                         1.000000    1.052507   -0.052507 (VIOLATED)
_3410_/X                                1.000000    1.052412   -0.052412 (VIOLATED)
ANTENNA__2418__C1/DIODE                 1.000000    1.048933   -0.048933 (VIOLATED)
ANTENNA__2428__C1/DIODE                 1.000000    1.048931   -0.048931 (VIOLATED)
ANTENNA__2423__C1/DIODE                 1.000000    1.048898   -0.048898 (VIOLATED)
ANTENNA_fanout422_A/DIODE               1.000000    1.048883   -0.048883 (VIOLATED)
ANTENNA__2440__C1/DIODE                 1.000000    1.048856   -0.048856 (VIOLATED)
_2418_/C1                               1.000000    1.048782   -0.048782 (VIOLATED)
_2428_/C1                               1.000000    1.048773   -0.048773 (VIOLATED)
fanout422/A                             1.000000    1.048764   -0.048764 (VIOLATED)
_2423_/C1                               1.000000    1.048762   -0.048762 (VIOLATED)
_2440_/C1                               1.000000    1.048714   -0.048714 (VIOLATED)
ANTENNA__3143__A3/DIODE                 1.000000    1.048516   -0.048516 (VIOLATED)
ANTENNA_fanout423_X/DIODE               1.000000    1.048515   -0.048515 (VIOLATED)
_3143_/A3                               1.000000    1.048483   -0.048483 (VIOLATED)
fanout423/X                             1.000000    1.048469   -0.048469 (VIOLATED)
_2335_/A1                               1.000000    1.048377   -0.048377 (VIOLATED)
ANTENNA__2335__A1/DIODE                 1.000000    1.048363   -0.048363 (VIOLATED)
ANTENNA__2106__A/DIODE                  1.000000    1.048314   -0.048314 (VIOLATED)
_2106_/A                                1.000000    1.048313   -0.048313 (VIOLATED)
ANTENNA__2105__A/DIODE                  1.000000    1.048313   -0.048313 (VIOLATED)
_2105_/A                                1.000000    1.048313   -0.048313 (VIOLATED)
ANTENNA_hold3859_X/DIODE                1.000000    1.048306   -0.048306 (VIOLATED)
ANTENNA__3739__A0/DIODE                 1.000000    1.048301   -0.048301 (VIOLATED)
_3739_/A0                               1.000000    1.048301   -0.048301 (VIOLATED)
hold3859/X                              1.000000    1.048301   -0.048301 (VIOLATED)
ANTENNA__2312__B/DIODE                  1.000000    1.045539   -0.045539 (VIOLATED)
_2312_/B                                1.000000    1.045527   -0.045526 (VIOLATED)
ANTENNA__2337__C/DIODE                  1.000000    1.045503   -0.045503 (VIOLATED)
ANTENNA__2304__C/DIODE                  1.000000    1.045475   -0.045475 (VIOLATED)
_2304_/C                                1.000000    1.045471   -0.045471 (VIOLATED)
_2337_/C                                1.000000    1.045439   -0.045439 (VIOLATED)
_2342_/C                                1.000000    1.045384   -0.045384 (VIOLATED)
ANTENNA__2342__C/DIODE                  1.000000    1.045361   -0.045361 (VIOLATED)
ANTENNA_fanout637_X/DIODE               1.000000    1.045222   -0.045222 (VIOLATED)
ANTENNA__2188__A_N/DIODE                1.000000    1.045218   -0.045218 (VIOLATED)
fanout636/A                             1.000000    1.045216   -0.045216 (VIOLATED)
ANTENNA_fanout636_A/DIODE               1.000000    1.045204   -0.045204 (VIOLATED)
_2188_/A_N                              1.000000    1.044972   -0.044972 (VIOLATED)
fanout637/X                             1.000000    1.044874   -0.044874 (VIOLATED)
_2434_/A2                               1.000000    1.041274   -0.041274 (VIOLATED)
ANTENNA__2434__A2/DIODE                 1.000000    1.041267   -0.041267 (VIOLATED)
ANTENNA__2446__A2/DIODE                 1.000000    1.041242   -0.041242 (VIOLATED)
_2446_/A2                               1.000000    1.041240   -0.041240 (VIOLATED)
ANTENNA__2256__C1/DIODE                 1.000000    1.041175   -0.041175 (VIOLATED)
ANTENNA_fanout457_X/DIODE               1.000000    1.041147   -0.041147 (VIOLATED)
_2256_/C1                               1.000000    1.041129   -0.041129 (VIOLATED)
fanout457/X                             1.000000    1.041125   -0.041125 (VIOLATED)
_2277_/A2                               1.000000    1.039930   -0.039930 (VIOLATED)
_2275_/Y                                1.000000    1.039923   -0.039923 (VIOLATED)
ANTENNA__3030__A2/DIODE                 1.000000    1.036351   -0.036351 (VIOLATED)
_3030_/A2                               1.000000    1.036341   -0.036341 (VIOLATED)
ANTENNA__3028__A2/DIODE                 1.000000    1.036288   -0.036288 (VIOLATED)
_3028_/A2                               1.000000    1.036239   -0.036239 (VIOLATED)
ANTENNA_fanout358_X/DIODE               1.000000    1.036211   -0.036211 (VIOLATED)
ANTENNA__3040__A2/DIODE                 1.000000    1.036184   -0.036184 (VIOLATED)
_3040_/A2                               1.000000    1.036164   -0.036164 (VIOLATED)
fanout358/X                             1.000000    1.036160   -0.036160 (VIOLATED)
ANTENNA__2276__A2/DIODE                 1.000000    1.034382   -0.034382 (VIOLATED)
ANTENNA_fanout449_X/DIODE               1.000000    1.034362   -0.034362 (VIOLATED)
_2276_/A2                               1.000000    1.034357   -0.034357 (VIOLATED)
ANTENNA__2323__C/DIODE                  1.000000    1.034322   -0.034322 (VIOLATED)
ANTENNA__2327__A2/DIODE                 1.000000    1.034310   -0.034310 (VIOLATED)
ANTENNA__2284__C/DIODE                  1.000000    1.034294   -0.034294 (VIOLATED)
_2284_/C                                1.000000    1.034293   -0.034293 (VIOLATED)
ANTENNA__2202__A2/DIODE                 1.000000    1.034284   -0.034284 (VIOLATED)
_2285_/A2                               1.000000    1.034284   -0.034284 (VIOLATED)
ANTENNA__2285__A2/DIODE                 1.000000    1.034282   -0.034282 (VIOLATED)
_2323_/C                                1.000000    1.034281   -0.034281 (VIOLATED)
_2327_/A2                               1.000000    1.034268   -0.034268 (VIOLATED)
_2202_/A2                               1.000000    1.034266   -0.034266 (VIOLATED)
fanout449/X                             1.000000    1.033939   -0.033939 (VIOLATED)
ANTENNA_fanout395_X/DIODE               1.000000    1.030940   -0.030940 (VIOLATED)
ANTENNA__3002__A2/DIODE                 1.000000    1.030907   -0.030907 (VIOLATED)
ANTENNA__2814__B2/DIODE                 1.000000    1.030876   -0.030876 (VIOLATED)
ANTENNA_fanout394_A/DIODE               1.000000    1.030844   -0.030844 (VIOLATED)
ANTENNA__2904__B1/DIODE                 1.000000    1.030777   -0.030777 (VIOLATED)
_2904_/B1                               1.000000    1.030446   -0.030446 (VIOLATED)
_2814_/B2                               1.000000    1.029943   -0.029943 (VIOLATED)
fanout394/A                             1.000000    1.029650   -0.029650 (VIOLATED)
_3002_/A2                               1.000000    1.029544   -0.029544 (VIOLATED)
fanout395/X                             1.000000    1.029506   -0.029506 (VIOLATED)
ANTENNA__2322__B1/DIODE                 1.000000    1.028906   -0.028906 (VIOLATED)
_2322_/B1                               1.000000    1.028861   -0.028861 (VIOLATED)
_2280_/B                                1.000000    1.028849   -0.028848 (VIOLATED)
_2194_/A2                               1.000000    1.028837   -0.028837 (VIOLATED)
ANTENNA__2273__B1/DIODE                 1.000000    1.028820   -0.028820 (VIOLATED)
fanout590/A                             1.000000    1.028576   -0.028576 (VIOLATED)
ANTENNA_fanout590_A/DIODE               1.000000    1.028563   -0.028563 (VIOLATED)
ANTENNA_fanout592_A/DIODE               1.000000    1.028561   -0.028561 (VIOLATED)
fanout592/A                             1.000000    1.028561   -0.028560 (VIOLATED)
fanout595/A                             1.000000    1.028525   -0.028525 (VIOLATED)
ANTENNA_fanout595_A/DIODE               1.000000    1.028523   -0.028523 (VIOLATED)
ANTENNA_fanout596_X/DIODE               1.000000    1.028523   -0.028523 (VIOLATED)
fanout596/X                             1.000000    1.028523   -0.028523 (VIOLATED)
ANTENNA__2222__B1/DIODE                 1.000000    1.028316   -0.028316 (VIOLATED)
_2222_/B1                               1.000000    1.028315   -0.028315 (VIOLATED)
ANTENNA__2194__A2/DIODE                 1.000000    1.028309   -0.028309 (VIOLATED)
_2273_/B1                               1.000000    1.028294   -0.028294 (VIOLATED)
ANTENNA__2236__B1/DIODE                 1.000000    1.028290   -0.028290 (VIOLATED)
ANTENNA_fanout441_X/DIODE               1.000000    1.028289   -0.028289 (VIOLATED)
_2236_/B1                               1.000000    1.028288   -0.028288 (VIOLATED)
ANTENNA__2280__B/DIODE                  1.000000    1.028239   -0.028239 (VIOLATED)
fanout441/X                             1.000000    1.028214   -0.028214 (VIOLATED)
ANTENNA_fanout452_A/DIODE               1.000000    1.025617   -0.025617 (VIOLATED)
ANTENNA__2190__X/DIODE                  1.000000    1.025616   -0.025616 (VIOLATED)
fanout452/A                             1.000000    1.025596   -0.025596 (VIOLATED)
ANTENNA_fanout448_A/DIODE               1.000000    1.025490   -0.025490 (VIOLATED)
fanout448/A                             1.000000    1.025250   -0.025250 (VIOLATED)
_2190_/X                                1.000000    1.025223   -0.025222 (VIOLATED)
hold2465/A                              1.000000    1.023140   -0.023140 (VIOLATED)
ANTENNA_36/DIODE                        1.000000    1.023108   -0.023108 (VIOLATED)
_3684_/X                                1.000000    1.022462   -0.022462 (VIOLATED)
ANTENNA_hold1450_A/DIODE                1.000000    1.022273   -0.022273 (VIOLATED)
hold1450/A                              1.000000    1.022206   -0.022206 (VIOLATED)
ANTENNA_2/DIODE                         1.000000    1.022192   -0.022192 (VIOLATED)
ANTENNA__2295__Y/DIODE                  1.000000    1.022041   -0.022041 (VIOLATED)
_2295_/Y                                1.000000    1.022018   -0.022018 (VIOLATED)
ANTENNA__2272__A1/DIODE                 1.000000    1.020569   -0.020569 (VIOLATED)
ANTENNA__2274__A1/DIODE                 1.000000    1.020541   -0.020541 (VIOLATED)
_2272_/A1                               1.000000    1.020531   -0.020531 (VIOLATED)
_2274_/A1                               1.000000    1.020527   -0.020527 (VIOLATED)
ANTENNA__2324__A1/DIODE                 1.000000    1.020436   -0.020436 (VIOLATED)
ANTENNA_fanout628_A/DIODE               1.000000    1.020391   -0.020391 (VIOLATED)
ANTENNA__2183__A1/DIODE                 1.000000    1.020390   -0.020390 (VIOLATED)
ANTENNA__2191__A1/DIODE                 1.000000    1.020363   -0.020363 (VIOLATED)
fanout628/A                             1.000000    1.020291   -0.020291 (VIOLATED)
_2324_/A1                               1.000000    1.020290   -0.020290 (VIOLATED)
_2191_/A1                               1.000000    1.020285   -0.020285 (VIOLATED)
_2183_/A1                               1.000000    1.020271   -0.020271 (VIOLATED)
ANTENNA__2328__A1/DIODE                 1.000000    1.020142   -0.020142 (VIOLATED)
ANTENNA__2179__A1/DIODE                 1.000000    1.020136   -0.020136 (VIOLATED)
ANTENNA__2449__A/DIODE                  1.000000    1.020134   -0.020134 (VIOLATED)
_2178_/A1                               1.000000    1.020106   -0.020106 (VIOLATED)
_2449_/A                                1.000000    1.020087   -0.020087 (VIOLATED)
_2179_/A1                               1.000000    1.020031   -0.020031 (VIOLATED)
_1926_/A                                1.000000    1.020028   -0.020028 (VIOLATED)
_2328_/A1                               1.000000    1.019972   -0.019972 (VIOLATED)
ANTENNA__1926__A/DIODE                  1.000000    1.019950   -0.019950 (VIOLATED)
ANTENNA__2178__A1/DIODE                 1.000000    1.019915   -0.019916 (VIOLATED)
ANTENNA_fanout629_X/DIODE               1.000000    1.019901   -0.019901 (VIOLATED)
_2344_/A1                               1.000000    1.019884   -0.019884 (VIOLATED)
fanout629/X                             1.000000    1.019882   -0.019882 (VIOLATED)
ANTENNA_fanout766_X/DIODE               1.000000    1.019876   -0.019876 (VIOLATED)
ANTENNA__2344__A1/DIODE                 1.000000    1.019875   -0.019875 (VIOLATED)
fanout766/X                             1.000000    1.019830   -0.019830 (VIOLATED)
ANTENNA__2832__A2/DIODE                 1.000000    1.019045   -0.019045 (VIOLATED)
_2964_/B                                1.000000    1.018961   -0.018961 (VIOLATED)
ANTENNA__2703__B/DIODE                  1.000000    1.018947   -0.018947 (VIOLATED)
ANTENNA__2964__B/DIODE                  1.000000    1.018946   -0.018946 (VIOLATED)
ANTENNA_fanout254_A/DIODE               1.000000    1.018939   -0.018939 (VIOLATED)
ANTENNA__2932__B/DIODE                  1.000000    1.018936   -0.018936 (VIOLATED)
fanout254/A                             1.000000    1.018909   -0.018909 (VIOLATED)
ANTENNA__2976__B/DIODE                  1.000000    1.018905   -0.018905 (VIOLATED)
ANTENNA_fanout386_X/DIODE               1.000000    1.018904   -0.018904 (VIOLATED)
ANTENNA__2853__B1/DIODE                 1.000000    1.018889   -0.018889 (VIOLATED)
_2832_/A2                               1.000000    1.018876   -0.018876 (VIOLATED)
_2853_/B1                               1.000000    1.018860   -0.018860 (VIOLATED)
_2932_/B                                1.000000    1.018858   -0.018858 (VIOLATED)
_2703_/B                                1.000000    1.018851   -0.018851 (VIOLATED)
_2976_/B                                1.000000    1.018801   -0.018801 (VIOLATED)
fanout386/X                             1.000000    1.018741   -0.018741 (VIOLATED)
ANTENNA__3035__A2/DIODE                 1.000000    1.018501   -0.018501 (VIOLATED)
ANTENNA__3029__A2/DIODE                 1.000000    1.018306   -0.018306 (VIOLATED)
_3035_/A2                               1.000000    1.018048   -0.018048 (VIOLATED)
ANTENNA__3037__A2/DIODE                 1.000000    1.018032   -0.018032 (VIOLATED)
_3029_/A2                               1.000000    1.017956   -0.017956 (VIOLATED)
_3027_/A2                               1.000000    1.017713   -0.017713 (VIOLATED)
ANTENNA__3027__A2/DIODE                 1.000000    1.017538   -0.017538 (VIOLATED)
ANTENNA__3025__A2/DIODE                 1.000000    1.017429   -0.017429 (VIOLATED)
_3025_/A2                               1.000000    1.017194   -0.017194 (VIOLATED)
ANTENNA_fanout255_X/DIODE               1.000000    1.017131   -0.017131 (VIOLATED)
_3037_/A2                               1.000000    1.017129   -0.017129 (VIOLATED)
fanout255/X                             1.000000    1.017083   -0.017083 (VIOLATED)
_2366_/C                                1.000000    1.015207   -0.015207 (VIOLATED)
_2199_/Y                                1.000000    1.015204   -0.015204 (VIOLATED)
fanout750/A                             1.000000    1.015204   -0.015204 (VIOLATED)
ANTENNA__3641__A0/DIODE                 1.000000    1.012965   -0.012965 (VIOLATED)
ANTENNA__3608__B1/DIODE                 1.000000    1.012964   -0.012964 (VIOLATED)
ANTENNA__3707__A0/DIODE                 1.000000    1.012962   -0.012962 (VIOLATED)
ANTENNA_fanout779_X/DIODE               1.000000    1.012961   -0.012961 (VIOLATED)
ANTENNA__3507__A1/DIODE                 1.000000    1.012959   -0.012959 (VIOLATED)
ANTENNA__3473__A0/DIODE                 1.000000    1.012953   -0.012953 (VIOLATED)
_3608_/B1                               1.000000    1.012944   -0.012944 (VIOLATED)
ANTENNA__3410__B1/DIODE                 1.000000    1.012923   -0.012923 (VIOLATED)
_3410_/B1                               1.000000    1.012918   -0.012918 (VIOLATED)
_3707_/A0                               1.000000    1.012886   -0.012886 (VIOLATED)
_3473_/A0                               1.000000    1.012878   -0.012878 (VIOLATED)
_3507_/A1                               1.000000    1.012878   -0.012878 (VIOLATED)
_3641_/A0                               1.000000    1.012878   -0.012878 (VIOLATED)
fanout779/X                             1.000000    1.012873   -0.012873 (VIOLATED)
ANTENNA__2328__B1/DIODE                 1.000000    1.011335   -0.011335 (VIOLATED)
_2328_/B1                               1.000000    1.011280   -0.011280 (VIOLATED)
ANTENNA__2320__X/DIODE                  1.000000    1.011076   -0.011076 (VIOLATED)
_2320_/X                                1.000000    1.011076   -0.011076 (VIOLATED)
ANTENNA__3671__S/DIODE                  1.000000    1.009479   -0.009479 (VIOLATED)
ANTENNA__3673__S/DIODE                  1.000000    1.009022   -0.009022 (VIOLATED)
ANTENNA__3656__S/DIODE                  1.000000    1.008991   -0.008991 (VIOLATED)
ANTENNA__3658__S/DIODE                  1.000000    1.008500   -0.008500 (VIOLATED)
_3658_/S                                1.000000    1.008033   -0.008033 (VIOLATED)
ANTENNA__2426__C1/DIODE                 1.000000    1.007659   -0.007659 (VIOLATED)
ANTENNA__2413__A2/DIODE                 1.000000    1.007653   -0.007653 (VIOLATED)
ANTENNA__2438__A/DIODE                  1.000000    1.007647   -0.007647 (VIOLATED)
ANTENNA__2421__C1/DIODE                 1.000000    1.007624   -0.007624 (VIOLATED)
ANTENNA__2370__C1/DIODE                 1.000000    1.007585   -0.007585 (VIOLATED)
ANTENNA__2416__C1/DIODE                 1.000000    1.007570   -0.007570 (VIOLATED)
_2416_/C1                               1.000000    1.007562   -0.007562 (VIOLATED)
_2426_/C1                               1.000000    1.007539   -0.007539 (VIOLATED)
_2413_/A2                               1.000000    1.007518   -0.007518 (VIOLATED)
_2421_/C1                               1.000000    1.007475   -0.007475 (VIOLATED)
_2370_/C1                               1.000000    1.007466   -0.007466 (VIOLATED)
_3656_/S                                1.000000    1.007413   -0.007413 (VIOLATED)
_2438_/A                                1.000000    1.007380   -0.007380 (VIOLATED)
ANTENNA_fanout456_X/DIODE               1.000000    1.007329   -0.007329 (VIOLATED)
_3661_/S                                1.000000    1.007143   -0.007143 (VIOLATED)
ANTENNA_input28_A/DIODE                 1.000000    1.007046   -0.007046 (VIOLATED)
fanout456/X                             1.000000    1.006989   -0.006989 (VIOLATED)
_3673_/S                                1.000000    1.006821   -0.006821 (VIOLATED)
_3671_/S                                1.000000    1.006797   -0.006797 (VIOLATED)
ANTENNA_64/DIODE                        1.000000    1.006597   -0.006597 (VIOLATED)
ANTENNA_fanout280_A/DIODE               1.000000    1.006463   -0.006463 (VIOLATED)
ANTENNA_fanout281_X/DIODE               1.000000    1.006463   -0.006463 (VIOLATED)
ANTENNA__3661__S/DIODE                  1.000000    1.006461   -0.006461 (VIOLATED)
fanout280/A                             1.000000    1.006454   -0.006454 (VIOLATED)
ANTENNA_67/DIODE                        1.000000    1.006389   -0.006389 (VIOLATED)
ANTENNA_66/DIODE                        1.000000    1.006388   -0.006388 (VIOLATED)
ANTENNA_65/DIODE                        1.000000    1.006384   -0.006384 (VIOLATED)
ANTENNA_63/DIODE                        1.000000    1.006372   -0.006372 (VIOLATED)
ANTENNA_62/DIODE                        1.000000    1.006370   -0.006370 (VIOLATED)
ANTENNA_61/DIODE                        1.000000    1.006362   -0.006362 (VIOLATED)
ANTENNA_60/DIODE                        1.000000    1.006358   -0.006358 (VIOLATED)
ANTENNA_59/DIODE                        1.000000    1.006355   -0.006355 (VIOLATED)
ANTENNA_58/DIODE                        1.000000    1.006352   -0.006352 (VIOLATED)
input28/A                               1.000000    1.006346   -0.006346 (VIOLATED)
tl_i[44]                                1.000000    1.006328   -0.006328 (VIOLATED)
fanout281/X                             1.000000    1.006234   -0.006234 (VIOLATED)
ANTENNA_fanout806_A/DIODE               1.000000    1.004526   -0.004526 (VIOLATED)
ANTENNA_fanout807_X/DIODE               1.000000    1.004524   -0.004524 (VIOLATED)
ANTENNA__3536__D_N/DIODE                1.000000    1.004482   -0.004482 (VIOLATED)
ANTENNA_fanout366_X/DIODE               1.000000    1.004478   -0.004478 (VIOLATED)
ANTENNA_fanout365_A/DIODE               1.000000    1.004473   -0.004473 (VIOLATED)
ANTENNA__3724__A0/DIODE                 1.000000    1.004453   -0.004453 (VIOLATED)
ANTENNA__3558__D_N/DIODE                1.000000    1.004432   -0.004432 (VIOLATED)
ANTENNA__3552__D_N/DIODE                1.000000    1.004422   -0.004422 (VIOLATED)
_3724_/A0                               1.000000    1.004422   -0.004422 (VIOLATED)
_3731_/A1                               1.000000    1.004393   -0.004393 (VIOLATED)
ANTENNA__3528__D_N/DIODE                1.000000    1.004386   -0.004386 (VIOLATED)
ANTENNA__3526__D_N/DIODE                1.000000    1.004373   -0.004373 (VIOLATED)
_3536_/D_N                              1.000000    1.004371   -0.004371 (VIOLATED)
fanout365/A                             1.000000    1.004164   -0.004164 (VIOLATED)
_3558_/D_N                              1.000000    1.004152   -0.004152 (VIOLATED)
_3552_/D_N                              1.000000    1.004147   -0.004147 (VIOLATED)
_3528_/D_N                              1.000000    1.004097   -0.004097 (VIOLATED)
_3526_/D_N                              1.000000    1.004096   -0.004096 (VIOLATED)
fanout366/X                             1.000000    1.004081   -0.004081 (VIOLATED)
ANTENNA__3731__A1/DIODE                 1.000000    1.004051   -0.004051 (VIOLATED)
_3491_/A1                               1.000000    1.003403   -0.003403 (VIOLATED)
_3457_/A0                               1.000000    1.003361   -0.003361 (VIOLATED)
ANTENNA_fanout211_A/DIODE               1.000000    1.003299   -0.003299 (VIOLATED)
ANTENNA_fanout210_A/DIODE               1.000000    1.003249   -0.003249 (VIOLATED)
fanout210/A                             1.000000    1.003169   -0.003169 (VIOLATED)
ANTENNA__3457__A0/DIODE                 1.000000    1.003086   -0.003086 (VIOLATED)
ANTENNA__3491__A1/DIODE                 1.000000    1.003074   -0.003074 (VIOLATED)
fanout211/A                             1.000000    1.003057   -0.003057 (VIOLATED)
fanout806/A                             1.000000    1.003050   -0.003050 (VIOLATED)
fanout807/X                             1.000000    1.002992   -0.002992 (VIOLATED)
ANTENNA_fanout212_X/DIODE               1.000000    1.002890   -0.002890 (VIOLATED)
ANTENNA_fanout208_A/DIODE               1.000000    1.002881   -0.002881 (VIOLATED)
fanout208/A                             1.000000    1.002879   -0.002879 (VIOLATED)
ANTENNA_fanout209_A/DIODE               1.000000    1.002867   -0.002867 (VIOLATED)
fanout209/A                             1.000000    1.002865   -0.002865 (VIOLATED)
fanout212/X                             1.000000    1.002820   -0.002820 (VIOLATED)
ANTENNA_fanout121_A/DIODE               1.000000    1.002116   -0.002116 (VIOLATED)
ANTENNA__3531__B1/DIODE                 1.000000    1.002094   -0.002094 (VIOLATED)
ANTENNA_fanout122_A/DIODE               1.000000    1.002088   -0.002088 (VIOLATED)
fanout122/A                             1.000000    1.002082   -0.002082 (VIOLATED)
_3531_/B1                               1.000000    1.002023   -0.002023 (VIOLATED)
fanout121/A                             1.000000    1.002017   -0.002017 (VIOLATED)
ANTENNA__3523__B1/DIODE                 1.000000    1.001996   -0.001996 (VIOLATED)
ANTENNA_fanout123_X/DIODE               1.000000    1.001996   -0.001996 (VIOLATED)
_3523_/B1                               1.000000    1.001974   -0.001974 (VIOLATED)
fanout123/X                             1.000000    1.001606   -0.001606 (VIOLATED)
ANTENNA_fanout226_A/DIODE               1.000000    1.000776   -0.000776 (VIOLATED)
ANTENNA_fanout227_A/DIODE               1.000000    1.000564   -0.000564 (VIOLATED)
fanout227/A                             1.000000    1.000360   -0.000360 (VIOLATED)
ANTENNA_43/DIODE                        1.000000    1.000355   -0.000355 (VIOLATED)

max fanout

Pin                                   Limit Fanout  Slack
---------------------------------------------------------
clkbuf_3_0__f_clk_i/X                     6     27    -21 (VIOLATED)
clkbuf_3_4__f_clk_i/X                     6     25    -19 (VIOLATED)
clkbuf_3_6__f_clk_i/X                     6     25    -19 (VIOLATED)
clkbuf_leaf_58_clk_i/X                    6     25    -19 (VIOLATED)
clkbuf_3_1__f_clk_i/X                     6     23    -17 (VIOLATED)
clkbuf_3_2__f_clk_i/X                     6     23    -17 (VIOLATED)
clkbuf_3_3__f_clk_i/X                     6     23    -17 (VIOLATED)
clkbuf_3_5__f_clk_i/X                     6     21    -15 (VIOLATED)
clkbuf_3_7__f_clk_i/X                     6     21    -15 (VIOLATED)
clkbuf_leaf_46_clk_i/X                    6     21    -15 (VIOLATED)
clkbuf_0_clk_i/X                          6     17    -11 (VIOLATED)
clkbuf_leaf_52_clk_i/X                    6     16    -10 (VIOLATED)
fanout609/X                               6     16    -10 (VIOLATED)
clkbuf_leaf_37_clk_i/X                    6     15     -9 (VIOLATED)
fanout412/X                               6     15     -9 (VIOLATED)
clkbuf_leaf_38_clk_i/X                    6     14     -8 (VIOLATED)
fanout182/X                               6     14     -8 (VIOLATED)
fanout183/X                               6     14     -8 (VIOLATED)
fanout316/X                               6     14     -8 (VIOLATED)
fanout326/X                               6     14     -8 (VIOLATED)
fanout338/X                               6     14     -8 (VIOLATED)
fanout371/X                               6     14     -8 (VIOLATED)
fanout589/X                               6     14     -8 (VIOLATED)
_2632_/X                                  6     13     -7 (VIOLATED)
_2646_/X                                  6     13     -7 (VIOLATED)
clkbuf_leaf_21_clk_i/X                    6     13     -7 (VIOLATED)
clkbuf_leaf_2_clk_i/X                     6     13     -7 (VIOLATED)
clkbuf_leaf_6_clk_i/X                     6     13     -7 (VIOLATED)
clkbuf_leaf_72_clk_i/X                    6     13     -7 (VIOLATED)
clkbuf_leaf_80_clk_i/X                    6     13     -7 (VIOLATED)
fanout120/X                               6     13     -7 (VIOLATED)
fanout121/X                               6     13     -7 (VIOLATED)
fanout122/X                               6     13     -7 (VIOLATED)
fanout124/X                               6     13     -7 (VIOLATED)
fanout126/X                               6     13     -7 (VIOLATED)
fanout127/X                               6     13     -7 (VIOLATED)
fanout128/X                               6     13     -7 (VIOLATED)
fanout131/X                               6     13     -7 (VIOLATED)
fanout133/X                               6     13     -7 (VIOLATED)
fanout139/X                               6     13     -7 (VIOLATED)
fanout143/X                               6     13     -7 (VIOLATED)
fanout144/X                               6     13     -7 (VIOLATED)
fanout146/X                               6     13     -7 (VIOLATED)
fanout148/X                               6     13     -7 (VIOLATED)
fanout151/X                               6     13     -7 (VIOLATED)
fanout153/X                               6     13     -7 (VIOLATED)
fanout155/X                               6     13     -7 (VIOLATED)
fanout159/X                               6     13     -7 (VIOLATED)
fanout161/X                               6     13     -7 (VIOLATED)
fanout163/X                               6     13     -7 (VIOLATED)
fanout167/X                               6     13     -7 (VIOLATED)
fanout169/X                               6     13     -7 (VIOLATED)
fanout171/X                               6     13     -7 (VIOLATED)
fanout172/X                               6     13     -7 (VIOLATED)
fanout173/X                               6     13     -7 (VIOLATED)
fanout174/X                               6     13     -7 (VIOLATED)
fanout178/X                               6     13     -7 (VIOLATED)
fanout179/X                               6     13     -7 (VIOLATED)
fanout185/X                               6     13     -7 (VIOLATED)
fanout186/X                               6     13     -7 (VIOLATED)
fanout189/X                               6     13     -7 (VIOLATED)
fanout190/X                               6     13     -7 (VIOLATED)
fanout193/X                               6     13     -7 (VIOLATED)
fanout196/X                               6     13     -7 (VIOLATED)
fanout197/X                               6     13     -7 (VIOLATED)
fanout200/X                               6     13     -7 (VIOLATED)
fanout201/X                               6     13     -7 (VIOLATED)
fanout204/X                               6     13     -7 (VIOLATED)
fanout206/X                               6     13     -7 (VIOLATED)
fanout213/X                               6     13     -7 (VIOLATED)
fanout214/X                               6     13     -7 (VIOLATED)
fanout220/X                               6     13     -7 (VIOLATED)
fanout221/X                               6     13     -7 (VIOLATED)
fanout224/X                               6     13     -7 (VIOLATED)
fanout226/X                               6     13     -7 (VIOLATED)
fanout229/X                               6     13     -7 (VIOLATED)
fanout230/X                               6     13     -7 (VIOLATED)
fanout233/X                               6     13     -7 (VIOLATED)
fanout234/X                               6     13     -7 (VIOLATED)
fanout237/X                               6     13     -7 (VIOLATED)
fanout238/X                               6     13     -7 (VIOLATED)
fanout240/X                               6     13     -7 (VIOLATED)
fanout242/X                               6     13     -7 (VIOLATED)
fanout244/X                               6     13     -7 (VIOLATED)
fanout246/X                               6     13     -7 (VIOLATED)
fanout248/X                               6     13     -7 (VIOLATED)
fanout250/X                               6     13     -7 (VIOLATED)
fanout253/X                               6     13     -7 (VIOLATED)
fanout255/X                               6     13     -7 (VIOLATED)
fanout267/X                               6     13     -7 (VIOLATED)
fanout269/X                               6     13     -7 (VIOLATED)
fanout270/X                               6     13     -7 (VIOLATED)
fanout273/X                               6     13     -7 (VIOLATED)
fanout274/X                               6     13     -7 (VIOLATED)
fanout276/X                               6     13     -7 (VIOLATED)
fanout277/X                               6     13     -7 (VIOLATED)
fanout280/X                               6     13     -7 (VIOLATED)
fanout281/X                               6     13     -7 (VIOLATED)
fanout282/X                               6     13     -7 (VIOLATED)
fanout283/X                               6     13     -7 (VIOLATED)
fanout284/X                               6     13     -7 (VIOLATED)
fanout287/X                               6     13     -7 (VIOLATED)
fanout288/X                               6     13     -7 (VIOLATED)
fanout295/X                               6     13     -7 (VIOLATED)
fanout297/X                               6     13     -7 (VIOLATED)
fanout299/X                               6     13     -7 (VIOLATED)
fanout300/X                               6     13     -7 (VIOLATED)
fanout315/X                               6     13     -7 (VIOLATED)
fanout318/X                               6     13     -7 (VIOLATED)
fanout324/X                               6     13     -7 (VIOLATED)
fanout327/X                               6     13     -7 (VIOLATED)
fanout328/X                               6     13     -7 (VIOLATED)
fanout329/X                               6     13     -7 (VIOLATED)
fanout330/X                               6     13     -7 (VIOLATED)
fanout331/X                               6     13     -7 (VIOLATED)
fanout334/X                               6     13     -7 (VIOLATED)
fanout339/X                               6     13     -7 (VIOLATED)
fanout340/X                               6     13     -7 (VIOLATED)
fanout341/X                               6     13     -7 (VIOLATED)
fanout346/X                               6     13     -7 (VIOLATED)
fanout347/X                               6     13     -7 (VIOLATED)
fanout349/X                               6     13     -7 (VIOLATED)
fanout350/X                               6     13     -7 (VIOLATED)
fanout353/X                               6     13     -7 (VIOLATED)
fanout357/X                               6     13     -7 (VIOLATED)
fanout359/X                               6     13     -7 (VIOLATED)
fanout360/X                               6     13     -7 (VIOLATED)
fanout361/X                               6     13     -7 (VIOLATED)
fanout362/X                               6     13     -7 (VIOLATED)
fanout366/X                               6     13     -7 (VIOLATED)
fanout369/X                               6     13     -7 (VIOLATED)
fanout373/X                               6     13     -7 (VIOLATED)
fanout374/X                               6     13     -7 (VIOLATED)
fanout375/X                               6     13     -7 (VIOLATED)
fanout377/X                               6     13     -7 (VIOLATED)
fanout379/X                               6     13     -7 (VIOLATED)
fanout381/X                               6     13     -7 (VIOLATED)
fanout382/X                               6     13     -7 (VIOLATED)
fanout384/X                               6     13     -7 (VIOLATED)
fanout386/X                               6     13     -7 (VIOLATED)
fanout387/X                               6     13     -7 (VIOLATED)
fanout388/X                               6     13     -7 (VIOLATED)
fanout391/X                               6     13     -7 (VIOLATED)
fanout392/X                               6     13     -7 (VIOLATED)
fanout393/X                               6     13     -7 (VIOLATED)
fanout394/X                               6     13     -7 (VIOLATED)
fanout397/X                               6     13     -7 (VIOLATED)
fanout401/X                               6     13     -7 (VIOLATED)
fanout405/X                               6     13     -7 (VIOLATED)
fanout407/X                               6     13     -7 (VIOLATED)
fanout408/X                               6     13     -7 (VIOLATED)
fanout411/X                               6     13     -7 (VIOLATED)
fanout416/X                               6     13     -7 (VIOLATED)
fanout417/X                               6     13     -7 (VIOLATED)
fanout421/X                               6     13     -7 (VIOLATED)
fanout423/X                               6     13     -7 (VIOLATED)
fanout428/X                               6     13     -7 (VIOLATED)
fanout429/X                               6     13     -7 (VIOLATED)
fanout432/X                               6     13     -7 (VIOLATED)
fanout434/X                               6     13     -7 (VIOLATED)
fanout437/X                               6     13     -7 (VIOLATED)
fanout438/X                               6     13     -7 (VIOLATED)
fanout439/X                               6     13     -7 (VIOLATED)
fanout440/X                               6     13     -7 (VIOLATED)
fanout441/X                               6     13     -7 (VIOLATED)
fanout446/X                               6     13     -7 (VIOLATED)
fanout449/X                               6     13     -7 (VIOLATED)
fanout451/X                               6     13     -7 (VIOLATED)
fanout453/X                               6     13     -7 (VIOLATED)
fanout454/X                               6     13     -7 (VIOLATED)
fanout456/X                               6     13     -7 (VIOLATED)
fanout458/X                               6     13     -7 (VIOLATED)
fanout460/X                               6     13     -7 (VIOLATED)
fanout461/X                               6     13     -7 (VIOLATED)
fanout463/X                               6     13     -7 (VIOLATED)
fanout466/X                               6     13     -7 (VIOLATED)
fanout467/X                               6     13     -7 (VIOLATED)
fanout470/X                               6     13     -7 (VIOLATED)
fanout471/X                               6     13     -7 (VIOLATED)
fanout472/X                               6     13     -7 (VIOLATED)
fanout473/X                               6     13     -7 (VIOLATED)
fanout474/X                               6     13     -7 (VIOLATED)
fanout475/X                               6     13     -7 (VIOLATED)
fanout476/X                               6     13     -7 (VIOLATED)
fanout477/X                               6     13     -7 (VIOLATED)
fanout478/X                               6     13     -7 (VIOLATED)
fanout479/X                               6     13     -7 (VIOLATED)
fanout481/X                               6     13     -7 (VIOLATED)
fanout482/X                               6     13     -7 (VIOLATED)
fanout485/X                               6     13     -7 (VIOLATED)
fanout486/X                               6     13     -7 (VIOLATED)
fanout491/X                               6     13     -7 (VIOLATED)
fanout493/X                               6     13     -7 (VIOLATED)
fanout497/X                               6     13     -7 (VIOLATED)
fanout502/X                               6     13     -7 (VIOLATED)
fanout503/X                               6     13     -7 (VIOLATED)
fanout507/X                               6     13     -7 (VIOLATED)
fanout511/X                               6     13     -7 (VIOLATED)
fanout513/X                               6     13     -7 (VIOLATED)
fanout515/X                               6     13     -7 (VIOLATED)
fanout517/X                               6     13     -7 (VIOLATED)
fanout563/X                               6     13     -7 (VIOLATED)
fanout572/X                               6     13     -7 (VIOLATED)
fanout573/X                               6     13     -7 (VIOLATED)
fanout575/X                               6     13     -7 (VIOLATED)
fanout577/X                               6     13     -7 (VIOLATED)
fanout580/X                               6     13     -7 (VIOLATED)
fanout588/X                               6     13     -7 (VIOLATED)
fanout590/X                               6     13     -7 (VIOLATED)
fanout592/X                               6     13     -7 (VIOLATED)
fanout593/X                               6     13     -7 (VIOLATED)
fanout601/X                               6     13     -7 (VIOLATED)
fanout602/X                               6     13     -7 (VIOLATED)
fanout621/X                               6     13     -7 (VIOLATED)
fanout629/X                               6     13     -7 (VIOLATED)
fanout631/X                               6     13     -7 (VIOLATED)
fanout636/X                               6     13     -7 (VIOLATED)
fanout637/X                               6     13     -7 (VIOLATED)
fanout638/X                               6     13     -7 (VIOLATED)
fanout639/X                               6     13     -7 (VIOLATED)
fanout644/X                               6     13     -7 (VIOLATED)
fanout645/X                               6     13     -7 (VIOLATED)
fanout648/X                               6     13     -7 (VIOLATED)
fanout749/X                               6     13     -7 (VIOLATED)
fanout750/X                               6     13     -7 (VIOLATED)
fanout753/X                               6     13     -7 (VIOLATED)
fanout756/X                               6     13     -7 (VIOLATED)
fanout762/X                               6     13     -7 (VIOLATED)
fanout763/X                               6     13     -7 (VIOLATED)
fanout765/X                               6     13     -7 (VIOLATED)
fanout766/X                               6     13     -7 (VIOLATED)
fanout770/X                               6     13     -7 (VIOLATED)
fanout779/X                               6     13     -7 (VIOLATED)
fanout790/X                               6     13     -7 (VIOLATED)
fanout796/X                               6     13     -7 (VIOLATED)
fanout808/X                               6     13     -7 (VIOLATED)
fanout810/X                               6     13     -7 (VIOLATED)
fanout811/X                               6     13     -7 (VIOLATED)
fanout812/X                               6     13     -7 (VIOLATED)
fanout813/X                               6     13     -7 (VIOLATED)
fanout834/X                               6     13     -7 (VIOLATED)
fanout848/X                               6     13     -7 (VIOLATED)
fanout849/X                               6     13     -7 (VIOLATED)
fanout857/X                               6     13     -7 (VIOLATED)
fanout858/X                               6     13     -7 (VIOLATED)
hold1245/X                                6     13     -7 (VIOLATED)
hold1372/X                                6     13     -7 (VIOLATED)
hold1548/X                                6     13     -7 (VIOLATED)
tl_i[44]                                  6     12     -6 (VIOLATED)
clkbuf_leaf_23_clk_i/X                    6     12     -6 (VIOLATED)
clkbuf_leaf_31_clk_i/X                    6     12     -6 (VIOLATED)
clkbuf_leaf_40_clk_i/X                    6     12     -6 (VIOLATED)
clkbuf_leaf_44_clk_i/X                    6     12     -6 (VIOLATED)
clkbuf_leaf_47_clk_i/X                    6     12     -6 (VIOLATED)
clkbuf_leaf_63_clk_i/X                    6     12     -6 (VIOLATED)
clkbuf_leaf_78_clk_i/X                    6     12     -6 (VIOLATED)
clkbuf_leaf_7_clk_i/X                     6     12     -6 (VIOLATED)
fanout410/X                               6     12     -6 (VIOLATED)
_3585_/Y                                  6     11     -5 (VIOLATED)
clkbuf_leaf_0_clk_i/X                     6     11     -5 (VIOLATED)
clkbuf_leaf_22_clk_i/X                    6     11     -5 (VIOLATED)
clkbuf_leaf_43_clk_i/X                    6     11     -5 (VIOLATED)
clkbuf_leaf_45_clk_i/X                    6     11     -5 (VIOLATED)
clkbuf_leaf_60_clk_i/X                    6     11     -5 (VIOLATED)
clkbuf_leaf_62_clk_i/X                    6     11     -5 (VIOLATED)
clkbuf_leaf_64_clk_i/X                    6     11     -5 (VIOLATED)
clkbuf_leaf_67_clk_i/X                    6     11     -5 (VIOLATED)
clkbuf_leaf_74_clk_i/X                    6     11     -5 (VIOLATED)
clkbuf_leaf_77_clk_i/X                    6     11     -5 (VIOLATED)
clkbuf_leaf_81_clk_i/X                    6     11     -5 (VIOLATED)
fanout142/X                               6     11     -5 (VIOLATED)
fanout145/X                               6     11     -5 (VIOLATED)
fanout175/X                               6     11     -5 (VIOLATED)
fanout176/X                               6     11     -5 (VIOLATED)
fanout184/X                               6     11     -5 (VIOLATED)
fanout191/X                               6     11     -5 (VIOLATED)
fanout219/X                               6     11     -5 (VIOLATED)
fanout236/X                               6     11     -5 (VIOLATED)
fanout272/X                               6     11     -5 (VIOLATED)
fanout289/X                               6     11     -5 (VIOLATED)
fanout302/X                               6     11     -5 (VIOLATED)
fanout325/X                               6     11     -5 (VIOLATED)
fanout332/X                               6     11     -5 (VIOLATED)
fanout333/X                               6     11     -5 (VIOLATED)
fanout344/X                               6     11     -5 (VIOLATED)
fanout383/X                               6     11     -5 (VIOLATED)
fanout389/X                               6     11     -5 (VIOLATED)
fanout390/X                               6     11     -5 (VIOLATED)
fanout404/X                               6     11     -5 (VIOLATED)
fanout415/X                               6     11     -5 (VIOLATED)
fanout420/X                               6     11     -5 (VIOLATED)
fanout431/X                               6     11     -5 (VIOLATED)
fanout433/X                               6     11     -5 (VIOLATED)
fanout484/X                               6     11     -5 (VIOLATED)
fanout600/X                               6     11     -5 (VIOLATED)
fanout626/X                               6     11     -5 (VIOLATED)
fanout632/X                               6     11     -5 (VIOLATED)
fanout747/X                               6     11     -5 (VIOLATED)
fanout805/X                               6     11     -5 (VIOLATED)
fanout807/X                               6     11     -5 (VIOLATED)
fanout822/X                               6     11     -5 (VIOLATED)
fanout846/X                               6     11     -5 (VIOLATED)
hold1524/X                                6     11     -5 (VIOLATED)
hold1634/X                                6     11     -5 (VIOLATED)
clkbuf_leaf_14_clk_i/X                    6     10     -4 (VIOLATED)
clkbuf_leaf_24_clk_i/X                    6     10     -4 (VIOLATED)
clkbuf_leaf_3_clk_i/X                     6     10     -4 (VIOLATED)
clkbuf_leaf_4_clk_i/X                     6     10     -4 (VIOLATED)
clkbuf_leaf_50_clk_i/X                    6     10     -4 (VIOLATED)
clkbuf_leaf_59_clk_i/X                    6     10     -4 (VIOLATED)
clkbuf_leaf_66_clk_i/X                    6     10     -4 (VIOLATED)
clkbuf_leaf_68_clk_i/X                    6     10     -4 (VIOLATED)
clkbuf_leaf_71_clk_i/X                    6     10     -4 (VIOLATED)
clkbuf_leaf_75_clk_i/X                    6     10     -4 (VIOLATED)
fanout228/X                               6     10     -4 (VIOLATED)
fanout348/X                               6     10     -4 (VIOLATED)
fanout413/X                               6     10     -4 (VIOLATED)
fanout419/X                               6     10     -4 (VIOLATED)
fanout730/X                               6     10     -4 (VIOLATED)
fanout787/X                               6     10     -4 (VIOLATED)
hold1244/X                                6     10     -4 (VIOLATED)
hold1579/X                                6     10     -4 (VIOLATED)
_2655_/X                                  6      9     -3 (VIOLATED)
_2673_/Y                                  6      9     -3 (VIOLATED)
clkbuf_leaf_10_clk_i/X                    6      9     -3 (VIOLATED)
clkbuf_leaf_11_clk_i/X                    6      9     -3 (VIOLATED)
clkbuf_leaf_12_clk_i/X                    6      9     -3 (VIOLATED)
clkbuf_leaf_16_clk_i/X                    6      9     -3 (VIOLATED)
clkbuf_leaf_18_clk_i/X                    6      9     -3 (VIOLATED)
clkbuf_leaf_1_clk_i/X                     6      9     -3 (VIOLATED)
clkbuf_leaf_28_clk_i/X                    6      9     -3 (VIOLATED)
clkbuf_leaf_39_clk_i/X                    6      9     -3 (VIOLATED)
clkbuf_leaf_42_clk_i/X                    6      9     -3 (VIOLATED)
clkbuf_leaf_48_clk_i/X                    6      9     -3 (VIOLATED)
clkbuf_leaf_53_clk_i/X                    6      9     -3 (VIOLATED)
clkbuf_leaf_5_clk_i/X                     6      9     -3 (VIOLATED)
clkbuf_leaf_61_clk_i/X                    6      9     -3 (VIOLATED)
clkbuf_leaf_8_clk_i/X                     6      9     -3 (VIOLATED)
clkbuf_leaf_9_clk_i/X                     6      9     -3 (VIOLATED)
fanout123/X                               6      9     -3 (VIOLATED)
fanout129/X                               6      9     -3 (VIOLATED)
fanout130/X                               6      9     -3 (VIOLATED)
fanout132/X                               6      9     -3 (VIOLATED)
fanout152/X                               6      9     -3 (VIOLATED)
fanout158/X                               6      9     -3 (VIOLATED)
fanout166/X                               6      9     -3 (VIOLATED)
fanout177/X                               6      9     -3 (VIOLATED)
fanout195/X                               6      9     -3 (VIOLATED)
fanout199/X                               6      9     -3 (VIOLATED)
fanout203/X                               6      9     -3 (VIOLATED)
fanout205/X                               6      9     -3 (VIOLATED)
fanout212/X                               6      9     -3 (VIOLATED)
fanout215/X                               6      9     -3 (VIOLATED)
fanout235/X                               6      9     -3 (VIOLATED)
fanout239/X                               6      9     -3 (VIOLATED)
fanout241/X                               6      9     -3 (VIOLATED)
fanout243/X                               6      9     -3 (VIOLATED)
fanout247/X                               6      9     -3 (VIOLATED)
fanout249/X                               6      9     -3 (VIOLATED)
fanout251/X                               6      9     -3 (VIOLATED)
fanout254/X                               6      9     -3 (VIOLATED)
fanout263/X                               6      9     -3 (VIOLATED)
fanout279/X                               6      9     -3 (VIOLATED)
fanout285/X                               6      9     -3 (VIOLATED)
fanout286/X                               6      9     -3 (VIOLATED)
fanout311/X                               6      9     -3 (VIOLATED)
fanout321/X                               6      9     -3 (VIOLATED)
fanout351/X                               6      9     -3 (VIOLATED)
fanout356/X                               6      9     -3 (VIOLATED)
fanout363/X                               6      9     -3 (VIOLATED)
fanout368/X                               6      9     -3 (VIOLATED)
fanout380/X                               6      9     -3 (VIOLATED)
fanout395/X                               6      9     -3 (VIOLATED)
fanout396/X                               6      9     -3 (VIOLATED)
fanout406/X                               6      9     -3 (VIOLATED)
fanout422/X                               6      9     -3 (VIOLATED)
fanout436/X                               6      9     -3 (VIOLATED)
fanout452/X                               6      9     -3 (VIOLATED)
fanout462/X                               6      9     -3 (VIOLATED)
fanout469/X                               6      9     -3 (VIOLATED)
fanout483/X                               6      9     -3 (VIOLATED)
fanout501/X                               6      9     -3 (VIOLATED)
fanout512/X                               6      9     -3 (VIOLATED)
fanout514/X                               6      9     -3 (VIOLATED)
fanout549/X                               6      9     -3 (VIOLATED)
fanout557/X                               6      9     -3 (VIOLATED)
fanout574/X                               6      9     -3 (VIOLATED)
fanout581/X                               6      9     -3 (VIOLATED)
fanout608/X                               6      9     -3 (VIOLATED)
fanout633/X                               6      9     -3 (VIOLATED)
fanout752/X                               6      9     -3 (VIOLATED)
fanout801/X                               6      9     -3 (VIOLATED)
fanout826/X                               6      9     -3 (VIOLATED)
fanout835/X                               6      9     -3 (VIOLATED)
fanout850/X                               6      9     -3 (VIOLATED)
hold3822/X                                6      9     -3 (VIOLATED)
hold3825/X                                6      9     -3 (VIOLATED)
hold3837/X                                6      9     -3 (VIOLATED)
hold3859/X                                6      9     -3 (VIOLATED)
hold3862/X                                6      9     -3 (VIOLATED)
hold3897/X                                6      9     -3 (VIOLATED)
_2648_/Y                                  6      8     -2 (VIOLATED)
clkbuf_leaf_13_clk_i/X                    6      8     -2 (VIOLATED)
clkbuf_leaf_15_clk_i/X                    6      8     -2 (VIOLATED)
clkbuf_leaf_19_clk_i/X                    6      8     -2 (VIOLATED)
clkbuf_leaf_27_clk_i/X                    6      8     -2 (VIOLATED)
clkbuf_leaf_49_clk_i/X                    6      8     -2 (VIOLATED)
clkbuf_leaf_56_clk_i/X                    6      8     -2 (VIOLATED)
clkbuf_leaf_57_clk_i/X                    6      8     -2 (VIOLATED)
clkbuf_leaf_65_clk_i/X                    6      8     -2 (VIOLATED)
clkbuf_leaf_76_clk_i/X                    6      8     -2 (VIOLATED)
clkbuf_leaf_82_clk_i/X                    6      8     -2 (VIOLATED)
fanout154/X                               6      8     -2 (VIOLATED)
fanout372/X                               6      8     -2 (VIOLATED)
fanout385/X                               6      8     -2 (VIOLATED)
fanout435/X                               6      8     -2 (VIOLATED)
fanout516/X                               6      8     -2 (VIOLATED)
fanout764/X                               6      8     -2 (VIOLATED)
hold1716/X                                6      8     -2 (VIOLATED)
input25/X                                 6      8     -2 (VIOLATED)
_2658_/Y                                  6      7        (VIOLATED)
_4378_/Q                                  6      7        (VIOLATED)
_4389_/Q                                  6      7        (VIOLATED)
_4390_/Q                                  6      7        (VIOLATED)
_4393_/Q                                  6      7        (VIOLATED)
clkbuf_leaf_20_clk_i/X                    6      7        (VIOLATED)
clkbuf_leaf_29_clk_i/X                    6      7        (VIOLATED)
clkbuf_leaf_30_clk_i/X                    6      7        (VIOLATED)
clkbuf_leaf_32_clk_i/X                    6      7        (VIOLATED)
clkbuf_leaf_34_clk_i/X                    6      7        (VIOLATED)
clkbuf_leaf_36_clk_i/X                    6      7        (VIOLATED)
clkbuf_leaf_54_clk_i/X                    6      7        (VIOLATED)
clkbuf_leaf_69_clk_i/X                    6      7        (VIOLATED)
clkbuf_leaf_70_clk_i/X                    6      7        (VIOLATED)
clkbuf_leaf_73_clk_i/X                    6      7        (VIOLATED)
fanout134/X                               6      7        (VIOLATED)
fanout150/X                               6      7        (VIOLATED)
fanout162/X                               6      7        (VIOLATED)
fanout170/X                               6      7        (VIOLATED)
fanout181/X                               6      7        (VIOLATED)
fanout188/X                               6      7        (VIOLATED)
fanout207/X                               6      7        (VIOLATED)
fanout223/X                               6      7        (VIOLATED)
fanout232/X                               6      7        (VIOLATED)
fanout278/X                               6      7        (VIOLATED)
fanout303/X                               6      7        (VIOLATED)
fanout313/X                               6      7        (VIOLATED)
fanout322/X                               6      7        (VIOLATED)
fanout323/X                               6      7        (VIOLATED)
fanout345/X                               6      7        (VIOLATED)
fanout358/X                               6      7        (VIOLATED)
fanout442/X                               6      7        (VIOLATED)
fanout443/X                               6      7        (VIOLATED)
fanout455/X                               6      7        (VIOLATED)
fanout457/X                               6      7        (VIOLATED)
fanout459/X                               6      7        (VIOLATED)
fanout464/X                               6      7        (VIOLATED)
fanout465/X                               6      7        (VIOLATED)
fanout468/X                               6      7        (VIOLATED)
fanout487/X                               6      7        (VIOLATED)
fanout496/X                               6      7        (VIOLATED)
fanout504/X                               6      7        (VIOLATED)
fanout595/X                               6      7        (VIOLATED)
fanout596/X                               6      7        (VIOLATED)
fanout605/X                               6      7        (VIOLATED)
fanout647/X                               6      7        (VIOLATED)
fanout754/X                               6      7        (VIOLATED)
fanout757/X                               6      7        (VIOLATED)
fanout789/X                               6      7        (VIOLATED)
fanout818/X                               6      7        (VIOLATED)
fanout847/X                               6      7        (VIOLATED)
fanout856/X                               6      7        (VIOLATED)
fanout861/X                               6      7        (VIOLATED)
fanout862/X                               6      7        (VIOLATED)
hold1345/X                                6      7        (VIOLATED)
hold1444/X                                6      7        (VIOLATED)
hold1445/X                                6      7        (VIOLATED)
hold1554/X                                6      7        (VIOLATED)
hold1580/X                                6      7        (VIOLATED)
hold1652/X                                6      7        (VIOLATED)
hold3768/X                                6      7        (VIOLATED)
input30/X                                 6      7        (VIOLATED)
input32/X                                 6      7        (VIOLATED)
input40/X                                 6      7        (VIOLATED)
input9/X                                  6      7        (VIOLATED)

max capacitance

Pin                                        Limit         Cap       Slack
------------------------------------------------------------------------
clkbuf_0_clk_i/X                        0.200000    0.337525   -0.137525 (VIOLATED)
fanout589/X                             0.198679    0.297042   -0.098363 (VIOLATED)
_2648_/Y                                0.054942    0.149791   -0.094849 (VIOLATED)
hold2992/X                              0.100718    0.180118   -0.079400 (VIOLATED)
hold3228/X                              0.100718    0.157965   -0.057247 (VIOLATED)
hold3192/X                              0.100718    0.154640   -0.053922 (VIOLATED)
_2654_/Y                                0.050364    0.103520   -0.053156 (VIOLATED)
_2862_/Y                                0.032969    0.080869   -0.047900 (VIOLATED)
clkbuf_3_0__f_clk_i/X                   0.200000    0.247862   -0.047862 (VIOLATED)
_2186_/Y                                0.027476    0.074133   -0.046657 (VIOLATED)
hold3188/X                              0.100718    0.146381   -0.045663 (VIOLATED)
_3486_/Y                                0.036631    0.081020   -0.044389 (VIOLATED)
fanout411/X                             0.181284    0.223850   -0.042566 (VIOLATED)
_3387_/Y                                0.036631    0.074900   -0.038269 (VIOLATED)
_2843_/Y                                0.032969    0.070348   -0.037379 (VIOLATED)
fanout151/X                             0.200000    0.236900   -0.036900 (VIOLATED)
fanout412/X                             0.198679    0.226627   -0.027948 (VIOLATED)
hold3316/X                              0.100718    0.128004   -0.027286 (VIOLATED)
hold1716/X                              0.100718    0.127710   -0.026992 (VIOLATED)
_2873_/Y                                0.049448    0.076428   -0.026980 (VIOLATED)
fanout812/X                             0.181284    0.207862   -0.026578 (VIOLATED)
_2673_/Y                                0.085154    0.111378   -0.026224 (VIOLATED)
hold1579/X                              0.100718    0.125734   -0.025016 (VIOLATED)
fanout384/X                             0.198679    0.221636   -0.022957 (VIOLATED)
input25/X                               0.081492    0.104252   -0.022760 (VIOLATED)
fanout281/X                             0.200000    0.219400   -0.019400 (VIOLATED)
fanout316/X                             0.181284    0.197876   -0.016592 (VIOLATED)
fanout356/X                             0.198679    0.214582   -0.015903 (VIOLATED)
_2646_/X                                0.190440    0.206289   -0.015849 (VIOLATED)
_3653_/Y                                0.036631    0.051932   -0.015301 (VIOLATED)
clkbuf_3_4__f_clk_i/X                   0.200000    0.215015   -0.015015 (VIOLATED)
_2869_/Y                                0.047617    0.062318   -0.014701 (VIOLATED)
_2658_/Y                                0.086070    0.100767   -0.014697 (VIOLATED)
fanout174/X                             0.198679    0.212601   -0.013922 (VIOLATED)
clkbuf_3_6__f_clk_i/X                   0.200000    0.213055   -0.013055 (VIOLATED)
hold2832/X                              0.100718    0.112023   -0.011305 (VIOLATED)
fanout285/X                             0.181284    0.191747   -0.010463 (VIOLATED)
fanout121/X                             0.198679    0.209057   -0.010378 (VIOLATED)
hold1244/X                              0.100718    0.110531   -0.009813 (VIOLATED)
_3180_/Y                                0.036631    0.044151   -0.007520 (VIOLATED)
hold1820/X                              0.100718    0.107993   -0.007275 (VIOLATED)
fanout443/X                             0.081492    0.086713   -0.005221 (VIOLATED)
hold1245/X                              0.100718    0.105423   -0.004705 (VIOLATED)
hold1524/X                              0.100718    0.104358   -0.003640 (VIOLATED)
fanout813/X                             0.198679    0.202145   -0.003466 (VIOLATED)
hold1444/X                              0.100718    0.101097   -0.000379 (VIOLATED)



===========================================================================
report_parasitic_annotation -report_unannotated
============================================================================
Found 146 unannotated drivers.
 tl_i[0]
 tl_i[103]
 tl_i[104]
 tl_i[105]
 tl_i[106]
 tl_i[10]
 tl_i[11]
 tl_i[12]
 tl_i[13]
 tl_i[14]
 tl_i[15]
 tl_i[16]
 tl_i[17]
 tl_i[18]
 tl_i[19]
 tl_i[1]
 tl_i[20]
 tl_i[21]
 tl_i[22]
 tl_i[23]
 tl_i[24]
 tl_i[2]
 tl_i[3]
 tl_i[4]
 tl_i[57]
 tl_i[58]
 tl_i[59]
 tl_i[5]
 tl_i[60]
 tl_i[69]
 tl_i[6]
 tl_i[70]
 tl_i[71]
 tl_i[72]
 tl_i[73]
 tl_i[74]
 tl_i[75]
 tl_i[76]
 tl_i[77]
 tl_i[78]
 tl_i[79]
 tl_i[7]
 tl_i[80]
 tl_i[81]
 tl_i[82]
 tl_i[83]
 tl_i[84]
 tl_i[85]
 tl_i[86]
 tl_i[87]
 tl_i[88]
 tl_i[89]
 tl_i[8]
 tl_i[90]
 tl_i[91]
 tl_i[92]
 tl_i[9]
 clkload0/Y
 clkload1/Y
 clkload10/Y
 clkload11/Y
 clkload12/Y
 clkload13/X
 clkload14/Y
 clkload15/Y
 clkload16/Y
 clkload17/Y
 clkload18/Y
 clkload19/Y
 clkload2/Y
 clkload20/Y
 clkload21/Y
 clkload22/Y
 clkload23/Y
 clkload24/Y
 clkload25/Y
 clkload26/Y
 clkload27/Y
 clkload28/X
 clkload29/Y
 clkload3/Y
 clkload30/Y
 clkload31/Y
 clkload32/Y
 clkload33/Y
 clkload34/X
 clkload35/Y
 clkload36/X
 clkload37/X
 clkload38/X
 clkload39/X
 clkload4/Y
 clkload40/Y
 clkload41/Y
 clkload42/X
 clkload43/Y
 clkload44/Y
 clkload45/Y
 clkload46/X
 clkload47/Y
 clkload48/X
 clkload49/X
 clkload5/Y
 clkload50/Y
 clkload51/Y
 clkload52/X
 clkload53/Y
 clkload54/Y
 clkload55/Y
 clkload56/Y
 clkload57/Y
 clkload58/Y
 clkload59/Y
 clkload6/Y
 clkload60/Y
 clkload61/Y
 clkload62/Y
 clkload63/Y
 clkload64/Y
 clkload65/Y
 clkload66/Y
 clkload67/X
 clkload68/Y
 clkload69/Y
 clkload7/Y
 clkload70/X
 clkload71/X
 clkload72/X
 clkload73/Y
 clkload74/Y
 clkload75/Y
 clkload76/X
 clkload77/Y
 clkload78/Y
 clkload79/Y
 clkload8/Y
 clkload80/Y
 clkload9/X
 spi_host_lite_863/HI
 spi_host_lite_864/HI
 spi_host_lite_865/HI
 spi_host_lite_866/HI
 spi_host_lite_867/HI
 spi_host_lite_868/HI
 spi_host_lite_869/HI
 spi_host_lite_870/LO
Found 0 partially unannotated drivers.

===========================================================================
max slew violation count 1436
max fanout violation count 485
max cap violation count 46
============================================================================

===========================================================================
check_setup -verbose -unconstrained_endpoints -multiple_clock -no_clock -no_input_delay -loops -generated_clocks
===========================================================================
Warning: There are 8 unconstrained endpoints.
  tl_o[0]
  tl_o[15]
  tl_o[48]
  tl_o[59]
  tl_o[60]
  tl_o[61]
  tl_o[63]
  tl_o[64]
