
===========================================================================
report_checks -unconstrained
===========================================================================
======================= nom_ff_n40C_1v95 Corner ===================================

Startpoint: wb_rst_i (input port clocked by clk)
Endpoint: u_uart/_7039_ (recovery check against rising-edge clock clk)
Path Group: asynchronous
Path Type: max

Fanout         Cap        Slew       Delay        Time   Description
---------------------------------------------------------------------------------------------
                                  0.000000    0.000000   clock clk (rise edge)
                                  5.570000    5.570000   clock network delay (propagated)
                                 17.500000   23.070000 v input external delay
     1    0.008143    0.000000    0.000000   23.070000 v wb_rst_i (in)
                                                         wb_rst_i (net)
                      0.000261    0.000131   23.070131 v input295/A (sky130_fd_sc_hd__clkbuf_16)
     1    0.892330    0.066245    0.122728   23.192860 v input295/X (sky130_fd_sc_hd__clkbuf_16)
                                                         net295 (net)
                      2.838699    1.431067   24.623926 v u_glue/input1/A (sky130_fd_sc_hd__clkbuf_1)
     1    0.005079    0.071656    0.553175   25.177101 v u_glue/input1/X (sky130_fd_sc_hd__clkbuf_1)
                                                         u_glue/net1 (net)
                      0.071656    0.000153   25.177256 v u_glue/_000_/A (sky130_fd_sc_hd__inv_2)
     1    0.002329    0.023257    0.038053   25.215307 ^ u_glue/_000_/Y (sky130_fd_sc_hd__inv_2)
                                                         u_glue/net27 (net)
                      0.023257    0.000046   25.215355 ^ u_glue/output27/A (sky130_fd_sc_hd__buf_2)
     1    0.011981    0.049529    0.079947   25.295301 ^ u_glue/output27/X (sky130_fd_sc_hd__buf_2)
                                                         rst_n (net)
                      0.049532    0.000469   25.295771 ^ wire757/A (sky130_fd_sc_hd__buf_12)
     7    0.516390    0.187132    0.140592   25.436361 ^ wire757/X (sky130_fd_sc_hd__buf_12)
                                                         net757 (net)
                      0.785923    0.348271   25.784632 ^ max_cap756/A (sky130_fd_sc_hd__buf_12)
     4    0.299124    0.176141    0.122704   25.907335 ^ max_cap756/X (sky130_fd_sc_hd__buf_12)
                                                         net756 (net)
                      0.543680    0.254726   26.162062 ^ u_uart/input6/A (sky130_fd_sc_hd__clkbuf_1)
     1    0.008352    0.081111    0.078000   26.240061 ^ u_uart/input6/X (sky130_fd_sc_hd__clkbuf_1)
                                                         u_uart/net6 (net)
                      0.081114    0.000378   26.240440 ^ u_uart/fanout1522/A (sky130_fd_sc_hd__clkbuf_4)
     7    0.106010    0.240552    0.245945   26.486385 ^ u_uart/fanout1522/X (sky130_fd_sc_hd__clkbuf_4)
                                                         u_uart/net1522 (net)
                      0.240694    0.004839   26.491224 ^ u_uart/fanout1521/A (sky130_fd_sc_hd__clkbuf_4)
     8    0.093466    0.213516    0.258916   26.750141 ^ u_uart/fanout1521/X (sky130_fd_sc_hd__clkbuf_4)
                                                         u_uart/net1521 (net)
                      0.213651    0.004452   26.754593 ^ u_uart/fanout1481/A (sky130_fd_sc_hd__buf_2)
     9    0.176585    0.636580    0.513248   27.267839 ^ u_uart/fanout1481/X (sky130_fd_sc_hd__buf_2)
                                                         u_uart/net1481 (net)
                      0.636628    0.004649   27.272490 ^ u_uart/fanout1472/A (sky130_fd_sc_hd__dlymetal6s2s_1)
     7    0.119343    0.869805    0.655497   27.927986 ^ u_uart/fanout1472/X (sky130_fd_sc_hd__dlymetal6s2s_1)
                                                         u_uart/net1472 (net)
                      0.869832    0.004141   27.932127 ^ u_uart/fanout1469/A (sky130_fd_sc_hd__buf_2)
    13    0.112756    0.406127    0.364809   28.296936 ^ u_uart/fanout1469/X (sky130_fd_sc_hd__buf_2)
                                                         u_uart/net1469 (net)
                      0.406195    0.004425   28.301361 ^ u_uart/fanout1468/A (sky130_fd_sc_hd__clkbuf_2)
    11    0.127040    0.522132    0.434197   28.735558 ^ u_uart/fanout1468/X (sky130_fd_sc_hd__clkbuf_2)
                                                         u_uart/net1468 (net)
                      0.522198    0.004921   28.740477 ^ u_uart/fanout1466/A (sky130_fd_sc_hd__clkbuf_2)
     6    0.041529    0.175451    0.206288   28.946766 ^ u_uart/fanout1466/X (sky130_fd_sc_hd__clkbuf_2)
                                                         u_uart/net1466 (net)
                      0.175505    0.002526   28.949291 ^ u_uart/_7039_/RESET_B (sky130_fd_sc_hd__dfrtp_4)
                                             28.949291   data arrival time

                                 35.000000   35.000000   clock clk (rise edge)
                                  4.650000   39.650002   clock source latency
     1    1.452715    0.610000    0.000000   39.650002 ^ wb_clk_i (in)
                                                         wb_clk_i (net)
                      4.298946    1.844473   41.494476 ^ u_glue/_252_/A (sky130_fd_sc_hd__buf_2)
     1    0.011271    0.123829    0.008498   41.502972 ^ u_glue/_252_/X (sky130_fd_sc_hd__buf_2)
                                                         u_glue/net2 (net)
                      0.123836    0.000739   41.503712 ^ u_glue/output2/A (sky130_fd_sc_hd__buf_1)
     3    0.105867    0.908834    0.659732   42.163445 ^ u_glue/output2/X (sky130_fd_sc_hd__buf_1)
                                                         clk (net)
                      0.908881    0.005567   42.169010 ^ max_cap769/A (sky130_fd_sc_hd__buf_8)
     2    0.105244    0.138173    0.101902   42.270912 ^ max_cap769/X (sky130_fd_sc_hd__buf_8)
                                                         net769 (net)
                      0.154523    0.036241   42.307156 ^ wire767/A (sky130_fd_sc_hd__buf_12)
     2    0.206955    0.156513    0.121513   42.428669 ^ wire767/X (sky130_fd_sc_hd__buf_12)
                                                         net767 (net)
                      0.296638    0.127891   42.556557 ^ wire765/A (sky130_fd_sc_hd__buf_12)
     2    0.170997    0.152314    0.161879   42.718437 ^ wire765/X (sky130_fd_sc_hd__buf_12)
                                                         net765 (net)
                      0.159561    0.026148   42.744587 ^ u_uart/wire1/A (sky130_fd_sc_hd__buf_4)
     3    0.081369    0.171463    0.186446   42.931034 ^ u_uart/wire1/X (sky130_fd_sc_hd__buf_4)
                                                         u_uart/net1644 (net)
                      0.173910    0.016435   42.947468 ^ u_uart/clkbuf_0_clk_i/A (sky130_fd_sc_hd__clkbuf_16)
    18    0.381432    0.301955    0.289280   43.236748 ^ u_uart/clkbuf_0_clk_i/X (sky130_fd_sc_hd__clkbuf_16)
                                                         u_uart/clknet_0_clk_i (net)
                      0.302614    0.011980   43.248726 ^ u_uart/clkbuf_3_6_0_clk_i/A (sky130_fd_sc_hd__clkbuf_8)
     5    0.107094    0.145118    0.213305   43.462032 ^ u_uart/clkbuf_3_6_0_clk_i/X (sky130_fd_sc_hd__clkbuf_8)
                                                         u_uart/clknet_3_6_0_clk_i (net)
                      0.145409    0.005301   43.467331 ^ u_uart/clkbuf_4_12__f_clk_i/A (sky130_fd_sc_hd__clkbuf_16)
    25    0.225323    0.183146    0.215255   43.682587 ^ u_uart/clkbuf_4_12__f_clk_i/X (sky130_fd_sc_hd__clkbuf_16)
                                                         u_uart/clknet_4_12__leaf_clk_i (net)
                      0.186156    0.018648   43.701237 ^ u_uart/clkbuf_leaf_54_clk_i/A (sky130_fd_sc_hd__clkbuf_8)
     7    0.025880    0.046915    0.128232   43.829468 ^ u_uart/clkbuf_leaf_54_clk_i/X (sky130_fd_sc_hd__clkbuf_8)
                                                         u_uart/clknet_leaf_54_clk_i (net)
                      0.046921    0.000526   43.829994 ^ u_uart/_7039_/CLK (sky130_fd_sc_hd__dfrtp_4)
                                 -0.250000   43.579994   clock uncertainty
                                  0.000000   43.579994   clock reconvergence pessimism
                                  0.088058   43.668049   library recovery time
                                             43.668049   data required time
---------------------------------------------------------------------------------------------
                                             43.668049   data required time
                                            -28.949291   data arrival time
---------------------------------------------------------------------------------------------
                                             14.718759   slack (MET)


Startpoint: u_ibex/_1196_ (negative level-sensitive latch clocked by clk)
Endpoint: u_ibex/_1080_ (rising clock gating-check end-point clocked by clk)
Path Group: gated clock
Path Type: max

Fanout         Cap        Slew       Delay        Time   Description
---------------------------------------------------------------------------------------------
                                 17.500000   17.500000   clock clk (fall edge)
                                  5.570000   23.070000   clock source latency
     1    1.452556    0.610000    0.000000   23.070000 v wb_clk_i (in)
                                                         wb_clk_i (net)
                      4.297809    1.843905   24.913904 v u_glue/_252_/A (sky130_fd_sc_hd__buf_2)
     1    0.011083    0.111646    0.846216   25.760120 v u_glue/_252_/X (sky130_fd_sc_hd__buf_2)
                                                         u_glue/net2 (net)
                      0.111646    0.000723   25.760843 v u_glue/output2/A (sky130_fd_sc_hd__buf_1)
     3    0.104204    0.403662    0.373506   26.134348 v u_glue/output2/X (sky130_fd_sc_hd__buf_1)
                                                         clk (net)
                      0.403763    0.005461   26.139809 v max_cap769/A (sky130_fd_sc_hd__buf_8)
     2    0.103690    0.066080    0.232077   26.371887 v max_cap769/X (sky130_fd_sc_hd__buf_8)
                                                         net769 (net)
                      0.088522    0.028304   26.400190 v max_cap768/A (sky130_fd_sc_hd__buf_8)
     1    0.255643    0.062291    0.131442   26.531633 v max_cap768/X (sky130_fd_sc_hd__buf_8)
                                                         net768 (net)
                      0.373786    0.183563   26.715197 v wire764/A (sky130_fd_sc_hd__buf_12)
     3    0.145907    0.068649    0.225803   26.941000 v wire764/X (sky130_fd_sc_hd__buf_12)
                                                         net764 (net)
                      0.103169    0.037470   26.978470 v wire763/A (sky130_fd_sc_hd__buf_8)
     2    0.212985    0.087305    0.133793   27.112263 v wire763/X (sky130_fd_sc_hd__buf_8)
                                                         net763 (net)
                      0.243144    0.113204   27.225468 v wire759/A (sky130_fd_sc_hd__buf_12)
     1    0.216256    0.048470    0.183540   27.409008 v wire759/X (sky130_fd_sc_hd__buf_12)
                                                         net759 (net)
                      0.157542    0.065800   27.474808 v max_cap758/A (sky130_fd_sc_hd__clkbuf_8)
     2    0.072394    0.065077    0.173300   27.648108 v max_cap758/X (sky130_fd_sc_hd__clkbuf_8)
                                                         net758 (net)
                      0.078849    0.022483   27.670589 v u_ibex/clkbuf_0_clk_i/A (sky130_fd_sc_hd__clkbuf_16)
     2    0.016786    0.025574    0.117399   27.787989 v u_ibex/clkbuf_0_clk_i/X (sky130_fd_sc_hd__clkbuf_16)
                                                         u_ibex/clknet_0_clk_i (net)
                      0.025574    0.000444   27.788433 v u_ibex/clkbuf_1_1__f_clk_i/A (sky130_fd_sc_hd__clkbuf_16)
     3    0.008519    0.022097    0.089786   27.878220 v u_ibex/clkbuf_1_1__f_clk_i/X (sky130_fd_sc_hd__clkbuf_16)
                                                         u_ibex/clknet_1_1__leaf_clk_i (net)
                      0.022098    0.000211   27.878431 v u_ibex/_1196_/GATE_N (sky130_fd_sc_hd__dlxtn_1)
     1    0.002408    0.027274    0.236701   28.115133 ^ u_ibex/_1196_/Q (sky130_fd_sc_hd__dlxtn_1)
                                                         u_ibex/u_ibex.core_clock_gate_i.en_latch (net)
                      0.027274    0.000069   28.115202 ^ u_ibex/hold386/A (sky130_fd_sc_hd__dlygate4sd3_1)
     1    0.002378    0.034819    0.367267   28.482470 ^ u_ibex/hold386/X (sky130_fd_sc_hd__dlygate4sd3_1)
                                                         u_ibex/net630 (net)
                      0.034819    0.000066   28.482534 ^ u_ibex/hold384/A (sky130_fd_sc_hd__dlygate4sd3_1)
     1    0.002139    0.033504    0.367359   28.849894 ^ u_ibex/hold384/X (sky130_fd_sc_hd__dlygate4sd3_1)
                                                         u_ibex/net628 (net)
                      0.033504    0.000059   28.849953 ^ u_ibex/hold387/A (sky130_fd_sc_hd__dlygate4sd3_1)
     1    0.002294    0.034353    0.368068   29.218021 ^ u_ibex/hold387/X (sky130_fd_sc_hd__dlygate4sd3_1)
                                                         u_ibex/net631 (net)
                      0.034353    0.000066   29.218086 ^ u_ibex/hold383/A (sky130_fd_sc_hd__dlygate4sd3_1)
     1    0.002229    0.033996    0.367836   29.585922 ^ u_ibex/hold383/X (sky130_fd_sc_hd__dlygate4sd3_1)
                                                         u_ibex/net627 (net)
                      0.033996    0.000064   29.585985 ^ u_ibex/hold388/A (sky130_fd_sc_hd__dlygate4sd3_1)
     1    0.002093    0.033265    0.366898   29.952883 ^ u_ibex/hold388/X (sky130_fd_sc_hd__dlygate4sd3_1)
                                                         u_ibex/net632 (net)
                      0.033265    0.000039   29.952923 ^ u_ibex/hold385/A (sky130_fd_sc_hd__dlygate4sd3_1)
     1    0.001976    0.032645    0.365990   30.318913 ^ u_ibex/hold385/X (sky130_fd_sc_hd__dlygate4sd3_1)
                                                         u_ibex/net629 (net)
                      0.032645    0.000039   30.318953 ^ u_ibex/_1080_/B (sky130_fd_sc_hd__and2_2)
                                             30.318953   data arrival time

                                 35.000000   35.000000   clock clk (rise edge)
                                  4.650000   39.650002   clock source latency
     1    1.452715    0.610000    0.000000   39.650002 ^ wb_clk_i (in)
                                                         wb_clk_i (net)
                      4.298946    1.844473   41.494476 ^ u_glue/_252_/A (sky130_fd_sc_hd__buf_2)
     1    0.011271    0.123829    0.008498   41.502972 ^ u_glue/_252_/X (sky130_fd_sc_hd__buf_2)
                                                         u_glue/net2 (net)
                      0.123836    0.000739   41.503712 ^ u_glue/output2/A (sky130_fd_sc_hd__buf_1)
     3    0.105867    0.908834    0.659732   42.163445 ^ u_glue/output2/X (sky130_fd_sc_hd__buf_1)
                                                         clk (net)
                      0.908881    0.005567   42.169010 ^ max_cap769/A (sky130_fd_sc_hd__buf_8)
     2    0.105244    0.138173    0.101902   42.270912 ^ max_cap769/X (sky130_fd_sc_hd__buf_8)
                                                         net769 (net)
                      0.150029    0.030710   42.301624 ^ max_cap768/A (sky130_fd_sc_hd__buf_8)
     1    0.256530    0.276940    0.170136   42.471760 ^ max_cap768/X (sky130_fd_sc_hd__buf_8)
                                                         net768 (net)
                      0.482858    0.203364   42.675125 ^ wire764/A (sky130_fd_sc_hd__buf_12)
     3    0.147095    0.133276    0.127574   42.802696 ^ wire764/X (sky130_fd_sc_hd__buf_12)
                                                         net764 (net)
                      0.154008    0.039492   42.842190 ^ wire763/A (sky130_fd_sc_hd__buf_8)
     2    0.214539    0.249202    0.165656   43.007847 ^ wire763/X (sky130_fd_sc_hd__buf_8)
                                                         net763 (net)
                      0.340160    0.119606   43.127453 ^ wire759/A (sky130_fd_sc_hd__buf_12)
     1    0.216722    0.163750    0.124913   43.252365 ^ wire759/X (sky130_fd_sc_hd__buf_12)
                                                         net759 (net)
                      0.225201    0.071608   43.323975 ^ max_cap758/A (sky130_fd_sc_hd__clkbuf_8)
     2    0.073390    0.103692    0.167642   43.491615 ^ max_cap758/X (sky130_fd_sc_hd__clkbuf_8)
                                                         net758 (net)
                      0.113229    0.023960   43.515575 ^ u_ibex/clkbuf_0_clk_i/A (sky130_fd_sc_hd__clkbuf_16)
     2    0.018712    0.031494    0.105896   43.621471 ^ u_ibex/clkbuf_0_clk_i/X (sky130_fd_sc_hd__clkbuf_16)
                                                         u_ibex/clknet_0_clk_i (net)
                      0.031501    0.000497   43.621967 ^ u_ibex/clkbuf_1_1__f_clk_i/A (sky130_fd_sc_hd__clkbuf_16)
     3    0.008994    0.023851    0.077094   43.699062 ^ u_ibex/clkbuf_1_1__f_clk_i/X (sky130_fd_sc_hd__clkbuf_16)
                                                         u_ibex/clknet_1_1__leaf_clk_i (net)
                      0.023851    0.000192   43.699253 ^ u_ibex/_1080_/A (sky130_fd_sc_hd__and2_2)
                                 -0.250000   43.449253   clock uncertainty
                                  0.920000   44.369251   clock reconvergence pessimism
                                  0.000000   44.369251   clock gating setup time
                                             44.369251   data required time
---------------------------------------------------------------------------------------------
                                             44.369251   data required time
                                            -30.318953   data arrival time
---------------------------------------------------------------------------------------------
                                             14.050301   slack (MET)


Startpoint: wb_rst_i (input port clocked by clk)
Endpoint: u_spi_host/_3776_ (rising edge-triggered flip-flop clocked by clk)
Path Group: clk
Path Type: max

Fanout         Cap        Slew       Delay        Time   Description
---------------------------------------------------------------------------------------------
                                  0.000000    0.000000   clock clk (rise edge)
                                  5.570000    5.570000   clock network delay (propagated)
                                 17.500000   23.070000 v input external delay
     1    0.008143    0.000000    0.000000   23.070000 v wb_rst_i (in)
                                                         wb_rst_i (net)
                      0.000261    0.000131   23.070131 v input295/A (sky130_fd_sc_hd__clkbuf_16)
     1    0.892330    0.066245    0.122728   23.192860 v input295/X (sky130_fd_sc_hd__clkbuf_16)
                                                         net295 (net)
                      2.838699    1.431067   24.623926 v u_glue/input1/A (sky130_fd_sc_hd__clkbuf_1)
     1    0.005079    0.071656    0.553175   25.177101 v u_glue/input1/X (sky130_fd_sc_hd__clkbuf_1)
                                                         u_glue/net1 (net)
                      0.071656    0.000153   25.177256 v u_glue/_000_/A (sky130_fd_sc_hd__inv_2)
     1    0.002329    0.023257    0.038053   25.215307 ^ u_glue/_000_/Y (sky130_fd_sc_hd__inv_2)
                                                         u_glue/net27 (net)
                      0.023257    0.000046   25.215355 ^ u_glue/output27/A (sky130_fd_sc_hd__buf_2)
     1    0.011981    0.049529    0.079947   25.295301 ^ u_glue/output27/X (sky130_fd_sc_hd__buf_2)
                                                         rst_n (net)
                      0.049532    0.000469   25.295771 ^ wire757/A (sky130_fd_sc_hd__buf_12)
     7    0.516390    0.187132    0.140592   25.436361 ^ wire757/X (sky130_fd_sc_hd__buf_12)
                                                         net757 (net)
                      0.785923    0.348271   25.784632 ^ max_cap756/A (sky130_fd_sc_hd__buf_12)
     4    0.299124    0.176141    0.122704   25.907335 ^ max_cap756/X (sky130_fd_sc_hd__buf_12)
                                                         net756 (net)
                      0.176748    0.007933   25.915268 ^ u_spi_host/input1/A (sky130_fd_sc_hd__clkbuf_2)
     5    0.055509    0.231695    0.228212   26.143480 ^ u_spi_host/input1/X (sky130_fd_sc_hd__clkbuf_2)
                                                         u_spi_host/net1 (net)
                      0.231886    0.005475   26.148956 ^ u_spi_host/fanout847/A (sky130_fd_sc_hd__clkbuf_2)
     7    0.075052    0.310841    0.287455   26.436411 ^ u_spi_host/fanout847/X (sky130_fd_sc_hd__clkbuf_2)
                                                         u_spi_host/net847 (net)
                      0.310935    0.004464   26.440876 ^ u_spi_host/fanout846/A (sky130_fd_sc_hd__buf_2)
    11    0.063661    0.233255    0.244754   26.685629 ^ u_spi_host/fanout846/X (sky130_fd_sc_hd__buf_2)
                                                         u_spi_host/net846 (net)
                      0.233305    0.002867   26.688496 ^ u_spi_host/fanout845/A (sky130_fd_sc_hd__dlymetal6s2s_1)
     4    0.021589    0.176624    0.180387   26.868883 ^ u_spi_host/fanout845/X (sky130_fd_sc_hd__dlymetal6s2s_1)
                                                         u_spi_host/net845 (net)
                      0.176629    0.000755   26.869638 ^ u_spi_host/fanout844/A (sky130_fd_sc_hd__clkbuf_2)
     5    0.028862    0.123933    0.157838   27.027475 ^ u_spi_host/fanout844/X (sky130_fd_sc_hd__clkbuf_2)
                                                         u_spi_host/net844 (net)
                      0.123984    0.000913   27.028389 ^ u_spi_host/fanout841/A (sky130_fd_sc_hd__buf_2)
     6    0.034751    0.129833    0.161233   27.189623 ^ u_spi_host/fanout841/X (sky130_fd_sc_hd__buf_2)
                                                         u_spi_host/net841 (net)
                      0.129835    0.000702   27.190323 ^ u_spi_host/_2561_/B (sky130_fd_sc_hd__nand4_2)
     3    0.015168    0.162911    0.102947   27.293270 v u_spi_host/_2561_/Y (sky130_fd_sc_hd__nand4_2)
                                                         u_spi_host/_1312_ (net)
                      0.162912    0.000412   27.293682 v u_spi_host/_2562_/D (sky130_fd_sc_hd__nor4_2)
     1    0.007181    0.191857    0.177264   27.470947 ^ u_spi_host/_2562_/Y (sky130_fd_sc_hd__nor4_2)
                                                         u_spi_host/_1313_ (net)
                      0.191857    0.000254   27.471201 ^ u_spi_host/hold1651/A (sky130_fd_sc_hd__dlygate4sd3_1)
     5    0.040352    0.305235    0.584718   28.055920 ^ u_spi_host/hold1651/X (sky130_fd_sc_hd__dlygate4sd3_1)
                                                         u_spi_host/net2521 (net)
                      0.305235    0.000986   28.056906 ^ u_spi_host/fanout275/A (sky130_fd_sc_hd__clkbuf_2)
     3    0.018889    0.085412    0.141283   28.198187 ^ u_spi_host/fanout275/X (sky130_fd_sc_hd__clkbuf_2)
                                                         u_spi_host/net275 (net)
                      0.085423    0.001002   28.199190 ^ u_spi_host/hold1652/A (sky130_fd_sc_hd__dlygate4sd3_1)
     7    0.055820    0.417773    0.651850   28.851040 ^ u_spi_host/hold1652/X (sky130_fd_sc_hd__dlygate4sd3_1)
                                                         u_spi_host/net2522 (net)
                      0.417773    0.001481   28.852522 ^ u_spi_host/_2594_/S (sky130_fd_sc_hd__mux2_1)
     1    0.006050    0.050287    0.203416   29.055937 v u_spi_host/_2594_/X (sky130_fd_sc_hd__mux2_1)
                                                         u_spi_host/_0100_ (net)
                      0.050287    0.000224   29.056162 v u_spi_host/hold2373/A (sky130_fd_sc_hd__dlygate4sd3_1)
     1    0.005820    0.048450    0.381840   29.438002 v u_spi_host/hold2373/X (sky130_fd_sc_hd__dlygate4sd3_1)
                                                         u_spi_host/net3243 (net)
                      0.048450    0.000242   29.438242 v u_spi_host/hold494/A (sky130_fd_sc_hd__dlygate4sd3_1)
     1    0.002926    0.038532    0.367292   29.805534 v u_spi_host/hold494/X (sky130_fd_sc_hd__dlygate4sd3_1)
                                                         u_spi_host/net1364 (net)
                      0.038532    0.000092   29.805628 v u_spi_host/hold2374/A (sky130_fd_sc_hd__dlygate4sd3_1)
     1    0.009529    0.060953    0.393431   30.199059 v u_spi_host/hold2374/X (sky130_fd_sc_hd__dlygate4sd3_1)
                                                         u_spi_host/net3244 (net)
                      0.060953    0.000462   30.199520 v u_spi_host/_3776_/D (sky130_fd_sc_hd__dfxtp_1)
                                             30.199520   data arrival time

                                 35.000000   35.000000   clock clk (rise edge)
                                  4.650000   39.650002   clock source latency
     1    1.452715    0.610000    0.000000   39.650002 ^ wb_clk_i (in)
                                                         wb_clk_i (net)
                      4.298946    1.844473   41.494476 ^ u_glue/_252_/A (sky130_fd_sc_hd__buf_2)
     1    0.011271    0.123829    0.008498   41.502972 ^ u_glue/_252_/X (sky130_fd_sc_hd__buf_2)
                                                         u_glue/net2 (net)
                      0.123836    0.000739   41.503712 ^ u_glue/output2/A (sky130_fd_sc_hd__buf_1)
     3    0.105867    0.908834    0.659732   42.163445 ^ u_glue/output2/X (sky130_fd_sc_hd__buf_1)
                                                         clk (net)
                      0.908881    0.005567   42.169010 ^ max_cap769/A (sky130_fd_sc_hd__buf_8)
     2    0.105244    0.138173    0.101902   42.270912 ^ max_cap769/X (sky130_fd_sc_hd__buf_8)
                                                         net769 (net)
                      0.154523    0.036241   42.307156 ^ wire767/A (sky130_fd_sc_hd__buf_12)
     2    0.206955    0.156513    0.121513   42.428669 ^ wire767/X (sky130_fd_sc_hd__buf_12)
                                                         net767 (net)
                      0.287352    0.121538   42.550205 ^ max_cap766/A (sky130_fd_sc_hd__buf_8)
     2    0.069292    0.090924    0.124384   42.674591 ^ max_cap766/X (sky130_fd_sc_hd__buf_8)
                                                         net766 (net)
                      0.091311    0.004743   42.679333 ^ u_spi_host/clkbuf_0_clk_i/A (sky130_fd_sc_hd__clkbuf_16)
    17    0.317927    0.253254    0.250104   42.929436 ^ u_spi_host/clkbuf_0_clk_i/X (sky130_fd_sc_hd__clkbuf_16)
                                                         u_spi_host/clknet_0_clk_i (net)
                      0.253834    0.010054   42.939491 ^ u_spi_host/clkbuf_3_7__f_clk_i/A (sky130_fd_sc_hd__clkbuf_16)
    21    0.139715    0.118994    0.192294   43.131786 ^ u_spi_host/clkbuf_3_7__f_clk_i/X (sky130_fd_sc_hd__clkbuf_16)
                                                         u_spi_host/clknet_3_7__leaf_clk_i (net)
                      0.119261    0.004537   43.136322 ^ u_spi_host/clkbuf_leaf_38_clk_i/A (sky130_fd_sc_hd__clkbuf_8)
    14    0.053111    0.077656    0.142180   43.278503 ^ u_spi_host/clkbuf_leaf_38_clk_i/X (sky130_fd_sc_hd__clkbuf_8)
                                                         u_spi_host/clknet_leaf_38_clk_i (net)
                      0.077685    0.001414   43.279915 ^ u_spi_host/_3776_/CLK (sky130_fd_sc_hd__dfxtp_1)
                                 -0.250000   43.029915   clock uncertainty
                                  0.000000   43.029915   clock reconvergence pessimism
                                 -0.075927   42.953987   library setup time
                                             42.953987   data required time
---------------------------------------------------------------------------------------------
                                             42.953987   data required time
                                            -30.199520   data arrival time
---------------------------------------------------------------------------------------------
                                             12.754466   slack (MET)




===========================================================================
report_checks --slack_max -0.01
============================================================================
======================= nom_ff_n40C_1v95 Corner ===================================

No paths found.


===========================================================================
 report_check_types -max_slew -max_cap -max_fanout -violators
============================================================================
======================= nom_ff_n40C_1v95 Corner ===================================

max slew

Pin                                        Limit        Slew       Slack
------------------------------------------------------------------------
u_spi_host/input44/A                    1.500000    6.608318   -5.108317 (VIOLATED)
u_spi_host/ANTENNA_input44_A/DIODE      1.500000    6.608312   -5.108312 (VIOLATED)
u_xbar/input38/A                        1.500000    6.181871   -4.681871 (VIOLATED)
u_xbar/ANTENNA_input38_A/DIODE          1.500000    6.181849   -4.681849 (VIOLATED)
u_uart/input14/A                        1.500000    6.130808   -4.630808 (VIOLATED)
u_uart/ANTENNA_input14_A/DIODE          1.500000    6.130793   -4.630793 (VIOLATED)
u_spi_host/input46/A                    1.500000    5.931897   -4.431898 (VIOLATED)
u_spi_host/ANTENNA_input46_A/DIODE      1.500000    5.931867   -4.431867 (VIOLATED)
u_spi_host/input45/A                    1.500000    5.496425   -3.996425 (VIOLATED)
u_spi_host/ANTENNA_input45_A/DIODE      1.500000    5.496412   -3.996412 (VIOLATED)
u_glue/_278_/A                          1.500000    5.213899   -3.713899 (VIOLATED)
u_ibex/input12/A                        1.500000    5.079978   -3.579978 (VIOLATED)
u_ibex/ANTENNA_input12_A/DIODE          1.500000    5.079967   -3.579967 (VIOLATED)
u_xbar/_1068_/A                         1.500000    4.980306   -3.480306 (VIOLATED)
u_xbar/ANTENNA__1068__A/DIODE           1.500000    4.980269   -3.480269 (VIOLATED)
u_xbar/input414/A                       1.500000    4.966987   -3.466987 (VIOLATED)
u_xbar/ANTENNA_input414_A/DIODE         1.500000    4.966976   -3.466976 (VIOLATED)
u_xbar/fanout1590/A                     1.500000    4.941972   -3.441972 (VIOLATED)
u_xbar/ANTENNA_fanout1590_A/DIODE       1.500000    4.939935   -3.439935 (VIOLATED)
u_spi_host/input48/A                    1.500000    4.765496   -3.265496 (VIOLATED)
u_spi_host/ANTENNA_input48_A/DIODE      1.500000    4.765478   -3.265477 (VIOLATED)
u_dm/input1/A                           1.500000    4.544424   -3.044424 (VIOLATED)
u_dm/ANTENNA_input1_A/DIODE             1.500000    4.544414   -3.044414 (VIOLATED)
u_spi_host/ANTENNA_input8_A/DIODE       1.500000    4.485904   -2.985904 (VIOLATED)
u_spi_host/input8/A                     1.500000    4.485798   -2.985798 (VIOLATED)
u_spi_host/input47/A                    1.500000    4.447740   -2.947740 (VIOLATED)
u_spi_host/ANTENNA_input47_A/DIODE      1.500000    4.447720   -2.947720 (VIOLATED)
u_xbar/_1176_/A                         1.500000    4.427376   -2.927376 (VIOLATED)
u_xbar/ANTENNA__1176__A/DIODE           1.500000    4.427356   -2.927356 (VIOLATED)
u_xbar/fanout1598/A                     1.500000    4.399053   -2.899053 (VIOLATED)
u_xbar/ANTENNA_fanout1598_A/DIODE       1.500000    4.398962   -2.898962 (VIOLATED)
u_xbar/input62/A                        1.500000    4.370470   -2.870470 (VIOLATED)
u_xbar/ANTENNA_input62_A/DIODE          1.500000    4.370458   -2.870457 (VIOLATED)
u_glue/_252_/A                          1.500000    4.298946   -2.798946 (VIOLATED)
u_ibex/ANTENNA_input11_A/DIODE          1.500000    4.147197   -2.647197 (VIOLATED)
u_ibex/input11/A                        1.500000    4.147198   -2.647198 (VIOLATED)
u_ibex/output55/X                       1.500000    3.824594   -2.324594 (VIOLATED)
u_xbar/input149/A                       1.500000    3.757854   -2.257854 (VIOLATED)
u_xbar/ANTENNA_input149_A/DIODE         1.500000    3.757848   -2.257848 (VIOLATED)
u_xbar/output1072/X                     1.500000    3.729034   -2.229034 (VIOLATED)
u_xbar/ANTENNA_input37_A/DIODE          1.500000    3.668995   -2.168995 (VIOLATED)
u_xbar/input37/A                        1.500000    3.668989   -2.168989 (VIOLATED)
u_xbar/input98/A                        1.500000    3.662895   -2.162895 (VIOLATED)
u_xbar/ANTENNA_input98_A/DIODE          1.500000    3.662893   -2.162893 (VIOLATED)
u_xbar/output1073/X                     1.500000    3.627697   -2.127697 (VIOLATED)
u_xbar/input69/A                        1.500000    3.524727   -2.024727 (VIOLATED)
u_xbar/ANTENNA_input69_A/DIODE          1.500000    3.524711   -2.024711 (VIOLATED)
u_ibex/output51/X                       1.500000    3.504246   -2.004246 (VIOLATED)
u_xbar/output1122/X                     1.500000    3.497153   -1.997153 (VIOLATED)
u_spi_host/input43/A                    1.500000    3.431624   -1.931624 (VIOLATED)
u_spi_host/ANTENNA_input43_A/DIODE      1.500000    3.431608   -1.931608 (VIOLATED)
u_glue/output23/X                       1.500000    3.381221   -1.881221 (VIOLATED)
u_dm/output146/X                        1.500000    3.336749   -1.836749 (VIOLATED)
u_xbar/input396/A                       1.500000    3.317596   -1.817596 (VIOLATED)
u_xbar/ANTENNA_input396_A/DIODE         1.500000    3.317589   -1.817589 (VIOLATED)
u_xbar/input41/A                        1.500000    3.294408   -1.794408 (VIOLATED)
u_xbar/ANTENNA_input41_A/DIODE          1.500000    3.294393   -1.794393 (VIOLATED)
u_xbar/input428/A                       1.500000    3.288931   -1.788931 (VIOLATED)
u_xbar/ANTENNA_input428_A/DIODE         1.500000    3.288925   -1.788925 (VIOLATED)
u_xbar/input50/A                        1.500000    3.269901   -1.769901 (VIOLATED)
u_xbar/ANTENNA_input50_A/DIODE          1.500000    3.269884   -1.769884 (VIOLATED)
u_xbar/input373/A                       1.500000    3.242895   -1.742895 (VIOLATED)
u_xbar/ANTENNA_input373_A/DIODE         1.500000    3.242884   -1.742885 (VIOLATED)
u_xbar/output1074/X                     1.500000    3.231991   -1.731991 (VIOLATED)
u_dm/output198/X                        1.500000    3.201098   -1.701098 (VIOLATED)
u_xbar/input56/A                        1.500000    3.125340   -1.625340 (VIOLATED)
u_xbar/ANTENNA_input56_A/DIODE          1.500000    3.125330   -1.625331 (VIOLATED)
output439/A                             1.500000    3.093249   -1.593249 (VIOLATED)
u_xbar/output1075/X                     1.500000    3.089995   -1.589995 (VIOLATED)
u_uart/fanout501/A                      1.500000    3.075934   -1.575934 (VIOLATED)
u_uart/ANTENNA_fanout501_A/DIODE        1.500000    3.059673   -1.559673 (VIOLATED)
u_plic/input80/A                        1.500000    3.051656   -1.551656 (VIOLATED)
u_plic/ANTENNA_input80_A/DIODE          1.500000    3.051650   -1.551650 (VIOLATED)
u_uart/ANTENNA_fanout500_A/DIODE        1.500000    3.048126   -1.548126 (VIOLATED)
u_uart/ANTENNA__5815__X/DIODE           1.500000    3.047952   -1.547952 (VIOLATED)
u_uart/fanout500/A                      1.500000    3.047327   -1.547327 (VIOLATED)
u_uart/_5815_/X                         1.500000    3.047262   -1.547263 (VIOLATED)
u_xbar/output1102/X                     1.500000    3.047226   -1.547226 (VIOLATED)
u_xbar/output1076/X                     1.500000    3.026604   -1.526604 (VIOLATED)
u_xbar/output1012/X                     1.500000    3.011341   -1.511341 (VIOLATED)
u_glue/input1/A                         1.500000    3.011109   -1.511109 (VIOLATED)
u_xbar/input164/A                       1.500000    2.995177   -1.495177 (VIOLATED)
u_xbar/ANTENNA_input164_A/DIODE         1.500000    2.995166   -1.495166 (VIOLATED)
u_plic/input77/A                        1.500000    2.992354   -1.492354 (VIOLATED)
u_plic/ANTENNA_input77_A/DIODE          1.500000    2.992347   -1.492347 (VIOLATED)
u_uart/output173/X                      1.500000    2.968887   -1.468887 (VIOLATED)
u_uart/_5644_/Y                         1.495332    2.960705   -1.465373 (VIOLATED)
u_uart/ANTENNA_fanout590_A/DIODE        1.500000    2.963006   -1.463006 (VIOLATED)
u_uart/ANTENNA__5644__Y/DIODE           1.500000    2.961251   -1.461251 (VIOLATED)
u_uart/ANTENNA_fanout595_A/DIODE        1.500000    2.961250   -1.461250 (VIOLATED)
u_uart/ANTENNA_121/DIODE                1.500000    2.961067   -1.461068 (VIOLATED)
u_uart/fanout590/A                      1.500000    2.961069   -1.461069 (VIOLATED)
u_uart/fanout595/A                      1.500000    2.960729   -1.460729 (VIOLATED)
u_xbar/input74/A                        1.500000    2.954448   -1.454448 (VIOLATED)
u_xbar/ANTENNA_input74_A/DIODE          1.500000    2.954440   -1.454440 (VIOLATED)
u_uart/ANTENNA__5790__A0/DIODE          1.500000    2.931492   -1.431492 (VIOLATED)
u_uart/ANTENNA_fanout968_X/DIODE        1.500000    2.931480   -1.431481 (VIOLATED)
u_xbar/input58/A                        1.500000    2.914199   -1.414199 (VIOLATED)
u_xbar/ANTENNA_input58_A/DIODE          1.500000    2.914126   -1.414126 (VIOLATED)
u_uart/ANTENNA__5309__B2/DIODE          1.500000    2.912112   -1.412112 (VIOLATED)
u_xbar/input34/A                        1.500000    2.910105   -1.410105 (VIOLATED)
u_xbar/ANTENNA_input34_A/DIODE          1.500000    2.910103   -1.410103 (VIOLATED)
u_uart/ANTENNA_fanout781_A/DIODE        1.500000    2.906626   -1.406626 (VIOLATED)
u_uart/ANTENNA__6140__A0/DIODE          1.500000    2.904958   -1.404959 (VIOLATED)
u_uart/ANTENNA__5807__B1/DIODE          1.500000    2.904419   -1.404419 (VIOLATED)
u_uart/_6140_/A0                        1.500000    2.903524   -1.403524 (VIOLATED)
u_uart/ANTENNA_149/DIODE                1.500000    2.903416   -1.403416 (VIOLATED)
u_uart/_5807_/B1                        1.500000    2.902974   -1.402974 (VIOLATED)
u_uart/_5790_/A0                        1.500000    2.902586   -1.402586 (VIOLATED)
u_uart/fanout968/X                      1.500000    2.902570   -1.402570 (VIOLATED)
u_uart/ANTENNA_fanout783_A/DIODE        1.500000    2.899695   -1.399695 (VIOLATED)
u_uart/ANTENNA_fanout784_X/DIODE        1.500000    2.899690   -1.399690 (VIOLATED)
u_uart/fanout783/A                      1.500000    2.898324   -1.398325 (VIOLATED)
u_uart/_5309_/B2                        1.500000    2.898050   -1.398050 (VIOLATED)
u_uart/fanout781/A                      1.500000    2.898043   -1.398043 (VIOLATED)
u_uart/ANTENNA_142/DIODE                1.500000    2.898035   -1.398035 (VIOLATED)
u_uart/fanout784/X                      1.500000    2.898012   -1.398012 (VIOLATED)
u_xbar/input99/A                        1.500000    2.883099   -1.383099 (VIOLATED)
u_xbar/ANTENNA_input99_A/DIODE          1.500000    2.883084   -1.383084 (VIOLATED)
u_dm/ANTENNA_input87_A/DIODE            1.500000    2.861695   -1.361695 (VIOLATED)
u_dm/input87/A                          1.500000    2.861670   -1.361670 (VIOLATED)
u_plic/input82/A                        1.500000    2.838656   -1.338656 (VIOLATED)
u_plic/ANTENNA_input82_A/DIODE          1.500000    2.838650   -1.338650 (VIOLATED)
u_dm/input86/A                          1.500000    2.825729   -1.325729 (VIOLATED)
u_dm/ANTENNA_input86_A/DIODE            1.500000    2.825710   -1.325710 (VIOLATED)
u_plic/input78/A                        1.500000    2.819730   -1.319730 (VIOLATED)
u_plic/ANTENNA_input78_A/DIODE          1.500000    2.819705   -1.319705 (VIOLATED)
u_xbar/input339/A                       1.500000    2.801872   -1.301872 (VIOLATED)
u_xbar/ANTENNA_input339_A/DIODE         1.500000    2.801866   -1.301866 (VIOLATED)
u_xbar/input112/A                       1.500000    2.795084   -1.295084 (VIOLATED)
u_xbar/ANTENNA_input112_A/DIODE         1.500000    2.795079   -1.295079 (VIOLATED)
u_glue/_272_/A                          1.500000    2.784262   -1.284262 (VIOLATED)
u_glue/ANTENNA_4/DIODE                  1.500000    2.784219   -1.284219 (VIOLATED)
u_plic/input75/A                        1.500000    2.769914   -1.269914 (VIOLATED)
u_plic/ANTENNA_input75_A/DIODE          1.500000    2.769894   -1.269894 (VIOLATED)
u_dm/input2/A                           1.500000    2.760180   -1.260180 (VIOLATED)
u_dm/ANTENNA_input2_A/DIODE             1.500000    2.760171   -1.260171 (VIOLATED)
u_xbar/input52/A                        1.500000    2.727969   -1.227969 (VIOLATED)
u_xbar/ANTENNA_input52_A/DIODE          1.500000    2.727956   -1.227956 (VIOLATED)
u_xbar/output1071/X                     1.500000    2.727475   -1.227475 (VIOLATED)
u_plic/input79/A                        1.500000    2.726454   -1.226454 (VIOLATED)
u_plic/ANTENNA_input79_A/DIODE          1.500000    2.726444   -1.226444 (VIOLATED)
u_glue/_266_/A                          1.500000    2.719825   -1.219825 (VIOLATED)
u_xbar/input89/A                        1.500000    2.703541   -1.203541 (VIOLATED)
u_xbar/ANTENNA_input89_A/DIODE          1.500000    2.703510   -1.203510 (VIOLATED)
u_xbar/input383/A                       1.500000    2.687437   -1.187437 (VIOLATED)
u_xbar/ANTENNA_input383_A/DIODE         1.500000    2.687429   -1.187429 (VIOLATED)
u_xbar/input49/A                        1.500000    2.679285   -1.179285 (VIOLATED)
u_xbar/ANTENNA_input49_A/DIODE          1.500000    2.679263   -1.179263 (VIOLATED)
u_plic/input76/A                        1.500000    2.650595   -1.150595 (VIOLATED)
u_plic/ANTENNA_input76_A/DIODE          1.500000    2.650575   -1.150575 (VIOLATED)
wire631/A                               1.500000    2.642939   -1.142939 (VIOLATED)
u_xbar/ANTENNA_input101_A/DIODE         1.500000    2.642667   -1.142667 (VIOLATED)
u_xbar/input101/A                       1.500000    2.642665   -1.142665 (VIOLATED)
u_xbar/input411/A                       1.500000    2.617002   -1.117002 (VIOLATED)
u_xbar/ANTENNA_input411_A/DIODE         1.500000    2.616997   -1.116997 (VIOLATED)
u_xbar/ANTENNA_input120_A/DIODE         1.500000    2.596791   -1.096791 (VIOLATED)
u_xbar/input120/A                       1.500000    2.596769   -1.096769 (VIOLATED)
u_xbar/input92/A                        1.500000    2.593078   -1.093078 (VIOLATED)
u_xbar/ANTENNA_input92_A/DIODE          1.500000    2.593063   -1.093063 (VIOLATED)
u_xbar/input377/A                       1.500000    2.585828   -1.085828 (VIOLATED)
u_xbar/ANTENNA_input377_A/DIODE         1.500000    2.585823   -1.085823 (VIOLATED)
u_uart/ANTENNA__5840__S/DIODE           1.500000    2.568940   -1.068940 (VIOLATED)
u_uart/ANTENNA__5845__S/DIODE           1.500000    2.568873   -1.068873 (VIOLATED)
u_uart/ANTENNA_fanout252_A/DIODE        1.500000    2.568818   -1.068818 (VIOLATED)
u_uart/_5837_/Y                         1.494397    2.556190   -1.061793 (VIOLATED)
u_xbar/output646/X                      1.500000    2.560802   -1.060802 (VIOLATED)
u_uart/ANTENNA__5837__Y/DIODE           1.500000    2.557534   -1.057534 (VIOLATED)
u_uart/fanout252/A                      1.500000    2.556241   -1.056241 (VIOLATED)
u_uart/_5840_/S                         1.500000    2.556235   -1.056235 (VIOLATED)
u_uart/_5845_/S                         1.500000    2.556235   -1.056235 (VIOLATED)
u_xbar/input384/A                       1.500000    2.547544   -1.047544 (VIOLATED)
u_xbar/ANTENNA_input384_A/DIODE         1.500000    2.547540   -1.047540 (VIOLATED)
u_xbar/input419/A                       1.500000    2.543031   -1.043031 (VIOLATED)
u_xbar/ANTENNA_input419_A/DIODE         1.500000    2.543025   -1.043025 (VIOLATED)
u_uart/ANTENNA_fanout807_A/DIODE        1.500000    2.541112   -1.041112 (VIOLATED)
u_xbar/input163/A                       1.500000    2.537575   -1.037575 (VIOLATED)
u_xbar/ANTENNA_input163_A/DIODE         1.500000    2.537530   -1.037530 (VIOLATED)
u_uart/ANTENNA_fanout805_A/DIODE        1.500000    2.535532   -1.035532 (VIOLATED)
u_uart/ANTENNA__5166__B1/DIODE          1.500000    2.535372   -1.035372 (VIOLATED)
u_uart/ANTENNA_fanout808_X/DIODE        1.500000    2.535115   -1.035115 (VIOLATED)
u_uart/fanout807/A                      1.500000    2.535104   -1.035104 (VIOLATED)
u_uart/fanout805/A                      1.500000    2.535079   -1.035079 (VIOLATED)
u_uart/_5166_/B1                        1.500000    2.535061   -1.035061 (VIOLATED)
u_uart/fanout808/X                      1.500000    2.535007   -1.035007 (VIOLATED)
u_uart/input16/A                        1.500000    2.528050   -1.028051 (VIOLATED)
u_uart/ANTENNA_input16_A/DIODE          1.500000    2.528039   -1.028039 (VIOLATED)
u_uart/output182/X                      1.500000    2.503568   -1.003568 (VIOLATED)
u_xbar/input77/A                        1.500000    2.501261   -1.001261 (VIOLATED)
u_xbar/ANTENNA_input77_A/DIODE          1.500000    2.501250   -1.001250 (VIOLATED)
u_uart/output137/X                      1.500000    2.470878   -0.970878 (VIOLATED)
u_xbar/output762/X                      1.500000    2.469789   -0.969789 (VIOLATED)
u_plic/output92/X                       1.500000    2.467632   -0.967632 (VIOLATED)
u_xbar/input79/A                        1.500000    2.455724   -0.955724 (VIOLATED)
u_xbar/ANTENNA_input79_A/DIODE          1.500000    2.455655   -0.955655 (VIOLATED)
u_plic/ANTENNA_input81_A/DIODE          1.500000    2.446843   -0.946843 (VIOLATED)
u_plic/input81/A                        1.500000    2.446616   -0.946616 (VIOLATED)
u_dm/ANTENNA_input85_A/DIODE            1.500000    2.444093   -0.944093 (VIOLATED)
u_dm/input85/A                          1.500000    2.444054   -0.944054 (VIOLATED)
u_xbar/input105/A                       1.500000    2.428084   -0.928085 (VIOLATED)
u_xbar/ANTENNA_input105_A/DIODE         1.500000    2.428080   -0.928080 (VIOLATED)
u_xbar/output753/X                      1.500000    2.427373   -0.927373 (VIOLATED)
u_plic/output138/X                      1.500000    2.418862   -0.918862 (VIOLATED)
u_xbar/input61/A                        1.500000    2.402545   -0.902545 (VIOLATED)
u_xbar/ANTENNA_input61_A/DIODE          1.500000    2.402522   -0.902522 (VIOLATED)
u_uart/_5555_/B2                        1.500000    2.394737   -0.894737 (VIOLATED)
u_uart/ANTENNA__5555__B2/DIODE          1.500000    2.394294   -0.894294 (VIOLATED)
u_ibex/input15/A                        1.500000    2.392570   -0.892570 (VIOLATED)
u_ibex/ANTENNA_input15_A/DIODE          1.500000    2.392506   -0.892506 (VIOLATED)
u_xbar/input47/A                        1.500000    2.390848   -0.890849 (VIOLATED)
u_xbar/ANTENNA_input47_A/DIODE          1.500000    2.390845   -0.890845 (VIOLATED)
u_dm/output140/X                        1.500000    2.389749   -0.889749 (VIOLATED)
u_xbar/input151/A                       1.500000    2.386904   -0.886904 (VIOLATED)
u_xbar/ANTENNA_input151_A/DIODE         1.500000    2.386902   -0.886902 (VIOLATED)
u_xbar/output687/X                      1.500000    2.385866   -0.885866 (VIOLATED)
output427/A                             1.500000    2.385019   -0.885019 (VIOLATED)
u_uart/ANTENNA__5554__X/DIODE           1.500000    2.382336   -0.882336 (VIOLATED)
u_uart/_5554_/X                         1.500000    2.382031   -0.882031 (VIOLATED)
u_plic/output102/X                      1.500000    2.380003   -0.880003 (VIOLATED)
u_xbar/output766/X                      1.500000    2.371285   -0.871285 (VIOLATED)
u_uart/ANTENNA_fanout840_A/DIODE        1.500000    2.346658   -0.846658 (VIOLATED)
u_uart/ANTENNA_fanout844_X/DIODE        1.500000    2.346619   -0.846619 (VIOLATED)
u_uart/ANTENNA_fanout843_A/DIODE        1.500000    2.346618   -0.846618 (VIOLATED)
u_uart/output143/X                      1.500000    2.344766   -0.844766 (VIOLATED)
u_uart/ANTENNA_fanout841_A/DIODE        1.500000    2.343428   -0.843428 (VIOLATED)
u_uart/fanout841/A                      1.500000    2.343396   -0.843396 (VIOLATED)
u_uart/fanout840/A                      1.500000    2.343395   -0.843395 (VIOLATED)
u_uart/fanout843/A                      1.500000    2.343372   -0.843372 (VIOLATED)
u_uart/fanout844/X                      1.500000    2.343359   -0.843359 (VIOLATED)
u_xbar/input387/A                       1.500000    2.338556   -0.838556 (VIOLATED)
u_xbar/ANTENNA_input387_A/DIODE         1.500000    2.338548   -0.838548 (VIOLATED)
u_fft/output65/X                        1.500000    2.329189   -0.829189 (VIOLATED)
u_plic/input83/A                        1.500000    2.327980   -0.827980 (VIOLATED)
u_plic/ANTENNA_input83_A/DIODE          1.500000    2.327960   -0.827959 (VIOLATED)
u_glue/output24/X                       1.500000    2.321354   -0.821354 (VIOLATED)
u_uart/output133/X                      1.500000    2.320618   -0.820618 (VIOLATED)
u_plic/input74/A                        1.500000    2.314966   -0.814966 (VIOLATED)
u_plic/ANTENNA_input74_A/DIODE          1.500000    2.314948   -0.814948 (VIOLATED)
u_xbar/output745/X                      1.500000    2.312150   -0.812149 (VIOLATED)
u_xbar/output744/X                      1.500000    2.304105   -0.804105 (VIOLATED)
u_xbar/input366/A                       1.500000    2.303194   -0.803194 (VIOLATED)
u_xbar/ANTENNA_input366_A/DIODE         1.500000    2.303188   -0.803188 (VIOLATED)
u_xbar/ANTENNA_input130_A/DIODE         1.500000    2.302285   -0.802285 (VIOLATED)
u_xbar/input130/A                       1.500000    2.302279   -0.802280 (VIOLATED)
u_uart/output156/X                      1.500000    2.299590   -0.799590 (VIOLATED)
u_xbar/input148/A                       1.500000    2.294386   -0.794386 (VIOLATED)
u_xbar/ANTENNA_input148_A/DIODE         1.500000    2.294382   -0.794382 (VIOLATED)
u_uart/output144/X                      1.500000    2.291896   -0.791896 (VIOLATED)
u_uart/ANTENNA_fanout507_A/DIODE        1.500000    2.291853   -0.791853 (VIOLATED)
u_uart/ANTENNA_fanout506_A/DIODE        1.500000    2.288865   -0.788865 (VIOLATED)
u_uart/ANTENNA__5809__X/DIODE           1.500000    2.288579   -0.788579 (VIOLATED)
u_uart/fanout507/A                      1.500000    2.288570   -0.788570 (VIOLATED)
u_uart/fanout506/A                      1.500000    2.288569   -0.788569 (VIOLATED)
u_uart/_5809_/X                         1.500000    2.288549   -0.788549 (VIOLATED)
u_xbar/ANTENNA_input132_A/DIODE         1.500000    2.276715   -0.776715 (VIOLATED)
u_xbar/input132/A                       1.500000    2.276709   -0.776709 (VIOLATED)
u_xbar/ANTENNA_input119_A/DIODE         1.500000    2.269463   -0.769463 (VIOLATED)
u_xbar/input119/A                       1.500000    2.269449   -0.769449 (VIOLATED)
u_xbar/input152/A                       1.500000    2.268920   -0.768920 (VIOLATED)
u_xbar/ANTENNA_input152_A/DIODE         1.500000    2.268907   -0.768907 (VIOLATED)
u_xbar/input376/A                       1.500000    2.254251   -0.754252 (VIOLATED)
u_xbar/ANTENNA_input376_A/DIODE         1.500000    2.254246   -0.754246 (VIOLATED)
u_xbar/output760/X                      1.500000    2.247867   -0.747867 (VIOLATED)
u_xbar/output1096/X                     1.500000    2.245029   -0.745029 (VIOLATED)
u_uart/ANTENNA_hold2278_X/DIODE         1.500000    2.237985   -0.737985 (VIOLATED)
u_uart/ANTENNA_fanout1243_A/DIODE       1.500000    2.237983   -0.737983 (VIOLATED)
u_uart/ANTENNA_fanout1244_A/DIODE       1.500000    2.237984   -0.737984 (VIOLATED)
u_uart/fanout1243/A                     1.500000    2.237770   -0.737770 (VIOLATED)
u_uart/hold2278/X                       1.499524    2.237268   -0.737744 (VIOLATED)
u_uart/ANTENNA__5446__A1/DIODE          1.500000    2.237395   -0.737395 (VIOLATED)
u_uart/ANTENNA__5170__A1/DIODE          1.500000    2.237393   -0.737393 (VIOLATED)
u_uart/ANTENNA__5458__A1/DIODE          1.500000    2.237391   -0.737391 (VIOLATED)
u_uart/fanout1244/A                     1.500000    2.237379   -0.737379 (VIOLATED)
u_uart/ANTENNA__5481__S/DIODE           1.500000    2.237351   -0.737352 (VIOLATED)
u_uart/_5446_/A1                        1.500000    2.237345   -0.737345 (VIOLATED)
u_uart/ANTENNA_163/DIODE                1.500000    2.237339   -0.737340 (VIOLATED)
u_uart/_5170_/A1                        1.500000    2.237339   -0.737340 (VIOLATED)
u_uart/_5458_/A1                        1.500000    2.237340   -0.737340 (VIOLATED)
u_uart/_5481_/S                         1.500000    2.237332   -0.737332 (VIOLATED)
u_xbar/output652/X                      1.500000    2.233463   -0.733463 (VIOLATED)
u_xbar/output755/X                      1.500000    2.230796   -0.730796 (VIOLATED)
u_xbar/output750/X                      1.500000    2.230131   -0.730131 (VIOLATED)
u_xbar/output1099/X                     1.500000    2.225740   -0.725740 (VIOLATED)
u_xbar/output761/X                      1.500000    2.223012   -0.723012 (VIOLATED)
u_xbar/output746/X                      1.500000    2.222741   -0.722741 (VIOLATED)
u_xbar/output757/X                      1.500000    2.220446   -0.720446 (VIOLATED)
u_xbar/output763/X                      1.500000    2.215923   -0.715923 (VIOLATED)
u_xbar/output635/X                      1.500000    2.213582   -0.713582 (VIOLATED)
u_xbar/input137/A                       1.500000    2.212332   -0.712332 (VIOLATED)
u_xbar/ANTENNA_input137_A/DIODE         1.500000    2.212322   -0.712322 (VIOLATED)
u_xbar/output742/X                      1.500000    2.208866   -0.708866 (VIOLATED)
u_xbar/output772/X                      1.500000    2.208149   -0.708149 (VIOLATED)
u_xbar/output634/X                      1.500000    2.201436   -0.701436 (VIOLATED)
u_dm/output153/X                        1.500000    2.199196   -0.699196 (VIOLATED)
u_xbar/output683/X                      1.500000    2.195664   -0.695664 (VIOLATED)
u_xbar/output747/X                      1.500000    2.192725   -0.692725 (VIOLATED)
u_uart/output177/X                      1.500000    2.192164   -0.692165 (VIOLATED)
u_xbar/output573/X                      1.500000    2.189957   -0.689957 (VIOLATED)
u_spi_host/output101/X                  1.500000    2.189308   -0.689308 (VIOLATED)
u_plic/output96/X                       1.500000    2.188237   -0.688237 (VIOLATED)
u_uart/ANTENNA_input77_A/DIODE          1.500000    2.180276   -0.680276 (VIOLATED)
u_uart/input77/A                        1.500000    2.180246   -0.680246 (VIOLATED)
u_uart/ANTENNA_input83_A/DIODE          1.500000    2.168731   -0.668731 (VIOLATED)
u_uart/input83/A                        1.500000    2.168688   -0.668688 (VIOLATED)
u_xbar/output752/X                      1.500000    2.164488   -0.664488 (VIOLATED)
u_xbar/input408/A                       1.500000    2.161344   -0.661344 (VIOLATED)
u_xbar/ANTENNA_input408_A/DIODE         1.500000    2.161336   -0.661336 (VIOLATED)
u_plic/output148/X                      1.500000    2.156619   -0.656619 (VIOLATED)
u_uart/ANTENNA_input91_A/DIODE          1.500000    2.153290   -0.653290 (VIOLATED)
u_uart/input91/A                        1.500000    2.153241   -0.653241 (VIOLATED)
u_uart/output170/X                      1.500000    2.138472   -0.638472 (VIOLATED)
u_xbar/ANTENNA_input60_A/DIODE          1.500000    2.130117   -0.630117 (VIOLATED)
u_xbar/input60/A                        1.500000    2.130113   -0.630113 (VIOLATED)
u_xbar/output756/X                      1.500000    2.129596   -0.629596 (VIOLATED)
u_plic/output109/X                      1.500000    2.129565   -0.629565 (VIOLATED)
u_dm/output184/X                        1.500000    2.128609   -0.628609 (VIOLATED)
u_uart/ANTENNA_input84_A/DIODE          1.500000    2.119002   -0.619002 (VIOLATED)
u_uart/input84/A                        1.500000    2.118949   -0.618949 (VIOLATED)
u_ibex/input9/A                         1.500000    2.118739   -0.618739 (VIOLATED)
u_ibex/ANTENNA_input9_A/DIODE           1.500000    2.118716   -0.618717 (VIOLATED)
u_uart/_5559_/B2                        1.500000    2.117988   -0.617988 (VIOLATED)
u_xbar/output764/X                      1.500000    2.116699   -0.616700 (VIOLATED)
u_uart/ANTENNA__5559__B2/DIODE          1.500000    2.115677   -0.615677 (VIOLATED)
u_xbar/output769/X                      1.500000    2.113301   -0.613301 (VIOLATED)
u_xbar/output1094/X                     1.500000    2.111177   -0.611177 (VIOLATED)
u_xbar/input299/A                       1.500000    2.109847   -0.609847 (VIOLATED)
u_xbar/ANTENNA_input299_A/DIODE         1.500000    2.109806   -0.609806 (VIOLATED)
u_xbar/input124/A                       1.500000    2.109310   -0.609310 (VIOLATED)
u_xbar/ANTENNA_input124_A/DIODE         1.500000    2.109278   -0.609278 (VIOLATED)
u_xbar/output743/X                      1.500000    2.106379   -0.606379 (VIOLATED)
u_xbar/input364/A                       1.500000    2.103495   -0.603495 (VIOLATED)
u_xbar/ANTENNA_input364_A/DIODE         1.500000    2.103489   -0.603489 (VIOLATED)
u_xbar/output645/X                      1.500000    2.101818   -0.601818 (VIOLATED)
u_glue/_253_/A                          1.500000    2.101117   -0.601117 (VIOLATED)
u_glue/ANTENNA_2/DIODE                  1.500000    2.101085   -0.601085 (VIOLATED)
u_uart/ANTENNA__5558__X/DIODE           1.500000    2.095902   -0.595902 (VIOLATED)
u_uart/_5558_/X                         1.500000    2.095709   -0.595709 (VIOLATED)
u_plic/output120/X                      1.500000    2.091815   -0.591816 (VIOLATED)
u_xbar/output758/X                      1.500000    2.087337   -0.587338 (VIOLATED)
u_uart/ANTENNA_input78_A/DIODE          1.500000    2.084203   -0.584203 (VIOLATED)
u_uart/input78/A                        1.500000    2.083948   -0.583948 (VIOLATED)
u_xbar/output520/X                      1.500000    2.082012   -0.582012 (VIOLATED)
u_uart/ANTENNA__5546__B2/DIODE          1.500000    2.078995   -0.578995 (VIOLATED)
u_xbar/output510/X                      1.500000    2.078308   -0.578308 (VIOLATED)
u_uart/hold2490/X                       1.499524    2.075506   -0.575983 (VIOLATED)
u_uart/ANTENNA_hold2490_X/DIODE         1.500000    2.075796   -0.575796 (VIOLATED)
u_uart/_5546_/B2                        1.500000    2.075542   -0.575542 (VIOLATED)
u_xbar/ANTENNA_input71_A/DIODE          1.500000    2.068398   -0.568398 (VIOLATED)
u_xbar/input71/A                        1.500000    2.068382   -0.568382 (VIOLATED)
u_xbar/ANTENNA_input114_A/DIODE         1.500000    2.067374   -0.567374 (VIOLATED)
u_xbar/input114/A                       1.500000    2.067369   -0.567369 (VIOLATED)
u_uart/_5119_/Y                         1.495456    2.054046   -0.558590 (VIOLATED)
u_xbar/input153/A                       1.500000    2.056161   -0.556161 (VIOLATED)
u_xbar/ANTENNA_input153_A/DIODE         1.500000    2.056155   -0.556155 (VIOLATED)
u_uart/ANTENNA__5539__A2/DIODE          1.500000    2.054308   -0.554308 (VIOLATED)
u_uart/ANTENNA__5146__B1/DIODE          1.500000    2.054296   -0.554296 (VIOLATED)
u_uart/ANTENNA_70/DIODE                 1.500000    2.054228   -0.554228 (VIOLATED)
u_uart/_5434_/A1                        1.500000    2.054224   -0.554224 (VIOLATED)
u_uart/_5539_/A2                        1.500000    2.054200   -0.554200 (VIOLATED)
u_uart/_5146_/B1                        1.500000    2.054197   -0.554197 (VIOLATED)
u_uart/_5213_/A1                        1.500000    2.054195   -0.554195 (VIOLATED)
u_uart/ANTENNA__5434__A1/DIODE          1.500000    2.054151   -0.554151 (VIOLATED)
u_uart/ANTENNA__5213__A1/DIODE          1.500000    2.054150   -0.554150 (VIOLATED)
u_uart/ANTENNA__5267__A3/DIODE          1.500000    2.054108   -0.554108 (VIOLATED)
u_uart/ANTENNA__5486__A3/DIODE          1.500000    2.054107   -0.554107 (VIOLATED)
u_uart/ANTENNA__5119__Y/DIODE           1.500000    2.054096   -0.554096 (VIOLATED)
u_uart/_5486_/A3                        1.500000    2.054053   -0.554053 (VIOLATED)
u_uart/_5267_/A3                        1.500000    2.054049   -0.554049 (VIOLATED)
u_xbar/input109/A                       1.500000    2.050863   -0.550863 (VIOLATED)
u_xbar/ANTENNA_input109_A/DIODE         1.500000    2.050857   -0.550857 (VIOLATED)
u_plic/output147/X                      1.500000    2.047417   -0.547417 (VIOLATED)
u_xbar/input43/A                        1.500000    2.046702   -0.546702 (VIOLATED)
u_xbar/ANTENNA_input43_A/DIODE          1.500000    2.046697   -0.546697 (VIOLATED)
u_uart/ANTENNA_fanout511_A/DIODE        1.500000    2.043678   -0.543678 (VIOLATED)
u_ibex/input5/A                         1.500000    2.042533   -0.542533 (VIOLATED)
u_ibex/ANTENNA_input5_A/DIODE           1.500000    2.042498   -0.542498 (VIOLATED)
u_uart/fanout510/A                      1.500000    2.036779   -0.536779 (VIOLATED)
u_uart/ANTENNA_fanout510_A/DIODE        1.500000    2.036739   -0.536739 (VIOLATED)
u_uart/ANTENNA__5805__X/DIODE           1.500000    2.036738   -0.536738 (VIOLATED)
u_uart/fanout511/A                      1.500000    2.036721   -0.536721 (VIOLATED)
u_uart/_5805_/X                         1.500000    2.036682   -0.536682 (VIOLATED)
u_xbar/input349/A                       1.500000    2.036450   -0.536450 (VIOLATED)
u_xbar/ANTENNA_input349_A/DIODE         1.500000    2.036437   -0.536437 (VIOLATED)
u_uart/ANTENNA__5797__A0/DIODE          1.500000    2.031641   -0.531641 (VIOLATED)
u_uart/ANTENNA__5845__A1/DIODE          1.500000    2.031621   -0.531621 (VIOLATED)
u_plic/output122/X                      1.500000    2.031268   -0.531268 (VIOLATED)
u_uart/ANTENNA_fanout958_X/DIODE        1.500000    2.030840   -0.530840 (VIOLATED)
u_uart/ANTENNA_fanout957_A/DIODE        1.500000    2.030837   -0.530837 (VIOLATED)
u_uart/fanout957/A                      1.500000    2.029908   -0.529908 (VIOLATED)
u_uart/_5845_/A1                        1.500000    2.029896   -0.529897 (VIOLATED)
u_uart/_5797_/A0                        1.500000    2.029894   -0.529894 (VIOLATED)
u_uart/fanout958/X                      1.500000    2.029850   -0.529850 (VIOLATED)
u_xbar/output538/X                      1.500000    2.025055   -0.525056 (VIOLATED)
u_glue/output22/X                       1.500000    2.019199   -0.519199 (VIOLATED)
u_plic/output110/X                      1.500000    2.018312   -0.518312 (VIOLATED)
u_xbar/input70/A                        1.500000    2.017808   -0.517808 (VIOLATED)
u_xbar/ANTENNA_input70_A/DIODE          1.500000    2.017802   -0.517802 (VIOLATED)
u_xbar/ANTENNA_input131_A/DIODE         1.500000    2.010917   -0.510918 (VIOLATED)
u_xbar/input131/A                       1.500000    2.010915   -0.510915 (VIOLATED)
u_xbar/input53/A                        1.500000    2.007131   -0.507131 (VIOLATED)
u_xbar/ANTENNA_input53_A/DIODE          1.500000    2.007124   -0.507124 (VIOLATED)
u_plic/output127/X                      1.500000    2.005919   -0.505919 (VIOLATED)
u_uart/output147/X                      1.500000    2.004075   -0.504075 (VIOLATED)
u_xbar/output1097/X                     1.500000    1.998689   -0.498689 (VIOLATED)
u_xbar/output765/X                      1.500000    1.998433   -0.498433 (VIOLATED)
u_uart/ANTENNA_input19_A/DIODE          1.500000    1.997371   -0.497371 (VIOLATED)
u_uart/input19/A                        1.500000    1.997263   -0.497263 (VIOLATED)
wire610/A                               1.500000    1.993797   -0.493797 (VIOLATED)
u_xbar/output751/X                      1.500000    1.993257   -0.493257 (VIOLATED)
u_uart/ANTENNA_input94_A/DIODE          1.500000    1.989305   -0.489305 (VIOLATED)
u_uart/input94/A                        1.500000    1.989257   -0.489257 (VIOLATED)
u_glue/_267_/A                          1.500000    1.981672   -0.481672 (VIOLATED)
u_glue/ANTENNA_8/DIODE                  1.500000    1.981653   -0.481653 (VIOLATED)
u_xbar/input416/A                       1.500000    1.979993   -0.479993 (VIOLATED)
u_xbar/ANTENNA_input416_A/DIODE         1.500000    1.979984   -0.479984 (VIOLATED)
u_uart/ANTENNA_input15_A/DIODE          1.500000    1.975099   -0.475099 (VIOLATED)
u_uart/input15/A                        1.500000    1.975066   -0.475066 (VIOLATED)
u_xbar/input390/A                       1.500000    1.974004   -0.474004 (VIOLATED)
u_xbar/ANTENNA_input390_A/DIODE         1.500000    1.973999   -0.473999 (VIOLATED)
u_xbar/output633/X                      1.500000    1.973168   -0.473168 (VIOLATED)
u_xbar/output527/X                      1.500000    1.970330   -0.470330 (VIOLATED)
wire651/A                               1.500000    1.968642   -0.468642 (VIOLATED)
u_uart/ANTENNA_input99_A/DIODE          1.500000    1.961519   -0.461519 (VIOLATED)
u_uart/input99/A                        1.500000    1.961332   -0.461332 (VIOLATED)
u_xbar/output551/X                      1.500000    1.954587   -0.454587 (VIOLATED)
u_uart/ANTENNA_input73_A/DIODE          1.500000    1.953248   -0.453248 (VIOLATED)
u_uart/input73/A                        1.500000    1.953189   -0.453189 (VIOLATED)
u_plic/output140/X                      1.500000    1.952161   -0.452161 (VIOLATED)
u_glue/_271_/A                          1.500000    1.952140   -0.452140 (VIOLATED)
u_glue/_265_/A                          1.500000    1.952135   -0.452135 (VIOLATED)
u_dm/output150/X                        1.500000    1.949207   -0.449207 (VIOLATED)
u_uart/input87/A                        1.500000    1.947139   -0.447139 (VIOLATED)
u_uart/ANTENNA_input87_A/DIODE          1.500000    1.947137   -0.447137 (VIOLATED)
output437/A                             1.500000    1.946845   -0.446845 (VIOLATED)
u_xbar/input368/A                       1.500000    1.946699   -0.446699 (VIOLATED)
u_xbar/ANTENNA_input368_A/DIODE         1.500000    1.946690   -0.446690 (VIOLATED)
u_xbar/output773/X                      1.500000    1.937601   -0.437601 (VIOLATED)
u_plic/output142/X                      1.500000    1.936180   -0.436180 (VIOLATED)
u_xbar/output741/X                      1.500000    1.932667   -0.432667 (VIOLATED)
u_xbar/output770/X                      1.500000    1.927939   -0.427939 (VIOLATED)
u_xbar/input111/A                       1.500000    1.926060   -0.426060 (VIOLATED)
u_xbar/ANTENNA_input111_A/DIODE         1.500000    1.926049   -0.426049 (VIOLATED)
u_xbar/output1101/X                     1.500000    1.925814   -0.425814 (VIOLATED)
u_xbar/output1124/X                     1.500000    1.921133   -0.421133 (VIOLATED)
u_dm/output159/X                        1.500000    1.913162   -0.413162 (VIOLATED)
u_plic/output104/X                      1.500000    1.909091   -0.409091 (VIOLATED)
u_uart/output136/X                      1.500000    1.907609   -0.407609 (VIOLATED)
u_uart/output150/X                      1.500000    1.905095   -0.405095 (VIOLATED)
u_dm/output177/X                        1.500000    1.901488   -0.401488 (VIOLATED)
u_xbar/output1091/X                     1.500000    1.899416   -0.399416 (VIOLATED)
u_xbar/ANTENNA_input123_A/DIODE         1.500000    1.899262   -0.399262 (VIOLATED)
u_xbar/input123/A                       1.500000    1.899262   -0.399262 (VIOLATED)
u_xbar/input125/A                       1.500000    1.894610   -0.394610 (VIOLATED)
u_xbar/ANTENNA_input125_A/DIODE         1.500000    1.894591   -0.394591 (VIOLATED)
u_xbar/input407/A                       1.500000    1.893589   -0.393589 (VIOLATED)
u_xbar/ANTENNA_input407_A/DIODE         1.500000    1.893581   -0.393581 (VIOLATED)
u_dm/input4/A                           1.500000    1.891819   -0.391819 (VIOLATED)
u_dm/ANTENNA_input4_A/DIODE             1.500000    1.891813   -0.391813 (VIOLATED)
u_uart/ANTENNA_input69_A/DIODE          1.500000    1.886684   -0.386684 (VIOLATED)
u_uart/input69/A                        1.500000    1.886619   -0.386619 (VIOLATED)
u_uart/ANTENNA_fanout728_X/DIODE        1.500000    1.885118   -0.385118 (VIOLATED)
u_dm/input3/A                           1.500000    1.884509   -0.384510 (VIOLATED)
u_dm/ANTENNA_input3_A/DIODE             1.500000    1.884505   -0.384505 (VIOLATED)
u_fft/output64/X                        1.500000    1.878838   -0.378838 (VIOLATED)
u_uart/output167/X                      1.500000    1.877349   -0.377349 (VIOLATED)
u_ibex/input8/A                         1.500000    1.876395   -0.376395 (VIOLATED)
u_ibex/ANTENNA_input8_A/DIODE           1.500000    1.876381   -0.376381 (VIOLATED)
u_ibex/input13/A                        1.500000    1.875267   -0.375267 (VIOLATED)
u_ibex/ANTENNA_input13_A/DIODE          1.500000    1.875260   -0.375261 (VIOLATED)
u_xbar/output661/X                      1.500000    1.871719   -0.371719 (VIOLATED)
u_xbar/input391/A                       1.500000    1.869920   -0.369921 (VIOLATED)
u_xbar/ANTENNA_input391_A/DIODE         1.500000    1.869914   -0.369914 (VIOLATED)
u_uart/ANTENNA__6157__A1/DIODE          1.500000    1.865532   -0.365532 (VIOLATED)
u_uart/ANTENNA__6155__A1/DIODE          1.500000    1.865521   -0.365521 (VIOLATED)
u_uart/ANTENNA__6162__A1/DIODE          1.500000    1.865481   -0.365481 (VIOLATED)
u_uart/ANTENNA__6158__A1/DIODE          1.500000    1.865398   -0.365398 (VIOLATED)
u_xbar/output552/X                      1.500000    1.864213   -0.364213 (VIOLATED)
u_xbar/input361/A                       1.500000    1.863999   -0.364000 (VIOLATED)
u_xbar/ANTENNA_input361_A/DIODE         1.500000    1.863992   -0.363992 (VIOLATED)
u_xbar/input394/A                       1.500000    1.860285   -0.360285 (VIOLATED)
u_xbar/ANTENNA_input394_A/DIODE         1.500000    1.860283   -0.360283 (VIOLATED)
u_uart/output127/X                      1.500000    1.860119   -0.360119 (VIOLATED)
u_glue/_256_/A                          1.500000    1.858561   -0.358561 (VIOLATED)
u_xbar/output1198/X                     1.500000    1.856328   -0.356328 (VIOLATED)
u_glue/_254_/A                          1.500000    1.855057   -0.355057 (VIOLATED)
u_plic/output99/X                       1.500000    1.852207   -0.352207 (VIOLATED)
u_uart/ANTENNA__5116__X/DIODE           1.500000    1.848020   -0.348020 (VIOLATED)
u_xbar/input322/A                       1.500000    1.847604   -0.347604 (VIOLATED)
u_xbar/ANTENNA_input322_A/DIODE         1.500000    1.847603   -0.347603 (VIOLATED)
u_uart/ANTENNA_input97_A/DIODE          1.500000    1.845895   -0.345895 (VIOLATED)
u_uart/input97/A                        1.500000    1.845853   -0.345853 (VIOLATED)
u_uart/ANTENNA__6161__A1/DIODE          1.500000    1.845205   -0.345205 (VIOLATED)
u_xbar/output647/X                      1.500000    1.840974   -0.340974 (VIOLATED)
u_xbar/output1205/X                     1.500000    1.840752   -0.340752 (VIOLATED)
u_plic/output137/X                      1.500000    1.840322   -0.340322 (VIOLATED)
u_xbar/output555/X                      1.500000    1.840021   -0.340021 (VIOLATED)
u_xbar/output1014/X                     1.500000    1.839290   -0.339290 (VIOLATED)
u_xbar/input300/A                       1.500000    1.838936   -0.338936 (VIOLATED)
u_xbar/ANTENNA_input300_A/DIODE         1.500000    1.838928   -0.338928 (VIOLATED)
u_uart/ANTENNA_4/DIODE                  1.500000    1.838188   -0.338188 (VIOLATED)
u_uart/_5117_/A1                        1.500000    1.838178   -0.338178 (VIOLATED)
u_xbar/output1083/X                     1.500000    1.838028   -0.338028 (VIOLATED)
u_spi_host/output117/X                  1.500000    1.837882   -0.337882 (VIOLATED)
u_uart/ANTENNA__5117__A1/DIODE          1.500000    1.837842   -0.337843 (VIOLATED)
u_uart/_5116_/X                         1.500000    1.837784   -0.337784 (VIOLATED)
u_uart/_6160_/A1                        1.500000    1.836185   -0.336185 (VIOLATED)
u_uart/ANTENNA__6160__A1/DIODE          1.500000    1.835774   -0.335775 (VIOLATED)
u_uart/_6158_/A1                        1.500000    1.835745   -0.335745 (VIOLATED)
u_uart/_6155_/A1                        1.500000    1.835691   -0.335691 (VIOLATED)
u_uart/_6162_/A1                        1.500000    1.835683   -0.335683 (VIOLATED)
u_uart/_6157_/A1                        1.500000    1.835601   -0.335601 (VIOLATED)
u_uart/_6161_/A1                        1.500000    1.834883   -0.334883 (VIOLATED)
u_uart/fanout728/X                      1.500000    1.833603   -0.333604 (VIOLATED)
u_xbar/input63/A                        1.500000    1.827578   -0.327578 (VIOLATED)
u_xbar/ANTENNA_input63_A/DIODE          1.500000    1.827565   -0.327565 (VIOLATED)
u_uart/hold2357/X                       1.497899    1.825117   -0.327218 (VIOLATED)
u_uart/ANTENNA_fanout1267_A/DIODE       1.500000    1.825562   -0.325562 (VIOLATED)
u_uart/ANTENNA_fanout1269_A/DIODE       1.500000    1.825554   -0.325554 (VIOLATED)
u_uart/ANTENNA_fanout1265_A/DIODE       1.500000    1.825415   -0.325415 (VIOLATED)
u_uart/ANTENNA_fanout1266_A/DIODE       1.500000    1.825319   -0.325319 (VIOLATED)
u_uart/ANTENNA_fanout1264_A/DIODE       1.500000    1.825315   -0.325315 (VIOLATED)
u_glue/output25/X                       1.500000    1.825313   -0.325313 (VIOLATED)
u_uart/fanout1265/A                     1.500000    1.825162   -0.325162 (VIOLATED)
u_uart/ANTENNA_hold2357_X/DIODE         1.500000    1.825154   -0.325154 (VIOLATED)
u_uart/fanout1269/A                     1.500000    1.825151   -0.325151 (VIOLATED)
u_uart/fanout1267/A                     1.500000    1.825149   -0.325149 (VIOLATED)
u_uart/fanout1266/A                     1.500000    1.825144   -0.325144 (VIOLATED)
u_uart/fanout1264/A                     1.500000    1.825139   -0.325139 (VIOLATED)
u_xbar/input78/A                        1.500000    1.823967   -0.323967 (VIOLATED)
u_xbar/ANTENNA_input78_A/DIODE          1.500000    1.823963   -0.323963 (VIOLATED)
u_glue/output19/X                       1.500000    1.817146   -0.317146 (VIOLATED)
u_xbar/input81/A                        1.500000    1.814921   -0.314922 (VIOLATED)
u_xbar/ANTENNA_input81_A/DIODE          1.500000    1.814898   -0.314898 (VIOLATED)
u_xbar/output768/X                      1.500000    1.811758   -0.311758 (VIOLATED)
u_plic/output101/X                      1.500000    1.810234   -0.310234 (VIOLATED)
u_xbar/output771/X                      1.500000    1.809318   -0.309318 (VIOLATED)
u_xbar/ANTENNA_input57_A/DIODE          1.500000    1.807633   -0.307633 (VIOLATED)
u_xbar/input57/A                        1.500000    1.807631   -0.307631 (VIOLATED)
u_xbar/input44/A                        1.500000    1.807592   -0.307592 (VIOLATED)
u_xbar/ANTENNA_input44_A/DIODE          1.500000    1.807589   -0.307589 (VIOLATED)
u_uart/ANTENNA__6053__X/DIODE           1.500000    1.804943   -0.304943 (VIOLATED)
u_plic/output114/X                      1.500000    1.804185   -0.304185 (VIOLATED)
u_xbar/output502/X                      1.500000    1.800965   -0.300965 (VIOLATED)
u_glue/output26/X                       1.500000    1.800807   -0.300807 (VIOLATED)
u_plic/input39/A                        1.500000    1.800654   -0.300654 (VIOLATED)
u_plic/ANTENNA_input39_A/DIODE          1.500000    1.800640   -0.300641 (VIOLATED)
u_uart/ANTENNA_input67_A/DIODE          1.500000    1.800613   -0.300613 (VIOLATED)
u_uart/input67/A                        1.500000    1.800595   -0.300595 (VIOLATED)
u_uart/ANTENNA__6054__A2/DIODE          1.500000    1.798746   -0.298746 (VIOLATED)
u_uart/_6349_/A1                        1.500000    1.798283   -0.298283 (VIOLATED)
u_uart/ANTENNA__6349__A1/DIODE          1.500000    1.797941   -0.297941 (VIOLATED)
u_uart/_6054_/A2                        1.500000    1.797744   -0.297744 (VIOLATED)
u_uart/_6053_/X                         1.500000    1.797477   -0.297477 (VIOLATED)
u_xbar/output648/X                      1.500000    1.795330   -0.295330 (VIOLATED)
u_dm/output183/X                        1.500000    1.795058   -0.295058 (VIOLATED)
u_uart/ANTENNA_input95_A/DIODE          1.500000    1.789134   -0.289134 (VIOLATED)
u_uart/input95/A                        1.500000    1.789115   -0.289115 (VIOLATED)
u_xbar/output1123/X                     1.500000    1.788370   -0.288370 (VIOLATED)
u_xbar/input86/A                        1.500000    1.787767   -0.287767 (VIOLATED)
u_xbar/ANTENNA_input86_A/DIODE          1.500000    1.787766   -0.287766 (VIOLATED)
u_uart/ANTENNA_input75_A/DIODE          1.500000    1.786539   -0.286539 (VIOLATED)
u_uart/input75/A                        1.500000    1.786509   -0.286509 (VIOLATED)
u_uart/_5808_/A1                        1.500000    1.785722   -0.285722 (VIOLATED)
u_uart/_5802_/A1                        1.500000    1.785622   -0.285622 (VIOLATED)
u_uart/_6147_/A1                        1.500000    1.785419   -0.285419 (VIOLATED)
u_uart/_5804_/A1                        1.500000    1.785394   -0.285394 (VIOLATED)
u_uart/_6150_/A1                        1.500000    1.785293   -0.285293 (VIOLATED)
u_xbar/output1197/X                     1.500000    1.784692   -0.284692 (VIOLATED)
u_uart/_6146_/A1                        1.500000    1.784608   -0.284608 (VIOLATED)
u_xbar/output1208/X                     1.500000    1.784218   -0.284218 (VIOLATED)
u_glue/_273_/A                          1.500000    1.783840   -0.283840 (VIOLATED)
u_xbar/output781/X                      1.500000    1.783088   -0.283088 (VIOLATED)
u_xbar/input48/A                        1.500000    1.783055   -0.283055 (VIOLATED)
u_xbar/ANTENNA_input48_A/DIODE          1.500000    1.783038   -0.283038 (VIOLATED)
u_uart/ANTENNA__6146__A1/DIODE          1.500000    1.782651   -0.282651 (VIOLATED)
u_dm/output163/X                        1.500000    1.778839   -0.278839 (VIOLATED)
u_xbar/output1191/X                     1.500000    1.777335   -0.277335 (VIOLATED)
u_uart/output154/X                      1.500000    1.775868   -0.275868 (VIOLATED)
u_plic/output141/X                      1.500000    1.773371   -0.273371 (VIOLATED)
u_xbar/input303/A                       1.500000    1.772086   -0.272086 (VIOLATED)
u_xbar/ANTENNA_input303_A/DIODE         1.500000    1.772085   -0.272085 (VIOLATED)
u_uart/ANTENNA_input80_A/DIODE          1.500000    1.769513   -0.269513 (VIOLATED)
u_uart/input80/A                        1.500000    1.769478   -0.269478 (VIOLATED)
u_spi_host/output62/X                   1.500000    1.768476   -0.268476 (VIOLATED)
u_uart/ANTENNA_input86_A/DIODE          1.500000    1.768327   -0.268327 (VIOLATED)
u_uart/input86/A                        1.500000    1.768307   -0.268307 (VIOLATED)
u_xbar/input23/A                        1.500000    1.767521   -0.267521 (VIOLATED)
u_xbar/ANTENNA_input23_A/DIODE          1.500000    1.767520   -0.267520 (VIOLATED)
u_xbar/ANTENNA_input104_A/DIODE         1.500000    1.766527   -0.266527 (VIOLATED)
u_xbar/input104/A                       1.500000    1.766506   -0.266506 (VIOLATED)
u_xbar/input346/A                       1.500000    1.766185   -0.266185 (VIOLATED)
u_xbar/ANTENNA_input346_A/DIODE         1.500000    1.766175   -0.266175 (VIOLATED)
u_uart/ANTENNA_input79_A/DIODE          1.500000    1.765316   -0.265316 (VIOLATED)
u_uart/input79/A                        1.500000    1.765269   -0.265269 (VIOLATED)
u_uart/ANTENNA_input68_A/DIODE          1.500000    1.765130   -0.265130 (VIOLATED)
u_uart/input68/A                        1.500000    1.765094   -0.265094 (VIOLATED)
u_xbar/output1192/X                     1.500000    1.765018   -0.265018 (VIOLATED)
u_xbar/output1213/X                     1.500000    1.764686   -0.264686 (VIOLATED)
u_xbar/input401/A                       1.500000    1.761780   -0.261780 (VIOLATED)
u_xbar/ANTENNA_input401_A/DIODE         1.500000    1.761772   -0.261772 (VIOLATED)
wire607/A                               1.500000    1.761114   -0.261114 (VIOLATED)
u_xbar/ANTENNA_input410_A/DIODE         1.500000    1.760684   -0.260684 (VIOLATED)
u_xbar/input410/A                       1.500000    1.760675   -0.260675 (VIOLATED)
u_xbar/input24/A                        1.500000    1.759026   -0.259026 (VIOLATED)
u_xbar/ANTENNA_input24_A/DIODE          1.500000    1.759003   -0.259003 (VIOLATED)
u_xbar/input66/A                        1.500000    1.757251   -0.257251 (VIOLATED)
u_xbar/ANTENNA_input66_A/DIODE          1.500000    1.757233   -0.257233 (VIOLATED)
u_xbar/ANTENNA_input67_A/DIODE          1.500000    1.751848   -0.251848 (VIOLATED)
u_xbar/input67/A                        1.500000    1.751833   -0.251833 (VIOLATED)
u_plic/output113/X                      1.500000    1.750565   -0.250565 (VIOLATED)
u_xbar/input118/A                       1.500000    1.749924   -0.249924 (VIOLATED)
u_xbar/ANTENNA_input118_A/DIODE         1.500000    1.749917   -0.249917 (VIOLATED)
u_xbar/input108/A                       1.500000    1.742066   -0.242066 (VIOLATED)
u_xbar/ANTENNA_input108_A/DIODE         1.500000    1.742065   -0.242065 (VIOLATED)
u_xbar/output754/X                      1.500000    1.736610   -0.236610 (VIOLATED)
u_uart/ANTENNA__5829__A2/DIODE          1.500000    1.733307   -0.233307 (VIOLATED)
u_plic/output121/X                      1.500000    1.732744   -0.232744 (VIOLATED)
u_uart/ANTENNA__6150__A1/DIODE          1.500000    1.729339   -0.229339 (VIOLATED)
u_uart/ANTENNA__6147__A1/DIODE          1.500000    1.729165   -0.229165 (VIOLATED)
u_uart/output151/X                      1.500000    1.729060   -0.229060 (VIOLATED)
u_uart/ANTENNA__5802__A1/DIODE          1.500000    1.726442   -0.226442 (VIOLATED)
u_spi_host/output84/X                   1.500000    1.722509   -0.222509 (VIOLATED)
u_uart/ANTENNA__5808__A1/DIODE          1.500000    1.721516   -0.221517 (VIOLATED)
u_uart/ANTENNA__5551__B2/DIODE          1.500000    1.719687   -0.219687 (VIOLATED)
u_xbar/output662/X                      1.500000    1.719630   -0.219630 (VIOLATED)
u_xbar/input80/A                        1.500000    1.718958   -0.218959 (VIOLATED)
u_xbar/ANTENNA_input80_A/DIODE          1.500000    1.718938   -0.218938 (VIOLATED)
u_uart/ANTENNA_input92_A/DIODE          1.500000    1.718374   -0.218374 (VIOLATED)
u_uart/output119/X                      1.500000    1.718283   -0.218283 (VIOLATED)
u_uart/input92/A                        1.500000    1.717963   -0.217963 (VIOLATED)
u_dm/hold1607/X                         1.499524    1.716511   -0.216987 (VIOLATED)
wire611/A                               1.500000    1.716943   -0.216943 (VIOLATED)
u_dm/ANTENNA__05449__B/DIODE            1.500000    1.716725   -0.216725 (VIOLATED)
u_dm/_05449_/B                          1.500000    1.716687   -0.216687 (VIOLATED)
u_dm/_05616_/A                          1.500000    1.716683   -0.216683 (VIOLATED)
u_dm/ANTENNA__05616__A/DIODE            1.500000    1.716666   -0.216666 (VIOLATED)
u_uart/ANTENNA__5550__X/DIODE           1.500000    1.716656   -0.216656 (VIOLATED)
u_uart/_5551_/B2                        1.500000    1.716573   -0.216573 (VIOLATED)
u_dm/fanout1782/A                       1.500000    1.716546   -0.216546 (VIOLATED)
u_dm/ANTENNA_fanout1782_A/DIODE         1.500000    1.716546   -0.216546 (VIOLATED)
u_dm/ANTENNA_fanout1781_A/DIODE         1.500000    1.716537   -0.216537 (VIOLATED)
u_uart/_5550_/X                         1.500000    1.716536   -0.216536 (VIOLATED)
u_dm/fanout1781/A                       1.500000    1.716533   -0.216533 (VIOLATED)
u_dm/ANTENNA_hold1607_X/DIODE           1.500000    1.716529   -0.216530 (VIOLATED)
u_uart/output125/X                      1.500000    1.711126   -0.211126 (VIOLATED)
u_xbar/input138/A                       1.500000    1.710992   -0.210992 (VIOLATED)
u_xbar/ANTENNA_input138_A/DIODE         1.500000    1.710989   -0.210989 (VIOLATED)
u_xbar/input75/A                        1.500000    1.706216   -0.206216 (VIOLATED)
u_xbar/ANTENNA_input75_A/DIODE          1.500000    1.706197   -0.206197 (VIOLATED)
u_uart/ANTENNA__5553__B2/DIODE          1.500000    1.705149   -0.205149 (VIOLATED)
u_xbar/ANTENNA_input133_A/DIODE         1.500000    1.704396   -0.204396 (VIOLATED)
u_xbar/input133/A                       1.500000    1.704394   -0.204394 (VIOLATED)
u_spi_host/output107/X                  1.500000    1.704139   -0.204139 (VIOLATED)
u_xbar/output671/X                      1.500000    1.704059   -0.204060 (VIOLATED)
u_xbar/input115/A                       1.500000    1.702797   -0.202797 (VIOLATED)
u_xbar/ANTENNA_input115_A/DIODE         1.500000    1.702787   -0.202787 (VIOLATED)
u_uart/ANTENNA__5552__X/DIODE           1.500000    1.699940   -0.199940 (VIOLATED)
u_uart/_5553_/B2                        1.500000    1.699837   -0.199837 (VIOLATED)
u_uart/_4264_/Y                         1.495332    1.695167   -0.199835 (VIOLATED)
u_uart/_5552_/X                         1.500000    1.699811   -0.199811 (VIOLATED)
u_spi_host/output110/X                  1.500000    1.698242   -0.198242 (VIOLATED)
wire621/A                               1.500000    1.696634   -0.196634 (VIOLATED)
u_uart/ANTENNA__4268__A/DIODE           1.500000    1.695970   -0.195970 (VIOLATED)
u_uart/ANTENNA__4264__Y/DIODE           1.500000    1.695969   -0.195969 (VIOLATED)
u_uart/_4268_/A                         1.500000    1.695199   -0.195199 (VIOLATED)
u_xbar/output1127/X                     1.500000    1.695173   -0.195173 (VIOLATED)
u_ibex/input14/A                        1.500000    1.695148   -0.195148 (VIOLATED)
u_ibex/ANTENNA_input14_A/DIODE          1.500000    1.695129   -0.195129 (VIOLATED)
u_uart/ANTENNA_input76_A/DIODE          1.500000    1.689530   -0.189530 (VIOLATED)
u_uart/input76/A                        1.500000    1.689440   -0.189440 (VIOLATED)
u_uart/ANTENNA__5828__A2/DIODE          1.500000    1.683981   -0.183981 (VIOLATED)
u_xbar/input329/A                       1.500000    1.683669   -0.183669 (VIOLATED)
u_xbar/ANTENNA_input329_A/DIODE         1.500000    1.683655   -0.183655 (VIOLATED)
u_uart/output175/X                      1.500000    1.683216   -0.183216 (VIOLATED)
u_uart/ANTENNA_fanout635_X/DIODE        1.500000    1.682476   -0.182476 (VIOLATED)
u_uart/ANTENNA__6168__A1/DIODE          1.500000    1.681726   -0.181726 (VIOLATED)
u_xbar/input381/A                       1.500000    1.681453   -0.181453 (VIOLATED)
u_xbar/ANTENNA_input381_A/DIODE         1.500000    1.681448   -0.181448 (VIOLATED)
u_plic/output98/X                       1.500000    1.681431   -0.181431 (VIOLATED)
u_xbar/output518/X                      1.500000    1.681053   -0.181053 (VIOLATED)
u_uart/ANTENNA__6165__A1/DIODE          1.500000    1.680685   -0.180685 (VIOLATED)
u_uart/ANTENNA_fanout837_A/DIODE        1.500000    1.678251   -0.178251 (VIOLATED)
u_uart/ANTENNA_fanout838_X/DIODE        1.500000    1.678247   -0.178247 (VIOLATED)
u_uart/ANTENNA_fanout835_A/DIODE        1.500000    1.677840   -0.177840 (VIOLATED)
u_uart/ANTENNA__5166__A2/DIODE          1.500000    1.677836   -0.177836 (VIOLATED)
u_uart/_5166_/A2                        1.500000    1.677788   -0.177788 (VIOLATED)
u_uart/fanout837/A                      1.500000    1.677759   -0.177759 (VIOLATED)
u_uart/fanout835/A                      1.500000    1.677758   -0.177758 (VIOLATED)
u_uart/fanout838/X                      1.500000    1.677750   -0.177750 (VIOLATED)
wire643/A                               1.500000    1.676277   -0.176277 (VIOLATED)
u_xbar/output1016/X                     1.500000    1.675822   -0.175822 (VIOLATED)
u_xbar/ANTENNA_input87_A/DIODE          1.500000    1.675102   -0.175102 (VIOLATED)
u_xbar/input87/A                        1.500000    1.675089   -0.175089 (VIOLATED)
u_uart/ANTENNA_input98_A/DIODE          1.500000    1.674149   -0.174149 (VIOLATED)
u_uart/input98/A                        1.500000    1.674071   -0.174072 (VIOLATED)
u_xbar/output1201/X                     1.500000    1.673248   -0.173248 (VIOLATED)
u_xbar/input389/A                       1.500000    1.672132   -0.172132 (VIOLATED)
u_xbar/ANTENNA_input389_A/DIODE         1.500000    1.672128   -0.172129 (VIOLATED)
u_xbar/output1187/X                     1.500000    1.671338   -0.171338 (VIOLATED)
u_uart/output110/X                      1.500000    1.670586   -0.170587 (VIOLATED)
u_glue/_270_/A                          1.500000    1.669380   -0.169380 (VIOLATED)
u_glue/ANTENNA_6/DIODE                  1.500000    1.669374   -0.169375 (VIOLATED)
u_xbar/output767/X                      1.500000    1.665967   -0.165967 (VIOLATED)
u_plic/output128/X                      1.500000    1.665843   -0.165843 (VIOLATED)
u_xbar/ANTENNA_input22_A/DIODE          1.500000    1.665209   -0.165210 (VIOLATED)
u_xbar/input22/A                        1.500000    1.665180   -0.165181 (VIOLATED)
u_uart/input90/A                        1.500000    1.662351   -0.162351 (VIOLATED)
u_uart/ANTENNA_input90_A/DIODE          1.500000    1.662342   -0.162342 (VIOLATED)
u_xbar/ANTENNA_input372_A/DIODE         1.500000    1.662147   -0.162147 (VIOLATED)
u_xbar/input372/A                       1.500000    1.662146   -0.162146 (VIOLATED)
u_xbar/output651/X                      1.500000    1.661416   -0.161416 (VIOLATED)
u_ibex/input6/A                         1.500000    1.661262   -0.161262 (VIOLATED)
u_ibex/ANTENNA_input6_A/DIODE           1.500000    1.661250   -0.161250 (VIOLATED)
u_plic/output108/X                      1.500000    1.660897   -0.160897 (VIOLATED)
u_uart/ANTENNA_input88_A/DIODE          1.500000    1.660757   -0.160757 (VIOLATED)
u_uart/input88/A                        1.500000    1.660748   -0.160748 (VIOLATED)
u_uart/ANTENNA__5567__B2/DIODE          1.500000    1.660612   -0.160612 (VIOLATED)
u_uart/ANTENNA_input72_A/DIODE          1.500000    1.659753   -0.159753 (VIOLATED)
u_uart/input72/A                        1.500000    1.659700   -0.159700 (VIOLATED)
u_uart/ANTENNA_input81_A/DIODE          1.500000    1.659201   -0.159201 (VIOLATED)
u_uart/input81/A                        1.500000    1.659125   -0.159125 (VIOLATED)
u_xbar/ANTENNA_input102_A/DIODE         1.500000    1.659065   -0.159065 (VIOLATED)
u_uart/ANTENNA__5566__X/DIODE           1.500000    1.659044   -0.159044 (VIOLATED)
u_xbar/input102/A                       1.500000    1.658967   -0.158967 (VIOLATED)
u_uart/_5567_/B2                        1.500000    1.658868   -0.158868 (VIOLATED)
u_uart/_5566_/X                         1.500000    1.658846   -0.158846 (VIOLATED)
u_xbar/input302/A                       1.500000    1.658683   -0.158683 (VIOLATED)
u_xbar/ANTENNA_input302_A/DIODE         1.500000    1.658676   -0.158676 (VIOLATED)
u_xbar/output650/X                      1.500000    1.657851   -0.157851 (VIOLATED)
u_uart/ANTENNA__6171__A1/DIODE          1.500000    1.655860   -0.155860 (VIOLATED)
u_uart/ANTENNA__6164__A1/DIODE          1.500000    1.655852   -0.155852 (VIOLATED)
u_uart/_6171_/A1                        1.500000    1.654402   -0.154402 (VIOLATED)
u_uart/_6164_/A1                        1.500000    1.654065   -0.154065 (VIOLATED)
u_uart/_6165_/A1                        1.500000    1.653468   -0.153469 (VIOLATED)
u_uart/_5829_/A2                        1.500000    1.652739   -0.152739 (VIOLATED)
u_spi_host/output60/X                   1.500000    1.651934   -0.151934 (VIOLATED)
u_uart/_6168_/A1                        1.500000    1.651472   -0.151472 (VIOLATED)
u_uart/_5828_/A2                        1.500000    1.651017   -0.151017 (VIOLATED)
u_uart/fanout635/X                      1.500000    1.650876   -0.150876 (VIOLATED)
u_uart/ANTENNA_input71_A/DIODE          1.500000    1.647568   -0.147568 (VIOLATED)
u_uart/input71/A                        1.500000    1.647488   -0.147488 (VIOLATED)
u_ibex/output43/X                       1.500000    1.645154   -0.145154 (VIOLATED)
u_uart/ANTENNA_input82_A/DIODE          1.500000    1.643828   -0.143828 (VIOLATED)
u_uart/input82/A                        1.500000    1.643803   -0.143803 (VIOLATED)
u_plic/output123/X                      1.500000    1.641505   -0.141505 (VIOLATED)
u_uart/output129/X                      1.500000    1.641375   -0.141375 (VIOLATED)
u_xbar/input404/A                       1.500000    1.640488   -0.140488 (VIOLATED)
u_xbar/ANTENNA_input404_A/DIODE         1.500000    1.640483   -0.140483 (VIOLATED)
u_uart/_6172_/Y                         1.494397    1.631955   -0.137558 (VIOLATED)
u_ibex/output44/X                       1.500000    1.637336   -0.137336 (VIOLATED)
u_uart/ANTENNA__6172__Y/DIODE           1.500000    1.633745   -0.133745 (VIOLATED)
u_dm/output191/X                        1.500000    1.633137   -0.133137 (VIOLATED)
u_xbar/output1181/X                     1.500000    1.633002   -0.133002 (VIOLATED)
u_uart/ANTENNA__6176__S/DIODE           1.500000    1.633001   -0.133001 (VIOLATED)
u_uart/ANTENNA__6175__S/DIODE           1.500000    1.632932   -0.132932 (VIOLATED)
u_uart/ANTENNA_fanout242_A/DIODE        1.500000    1.632639   -0.132639 (VIOLATED)
u_uart/_6176_/S                         1.500000    1.632527   -0.132527 (VIOLATED)
u_uart/_6175_/S                         1.500000    1.632357   -0.132357 (VIOLATED)
u_uart/fanout242/A                      1.500000    1.632097   -0.132097 (VIOLATED)
u_xbar/output659/X                      1.500000    1.629105   -0.129105 (VIOLATED)
u_uart/ANTENNA_input89_A/DIODE          1.500000    1.628475   -0.128475 (VIOLATED)
u_uart/input89/A                        1.500000    1.628432   -0.128432 (VIOLATED)
u_uart/output166/X                      1.500000    1.627176   -0.127176 (VIOLATED)
u_plic/output95/X                       1.500000    1.626921   -0.126921 (VIOLATED)
u_uart/output132/X                      1.500000    1.626278   -0.126278 (VIOLATED)
u_xbar/input413/A                       1.500000    1.625937   -0.125937 (VIOLATED)
u_xbar/ANTENNA_input413_A/DIODE         1.500000    1.625934   -0.125934 (VIOLATED)
u_uart/ANTENNA_fanout740_X/DIODE        1.500000    1.625159   -0.125159 (VIOLATED)
u_uart/ANTENNA__5804__A1/DIODE          1.500000    1.624710   -0.124710 (VIOLATED)
u_uart/fanout740/X                      1.500000    1.624381   -0.124381 (VIOLATED)
u_uart/ANTENNA_input93_A/DIODE          1.500000    1.624091   -0.124091 (VIOLATED)
u_uart/input93/A                        1.500000    1.624079   -0.124079 (VIOLATED)
u_xbar/input400/A                       1.500000    1.622625   -0.122625 (VIOLATED)
u_xbar/ANTENNA_input400_A/DIODE         1.500000    1.622616   -0.122616 (VIOLATED)
u_xbar/ANTENNA_input54_A/DIODE          1.500000    1.620304   -0.120304 (VIOLATED)
u_xbar/input54/A                        1.500000    1.620304   -0.120304 (VIOLATED)
u_spi_host/output91/X                   1.500000    1.616809   -0.116809 (VIOLATED)
u_plic/output105/X                      1.500000    1.615624   -0.115625 (VIOLATED)
u_xbar/input417/A                       1.500000    1.613719   -0.113719 (VIOLATED)
u_xbar/ANTENNA_input417_A/DIODE         1.500000    1.613714   -0.113714 (VIOLATED)
u_uart/hold2300/X                       1.499524    1.610189   -0.110665 (VIOLATED)
u_uart/ANTENNA_fanout1092_A/DIODE       1.500000    1.610547   -0.110547 (VIOLATED)
u_uart/ANTENNA_fanout1088_A/DIODE       1.500000    1.610545   -0.110545 (VIOLATED)
u_uart/ANTENNA_62/DIODE                 1.500000    1.610530   -0.110530 (VIOLATED)
u_uart/ANTENNA_61/DIODE                 1.500000    1.610512   -0.110512 (VIOLATED)
u_uart/fanout1092/A                     1.500000    1.610496   -0.110496 (VIOLATED)
u_uart/fanout1088/A                     1.500000    1.610437   -0.110437 (VIOLATED)
u_uart/fanout1094/A                     1.500000    1.610303   -0.110303 (VIOLATED)
u_uart/ANTENNA_fanout1094_A/DIODE       1.500000    1.610303   -0.110303 (VIOLATED)
u_uart/ANTENNA_hold2300_X/DIODE         1.500000    1.610268   -0.110268 (VIOLATED)
u_uart/ANTENNA_fanout1099_A/DIODE       1.500000    1.610264   -0.110264 (VIOLATED)
u_uart/fanout1099/A                     1.500000    1.610221   -0.110221 (VIOLATED)
u_uart/ANTENNA_input70_A/DIODE          1.500000    1.609751   -0.109751 (VIOLATED)
u_uart/input70/A                        1.500000    1.609502   -0.109502 (VIOLATED)
u_xbar/output500/X                      1.500000    1.605927   -0.105927 (VIOLATED)
u_uart/output169/X                      1.500000    1.604003   -0.104003 (VIOLATED)
u_uart/ANTENNA_fanout422_A/DIODE        1.500000    1.603782   -0.103782 (VIOLATED)
u_xbar/output643/X                      1.500000    1.603606   -0.103606 (VIOLATED)
u_uart/ANTENNA_fanout426_A/DIODE        1.500000    1.603484   -0.103484 (VIOLATED)
u_uart/ANTENNA_fanout421_A/DIODE        1.500000    1.603409   -0.103409 (VIOLATED)
u_uart/ANTENNA_fanout427_X/DIODE        1.500000    1.603407   -0.103407 (VIOLATED)
u_uart/fanout426/A                      1.500000    1.603330   -0.103330 (VIOLATED)
u_uart/fanout421/A                      1.500000    1.603288   -0.103288 (VIOLATED)
u_uart/fanout422/A                      1.500000    1.603286   -0.103286 (VIOLATED)
u_uart/fanout427/X                      1.500000    1.603266   -0.103266 (VIOLATED)
wire641/A                               1.500000    1.601028   -0.101028 (VIOLATED)
u_ibex/input7/A                         1.500000    1.599949   -0.099949 (VIOLATED)
u_ibex/ANTENNA_input7_A/DIODE           1.500000    1.599942   -0.099942 (VIOLATED)
wire700/A                               1.500000    1.597226   -0.097226 (VIOLATED)
u_xbar/ANTENNA_input64_A/DIODE          1.500000    1.597209   -0.097209 (VIOLATED)
u_xbar/input64/A                        1.500000    1.597205   -0.097205 (VIOLATED)
u_dm/output160/X                        1.500000    1.596411   -0.096411 (VIOLATED)
u_uart/output118/X                      1.500000    1.592849   -0.092849 (VIOLATED)
u_xbar/input30/A                        1.500000    1.591076   -0.091076 (VIOLATED)
u_xbar/ANTENNA_input30_A/DIODE          1.500000    1.591064   -0.091064 (VIOLATED)
u_xbar/output1183/X                     1.500000    1.590841   -0.090841 (VIOLATED)
u_spi_host/_2862_/C1                    1.500000    1.586961   -0.086961 (VIOLATED)
u_spi_host/_2843_/C1                    1.500000    1.586959   -0.086959 (VIOLATED)
u_spi_host/ANTENNA__2862__C1/DIODE      1.500000    1.586958   -0.086958 (VIOLATED)
u_spi_host/ANTENNA__2843__C1/DIODE      1.500000    1.586957   -0.086957 (VIOLATED)
u_spi_host/ANTENNA__2648__Y/DIODE       1.500000    1.586899   -0.086899 (VIOLATED)
u_spi_host/ANTENNA__2745__C1/DIODE      1.500000    1.586896   -0.086896 (VIOLATED)
u_spi_host/_2745_/C1                    1.500000    1.586860   -0.086860 (VIOLATED)
u_spi_host/ANTENNA_37/DIODE             1.500000    1.586860   -0.086860 (VIOLATED)
u_spi_host/_2648_/Y                     1.500000    1.586828   -0.086828 (VIOLATED)
u_xbar/ANTENNA_input113_A/DIODE         1.500000    1.585771   -0.085771 (VIOLATED)
u_xbar/input113/A                       1.500000    1.585770   -0.085770 (VIOLATED)
u_xbar/input103/A                       1.500000    1.582023   -0.082023 (VIOLATED)
u_xbar/ANTENNA_input103_A/DIODE         1.500000    1.582022   -0.082022 (VIOLATED)
u_uart/ANTENNA_input5_A/DIODE           1.500000    1.581958   -0.081958 (VIOLATED)
u_uart/input5/A                         1.500000    1.581797   -0.081797 (VIOLATED)
u_xbar/output1095/X                     1.500000    1.579212   -0.079213 (VIOLATED)
u_xbar/output1211/X                     1.500000    1.577740   -0.077740 (VIOLATED)
u_xbar/input39/A                        1.500000    1.575625   -0.075625 (VIOLATED)
u_xbar/ANTENNA_input39_A/DIODE          1.500000    1.575604   -0.075604 (VIOLATED)
u_ibex/output42/X                       1.500000    1.573216   -0.073216 (VIOLATED)
u_xbar/output1087/X                     1.500000    1.573154   -0.073154 (VIOLATED)
u_xbar/ANTENNA_input19_A/DIODE          1.500000    1.571592   -0.071592 (VIOLATED)
u_xbar/input19/A                        1.500000    1.571589   -0.071589 (VIOLATED)
u_xbar/input46/A                        1.500000    1.569033   -0.069033 (VIOLATED)
u_xbar/ANTENNA_input46_A/DIODE          1.500000    1.569032   -0.069032 (VIOLATED)
u_xbar/output655/X                      1.500000    1.568926   -0.068926 (VIOLATED)
u_uart/output172/X                      1.500000    1.567853   -0.067853 (VIOLATED)
u_dm/output170/X                        1.500000    1.566359   -0.066359 (VIOLATED)
u_xbar/input318/A                       1.500000    1.566004   -0.066004 (VIOLATED)
u_xbar/ANTENNA_input318_A/DIODE         1.500000    1.565999   -0.065999 (VIOLATED)
u_xbar/output1207/X                     1.500000    1.565753   -0.065753 (VIOLATED)
u_xbar/output1189/X                     1.500000    1.565022   -0.065023 (VIOLATED)
u_xbar/input96/A                        1.500000    1.563845   -0.063845 (VIOLATED)
u_xbar/ANTENNA_input96_A/DIODE          1.500000    1.563830   -0.063830 (VIOLATED)
u_uart/ANTENNA_fanout757_A/DIODE        1.500000    1.561204   -0.061204 (VIOLATED)
u_xbar/output1017/X                     1.500000    1.560431   -0.060431 (VIOLATED)
u_uart/ANTENNA_fanout758_X/DIODE        1.500000    1.559196   -0.059196 (VIOLATED)
u_uart/ANTENNA_fanout755_A/DIODE        1.500000    1.559181   -0.059182 (VIOLATED)
u_uart/ANTENNA_fanout756_A/DIODE        1.500000    1.559123   -0.059123 (VIOLATED)
u_uart/ANTENNA__5803__A3/DIODE          1.500000    1.559121   -0.059121 (VIOLATED)
u_uart/fanout757/A                      1.500000    1.559120   -0.059120 (VIOLATED)
u_uart/fanout756/A                      1.500000    1.559109   -0.059109 (VIOLATED)
u_uart/fanout755/A                      1.500000    1.559100   -0.059100 (VIOLATED)
u_uart/_5803_/A3                        1.500000    1.559094   -0.059094 (VIOLATED)
u_uart/fanout758/X                      1.500000    1.559080   -0.059080 (VIOLATED)
u_dm/output172/X                        1.500000    1.558733   -0.058733 (VIOLATED)
u_spi_host/output66/X                   1.500000    1.558530   -0.058530 (VIOLATED)
u_xbar/output1182/X                     1.500000    1.556231   -0.056231 (VIOLATED)
u_xbar/output657/X                      1.500000    1.553884   -0.053884 (VIOLATED)
u_glue/output21/X                       1.500000    1.552184   -0.052184 (VIOLATED)
u_uart/output141/X                      1.500000    1.547534   -0.047534 (VIOLATED)
u_xbar/input325/A                       1.500000    1.547051   -0.047051 (VIOLATED)
u_xbar/ANTENNA_input325_A/DIODE         1.500000    1.547047   -0.047047 (VIOLATED)
u_xbar/input127/A                       1.500000    1.546782   -0.046782 (VIOLATED)
u_xbar/ANTENNA_input127_A/DIODE         1.500000    1.546766   -0.046766 (VIOLATED)
u_xbar/ANTENNA_input403_A/DIODE         1.500000    1.541173   -0.041173 (VIOLATED)
u_xbar/input403/A                       1.500000    1.541172   -0.041172 (VIOLATED)
u_glue/_258_/A                          1.500000    1.540579   -0.040579 (VIOLATED)
u_glue/ANTENNA_1/DIODE                  1.500000    1.540557   -0.040557 (VIOLATED)
u_xbar/input343/A                       1.500000    1.539056   -0.039056 (VIOLATED)
u_xbar/ANTENNA_input343_A/DIODE         1.500000    1.539048   -0.039048 (VIOLATED)
u_xbar/output663/X                      1.500000    1.538497   -0.038497 (VIOLATED)
u_xbar/output1194/X                     1.500000    1.536350   -0.036350 (VIOLATED)
u_xbar/output1206/X                     1.500000    1.536338   -0.036338 (VIOLATED)
u_xbar/output577/X                      1.500000    1.536028   -0.036028 (VIOLATED)
u_plic/output115/X                      1.500000    1.534212   -0.034212 (VIOLATED)
u_xbar/input398/A                       1.500000    1.529120   -0.029120 (VIOLATED)
u_xbar/ANTENNA_input398_A/DIODE         1.500000    1.529116   -0.029116 (VIOLATED)
u_uart/output117/X                      1.500000    1.528097   -0.028097 (VIOLATED)
u_spi_host/output63/X                   1.500000    1.523804   -0.023804 (VIOLATED)
u_uart/ANTENNA_hold2053_X/DIODE         1.500000    1.523192   -0.023192 (VIOLATED)
u_uart/ANTENNA__7104__D/DIODE           1.500000    1.522430   -0.022430 (VIOLATED)
u_uart/hold2053/X                       1.499524    1.521463   -0.021939 (VIOLATED)
u_uart/_7104_/D                         1.500000    1.521486   -0.021486 (VIOLATED)
u_xbar/output1209/X                     1.500000    1.520234   -0.020234 (VIOLATED)
u_dm/input88/A                          1.500000    1.519765   -0.019765 (VIOLATED)
u_dm/ANTENNA_input88_A/DIODE            1.500000    1.519744   -0.019744 (VIOLATED)
u_xbar/output1200/X                     1.500000    1.519326   -0.019326 (VIOLATED)
u_xbar/output501/X                      1.500000    1.519153   -0.019153 (VIOLATED)
u_xbar/output547/X                      1.500000    1.518854   -0.018854 (VIOLATED)
u_xbar/output1193/X                     1.500000    1.517371   -0.017371 (VIOLATED)
u_xbar/output656/X                      1.500000    1.517017   -0.017017 (VIOLATED)
u_uart/output149/X                      1.500000    1.516446   -0.016447 (VIOLATED)
u_xbar/output658/X                      1.500000    1.516281   -0.016281 (VIOLATED)
u_xbar/input374/A                       1.500000    1.513427   -0.013427 (VIOLATED)
u_xbar/ANTENNA_input374_A/DIODE         1.500000    1.513427   -0.013427 (VIOLATED)
u_plic/output94/X                       1.500000    1.511376   -0.011376 (VIOLATED)
u_xbar/input312/A                       1.500000    1.509951   -0.009951 (VIOLATED)
u_xbar/ANTENNA_input312_A/DIODE         1.500000    1.509935   -0.009935 (VIOLATED)
u_glue/output30/X                       1.500000    1.509093   -0.009093 (VIOLATED)
u_dm/ANTENNA_input83_A/DIODE            1.500000    1.507436   -0.007436 (VIOLATED)
u_dm/input83/A                          1.500000    1.506950   -0.006951 (VIOLATED)
u_xbar/input25/A                        1.500000    1.504556   -0.004556 (VIOLATED)
u_xbar/ANTENNA_input25_A/DIODE          1.500000    1.504547   -0.004548 (VIOLATED)
u_xbar/input126/A                       1.500000    1.501348   -0.001348 (VIOLATED)
u_xbar/ANTENNA_input126_A/DIODE         1.500000    1.501346   -0.001346 (VIOLATED)
u_glue/_260_/A                          1.500000    1.501251   -0.001251 (VIOLATED)
u_uart/output161/X                      1.500000    1.500393   -0.000393 (VIOLATED)

max fanout

Pin                                   Limit Fanout  Slack
---------------------------------------------------------
u_ibex/clkbuf_2_1__f_u_ibex.clk/X        10     37    -27 (VIOLATED)
u_fft/clkbuf_4_11_0_clk_i/X              10     35    -25 (VIOLATED)
u_dm/clkbuf_4_1__f_clk_i/X               10     33    -23 (VIOLATED)
u_fft/clkbuf_4_10_0_clk_i/X              10     33    -23 (VIOLATED)
u_ibex/clkbuf_2_0__f_u_ibex.clk/X        10     31    -21 (VIOLATED)
u_dm/clkbuf_4_0__f_clk_i/X               10     29    -19 (VIOLATED)
u_fft/clkbuf_4_8_0_clk_i/X               10     29    -19 (VIOLATED)
u_dm/clkbuf_4_4__f_clk_i/X               10     27    -17 (VIOLATED)
u_dm/clkbuf_4_6__f_clk_i/X               10     27    -17 (VIOLATED)
u_dm/clkbuf_4_7__f_clk_i/X               10     27    -17 (VIOLATED)
u_dm/clkbuf_4_9__f_clk_i/X               10     27    -17 (VIOLATED)
u_ibex/clkbuf_2_3__f_u_ibex.clk/X        10     27    -17 (VIOLATED)
u_spi_host/clkbuf_3_0__f_clk_i/X         10     27    -17 (VIOLATED)
u_dm/clkbuf_4_10__f_clk_i/X              10     25    -15 (VIOLATED)
u_dm/clkbuf_4_12__f_clk_i/X              10     25    -15 (VIOLATED)
u_dm/clkbuf_4_13__f_clk_i/X              10     25    -15 (VIOLATED)
u_dm/clkbuf_4_15__f_clk_i/X              10     25    -15 (VIOLATED)
u_dm/clkbuf_4_2__f_clk_i/X               10     25    -15 (VIOLATED)
u_dm/clkbuf_4_8__f_clk_i/X               10     25    -15 (VIOLATED)
u_plic/clkbuf_2_1__f_clk_i/X             10     25    -15 (VIOLATED)
u_plic/clkbuf_2_3__f_clk_i/X             10     25    -15 (VIOLATED)
u_spi_host/clkbuf_3_4__f_clk_i/X         10     25    -15 (VIOLATED)
u_spi_host/clkbuf_3_6__f_clk_i/X         10     25    -15 (VIOLATED)
u_spi_host/clkbuf_leaf_58_clk_i/X        10     25    -15 (VIOLATED)
u_uart/clkbuf_4_10__f_clk_i/X            10     25    -15 (VIOLATED)
u_uart/clkbuf_4_11__f_clk_i/X            10     25    -15 (VIOLATED)
u_uart/clkbuf_4_12__f_clk_i/X            10     25    -15 (VIOLATED)
u_uart/clkbuf_4_14__f_clk_i/X            10     25    -15 (VIOLATED)
u_uart/clkbuf_4_3__f_clk_i/X             10     25    -15 (VIOLATED)
u_uart/clkbuf_4_8__f_clk_i/X             10     25    -15 (VIOLATED)
u_uart/clkbuf_4_9__f_clk_i/X             10     25    -15 (VIOLATED)
u_dm/clkbuf_4_14__f_clk_i/X              10     23    -13 (VIOLATED)
u_dm/clkbuf_4_3__f_clk_i/X               10     23    -13 (VIOLATED)
u_fft/clkbuf_4_0_0_clk_i/X               10     23    -13 (VIOLATED)
u_fft/clkbuf_4_12_0_clk_i/X              10     23    -13 (VIOLATED)
u_fft/clkbuf_4_14_0_clk_i/X              10     23    -13 (VIOLATED)
u_fft/clkbuf_4_9_0_clk_i/X               10     23    -13 (VIOLATED)
u_ibex/clkbuf_2_2__f_u_ibex.clk/X        10     23    -13 (VIOLATED)
u_spi_host/clkbuf_3_1__f_clk_i/X         10     23    -13 (VIOLATED)
u_spi_host/clkbuf_3_2__f_clk_i/X         10     23    -13 (VIOLATED)
u_spi_host/clkbuf_3_3__f_clk_i/X         10     23    -13 (VIOLATED)
u_uart/clkbuf_4_15__f_clk_i/X            10     23    -13 (VIOLATED)
u_uart/clkbuf_4_1__f_clk_i/X             10     23    -13 (VIOLATED)
u_uart/clkbuf_4_6__f_clk_i/X             10     23    -13 (VIOLATED)
u_dm/clkbuf_4_11__f_clk_i/X              10     21    -11 (VIOLATED)
u_fft/clkbuf_4_13_0_clk_i/X              10     21    -11 (VIOLATED)
u_fft/clkbuf_4_5_0_clk_i/X               10     21    -11 (VIOLATED)
u_fft/clkbuf_4_7_0_clk_i/X               10     21    -11 (VIOLATED)
u_plic/clkbuf_2_2__f_clk_i/X             10     21    -11 (VIOLATED)
u_spi_host/clkbuf_3_5__f_clk_i/X         10     21    -11 (VIOLATED)
u_spi_host/clkbuf_3_7__f_clk_i/X         10     21    -11 (VIOLATED)
u_spi_host/clkbuf_leaf_46_clk_i/X        10     21    -11 (VIOLATED)
u_uart/clkbuf_4_2__f_clk_i/X             10     21    -11 (VIOLATED)
u_uart/clkbuf_4_4__f_clk_i/X             10     21    -11 (VIOLATED)
u_dm/clkbuf_4_5__f_clk_i/X               10     19     -9 (VIOLATED)
u_fft/clkbuf_4_4_0_clk_i/X               10     19     -9 (VIOLATED)
u_fft/clkbuf_leaf_17_clk_i/X             10     19     -9 (VIOLATED)
u_plic/clkbuf_2_0__f_clk_i/X             10     19     -9 (VIOLATED)
u_uart/clkbuf_4_0__f_clk_i/X             10     19     -9 (VIOLATED)
u_uart/clkbuf_4_13__f_clk_i/X            10     19     -9 (VIOLATED)
u_uart/clkbuf_4_7__f_clk_i/X             10     19     -9 (VIOLATED)
u_uart/clkbuf_leaf_139_clk_i/X           10     19     -9 (VIOLATED)
u_uart/clkbuf_0_clk_i/X                  10     18     -8 (VIOLATED)
u_fft/clkbuf_4_6_0_clk_i/X               10     17     -7 (VIOLATED)
u_fft/clkbuf_leaf_36_clk_i/X             10     17     -7 (VIOLATED)
u_fft/clkbuf_leaf_44_clk_i/X             10     17     -7 (VIOLATED)
u_spi_host/clkbuf_0_clk_i/X              10     17     -7 (VIOLATED)
u_dm/_05522_/X                           10     16     -6 (VIOLATED)
u_spi_host/clkbuf_leaf_52_clk_i/X        10     16     -6 (VIOLATED)
u_spi_host/fanout609/X                   10     16     -6 (VIOLATED)
u_dm/_05407_/X                           10     15     -5 (VIOLATED)
u_dm/_05543_/X                           10     15     -5 (VIOLATED)
u_dm/fanout1768/X                        10     15     -5 (VIOLATED)
u_dm/fanout772/X                         10     15     -5 (VIOLATED)
u_dm/hold1883/X                          10     15     -5 (VIOLATED)
u_fft/clkbuf_4_15_0_clk_i/X              10     15     -5 (VIOLATED)
u_fft/clkbuf_4_1_0_clk_i/X               10     15     -5 (VIOLATED)
u_fft/clkbuf_4_3_0_clk_i/X               10     15     -5 (VIOLATED)
u_spi_host/clkbuf_leaf_37_clk_i/X        10     15     -5 (VIOLATED)
u_spi_host/fanout412/X                   10     15     -5 (VIOLATED)
u_uart/fanout1273/X                      10     15     -5 (VIOLATED)
u_uart/fanout741/X                       10     15     -5 (VIOLATED)
u_uart/fanout944/X                       10     15     -5 (VIOLATED)
u_uart/fanout995/X                       10     15     -5 (VIOLATED)
u_dm/_05432_/X                           10     14     -4 (VIOLATED)
u_dm/_05449_/X                           10     14     -4 (VIOLATED)
u_dm/_05532_/X                           10     14     -4 (VIOLATED)
u_dm/_05536_/X                           10     14     -4 (VIOLATED)
u_dm/_05551_/X                           10     14     -4 (VIOLATED)
u_dm/_06096_/X                           10     14     -4 (VIOLATED)
u_dm/fanout1017/X                        10     14     -4 (VIOLATED)
u_dm/fanout1231/X                        10     14     -4 (VIOLATED)
u_dm/fanout1240/X                        10     14     -4 (VIOLATED)
u_dm/fanout1335/X                        10     14     -4 (VIOLATED)
u_dm/fanout1721/X                        10     14     -4 (VIOLATED)
u_dm/fanout1773/X                        10     14     -4 (VIOLATED)
u_dm/fanout745/X                         10     14     -4 (VIOLATED)
u_dm/fanout904/X                         10     14     -4 (VIOLATED)
u_dm/hold1566/X                          10     14     -4 (VIOLATED)
u_dm/hold1610/X                          10     14     -4 (VIOLATED)
u_dm/hold1886/X                          10     14     -4 (VIOLATED)
u_dm/hold1890/X                          10     14     -4 (VIOLATED)
u_dm/hold2029/X                          10     14     -4 (VIOLATED)
u_spi_host/clkbuf_leaf_38_clk_i/X        10     14     -4 (VIOLATED)
u_spi_host/fanout326/X                   10     14     -4 (VIOLATED)
u_spi_host/fanout338/X                   10     14     -4 (VIOLATED)
u_spi_host/fanout371/X                   10     14     -4 (VIOLATED)
u_spi_host/fanout589/X                   10     14     -4 (VIOLATED)
u_uart/_5119_/Y                          10     14     -4 (VIOLATED)
u_uart/_5736_/X                          10     14     -4 (VIOLATED)
u_uart/clkbuf_leaf_101_clk_i/X           10     14     -4 (VIOLATED)
u_uart/fanout1126/X                      10     14     -4 (VIOLATED)
u_uart/fanout1141/X                      10     14     -4 (VIOLATED)
u_uart/fanout1148/X                      10     14     -4 (VIOLATED)
u_uart/fanout1269/X                      10     14     -4 (VIOLATED)
u_uart/fanout1280/X                      10     14     -4 (VIOLATED)
u_uart/fanout1285/X                      10     14     -4 (VIOLATED)
u_uart/fanout1403/X                      10     14     -4 (VIOLATED)
u_uart/fanout325/X                       10     14     -4 (VIOLATED)
u_uart/fanout338/X                       10     14     -4 (VIOLATED)
u_uart/fanout378/X                       10     14     -4 (VIOLATED)
u_uart/fanout381/X                       10     14     -4 (VIOLATED)
u_uart/fanout503/X                       10     14     -4 (VIOLATED)
u_uart/fanout527/X                       10     14     -4 (VIOLATED)
u_uart/fanout696/X                       10     14     -4 (VIOLATED)
u_uart/fanout708/X                       10     14     -4 (VIOLATED)
u_uart/fanout711/X                       10     14     -4 (VIOLATED)
u_uart/fanout712/X                       10     14     -4 (VIOLATED)
u_uart/fanout729/X                       10     14     -4 (VIOLATED)
u_uart/fanout733/X                       10     14     -4 (VIOLATED)
u_uart/fanout742/X                       10     14     -4 (VIOLATED)
u_uart/fanout773/X                       10     14     -4 (VIOLATED)
u_uart/fanout778/X                       10     14     -4 (VIOLATED)
u_uart/fanout782/X                       10     14     -4 (VIOLATED)
u_uart/fanout810/X                       10     14     -4 (VIOLATED)
u_uart/fanout949/X                       10     14     -4 (VIOLATED)
u_uart/fanout956/X                       10     14     -4 (VIOLATED)
u_uart/fanout960/X                       10     14     -4 (VIOLATED)
u_uart/fanout987/X                       10     14     -4 (VIOLATED)
u_uart/hold2278/X                        10     14     -4 (VIOLATED)
u_uart/hold2413/X                        10     14     -4 (VIOLATED)
u_dm/_04419_/Y                           10     13     -3 (VIOLATED)
u_dm/_04470_/X                           10     13     -3 (VIOLATED)
u_dm/_05434_/X                           10     13     -3 (VIOLATED)
u_dm/_05548_/X                           10     13     -3 (VIOLATED)
u_dm/_05571_/X                           10     13     -3 (VIOLATED)
u_dm/_07141_/Y                           10     13     -3 (VIOLATED)
u_dm/_09242_/Q                           10     13     -3 (VIOLATED)
u_dm/fanout1003/X                        10     13     -3 (VIOLATED)
u_dm/fanout1005/X                        10     13     -3 (VIOLATED)
u_dm/fanout1007/X                        10     13     -3 (VIOLATED)
u_dm/fanout1013/X                        10     13     -3 (VIOLATED)
u_dm/fanout1015/X                        10     13     -3 (VIOLATED)
u_dm/fanout1019/X                        10     13     -3 (VIOLATED)
u_dm/fanout1021/X                        10     13     -3 (VIOLATED)
u_dm/fanout1022/X                        10     13     -3 (VIOLATED)
u_dm/fanout1023/X                        10     13     -3 (VIOLATED)
u_dm/fanout1024/X                        10     13     -3 (VIOLATED)
u_dm/fanout1032/X                        10     13     -3 (VIOLATED)
u_dm/fanout1036/X                        10     13     -3 (VIOLATED)
u_dm/fanout1037/X                        10     13     -3 (VIOLATED)
u_dm/fanout1038/X                        10     13     -3 (VIOLATED)
u_dm/fanout1040/X                        10     13     -3 (VIOLATED)
u_dm/fanout1052/X                        10     13     -3 (VIOLATED)
u_dm/fanout1053/X                        10     13     -3 (VIOLATED)
u_dm/fanout1055/X                        10     13     -3 (VIOLATED)
u_dm/fanout1056/X                        10     13     -3 (VIOLATED)
u_dm/fanout1065/X                        10     13     -3 (VIOLATED)
u_dm/fanout1080/X                        10     13     -3 (VIOLATED)
u_dm/fanout1110/X                        10     13     -3 (VIOLATED)
u_dm/fanout1121/X                        10     13     -3 (VIOLATED)
u_dm/fanout1127/X                        10     13     -3 (VIOLATED)
u_dm/fanout1128/X                        10     13     -3 (VIOLATED)
u_dm/fanout1129/X                        10     13     -3 (VIOLATED)
u_dm/fanout1131/X                        10     13     -3 (VIOLATED)
u_dm/fanout1134/X                        10     13     -3 (VIOLATED)
u_dm/fanout1137/X                        10     13     -3 (VIOLATED)
u_dm/fanout1138/X                        10     13     -3 (VIOLATED)
u_dm/fanout1144/X                        10     13     -3 (VIOLATED)
u_dm/fanout1147/X                        10     13     -3 (VIOLATED)
u_dm/fanout1192/X                        10     13     -3 (VIOLATED)
u_dm/fanout1194/X                        10     13     -3 (VIOLATED)
u_dm/fanout1197/X                        10     13     -3 (VIOLATED)
u_dm/fanout1198/X                        10     13     -3 (VIOLATED)
u_dm/fanout1206/X                        10     13     -3 (VIOLATED)
u_dm/fanout1212/X                        10     13     -3 (VIOLATED)
u_dm/fanout1213/X                        10     13     -3 (VIOLATED)
u_dm/fanout1220/X                        10     13     -3 (VIOLATED)
u_dm/fanout1228/X                        10     13     -3 (VIOLATED)
u_dm/fanout1230/X                        10     13     -3 (VIOLATED)
u_dm/fanout1233/X                        10     13     -3 (VIOLATED)
u_dm/fanout1236/X                        10     13     -3 (VIOLATED)
u_dm/fanout1241/X                        10     13     -3 (VIOLATED)
u_dm/fanout1244/X                        10     13     -3 (VIOLATED)
u_dm/fanout1246/X                        10     13     -3 (VIOLATED)
u_dm/fanout1249/X                        10     13     -3 (VIOLATED)
u_dm/fanout1252/X                        10     13     -3 (VIOLATED)
u_dm/fanout1253/X                        10     13     -3 (VIOLATED)
u_dm/fanout1266/X                        10     13     -3 (VIOLATED)
u_dm/fanout1269/X                        10     13     -3 (VIOLATED)
u_dm/fanout1271/X                        10     13     -3 (VIOLATED)
u_dm/fanout1273/X                        10     13     -3 (VIOLATED)
u_dm/fanout1288/X                        10     13     -3 (VIOLATED)
u_dm/fanout1290/X                        10     13     -3 (VIOLATED)
u_dm/fanout1295/X                        10     13     -3 (VIOLATED)
u_dm/fanout1296/X                        10     13     -3 (VIOLATED)
u_dm/fanout1298/X                        10     13     -3 (VIOLATED)
u_dm/fanout1304/X                        10     13     -3 (VIOLATED)
u_dm/fanout1307/X                        10     13     -3 (VIOLATED)
u_dm/fanout1319/X                        10     13     -3 (VIOLATED)
u_dm/fanout1322/X                        10     13     -3 (VIOLATED)
u_dm/fanout1327/X                        10     13     -3 (VIOLATED)
u_dm/fanout1341/X                        10     13     -3 (VIOLATED)
u_dm/fanout1343/X                        10     13     -3 (VIOLATED)
u_dm/fanout1345/X                        10     13     -3 (VIOLATED)
u_dm/fanout1353/X                        10     13     -3 (VIOLATED)
u_dm/fanout1361/X                        10     13     -3 (VIOLATED)
u_dm/fanout1362/X                        10     13     -3 (VIOLATED)
u_dm/fanout1367/X                        10     13     -3 (VIOLATED)
u_dm/fanout1369/X                        10     13     -3 (VIOLATED)
u_dm/fanout1370/X                        10     13     -3 (VIOLATED)
u_dm/fanout1373/X                        10     13     -3 (VIOLATED)
u_dm/fanout1378/X                        10     13     -3 (VIOLATED)
u_dm/fanout1379/X                        10     13     -3 (VIOLATED)
u_dm/fanout1380/X                        10     13     -3 (VIOLATED)
u_dm/fanout1455/X                        10     13     -3 (VIOLATED)
u_dm/fanout1457/X                        10     13     -3 (VIOLATED)
u_dm/fanout1491/X                        10     13     -3 (VIOLATED)
u_dm/fanout1494/X                        10     13     -3 (VIOLATED)
u_dm/fanout1529/X                        10     13     -3 (VIOLATED)
u_dm/fanout1531/X                        10     13     -3 (VIOLATED)
u_dm/fanout1549/X                        10     13     -3 (VIOLATED)
u_dm/fanout1568/X                        10     13     -3 (VIOLATED)
u_dm/fanout1569/X                        10     13     -3 (VIOLATED)
u_dm/fanout1573/X                        10     13     -3 (VIOLATED)
u_dm/fanout1575/X                        10     13     -3 (VIOLATED)
u_dm/fanout1632/X                        10     13     -3 (VIOLATED)
u_dm/fanout1633/X                        10     13     -3 (VIOLATED)
u_dm/fanout1635/X                        10     13     -3 (VIOLATED)
u_dm/fanout1640/X                        10     13     -3 (VIOLATED)
u_dm/fanout1644/X                        10     13     -3 (VIOLATED)
u_dm/fanout1651/X                        10     13     -3 (VIOLATED)
u_dm/fanout1655/X                        10     13     -3 (VIOLATED)
u_dm/fanout1700/X                        10     13     -3 (VIOLATED)
u_dm/fanout1704/X                        10     13     -3 (VIOLATED)
u_dm/fanout1707/X                        10     13     -3 (VIOLATED)
u_dm/fanout1708/X                        10     13     -3 (VIOLATED)
u_dm/fanout1710/X                        10     13     -3 (VIOLATED)
u_dm/fanout1713/X                        10     13     -3 (VIOLATED)
u_dm/fanout1717/X                        10     13     -3 (VIOLATED)
u_dm/fanout1732/X                        10     13     -3 (VIOLATED)
u_dm/fanout1734/X                        10     13     -3 (VIOLATED)
u_dm/fanout1737/X                        10     13     -3 (VIOLATED)
u_dm/fanout1750/X                        10     13     -3 (VIOLATED)
u_dm/fanout1752/X                        10     13     -3 (VIOLATED)
u_dm/fanout1758/X                        10     13     -3 (VIOLATED)
u_dm/fanout1763/X                        10     13     -3 (VIOLATED)
u_dm/fanout1778/X                        10     13     -3 (VIOLATED)
u_dm/fanout1787/X                        10     13     -3 (VIOLATED)
u_dm/fanout1789/X                        10     13     -3 (VIOLATED)
u_dm/fanout1792/X                        10     13     -3 (VIOLATED)
u_dm/fanout1793/X                        10     13     -3 (VIOLATED)
u_dm/fanout1816/X                        10     13     -3 (VIOLATED)
u_dm/fanout1825/X                        10     13     -3 (VIOLATED)
u_dm/fanout1830/X                        10     13     -3 (VIOLATED)
u_dm/fanout1871/X                        10     13     -3 (VIOLATED)
u_dm/fanout1922/X                        10     13     -3 (VIOLATED)
u_dm/fanout1924/X                        10     13     -3 (VIOLATED)
u_dm/fanout1945/X                        10     13     -3 (VIOLATED)
u_dm/fanout1952/X                        10     13     -3 (VIOLATED)
u_dm/fanout2018/X                        10     13     -3 (VIOLATED)
u_dm/fanout2029/X                        10     13     -3 (VIOLATED)
u_dm/fanout2078/X                        10     13     -3 (VIOLATED)
u_dm/fanout2083/X                        10     13     -3 (VIOLATED)
u_dm/fanout2086/X                        10     13     -3 (VIOLATED)
u_dm/fanout2087/X                        10     13     -3 (VIOLATED)
u_dm/fanout2098/X                        10     13     -3 (VIOLATED)
u_dm/fanout2106/X                        10     13     -3 (VIOLATED)
u_dm/fanout2108/X                        10     13     -3 (VIOLATED)
u_dm/fanout2111/X                        10     13     -3 (VIOLATED)
u_dm/fanout2117/X                        10     13     -3 (VIOLATED)
u_dm/fanout2127/X                        10     13     -3 (VIOLATED)
u_dm/fanout2130/X                        10     13     -3 (VIOLATED)
u_dm/fanout2132/X                        10     13     -3 (VIOLATED)
u_dm/fanout2137/X                        10     13     -3 (VIOLATED)
u_dm/fanout2138/X                        10     13     -3 (VIOLATED)
u_dm/fanout2187/X                        10     13     -3 (VIOLATED)
u_dm/fanout2211/X                        10     13     -3 (VIOLATED)
u_dm/fanout2239/X                        10     13     -3 (VIOLATED)
u_dm/fanout2287/X                        10     13     -3 (VIOLATED)
u_dm/fanout2300/X                        10     13     -3 (VIOLATED)
u_dm/fanout2313/X                        10     13     -3 (VIOLATED)
u_dm/fanout2350/X                        10     13     -3 (VIOLATED)
u_dm/fanout2364/X                        10     13     -3 (VIOLATED)
u_dm/fanout2368/X                        10     13     -3 (VIOLATED)
u_dm/fanout2391/X                        10     13     -3 (VIOLATED)
u_dm/fanout2478/X                        10     13     -3 (VIOLATED)
u_dm/fanout293/X                         10     13     -3 (VIOLATED)
u_dm/fanout302/X                         10     13     -3 (VIOLATED)
u_dm/fanout340/X                         10     13     -3 (VIOLATED)
u_dm/fanout353/X                         10     13     -3 (VIOLATED)
u_dm/fanout396/X                         10     13     -3 (VIOLATED)
u_dm/fanout420/X                         10     13     -3 (VIOLATED)
u_dm/fanout432/X                         10     13     -3 (VIOLATED)
u_dm/fanout433/X                         10     13     -3 (VIOLATED)
u_dm/fanout434/X                         10     13     -3 (VIOLATED)
u_dm/fanout435/X                         10     13     -3 (VIOLATED)
u_dm/fanout447/X                         10     13     -3 (VIOLATED)
u_dm/fanout448/X                         10     13     -3 (VIOLATED)
u_dm/fanout449/X                         10     13     -3 (VIOLATED)
u_dm/fanout451/X                         10     13     -3 (VIOLATED)
u_dm/fanout452/X                         10     13     -3 (VIOLATED)
u_dm/fanout453/X                         10     13     -3 (VIOLATED)
u_dm/fanout465/X                         10     13     -3 (VIOLATED)
u_dm/fanout467/X                         10     13     -3 (VIOLATED)
u_dm/fanout481/X                         10     13     -3 (VIOLATED)
u_dm/fanout487/X                         10     13     -3 (VIOLATED)
u_dm/fanout496/X                         10     13     -3 (VIOLATED)
u_dm/fanout504/X                         10     13     -3 (VIOLATED)
u_dm/fanout506/X                         10     13     -3 (VIOLATED)
u_dm/fanout508/X                         10     13     -3 (VIOLATED)
u_dm/fanout517/X                         10     13     -3 (VIOLATED)
u_dm/fanout519/X                         10     13     -3 (VIOLATED)
u_dm/fanout525/X                         10     13     -3 (VIOLATED)
u_dm/fanout558/X                         10     13     -3 (VIOLATED)
u_dm/fanout560/X                         10     13     -3 (VIOLATED)
u_dm/fanout575/X                         10     13     -3 (VIOLATED)
u_dm/fanout576/X                         10     13     -3 (VIOLATED)
u_dm/fanout579/X                         10     13     -3 (VIOLATED)
u_dm/fanout593/X                         10     13     -3 (VIOLATED)
u_dm/fanout601/X                         10     13     -3 (VIOLATED)
u_dm/fanout608/X                         10     13     -3 (VIOLATED)
u_dm/fanout610/X                         10     13     -3 (VIOLATED)
u_dm/fanout612/X                         10     13     -3 (VIOLATED)
u_dm/fanout617/X                         10     13     -3 (VIOLATED)
u_dm/fanout644/X                         10     13     -3 (VIOLATED)
u_dm/fanout647/X                         10     13     -3 (VIOLATED)
u_dm/fanout649/X                         10     13     -3 (VIOLATED)
u_dm/fanout667/X                         10     13     -3 (VIOLATED)
u_dm/fanout671/X                         10     13     -3 (VIOLATED)
u_dm/fanout686/X                         10     13     -3 (VIOLATED)
u_dm/fanout689/X                         10     13     -3 (VIOLATED)
u_dm/fanout691/X                         10     13     -3 (VIOLATED)
u_dm/fanout692/X                         10     13     -3 (VIOLATED)
u_dm/fanout724/X                         10     13     -3 (VIOLATED)
u_dm/fanout734/X                         10     13     -3 (VIOLATED)
u_dm/fanout738/X                         10     13     -3 (VIOLATED)
u_dm/fanout755/X                         10     13     -3 (VIOLATED)
u_dm/fanout756/X                         10     13     -3 (VIOLATED)
u_dm/fanout770/X                         10     13     -3 (VIOLATED)
u_dm/fanout773/X                         10     13     -3 (VIOLATED)
u_dm/fanout775/X                         10     13     -3 (VIOLATED)
u_dm/fanout778/X                         10     13     -3 (VIOLATED)
u_dm/fanout781/X                         10     13     -3 (VIOLATED)
u_dm/fanout782/X                         10     13     -3 (VIOLATED)
u_dm/fanout783/X                         10     13     -3 (VIOLATED)
u_dm/fanout785/X                         10     13     -3 (VIOLATED)
u_dm/fanout787/X                         10     13     -3 (VIOLATED)
u_dm/fanout788/X                         10     13     -3 (VIOLATED)
u_dm/fanout790/X                         10     13     -3 (VIOLATED)
u_dm/fanout797/X                         10     13     -3 (VIOLATED)
u_dm/fanout801/X                         10     13     -3 (VIOLATED)
u_dm/fanout802/X                         10     13     -3 (VIOLATED)
u_dm/fanout803/X                         10     13     -3 (VIOLATED)
u_dm/fanout805/X                         10     13     -3 (VIOLATED)
u_dm/fanout819/X                         10     13     -3 (VIOLATED)
u_dm/fanout824/X                         10     13     -3 (VIOLATED)
u_dm/fanout825/X                         10     13     -3 (VIOLATED)
u_dm/fanout837/X                         10     13     -3 (VIOLATED)
u_dm/fanout848/X                         10     13     -3 (VIOLATED)
u_dm/fanout868/X                         10     13     -3 (VIOLATED)
u_dm/fanout873/X                         10     13     -3 (VIOLATED)
u_dm/fanout874/X                         10     13     -3 (VIOLATED)
u_dm/fanout876/X                         10     13     -3 (VIOLATED)
u_dm/fanout877/X                         10     13     -3 (VIOLATED)
u_dm/fanout879/X                         10     13     -3 (VIOLATED)
u_dm/fanout882/X                         10     13     -3 (VIOLATED)
u_dm/fanout894/X                         10     13     -3 (VIOLATED)
u_dm/fanout905/X                         10     13     -3 (VIOLATED)
u_dm/fanout908/X                         10     13     -3 (VIOLATED)
u_dm/fanout910/X                         10     13     -3 (VIOLATED)
u_dm/fanout921/X                         10     13     -3 (VIOLATED)
u_dm/fanout922/X                         10     13     -3 (VIOLATED)
u_dm/fanout925/X                         10     13     -3 (VIOLATED)
u_dm/fanout927/X                         10     13     -3 (VIOLATED)
u_dm/fanout934/X                         10     13     -3 (VIOLATED)
u_dm/fanout935/X                         10     13     -3 (VIOLATED)
u_dm/fanout938/X                         10     13     -3 (VIOLATED)
u_dm/fanout939/X                         10     13     -3 (VIOLATED)
u_dm/fanout987/X                         10     13     -3 (VIOLATED)
u_dm/fanout988/X                         10     13     -3 (VIOLATED)
u_dm/fanout990/X                         10     13     -3 (VIOLATED)
u_dm/fanout992/X                         10     13     -3 (VIOLATED)
u_dm/fanout993/X                         10     13     -3 (VIOLATED)
u_dm/hold1526/X                          10     13     -3 (VIOLATED)
u_dm/hold1545/X                          10     13     -3 (VIOLATED)
u_dm/hold1601/X                          10     13     -3 (VIOLATED)
u_dm/hold1636/X                          10     13     -3 (VIOLATED)
u_dm/hold1642/X                          10     13     -3 (VIOLATED)
u_dm/hold1693/X                          10     13     -3 (VIOLATED)
u_dm/hold1708/X                          10     13     -3 (VIOLATED)
u_dm/hold1770/X                          10     13     -3 (VIOLATED)
u_dm/hold1777/X                          10     13     -3 (VIOLATED)
u_dm/hold1851/X                          10     13     -3 (VIOLATED)
u_dm/hold1878/X                          10     13     -3 (VIOLATED)
u_dm/hold1905/X                          10     13     -3 (VIOLATED)
u_dm/hold1913/X                          10     13     -3 (VIOLATED)
u_dm/hold1928/X                          10     13     -3 (VIOLATED)
u_dm/hold1941/X                          10     13     -3 (VIOLATED)
u_dm/hold1953/X                          10     13     -3 (VIOLATED)
u_dm/hold1956/X                          10     13     -3 (VIOLATED)
u_dm/hold1972/X                          10     13     -3 (VIOLATED)
u_dm/hold1977/X                          10     13     -3 (VIOLATED)
u_dm/hold2003/X                          10     13     -3 (VIOLATED)
u_dm/hold2065/X                          10     13     -3 (VIOLATED)
u_dm/hold2072/X                          10     13     -3 (VIOLATED)
u_dm/hold2125/X                          10     13     -3 (VIOLATED)
u_dm/hold2155/X                          10     13     -3 (VIOLATED)
u_dm/hold2172/X                          10     13     -3 (VIOLATED)
u_dm/hold2280/X                          10     13     -3 (VIOLATED)
u_dm/hold965/X                           10     13     -3 (VIOLATED)
u_fft/_06079_/Y                          10     13     -3 (VIOLATED)
u_fft/_06089_/Y                          10     13     -3 (VIOLATED)
u_fft/_06100_/Y                          10     13     -3 (VIOLATED)
u_fft/_06266_/X                          10     13     -3 (VIOLATED)
u_fft/_06278_/X                          10     13     -3 (VIOLATED)
u_fft/_07329_/Y                          10     13     -3 (VIOLATED)
u_fft/_07879_/Y                          10     13     -3 (VIOLATED)
u_fft/_07937_/Y                          10     13     -3 (VIOLATED)
u_fft/_08020_/Y                          10     13     -3 (VIOLATED)
u_fft/_08021_/Y                          10     13     -3 (VIOLATED)
u_fft/_08449_/Y                          10     13     -3 (VIOLATED)
u_fft/_08582_/Y                          10     13     -3 (VIOLATED)
u_fft/_08818_/Y                          10     13     -3 (VIOLATED)
u_fft/_08819_/Y                          10     13     -3 (VIOLATED)
u_fft/_08880_/X                          10     13     -3 (VIOLATED)
u_fft/_08898_/Y                          10     13     -3 (VIOLATED)
u_fft/_09281_/X                          10     13     -3 (VIOLATED)
u_fft/_09306_/X                          10     13     -3 (VIOLATED)
u_fft/_09494_/Y                          10     13     -3 (VIOLATED)
u_fft/_09538_/Y                          10     13     -3 (VIOLATED)
u_fft/_09706_/Y                          10     13     -3 (VIOLATED)
u_fft/_10093_/Y                          10     13     -3 (VIOLATED)
u_fft/_10275_/Y                          10     13     -3 (VIOLATED)
u_fft/_10352_/Y                          10     13     -3 (VIOLATED)
u_fft/_10400_/X                          10     13     -3 (VIOLATED)
u_fft/_10604_/Y                          10     13     -3 (VIOLATED)
u_fft/_11693_/Y                          10     13     -3 (VIOLATED)
u_fft/_11707_/Y                          10     13     -3 (VIOLATED)
u_fft/fanout1001/X                       10     13     -3 (VIOLATED)
u_fft/fanout1006/X                       10     13     -3 (VIOLATED)
u_fft/fanout1007/X                       10     13     -3 (VIOLATED)
u_fft/fanout1008/X                       10     13     -3 (VIOLATED)
u_fft/fanout1009/X                       10     13     -3 (VIOLATED)
u_fft/fanout1020/X                       10     13     -3 (VIOLATED)
u_fft/fanout1023/X                       10     13     -3 (VIOLATED)
u_fft/fanout1032/X                       10     13     -3 (VIOLATED)
u_fft/fanout1033/X                       10     13     -3 (VIOLATED)
u_fft/fanout1035/X                       10     13     -3 (VIOLATED)
u_fft/fanout1037/X                       10     13     -3 (VIOLATED)
u_fft/fanout1040/X                       10     13     -3 (VIOLATED)
u_fft/fanout1041/X                       10     13     -3 (VIOLATED)
u_fft/fanout1051/X                       10     13     -3 (VIOLATED)
u_fft/fanout1052/X                       10     13     -3 (VIOLATED)
u_fft/fanout1054/X                       10     13     -3 (VIOLATED)
u_fft/fanout1057/X                       10     13     -3 (VIOLATED)
u_fft/fanout1058/X                       10     13     -3 (VIOLATED)
u_fft/fanout1071/X                       10     13     -3 (VIOLATED)
u_fft/fanout1073/X                       10     13     -3 (VIOLATED)
u_fft/fanout1076/X                       10     13     -3 (VIOLATED)
u_fft/fanout1078/X                       10     13     -3 (VIOLATED)
u_fft/fanout1079/X                       10     13     -3 (VIOLATED)
u_fft/fanout1081/X                       10     13     -3 (VIOLATED)
u_fft/fanout1087/X                       10     13     -3 (VIOLATED)
u_fft/fanout1090/X                       10     13     -3 (VIOLATED)
u_fft/fanout1091/X                       10     13     -3 (VIOLATED)
u_fft/fanout1094/X                       10     13     -3 (VIOLATED)
u_fft/fanout1096/X                       10     13     -3 (VIOLATED)
u_fft/fanout1098/X                       10     13     -3 (VIOLATED)
u_fft/fanout1107/X                       10     13     -3 (VIOLATED)
u_fft/fanout1108/X                       10     13     -3 (VIOLATED)
u_fft/fanout1115/X                       10     13     -3 (VIOLATED)
u_fft/fanout1119/X                       10     13     -3 (VIOLATED)
u_fft/fanout1124/X                       10     13     -3 (VIOLATED)
u_fft/fanout1126/X                       10     13     -3 (VIOLATED)
u_fft/fanout1129/X                       10     13     -3 (VIOLATED)
u_fft/fanout1132/X                       10     13     -3 (VIOLATED)
u_fft/fanout1133/X                       10     13     -3 (VIOLATED)
u_fft/fanout1134/X                       10     13     -3 (VIOLATED)
u_fft/fanout1142/X                       10     13     -3 (VIOLATED)
u_fft/fanout1144/X                       10     13     -3 (VIOLATED)
u_fft/fanout1148/X                       10     13     -3 (VIOLATED)
u_fft/fanout115/X                        10     13     -3 (VIOLATED)
u_fft/fanout1156/X                       10     13     -3 (VIOLATED)
u_fft/fanout1157/X                       10     13     -3 (VIOLATED)
u_fft/fanout1159/X                       10     13     -3 (VIOLATED)
u_fft/fanout116/X                        10     13     -3 (VIOLATED)
u_fft/fanout1160/X                       10     13     -3 (VIOLATED)
u_fft/fanout1167/X                       10     13     -3 (VIOLATED)
u_fft/fanout1199/X                       10     13     -3 (VIOLATED)
u_fft/fanout1219/X                       10     13     -3 (VIOLATED)
u_fft/fanout1223/X                       10     13     -3 (VIOLATED)
u_fft/fanout1224/X                       10     13     -3 (VIOLATED)
u_fft/fanout1226/X                       10     13     -3 (VIOLATED)
u_fft/fanout1238/X                       10     13     -3 (VIOLATED)
u_fft/fanout1243/X                       10     13     -3 (VIOLATED)
u_fft/fanout1247/X                       10     13     -3 (VIOLATED)
u_fft/fanout1252/X                       10     13     -3 (VIOLATED)
u_fft/fanout1254/X                       10     13     -3 (VIOLATED)
u_fft/fanout1255/X                       10     13     -3 (VIOLATED)
u_fft/fanout1256/X                       10     13     -3 (VIOLATED)
u_fft/fanout1261/X                       10     13     -3 (VIOLATED)
u_fft/fanout1269/X                       10     13     -3 (VIOLATED)
u_fft/fanout1276/X                       10     13     -3 (VIOLATED)
u_fft/fanout1278/X                       10     13     -3 (VIOLATED)
u_fft/fanout1281/X                       10     13     -3 (VIOLATED)
u_fft/fanout1291/X                       10     13     -3 (VIOLATED)
u_fft/fanout1292/X                       10     13     -3 (VIOLATED)
u_fft/fanout1299/X                       10     13     -3 (VIOLATED)
u_fft/fanout1301/X                       10     13     -3 (VIOLATED)
u_fft/fanout1310/X                       10     13     -3 (VIOLATED)
u_fft/fanout1311/X                       10     13     -3 (VIOLATED)
u_fft/fanout1315/X                       10     13     -3 (VIOLATED)
u_fft/fanout1323/X                       10     13     -3 (VIOLATED)
u_fft/fanout1328/X                       10     13     -3 (VIOLATED)
u_fft/fanout1335/X                       10     13     -3 (VIOLATED)
u_fft/fanout1338/X                       10     13     -3 (VIOLATED)
u_fft/fanout1341/X                       10     13     -3 (VIOLATED)
u_fft/fanout1343/X                       10     13     -3 (VIOLATED)
u_fft/fanout1344/X                       10     13     -3 (VIOLATED)
u_fft/fanout1354/X                       10     13     -3 (VIOLATED)
u_fft/fanout1361/X                       10     13     -3 (VIOLATED)
u_fft/fanout1362/X                       10     13     -3 (VIOLATED)
u_fft/fanout1366/X                       10     13     -3 (VIOLATED)
u_fft/fanout1370/X                       10     13     -3 (VIOLATED)
u_fft/fanout1371/X                       10     13     -3 (VIOLATED)
u_fft/fanout138/X                        10     13     -3 (VIOLATED)
u_fft/fanout1382/X                       10     13     -3 (VIOLATED)
u_fft/fanout1383/X                       10     13     -3 (VIOLATED)
u_fft/fanout1384/X                       10     13     -3 (VIOLATED)
u_fft/fanout1386/X                       10     13     -3 (VIOLATED)
u_fft/fanout1389/X                       10     13     -3 (VIOLATED)
u_fft/fanout1391/X                       10     13     -3 (VIOLATED)
u_fft/fanout1393/X                       10     13     -3 (VIOLATED)
u_fft/fanout1395/X                       10     13     -3 (VIOLATED)
u_fft/fanout1402/X                       10     13     -3 (VIOLATED)
u_fft/fanout1410/X                       10     13     -3 (VIOLATED)
u_fft/fanout1411/X                       10     13     -3 (VIOLATED)
u_fft/fanout1414/X                       10     13     -3 (VIOLATED)
u_fft/fanout1416/X                       10     13     -3 (VIOLATED)
u_fft/fanout1428/X                       10     13     -3 (VIOLATED)
u_fft/fanout1431/X                       10     13     -3 (VIOLATED)
u_fft/fanout1433/X                       10     13     -3 (VIOLATED)
u_fft/fanout1436/X                       10     13     -3 (VIOLATED)
u_fft/fanout1451/X                       10     13     -3 (VIOLATED)
u_fft/fanout1452/X                       10     13     -3 (VIOLATED)
u_fft/fanout1453/X                       10     13     -3 (VIOLATED)
u_fft/fanout1455/X                       10     13     -3 (VIOLATED)
u_fft/fanout1457/X                       10     13     -3 (VIOLATED)
u_fft/fanout1458/X                       10     13     -3 (VIOLATED)
u_fft/fanout1460/X                       10     13     -3 (VIOLATED)
u_fft/fanout1475/X                       10     13     -3 (VIOLATED)
u_fft/fanout1477/X                       10     13     -3 (VIOLATED)
u_fft/fanout1478/X                       10     13     -3 (VIOLATED)
u_fft/fanout1488/X                       10     13     -3 (VIOLATED)
u_fft/fanout149/X                        10     13     -3 (VIOLATED)
u_fft/fanout1490/X                       10     13     -3 (VIOLATED)
u_fft/fanout1508/X                       10     13     -3 (VIOLATED)
u_fft/fanout151/X                        10     13     -3 (VIOLATED)
u_fft/fanout1518/X                       10     13     -3 (VIOLATED)
u_fft/fanout152/X                        10     13     -3 (VIOLATED)
u_fft/fanout1526/X                       10     13     -3 (VIOLATED)
u_fft/fanout1537/X                       10     13     -3 (VIOLATED)
u_fft/fanout154/X                        10     13     -3 (VIOLATED)
u_fft/fanout1541/X                       10     13     -3 (VIOLATED)
u_fft/fanout158/X                        10     13     -3 (VIOLATED)
u_fft/fanout1581/X                       10     13     -3 (VIOLATED)
u_fft/fanout1584/X                       10     13     -3 (VIOLATED)
u_fft/fanout1585/X                       10     13     -3 (VIOLATED)
u_fft/fanout1588/X                       10     13     -3 (VIOLATED)
u_fft/fanout1589/X                       10     13     -3 (VIOLATED)
u_fft/fanout1595/X                       10     13     -3 (VIOLATED)
u_fft/fanout1597/X                       10     13     -3 (VIOLATED)
u_fft/fanout160/X                        10     13     -3 (VIOLATED)
u_fft/fanout1603/X                       10     13     -3 (VIOLATED)
u_fft/fanout1604/X                       10     13     -3 (VIOLATED)
u_fft/fanout1605/X                       10     13     -3 (VIOLATED)
u_fft/fanout1606/X                       10     13     -3 (VIOLATED)
u_fft/fanout1607/X                       10     13     -3 (VIOLATED)
u_fft/fanout1613/X                       10     13     -3 (VIOLATED)
u_fft/fanout1614/X                       10     13     -3 (VIOLATED)
u_fft/fanout1615/X                       10     13     -3 (VIOLATED)
u_fft/fanout162/X                        10     13     -3 (VIOLATED)
u_fft/fanout1622/X                       10     13     -3 (VIOLATED)
u_fft/fanout1625/X                       10     13     -3 (VIOLATED)
u_fft/fanout1627/X                       10     13     -3 (VIOLATED)
u_fft/fanout1631/X                       10     13     -3 (VIOLATED)
u_fft/fanout1634/X                       10     13     -3 (VIOLATED)
u_fft/fanout1636/X                       10     13     -3 (VIOLATED)
u_fft/fanout1638/X                       10     13     -3 (VIOLATED)
u_fft/fanout164/X                        10     13     -3 (VIOLATED)
u_fft/fanout1644/X                       10     13     -3 (VIOLATED)
u_fft/fanout1646/X                       10     13     -3 (VIOLATED)
u_fft/fanout1648/X                       10     13     -3 (VIOLATED)
u_fft/fanout1656/X                       10     13     -3 (VIOLATED)
u_fft/fanout1658/X                       10     13     -3 (VIOLATED)
u_fft/fanout166/X                        10     13     -3 (VIOLATED)
u_fft/fanout1660/X                       10     13     -3 (VIOLATED)
u_fft/fanout1662/X                       10     13     -3 (VIOLATED)
u_fft/fanout1664/X                       10     13     -3 (VIOLATED)
u_fft/fanout1666/X                       10     13     -3 (VIOLATED)
u_fft/fanout1668/X                       10     13     -3 (VIOLATED)
u_fft/fanout167/X                        10     13     -3 (VIOLATED)
u_fft/fanout1670/X                       10     13     -3 (VIOLATED)
u_fft/fanout1672/X                       10     13     -3 (VIOLATED)
u_fft/fanout1675/X                       10     13     -3 (VIOLATED)
u_fft/fanout168/X                        10     13     -3 (VIOLATED)
u_fft/fanout1683/X                       10     13     -3 (VIOLATED)
u_fft/fanout1698/X                       10     13     -3 (VIOLATED)
u_fft/fanout170/X                        10     13     -3 (VIOLATED)
u_fft/fanout1709/X                       10     13     -3 (VIOLATED)
u_fft/fanout171/X                        10     13     -3 (VIOLATED)
u_fft/fanout1725/X                       10     13     -3 (VIOLATED)
u_fft/fanout173/X                        10     13     -3 (VIOLATED)
u_fft/fanout1735/X                       10     13     -3 (VIOLATED)
u_fft/fanout174/X                        10     13     -3 (VIOLATED)
u_fft/fanout1740/X                       10     13     -3 (VIOLATED)
u_fft/fanout1750/X                       10     13     -3 (VIOLATED)
u_fft/fanout176/X                        10     13     -3 (VIOLATED)
u_fft/fanout178/X                        10     13     -3 (VIOLATED)
u_fft/fanout179/X                        10     13     -3 (VIOLATED)
u_fft/fanout182/X                        10     13     -3 (VIOLATED)
u_fft/fanout184/X                        10     13     -3 (VIOLATED)
u_fft/fanout185/X                        10     13     -3 (VIOLATED)
u_fft/fanout187/X                        10     13     -3 (VIOLATED)
u_fft/fanout190/X                        10     13     -3 (VIOLATED)
u_fft/fanout192/X                        10     13     -3 (VIOLATED)
u_fft/fanout193/X                        10     13     -3 (VIOLATED)
u_fft/fanout194/X                        10     13     -3 (VIOLATED)
u_fft/fanout195/X                        10     13     -3 (VIOLATED)
u_fft/fanout198/X                        10     13     -3 (VIOLATED)
u_fft/fanout200/X                        10     13     -3 (VIOLATED)
u_fft/fanout201/X                        10     13     -3 (VIOLATED)
u_fft/fanout202/X                        10     13     -3 (VIOLATED)
u_fft/fanout205/X                        10     13     -3 (VIOLATED)
u_fft/fanout208/X                        10     13     -3 (VIOLATED)
u_fft/fanout211/X                        10     13     -3 (VIOLATED)
u_fft/fanout212/X                        10     13     -3 (VIOLATED)
u_fft/fanout214/X                        10     13     -3 (VIOLATED)
u_fft/fanout216/X                        10     13     -3 (VIOLATED)
u_fft/fanout217/X                        10     13     -3 (VIOLATED)
u_fft/fanout218/X                        10     13     -3 (VIOLATED)
u_fft/fanout221/X                        10     13     -3 (VIOLATED)
u_fft/fanout223/X                        10     13     -3 (VIOLATED)
u_fft/fanout225/X                        10     13     -3 (VIOLATED)
u_fft/fanout228/X                        10     13     -3 (VIOLATED)
u_fft/fanout229/X                        10     13     -3 (VIOLATED)
u_fft/fanout230/X                        10     13     -3 (VIOLATED)
u_fft/fanout231/X                        10     13     -3 (VIOLATED)
u_fft/fanout235/X                        10     13     -3 (VIOLATED)
u_fft/fanout237/X                        10     13     -3 (VIOLATED)
u_fft/fanout243/X                        10     13     -3 (VIOLATED)
u_fft/fanout247/X                        10     13     -3 (VIOLATED)
u_fft/fanout248/X                        10     13     -3 (VIOLATED)
u_fft/fanout253/X                        10     13     -3 (VIOLATED)
u_fft/fanout255/X                        10     13     -3 (VIOLATED)
u_fft/fanout257/X                        10     13     -3 (VIOLATED)
u_fft/fanout258/X                        10     13     -3 (VIOLATED)
u_fft/fanout261/X                        10     13     -3 (VIOLATED)
u_fft/fanout263/X                        10     13     -3 (VIOLATED)
u_fft/fanout265/X                        10     13     -3 (VIOLATED)
u_fft/fanout266/X                        10     13     -3 (VIOLATED)
u_fft/fanout270/X                        10     13     -3 (VIOLATED)
u_fft/fanout271/X                        10     13     -3 (VIOLATED)
u_fft/fanout274/X                        10     13     -3 (VIOLATED)
u_fft/fanout284/X                        10     13     -3 (VIOLATED)
u_fft/fanout286/X                        10     13     -3 (VIOLATED)
u_fft/fanout289/X                        10     13     -3 (VIOLATED)
u_fft/fanout291/X                        10     13     -3 (VIOLATED)
u_fft/fanout293/X                        10     13     -3 (VIOLATED)
u_fft/fanout296/X                        10     13     -3 (VIOLATED)
u_fft/fanout300/X                        10     13     -3 (VIOLATED)
u_fft/fanout302/X                        10     13     -3 (VIOLATED)
u_fft/fanout303/X                        10     13     -3 (VIOLATED)
u_fft/fanout318/X                        10     13     -3 (VIOLATED)
u_fft/fanout319/X                        10     13     -3 (VIOLATED)
u_fft/fanout321/X                        10     13     -3 (VIOLATED)
u_fft/fanout322/X                        10     13     -3 (VIOLATED)
u_fft/fanout330/X                        10     13     -3 (VIOLATED)
u_fft/fanout331/X                        10     13     -3 (VIOLATED)
u_fft/fanout332/X                        10     13     -3 (VIOLATED)
u_fft/fanout333/X                        10     13     -3 (VIOLATED)
u_fft/fanout335/X                        10     13     -3 (VIOLATED)
u_fft/fanout338/X                        10     13     -3 (VIOLATED)
u_fft/fanout340/X                        10     13     -3 (VIOLATED)
u_fft/fanout342/X                        10     13     -3 (VIOLATED)
u_fft/fanout343/X                        10     13     -3 (VIOLATED)
u_fft/fanout344/X                        10     13     -3 (VIOLATED)
u_fft/fanout345/X                        10     13     -3 (VIOLATED)
u_fft/fanout347/X                        10     13     -3 (VIOLATED)
u_fft/fanout350/X                        10     13     -3 (VIOLATED)
u_fft/fanout354/X                        10     13     -3 (VIOLATED)
u_fft/fanout355/X                        10     13     -3 (VIOLATED)
u_fft/fanout363/X                        10     13     -3 (VIOLATED)
u_fft/fanout365/X                        10     13     -3 (VIOLATED)
u_fft/fanout366/X                        10     13     -3 (VIOLATED)
u_fft/fanout367/X                        10     13     -3 (VIOLATED)
u_fft/fanout368/X                        10     13     -3 (VIOLATED)
u_fft/fanout370/X                        10     13     -3 (VIOLATED)
u_fft/fanout371/X                        10     13     -3 (VIOLATED)
u_fft/fanout372/X                        10     13     -3 (VIOLATED)
u_fft/fanout374/X                        10     13     -3 (VIOLATED)
u_fft/fanout411/X                        10     13     -3 (VIOLATED)
u_fft/fanout413/X                        10     13     -3 (VIOLATED)
u_fft/fanout414/X                        10     13     -3 (VIOLATED)
u_fft/fanout419/X                        10     13     -3 (VIOLATED)
u_fft/fanout432/X                        10     13     -3 (VIOLATED)
u_fft/fanout433/X                        10     13     -3 (VIOLATED)
u_fft/fanout437/X                        10     13     -3 (VIOLATED)
u_fft/fanout441/X                        10     13     -3 (VIOLATED)
u_fft/fanout442/X                        10     13     -3 (VIOLATED)
u_fft/fanout450/X                        10     13     -3 (VIOLATED)
u_fft/fanout452/X                        10     13     -3 (VIOLATED)
u_fft/fanout453/X                        10     13     -3 (VIOLATED)
u_fft/fanout454/X                        10     13     -3 (VIOLATED)
u_fft/fanout460/X                        10     13     -3 (VIOLATED)
u_fft/fanout462/X                        10     13     -3 (VIOLATED)
u_fft/fanout463/X                        10     13     -3 (VIOLATED)
u_fft/fanout467/X                        10     13     -3 (VIOLATED)
u_fft/fanout468/X                        10     13     -3 (VIOLATED)
u_fft/fanout469/X                        10     13     -3 (VIOLATED)
u_fft/fanout472/X                        10     13     -3 (VIOLATED)
u_fft/fanout473/X                        10     13     -3 (VIOLATED)
u_fft/fanout476/X                        10     13     -3 (VIOLATED)
u_fft/fanout480/X                        10     13     -3 (VIOLATED)
u_fft/fanout482/X                        10     13     -3 (VIOLATED)
u_fft/fanout484/X                        10     13     -3 (VIOLATED)
u_fft/fanout488/X                        10     13     -3 (VIOLATED)
u_fft/fanout490/X                        10     13     -3 (VIOLATED)
u_fft/fanout494/X                        10     13     -3 (VIOLATED)
u_fft/fanout495/X                        10     13     -3 (VIOLATED)
u_fft/fanout497/X                        10     13     -3 (VIOLATED)
u_fft/fanout499/X                        10     13     -3 (VIOLATED)
u_fft/fanout500/X                        10     13     -3 (VIOLATED)
u_fft/fanout501/X                        10     13     -3 (VIOLATED)
u_fft/fanout503/X                        10     13     -3 (VIOLATED)
u_fft/fanout509/X                        10     13     -3 (VIOLATED)
u_fft/fanout510/X                        10     13     -3 (VIOLATED)
u_fft/fanout512/X                        10     13     -3 (VIOLATED)
u_fft/fanout513/X                        10     13     -3 (VIOLATED)
u_fft/fanout514/X                        10     13     -3 (VIOLATED)
u_fft/fanout515/X                        10     13     -3 (VIOLATED)
u_fft/fanout516/X                        10     13     -3 (VIOLATED)
u_fft/fanout518/X                        10     13     -3 (VIOLATED)
u_fft/fanout520/X                        10     13     -3 (VIOLATED)
u_fft/fanout523/X                        10     13     -3 (VIOLATED)
u_fft/fanout526/X                        10     13     -3 (VIOLATED)
u_fft/fanout527/X                        10     13     -3 (VIOLATED)
u_fft/fanout529/X                        10     13     -3 (VIOLATED)
u_fft/fanout530/X                        10     13     -3 (VIOLATED)
u_fft/fanout531/X                        10     13     -3 (VIOLATED)
u_fft/fanout532/X                        10     13     -3 (VIOLATED)
u_fft/fanout536/X                        10     13     -3 (VIOLATED)
u_fft/fanout538/X                        10     13     -3 (VIOLATED)
u_fft/fanout540/X                        10     13     -3 (VIOLATED)
u_fft/fanout541/X                        10     13     -3 (VIOLATED)
u_fft/fanout543/X                        10     13     -3 (VIOLATED)
u_fft/fanout544/X                        10     13     -3 (VIOLATED)
u_fft/fanout546/X                        10     13     -3 (VIOLATED)
u_fft/fanout548/X                        10     13     -3 (VIOLATED)
u_fft/fanout550/X                        10     13     -3 (VIOLATED)
u_fft/fanout554/X                        10     13     -3 (VIOLATED)
u_fft/fanout556/X                        10     13     -3 (VIOLATED)
u_fft/fanout559/X                        10     13     -3 (VIOLATED)
u_fft/fanout560/X                        10     13     -3 (VIOLATED)
u_fft/fanout562/X                        10     13     -3 (VIOLATED)
u_fft/fanout564/X                        10     13     -3 (VIOLATED)
u_fft/fanout565/X                        10     13     -3 (VIOLATED)
u_fft/fanout566/X                        10     13     -3 (VIOLATED)
u_fft/fanout567/X                        10     13     -3 (VIOLATED)
u_fft/fanout570/X                        10     13     -3 (VIOLATED)
u_fft/fanout573/X                        10     13     -3 (VIOLATED)
u_fft/fanout575/X                        10     13     -3 (VIOLATED)
u_fft/fanout576/X                        10     13     -3 (VIOLATED)
u_fft/fanout579/X                        10     13     -3 (VIOLATED)
u_fft/fanout585/X                        10     13     -3 (VIOLATED)
u_fft/fanout614/X                        10     13     -3 (VIOLATED)
u_fft/fanout618/X                        10     13     -3 (VIOLATED)
u_fft/fanout620/X                        10     13     -3 (VIOLATED)
u_fft/fanout624/X                        10     13     -3 (VIOLATED)
u_fft/fanout627/X                        10     13     -3 (VIOLATED)
u_fft/fanout628/X                        10     13     -3 (VIOLATED)
u_fft/fanout629/X                        10     13     -3 (VIOLATED)
u_fft/fanout632/X                        10     13     -3 (VIOLATED)
u_fft/fanout633/X                        10     13     -3 (VIOLATED)
u_fft/fanout634/X                        10     13     -3 (VIOLATED)
u_fft/fanout635/X                        10     13     -3 (VIOLATED)
u_fft/fanout636/X                        10     13     -3 (VIOLATED)
u_fft/fanout639/X                        10     13     -3 (VIOLATED)
u_fft/fanout641/X                        10     13     -3 (VIOLATED)
u_fft/fanout643/X                        10     13     -3 (VIOLATED)
u_fft/fanout648/X                        10     13     -3 (VIOLATED)
u_fft/fanout653/X                        10     13     -3 (VIOLATED)
u_fft/fanout654/X                        10     13     -3 (VIOLATED)
u_fft/fanout655/X                        10     13     -3 (VIOLATED)
u_fft/fanout656/X                        10     13     -3 (VIOLATED)
u_fft/fanout664/X                        10     13     -3 (VIOLATED)
u_fft/fanout666/X                        10     13     -3 (VIOLATED)
u_fft/fanout668/X                        10     13     -3 (VIOLATED)
u_fft/fanout674/X                        10     13     -3 (VIOLATED)
u_fft/fanout681/X                        10     13     -3 (VIOLATED)
u_fft/fanout684/X                        10     13     -3 (VIOLATED)
u_fft/fanout687/X                        10     13     -3 (VIOLATED)
u_fft/fanout689/X                        10     13     -3 (VIOLATED)
u_fft/fanout692/X                        10     13     -3 (VIOLATED)
u_fft/fanout693/X                        10     13     -3 (VIOLATED)
u_fft/fanout698/X                        10     13     -3 (VIOLATED)
u_fft/fanout701/X                        10     13     -3 (VIOLATED)
u_fft/fanout709/X                        10     13     -3 (VIOLATED)
u_fft/fanout711/X                        10     13     -3 (VIOLATED)
u_fft/fanout712/X                        10     13     -3 (VIOLATED)
u_fft/fanout713/X                        10     13     -3 (VIOLATED)
u_fft/fanout714/X                        10     13     -3 (VIOLATED)
u_fft/fanout718/X                        10     13     -3 (VIOLATED)
u_fft/fanout721/X                        10     13     -3 (VIOLATED)
u_fft/fanout730/X                        10     13     -3 (VIOLATED)
u_fft/fanout734/X                        10     13     -3 (VIOLATED)
u_fft/fanout735/X                        10     13     -3 (VIOLATED)
u_fft/fanout740/X                        10     13     -3 (VIOLATED)
u_fft/fanout742/X                        10     13     -3 (VIOLATED)
u_fft/fanout743/X                        10     13     -3 (VIOLATED)
u_fft/fanout745/X                        10     13     -3 (VIOLATED)
u_fft/fanout752/X                        10     13     -3 (VIOLATED)
u_fft/fanout753/X                        10     13     -3 (VIOLATED)
u_fft/fanout760/X                        10     13     -3 (VIOLATED)
u_fft/fanout762/X                        10     13     -3 (VIOLATED)
u_fft/fanout764/X                        10     13     -3 (VIOLATED)
u_fft/fanout765/X                        10     13     -3 (VIOLATED)
u_fft/fanout767/X                        10     13     -3 (VIOLATED)
u_fft/fanout773/X                        10     13     -3 (VIOLATED)
u_fft/fanout774/X                        10     13     -3 (VIOLATED)
u_fft/fanout775/X                        10     13     -3 (VIOLATED)
u_fft/fanout778/X                        10     13     -3 (VIOLATED)
u_fft/fanout780/X                        10     13     -3 (VIOLATED)
u_fft/fanout781/X                        10     13     -3 (VIOLATED)
u_fft/fanout784/X                        10     13     -3 (VIOLATED)
u_fft/fanout791/X                        10     13     -3 (VIOLATED)
u_fft/fanout793/X                        10     13     -3 (VIOLATED)
u_fft/fanout796/X                        10     13     -3 (VIOLATED)
u_fft/fanout797/X                        10     13     -3 (VIOLATED)
u_fft/fanout798/X                        10     13     -3 (VIOLATED)
u_fft/fanout801/X                        10     13     -3 (VIOLATED)
u_fft/fanout805/X                        10     13     -3 (VIOLATED)
u_fft/fanout808/X                        10     13     -3 (VIOLATED)
u_fft/fanout811/X                        10     13     -3 (VIOLATED)
u_fft/fanout818/X                        10     13     -3 (VIOLATED)
u_fft/fanout823/X                        10     13     -3 (VIOLATED)
u_fft/fanout825/X                        10     13     -3 (VIOLATED)
u_fft/fanout828/X                        10     13     -3 (VIOLATED)
u_fft/fanout833/X                        10     13     -3 (VIOLATED)
u_fft/fanout834/X                        10     13     -3 (VIOLATED)
u_fft/fanout835/X                        10     13     -3 (VIOLATED)
u_fft/fanout838/X                        10     13     -3 (VIOLATED)
u_fft/fanout840/X                        10     13     -3 (VIOLATED)
u_fft/fanout841/X                        10     13     -3 (VIOLATED)
u_fft/fanout842/X                        10     13     -3 (VIOLATED)
u_fft/fanout844/X                        10     13     -3 (VIOLATED)
u_fft/fanout847/X                        10     13     -3 (VIOLATED)
u_fft/fanout849/X                        10     13     -3 (VIOLATED)
u_fft/fanout855/X                        10     13     -3 (VIOLATED)
u_fft/fanout857/X                        10     13     -3 (VIOLATED)
u_fft/fanout859/X                        10     13     -3 (VIOLATED)
u_fft/fanout862/X                        10     13     -3 (VIOLATED)
u_fft/fanout869/X                        10     13     -3 (VIOLATED)
u_fft/fanout875/X                        10     13     -3 (VIOLATED)
u_fft/fanout878/X                        10     13     -3 (VIOLATED)
u_fft/fanout882/X                        10     13     -3 (VIOLATED)
u_fft/fanout884/X                        10     13     -3 (VIOLATED)
u_fft/fanout885/X                        10     13     -3 (VIOLATED)
u_fft/fanout886/X                        10     13     -3 (VIOLATED)
u_fft/fanout888/X                        10     13     -3 (VIOLATED)
u_fft/fanout889/X                        10     13     -3 (VIOLATED)
u_fft/fanout890/X                        10     13     -3 (VIOLATED)
u_fft/fanout893/X                        10     13     -3 (VIOLATED)
u_fft/fanout901/X                        10     13     -3 (VIOLATED)
u_fft/fanout903/X                        10     13     -3 (VIOLATED)
u_fft/fanout904/X                        10     13     -3 (VIOLATED)
u_fft/fanout907/X                        10     13     -3 (VIOLATED)
u_fft/fanout910/X                        10     13     -3 (VIOLATED)
u_fft/fanout912/X                        10     13     -3 (VIOLATED)
u_fft/fanout916/X                        10     13     -3 (VIOLATED)
u_fft/fanout923/X                        10     13     -3 (VIOLATED)
u_fft/fanout924/X                        10     13     -3 (VIOLATED)
u_fft/fanout926/X                        10     13     -3 (VIOLATED)
u_fft/fanout933/X                        10     13     -3 (VIOLATED)
u_fft/fanout937/X                        10     13     -3 (VIOLATED)
u_fft/fanout948/X                        10     13     -3 (VIOLATED)
u_fft/fanout949/X                        10     13     -3 (VIOLATED)
u_fft/fanout957/X                        10     13     -3 (VIOLATED)
u_fft/fanout961/X                        10     13     -3 (VIOLATED)
u_fft/fanout965/X                        10     13     -3 (VIOLATED)
u_fft/fanout969/X                        10     13     -3 (VIOLATED)
u_fft/fanout973/X                        10     13     -3 (VIOLATED)
u_fft/fanout978/X                        10     13     -3 (VIOLATED)
u_fft/fanout986/X                        10     13     -3 (VIOLATED)
u_fft/fanout994/X                        10     13     -3 (VIOLATED)
u_fft/hold100/X                          10     13     -3 (VIOLATED)
u_fft/hold121/X                          10     13     -3 (VIOLATED)
u_fft/hold141/X                          10     13     -3 (VIOLATED)
u_fft/hold1474/X                         10     13     -3 (VIOLATED)
u_fft/hold1538/X                         10     13     -3 (VIOLATED)
u_fft/hold157/X                          10     13     -3 (VIOLATED)
u_fft/hold1571/X                         10     13     -3 (VIOLATED)
u_fft/hold1634/X                         10     13     -3 (VIOLATED)
u_fft/hold1682/X                         10     13     -3 (VIOLATED)
u_fft/hold173/X                          10     13     -3 (VIOLATED)
u_fft/hold1733/X                         10     13     -3 (VIOLATED)
u_fft/hold1741/X                         10     13     -3 (VIOLATED)
u_fft/hold1773/X                         10     13     -3 (VIOLATED)
u_fft/hold1797/X                         10     13     -3 (VIOLATED)
u_fft/hold1809/X                         10     13     -3 (VIOLATED)
u_fft/hold1857/X                         10     13     -3 (VIOLATED)
u_fft/hold1884/X                         10     13     -3 (VIOLATED)
u_fft/hold1894/X                         10     13     -3 (VIOLATED)
u_fft/hold1988/X                         10     13     -3 (VIOLATED)
u_fft/hold2020/X                         10     13     -3 (VIOLATED)
u_fft/hold2060/X                         10     13     -3 (VIOLATED)
u_fft/hold2153/X                         10     13     -3 (VIOLATED)
u_fft/hold2159/X                         10     13     -3 (VIOLATED)
u_fft/hold24/X                           10     13     -3 (VIOLATED)
u_fft/hold2479/X                         10     13     -3 (VIOLATED)
u_fft/hold2598/X                         10     13     -3 (VIOLATED)
u_fft/hold4907/X                         10     13     -3 (VIOLATED)
u_fft/hold608/X                          10     13     -3 (VIOLATED)
u_fft/hold627/X                          10     13     -3 (VIOLATED)
u_fft/hold656/X                          10     13     -3 (VIOLATED)
u_fft/hold66/X                           10     13     -3 (VIOLATED)
u_ibex/fanout124/X                       10     13     -3 (VIOLATED)
u_ibex/fanout172/X                       10     13     -3 (VIOLATED)
u_ibex/fanout62/X                        10     13     -3 (VIOLATED)
u_ibex/fanout78/X                        10     13     -3 (VIOLATED)
u_plic/_2483_/X                          10     13     -3 (VIOLATED)
u_plic/_2866_/Y                          10     13     -3 (VIOLATED)
u_plic/_3149_/Q                          10     13     -3 (VIOLATED)
u_plic/_3206_/Q                          10     13     -3 (VIOLATED)
u_plic/_3218_/Q                          10     13     -3 (VIOLATED)
u_plic/_3239_/Q                          10     13     -3 (VIOLATED)
u_plic/_3244_/Q                          10     13     -3 (VIOLATED)
u_plic/_3249_/Q                          10     13     -3 (VIOLATED)
u_plic/fanout156/X                       10     13     -3 (VIOLATED)
u_plic/fanout244/X                       10     13     -3 (VIOLATED)
u_plic/fanout246/X                       10     13     -3 (VIOLATED)
u_plic/fanout259/X                       10     13     -3 (VIOLATED)
u_plic/fanout263/X                       10     13     -3 (VIOLATED)
u_plic/fanout272/X                       10     13     -3 (VIOLATED)
u_plic/fanout273/X                       10     13     -3 (VIOLATED)
u_plic/fanout279/X                       10     13     -3 (VIOLATED)
u_plic/fanout280/X                       10     13     -3 (VIOLATED)
u_plic/fanout281/X                       10     13     -3 (VIOLATED)
u_plic/fanout288/X                       10     13     -3 (VIOLATED)
u_plic/fanout293/X                       10     13     -3 (VIOLATED)
u_plic/fanout297/X                       10     13     -3 (VIOLATED)
u_plic/fanout304/X                       10     13     -3 (VIOLATED)
u_plic/fanout310/X                       10     13     -3 (VIOLATED)
u_plic/fanout319/X                       10     13     -3 (VIOLATED)
u_plic/fanout341/X                       10     13     -3 (VIOLATED)
u_plic/fanout356/X                       10     13     -3 (VIOLATED)
u_plic/fanout359/X                       10     13     -3 (VIOLATED)
u_plic/fanout370/X                       10     13     -3 (VIOLATED)
u_plic/fanout388/X                       10     13     -3 (VIOLATED)
u_plic/fanout391/X                       10     13     -3 (VIOLATED)
u_plic/fanout393/X                       10     13     -3 (VIOLATED)
u_plic/fanout395/X                       10     13     -3 (VIOLATED)
u_plic/fanout397/X                       10     13     -3 (VIOLATED)
u_plic/fanout399/X                       10     13     -3 (VIOLATED)
u_plic/fanout400/X                       10     13     -3 (VIOLATED)
u_plic/fanout480/X                       10     13     -3 (VIOLATED)
u_plic/fanout483/X                       10     13     -3 (VIOLATED)
u_plic/fanout491/X                       10     13     -3 (VIOLATED)
u_plic/fanout493/X                       10     13     -3 (VIOLATED)
u_plic/fanout494/X                       10     13     -3 (VIOLATED)
u_plic/fanout515/X                       10     13     -3 (VIOLATED)
u_plic/hold176/X                         10     13     -3 (VIOLATED)
u_plic/hold182/X                         10     13     -3 (VIOLATED)
u_plic/hold186/X                         10     13     -3 (VIOLATED)
u_plic/hold192/X                         10     13     -3 (VIOLATED)
u_plic/hold214/X                         10     13     -3 (VIOLATED)
u_plic/hold216/X                         10     13     -3 (VIOLATED)
u_plic/hold220/X                         10     13     -3 (VIOLATED)
u_plic/hold398/X                         10     13     -3 (VIOLATED)
u_plic/hold421/X                         10     13     -3 (VIOLATED)
u_plic/hold424/X                         10     13     -3 (VIOLATED)
u_plic/hold436/X                         10     13     -3 (VIOLATED)
u_plic/hold457/X                         10     13     -3 (VIOLATED)
u_plic/hold460/X                         10     13     -3 (VIOLATED)
u_plic/hold466/X                         10     13     -3 (VIOLATED)
u_plic/hold516/X                         10     13     -3 (VIOLATED)
u_spi_host/_2632_/X                      10     13     -3 (VIOLATED)
u_spi_host/_2646_/X                      10     13     -3 (VIOLATED)
u_spi_host/clkbuf_leaf_21_clk_i/X        10     13     -3 (VIOLATED)
u_spi_host/clkbuf_leaf_2_clk_i/X         10     13     -3 (VIOLATED)
u_spi_host/clkbuf_leaf_6_clk_i/X         10     13     -3 (VIOLATED)
u_spi_host/clkbuf_leaf_72_clk_i/X        10     13     -3 (VIOLATED)
u_spi_host/clkbuf_leaf_80_clk_i/X        10     13     -3 (VIOLATED)
u_spi_host/fanout127/X                   10     13     -3 (VIOLATED)
u_spi_host/fanout128/X                   10     13     -3 (VIOLATED)
u_spi_host/fanout131/X                   10     13     -3 (VIOLATED)
u_spi_host/fanout133/X                   10     13     -3 (VIOLATED)
u_spi_host/fanout193/X                   10     13     -3 (VIOLATED)
u_spi_host/fanout196/X                   10     13     -3 (VIOLATED)
u_spi_host/fanout197/X                   10     13     -3 (VIOLATED)
u_spi_host/fanout200/X                   10     13     -3 (VIOLATED)
u_spi_host/fanout201/X                   10     13     -3 (VIOLATED)
u_spi_host/fanout204/X                   10     13     -3 (VIOLATED)
u_spi_host/fanout206/X                   10     13     -3 (VIOLATED)
u_spi_host/fanout213/X                   10     13     -3 (VIOLATED)
u_spi_host/fanout214/X                   10     13     -3 (VIOLATED)
u_spi_host/fanout220/X                   10     13     -3 (VIOLATED)
u_spi_host/fanout221/X                   10     13     -3 (VIOLATED)
u_spi_host/fanout224/X                   10     13     -3 (VIOLATED)
u_spi_host/fanout226/X                   10     13     -3 (VIOLATED)
u_spi_host/fanout229/X                   10     13     -3 (VIOLATED)
u_spi_host/fanout230/X                   10     13     -3 (VIOLATED)
u_spi_host/fanout233/X                   10     13     -3 (VIOLATED)
u_spi_host/fanout234/X                   10     13     -3 (VIOLATED)
u_spi_host/fanout237/X                   10     13     -3 (VIOLATED)
u_spi_host/fanout238/X                   10     13     -3 (VIOLATED)
u_spi_host/fanout240/X                   10     13     -3 (VIOLATED)
u_spi_host/fanout242/X                   10     13     -3 (VIOLATED)
u_spi_host/fanout244/X                   10     13     -3 (VIOLATED)
u_spi_host/fanout246/X                   10     13     -3 (VIOLATED)
u_spi_host/fanout248/X                   10     13     -3 (VIOLATED)
u_spi_host/fanout250/X                   10     13     -3 (VIOLATED)
u_spi_host/fanout253/X                   10     13     -3 (VIOLATED)
u_spi_host/fanout255/X                   10     13     -3 (VIOLATED)
u_spi_host/fanout267/X                   10     13     -3 (VIOLATED)
u_spi_host/fanout269/X                   10     13     -3 (VIOLATED)
u_spi_host/fanout270/X                   10     13     -3 (VIOLATED)
u_spi_host/fanout273/X                   10     13     -3 (VIOLATED)
u_spi_host/fanout274/X                   10     13     -3 (VIOLATED)
u_spi_host/fanout295/X                   10     13     -3 (VIOLATED)
u_spi_host/fanout297/X                   10     13     -3 (VIOLATED)
u_spi_host/fanout299/X                   10     13     -3 (VIOLATED)
u_spi_host/fanout300/X                   10     13     -3 (VIOLATED)
u_spi_host/fanout324/X                   10     13     -3 (VIOLATED)
u_spi_host/fanout327/X                   10     13     -3 (VIOLATED)
u_spi_host/fanout328/X                   10     13     -3 (VIOLATED)
u_spi_host/fanout329/X                   10     13     -3 (VIOLATED)
u_spi_host/fanout330/X                   10     13     -3 (VIOLATED)
u_spi_host/fanout331/X                   10     13     -3 (VIOLATED)
u_spi_host/fanout334/X                   10     13     -3 (VIOLATED)
u_spi_host/fanout339/X                   10     13     -3 (VIOLATED)
u_spi_host/fanout340/X                   10     13     -3 (VIOLATED)
u_spi_host/fanout341/X                   10     13     -3 (VIOLATED)
u_spi_host/fanout346/X                   10     13     -3 (VIOLATED)
u_spi_host/fanout347/X                   10     13     -3 (VIOLATED)
u_spi_host/fanout349/X                   10     13     -3 (VIOLATED)
u_spi_host/fanout350/X                   10     13     -3 (VIOLATED)
u_spi_host/fanout353/X                   10     13     -3 (VIOLATED)
u_spi_host/fanout357/X                   10     13     -3 (VIOLATED)
u_spi_host/fanout359/X                   10     13     -3 (VIOLATED)
u_spi_host/fanout360/X                   10     13     -3 (VIOLATED)
u_spi_host/fanout361/X                   10     13     -3 (VIOLATED)
u_spi_host/fanout362/X                   10     13     -3 (VIOLATED)
u_spi_host/fanout366/X                   10     13     -3 (VIOLATED)
u_spi_host/fanout369/X                   10     13     -3 (VIOLATED)
u_spi_host/fanout373/X                   10     13     -3 (VIOLATED)
u_spi_host/fanout374/X                   10     13     -3 (VIOLATED)
u_spi_host/fanout375/X                   10     13     -3 (VIOLATED)
u_spi_host/fanout377/X                   10     13     -3 (VIOLATED)
u_spi_host/fanout379/X                   10     13     -3 (VIOLATED)
u_spi_host/fanout381/X                   10     13     -3 (VIOLATED)
u_spi_host/fanout382/X                   10     13     -3 (VIOLATED)
u_spi_host/fanout384/X                   10     13     -3 (VIOLATED)
u_spi_host/fanout386/X                   10     13     -3 (VIOLATED)
u_spi_host/fanout387/X                   10     13     -3 (VIOLATED)
u_spi_host/fanout388/X                   10     13     -3 (VIOLATED)
u_spi_host/fanout391/X                   10     13     -3 (VIOLATED)
u_spi_host/fanout392/X                   10     13     -3 (VIOLATED)
u_spi_host/fanout393/X                   10     13     -3 (VIOLATED)
u_spi_host/fanout394/X                   10     13     -3 (VIOLATED)
u_spi_host/fanout397/X                   10     13     -3 (VIOLATED)
u_spi_host/fanout401/X                   10     13     -3 (VIOLATED)
u_spi_host/fanout405/X                   10     13     -3 (VIOLATED)
u_spi_host/fanout407/X                   10     13     -3 (VIOLATED)
u_spi_host/fanout408/X                   10     13     -3 (VIOLATED)
u_spi_host/fanout411/X                   10     13     -3 (VIOLATED)
u_spi_host/fanout416/X                   10     13     -3 (VIOLATED)
u_spi_host/fanout417/X                   10     13     -3 (VIOLATED)
u_spi_host/fanout421/X                   10     13     -3 (VIOLATED)
u_spi_host/fanout423/X                   10     13     -3 (VIOLATED)
u_spi_host/fanout428/X                   10     13     -3 (VIOLATED)
u_spi_host/fanout429/X                   10     13     -3 (VIOLATED)
u_spi_host/fanout432/X                   10     13     -3 (VIOLATED)
u_spi_host/fanout434/X                   10     13     -3 (VIOLATED)
u_spi_host/fanout437/X                   10     13     -3 (VIOLATED)
u_spi_host/fanout438/X                   10     13     -3 (VIOLATED)
u_spi_host/fanout439/X                   10     13     -3 (VIOLATED)
u_spi_host/fanout440/X                   10     13     -3 (VIOLATED)
u_spi_host/fanout441/X                   10     13     -3 (VIOLATED)
u_spi_host/fanout446/X                   10     13     -3 (VIOLATED)
u_spi_host/fanout449/X                   10     13     -3 (VIOLATED)
u_spi_host/fanout451/X                   10     13     -3 (VIOLATED)
u_spi_host/fanout453/X                   10     13     -3 (VIOLATED)
u_spi_host/fanout454/X                   10     13     -3 (VIOLATED)
u_spi_host/fanout456/X                   10     13     -3 (VIOLATED)
u_spi_host/fanout458/X                   10     13     -3 (VIOLATED)
u_spi_host/fanout460/X                   10     13     -3 (VIOLATED)
u_spi_host/fanout461/X                   10     13     -3 (VIOLATED)
u_spi_host/fanout463/X                   10     13     -3 (VIOLATED)
u_spi_host/fanout466/X                   10     13     -3 (VIOLATED)
u_spi_host/fanout467/X                   10     13     -3 (VIOLATED)
u_spi_host/fanout470/X                   10     13     -3 (VIOLATED)
u_spi_host/fanout471/X                   10     13     -3 (VIOLATED)
u_spi_host/fanout472/X                   10     13     -3 (VIOLATED)
u_spi_host/fanout473/X                   10     13     -3 (VIOLATED)
u_spi_host/fanout474/X                   10     13     -3 (VIOLATED)
u_spi_host/fanout475/X                   10     13     -3 (VIOLATED)
u_spi_host/fanout476/X                   10     13     -3 (VIOLATED)
u_spi_host/fanout477/X                   10     13     -3 (VIOLATED)
u_spi_host/fanout478/X                   10     13     -3 (VIOLATED)
u_spi_host/fanout479/X                   10     13     -3 (VIOLATED)
u_spi_host/fanout481/X                   10     13     -3 (VIOLATED)
u_spi_host/fanout482/X                   10     13     -3 (VIOLATED)
u_spi_host/fanout485/X                   10     13     -3 (VIOLATED)
u_spi_host/fanout486/X                   10     13     -3 (VIOLATED)
u_spi_host/fanout491/X                   10     13     -3 (VIOLATED)
u_spi_host/fanout493/X                   10     13     -3 (VIOLATED)
u_spi_host/fanout497/X                   10     13     -3 (VIOLATED)
u_spi_host/fanout502/X                   10     13     -3 (VIOLATED)
u_spi_host/fanout503/X                   10     13     -3 (VIOLATED)
u_spi_host/fanout507/X                   10     13     -3 (VIOLATED)
u_spi_host/fanout511/X                   10     13     -3 (VIOLATED)
u_spi_host/fanout513/X                   10     13     -3 (VIOLATED)
u_spi_host/fanout515/X                   10     13     -3 (VIOLATED)
u_spi_host/fanout517/X                   10     13     -3 (VIOLATED)
u_spi_host/fanout563/X                   10     13     -3 (VIOLATED)
u_spi_host/fanout572/X                   10     13     -3 (VIOLATED)
u_spi_host/fanout573/X                   10     13     -3 (VIOLATED)
u_spi_host/fanout575/X                   10     13     -3 (VIOLATED)
u_spi_host/fanout577/X                   10     13     -3 (VIOLATED)
u_spi_host/fanout580/X                   10     13     -3 (VIOLATED)
u_spi_host/fanout588/X                   10     13     -3 (VIOLATED)
u_spi_host/fanout590/X                   10     13     -3 (VIOLATED)
u_spi_host/fanout592/X                   10     13     -3 (VIOLATED)
u_spi_host/fanout593/X                   10     13     -3 (VIOLATED)
u_spi_host/fanout601/X                   10     13     -3 (VIOLATED)
u_spi_host/fanout602/X                   10     13     -3 (VIOLATED)
u_spi_host/fanout621/X                   10     13     -3 (VIOLATED)
u_spi_host/fanout629/X                   10     13     -3 (VIOLATED)
u_spi_host/fanout631/X                   10     13     -3 (VIOLATED)
u_spi_host/fanout636/X                   10     13     -3 (VIOLATED)
u_spi_host/fanout637/X                   10     13     -3 (VIOLATED)
u_spi_host/fanout638/X                   10     13     -3 (VIOLATED)
u_spi_host/fanout639/X                   10     13     -3 (VIOLATED)
u_spi_host/fanout644/X                   10     13     -3 (VIOLATED)
u_spi_host/fanout645/X                   10     13     -3 (VIOLATED)
u_spi_host/fanout648/X                   10     13     -3 (VIOLATED)
u_spi_host/fanout749/X                   10     13     -3 (VIOLATED)
u_spi_host/fanout750/X                   10     13     -3 (VIOLATED)
u_spi_host/fanout753/X                   10     13     -3 (VIOLATED)
u_spi_host/fanout756/X                   10     13     -3 (VIOLATED)
u_spi_host/fanout763/X                   10     13     -3 (VIOLATED)
u_spi_host/fanout834/X                   10     13     -3 (VIOLATED)
u_spi_host/fanout848/X                   10     13     -3 (VIOLATED)
u_spi_host/fanout849/X                   10     13     -3 (VIOLATED)
u_spi_host/fanout857/X                   10     13     -3 (VIOLATED)
u_spi_host/fanout858/X                   10     13     -3 (VIOLATED)
u_spi_host/hold1245/X                    10     13     -3 (VIOLATED)
u_spi_host/hold1372/X                    10     13     -3 (VIOLATED)
u_spi_host/hold1548/X                    10     13     -3 (VIOLATED)
u_uart/_4578_/X                          10     13     -3 (VIOLATED)
u_uart/_5624_/Y                          10     13     -3 (VIOLATED)
u_uart/_5699_/X                          10     13     -3 (VIOLATED)
u_uart/_5942_/X                          10     13     -3 (VIOLATED)
u_uart/_6399_/Y                          10     13     -3 (VIOLATED)
u_uart/_7066_/Q                          10     13     -3 (VIOLATED)
u_uart/_7076_/Q                          10     13     -3 (VIOLATED)
u_uart/_7091_/Q                          10     13     -3 (VIOLATED)
u_uart/clkbuf_4_5__f_clk_i/X             10     13     -3 (VIOLATED)
u_uart/clkbuf_leaf_5_clk_i/X             10     13     -3 (VIOLATED)
u_uart/fanout1001/X                      10     13     -3 (VIOLATED)
u_uart/fanout1003/X                      10     13     -3 (VIOLATED)
u_uart/fanout1005/X                      10     13     -3 (VIOLATED)
u_uart/fanout1006/X                      10     13     -3 (VIOLATED)
u_uart/fanout1011/X                      10     13     -3 (VIOLATED)
u_uart/fanout1014/X                      10     13     -3 (VIOLATED)
u_uart/fanout1015/X                      10     13     -3 (VIOLATED)
u_uart/fanout1022/X                      10     13     -3 (VIOLATED)
u_uart/fanout1031/X                      10     13     -3 (VIOLATED)
u_uart/fanout1041/X                      10     13     -3 (VIOLATED)
u_uart/fanout1047/X                      10     13     -3 (VIOLATED)
u_uart/fanout1049/X                      10     13     -3 (VIOLATED)
u_uart/fanout1056/X                      10     13     -3 (VIOLATED)
u_uart/fanout1062/X                      10     13     -3 (VIOLATED)
u_uart/fanout1063/X                      10     13     -3 (VIOLATED)
u_uart/fanout1066/X                      10     13     -3 (VIOLATED)
u_uart/fanout1069/X                      10     13     -3 (VIOLATED)
u_uart/fanout1070/X                      10     13     -3 (VIOLATED)
u_uart/fanout1072/X                      10     13     -3 (VIOLATED)
u_uart/fanout1077/X                      10     13     -3 (VIOLATED)
u_uart/fanout1079/X                      10     13     -3 (VIOLATED)
u_uart/fanout1080/X                      10     13     -3 (VIOLATED)
u_uart/fanout1084/X                      10     13     -3 (VIOLATED)
u_uart/fanout1089/X                      10     13     -3 (VIOLATED)
u_uart/fanout1090/X                      10     13     -3 (VIOLATED)
u_uart/fanout1103/X                      10     13     -3 (VIOLATED)
u_uart/fanout1105/X                      10     13     -3 (VIOLATED)
u_uart/fanout1109/X                      10     13     -3 (VIOLATED)
u_uart/fanout1111/X                      10     13     -3 (VIOLATED)
u_uart/fanout1150/X                      10     13     -3 (VIOLATED)
u_uart/fanout1173/X                      10     13     -3 (VIOLATED)
u_uart/fanout1179/X                      10     13     -3 (VIOLATED)
u_uart/fanout1194/X                      10     13     -3 (VIOLATED)
u_uart/fanout1196/X                      10     13     -3 (VIOLATED)
u_uart/fanout1206/X                      10     13     -3 (VIOLATED)
u_uart/fanout1210/X                      10     13     -3 (VIOLATED)
u_uart/fanout1216/X                      10     13     -3 (VIOLATED)
u_uart/fanout1223/X                      10     13     -3 (VIOLATED)
u_uart/fanout1227/X                      10     13     -3 (VIOLATED)
u_uart/fanout1229/X                      10     13     -3 (VIOLATED)
u_uart/fanout1234/X                      10     13     -3 (VIOLATED)
u_uart/fanout1235/X                      10     13     -3 (VIOLATED)
u_uart/fanout1237/X                      10     13     -3 (VIOLATED)
u_uart/fanout1241/X                      10     13     -3 (VIOLATED)
u_uart/fanout1244/X                      10     13     -3 (VIOLATED)
u_uart/fanout1248/X                      10     13     -3 (VIOLATED)
u_uart/fanout1249/X                      10     13     -3 (VIOLATED)
u_uart/fanout1250/X                      10     13     -3 (VIOLATED)
u_uart/fanout1252/X                      10     13     -3 (VIOLATED)
u_uart/fanout1254/X                      10     13     -3 (VIOLATED)
u_uart/fanout1257/X                      10     13     -3 (VIOLATED)
u_uart/fanout1260/X                      10     13     -3 (VIOLATED)
u_uart/fanout1262/X                      10     13     -3 (VIOLATED)
u_uart/fanout1263/X                      10     13     -3 (VIOLATED)
u_uart/fanout1266/X                      10     13     -3 (VIOLATED)
u_uart/fanout1268/X                      10     13     -3 (VIOLATED)
u_uart/fanout1271/X                      10     13     -3 (VIOLATED)
u_uart/fanout1275/X                      10     13     -3 (VIOLATED)
u_uart/fanout1277/X                      10     13     -3 (VIOLATED)
u_uart/fanout1278/X                      10     13     -3 (VIOLATED)
u_uart/fanout1279/X                      10     13     -3 (VIOLATED)
u_uart/fanout1284/X                      10     13     -3 (VIOLATED)
u_uart/fanout1286/X                      10     13     -3 (VIOLATED)
u_uart/fanout1287/X                      10     13     -3 (VIOLATED)
u_uart/fanout1290/X                      10     13     -3 (VIOLATED)
u_uart/fanout1322/X                      10     13     -3 (VIOLATED)
u_uart/fanout1326/X                      10     13     -3 (VIOLATED)
u_uart/fanout1335/X                      10     13     -3 (VIOLATED)
u_uart/fanout1340/X                      10     13     -3 (VIOLATED)
u_uart/fanout1345/X                      10     13     -3 (VIOLATED)
u_uart/fanout1346/X                      10     13     -3 (VIOLATED)
u_uart/fanout1347/X                      10     13     -3 (VIOLATED)
u_uart/fanout1349/X                      10     13     -3 (VIOLATED)
u_uart/fanout1350/X                      10     13     -3 (VIOLATED)
u_uart/fanout1351/X                      10     13     -3 (VIOLATED)
u_uart/fanout1353/X                      10     13     -3 (VIOLATED)
u_uart/fanout1360/X                      10     13     -3 (VIOLATED)
u_uart/fanout1374/X                      10     13     -3 (VIOLATED)
u_uart/fanout1381/X                      10     13     -3 (VIOLATED)
u_uart/fanout1385/X                      10     13     -3 (VIOLATED)
u_uart/fanout1389/X                      10     13     -3 (VIOLATED)
u_uart/fanout1418/X                      10     13     -3 (VIOLATED)
u_uart/fanout1419/X                      10     13     -3 (VIOLATED)
u_uart/fanout1469/X                      10     13     -3 (VIOLATED)
u_uart/fanout1503/X                      10     13     -3 (VIOLATED)
u_uart/fanout202/X                       10     13     -3 (VIOLATED)
u_uart/fanout220/X                       10     13     -3 (VIOLATED)
u_uart/fanout222/X                       10     13     -3 (VIOLATED)
u_uart/fanout224/X                       10     13     -3 (VIOLATED)
u_uart/fanout225/X                       10     13     -3 (VIOLATED)
u_uart/fanout226/X                       10     13     -3 (VIOLATED)
u_uart/fanout227/X                       10     13     -3 (VIOLATED)
u_uart/fanout228/X                       10     13     -3 (VIOLATED)
u_uart/fanout229/X                       10     13     -3 (VIOLATED)
u_uart/fanout230/X                       10     13     -3 (VIOLATED)
u_uart/fanout231/X                       10     13     -3 (VIOLATED)
u_uart/fanout232/X                       10     13     -3 (VIOLATED)
u_uart/fanout233/X                       10     13     -3 (VIOLATED)
u_uart/fanout236/X                       10     13     -3 (VIOLATED)
u_uart/fanout238/X                       10     13     -3 (VIOLATED)
u_uart/fanout239/X                       10     13     -3 (VIOLATED)
u_uart/fanout240/X                       10     13     -3 (VIOLATED)
u_uart/fanout241/X                       10     13     -3 (VIOLATED)
u_uart/fanout242/X                       10     13     -3 (VIOLATED)
u_uart/fanout243/X                       10     13     -3 (VIOLATED)
u_uart/fanout244/X                       10     13     -3 (VIOLATED)
u_uart/fanout245/X                       10     13     -3 (VIOLATED)
u_uart/fanout246/X                       10     13     -3 (VIOLATED)
u_uart/fanout247/X                       10     13     -3 (VIOLATED)
u_uart/fanout248/X                       10     13     -3 (VIOLATED)
u_uart/fanout249/X                       10     13     -3 (VIOLATED)
u_uart/fanout250/X                       10     13     -3 (VIOLATED)
u_uart/fanout251/X                       10     13     -3 (VIOLATED)
u_uart/fanout252/X                       10     13     -3 (VIOLATED)
u_uart/fanout253/X                       10     13     -3 (VIOLATED)
u_uart/fanout254/X                       10     13     -3 (VIOLATED)
u_uart/fanout255/X                       10     13     -3 (VIOLATED)
u_uart/fanout256/X                       10     13     -3 (VIOLATED)
u_uart/fanout257/X                       10     13     -3 (VIOLATED)
u_uart/fanout258/X                       10     13     -3 (VIOLATED)
u_uart/fanout259/X                       10     13     -3 (VIOLATED)
u_uart/fanout260/X                       10     13     -3 (VIOLATED)
u_uart/fanout261/X                       10     13     -3 (VIOLATED)
u_uart/fanout263/X                       10     13     -3 (VIOLATED)
u_uart/fanout264/X                       10     13     -3 (VIOLATED)
u_uart/fanout268/X                       10     13     -3 (VIOLATED)
u_uart/fanout269/X                       10     13     -3 (VIOLATED)
u_uart/fanout270/X                       10     13     -3 (VIOLATED)
u_uart/fanout271/X                       10     13     -3 (VIOLATED)
u_uart/fanout298/X                       10     13     -3 (VIOLATED)
u_uart/fanout300/X                       10     13     -3 (VIOLATED)
u_uart/fanout301/X                       10     13     -3 (VIOLATED)
u_uart/fanout305/X                       10     13     -3 (VIOLATED)
u_uart/fanout306/X                       10     13     -3 (VIOLATED)
u_uart/fanout307/X                       10     13     -3 (VIOLATED)
u_uart/fanout308/X                       10     13     -3 (VIOLATED)
u_uart/fanout309/X                       10     13     -3 (VIOLATED)
u_uart/fanout310/X                       10     13     -3 (VIOLATED)
u_uart/fanout311/X                       10     13     -3 (VIOLATED)
u_uart/fanout312/X                       10     13     -3 (VIOLATED)
u_uart/fanout313/X                       10     13     -3 (VIOLATED)
u_uart/fanout314/X                       10     13     -3 (VIOLATED)
u_uart/fanout315/X                       10     13     -3 (VIOLATED)
u_uart/fanout316/X                       10     13     -3 (VIOLATED)
u_uart/fanout317/X                       10     13     -3 (VIOLATED)
u_uart/fanout318/X                       10     13     -3 (VIOLATED)
u_uart/fanout321/X                       10     13     -3 (VIOLATED)
u_uart/fanout324/X                       10     13     -3 (VIOLATED)
u_uart/fanout329/X                       10     13     -3 (VIOLATED)
u_uart/fanout331/X                       10     13     -3 (VIOLATED)
u_uart/fanout336/X                       10     13     -3 (VIOLATED)
u_uart/fanout339/X                       10     13     -3 (VIOLATED)
u_uart/fanout356/X                       10     13     -3 (VIOLATED)
u_uart/fanout366/X                       10     13     -3 (VIOLATED)
u_uart/fanout367/X                       10     13     -3 (VIOLATED)
u_uart/fanout368/X                       10     13     -3 (VIOLATED)
u_uart/fanout370/X                       10     13     -3 (VIOLATED)
u_uart/fanout371/X                       10     13     -3 (VIOLATED)
u_uart/fanout372/X                       10     13     -3 (VIOLATED)
u_uart/fanout373/X                       10     13     -3 (VIOLATED)
u_uart/fanout375/X                       10     13     -3 (VIOLATED)
u_uart/fanout376/X                       10     13     -3 (VIOLATED)
u_uart/fanout377/X                       10     13     -3 (VIOLATED)
u_uart/fanout379/X                       10     13     -3 (VIOLATED)
u_uart/fanout380/X                       10     13     -3 (VIOLATED)
u_uart/fanout382/X                       10     13     -3 (VIOLATED)
u_uart/fanout401/X                       10     13     -3 (VIOLATED)
u_uart/fanout403/X                       10     13     -3 (VIOLATED)
u_uart/fanout414/X                       10     13     -3 (VIOLATED)
u_uart/fanout415/X                       10     13     -3 (VIOLATED)
u_uart/fanout416/X                       10     13     -3 (VIOLATED)
u_uart/fanout429/X                       10     13     -3 (VIOLATED)
u_uart/fanout440/X                       10     13     -3 (VIOLATED)
u_uart/fanout441/X                       10     13     -3 (VIOLATED)
u_uart/fanout451/X                       10     13     -3 (VIOLATED)
u_uart/fanout454/X                       10     13     -3 (VIOLATED)
u_uart/fanout459/X                       10     13     -3 (VIOLATED)
u_uart/fanout464/X                       10     13     -3 (VIOLATED)
u_uart/fanout475/X                       10     13     -3 (VIOLATED)
u_uart/fanout478/X                       10     13     -3 (VIOLATED)
u_uart/fanout481/X                       10     13     -3 (VIOLATED)
u_uart/fanout487/X                       10     13     -3 (VIOLATED)
u_uart/fanout491/X                       10     13     -3 (VIOLATED)
u_uart/fanout495/X                       10     13     -3 (VIOLATED)
u_uart/fanout517/X                       10     13     -3 (VIOLATED)
u_uart/fanout523/X                       10     13     -3 (VIOLATED)
u_uart/fanout525/X                       10     13     -3 (VIOLATED)
u_uart/fanout536/X                       10     13     -3 (VIOLATED)
u_uart/fanout550/X                       10     13     -3 (VIOLATED)
u_uart/fanout551/X                       10     13     -3 (VIOLATED)
u_uart/fanout556/X                       10     13     -3 (VIOLATED)
u_uart/fanout559/X                       10     13     -3 (VIOLATED)
u_uart/fanout573/X                       10     13     -3 (VIOLATED)
u_uart/fanout580/X                       10     13     -3 (VIOLATED)
u_uart/fanout581/X                       10     13     -3 (VIOLATED)
u_uart/fanout585/X                       10     13     -3 (VIOLATED)
u_uart/fanout587/X                       10     13     -3 (VIOLATED)
u_uart/fanout588/X                       10     13     -3 (VIOLATED)
u_uart/fanout598/X                       10     13     -3 (VIOLATED)
u_uart/fanout599/X                       10     13     -3 (VIOLATED)
u_uart/fanout607/X                       10     13     -3 (VIOLATED)
u_uart/fanout625/X                       10     13     -3 (VIOLATED)
u_uart/fanout626/X                       10     13     -3 (VIOLATED)
u_uart/fanout628/X                       10     13     -3 (VIOLATED)
u_uart/fanout630/X                       10     13     -3 (VIOLATED)
u_uart/fanout632/X                       10     13     -3 (VIOLATED)
u_uart/fanout634/X                       10     13     -3 (VIOLATED)
u_uart/fanout635/X                       10     13     -3 (VIOLATED)
u_uart/fanout637/X                       10     13     -3 (VIOLATED)
u_uart/fanout644/X                       10     13     -3 (VIOLATED)
u_uart/fanout647/X                       10     13     -3 (VIOLATED)
u_uart/fanout656/X                       10     13     -3 (VIOLATED)
u_uart/fanout658/X                       10     13     -3 (VIOLATED)
u_uart/fanout661/X                       10     13     -3 (VIOLATED)
u_uart/fanout665/X                       10     13     -3 (VIOLATED)
u_uart/fanout668/X                       10     13     -3 (VIOLATED)
u_uart/fanout670/X                       10     13     -3 (VIOLATED)
u_uart/fanout671/X                       10     13     -3 (VIOLATED)
u_uart/fanout672/X                       10     13     -3 (VIOLATED)
u_uart/fanout673/X                       10     13     -3 (VIOLATED)
u_uart/fanout674/X                       10     13     -3 (VIOLATED)
u_uart/fanout675/X                       10     13     -3 (VIOLATED)
u_uart/fanout676/X                       10     13     -3 (VIOLATED)
u_uart/fanout677/X                       10     13     -3 (VIOLATED)
u_uart/fanout679/X                       10     13     -3 (VIOLATED)
u_uart/fanout680/X                       10     13     -3 (VIOLATED)
u_uart/fanout699/X                       10     13     -3 (VIOLATED)
u_uart/fanout700/X                       10     13     -3 (VIOLATED)
u_uart/fanout703/X                       10     13     -3 (VIOLATED)
u_uart/fanout705/X                       10     13     -3 (VIOLATED)
u_uart/fanout710/X                       10     13     -3 (VIOLATED)
u_uart/fanout713/X                       10     13     -3 (VIOLATED)
u_uart/fanout716/X                       10     13     -3 (VIOLATED)
u_uart/fanout717/X                       10     13     -3 (VIOLATED)
u_uart/fanout719/X                       10     13     -3 (VIOLATED)
u_uart/fanout720/X                       10     13     -3 (VIOLATED)
u_uart/fanout722/X                       10     13     -3 (VIOLATED)
u_uart/fanout723/X                       10     13     -3 (VIOLATED)
u_uart/fanout726/X                       10     13     -3 (VIOLATED)
u_uart/fanout728/X                       10     13     -3 (VIOLATED)
u_uart/fanout734/X                       10     13     -3 (VIOLATED)
u_uart/fanout735/X                       10     13     -3 (VIOLATED)
u_uart/fanout737/X                       10     13     -3 (VIOLATED)
u_uart/fanout740/X                       10     13     -3 (VIOLATED)
u_uart/fanout746/X                       10     13     -3 (VIOLATED)
u_uart/fanout749/X                       10     13     -3 (VIOLATED)
u_uart/fanout751/X                       10     13     -3 (VIOLATED)
u_uart/fanout760/X                       10     13     -3 (VIOLATED)
u_uart/fanout761/X                       10     13     -3 (VIOLATED)
u_uart/fanout764/X                       10     13     -3 (VIOLATED)
u_uart/fanout765/X                       10     13     -3 (VIOLATED)
u_uart/fanout768/X                       10     13     -3 (VIOLATED)
u_uart/fanout769/X                       10     13     -3 (VIOLATED)
u_uart/fanout771/X                       10     13     -3 (VIOLATED)
u_uart/fanout772/X                       10     13     -3 (VIOLATED)
u_uart/fanout777/X                       10     13     -3 (VIOLATED)
u_uart/fanout781/X                       10     13     -3 (VIOLATED)
u_uart/fanout786/X                       10     13     -3 (VIOLATED)
u_uart/fanout791/X                       10     13     -3 (VIOLATED)
u_uart/fanout798/X                       10     13     -3 (VIOLATED)
u_uart/fanout799/X                       10     13     -3 (VIOLATED)
u_uart/fanout804/X                       10     13     -3 (VIOLATED)
u_uart/fanout807/X                       10     13     -3 (VIOLATED)
u_uart/fanout809/X                       10     13     -3 (VIOLATED)
u_uart/fanout811/X                       10     13     -3 (VIOLATED)
u_uart/fanout813/X                       10     13     -3 (VIOLATED)
u_uart/fanout821/X                       10     13     -3 (VIOLATED)
u_uart/fanout827/X                       10     13     -3 (VIOLATED)
u_uart/fanout828/X                       10     13     -3 (VIOLATED)
u_uart/fanout834/X                       10     13     -3 (VIOLATED)
u_uart/fanout837/X                       10     13     -3 (VIOLATED)
u_uart/fanout840/X                       10     13     -3 (VIOLATED)
u_uart/fanout841/X                       10     13     -3 (VIOLATED)
u_uart/fanout843/X                       10     13     -3 (VIOLATED)
u_uart/fanout846/X                       10     13     -3 (VIOLATED)
u_uart/fanout847/X                       10     13     -3 (VIOLATED)
u_uart/fanout852/X                       10     13     -3 (VIOLATED)
u_uart/fanout856/X                       10     13     -3 (VIOLATED)
u_uart/fanout857/X                       10     13     -3 (VIOLATED)
u_uart/fanout858/X                       10     13     -3 (VIOLATED)
u_uart/fanout861/X                       10     13     -3 (VIOLATED)
u_uart/fanout863/X                       10     13     -3 (VIOLATED)
u_uart/fanout864/X                       10     13     -3 (VIOLATED)
u_uart/fanout866/X                       10     13     -3 (VIOLATED)
u_uart/fanout868/X                       10     13     -3 (VIOLATED)
u_uart/fanout869/X                       10     13     -3 (VIOLATED)
u_uart/fanout870/X                       10     13     -3 (VIOLATED)
u_uart/fanout871/X                       10     13     -3 (VIOLATED)
u_uart/fanout879/X                       10     13     -3 (VIOLATED)
u_uart/fanout884/X                       10     13     -3 (VIOLATED)
u_uart/fanout885/X                       10     13     -3 (VIOLATED)
u_uart/fanout886/X                       10     13     -3 (VIOLATED)
u_uart/fanout893/X                       10     13     -3 (VIOLATED)
u_uart/fanout894/X                       10     13     -3 (VIOLATED)
u_uart/fanout897/X                       10     13     -3 (VIOLATED)
u_uart/fanout898/X                       10     13     -3 (VIOLATED)
u_uart/fanout901/X                       10     13     -3 (VIOLATED)
u_uart/fanout906/X                       10     13     -3 (VIOLATED)
u_uart/fanout908/X                       10     13     -3 (VIOLATED)
u_uart/fanout910/X                       10     13     -3 (VIOLATED)
u_uart/fanout912/X                       10     13     -3 (VIOLATED)
u_uart/fanout914/X                       10     13     -3 (VIOLATED)
u_uart/fanout916/X                       10     13     -3 (VIOLATED)
u_uart/fanout918/X                       10     13     -3 (VIOLATED)
u_uart/fanout921/X                       10     13     -3 (VIOLATED)
u_uart/fanout923/X                       10     13     -3 (VIOLATED)
u_uart/fanout924/X                       10     13     -3 (VIOLATED)
u_uart/fanout931/X                       10     13     -3 (VIOLATED)
u_uart/fanout936/X                       10     13     -3 (VIOLATED)
u_uart/fanout937/X                       10     13     -3 (VIOLATED)
u_uart/fanout938/X                       10     13     -3 (VIOLATED)
u_uart/fanout943/X                       10     13     -3 (VIOLATED)
u_uart/fanout947/X                       10     13     -3 (VIOLATED)
u_uart/fanout962/X                       10     13     -3 (VIOLATED)
u_uart/fanout964/X                       10     13     -3 (VIOLATED)
u_uart/fanout966/X                       10     13     -3 (VIOLATED)
u_uart/fanout967/X                       10     13     -3 (VIOLATED)
u_uart/fanout976/X                       10     13     -3 (VIOLATED)
u_uart/fanout981/X                       10     13     -3 (VIOLATED)
u_uart/fanout985/X                       10     13     -3 (VIOLATED)
u_uart/fanout988/X                       10     13     -3 (VIOLATED)
u_uart/fanout991/X                       10     13     -3 (VIOLATED)
u_uart/fanout992/X                       10     13     -3 (VIOLATED)
u_uart/fanout994/X                       10     13     -3 (VIOLATED)
u_uart/fanout999/X                       10     13     -3 (VIOLATED)
u_uart/hold1620/X                        10     13     -3 (VIOLATED)
u_uart/hold2121/X                        10     13     -3 (VIOLATED)
u_uart/hold2297/X                        10     13     -3 (VIOLATED)
u_uart/hold2301/X                        10     13     -3 (VIOLATED)
u_uart/hold2312/X                        10     13     -3 (VIOLATED)
u_uart/hold2325/X                        10     13     -3 (VIOLATED)
u_uart/hold2339/X                        10     13     -3 (VIOLATED)
u_uart/hold2348/X                        10     13     -3 (VIOLATED)
u_uart/hold2353/X                        10     13     -3 (VIOLATED)
u_uart/hold2368/X                        10     13     -3 (VIOLATED)
u_uart/hold2409/X                        10     13     -3 (VIOLATED)
u_uart/hold2524/X                        10     13     -3 (VIOLATED)
u_uart/hold5946/X                        10     13     -3 (VIOLATED)
u_uart/input92/X                         10     13     -3 (VIOLATED)
u_uart/input98/X                         10     13     -3 (VIOLATED)
u_xbar/fanout1333/X                      10     13     -3 (VIOLATED)
u_xbar/fanout1352/X                      10     13     -3 (VIOLATED)
u_xbar/fanout1353/X                      10     13     -3 (VIOLATED)
u_xbar/fanout1354/X                      10     13     -3 (VIOLATED)
u_xbar/fanout1355/X                      10     13     -3 (VIOLATED)
u_xbar/fanout1357/X                      10     13     -3 (VIOLATED)
u_xbar/fanout1361/X                      10     13     -3 (VIOLATED)
u_xbar/fanout1362/X                      10     13     -3 (VIOLATED)
u_xbar/fanout1363/X                      10     13     -3 (VIOLATED)
u_xbar/fanout1364/X                      10     13     -3 (VIOLATED)
u_xbar/fanout1365/X                      10     13     -3 (VIOLATED)
u_xbar/fanout1366/X                      10     13     -3 (VIOLATED)
u_xbar/fanout1372/X                      10     13     -3 (VIOLATED)
u_xbar/fanout1373/X                      10     13     -3 (VIOLATED)
u_xbar/fanout1374/X                      10     13     -3 (VIOLATED)
u_xbar/fanout1375/X                      10     13     -3 (VIOLATED)
u_xbar/fanout1377/X                      10     13     -3 (VIOLATED)
u_xbar/fanout1380/X                      10     13     -3 (VIOLATED)
u_xbar/fanout1382/X                      10     13     -3 (VIOLATED)
u_xbar/fanout1383/X                      10     13     -3 (VIOLATED)
u_xbar/fanout1407/X                      10     13     -3 (VIOLATED)
u_xbar/fanout1425/X                      10     13     -3 (VIOLATED)
u_xbar/fanout1426/X                      10     13     -3 (VIOLATED)
u_xbar/fanout1427/X                      10     13     -3 (VIOLATED)
u_xbar/fanout1429/X                      10     13     -3 (VIOLATED)
u_xbar/fanout1432/X                      10     13     -3 (VIOLATED)
u_xbar/fanout1435/X                      10     13     -3 (VIOLATED)
u_xbar/fanout1437/X                      10     13     -3 (VIOLATED)
u_xbar/fanout1440/X                      10     13     -3 (VIOLATED)
u_xbar/fanout1442/X                      10     13     -3 (VIOLATED)
u_xbar/fanout1444/X                      10     13     -3 (VIOLATED)
u_xbar/fanout1446/X                      10     13     -3 (VIOLATED)
u_xbar/fanout1448/X                      10     13     -3 (VIOLATED)
u_xbar/fanout1468/X                      10     13     -3 (VIOLATED)
u_xbar/fanout1470/X                      10     13     -3 (VIOLATED)
u_xbar/fanout1471/X                      10     13     -3 (VIOLATED)
u_xbar/fanout1473/X                      10     13     -3 (VIOLATED)
u_xbar/fanout1477/X                      10     13     -3 (VIOLATED)
u_xbar/fanout1478/X                      10     13     -3 (VIOLATED)
u_xbar/fanout1479/X                      10     13     -3 (VIOLATED)
u_xbar/fanout1481/X                      10     13     -3 (VIOLATED)
u_xbar/fanout1483/X                      10     13     -3 (VIOLATED)
u_xbar/fanout1487/X                      10     13     -3 (VIOLATED)
u_xbar/fanout1489/X                      10     13     -3 (VIOLATED)
u_xbar/fanout1491/X                      10     13     -3 (VIOLATED)
u_xbar/fanout1493/X                      10     13     -3 (VIOLATED)
u_xbar/fanout1513/X                      10     13     -3 (VIOLATED)
u_xbar/fanout1515/X                      10     13     -3 (VIOLATED)
u_xbar/fanout1517/X                      10     13     -3 (VIOLATED)
u_xbar/fanout1519/X                      10     13     -3 (VIOLATED)
u_xbar/fanout1521/X                      10     13     -3 (VIOLATED)
u_xbar/fanout1523/X                      10     13     -3 (VIOLATED)
u_xbar/fanout1525/X                      10     13     -3 (VIOLATED)
u_xbar/fanout1528/X                      10     13     -3 (VIOLATED)
u_xbar/fanout1531/X                      10     13     -3 (VIOLATED)
u_xbar/fanout1533/X                      10     13     -3 (VIOLATED)
u_xbar/fanout1537/X                      10     13     -3 (VIOLATED)
u_xbar/fanout1539/X                      10     13     -3 (VIOLATED)
u_xbar/fanout1545/X                      10     13     -3 (VIOLATED)
u_xbar/fanout1546/X                      10     13     -3 (VIOLATED)
u_xbar/fanout1547/X                      10     13     -3 (VIOLATED)
u_xbar/fanout1548/X                      10     13     -3 (VIOLATED)
u_xbar/fanout1551/X                      10     13     -3 (VIOLATED)
u_xbar/fanout1552/X                      10     13     -3 (VIOLATED)
u_xbar/fanout1553/X                      10     13     -3 (VIOLATED)
u_xbar/fanout1555/X                      10     13     -3 (VIOLATED)
u_xbar/fanout1556/X                      10     13     -3 (VIOLATED)
u_xbar/fanout1558/X                      10     13     -3 (VIOLATED)
u_xbar/fanout1560/X                      10     13     -3 (VIOLATED)
u_xbar/fanout1562/X                      10     13     -3 (VIOLATED)
u_xbar/fanout1564/X                      10     13     -3 (VIOLATED)
u_xbar/fanout1565/X                      10     13     -3 (VIOLATED)
u_xbar/fanout1567/X                      10     13     -3 (VIOLATED)
u_xbar/fanout1571/X                      10     13     -3 (VIOLATED)
u_xbar/fanout1574/X                      10     13     -3 (VIOLATED)
u_xbar/fanout1578/X                      10     13     -3 (VIOLATED)
u_xbar/fanout1581/X                      10     13     -3 (VIOLATED)
u_xbar/fanout1583/X                      10     13     -3 (VIOLATED)
u_xbar/fanout1585/X                      10     13     -3 (VIOLATED)
u_xbar/fanout1587/X                      10     13     -3 (VIOLATED)
u_xbar/fanout1590/X                      10     13     -3 (VIOLATED)
u_xbar/fanout1598/X                      10     13     -3 (VIOLATED)
u_xbar/fanout1653/X                      10     13     -3 (VIOLATED)
u_xbar/fanout1654/X                      10     13     -3 (VIOLATED)
u_xbar/fanout1655/X                      10     13     -3 (VIOLATED)
u_xbar/fanout1656/X                      10     13     -3 (VIOLATED)
u_xbar/fanout1657/X                      10     13     -3 (VIOLATED)
u_dm/_05557_/X                           10     12     -2 (VIOLATED)
u_dm/_06731_/X                           10     12     -2 (VIOLATED)
u_dm/clkbuf_leaf_1_clk_i/X               10     12     -2 (VIOLATED)
u_dm/clkbuf_leaf_44_clk_i/X              10     12     -2 (VIOLATED)
u_dm/fanout2252/X                        10     12     -2 (VIOLATED)
u_dm/fanout924/X                         10     12     -2 (VIOLATED)
u_dm/hold1736/X                          10     12     -2 (VIOLATED)
u_dm/hold1820/X                          10     12     -2 (VIOLATED)
u_fft/fanout1616/X                       10     12     -2 (VIOLATED)
u_spi_host/clkbuf_leaf_23_clk_i/X        10     12     -2 (VIOLATED)
u_spi_host/clkbuf_leaf_31_clk_i/X        10     12     -2 (VIOLATED)
u_spi_host/clkbuf_leaf_40_clk_i/X        10     12     -2 (VIOLATED)
u_spi_host/clkbuf_leaf_44_clk_i/X        10     12     -2 (VIOLATED)
u_spi_host/clkbuf_leaf_47_clk_i/X        10     12     -2 (VIOLATED)
u_spi_host/clkbuf_leaf_63_clk_i/X        10     12     -2 (VIOLATED)
u_spi_host/clkbuf_leaf_78_clk_i/X        10     12     -2 (VIOLATED)
u_spi_host/clkbuf_leaf_7_clk_i/X         10     12     -2 (VIOLATED)
u_spi_host/fanout410/X                   10     12     -2 (VIOLATED)
u_uart/_7080_/Q                          10     12     -2 (VIOLATED)
u_uart/_7089_/Q                          10     12     -2 (VIOLATED)
u_uart/clkbuf_leaf_110_clk_i/X           10     12     -2 (VIOLATED)
u_uart/clkbuf_leaf_128_clk_i/X           10     12     -2 (VIOLATED)
u_uart/clkbuf_leaf_16_clk_i/X            10     12     -2 (VIOLATED)
u_uart/clkbuf_leaf_22_clk_i/X            10     12     -2 (VIOLATED)
u_uart/clkbuf_leaf_27_clk_i/X            10     12     -2 (VIOLATED)
u_uart/clkbuf_leaf_32_clk_i/X            10     12     -2 (VIOLATED)
u_uart/clkbuf_leaf_86_clk_i/X            10     12     -2 (VIOLATED)
u_uart/fanout1122/X                      10     12     -2 (VIOLATED)
u_uart/fanout1476/X                      10     12     -2 (VIOLATED)
u_uart/fanout209/X                       10     12     -2 (VIOLATED)
u_uart/fanout458/X                       10     12     -2 (VIOLATED)
u_uart/fanout961/X                       10     12     -2 (VIOLATED)
u_dm/_04462_/X                           10     11        (VIOLATED)
u_dm/_05119_/X                           10     11        (VIOLATED)
u_dm/_05456_/X                           10     11        (VIOLATED)
u_dm/_05470_/X                           10     11        (VIOLATED)
u_dm/_05495_/X                           10     11        (VIOLATED)
u_dm/_05526_/X                           10     11        (VIOLATED)
u_dm/_05538_/X                           10     11        (VIOLATED)
u_dm/_05585_/X                           10     11        (VIOLATED)
u_dm/_06735_/X                           10     11        (VIOLATED)
u_dm/_06922_/X                           10     11        (VIOLATED)
u_dm/_07001_/Y                           10     11        (VIOLATED)
u_dm/_09059_/Q                           10     11        (VIOLATED)
u_dm/_09065_/Q                           10     11        (VIOLATED)
u_dm/_09089_/Q                           10     11        (VIOLATED)
u_dm/_09111_/Q                           10     11        (VIOLATED)
u_dm/_09248_/Q                           10     11        (VIOLATED)
u_dm/_09266_/Q                           10     11        (VIOLATED)
u_dm/_09268_/Q                           10     11        (VIOLATED)
u_dm/_09269_/Q                           10     11        (VIOLATED)
u_dm/clkbuf_leaf_37_clk_i/X              10     11        (VIOLATED)
u_dm/clkbuf_leaf_42_clk_i/X              10     11        (VIOLATED)
u_dm/clkbuf_leaf_54_clk_i/X              10     11        (VIOLATED)
u_dm/clkbuf_leaf_96_clk_i/X              10     11        (VIOLATED)
u_dm/fanout1012/X                        10     11        (VIOLATED)
u_dm/fanout1016/X                        10     11        (VIOLATED)
u_dm/fanout1051/X                        10     11        (VIOLATED)
u_dm/fanout1092/X                        10     11        (VIOLATED)
u_dm/fanout1145/X                        10     11        (VIOLATED)
u_dm/fanout1226/X                        10     11        (VIOLATED)
u_dm/fanout1229/X                        10     11        (VIOLATED)
u_dm/fanout1245/X                        10     11        (VIOLATED)
u_dm/fanout1258/X                        10     11        (VIOLATED)
u_dm/fanout1259/X                        10     11        (VIOLATED)
u_dm/fanout1270/X                        10     11        (VIOLATED)
u_dm/fanout1297/X                        10     11        (VIOLATED)
u_dm/fanout1299/X                        10     11        (VIOLATED)
u_dm/fanout1308/X                        10     11        (VIOLATED)
u_dm/fanout1316/X                        10     11        (VIOLATED)
u_dm/fanout1323/X                        10     11        (VIOLATED)
u_dm/fanout1333/X                        10     11        (VIOLATED)
u_dm/fanout1357/X                        10     11        (VIOLATED)
u_dm/fanout1460/X                        10     11        (VIOLATED)
u_dm/fanout1523/X                        10     11        (VIOLATED)
u_dm/fanout1698/X                        10     11        (VIOLATED)
u_dm/fanout1725/X                        10     11        (VIOLATED)
u_dm/fanout1779/X                        10     11        (VIOLATED)
u_dm/fanout1822/X                        10     11        (VIOLATED)
u_dm/fanout1911/X                        10     11        (VIOLATED)
u_dm/fanout1928/X                        10     11        (VIOLATED)
u_dm/fanout2051/X                        10     11        (VIOLATED)
u_dm/fanout2081/X                        10     11        (VIOLATED)
u_dm/fanout2112/X                        10     11        (VIOLATED)
u_dm/fanout2115/X                        10     11        (VIOLATED)
u_dm/fanout2121/X                        10     11        (VIOLATED)
u_dm/fanout2131/X                        10     11        (VIOLATED)
u_dm/fanout2301/X                        10     11        (VIOLATED)
u_dm/fanout2335/X                        10     11        (VIOLATED)
u_dm/fanout2421/X                        10     11        (VIOLATED)
u_dm/fanout321/X                         10     11        (VIOLATED)
u_dm/fanout342/X                         10     11        (VIOLATED)
u_dm/fanout416/X                         10     11        (VIOLATED)
u_dm/fanout437/X                         10     11        (VIOLATED)
u_dm/fanout585/X                         10     11        (VIOLATED)
u_dm/fanout607/X                         10     11        (VIOLATED)
u_dm/fanout609/X                         10     11        (VIOLATED)
u_dm/fanout620/X                         10     11        (VIOLATED)
u_dm/fanout636/X                         10     11        (VIOLATED)
u_dm/fanout646/X                         10     11        (VIOLATED)
u_dm/fanout694/X                         10     11        (VIOLATED)
u_dm/fanout733/X                         10     11        (VIOLATED)
u_dm/fanout765/X                         10     11        (VIOLATED)
u_dm/fanout774/X                         10     11        (VIOLATED)
u_dm/fanout779/X                         10     11        (VIOLATED)
u_dm/fanout780/X                         10     11        (VIOLATED)
u_dm/fanout836/X                         10     11        (VIOLATED)
u_dm/fanout839/X                         10     11        (VIOLATED)
u_dm/fanout878/X                         10     11        (VIOLATED)
u_dm/fanout909/X                         10     11        (VIOLATED)
u_dm/fanout923/X                         10     11        (VIOLATED)
u_dm/fanout932/X                         10     11        (VIOLATED)
u_dm/fanout940/X                         10     11        (VIOLATED)
u_dm/fanout984/X                         10     11        (VIOLATED)
u_dm/hold1339/X                          10     11        (VIOLATED)
u_dm/hold1524/X                          10     11        (VIOLATED)
u_dm/hold1598/X                          10     11        (VIOLATED)
u_dm/hold1639/X                          10     11        (VIOLATED)
u_dm/hold1660/X                          10     11        (VIOLATED)
u_dm/hold1713/X                          10     11        (VIOLATED)
u_dm/hold1730/X                          10     11        (VIOLATED)
u_dm/hold1733/X                          10     11        (VIOLATED)
u_dm/hold1750/X                          10     11        (VIOLATED)
u_dm/hold1755/X                          10     11        (VIOLATED)
u_dm/hold1762/X                          10     11        (VIOLATED)
u_dm/hold1799/X                          10     11        (VIOLATED)
u_dm/hold1827/X                          10     11        (VIOLATED)
u_dm/hold1908/X                          10     11        (VIOLATED)
u_dm/hold1945/X                          10     11        (VIOLATED)
u_dm/hold1947/X                          10     11        (VIOLATED)
u_dm/hold1968/X                          10     11        (VIOLATED)
u_dm/hold1990/X                          10     11        (VIOLATED)
u_dm/hold2010/X                          10     11        (VIOLATED)
u_dm/hold2110/X                          10     11        (VIOLATED)
u_dm/hold2132/X                          10     11        (VIOLATED)
u_dm/hold2180/X                          10     11        (VIOLATED)
u_dm/input2/X                            10     11        (VIOLATED)
u_fft/_06074_/Y                          10     11        (VIOLATED)
u_fft/_06082_/Y                          10     11        (VIOLATED)
u_fft/_07374_/Y                          10     11        (VIOLATED)
u_fft/_07557_/X                          10     11        (VIOLATED)
u_fft/_07576_/Y                          10     11        (VIOLATED)
u_fft/_07594_/Y                          10     11        (VIOLATED)
u_fft/_07782_/Y                          10     11        (VIOLATED)
u_fft/_07874_/X                          10     11        (VIOLATED)
u_fft/_07903_/X                          10     11        (VIOLATED)
u_fft/_07924_/Y                          10     11        (VIOLATED)
u_fft/_07938_/Y                          10     11        (VIOLATED)
u_fft/_08126_/X                          10     11        (VIOLATED)
u_fft/_08270_/Y                          10     11        (VIOLATED)
u_fft/_08292_/X                          10     11        (VIOLATED)
u_fft/_08390_/X                          10     11        (VIOLATED)
u_fft/_08393_/Y                          10     11        (VIOLATED)
u_fft/_08399_/Y                          10     11        (VIOLATED)
u_fft/_08418_/Y                          10     11        (VIOLATED)
u_fft/_08497_/Y                          10     11        (VIOLATED)
u_fft/_08511_/X                          10     11        (VIOLATED)
u_fft/_08512_/X                          10     11        (VIOLATED)
u_fft/_08685_/Y                          10     11        (VIOLATED)
u_fft/_08725_/Y                          10     11        (VIOLATED)
u_fft/_08753_/Y                          10     11        (VIOLATED)
u_fft/_08854_/Y                          10     11        (VIOLATED)
u_fft/_08863_/Y                          10     11        (VIOLATED)
u_fft/_08874_/Y                          10     11        (VIOLATED)
u_fft/_09430_/Y                          10     11        (VIOLATED)
u_fft/_09645_/Y                          10     11        (VIOLATED)
u_fft/_09707_/X                          10     11        (VIOLATED)
u_fft/_09718_/Y                          10     11        (VIOLATED)
u_fft/_09990_/Y                          10     11        (VIOLATED)
u_fft/_10023_/Y                          10     11        (VIOLATED)
u_fft/_10108_/Y                          10     11        (VIOLATED)
u_fft/_10625_/X                          10     11        (VIOLATED)
u_fft/_10626_/Y                          10     11        (VIOLATED)
u_fft/_10715_/Y                          10     11        (VIOLATED)
u_fft/_10716_/X                          10     11        (VIOLATED)
u_fft/_10853_/Y                          10     11        (VIOLATED)
u_fft/clkbuf_4_2_0_clk_i/X               10     11        (VIOLATED)
u_fft/clkbuf_leaf_37_clk_i/X             10     11        (VIOLATED)
u_fft/fanout1003/X                       10     11        (VIOLATED)
u_fft/fanout1024/X                       10     11        (VIOLATED)
u_fft/fanout1025/X                       10     11        (VIOLATED)
u_fft/fanout1029/X                       10     11        (VIOLATED)
u_fft/fanout1063/X                       10     11        (VIOLATED)
u_fft/fanout1065/X                       10     11        (VIOLATED)
u_fft/fanout1072/X                       10     11        (VIOLATED)
u_fft/fanout1080/X                       10     11        (VIOLATED)
u_fft/fanout1088/X                       10     11        (VIOLATED)
u_fft/fanout1145/X                       10     11        (VIOLATED)
u_fft/fanout1171/X                       10     11        (VIOLATED)
u_fft/fanout1172/X                       10     11        (VIOLATED)
u_fft/fanout1195/X                       10     11        (VIOLATED)
u_fft/fanout1222/X                       10     11        (VIOLATED)
u_fft/fanout1283/X                       10     11        (VIOLATED)
u_fft/fanout1321/X                       10     11        (VIOLATED)
u_fft/fanout1324/X                       10     11        (VIOLATED)
u_fft/fanout1357/X                       10     11        (VIOLATED)
u_fft/fanout1358/X                       10     11        (VIOLATED)
u_fft/fanout1374/X                       10     11        (VIOLATED)
u_fft/fanout1387/X                       10     11        (VIOLATED)
u_fft/fanout1407/X                       10     11        (VIOLATED)
u_fft/fanout1413/X                       10     11        (VIOLATED)
u_fft/fanout1421/X                       10     11        (VIOLATED)
u_fft/fanout1435/X                       10     11        (VIOLATED)
u_fft/fanout1459/X                       10     11        (VIOLATED)
u_fft/fanout1473/X                       10     11        (VIOLATED)
u_fft/fanout1479/X                       10     11        (VIOLATED)
u_fft/fanout1484/X                       10     11        (VIOLATED)
u_fft/fanout1579/X                       10     11        (VIOLATED)
u_fft/fanout1608/X                       10     11        (VIOLATED)
u_fft/fanout1612/X                       10     11        (VIOLATED)
u_fft/fanout1721/X                       10     11        (VIOLATED)
u_fft/fanout1731/X                       10     11        (VIOLATED)
u_fft/fanout1734/X                       10     11        (VIOLATED)
u_fft/fanout1756/X                       10     11        (VIOLATED)
u_fft/fanout1766/X                       10     11        (VIOLATED)
u_fft/fanout1769/X                       10     11        (VIOLATED)
u_fft/fanout177/X                        10     11        (VIOLATED)
u_fft/fanout1771/X                       10     11        (VIOLATED)
u_fft/fanout203/X                        10     11        (VIOLATED)
u_fft/fanout204/X                        10     11        (VIOLATED)
u_fft/fanout206/X                        10     11        (VIOLATED)
u_fft/fanout210/X                        10     11        (VIOLATED)
u_fft/fanout219/X                        10     11        (VIOLATED)
u_fft/fanout220/X                        10     11        (VIOLATED)
u_fft/fanout233/X                        10     11        (VIOLATED)
u_fft/fanout256/X                        10     11        (VIOLATED)
u_fft/fanout262/X                        10     11        (VIOLATED)
u_fft/fanout268/X                        10     11        (VIOLATED)
u_fft/fanout273/X                        10     11        (VIOLATED)
u_fft/fanout397/X                        10     11        (VIOLATED)
u_fft/fanout434/X                        10     11        (VIOLATED)
u_fft/fanout493/X                        10     11        (VIOLATED)
u_fft/fanout498/X                        10     11        (VIOLATED)
u_fft/fanout506/X                        10     11        (VIOLATED)
u_fft/fanout508/X                        10     11        (VIOLATED)
u_fft/fanout534/X                        10     11        (VIOLATED)
u_fft/fanout537/X                        10     11        (VIOLATED)
u_fft/fanout539/X                        10     11        (VIOLATED)
u_fft/fanout561/X                        10     11        (VIOLATED)
u_fft/fanout638/X                        10     11        (VIOLATED)
u_fft/fanout640/X                        10     11        (VIOLATED)
u_fft/fanout671/X                        10     11        (VIOLATED)
u_fft/fanout672/X                        10     11        (VIOLATED)
u_fft/fanout683/X                        10     11        (VIOLATED)
u_fft/fanout694/X                        10     11        (VIOLATED)
u_fft/fanout705/X                        10     11        (VIOLATED)
u_fft/fanout719/X                        10     11        (VIOLATED)
u_fft/fanout739/X                        10     11        (VIOLATED)
u_fft/fanout741/X                        10     11        (VIOLATED)
u_fft/fanout756/X                        10     11        (VIOLATED)
u_fft/fanout766/X                        10     11        (VIOLATED)
u_fft/fanout776/X                        10     11        (VIOLATED)
u_fft/fanout792/X                        10     11        (VIOLATED)
u_fft/fanout809/X                        10     11        (VIOLATED)
u_fft/fanout812/X                        10     11        (VIOLATED)
u_fft/fanout832/X                        10     11        (VIOLATED)
u_fft/fanout836/X                        10     11        (VIOLATED)
u_fft/fanout879/X                        10     11        (VIOLATED)
u_fft/fanout917/X                        10     11        (VIOLATED)
u_fft/fanout930/X                        10     11        (VIOLATED)
u_fft/fanout938/X                        10     11        (VIOLATED)
u_fft/fanout943/X                        10     11        (VIOLATED)
u_fft/fanout981/X                        10     11        (VIOLATED)
u_fft/hold1537/X                         10     11        (VIOLATED)
u_fft/hold1604/X                         10     11        (VIOLATED)
u_fft/hold1627/X                         10     11        (VIOLATED)
u_fft/hold1668/X                         10     11        (VIOLATED)
u_fft/hold1681/X                         10     11        (VIOLATED)
u_fft/hold1695/X                         10     11        (VIOLATED)
u_fft/hold1832/X                         10     11        (VIOLATED)
u_fft/hold1843/X                         10     11        (VIOLATED)
u_fft/hold1868/X                         10     11        (VIOLATED)
u_fft/hold1906/X                         10     11        (VIOLATED)
u_fft/hold1909/X                         10     11        (VIOLATED)
u_fft/hold2087/X                         10     11        (VIOLATED)
u_fft/hold2435/X                         10     11        (VIOLATED)
u_fft/hold2464/X                         10     11        (VIOLATED)
u_fft/hold2500/X                         10     11        (VIOLATED)
u_fft/hold2638/X                         10     11        (VIOLATED)
u_fft/hold2659/X                         10     11        (VIOLATED)
u_fft/hold2702/X                         10     11        (VIOLATED)
u_fft/hold4529/X                         10     11        (VIOLATED)
u_fft/hold780/X                          10     11        (VIOLATED)
u_ibex/fanout171/X                       10     11        (VIOLATED)
u_ibex/fanout76/X                        10     11        (VIOLATED)
u_plic/clkbuf_leaf_35_clk_i/X            10     11        (VIOLATED)
u_plic/fanout242/X                       10     11        (VIOLATED)
u_plic/fanout245/X                       10     11        (VIOLATED)
u_plic/fanout258/X                       10     11        (VIOLATED)
u_plic/fanout262/X                       10     11        (VIOLATED)
u_plic/fanout396/X                       10     11        (VIOLATED)
u_plic/fanout401/X                       10     11        (VIOLATED)
u_plic/fanout420/X                       10     11        (VIOLATED)
u_plic/hold162/X                         10     11        (VIOLATED)
u_plic/hold166/X                         10     11        (VIOLATED)
u_plic/hold174/X                         10     11        (VIOLATED)
u_plic/hold472/X                         10     11        (VIOLATED)
u_plic/hold478/X                         10     11        (VIOLATED)
u_plic/hold503/X                         10     11        (VIOLATED)
u_plic/hold512/X                         10     11        (VIOLATED)
u_plic/input79/X                         10     11        (VIOLATED)
u_spi_host/_3585_/Y                      10     11        (VIOLATED)
u_spi_host/clkbuf_leaf_0_clk_i/X         10     11        (VIOLATED)
u_spi_host/clkbuf_leaf_22_clk_i/X        10     11        (VIOLATED)
u_spi_host/clkbuf_leaf_43_clk_i/X        10     11        (VIOLATED)
u_spi_host/clkbuf_leaf_45_clk_i/X        10     11        (VIOLATED)
u_spi_host/clkbuf_leaf_60_clk_i/X        10     11        (VIOLATED)
u_spi_host/clkbuf_leaf_62_clk_i/X        10     11        (VIOLATED)
u_spi_host/clkbuf_leaf_64_clk_i/X        10     11        (VIOLATED)
u_spi_host/clkbuf_leaf_67_clk_i/X        10     11        (VIOLATED)
u_spi_host/clkbuf_leaf_74_clk_i/X        10     11        (VIOLATED)
u_spi_host/clkbuf_leaf_77_clk_i/X        10     11        (VIOLATED)
u_spi_host/clkbuf_leaf_81_clk_i/X        10     11        (VIOLATED)
u_spi_host/fanout219/X                   10     11        (VIOLATED)
u_spi_host/fanout236/X                   10     11        (VIOLATED)
u_spi_host/fanout272/X                   10     11        (VIOLATED)
u_spi_host/fanout302/X                   10     11        (VIOLATED)
u_spi_host/fanout325/X                   10     11        (VIOLATED)
u_spi_host/fanout332/X                   10     11        (VIOLATED)
u_spi_host/fanout333/X                   10     11        (VIOLATED)
u_spi_host/fanout344/X                   10     11        (VIOLATED)
u_spi_host/fanout383/X                   10     11        (VIOLATED)
u_spi_host/fanout389/X                   10     11        (VIOLATED)
u_spi_host/fanout390/X                   10     11        (VIOLATED)
u_spi_host/fanout404/X                   10     11        (VIOLATED)
u_spi_host/fanout415/X                   10     11        (VIOLATED)
u_spi_host/fanout420/X                   10     11        (VIOLATED)
u_spi_host/fanout431/X                   10     11        (VIOLATED)
u_spi_host/fanout433/X                   10     11        (VIOLATED)
u_spi_host/fanout484/X                   10     11        (VIOLATED)
u_spi_host/fanout600/X                   10     11        (VIOLATED)
u_spi_host/fanout626/X                   10     11        (VIOLATED)
u_spi_host/fanout632/X                   10     11        (VIOLATED)
u_spi_host/fanout747/X                   10     11        (VIOLATED)
u_spi_host/fanout822/X                   10     11        (VIOLATED)
u_spi_host/fanout846/X                   10     11        (VIOLATED)
u_spi_host/hold1524/X                    10     11        (VIOLATED)
u_spi_host/hold1634/X                    10     11        (VIOLATED)
u_uart/_3431_/Y                          10     11        (VIOLATED)
u_uart/_5769_/X                          10     11        (VIOLATED)
u_uart/_5771_/X                          10     11        (VIOLATED)
u_uart/_5773_/X                          10     11        (VIOLATED)
u_uart/_5777_/X                          10     11        (VIOLATED)
u_uart/_5779_/X                          10     11        (VIOLATED)
u_uart/_5781_/X                          10     11        (VIOLATED)
u_uart/_6082_/X                          10     11        (VIOLATED)
u_uart/_6405_/X                          10     11        (VIOLATED)
u_uart/_7061_/Q                          10     11        (VIOLATED)
u_uart/_7077_/Q                          10     11        (VIOLATED)
u_uart/_7087_/Q                          10     11        (VIOLATED)
u_uart/_7090_/Q                          10     11        (VIOLATED)
u_uart/_7092_/Q                          10     11        (VIOLATED)
u_uart/clkbuf_leaf_121_clk_i/X           10     11        (VIOLATED)
u_uart/clkbuf_leaf_123_clk_i/X           10     11        (VIOLATED)
u_uart/clkbuf_leaf_133_clk_i/X           10     11        (VIOLATED)
u_uart/clkbuf_leaf_134_clk_i/X           10     11        (VIOLATED)
u_uart/clkbuf_leaf_143_clk_i/X           10     11        (VIOLATED)
u_uart/clkbuf_leaf_14_clk_i/X            10     11        (VIOLATED)
u_uart/clkbuf_leaf_150_clk_i/X           10     11        (VIOLATED)
u_uart/clkbuf_leaf_155_clk_i/X           10     11        (VIOLATED)
u_uart/clkbuf_leaf_157_clk_i/X           10     11        (VIOLATED)
u_uart/clkbuf_leaf_28_clk_i/X            10     11        (VIOLATED)
u_uart/clkbuf_leaf_63_clk_i/X            10     11        (VIOLATED)
u_uart/clkbuf_leaf_67_clk_i/X            10     11        (VIOLATED)
u_uart/clkbuf_leaf_95_clk_i/X            10     11        (VIOLATED)
u_uart/fanout1000/X                      10     11        (VIOLATED)
u_uart/fanout1012/X                      10     11        (VIOLATED)
u_uart/fanout1017/X                      10     11        (VIOLATED)
u_uart/fanout1061/X                      10     11        (VIOLATED)
u_uart/fanout1076/X                      10     11        (VIOLATED)
u_uart/fanout1085/X                      10     11        (VIOLATED)
u_uart/fanout1091/X                      10     11        (VIOLATED)
u_uart/fanout1092/X                      10     11        (VIOLATED)
u_uart/fanout1120/X                      10     11        (VIOLATED)
u_uart/fanout1172/X                      10     11        (VIOLATED)
u_uart/fanout1189/X                      10     11        (VIOLATED)
u_uart/fanout1225/X                      10     11        (VIOLATED)
u_uart/fanout1242/X                      10     11        (VIOLATED)
u_uart/fanout1251/X                      10     11        (VIOLATED)
u_uart/fanout1274/X                      10     11        (VIOLATED)
u_uart/fanout1295/X                      10     11        (VIOLATED)
u_uart/fanout1327/X                      10     11        (VIOLATED)
u_uart/fanout1338/X                      10     11        (VIOLATED)
u_uart/fanout1378/X                      10     11        (VIOLATED)
u_uart/fanout1413/X                      10     11        (VIOLATED)
u_uart/fanout1449/X                      10     11        (VIOLATED)
u_uart/fanout1468/X                      10     11        (VIOLATED)
u_uart/fanout203/X                       10     11        (VIOLATED)
u_uart/fanout237/X                       10     11        (VIOLATED)
u_uart/fanout332/X                       10     11        (VIOLATED)
u_uart/fanout337/X                       10     11        (VIOLATED)
u_uart/fanout341/X                       10     11        (VIOLATED)
u_uart/fanout387/X                       10     11        (VIOLATED)
u_uart/fanout398/X                       10     11        (VIOLATED)
u_uart/fanout410/X                       10     11        (VIOLATED)
u_uart/fanout445/X                       10     11        (VIOLATED)
u_uart/fanout479/X                       10     11        (VIOLATED)
u_uart/fanout554/X                       10     11        (VIOLATED)
u_uart/fanout582/X                       10     11        (VIOLATED)
u_uart/fanout682/X                       10     11        (VIOLATED)
u_uart/fanout701/X                       10     11        (VIOLATED)
u_uart/fanout707/X                       10     11        (VIOLATED)
u_uart/fanout727/X                       10     11        (VIOLATED)
u_uart/fanout738/X                       10     11        (VIOLATED)
u_uart/fanout753/X                       10     11        (VIOLATED)
u_uart/fanout767/X                       10     11        (VIOLATED)
u_uart/fanout774/X                       10     11        (VIOLATED)
u_uart/fanout780/X                       10     11        (VIOLATED)
u_uart/fanout805/X                       10     11        (VIOLATED)
u_uart/fanout819/X                       10     11        (VIOLATED)
u_uart/fanout835/X                       10     11        (VIOLATED)
u_uart/fanout849/X                       10     11        (VIOLATED)
u_uart/fanout878/X                       10     11        (VIOLATED)
u_uart/fanout895/X                       10     11        (VIOLATED)
u_uart/fanout904/X                       10     11        (VIOLATED)
u_uart/fanout909/X                       10     11        (VIOLATED)
u_uart/fanout913/X                       10     11        (VIOLATED)
u_uart/fanout925/X                       10     11        (VIOLATED)
u_uart/fanout932/X                       10     11        (VIOLATED)
u_uart/fanout955/X                       10     11        (VIOLATED)
u_uart/fanout957/X                       10     11        (VIOLATED)
u_uart/fanout963/X                       10     11        (VIOLATED)
u_uart/fanout969/X                       10     11        (VIOLATED)
u_uart/fanout982/X                       10     11        (VIOLATED)
u_uart/fanout986/X                       10     11        (VIOLATED)
u_uart/fanout990/X                       10     11        (VIOLATED)
u_uart/fanout993/X                       10     11        (VIOLATED)
u_uart/hold1619/X                        10     11        (VIOLATED)
u_uart/hold2125/X                        10     11        (VIOLATED)
u_uart/hold2296/X                        10     11        (VIOLATED)
u_uart/hold2300/X                        10     11        (VIOLATED)
u_uart/hold2357/X                        10     11        (VIOLATED)
u_uart/input14/X                         10     11        (VIOLATED)
u_xbar/fanout1359/X                      10     11        (VIOLATED)
u_xbar/fanout1360/X                      10     11        (VIOLATED)
u_xbar/fanout1436/X                      10     11        (VIOLATED)
u_xbar/fanout1475/X                      10     11        (VIOLATED)
u_xbar/fanout1476/X                      10     11        (VIOLATED)
u_xbar/fanout1480/X                      10     11        (VIOLATED)
u_xbar/fanout1488/X                      10     11        (VIOLATED)
u_xbar/fanout1490/X                      10     11        (VIOLATED)
u_xbar/fanout1492/X                      10     11        (VIOLATED)
u_xbar/fanout1527/X                      10     11        (VIOLATED)
u_xbar/fanout1532/X                      10     11        (VIOLATED)
u_xbar/fanout1540/X                      10     11        (VIOLATED)
u_xbar/fanout1543/X                      10     11        (VIOLATED)
u_xbar/fanout1549/X                      10     11        (VIOLATED)
u_xbar/fanout1554/X                      10     11        (VIOLATED)
u_xbar/fanout1568/X                      10     11        (VIOLATED)
u_xbar/fanout1573/X                      10     11        (VIOLATED)
u_xbar/fanout1580/X                      10     11        (VIOLATED)

max capacitance

Pin                                        Limit         Cap       Slack
------------------------------------------------------------------------
u_xbar/output1072/X                     0.417490    1.170636   -0.753146 (VIOLATED)
u_ibex/output55/X                       0.417490    1.103558   -0.686068 (VIOLATED)
u_xbar/output1122/X                     0.417490    1.094832   -0.677342 (VIOLATED)
u_xbar/output1073/X                     0.417490    1.080815   -0.663325 (VIOLATED)
u_dm/output146/X                        0.417490    1.057806   -0.640316 (VIOLATED)
u_xbar/output1074/X                     0.417490    1.018238   -0.600748 (VIOLATED)
u_plic/output91/X                       1.036387    1.636299   -0.599912 (VIOLATED)
u_ibex/output51/X                       0.417490    0.998689   -0.581199 (VIOLATED)
u_glue/output23/X                       0.417490    0.987974   -0.570484 (VIOLATED)
u_xbar/output1076/X                     0.417490    0.915627   -0.498137 (VIOLATED)
u_xbar/output1075/X                     0.417490    0.909038   -0.491548 (VIOLATED)
u_uart/output173/X                      0.417490    0.905498   -0.488008 (VIOLATED)
u_dm/output198/X                        0.417490    0.898380   -0.480890 (VIOLATED)
u_xbar/output1012/X                     0.417490    0.895838   -0.478348 (VIOLATED)
u_xbar/output1102/X                     0.417490    0.854335   -0.436845 (VIOLATED)
u_xbar/output1071/X                     0.417490    0.778047   -0.360557 (VIOLATED)
u_uart/output182/X                      0.417490    0.721045   -0.303555 (VIOLATED)
u_plic/output138/X                      0.417490    0.720345   -0.302855 (VIOLATED)
u_xbar/output646/X                      0.417490    0.715336   -0.297846 (VIOLATED)
u_xbar/output762/X                      0.417490    0.684887   -0.267397 (VIOLATED)
u_uart/output137/X                      0.417490    0.684842   -0.267352 (VIOLATED)
u_plic/output92/X                       0.417490    0.684265   -0.266775 (VIOLATED)
u_xbar/output766/X                      0.417490    0.680981   -0.263491 (VIOLATED)
u_uart/output133/X                      0.417490    0.678094   -0.260604 (VIOLATED)
u_uart/output156/X                      0.417490    0.675927   -0.258437 (VIOLATED)
u_xbar/output753/X                      0.417490    0.672923   -0.255433 (VIOLATED)
u_plic/output102/X                      0.417490    0.669761   -0.252271 (VIOLATED)
u_dm/output140/X                        0.417490    0.669023   -0.251533 (VIOLATED)
u_xbar/output744/X                      0.417490    0.664081   -0.246591 (VIOLATED)
u_xbar/output687/X                      0.417490    0.662236   -0.244746 (VIOLATED)
u_uart/output143/X                      0.417490    0.656584   -0.239094 (VIOLATED)
u_xbar/output745/X                      0.417490    0.654914   -0.237424 (VIOLATED)
u_fft/output65/X                        0.417490    0.654788   -0.237298 (VIOLATED)
u_glue/output24/X                       0.417490    0.652622   -0.235132 (VIOLATED)
u_xbar/output755/X                      0.417490    0.645272   -0.227782 (VIOLATED)
u_xbar/output761/X                      0.417490    0.642435   -0.224945 (VIOLATED)
u_uart/output144/X                      0.417490    0.639373   -0.221883 (VIOLATED)
u_xbar/output747/X                      0.417490    0.639033   -0.221543 (VIOLATED)
u_xbar/output750/X                      0.417490    0.639002   -0.221512 (VIOLATED)
u_xbar/output772/X                      0.417490    0.638002   -0.220511 (VIOLATED)
u_xbar/output757/X                      0.417490    0.635023   -0.217533 (VIOLATED)
u_xbar/output635/X                      0.417490    0.634424   -0.216934 (VIOLATED)
u_uart/_5815_/X                         0.206919    0.420407   -0.213488 (VIOLATED)
u_xbar/output742/X                      0.417490    0.630765   -0.213275 (VIOLATED)
u_xbar/output763/X                      0.417490    0.630737   -0.213247 (VIOLATED)
u_xbar/output760/X                      0.417490    0.630451   -0.212961 (VIOLATED)
u_xbar/output746/X                      0.417490    0.630168   -0.212678 (VIOLATED)
u_xbar/output634/X                      0.417490    0.629181   -0.211691 (VIOLATED)
u_spi_host/output101/X                  0.417490    0.628068   -0.210578 (VIOLATED)
u_xbar/output652/X                      0.417490    0.627573   -0.210083 (VIOLATED)
u_xbar/output683/X                      0.417490    0.625990   -0.208500 (VIOLATED)
u_xbar/output752/X                      0.417490    0.623636   -0.206146 (VIOLATED)
u_plic/output148/X                      0.417490    0.623282   -0.205792 (VIOLATED)
u_xbar/output1096/X                     0.417490    0.621137   -0.203647 (VIOLATED)
u_uart/output177/X                      0.417490    0.616993   -0.199503 (VIOLATED)
u_xbar/output1099/X                     0.417490    0.616978   -0.199488 (VIOLATED)
u_xbar/output573/X                      0.417490    0.614868   -0.197378 (VIOLATED)
u_uart/fanout784/X                      0.206919    0.404128   -0.197209 (VIOLATED)
u_xbar/output756/X                      0.417490    0.612178   -0.194688 (VIOLATED)
u_xbar/output645/X                      0.417490    0.611899   -0.194409 (VIOLATED)
u_plic/output96/X                       0.417490    0.608631   -0.191141 (VIOLATED)
u_dm/output153/X                        0.417490    0.607785   -0.190295 (VIOLATED)
u_uart/output170/X                      0.417490    0.607743   -0.190253 (VIOLATED)
u_xbar/output764/X                      0.417490    0.604972   -0.187482 (VIOLATED)
u_glue/output22/X                       0.417490    0.604647   -0.187157 (VIOLATED)
u_xbar/output743/X                      0.417490    0.601452   -0.183962 (VIOLATED)
u_xbar/output758/X                      0.417490    0.600115   -0.182625 (VIOLATED)
u_dm/output184/X                        0.417490    0.595723   -0.178233 (VIOLATED)
u_xbar/output769/X                      0.417490    0.590905   -0.173415 (VIOLATED)
u_xbar/output510/X                      0.417490    0.590344   -0.172854 (VIOLATED)
u_plic/output109/X                      0.417490    0.588649   -0.171159 (VIOLATED)
u_xbar/output520/X                      0.417490    0.585080   -0.167590 (VIOLATED)
u_plic/output147/X                      0.417490    0.582941   -0.165451 (VIOLATED)
u_xbar/output1094/X                     0.417490    0.582598   -0.165108 (VIOLATED)
u_uart/fanout968/X                      0.174876    0.339578   -0.164702 (VIOLATED)
u_plic/output120/X                      0.417490    0.581100   -0.163610 (VIOLATED)
u_plic/output110/X                      0.417490    0.578416   -0.160926 (VIOLATED)
u_xbar/output538/X                      0.417490    0.575774   -0.158284 (VIOLATED)
u_xbar/output765/X                      0.417490    0.572582   -0.155092 (VIOLATED)
u_xbar/output551/X                      0.417490    0.566086   -0.148596 (VIOLATED)
u_plic/output122/X                      0.417490    0.565486   -0.147996 (VIOLATED)
u_uart/output147/X                      0.417490    0.565301   -0.147811 (VIOLATED)
u_xbar/output527/X                      0.417490    0.562875   -0.145385 (VIOLATED)
u_uart/_5837_/Y                         0.195017    0.340368   -0.145351 (VIOLATED)
u_xbar/output751/X                      0.417490    0.560496   -0.143006 (VIOLATED)
u_xbar/output633/X                      0.417490    0.558697   -0.141207 (VIOLATED)
u_plic/output127/X                      0.417490    0.554221   -0.136731 (VIOLATED)
u_plic/output140/X                      0.417490    0.553508   -0.136018 (VIOLATED)
u_xbar/output1097/X                     0.417490    0.550955   -0.133465 (VIOLATED)
u_xbar/output1124/X                     0.417490    0.550889   -0.133399 (VIOLATED)
u_xbar/output741/X                      0.417490    0.546286   -0.128796 (VIOLATED)
u_uart/_5554_/X                         0.211497    0.336147   -0.124650 (VIOLATED)
u_uart/_5644_/Y                         0.120860    0.245285   -0.124425 (VIOLATED)
u_uart/fanout808/X                      0.174876    0.299271   -0.124395 (VIOLATED)
u_dm/output150/X                        0.417490    0.539685   -0.122195 (VIOLATED)
u_uart/output136/X                      0.417490    0.537996   -0.120506 (VIOLATED)
u_xbar/output773/X                      0.417490    0.537159   -0.119669 (VIOLATED)
u_plic/output142/X                      0.417490    0.533987   -0.116497 (VIOLATED)
u_xbar/output770/X                      0.417490    0.533939   -0.116448 (VIOLATED)
u_xbar/output1101/X                     0.417490    0.531899   -0.114409 (VIOLATED)
u_plic/output104/X                      0.417490    0.530274   -0.112784 (VIOLATED)
u_dm/output159/X                        0.417490    0.530206   -0.112716 (VIOLATED)
u_xbar/output552/X                      0.417490    0.528769   -0.111279 (VIOLATED)
u_uart/_5809_/X                         0.206919    0.318058   -0.111139 (VIOLATED)
u_uart/output150/X                      0.417490    0.528552   -0.111062 (VIOLATED)
u_dm/output177/X                        0.417490    0.528429   -0.110939 (VIOLATED)
u_xbar/output1014/X                     0.417490    0.527447   -0.109957 (VIOLATED)
u_uart/output127/X                      0.417490    0.526261   -0.108771 (VIOLATED)
u_uart/output167/X                      0.417490    0.525431   -0.107941 (VIOLATED)
u_xbar/output1091/X                     0.417490    0.524400   -0.106910 (VIOLATED)
u_plic/output137/X                      0.417490    0.524321   -0.106831 (VIOLATED)
u_glue/output19/X                       0.417490    0.523706   -0.106216 (VIOLATED)
u_fft/output64/X                        0.417490    0.520354   -0.102864 (VIOLATED)
u_uart/hold2278/X                       0.201426    0.303856   -0.102430 (VIOLATED)
u_uart/fanout844/X                      0.174876    0.276441   -0.101565 (VIOLATED)
u_xbar/output1198/X                     0.417490    0.518166   -0.100676 (VIOLATED)
u_plic/output99/X                       0.417490    0.517813   -0.100323 (VIOLATED)
u_xbar/output661/X                      0.417490    0.517043   -0.099553 (VIOLATED)
u_xbar/output1205/X                     0.417490    0.515807   -0.098317 (VIOLATED)
u_xbar/output768/X                      0.417490    0.513727   -0.096237 (VIOLATED)
u_xbar/output771/X                      0.417490    0.513168   -0.095678 (VIOLATED)
u_xbar/output555/X                      0.417490    0.510326   -0.092836 (VIOLATED)
u_spi_host/output117/X                  0.417490    0.509840   -0.092350 (VIOLATED)
u_xbar/output647/X                      0.417490    0.509179   -0.091689 (VIOLATED)
u_uart/fanout728/X                      0.417490    0.507664   -0.090174 (VIOLATED)
u_plic/output114/X                      0.417490    0.507605   -0.090115 (VIOLATED)
u_xbar/output1083/X                     0.417490    0.507240   -0.089750 (VIOLATED)
u_plic/output141/X                      0.417490    0.507238   -0.089748 (VIOLATED)
u_glue/output25/X                       0.417490    0.504728   -0.087238 (VIOLATED)
u_xbar/output1197/X                     0.417490    0.504271   -0.086781 (VIOLATED)
u_xbar/output1191/X                     0.417490    0.503187   -0.085697 (VIOLATED)
u_uart/_5558_/X                         0.211497    0.295058   -0.083561 (VIOLATED)
u_plic/output101/X                      0.417490    0.499030   -0.081540 (VIOLATED)
u_uart/hold2490/X                       0.201426    0.282717   -0.081291 (VIOLATED)
u_xbar/output1123/X                     0.417490    0.498562   -0.081072 (VIOLATED)
u_xbar/output502/X                      0.417490    0.498080   -0.080590 (VIOLATED)
u_dm/output183/X                        0.417490    0.497106   -0.079616 (VIOLATED)
u_xbar/output1208/X                     0.417490    0.497028   -0.079538 (VIOLATED)
u_spi_host/output62/X                   0.417490    0.496517   -0.079027 (VIOLATED)
u_xbar/output1192/X                     0.417490    0.496361   -0.078871 (VIOLATED)
u_glue/output26/X                       0.417490    0.495839   -0.078349 (VIOLATED)
u_xbar/output648/X                      0.417490    0.495263   -0.077773 (VIOLATED)
u_dm/output163/X                        0.417490    0.492777   -0.075287 (VIOLATED)
u_uart/output154/X                      0.417490    0.492608   -0.075118 (VIOLATED)
u_uart/_5805_/X                         0.206919    0.280843   -0.073924 (VIOLATED)
u_xbar/output1213/X                     0.417490    0.491153   -0.073663 (VIOLATED)
u_xbar/output781/X                      0.417490    0.490238   -0.072748 (VIOLATED)
u_plic/output121/X                      0.417490    0.487051   -0.069561 (VIOLATED)
u_uart/_5119_/Y                         0.161143    0.230420   -0.069277 (VIOLATED)
u_uart/output119/X                      0.417490    0.485959   -0.068469 (VIOLATED)
u_plic/output113/X                      0.417490    0.485448   -0.067958 (VIOLATED)
u_uart/output125/X                      0.417490    0.484573   -0.067083 (VIOLATED)
u_xbar/output754/X                      0.417490    0.481703   -0.064213 (VIOLATED)
u_uart/output151/X                      0.417490    0.480940   -0.063450 (VIOLATED)
u_uart/fanout958/X                      0.174876    0.237916   -0.063040 (VIOLATED)
u_spi_host/output84/X                   0.417490    0.478230   -0.060740 (VIOLATED)
u_spi_host/output110/X                  0.417490    0.477500   -0.060010 (VIOLATED)
u_xbar/output671/X                      0.417490    0.477094   -0.059604 (VIOLATED)
u_xbar/output662/X                      0.417490    0.476590   -0.059100 (VIOLATED)
u_xbar/output1127/X                     0.417490    0.476022   -0.058532 (VIOLATED)
u_xbar/output518/X                      0.417490    0.473776   -0.056286 (VIOLATED)
u_uart/output175/X                      0.417490    0.472835   -0.055345 (VIOLATED)
u_uart/output110/X                      0.417490    0.471074   -0.053584 (VIOLATED)
u_spi_host/output107/X                  0.417490    0.470216   -0.052726 (VIOLATED)
u_uart/_5116_/X                         0.230723    0.282390   -0.051667 (VIOLATED)
u_xbar/output1201/X                     0.417490    0.469072   -0.051582 (VIOLATED)
u_xbar/output1187/X                     0.417490    0.468698   -0.051208 (VIOLATED)
u_xbar/output767/X                      0.417490    0.468675   -0.051185 (VIOLATED)
u_xbar/output1016/X                     0.417490    0.465574   -0.048084 (VIOLATED)
u_uart/hold2357/X                       0.205088    0.252180   -0.047092 (VIOLATED)
u_plic/output98/X                       0.417490    0.464027   -0.046537 (VIOLATED)
u_uart/output129/X                      0.417490    0.461232   -0.043742 (VIOLATED)
u_plic/output128/X                      0.417490    0.459612   -0.042122 (VIOLATED)
u_xbar/output651/X                      0.417490    0.459216   -0.041726 (VIOLATED)
u_uart/fanout635/X                      0.417490    0.459070   -0.041580 (VIOLATED)
u_xbar/output650/X                      0.417490    0.458719   -0.041229 (VIOLATED)
u_spi_host/output60/X                   0.417490    0.458544   -0.041054 (VIOLATED)
u_uart/_6053_/X                         0.206004    0.247022   -0.041018 (VIOLATED)
u_plic/output108/X                      0.417490    0.457096   -0.039606 (VIOLATED)
u_ibex/output43/X                       0.417490    0.456618   -0.039128 (VIOLATED)
u_uart/output166/X                      0.417490    0.456217   -0.038727 (VIOLATED)
u_ibex/output44/X                       0.417490    0.456170   -0.038680 (VIOLATED)
u_uart/fanout740/X                      0.417490    0.454329   -0.036839 (VIOLATED)
u_xbar/output1181/X                     0.417490    0.454159   -0.036669 (VIOLATED)
u_dm/output191/X                        0.417490    0.453821   -0.036331 (VIOLATED)
u_plic/output123/X                      0.417490    0.453394   -0.035904 (VIOLATED)
u_uart/output132/X                      0.417490    0.451138   -0.033648 (VIOLATED)
u_xbar/output659/X                      0.417490    0.450679   -0.033189 (VIOLATED)
u_plic/output95/X                       0.417490    0.450520   -0.033030 (VIOLATED)
u_uart/_5550_/X                         0.211497    0.243897   -0.032400 (VIOLATED)
u_dm/hold1607/X                         0.201426    0.233137   -0.031711 (VIOLATED)
u_xbar/output1183/X                     0.417490    0.447044   -0.029554 (VIOLATED)
u_uart/output118/X                      0.417490    0.446739   -0.029249 (VIOLATED)
u_spi_host/output91/X                   0.417490    0.446386   -0.028896 (VIOLATED)
u_uart/_5552_/X                         0.211497    0.240155   -0.028658 (VIOLATED)
u_uart/output169/X                      0.417490    0.445869   -0.028379 (VIOLATED)
u_plic/output105/X                      0.417490    0.445262   -0.027772 (VIOLATED)
u_xbar/output500/X                      0.417490    0.444876   -0.027386 (VIOLATED)
u_glue/output21/X                       0.417490    0.444147   -0.026657 (VIOLATED)
u_xbar/output643/X                      0.417490    0.443254   -0.025764 (VIOLATED)
u_dm/output160/X                        0.417490    0.442736   -0.025246 (VIOLATED)
u_xbar/output1211/X                     0.417490    0.442490   -0.025000 (VIOLATED)
u_uart/_5566_/X                         0.211497    0.234810   -0.023313 (VIOLATED)
u_uart/_6172_/Y                         0.195017    0.217895   -0.022878 (VIOLATED)
u_uart/fanout838/X                      0.174876    0.196840   -0.021964 (VIOLATED)
u_xbar/output1189/X                     0.417490    0.437628   -0.020138 (VIOLATED)
u_ibex/output42/X                       0.417490    0.436797   -0.019307 (VIOLATED)
u_xbar/output1095/X                     0.417490    0.436786   -0.019296 (VIOLATED)
u_uart/_4264_/Y                         0.120860    0.139915   -0.019055 (VIOLATED)
u_uart/output117/X                      0.417490    0.436387   -0.018897 (VIOLATED)
u_xbar/output547/X                      0.417490    0.436346   -0.018856 (VIOLATED)
u_dm/output172/X                        0.417490    0.436018   -0.018528 (VIOLATED)
u_xbar/output655/X                      0.417490    0.435581   -0.018091 (VIOLATED)
u_plic/output115/X                      0.417490    0.434597   -0.017107 (VIOLATED)
u_spi_host/output66/X                   0.417490    0.434458   -0.016968 (VIOLATED)
u_uart/hold2300/X                       0.201426    0.218375   -0.016949 (VIOLATED)
u_xbar/output1182/X                     0.417490    0.434365   -0.016875 (VIOLATED)
u_xbar/output1087/X                     0.417490    0.434360   -0.016870 (VIOLATED)
u_xbar/output1207/X                     0.417490    0.432791   -0.015301 (VIOLATED)
u_uart/output172/X                      0.417490    0.432481   -0.014991 (VIOLATED)
u_dm/output170/X                        0.417490    0.432477   -0.014987 (VIOLATED)
u_uart/fanout427/X                      0.174876    0.188221   -0.013345 (VIOLATED)
u_uart/output141/X                      0.417490    0.430514   -0.013024 (VIOLATED)
u_xbar/output1017/X                     0.417490    0.430494   -0.013004 (VIOLATED)
u_xbar/output657/X                      0.417490    0.429991   -0.012501 (VIOLATED)
u_xbar/output1194/X                     0.417490    0.429962   -0.012472 (VIOLATED)
u_spi_host/output63/X                   0.417490    0.429236   -0.011746 (VIOLATED)
u_xbar/output1206/X                     0.417490    0.428412   -0.010922 (VIOLATED)
u_spi_host/_2648_/Y                     0.130930    0.141220   -0.010290 (VIOLATED)
u_uart/fanout758/X                      0.206919    0.216553   -0.009634 (VIOLATED)
u_xbar/output1209/X                     0.417490    0.426373   -0.008883 (VIOLATED)
u_xbar/output663/X                      0.417490    0.426334   -0.008844 (VIOLATED)
u_xbar/output577/X                      0.417490    0.425738   -0.008248 (VIOLATED)
u_xbar/output1200/X                     0.417490    0.425641   -0.008151 (VIOLATED)
u_xbar/output1193/X                     0.417490    0.425592   -0.008102 (VIOLATED)
u_uart/hold2053/X                       0.201426    0.207209   -0.005783 (VIOLATED)
u_glue/output30/X                       0.417490    0.423135   -0.005645 (VIOLATED)
u_uart/output161/X                      0.417490    0.421468   -0.003978 (VIOLATED)
u_xbar/output658/X                      0.417490    0.420824   -0.003334 (VIOLATED)
u_uart/output149/X                      0.417490    0.420747   -0.003257 (VIOLATED)
u_xbar/output501/X                      0.417490    0.419587   -0.002097 (VIOLATED)
u_uart/_5624_/Y                         0.161143    0.163025   -0.001882 (VIOLATED)
u_xbar/output656/X                      0.417490    0.418948   -0.001458 (VIOLATED)
u_spi_host/_2862_/Y                     0.075999    0.076944   -0.000945 (VIOLATED)
u_dm/hold1941/X                         0.201426    0.201680   -0.000254 (VIOLATED)



===========================================================================
report_parasitic_annotation -report_unannotated
============================================================================
Found 1620 unannotated drivers.
 analog_io[0]
 analog_io[10]
 analog_io[11]
 analog_io[12]
 analog_io[13]
 analog_io[14]
 analog_io[15]
 analog_io[16]
 analog_io[17]
 analog_io[18]
 analog_io[19]
 analog_io[1]
 analog_io[20]
 analog_io[21]
 analog_io[22]
 analog_io[23]
 analog_io[24]
 analog_io[25]
 analog_io[26]
 analog_io[27]
 analog_io[28]
 analog_io[2]
 analog_io[3]
 analog_io[4]
 analog_io[5]
 analog_io[6]
 analog_io[7]
 analog_io[8]
 analog_io[9]
 user_clock2
 u_dm/clkload0/Y
 u_dm/clkload1/Y
 u_dm/clkload10/Y
 u_dm/clkload100/Y
 u_dm/clkload101/Y
 u_dm/clkload102/Y
 u_dm/clkload103/Y
 u_dm/clkload104/X
 u_dm/clkload105/Y
 u_dm/clkload106/Y
 u_dm/clkload107/X
 u_dm/clkload108/X
 u_dm/clkload109/Y
 u_dm/clkload11/X
 u_dm/clkload110/Y
 u_dm/clkload111/Y
 u_dm/clkload112/Y
 u_dm/clkload113/Y
 u_dm/clkload114/X
 u_dm/clkload115/X
 u_dm/clkload116/Y
 u_dm/clkload117/Y
 u_dm/clkload118/X
 u_dm/clkload119/X
 u_dm/clkload12/X
 u_dm/clkload120/X
 u_dm/clkload121/Y
 u_dm/clkload122/Y
 u_dm/clkload123/Y
 u_dm/clkload124/X
 u_dm/clkload125/Y
 u_dm/clkload126/X
 u_dm/clkload127/Y
 u_dm/clkload128/Y
 u_dm/clkload129/X
 u_dm/clkload13/Y
 u_dm/clkload130/Y
 u_dm/clkload131/Y
 u_dm/clkload132/Y
 u_dm/clkload133/Y
 u_dm/clkload134/Y
 u_dm/clkload135/Y
 u_dm/clkload136/Y
 u_dm/clkload137/Y
 u_dm/clkload138/Y
 u_dm/clkload139/Y
 u_dm/clkload14/Y
 u_dm/clkload140/X
 u_dm/clkload141/Y
 u_dm/clkload142/Y
 u_dm/clkload143/Y
 u_dm/clkload144/X
 u_dm/clkload145/Y
 u_dm/clkload146/Y
 u_dm/clkload147/X
 u_dm/clkload148/X
 u_dm/clkload149/X
 u_dm/clkload15/X
 u_dm/clkload150/X
 u_dm/clkload151/Y
 u_dm/clkload152/Y
 u_dm/clkload153/Y
 u_dm/clkload154/Y
 u_dm/clkload155/Y
 u_dm/clkload156/X
 u_dm/clkload157/Y
 u_dm/clkload158/Y
 u_dm/clkload159/X
 u_dm/clkload16/X
 u_dm/clkload160/Y
 u_dm/clkload161/Y
 u_dm/clkload162/X
 u_dm/clkload163/X
 u_dm/clkload164/Y
 u_dm/clkload165/Y
 u_dm/clkload166/Y
 u_dm/clkload167/Y
 u_dm/clkload168/X
 u_dm/clkload17/Y
 u_dm/clkload18/Y
 u_dm/clkload19/Y
 u_dm/clkload2/Y
 u_dm/clkload20/Y
 u_dm/clkload21/X
 u_dm/clkload22/X
 u_dm/clkload23/Y
 u_dm/clkload24/X
 u_dm/clkload25/Y
 u_dm/clkload26/Y
 u_dm/clkload27/Y
 u_dm/clkload28/X
 u_dm/clkload29/X
 u_dm/clkload3/Y
 u_dm/clkload30/X
 u_dm/clkload31/X
 u_dm/clkload32/X
 u_dm/clkload33/X
 u_dm/clkload34/X
 u_dm/clkload35/Y
 u_dm/clkload36/Y
 u_dm/clkload37/Y
 u_dm/clkload38/Y
 u_dm/clkload39/Y
 u_dm/clkload4/X
 u_dm/clkload40/Y
 u_dm/clkload41/Y
 u_dm/clkload42/Y
 u_dm/clkload43/Y
 u_dm/clkload44/Y
 u_dm/clkload45/X
 u_dm/clkload46/Y
 u_dm/clkload47/Y
 u_dm/clkload48/Y
 u_dm/clkload49/Y
 u_dm/clkload5/X
 u_dm/clkload50/X
 u_dm/clkload51/Y
 u_dm/clkload52/Y
 u_dm/clkload53/Y
 u_dm/clkload54/Y
 u_dm/clkload55/Y
 u_dm/clkload56/Y
 u_dm/clkload57/Y
 u_dm/clkload58/Y
 u_dm/clkload59/Y
 u_dm/clkload6/X
 u_dm/clkload60/Y
 u_dm/clkload61/Y
 u_dm/clkload62/Y
 u_dm/clkload63/Y
 u_dm/clkload64/X
 u_dm/clkload65/X
 u_dm/clkload66/Y
 u_dm/clkload67/Y
 u_dm/clkload68/Y
 u_dm/clkload69/X
 u_dm/clkload7/Y
 u_dm/clkload70/Y
 u_dm/clkload71/Y
 u_dm/clkload72/X
 u_dm/clkload73/Y
 u_dm/clkload74/Y
 u_dm/clkload75/X
 u_dm/clkload76/X
 u_dm/clkload77/Y
 u_dm/clkload78/X
 u_dm/clkload79/Y
 u_dm/clkload8/X
 u_dm/clkload80/Y
 u_dm/clkload81/X
 u_dm/clkload82/X
 u_dm/clkload83/X
 u_dm/clkload84/X
 u_dm/clkload85/X
 u_dm/clkload86/Y
 u_dm/clkload87/Y
 u_dm/clkload88/Y
 u_dm/clkload89/X
 u_dm/clkload9/Y
 u_dm/clkload90/X
 u_dm/clkload91/X
 u_dm/clkload92/X
 u_dm/clkload93/X
 u_dm/clkload94/X
 u_dm/clkload95/Y
 u_dm/clkload96/Y
 u_dm/clkload97/X
 u_dm/clkload98/Y
 u_dm/clkload99/X
 u_dm/vyges_rv_dbg_tlul_2496/HI
 u_dm/vyges_rv_dbg_tlul_2497/HI
 u_dm/vyges_rv_dbg_tlul_2498/HI
 u_dm/vyges_rv_dbg_tlul_2499/HI
 u_dm/vyges_rv_dbg_tlul_2500/HI
 u_dm/vyges_rv_dbg_tlul_2501/HI
 u_dm/vyges_rv_dbg_tlul_2502/HI
 u_dm/vyges_rv_dbg_tlul_2503/HI
 u_dm/vyges_rv_dbg_tlul_2504/HI
 u_dm/vyges_rv_dbg_tlul_2505/HI
 u_dm/vyges_rv_dbg_tlul_2506/HI
 u_dm/vyges_rv_dbg_tlul_2507/HI
 u_dm/vyges_rv_dbg_tlul_2508/HI
 u_dm/vyges_rv_dbg_tlul_2509/HI
 u_dm/vyges_rv_dbg_tlul_2510/HI
 u_dm/vyges_rv_dbg_tlul_2511/HI
 u_dm/vyges_rv_dbg_tlul_2512/HI
 u_dm/vyges_rv_dbg_tlul_2513/HI
 u_dm/vyges_rv_dbg_tlul_2514/HI
 u_dm/vyges_rv_dbg_tlul_2515/HI
 u_dm/vyges_rv_dbg_tlul_2516/HI
 u_dm/vyges_rv_dbg_tlul_2517/HI
 u_dm/vyges_rv_dbg_tlul_2518/HI
 u_dm/vyges_rv_dbg_tlul_2519/HI
 u_dm/vyges_rv_dbg_tlul_2520/HI
 u_dm/vyges_rv_dbg_tlul_2521/HI
 u_dm/vyges_rv_dbg_tlul_2522/HI
 u_dm/vyges_rv_dbg_tlul_2523/HI
 u_dm/vyges_rv_dbg_tlul_2524/HI
 u_dm/vyges_rv_dbg_tlul_2525/HI
 u_dm/vyges_rv_dbg_tlul_2526/LO
 u_dm/vyges_rv_dbg_tlul_2527/LO
 u_dm/vyges_rv_dbg_tlul_2528/LO
 u_dm/vyges_rv_dbg_tlul_2529/LO
 u_dm_1257/LO
 u_dm_772/HI
 u_dm_773/HI
 u_dm_774/HI
 u_dm_775/HI
 u_dm_776/HI
 u_dm_777/HI
 u_dm_778/HI
 u_dm_779/HI
 u_dm_780/HI
 u_dm_781/HI
 u_dm_782/HI
 u_dm_783/HI
 u_dm_784/HI
 u_dm_785/HI
 u_dm_786/HI
 u_dm_787/HI
 u_dm_788/HI
 u_dm_789/HI
 u_dm_790/HI
 u_dm_791/HI
 u_dm_792/HI
 u_dm_793/HI
 u_dm_794/HI
 u_dm_795/HI
 u_dm_796/HI
 u_dm_797/HI
 u_dm_798/HI
 u_dm_799/HI
 u_dm_800/HI
 u_dm_801/HI
 u_dm_802/HI
 u_dm_803/HI
 u_dm_804/HI
 u_dm_805/HI
 u_dm_806/HI
 u_dm_807/HI
 u_dm_808/HI
 u_dm_809/HI
 u_dm_810/HI
 u_dm_811/HI
 u_dm_812/HI
 u_dm_813/HI
 u_dm_814/HI
 u_dm_815/HI
 u_dm_816/HI
 u_dm_817/HI
 u_dm_818/HI
 u_dm_819/HI
 u_dm_820/HI
 u_dm_821/HI
 u_dm_822/HI
 u_dm_823/HI
 u_dm_824/HI
 u_dm_825/HI
 u_dm_826/HI
 u_dm_827/HI
 u_dm_828/HI
 u_dm_829/HI
 u_dm_830/HI
 u_dm_831/HI
 u_dm_832/HI
 u_dm_833/HI
 u_dm_834/HI
 u_dm_835/HI
 u_dm_836/HI
 u_dm_837/HI
 u_dm_838/HI
 u_dm_839/HI
 u_dm_840/HI
 u_dm_841/HI
 u_dm_842/HI
 u_dm_843/HI
 u_dm_844/HI
 u_dm_845/HI
 u_dm_846/HI
 u_dm_847/HI
 u_dm_848/HI
 u_dm_849/HI
 u_dm_850/HI
 u_dm_851/HI
 u_dm_852/HI
 u_dm_853/HI
 u_dm_854/HI
 u_dm_855/HI
 u_dm_856/HI
 u_dm_857/HI
 u_dm_858/HI
 u_dm_859/HI
 u_dm_860/HI
 u_dm_861/HI
 u_dm_862/HI
 u_dm_863/HI
 u_dm_864/HI
 u_dm_865/HI
 u_dm_866/HI
 u_dm_867/HI
 u_dm_868/HI
 u_dm_869/HI
 u_dm_870/HI
 u_dm_871/HI
 u_fft/_12196__1810/LO
 u_fft/clkload0/Y
 u_fft/clkload1/Y
 u_fft/clkload10/Y
 u_fft/clkload100/X
 u_fft/clkload101/Y
 u_fft/clkload102/Y
 u_fft/clkload103/X
 u_fft/clkload104/Y
 u_fft/clkload105/Y
 u_fft/clkload106/Y
 u_fft/clkload107/Y
 u_fft/clkload108/Y
 u_fft/clkload109/Y
 u_fft/clkload11/Y
 u_fft/clkload110/X
 u_fft/clkload111/X
 u_fft/clkload112/X
 u_fft/clkload113/Y
 u_fft/clkload114/Y
 u_fft/clkload115/Y
 u_fft/clkload116/Y
 u_fft/clkload117/Y
 u_fft/clkload118/Y
 u_fft/clkload119/Y
 u_fft/clkload12/Y
 u_fft/clkload120/Y
 u_fft/clkload121/Y
 u_fft/clkload122/Y
 u_fft/clkload123/Y
 u_fft/clkload124/X
 u_fft/clkload125/Y
 u_fft/clkload126/X
 u_fft/clkload127/X
 u_fft/clkload128/Y
 u_fft/clkload129/X
 u_fft/clkload13/Y
 u_fft/clkload130/X
 u_fft/clkload131/X
 u_fft/clkload132/X
 u_fft/clkload133/X
 u_fft/clkload134/Y
 u_fft/clkload135/Y
 u_fft/clkload136/X
 u_fft/clkload137/Y
 u_fft/clkload14/X
 u_fft/clkload15/Y
 u_fft/clkload16/X
 u_fft/clkload17/Y
 u_fft/clkload18/Y
 u_fft/clkload19/Y
 u_fft/clkload2/Y
 u_fft/clkload20/Y
 u_fft/clkload21/X
 u_fft/clkload22/Y
 u_fft/clkload23/Y
 u_fft/clkload24/Y
 u_fft/clkload25/X
 u_fft/clkload26/Y
 u_fft/clkload27/Y
 u_fft/clkload28/Y
 u_fft/clkload29/Y
 u_fft/clkload3/Y
 u_fft/clkload30/Y
 u_fft/clkload31/X
 u_fft/clkload32/X
 u_fft/clkload33/Y
 u_fft/clkload34/X
 u_fft/clkload35/Y
 u_fft/clkload36/X
 u_fft/clkload37/Y
 u_fft/clkload38/Y
 u_fft/clkload39/Y
 u_fft/clkload4/Y
 u_fft/clkload40/Y
 u_fft/clkload41/Y
 u_fft/clkload42/Y
 u_fft/clkload43/Y
 u_fft/clkload44/Y
 u_fft/clkload45/X
 u_fft/clkload46/X
 u_fft/clkload47/Y
 u_fft/clkload48/Y
 u_fft/clkload49/Y
 u_fft/clkload5/X
 u_fft/clkload50/Y
 u_fft/clkload51/X
 u_fft/clkload52/X
 u_fft/clkload53/Y
 u_fft/clkload54/Y
 u_fft/clkload55/Y
 u_fft/clkload56/Y
 u_fft/clkload57/Y
 u_fft/clkload58/X
 u_fft/clkload59/Y
 u_fft/clkload6/Y
 u_fft/clkload60/X
 u_fft/clkload61/X
 u_fft/clkload62/X
 u_fft/clkload63/X
 u_fft/clkload64/X
 u_fft/clkload65/X
 u_fft/clkload66/X
 u_fft/clkload67/Y
 u_fft/clkload68/Y
 u_fft/clkload69/X
 u_fft/clkload7/Y
 u_fft/clkload70/Y
 u_fft/clkload71/Y
 u_fft/clkload72/Y
 u_fft/clkload73/Y
 u_fft/clkload74/Y
 u_fft/clkload75/Y
 u_fft/clkload76/Y
 u_fft/clkload77/Y
 u_fft/clkload78/Y
 u_fft/clkload79/Y
 u_fft/clkload8/X
 u_fft/clkload80/X
 u_fft/clkload81/Y
 u_fft/clkload82/Y
 u_fft/clkload83/X
 u_fft/clkload84/Y
 u_fft/clkload85/Y
 u_fft/clkload86/Y
 u_fft/clkload87/Y
 u_fft/clkload88/Y
 u_fft/clkload89/X
 u_fft/clkload9/X
 u_fft/clkload90/Y
 u_fft/clkload91/X
 u_fft/clkload92/X
 u_fft/clkload93/Y
 u_fft/clkload94/X
 u_fft/clkload95/Y
 u_fft/clkload96/X
 u_fft/clkload97/Y
 u_fft/clkload98/Y
 u_fft/clkload99/Y
 u_fft/fft_ctrl_tlul_1789/HI
 u_fft/fft_ctrl_tlul_1790/HI
 u_fft/fft_ctrl_tlul_1791/HI
 u_fft/fft_ctrl_tlul_1792/HI
 u_fft/fft_ctrl_tlul_1793/HI
 u_fft/fft_ctrl_tlul_1794/HI
 u_fft/fft_ctrl_tlul_1795/HI
 u_fft/fft_ctrl_tlul_1796/HI
 u_fft/fft_ctrl_tlul_1797/HI
 u_fft/fft_ctrl_tlul_1798/HI
 u_fft/fft_ctrl_tlul_1799/HI
 u_fft/fft_ctrl_tlul_1800/HI
 u_fft/fft_ctrl_tlul_1801/HI
 u_fft/fft_ctrl_tlul_1802/HI
 u_fft/fft_ctrl_tlul_1803/HI
 u_fft/fft_ctrl_tlul_1804/HI
 u_fft/fft_ctrl_tlul_1805/HI
 u_fft/fft_ctrl_tlul_1806/HI
 u_fft/fft_ctrl_tlul_1807/HI
 u_fft/fft_ctrl_tlul_1808/HI
 u_fft/fft_ctrl_tlul_1809/HI
 u_fft/u_fft_top.memory_interface_inst.u_fft_mem.u_bank0_1775/HI
 u_fft/u_fft_top.memory_interface_inst.u_fft_mem.u_bank0_1776/HI
 u_fft/u_fft_top.memory_interface_inst.u_fft_mem.u_bank0_1777/HI
 u_fft/u_fft_top.memory_interface_inst.u_fft_mem.u_bank0_1778/HI
 u_fft/u_fft_top.memory_interface_inst.u_fft_mem.u_bank0_1779/HI
 u_fft/u_fft_top.memory_interface_inst.u_fft_mem.u_bank0_1780/HI
 u_fft/u_fft_top.memory_interface_inst.u_fft_mem.u_bank0_1781/HI
 u_fft/u_fft_top.memory_interface_inst.u_fft_mem.u_bank0_1811/LO
 u_fft/u_fft_top.memory_interface_inst.u_fft_mem.u_bank0_1812/LO
 u_fft/u_fft_top.memory_interface_inst.u_fft_mem.u_bank0_1813/LO
 u_fft/u_fft_top.memory_interface_inst.u_fft_mem.u_bank0_1814/LO
 u_fft/u_fft_top.memory_interface_inst.u_fft_mem.u_bank0_1815/LO
 u_fft/u_fft_top.memory_interface_inst.u_fft_mem.u_bank0_1816/LO
 u_fft/u_fft_top.memory_interface_inst.u_fft_mem.u_bank0_1817/LO
 u_fft/u_fft_top.memory_interface_inst.u_fft_mem.u_bank0_1818/LO
 u_fft/u_fft_top.memory_interface_inst.u_fft_mem.u_bank0_1819/LO
 u_fft/u_fft_top.memory_interface_inst.u_fft_mem.u_bank0_1820/LO
 u_fft/u_fft_top.memory_interface_inst.u_fft_mem.u_bank0_1821/LO
 u_fft/u_fft_top.memory_interface_inst.u_fft_mem.u_bank0_1822/LO
 u_fft/u_fft_top.memory_interface_inst.u_fft_mem.u_bank0_1823/LO
 u_fft/u_fft_top.memory_interface_inst.u_fft_mem.u_bank0_1824/LO
 u_fft/u_fft_top.memory_interface_inst.u_fft_mem.u_bank0_1825/LO
 u_fft/u_fft_top.memory_interface_inst.u_fft_mem.u_bank0_1826/LO
 u_fft/u_fft_top.memory_interface_inst.u_fft_mem.u_bank0_1827/LO
 u_fft/u_fft_top.memory_interface_inst.u_fft_mem.u_bank0_1828/LO
 u_fft/u_fft_top.memory_interface_inst.u_fft_mem.u_bank0_1829/LO
 u_fft/u_fft_top.memory_interface_inst.u_fft_mem.u_bank0_1830/LO
 u_fft/u_fft_top.memory_interface_inst.u_fft_mem.u_bank0_1831/LO
 u_fft/u_fft_top.memory_interface_inst.u_fft_mem.u_bank0_1832/LO
 u_fft/u_fft_top.memory_interface_inst.u_fft_mem.u_bank0_1833/LO
 u_fft/u_fft_top.memory_interface_inst.u_fft_mem.u_bank0_1834/LO
 u_fft/u_fft_top.memory_interface_inst.u_fft_mem.u_bank0_1835/LO
 u_fft/u_fft_top.memory_interface_inst.u_fft_mem.u_bank0_1836/LO
 u_fft/u_fft_top.memory_interface_inst.u_fft_mem.u_bank0_1837/LO
 u_fft/u_fft_top.memory_interface_inst.u_fft_mem.u_bank0_1838/LO
 u_fft/u_fft_top.memory_interface_inst.u_fft_mem.u_bank0_1839/LO
 u_fft/u_fft_top.memory_interface_inst.u_fft_mem.u_bank0_1840/LO
 u_fft/u_fft_top.memory_interface_inst.u_fft_mem.u_bank0_1841/LO
 u_fft/u_fft_top.memory_interface_inst.u_fft_mem.u_bank0_1842/LO
 u_fft/u_fft_top.memory_interface_inst.u_fft_mem.u_bank1_1782/HI
 u_fft/u_fft_top.memory_interface_inst.u_fft_mem.u_bank1_1783/HI
 u_fft/u_fft_top.memory_interface_inst.u_fft_mem.u_bank1_1784/HI
 u_fft/u_fft_top.memory_interface_inst.u_fft_mem.u_bank1_1785/HI
 u_fft/u_fft_top.memory_interface_inst.u_fft_mem.u_bank1_1786/HI
 u_fft/u_fft_top.memory_interface_inst.u_fft_mem.u_bank1_1787/HI
 u_fft/u_fft_top.memory_interface_inst.u_fft_mem.u_bank1_1788/HI
 u_fft/u_fft_top.memory_interface_inst.u_fft_mem.u_bank1_1843/LO
 u_fft/u_fft_top.memory_interface_inst.u_fft_mem.u_bank1_1844/LO
 u_fft/u_fft_top.memory_interface_inst.u_fft_mem.u_bank1_1845/LO
 u_fft/u_fft_top.memory_interface_inst.u_fft_mem.u_bank1_1846/LO
 u_fft/u_fft_top.memory_interface_inst.u_fft_mem.u_bank1_1847/LO
 u_fft/u_fft_top.memory_interface_inst.u_fft_mem.u_bank1_1848/LO
 u_fft/u_fft_top.memory_interface_inst.u_fft_mem.u_bank1_1849/LO
 u_fft/u_fft_top.memory_interface_inst.u_fft_mem.u_bank1_1850/LO
 u_fft/u_fft_top.memory_interface_inst.u_fft_mem.u_bank1_1851/LO
 u_fft/u_fft_top.memory_interface_inst.u_fft_mem.u_bank1_1852/LO
 u_fft/u_fft_top.memory_interface_inst.u_fft_mem.u_bank1_1853/LO
 u_fft/u_fft_top.memory_interface_inst.u_fft_mem.u_bank1_1854/LO
 u_fft/u_fft_top.memory_interface_inst.u_fft_mem.u_bank1_1855/LO
 u_fft/u_fft_top.memory_interface_inst.u_fft_mem.u_bank1_1856/LO
 u_fft/u_fft_top.memory_interface_inst.u_fft_mem.u_bank1_1857/LO
 u_fft/u_fft_top.memory_interface_inst.u_fft_mem.u_bank1_1858/LO
 u_fft/u_fft_top.memory_interface_inst.u_fft_mem.u_bank1_1859/LO
 u_fft/u_fft_top.memory_interface_inst.u_fft_mem.u_bank1_1860/LO
 u_fft/u_fft_top.memory_interface_inst.u_fft_mem.u_bank1_1861/LO
 u_fft/u_fft_top.memory_interface_inst.u_fft_mem.u_bank1_1862/LO
 u_fft/u_fft_top.memory_interface_inst.u_fft_mem.u_bank1_1863/LO
 u_fft/u_fft_top.memory_interface_inst.u_fft_mem.u_bank1_1864/LO
 u_fft/u_fft_top.memory_interface_inst.u_fft_mem.u_bank1_1865/LO
 u_fft/u_fft_top.memory_interface_inst.u_fft_mem.u_bank1_1866/LO
 u_fft/u_fft_top.memory_interface_inst.u_fft_mem.u_bank1_1867/LO
 u_fft/u_fft_top.memory_interface_inst.u_fft_mem.u_bank1_1868/LO
 u_fft/u_fft_top.memory_interface_inst.u_fft_mem.u_bank1_1869/LO
 u_fft/u_fft_top.memory_interface_inst.u_fft_mem.u_bank1_1870/LO
 u_fft/u_fft_top.memory_interface_inst.u_fft_mem.u_bank1_1871/LO
 u_fft/u_fft_top.memory_interface_inst.u_fft_mem.u_bank1_1872/LO
 u_fft/u_fft_top.memory_interface_inst.u_fft_mem.u_bank1_1873/LO
 u_fft/u_fft_top.memory_interface_inst.u_fft_mem.u_bank1_1874/LO
 u_fft_872/HI
 u_fft_873/HI
 u_fft_874/HI
 u_fft_875/HI
 u_fft_876/HI
 u_fft_877/HI
 u_fft_878/HI
 u_fft_879/HI
 u_fft_880/HI
 u_fft_881/HI
 u_fft_882/HI
 u_fft_883/HI
 u_fft_884/HI
 u_fft_885/HI
 u_fft_886/HI
 u_fft_887/HI
 u_fft_888/HI
 u_fft_889/HI
 u_fft_890/HI
 u_fft_891/HI
 u_fft_892/HI
 u_fft_893/HI
 u_fft_894/HI
 u_fft_895/HI
 u_fft_896/HI
 u_fft_897/HI
 u_fft_898/HI
 u_fft_899/HI
 u_fft_900/HI
 u_fft_901/HI
 u_fft_902/HI
 u_fft_903/HI
 u_fft_904/HI
 u_fft_905/HI
 u_fft_906/HI
 u_fft_907/HI
 u_fft_908/HI
 u_fft_909/HI
 u_fft_910/HI
 u_fft_911/HI
 u_fft_912/HI
 u_fft_913/HI
 u_fft_914/HI
 u_fft_915/HI
 u_fft_916/HI
 u_fft_917/HI
 u_fft_918/HI
 u_fft_919/HI
 u_fft_920/HI
 u_fft_921/HI
 u_fft_922/HI
 u_fft_923/HI
 u_fft_924/HI
 u_fft_925/HI
 u_fft_926/HI
 u_fft_927/HI
 u_fft_928/HI
 u_fft_929/HI
 u_fft_930/HI
 u_fft_931/HI
 u_fft_932/HI
 u_fft_933/HI
 u_fft_934/HI
 u_fft_935/HI
 u_fft_936/HI
 u_fft_937/HI
 u_fft_938/HI
 u_fft_939/HI
 u_fft_940/HI
 u_fft_941/HI
 u_fft_942/HI
 u_fft_943/HI
 u_fft_944/HI
 u_fft_945/HI
 u_fft_946/HI
 u_fft_947/HI
 u_fft_948/HI
 u_fft_949/HI
 u_fft_950/HI
 u_fft_951/HI
 u_fft_952/HI
 u_fft_953/HI
 u_fft_954/HI
 u_fft_955/HI
 u_fft_956/HI
 u_fft_957/HI
 u_fft_958/HI
 u_fft_959/HI
 u_fft_960/HI
 u_fft_961/HI
 u_fft_962/HI
 u_fft_963/HI
 u_fft_964/HI
 u_fft_965/HI
 u_fft_966/HI
 u_fft_967/HI
 u_fft_968/HI
 u_fft_969/HI
 u_fft_970/HI
 u_fft_971/HI
 u_fft_972/HI
 u_fft_973/HI
 u_fft_974/HI
 u_fft_975/HI
 u_fft_976/HI
 u_fft_977/HI
 u_fft_978/HI
 u_fft_979/HI
 u_fft_980/HI
 u_fft_981/HI
 u_glue/edge_sensor_glue_100/HI
 u_glue/edge_sensor_glue_101/HI
 u_glue/edge_sensor_glue_102/HI
 u_glue/edge_sensor_glue_103/HI
 u_glue/edge_sensor_glue_104/HI
 u_glue/edge_sensor_glue_105/HI
 u_glue/edge_sensor_glue_106/HI
 u_glue/edge_sensor_glue_107/HI
 u_glue/edge_sensor_glue_108/HI
 u_glue/edge_sensor_glue_109/HI
 u_glue/edge_sensor_glue_110/HI
 u_glue/edge_sensor_glue_111/HI
 u_glue/edge_sensor_glue_112/HI
 u_glue/edge_sensor_glue_113/HI
 u_glue/edge_sensor_glue_114/HI
 u_glue/edge_sensor_glue_115/HI
 u_glue/edge_sensor_glue_116/HI
 u_glue/edge_sensor_glue_117/HI
 u_glue/edge_sensor_glue_118/HI
 u_glue/edge_sensor_glue_119/HI
 u_glue/edge_sensor_glue_120/HI
 u_glue/edge_sensor_glue_121/HI
 u_glue/edge_sensor_glue_122/HI
 u_glue/edge_sensor_glue_123/HI
 u_glue/edge_sensor_glue_124/HI
 u_glue/edge_sensor_glue_125/HI
 u_glue/edge_sensor_glue_126/HI
 u_glue/edge_sensor_glue_127/HI
 u_glue/edge_sensor_glue_128/HI
 u_glue/edge_sensor_glue_129/HI
 u_glue/edge_sensor_glue_130/HI
 u_glue/edge_sensor_glue_131/HI
 u_glue/edge_sensor_glue_132/HI
 u_glue/edge_sensor_glue_133/HI
 u_glue/edge_sensor_glue_134/HI
 u_glue/edge_sensor_glue_135/HI
 u_glue/edge_sensor_glue_136/HI
 u_glue/edge_sensor_glue_137/HI
 u_glue/edge_sensor_glue_138/HI
 u_glue/edge_sensor_glue_139/HI
 u_glue/edge_sensor_glue_140/HI
 u_glue/edge_sensor_glue_141/HI
 u_glue/edge_sensor_glue_142/HI
 u_glue/edge_sensor_glue_143/HI
 u_glue/edge_sensor_glue_144/HI
 u_glue/edge_sensor_glue_145/HI
 u_glue/edge_sensor_glue_146/HI
 u_glue/edge_sensor_glue_147/HI
 u_glue/edge_sensor_glue_148/HI
 u_glue/edge_sensor_glue_149/HI
 u_glue/edge_sensor_glue_150/HI
 u_glue/edge_sensor_glue_151/HI
 u_glue/edge_sensor_glue_152/HI
 u_glue/edge_sensor_glue_153/HI
 u_glue/edge_sensor_glue_154/HI
 u_glue/edge_sensor_glue_155/HI
 u_glue/edge_sensor_glue_156/HI
 u_glue/edge_sensor_glue_157/HI
 u_glue/edge_sensor_glue_158/HI
 u_glue/edge_sensor_glue_159/HI
 u_glue/edge_sensor_glue_160/HI
 u_glue/edge_sensor_glue_161/HI
 u_glue/edge_sensor_glue_162/HI
 u_glue/edge_sensor_glue_163/HI
 u_glue/edge_sensor_glue_164/HI
 u_glue/edge_sensor_glue_165/HI
 u_glue/edge_sensor_glue_166/HI
 u_glue/edge_sensor_glue_167/HI
 u_glue/edge_sensor_glue_168/HI
 u_glue/edge_sensor_glue_169/HI
 u_glue/edge_sensor_glue_170/HI
 u_glue/edge_sensor_glue_171/HI
 u_glue/edge_sensor_glue_172/HI
 u_glue/edge_sensor_glue_173/HI
 u_glue/edge_sensor_glue_174/HI
 u_glue/edge_sensor_glue_175/HI
 u_glue/edge_sensor_glue_176/HI
 u_glue/edge_sensor_glue_177/HI
 u_glue/edge_sensor_glue_178/HI
 u_glue/edge_sensor_glue_179/HI
 u_glue/edge_sensor_glue_180/HI
 u_glue/edge_sensor_glue_181/HI
 u_glue/edge_sensor_glue_182/HI
 u_glue/edge_sensor_glue_183/HI
 u_glue/edge_sensor_glue_184/HI
 u_glue/edge_sensor_glue_185/HI
 u_glue/edge_sensor_glue_186/HI
 u_glue/edge_sensor_glue_187/HI
 u_glue/edge_sensor_glue_188/HI
 u_glue/edge_sensor_glue_189/HI
 u_glue/edge_sensor_glue_190/HI
 u_glue/edge_sensor_glue_191/HI
 u_glue/edge_sensor_glue_192/HI
 u_glue/edge_sensor_glue_193/HI
 u_glue/edge_sensor_glue_194/HI
 u_glue/edge_sensor_glue_195/HI
 u_glue/edge_sensor_glue_196/HI
 u_glue/edge_sensor_glue_197/HI
 u_glue/edge_sensor_glue_198/HI
 u_glue/edge_sensor_glue_199/HI
 u_glue/edge_sensor_glue_200/HI
 u_glue/edge_sensor_glue_201/HI
 u_glue/edge_sensor_glue_202/HI
 u_glue/edge_sensor_glue_203/HI
 u_glue/edge_sensor_glue_204/HI
 u_glue/edge_sensor_glue_205/HI
 u_glue/edge_sensor_glue_206/HI
 u_glue/edge_sensor_glue_207/HI
 u_glue/edge_sensor_glue_208/HI
 u_glue/edge_sensor_glue_209/HI
 u_glue/edge_sensor_glue_210/HI
 u_glue/edge_sensor_glue_211/HI
 u_glue/edge_sensor_glue_212/HI
 u_glue/edge_sensor_glue_213/HI
 u_glue/edge_sensor_glue_214/HI
 u_glue/edge_sensor_glue_215/HI
 u_glue/edge_sensor_glue_216/HI
 u_glue/edge_sensor_glue_217/HI
 u_glue/edge_sensor_glue_218/HI
 u_glue/edge_sensor_glue_219/HI
 u_glue/edge_sensor_glue_220/HI
 u_glue/edge_sensor_glue_221/HI
 u_glue/edge_sensor_glue_222/HI
 u_glue/edge_sensor_glue_223/HI
 u_glue/edge_sensor_glue_224/HI
 u_glue/edge_sensor_glue_225/HI
 u_glue/edge_sensor_glue_226/HI
 u_glue/edge_sensor_glue_227/HI
 u_glue/edge_sensor_glue_228/HI
 u_glue/edge_sensor_glue_229/HI
 u_glue/edge_sensor_glue_230/HI
 u_glue/edge_sensor_glue_231/HI
 u_glue/edge_sensor_glue_232/HI
 u_glue/edge_sensor_glue_233/HI
 u_glue/edge_sensor_glue_234/HI
 u_glue/edge_sensor_glue_235/HI
 u_glue/edge_sensor_glue_236/HI
 u_glue/edge_sensor_glue_237/HI
 u_glue/edge_sensor_glue_238/HI
 u_glue/edge_sensor_glue_239/HI
 u_glue/edge_sensor_glue_240/HI
 u_glue/edge_sensor_glue_241/HI
 u_glue/edge_sensor_glue_242/HI
 u_glue/edge_sensor_glue_243/HI
 u_glue/edge_sensor_glue_244/HI
 u_glue/edge_sensor_glue_245/HI
 u_glue/edge_sensor_glue_246/HI
 u_glue/edge_sensor_glue_247/HI
 u_glue/edge_sensor_glue_248/HI
 u_glue/edge_sensor_glue_249/HI
 u_glue/edge_sensor_glue_250/LO
 u_glue/edge_sensor_glue_251/LO
 u_glue/edge_sensor_glue_252/LO
 u_glue/edge_sensor_glue_253/LO
 u_glue/edge_sensor_glue_254/LO
 u_glue/edge_sensor_glue_255/LO
 u_glue/edge_sensor_glue_256/LO
 u_glue/edge_sensor_glue_257/LO
 u_glue/edge_sensor_glue_258/LO
 u_glue/edge_sensor_glue_259/LO
 u_glue/edge_sensor_glue_260/LO
 u_glue/edge_sensor_glue_261/LO
 u_glue/edge_sensor_glue_262/LO
 u_glue/edge_sensor_glue_263/LO
 u_glue/edge_sensor_glue_264/LO
 u_glue/edge_sensor_glue_265/LO
 u_glue/edge_sensor_glue_266/LO
 u_glue/edge_sensor_glue_267/LO
 u_glue/edge_sensor_glue_268/LO
 u_glue/edge_sensor_glue_269/LO
 u_glue/edge_sensor_glue_270/LO
 u_glue/edge_sensor_glue_271/LO
 u_glue/edge_sensor_glue_272/LO
 u_glue/edge_sensor_glue_273/LO
 u_glue/edge_sensor_glue_274/LO
 u_glue/edge_sensor_glue_275/LO
 u_glue/edge_sensor_glue_276/LO
 u_glue/edge_sensor_glue_277/LO
 u_glue/edge_sensor_glue_278/LO
 u_glue/edge_sensor_glue_279/LO
 u_glue/edge_sensor_glue_280/LO
 u_glue/edge_sensor_glue_281/LO
 u_glue/edge_sensor_glue_31/HI
 u_glue/edge_sensor_glue_32/HI
 u_glue/edge_sensor_glue_33/HI
 u_glue/edge_sensor_glue_34/HI
 u_glue/edge_sensor_glue_35/HI
 u_glue/edge_sensor_glue_36/HI
 u_glue/edge_sensor_glue_37/HI
 u_glue/edge_sensor_glue_38/HI
 u_glue/edge_sensor_glue_39/HI
 u_glue/edge_sensor_glue_40/HI
 u_glue/edge_sensor_glue_41/HI
 u_glue/edge_sensor_glue_42/HI
 u_glue/edge_sensor_glue_43/HI
 u_glue/edge_sensor_glue_44/HI
 u_glue/edge_sensor_glue_45/HI
 u_glue/edge_sensor_glue_46/HI
 u_glue/edge_sensor_glue_47/HI
 u_glue/edge_sensor_glue_48/HI
 u_glue/edge_sensor_glue_49/HI
 u_glue/edge_sensor_glue_50/HI
 u_glue/edge_sensor_glue_51/HI
 u_glue/edge_sensor_glue_52/HI
 u_glue/edge_sensor_glue_53/HI
 u_glue/edge_sensor_glue_54/HI
 u_glue/edge_sensor_glue_55/HI
 u_glue/edge_sensor_glue_56/HI
 u_glue/edge_sensor_glue_57/HI
 u_glue/edge_sensor_glue_58/HI
 u_glue/edge_sensor_glue_59/HI
 u_glue/edge_sensor_glue_60/HI
 u_glue/edge_sensor_glue_61/HI
 u_glue/edge_sensor_glue_62/HI
 u_glue/edge_sensor_glue_63/HI
 u_glue/edge_sensor_glue_64/HI
 u_glue/edge_sensor_glue_65/HI
 u_glue/edge_sensor_glue_66/HI
 u_glue/edge_sensor_glue_67/HI
 u_glue/edge_sensor_glue_68/HI
 u_glue/edge_sensor_glue_69/HI
 u_glue/edge_sensor_glue_70/HI
 u_glue/edge_sensor_glue_71/HI
 u_glue/edge_sensor_glue_72/HI
 u_glue/edge_sensor_glue_73/HI
 u_glue/edge_sensor_glue_74/HI
 u_glue/edge_sensor_glue_75/HI
 u_glue/edge_sensor_glue_76/HI
 u_glue/edge_sensor_glue_77/HI
 u_glue/edge_sensor_glue_78/HI
 u_glue/edge_sensor_glue_79/HI
 u_glue/edge_sensor_glue_80/HI
 u_glue/edge_sensor_glue_81/HI
 u_glue/edge_sensor_glue_82/HI
 u_glue/edge_sensor_glue_83/HI
 u_glue/edge_sensor_glue_84/HI
 u_glue/edge_sensor_glue_85/HI
 u_glue/edge_sensor_glue_86/HI
 u_glue/edge_sensor_glue_87/HI
 u_glue/edge_sensor_glue_88/HI
 u_glue/edge_sensor_glue_89/HI
 u_glue/edge_sensor_glue_90/HI
 u_glue/edge_sensor_glue_91/HI
 u_glue/edge_sensor_glue_92/HI
 u_glue/edge_sensor_glue_93/HI
 u_glue/edge_sensor_glue_94/HI
 u_glue/edge_sensor_glue_95/HI
 u_glue/edge_sensor_glue_96/HI
 u_glue/edge_sensor_glue_97/HI
 u_glue/edge_sensor_glue_98/HI
 u_glue/edge_sensor_glue_99/HI
 u_ibex/clkload0/X
 u_ibex/clkload1/Y
 u_ibex/clkload2/Y
 u_ibex/clkload3/Y
 u_ibex/rv_core_ibex_tlul_173/HI
 u_ibex/rv_core_ibex_tlul_174/HI
 u_ibex/rv_core_ibex_tlul_175/HI
 u_ibex/rv_core_ibex_tlul_176/HI
 u_ibex/rv_core_ibex_tlul_177/HI
 u_ibex/rv_core_ibex_tlul_178/HI
 u_ibex/rv_core_ibex_tlul_179/HI
 u_ibex/rv_core_ibex_tlul_180/HI
 u_ibex/rv_core_ibex_tlul_181/HI
 u_ibex/rv_core_ibex_tlul_182/HI
 u_ibex/rv_core_ibex_tlul_183/HI
 u_ibex/rv_core_ibex_tlul_184/HI
 u_ibex/rv_core_ibex_tlul_185/HI
 u_ibex/rv_core_ibex_tlul_186/HI
 u_ibex/rv_core_ibex_tlul_187/HI
 u_ibex/rv_core_ibex_tlul_188/HI
 u_ibex/rv_core_ibex_tlul_189/HI
 u_ibex/rv_core_ibex_tlul_190/HI
 u_ibex/rv_core_ibex_tlul_191/HI
 u_ibex/rv_core_ibex_tlul_192/HI
 u_ibex/rv_core_ibex_tlul_193/HI
 u_ibex/rv_core_ibex_tlul_194/HI
 u_ibex/rv_core_ibex_tlul_195/HI
 u_ibex/rv_core_ibex_tlul_196/HI
 u_ibex/rv_core_ibex_tlul_197/HI
 u_ibex/rv_core_ibex_tlul_198/HI
 u_ibex/rv_core_ibex_tlul_199/HI
 u_ibex/rv_core_ibex_tlul_200/HI
 u_ibex/rv_core_ibex_tlul_201/HI
 u_ibex/rv_core_ibex_tlul_202/HI
 u_ibex/rv_core_ibex_tlul_203/HI
 u_ibex/rv_core_ibex_tlul_204/HI
 u_ibex/rv_core_ibex_tlul_205/HI
 u_ibex/rv_core_ibex_tlul_206/HI
 u_ibex/rv_core_ibex_tlul_207/HI
 u_ibex/rv_core_ibex_tlul_208/HI
 u_ibex/rv_core_ibex_tlul_209/HI
 u_ibex/rv_core_ibex_tlul_210/HI
 u_ibex/rv_core_ibex_tlul_211/HI
 u_ibex/rv_core_ibex_tlul_212/HI
 u_ibex/rv_core_ibex_tlul_213/HI
 u_ibex/rv_core_ibex_tlul_214/HI
 u_ibex/rv_core_ibex_tlul_215/HI
 u_ibex/rv_core_ibex_tlul_216/HI
 u_ibex/rv_core_ibex_tlul_217/HI
 u_ibex/rv_core_ibex_tlul_218/HI
 u_ibex/rv_core_ibex_tlul_219/HI
 u_ibex/rv_core_ibex_tlul_220/HI
 u_ibex/rv_core_ibex_tlul_221/HI
 u_ibex/rv_core_ibex_tlul_222/HI
 u_ibex/rv_core_ibex_tlul_223/HI
 u_ibex/rv_core_ibex_tlul_224/HI
 u_ibex/rv_core_ibex_tlul_225/HI
 u_ibex/rv_core_ibex_tlul_226/HI
 u_ibex/rv_core_ibex_tlul_227/HI
 u_ibex/rv_core_ibex_tlul_228/HI
 u_ibex/rv_core_ibex_tlul_229/HI
 u_ibex/rv_core_ibex_tlul_230/HI
 u_ibex/rv_core_ibex_tlul_231/HI
 u_ibex/rv_core_ibex_tlul_232/HI
 u_ibex/rv_core_ibex_tlul_233/LO
 u_ibex/rv_core_ibex_tlul_234/LO
 u_ibex/rv_core_ibex_tlul_235/LO
 u_ibex/rv_core_ibex_tlul_236/LO
 u_ibex/rv_core_ibex_tlul_237/LO
 u_ibex/rv_core_ibex_tlul_238/LO
 u_ibex/rv_core_ibex_tlul_239/LO
 u_ibex/rv_core_ibex_tlul_240/LO
 u_ibex/rv_core_ibex_tlul_241/LO
 u_ibex/rv_core_ibex_tlul_242/LO
 u_ibex/rv_core_ibex_tlul_243/LO
 u_ibex/rv_core_ibex_tlul_244/LO
 u_ibex_1000/HI
 u_ibex_1001/HI
 u_ibex_1002/HI
 u_ibex_1003/HI
 u_ibex_1004/HI
 u_ibex_1005/HI
 u_ibex_1006/HI
 u_ibex_1007/HI
 u_ibex_1008/HI
 u_ibex_1009/HI
 u_ibex_1010/HI
 u_ibex_1011/HI
 u_ibex_1012/HI
 u_ibex_1013/HI
 u_ibex_1014/HI
 u_ibex_1015/HI
 u_ibex_1016/HI
 u_ibex_1017/HI
 u_ibex_1018/HI
 u_ibex_1019/HI
 u_ibex_1020/HI
 u_ibex_1021/HI
 u_ibex_1022/HI
 u_ibex_1023/HI
 u_ibex_1024/HI
 u_ibex_1025/HI
 u_ibex_1026/HI
 u_ibex_1027/HI
 u_ibex_1028/HI
 u_ibex_1029/HI
 u_ibex_1030/HI
 u_ibex_1031/HI
 u_ibex_1032/HI
 u_ibex_1033/HI
 u_ibex_1034/HI
 u_ibex_1035/HI
 u_ibex_1036/HI
 u_ibex_1037/HI
 u_ibex_1038/HI
 u_ibex_1039/HI
 u_ibex_1040/HI
 u_ibex_1041/HI
 u_ibex_1042/HI
 u_ibex_1043/HI
 u_ibex_1044/HI
 u_ibex_1045/HI
 u_ibex_1046/HI
 u_ibex_1258/LO
 u_ibex_982/HI
 u_ibex_983/HI
 u_ibex_984/HI
 u_ibex_985/HI
 u_ibex_986/HI
 u_ibex_987/HI
 u_ibex_988/HI
 u_ibex_989/HI
 u_ibex_990/HI
 u_ibex_991/HI
 u_ibex_992/HI
 u_ibex_993/HI
 u_ibex_994/HI
 u_ibex_995/HI
 u_ibex_996/HI
 u_ibex_997/HI
 u_ibex_998/HI
 u_ibex_999/HI
 u_plic/clkload0/Y
 u_plic/clkload1/Y
 u_plic/clkload10/Y
 u_plic/clkload11/Y
 u_plic/clkload12/Y
 u_plic/clkload13/Y
 u_plic/clkload14/Y
 u_plic/clkload15/X
 u_plic/clkload16/Y
 u_plic/clkload17/Y
 u_plic/clkload18/Y
 u_plic/clkload19/Y
 u_plic/clkload2/Y
 u_plic/clkload20/Y
 u_plic/clkload21/X
 u_plic/clkload22/Y
 u_plic/clkload23/Y
 u_plic/clkload24/Y
 u_plic/clkload25/X
 u_plic/clkload26/Y
 u_plic/clkload27/X
 u_plic/clkload28/X
 u_plic/clkload29/Y
 u_plic/clkload3/X
 u_plic/clkload30/X
 u_plic/clkload31/X
 u_plic/clkload32/Y
 u_plic/clkload33/Y
 u_plic/clkload4/Y
 u_plic/clkload5/X
 u_plic/clkload6/Y
 u_plic/clkload7/Y
 u_plic/clkload8/Y
 u_plic/clkload9/X
 u_plic/rv_plic_lite_532/HI
 u_plic/rv_plic_lite_533/HI
 u_plic/rv_plic_lite_534/HI
 u_plic/rv_plic_lite_535/HI
 u_plic/rv_plic_lite_536/HI
 u_plic/rv_plic_lite_537/HI
 u_plic/rv_plic_lite_538/HI
 u_plic/rv_plic_lite_539/LO
 u_spi_host/clkload0/Y
 u_spi_host/clkload1/Y
 u_spi_host/clkload10/Y
 u_spi_host/clkload11/Y
 u_spi_host/clkload12/Y
 u_spi_host/clkload13/X
 u_spi_host/clkload14/Y
 u_spi_host/clkload15/Y
 u_spi_host/clkload16/Y
 u_spi_host/clkload17/Y
 u_spi_host/clkload18/Y
 u_spi_host/clkload19/Y
 u_spi_host/clkload2/Y
 u_spi_host/clkload20/Y
 u_spi_host/clkload21/Y
 u_spi_host/clkload22/Y
 u_spi_host/clkload23/Y
 u_spi_host/clkload24/Y
 u_spi_host/clkload25/Y
 u_spi_host/clkload26/Y
 u_spi_host/clkload27/Y
 u_spi_host/clkload28/X
 u_spi_host/clkload29/Y
 u_spi_host/clkload3/Y
 u_spi_host/clkload30/Y
 u_spi_host/clkload31/Y
 u_spi_host/clkload32/Y
 u_spi_host/clkload33/Y
 u_spi_host/clkload34/X
 u_spi_host/clkload35/Y
 u_spi_host/clkload36/X
 u_spi_host/clkload37/X
 u_spi_host/clkload38/X
 u_spi_host/clkload39/X
 u_spi_host/clkload4/Y
 u_spi_host/clkload40/Y
 u_spi_host/clkload41/Y
 u_spi_host/clkload42/X
 u_spi_host/clkload43/Y
 u_spi_host/clkload44/Y
 u_spi_host/clkload45/Y
 u_spi_host/clkload46/X
 u_spi_host/clkload47/Y
 u_spi_host/clkload48/X
 u_spi_host/clkload49/X
 u_spi_host/clkload5/Y
 u_spi_host/clkload50/Y
 u_spi_host/clkload51/Y
 u_spi_host/clkload52/X
 u_spi_host/clkload53/Y
 u_spi_host/clkload54/Y
 u_spi_host/clkload55/Y
 u_spi_host/clkload56/Y
 u_spi_host/clkload57/Y
 u_spi_host/clkload58/Y
 u_spi_host/clkload59/Y
 u_spi_host/clkload6/Y
 u_spi_host/clkload60/Y
 u_spi_host/clkload61/Y
 u_spi_host/clkload62/Y
 u_spi_host/clkload63/Y
 u_spi_host/clkload64/Y
 u_spi_host/clkload65/Y
 u_spi_host/clkload66/Y
 u_spi_host/clkload67/X
 u_spi_host/clkload68/Y
 u_spi_host/clkload69/Y
 u_spi_host/clkload7/Y
 u_spi_host/clkload70/X
 u_spi_host/clkload71/X
 u_spi_host/clkload72/X
 u_spi_host/clkload73/Y
 u_spi_host/clkload74/Y
 u_spi_host/clkload75/Y
 u_spi_host/clkload76/X
 u_spi_host/clkload77/Y
 u_spi_host/clkload78/Y
 u_spi_host/clkload79/Y
 u_spi_host/clkload8/Y
 u_spi_host/clkload80/Y
 u_spi_host/clkload9/X
 u_spi_host/spi_host_lite_863/HI
 u_spi_host/spi_host_lite_864/HI
 u_spi_host/spi_host_lite_865/HI
 u_spi_host/spi_host_lite_866/HI
 u_spi_host/spi_host_lite_867/HI
 u_spi_host/spi_host_lite_868/HI
 u_spi_host/spi_host_lite_869/HI
 u_spi_host/spi_host_lite_870/LO
 u_uart/_7116__1587/HI
 u_uart/clkload0/Y
 u_uart/clkload1/Y
 u_uart/clkload10/Y
 u_uart/clkload100/Y
 u_uart/clkload101/X
 u_uart/clkload102/Y
 u_uart/clkload103/X
 u_uart/clkload104/Y
 u_uart/clkload105/Y
 u_uart/clkload106/Y
 u_uart/clkload107/Y
 u_uart/clkload108/Y
 u_uart/clkload109/X
 u_uart/clkload11/X
 u_uart/clkload110/Y
 u_uart/clkload111/Y
 u_uart/clkload112/Y
 u_uart/clkload113/Y
 u_uart/clkload114/X
 u_uart/clkload115/Y
 u_uart/clkload116/Y
 u_uart/clkload117/X
 u_uart/clkload118/X
 u_uart/clkload119/Y
 u_uart/clkload12/Y
 u_uart/clkload120/Y
 u_uart/clkload121/Y
 u_uart/clkload122/Y
 u_uart/clkload123/X
 u_uart/clkload124/Y
 u_uart/clkload125/X
 u_uart/clkload126/X
 u_uart/clkload127/Y
 u_uart/clkload128/X
 u_uart/clkload129/Y
 u_uart/clkload13/Y
 u_uart/clkload130/Y
 u_uart/clkload131/Y
 u_uart/clkload132/X
 u_uart/clkload133/Y
 u_uart/clkload134/Y
 u_uart/clkload135/Y
 u_uart/clkload136/Y
 u_uart/clkload137/Y
 u_uart/clkload138/Y
 u_uart/clkload139/X
 u_uart/clkload14/Y
 u_uart/clkload140/Y
 u_uart/clkload141/Y
 u_uart/clkload142/Y
 u_uart/clkload143/Y
 u_uart/clkload144/X
 u_uart/clkload145/Y
 u_uart/clkload146/Y
 u_uart/clkload15/Y
 u_uart/clkload16/Y
 u_uart/clkload17/Y
 u_uart/clkload18/Y
 u_uart/clkload19/Y
 u_uart/clkload2/Y
 u_uart/clkload20/X
 u_uart/clkload21/Y
 u_uart/clkload22/Y
 u_uart/clkload23/Y
 u_uart/clkload24/Y
 u_uart/clkload25/X
 u_uart/clkload26/Y
 u_uart/clkload27/X
 u_uart/clkload28/Y
 u_uart/clkload29/Y
 u_uart/clkload3/Y
 u_uart/clkload30/Y
 u_uart/clkload31/Y
 u_uart/clkload32/X
 u_uart/clkload33/Y
 u_uart/clkload34/Y
 u_uart/clkload35/Y
 u_uart/clkload36/Y
 u_uart/clkload37/Y
 u_uart/clkload38/Y
 u_uart/clkload39/X
 u_uart/clkload4/X
 u_uart/clkload40/Y
 u_uart/clkload41/Y
 u_uart/clkload42/Y
 u_uart/clkload43/Y
 u_uart/clkload44/Y
 u_uart/clkload45/Y
 u_uart/clkload46/Y
 u_uart/clkload47/Y
 u_uart/clkload48/X
 u_uart/clkload49/Y
 u_uart/clkload5/Y
 u_uart/clkload50/Y
 u_uart/clkload51/Y
 u_uart/clkload52/Y
 u_uart/clkload53/Y
 u_uart/clkload54/Y
 u_uart/clkload55/X
 u_uart/clkload56/X
 u_uart/clkload57/Y
 u_uart/clkload58/Y
 u_uart/clkload59/Y
 u_uart/clkload6/X
 u_uart/clkload60/Y
 u_uart/clkload61/Y
 u_uart/clkload62/Y
 u_uart/clkload63/X
 u_uart/clkload64/Y
 u_uart/clkload65/Y
 u_uart/clkload66/Y
 u_uart/clkload67/Y
 u_uart/clkload68/Y
 u_uart/clkload69/Y
 u_uart/clkload7/Y
 u_uart/clkload70/X
 u_uart/clkload71/Y
 u_uart/clkload72/Y
 u_uart/clkload73/Y
 u_uart/clkload74/Y
 u_uart/clkload75/Y
 u_uart/clkload76/Y
 u_uart/clkload77/X
 u_uart/clkload78/Y
 u_uart/clkload79/Y
 u_uart/clkload8/X
 u_uart/clkload80/Y
 u_uart/clkload81/Y
 u_uart/clkload82/Y
 u_uart/clkload83/Y
 u_uart/clkload84/Y
 u_uart/clkload85/Y
 u_uart/clkload86/Y
 u_uart/clkload87/Y
 u_uart/clkload88/Y
 u_uart/clkload89/Y
 u_uart/clkload9/X
 u_uart/clkload90/Y
 u_uart/clkload91/Y
 u_uart/clkload92/Y
 u_uart/clkload93/Y
 u_uart/clkload94/X
 u_uart/clkload95/Y
 u_uart/clkload96/Y
 u_uart/clkload97/Y
 u_uart/clkload98/Y
 u_uart/clkload99/X
 u_uart/uart_1588/HI
 u_uart/uart_1589/HI
 u_uart/uart_1590/HI
 u_uart/uart_1591/HI
 u_uart/uart_1592/HI
 u_uart/uart_1593/HI
 u_uart/uart_1594/HI
 u_uart/uart_1595/HI
 u_uart/uart_1596/HI
 u_uart/uart_1597/HI
 u_uart/uart_1598/HI
 u_uart/uart_1599/HI
 u_uart/uart_1600/HI
 u_uart/uart_1601/HI
 u_uart/uart_1602/HI
 u_uart/uart_1603/HI
 u_uart/uart_1604/HI
 u_uart/uart_1605/HI
 u_uart/uart_1606/HI
 u_uart/uart_1607/HI
 u_uart/uart_1608/HI
 u_uart/uart_1609/HI
 u_uart/uart_1610/HI
 u_uart/uart_1611/HI
 u_uart/uart_1612/HI
 u_uart/uart_1613/HI
 u_uart/uart_1614/HI
 u_uart/uart_1615/HI
 u_uart/uart_1616/HI
 u_uart/uart_1617/HI
 u_uart/uart_1618/HI
 u_uart/uart_1619/HI
 u_uart/uart_1620/HI
 u_uart/uart_1621/HI
 u_uart/uart_1622/HI
 u_uart/uart_1623/HI
 u_uart/uart_1624/HI
 u_uart/uart_1625/HI
 u_uart/uart_1626/HI
 u_uart/uart_1627/HI
 u_uart/uart_1628/HI
 u_uart/uart_1629/HI
 u_uart/uart_1630/HI
 u_uart/uart_1631/HI
 u_uart/uart_1632/HI
 u_uart/uart_1633/HI
 u_uart/uart_1634/HI
 u_uart/uart_1635/HI
 u_uart/uart_1636/HI
 u_uart/uart_1637/HI
 u_uart/uart_1638/HI
 u_uart/uart_1639/HI
 u_uart/uart_1640/HI
 u_uart/uart_1641/HI
 u_uart/uart_1642/HI
 u_uart/uart_1643/LO
 u_uart_1047/HI
 u_uart_1048/HI
 u_uart_1049/HI
 u_uart_1050/HI
 u_uart_1051/HI
 u_uart_1052/HI
 u_uart_1053/HI
 u_uart_1054/HI
 u_uart_1055/HI
 u_uart_1056/HI
 u_uart_1057/HI
 u_uart_1058/HI
 u_xbar_1059/HI
 u_xbar_1060/HI
 u_xbar_1061/HI
 u_xbar_1062/HI
 u_xbar_1063/HI
 u_xbar_1064/HI
 u_xbar_1065/HI
 u_xbar_1066/HI
 u_xbar_1067/HI
 u_xbar_1068/HI
 u_xbar_1069/HI
 u_xbar_1070/HI
 u_xbar_1071/HI
 u_xbar_1072/HI
 u_xbar_1073/HI
 u_xbar_1074/HI
 u_xbar_1075/HI
 u_xbar_1076/HI
 u_xbar_1077/HI
 u_xbar_1078/HI
 u_xbar_1079/HI
 u_xbar_1080/HI
 u_xbar_1081/HI
 u_xbar_1082/HI
 u_xbar_1083/HI
 u_xbar_1084/HI
 u_xbar_1085/HI
 u_xbar_1086/HI
 u_xbar_1087/HI
 u_xbar_1088/HI
 u_xbar_1089/HI
 u_xbar_1090/HI
 u_xbar_1091/HI
 u_xbar_1092/HI
 u_xbar_1093/HI
 u_xbar_1094/HI
 u_xbar_1095/HI
 u_xbar_1096/HI
 u_xbar_1097/HI
 u_xbar_1098/HI
 u_xbar_1099/HI
 u_xbar_1100/HI
 u_xbar_1101/HI
 u_xbar_1102/HI
 u_xbar_1103/HI
 u_xbar_1104/HI
 u_xbar_1105/HI
 u_xbar_1106/HI
 u_xbar_1107/HI
 u_xbar_1108/HI
 u_xbar_1109/HI
 u_xbar_1110/HI
 u_xbar_1111/HI
 u_xbar_1112/HI
 u_xbar_1113/HI
 u_xbar_1114/HI
 u_xbar_1115/HI
 u_xbar_1116/HI
 u_xbar_1117/HI
 u_xbar_1118/HI
 u_xbar_1119/HI
 u_xbar_1120/HI
 u_xbar_1121/HI
 u_xbar_1122/HI
 u_xbar_1123/HI
 u_xbar_1124/HI
 u_xbar_1125/HI
 u_xbar_1126/HI
 u_xbar_1127/HI
 u_xbar_1128/HI
 u_xbar_1129/HI
 u_xbar_1130/HI
 u_xbar_1131/HI
 u_xbar_1132/HI
 u_xbar_1133/HI
 u_xbar_1134/HI
 u_xbar_1135/HI
 u_xbar_1136/HI
 u_xbar_1137/HI
 u_xbar_1138/HI
 u_xbar_1139/HI
 u_xbar_1140/HI
 u_xbar_1141/HI
 u_xbar_1142/HI
 u_xbar_1143/HI
 u_xbar_1144/HI
 u_xbar_1145/HI
 u_xbar_1146/HI
 u_xbar_1147/HI
 u_xbar_1148/HI
 u_xbar_1149/HI
 u_xbar_1150/HI
 u_xbar_1151/HI
 u_xbar_1152/HI
 u_xbar_1153/HI
 u_xbar_1154/HI
 u_xbar_1155/HI
 u_xbar_1156/HI
 u_xbar_1157/HI
 u_xbar_1158/HI
 u_xbar_1159/HI
 u_xbar_1160/HI
 u_xbar_1161/HI
 u_xbar_1162/HI
 u_xbar_1163/HI
 u_xbar_1164/HI
 u_xbar_1165/HI
 u_xbar_1166/HI
 u_xbar_1167/HI
 u_xbar_1168/HI
 u_xbar_1169/HI
 u_xbar_1170/HI
 u_xbar_1171/HI
 u_xbar_1172/HI
 u_xbar_1173/HI
 u_xbar_1174/HI
 u_xbar_1175/HI
 u_xbar_1176/HI
 u_xbar_1177/HI
 u_xbar_1178/HI
 u_xbar_1179/HI
 u_xbar_1180/HI
 u_xbar_1181/HI
 u_xbar_1182/HI
 u_xbar_1183/HI
 u_xbar_1184/HI
 u_xbar_1185/HI
 u_xbar_1186/HI
 u_xbar_1187/HI
 u_xbar_1188/HI
 u_xbar_1189/HI
 u_xbar_1190/HI
 u_xbar_1191/HI
 u_xbar_1192/HI
 u_xbar_1193/HI
 u_xbar_1194/HI
 u_xbar_1195/HI
 u_xbar_1196/HI
 u_xbar_1197/HI
 u_xbar_1198/HI
 u_xbar_1199/HI
 u_xbar_1200/HI
 u_xbar_1201/HI
 u_xbar_1202/HI
 u_xbar_1203/HI
 u_xbar_1204/HI
 u_xbar_1205/HI
 u_xbar_1206/HI
 u_xbar_1207/HI
 u_xbar_1208/HI
 u_xbar_1209/HI
 u_xbar_1210/HI
 u_xbar_1211/HI
 u_xbar_1212/HI
 u_xbar_1213/HI
 u_xbar_1214/HI
 u_xbar_1215/HI
 u_xbar_1216/HI
 u_xbar_1217/HI
 u_xbar_1218/HI
 u_xbar_1219/HI
 u_xbar_1220/HI
 u_xbar_1221/HI
 u_xbar_1222/HI
 u_xbar_1223/HI
 u_xbar_1224/HI
 u_xbar_1225/HI
 u_xbar_1226/HI
 u_xbar_1227/HI
 u_xbar_1228/HI
 u_xbar_1229/HI
 u_xbar_1230/HI
 u_xbar_1231/HI
 u_xbar_1232/HI
 u_xbar_1233/HI
 u_xbar_1234/HI
 u_xbar_1235/HI
 u_xbar_1236/HI
 u_xbar_1237/HI
 u_xbar_1238/HI
 u_xbar_1239/HI
 u_xbar_1240/HI
 u_xbar_1241/HI
 u_xbar_1242/HI
 u_xbar_1243/HI
 u_xbar_1244/HI
 u_xbar_1245/HI
 u_xbar_1246/HI
 u_xbar_1247/HI
 u_xbar_1248/HI
 u_xbar_1249/HI
 u_xbar_1250/HI
 u_xbar_1251/HI
 u_xbar_1252/HI
 u_xbar_1253/HI
 u_xbar_1254/HI
 u_xbar_1255/HI
 u_xbar_1256/HI
Found 107 partially unannotated drivers.
 u_fft/hold102/X
  u_fft/u_fft_top.memory_interface_inst.u_fft_mem.u_bank0/DI[11]
  u_fft/u_fft_top.memory_interface_inst.u_fft_mem.u_bank1/DI[11]
 u_fft/hold106/X
  u_fft/u_fft_top.memory_interface_inst.u_fft_mem.u_bank0/DI[28]
  u_fft/u_fft_top.memory_interface_inst.u_fft_mem.u_bank1/DI[28]
 u_fft/hold109/X
  u_fft/u_fft_top.memory_interface_inst.u_fft_mem.u_bank0/DI[1]
 u_fft/hold113/X
  u_fft/u_fft_top.memory_interface_inst.u_fft_mem.u_bank0/DI[27]
  u_fft/u_fft_top.memory_interface_inst.u_fft_mem.u_bank1/DI[27]
 u_fft/hold119/X
  u_fft/u_fft_top.memory_interface_inst.u_fft_mem.u_bank0/DI[29]
  u_fft/u_fft_top.memory_interface_inst.u_fft_mem.u_bank1/DI[29]
 u_fft/hold123/X
  u_fft/u_fft_top.memory_interface_inst.u_fft_mem.u_bank0/DI[19]
  u_fft/u_fft_top.memory_interface_inst.u_fft_mem.u_bank1/DI[19]
 u_fft/hold127/X
  u_fft/u_fft_top.memory_interface_inst.u_fft_mem.u_bank0/DI[26]
  u_fft/u_fft_top.memory_interface_inst.u_fft_mem.u_bank1/DI[26]
 u_fft/hold131/X
  u_fft/u_fft_top.memory_interface_inst.u_fft_mem.u_bank0/DI[9]
  u_fft/u_fft_top.memory_interface_inst.u_fft_mem.u_bank1/DI[9]
 u_fft/hold135/X
  u_fft/u_fft_top.memory_interface_inst.u_fft_mem.u_bank0/DI[10]
  u_fft/u_fft_top.memory_interface_inst.u_fft_mem.u_bank1/DI[10]
 u_fft/hold139/X
  u_fft/u_fft_top.memory_interface_inst.u_fft_mem.u_bank0/DI[8]
  u_fft/u_fft_top.memory_interface_inst.u_fft_mem.u_bank1/DI[8]
 u_fft/hold143/X
  u_fft/u_fft_top.memory_interface_inst.u_fft_mem.u_bank0/DI[12]
  u_fft/u_fft_top.memory_interface_inst.u_fft_mem.u_bank1/DI[12]
 u_fft/hold147/X
  u_fft/u_fft_top.memory_interface_inst.u_fft_mem.u_bank0/DI[14]
  u_fft/u_fft_top.memory_interface_inst.u_fft_mem.u_bank1/DI[14]
 u_fft/hold151/X
  u_fft/u_fft_top.memory_interface_inst.u_fft_mem.u_bank0/DI[15]
  u_fft/u_fft_top.memory_interface_inst.u_fft_mem.u_bank1/DI[15]
 u_fft/hold155/X
  u_fft/u_fft_top.memory_interface_inst.u_fft_mem.u_bank0/DI[16]
  u_fft/u_fft_top.memory_interface_inst.u_fft_mem.u_bank1/DI[16]
 u_fft/hold159/X
  u_fft/u_fft_top.memory_interface_inst.u_fft_mem.u_bank0/DI[18]
  u_fft/u_fft_top.memory_interface_inst.u_fft_mem.u_bank1/DI[18]
 u_fft/hold163/X
  u_fft/u_fft_top.memory_interface_inst.u_fft_mem.u_bank0/DI[23]
  u_fft/u_fft_top.memory_interface_inst.u_fft_mem.u_bank1/DI[23]
 u_fft/hold167/X
  u_fft/u_fft_top.memory_interface_inst.u_fft_mem.u_bank0/DI[17]
  u_fft/u_fft_top.memory_interface_inst.u_fft_mem.u_bank1/DI[17]
 u_fft/hold171/X
  u_fft/u_fft_top.memory_interface_inst.u_fft_mem.u_bank0/DI[24]
  u_fft/u_fft_top.memory_interface_inst.u_fft_mem.u_bank1/DI[24]
 u_fft/hold175/X
  u_fft/u_fft_top.memory_interface_inst.u_fft_mem.u_bank0/DI[30]
  u_fft/u_fft_top.memory_interface_inst.u_fft_mem.u_bank1/DI[30]
 u_fft/hold179/X
  u_fft/u_fft_top.memory_interface_inst.u_fft_mem.u_bank0/DI[22]
  u_fft/u_fft_top.memory_interface_inst.u_fft_mem.u_bank1/DI[22]
 u_fft/hold183/X
  u_fft/u_fft_top.memory_interface_inst.u_fft_mem.u_bank0/DI[31]
  u_fft/u_fft_top.memory_interface_inst.u_fft_mem.u_bank1/DI[31]
 u_fft/hold187/X
  u_fft/u_fft_top.memory_interface_inst.u_fft_mem.u_bank0/DI[25]
  u_fft/u_fft_top.memory_interface_inst.u_fft_mem.u_bank1/DI[25]
 u_fft/hold190/X
  u_fft/u_fft_top.memory_interface_inst.u_fft_mem.u_bank0/DI[13]
  u_fft/u_fft_top.memory_interface_inst.u_fft_mem.u_bank1/DI[13]
 u_fft/hold203/X
  u_fft/u_fft_top.memory_interface_inst.u_fft_mem.u_bank0/DI[21]
  u_fft/u_fft_top.memory_interface_inst.u_fft_mem.u_bank1/DI[21]
 u_fft/hold219/X
  u_fft/u_fft_top.memory_interface_inst.u_fft_mem.u_bank0/AD[0]
  u_fft/u_fft_top.memory_interface_inst.u_fft_mem.u_bank1/AD[0]
 u_fft/hold222/X
  u_fft/u_fft_top.memory_interface_inst.u_fft_mem.u_bank0/AD[9]
  u_fft/u_fft_top.memory_interface_inst.u_fft_mem.u_bank1/AD[9]
 u_fft/hold225/X
  u_fft/u_fft_top.memory_interface_inst.u_fft_mem.u_bank0/AD[4]
  u_fft/u_fft_top.memory_interface_inst.u_fft_mem.u_bank1/AD[4]
 u_fft/hold2269/X
  u_fft/u_fft_top.memory_interface_inst.u_fft_mem.u_bank1/DI[1]
 u_fft/hold228/X
  u_fft/u_fft_top.memory_interface_inst.u_fft_mem.u_bank0/AD[1]
  u_fft/u_fft_top.memory_interface_inst.u_fft_mem.u_bank1/AD[1]
 u_fft/hold231/X
  u_fft/u_fft_top.memory_interface_inst.u_fft_mem.u_bank0/AD[2]
  u_fft/u_fft_top.memory_interface_inst.u_fft_mem.u_bank1/AD[2]
 u_fft/hold234/X
  u_fft/u_fft_top.memory_interface_inst.u_fft_mem.u_bank0/AD[8]
  u_fft/u_fft_top.memory_interface_inst.u_fft_mem.u_bank1/AD[8]
 u_fft/hold237/X
  u_fft/u_fft_top.memory_interface_inst.u_fft_mem.u_bank0/AD[3]
  u_fft/u_fft_top.memory_interface_inst.u_fft_mem.u_bank1/AD[3]
 u_fft/hold240/X
  u_fft/u_fft_top.memory_interface_inst.u_fft_mem.u_bank0/AD[7]
  u_fft/u_fft_top.memory_interface_inst.u_fft_mem.u_bank1/AD[7]
 u_fft/hold243/X
  u_fft/u_fft_top.memory_interface_inst.u_fft_mem.u_bank0/AD[5]
  u_fft/u_fft_top.memory_interface_inst.u_fft_mem.u_bank1/AD[5]
 u_fft/hold250/X
  u_fft/u_fft_top.memory_interface_inst.u_fft_mem.u_bank0/AD[6]
  u_fft/u_fft_top.memory_interface_inst.u_fft_mem.u_bank1/AD[6]
 u_fft/hold26/X
  u_fft/u_fft_top.memory_interface_inst.u_fft_mem.u_bank0/DI[20]
  u_fft/u_fft_top.memory_interface_inst.u_fft_mem.u_bank1/DI[20]
 u_fft/hold68/X
  u_fft/u_fft_top.memory_interface_inst.u_fft_mem.u_bank0/DI[6]
  u_fft/u_fft_top.memory_interface_inst.u_fft_mem.u_bank1/DI[6]
 u_fft/hold75/X
  u_fft/u_fft_top.memory_interface_inst.u_fft_mem.u_bank0/DI[3]
  u_fft/u_fft_top.memory_interface_inst.u_fft_mem.u_bank1/DI[3]
 u_fft/hold79/X
  u_fft/u_fft_top.memory_interface_inst.u_fft_mem.u_bank0/DI[4]
  u_fft/u_fft_top.memory_interface_inst.u_fft_mem.u_bank1/DI[4]
 u_fft/hold83/X
  u_fft/u_fft_top.memory_interface_inst.u_fft_mem.u_bank0/DI[0]
  u_fft/u_fft_top.memory_interface_inst.u_fft_mem.u_bank1/DI[0]
 u_fft/hold87/X
  u_fft/u_fft_top.memory_interface_inst.u_fft_mem.u_bank0/DI[5]
  u_fft/u_fft_top.memory_interface_inst.u_fft_mem.u_bank1/DI[5]
 u_fft/hold91/X
  u_fft/u_fft_top.memory_interface_inst.u_fft_mem.u_bank0/DI[2]
  u_fft/u_fft_top.memory_interface_inst.u_fft_mem.u_bank1/DI[2]
 u_fft/hold98/X
  u_fft/u_fft_top.memory_interface_inst.u_fft_mem.u_bank0/DI[7]
  u_fft/u_fft_top.memory_interface_inst.u_fft_mem.u_bank1/DI[7]
 u_fft/u_fft_top.memory_interface_inst.u_fft_mem.u_bank0_1811/HI
  u_fft/u_fft_top.memory_interface_inst.u_fft_mem.u_bank0/BEN[31]
 u_fft/u_fft_top.memory_interface_inst.u_fft_mem.u_bank0_1812/HI
  u_fft/u_fft_top.memory_interface_inst.u_fft_mem.u_bank0/BEN[30]
 u_fft/u_fft_top.memory_interface_inst.u_fft_mem.u_bank0_1813/HI
  u_fft/u_fft_top.memory_interface_inst.u_fft_mem.u_bank0/BEN[29]
 u_fft/u_fft_top.memory_interface_inst.u_fft_mem.u_bank0_1814/HI
  u_fft/u_fft_top.memory_interface_inst.u_fft_mem.u_bank0/BEN[28]
 u_fft/u_fft_top.memory_interface_inst.u_fft_mem.u_bank0_1815/HI
  u_fft/u_fft_top.memory_interface_inst.u_fft_mem.u_bank0/BEN[27]
 u_fft/u_fft_top.memory_interface_inst.u_fft_mem.u_bank0_1816/HI
  u_fft/u_fft_top.memory_interface_inst.u_fft_mem.u_bank0/BEN[26]
 u_fft/u_fft_top.memory_interface_inst.u_fft_mem.u_bank0_1817/HI
  u_fft/u_fft_top.memory_interface_inst.u_fft_mem.u_bank0/BEN[25]
 u_fft/u_fft_top.memory_interface_inst.u_fft_mem.u_bank0_1818/HI
  u_fft/u_fft_top.memory_interface_inst.u_fft_mem.u_bank0/BEN[24]
 u_fft/u_fft_top.memory_interface_inst.u_fft_mem.u_bank0_1819/HI
  u_fft/u_fft_top.memory_interface_inst.u_fft_mem.u_bank0/BEN[23]
 u_fft/u_fft_top.memory_interface_inst.u_fft_mem.u_bank0_1820/HI
  u_fft/u_fft_top.memory_interface_inst.u_fft_mem.u_bank0/BEN[22]
 u_fft/u_fft_top.memory_interface_inst.u_fft_mem.u_bank0_1821/HI
  u_fft/u_fft_top.memory_interface_inst.u_fft_mem.u_bank0/BEN[21]
 u_fft/u_fft_top.memory_interface_inst.u_fft_mem.u_bank0_1822/HI
  u_fft/u_fft_top.memory_interface_inst.u_fft_mem.u_bank0/BEN[20]
 u_fft/u_fft_top.memory_interface_inst.u_fft_mem.u_bank0_1823/HI
  u_fft/u_fft_top.memory_interface_inst.u_fft_mem.u_bank0/BEN[19]
 u_fft/u_fft_top.memory_interface_inst.u_fft_mem.u_bank0_1824/HI
  u_fft/u_fft_top.memory_interface_inst.u_fft_mem.u_bank0/BEN[18]
 u_fft/u_fft_top.memory_interface_inst.u_fft_mem.u_bank0_1825/HI
  u_fft/u_fft_top.memory_interface_inst.u_fft_mem.u_bank0/BEN[17]
 u_fft/u_fft_top.memory_interface_inst.u_fft_mem.u_bank0_1826/HI
  u_fft/u_fft_top.memory_interface_inst.u_fft_mem.u_bank0/BEN[16]
 u_fft/u_fft_top.memory_interface_inst.u_fft_mem.u_bank0_1827/HI
  u_fft/u_fft_top.memory_interface_inst.u_fft_mem.u_bank0/BEN[15]
 u_fft/u_fft_top.memory_interface_inst.u_fft_mem.u_bank0_1828/HI
  u_fft/u_fft_top.memory_interface_inst.u_fft_mem.u_bank0/BEN[14]
 u_fft/u_fft_top.memory_interface_inst.u_fft_mem.u_bank0_1829/HI
  u_fft/u_fft_top.memory_interface_inst.u_fft_mem.u_bank0/BEN[13]
 u_fft/u_fft_top.memory_interface_inst.u_fft_mem.u_bank0_1830/HI
  u_fft/u_fft_top.memory_interface_inst.u_fft_mem.u_bank0/BEN[12]
 u_fft/u_fft_top.memory_interface_inst.u_fft_mem.u_bank0_1831/HI
  u_fft/u_fft_top.memory_interface_inst.u_fft_mem.u_bank0/BEN[11]
 u_fft/u_fft_top.memory_interface_inst.u_fft_mem.u_bank0_1832/HI
  u_fft/u_fft_top.memory_interface_inst.u_fft_mem.u_bank0/BEN[10]
 u_fft/u_fft_top.memory_interface_inst.u_fft_mem.u_bank0_1833/HI
  u_fft/u_fft_top.memory_interface_inst.u_fft_mem.u_bank0/BEN[9]
 u_fft/u_fft_top.memory_interface_inst.u_fft_mem.u_bank0_1834/HI
  u_fft/u_fft_top.memory_interface_inst.u_fft_mem.u_bank0/BEN[8]
 u_fft/u_fft_top.memory_interface_inst.u_fft_mem.u_bank0_1835/HI
  u_fft/u_fft_top.memory_interface_inst.u_fft_mem.u_bank0/BEN[7]
 u_fft/u_fft_top.memory_interface_inst.u_fft_mem.u_bank0_1836/HI
  u_fft/u_fft_top.memory_interface_inst.u_fft_mem.u_bank0/BEN[6]
 u_fft/u_fft_top.memory_interface_inst.u_fft_mem.u_bank0_1837/HI
  u_fft/u_fft_top.memory_interface_inst.u_fft_mem.u_bank0/BEN[5]
 u_fft/u_fft_top.memory_interface_inst.u_fft_mem.u_bank0_1838/HI
  u_fft/u_fft_top.memory_interface_inst.u_fft_mem.u_bank0/BEN[4]
 u_fft/u_fft_top.memory_interface_inst.u_fft_mem.u_bank0_1839/HI
  u_fft/u_fft_top.memory_interface_inst.u_fft_mem.u_bank0/BEN[3]
 u_fft/u_fft_top.memory_interface_inst.u_fft_mem.u_bank0_1840/HI
  u_fft/u_fft_top.memory_interface_inst.u_fft_mem.u_bank0/BEN[2]
 u_fft/u_fft_top.memory_interface_inst.u_fft_mem.u_bank0_1841/HI
  u_fft/u_fft_top.memory_interface_inst.u_fft_mem.u_bank0/BEN[1]
 u_fft/u_fft_top.memory_interface_inst.u_fft_mem.u_bank0_1842/HI
  u_fft/u_fft_top.memory_interface_inst.u_fft_mem.u_bank0/BEN[0]
 u_fft/u_fft_top.memory_interface_inst.u_fft_mem.u_bank1_1843/HI
  u_fft/u_fft_top.memory_interface_inst.u_fft_mem.u_bank1/BEN[31]
 u_fft/u_fft_top.memory_interface_inst.u_fft_mem.u_bank1_1844/HI
  u_fft/u_fft_top.memory_interface_inst.u_fft_mem.u_bank1/BEN[30]
 u_fft/u_fft_top.memory_interface_inst.u_fft_mem.u_bank1_1845/HI
  u_fft/u_fft_top.memory_interface_inst.u_fft_mem.u_bank1/BEN[29]
 u_fft/u_fft_top.memory_interface_inst.u_fft_mem.u_bank1_1846/HI
  u_fft/u_fft_top.memory_interface_inst.u_fft_mem.u_bank1/BEN[28]
 u_fft/u_fft_top.memory_interface_inst.u_fft_mem.u_bank1_1847/HI
  u_fft/u_fft_top.memory_interface_inst.u_fft_mem.u_bank1/BEN[27]
 u_fft/u_fft_top.memory_interface_inst.u_fft_mem.u_bank1_1848/HI
  u_fft/u_fft_top.memory_interface_inst.u_fft_mem.u_bank1/BEN[26]
 u_fft/u_fft_top.memory_interface_inst.u_fft_mem.u_bank1_1849/HI
  u_fft/u_fft_top.memory_interface_inst.u_fft_mem.u_bank1/BEN[25]
 u_fft/u_fft_top.memory_interface_inst.u_fft_mem.u_bank1_1850/HI
  u_fft/u_fft_top.memory_interface_inst.u_fft_mem.u_bank1/BEN[24]
 u_fft/u_fft_top.memory_interface_inst.u_fft_mem.u_bank1_1851/HI
  u_fft/u_fft_top.memory_interface_inst.u_fft_mem.u_bank1/BEN[23]
 u_fft/u_fft_top.memory_interface_inst.u_fft_mem.u_bank1_1852/HI
  u_fft/u_fft_top.memory_interface_inst.u_fft_mem.u_bank1/BEN[22]
 u_fft/u_fft_top.memory_interface_inst.u_fft_mem.u_bank1_1853/HI
  u_fft/u_fft_top.memory_interface_inst.u_fft_mem.u_bank1/BEN[21]
 u_fft/u_fft_top.memory_interface_inst.u_fft_mem.u_bank1_1854/HI
  u_fft/u_fft_top.memory_interface_inst.u_fft_mem.u_bank1/BEN[20]
 u_fft/u_fft_top.memory_interface_inst.u_fft_mem.u_bank1_1855/HI
  u_fft/u_fft_top.memory_interface_inst.u_fft_mem.u_bank1/BEN[19]
 u_fft/u_fft_top.memory_interface_inst.u_fft_mem.u_bank1_1856/HI
  u_fft/u_fft_top.memory_interface_inst.u_fft_mem.u_bank1/BEN[18]
 u_fft/u_fft_top.memory_interface_inst.u_fft_mem.u_bank1_1857/HI
  u_fft/u_fft_top.memory_interface_inst.u_fft_mem.u_bank1/BEN[17]
 u_fft/u_fft_top.memory_interface_inst.u_fft_mem.u_bank1_1858/HI
  u_fft/u_fft_top.memory_interface_inst.u_fft_mem.u_bank1/BEN[16]
 u_fft/u_fft_top.memory_interface_inst.u_fft_mem.u_bank1_1859/HI
  u_fft/u_fft_top.memory_interface_inst.u_fft_mem.u_bank1/BEN[15]
 u_fft/u_fft_top.memory_interface_inst.u_fft_mem.u_bank1_1860/HI
  u_fft/u_fft_top.memory_interface_inst.u_fft_mem.u_bank1/BEN[14]
 u_fft/u_fft_top.memory_interface_inst.u_fft_mem.u_bank1_1861/HI
  u_fft/u_fft_top.memory_interface_inst.u_fft_mem.u_bank1/BEN[13]
 u_fft/u_fft_top.memory_interface_inst.u_fft_mem.u_bank1_1862/HI
  u_fft/u_fft_top.memory_interface_inst.u_fft_mem.u_bank1/BEN[12]
 u_fft/u_fft_top.memory_interface_inst.u_fft_mem.u_bank1_1863/HI
  u_fft/u_fft_top.memory_interface_inst.u_fft_mem.u_bank1/BEN[11]
 u_fft/u_fft_top.memory_interface_inst.u_fft_mem.u_bank1_1864/HI
  u_fft/u_fft_top.memory_interface_inst.u_fft_mem.u_bank1/BEN[10]
 u_fft/u_fft_top.memory_interface_inst.u_fft_mem.u_bank1_1865/HI
  u_fft/u_fft_top.memory_interface_inst.u_fft_mem.u_bank1/BEN[9]
 u_fft/u_fft_top.memory_interface_inst.u_fft_mem.u_bank1_1866/HI
  u_fft/u_fft_top.memory_interface_inst.u_fft_mem.u_bank1/BEN[8]
 u_fft/u_fft_top.memory_interface_inst.u_fft_mem.u_bank1_1867/HI
  u_fft/u_fft_top.memory_interface_inst.u_fft_mem.u_bank1/BEN[7]
 u_fft/u_fft_top.memory_interface_inst.u_fft_mem.u_bank1_1868/HI
  u_fft/u_fft_top.memory_interface_inst.u_fft_mem.u_bank1/BEN[6]
 u_fft/u_fft_top.memory_interface_inst.u_fft_mem.u_bank1_1869/HI
  u_fft/u_fft_top.memory_interface_inst.u_fft_mem.u_bank1/BEN[5]
 u_fft/u_fft_top.memory_interface_inst.u_fft_mem.u_bank1_1870/HI
  u_fft/u_fft_top.memory_interface_inst.u_fft_mem.u_bank1/BEN[4]
 u_fft/u_fft_top.memory_interface_inst.u_fft_mem.u_bank1_1871/HI
  u_fft/u_fft_top.memory_interface_inst.u_fft_mem.u_bank1/BEN[3]
 u_fft/u_fft_top.memory_interface_inst.u_fft_mem.u_bank1_1872/HI
  u_fft/u_fft_top.memory_interface_inst.u_fft_mem.u_bank1/BEN[2]
 u_fft/u_fft_top.memory_interface_inst.u_fft_mem.u_bank1_1873/HI
  u_fft/u_fft_top.memory_interface_inst.u_fft_mem.u_bank1/BEN[1]
 u_fft/u_fft_top.memory_interface_inst.u_fft_mem.u_bank1_1874/HI
  u_fft/u_fft_top.memory_interface_inst.u_fft_mem.u_bank1/BEN[0]

===========================================================================
max slew violation count 914
max fanout violation count 2059
max cap violation count 245
============================================================================

===========================================================================
check_setup -verbose -unconstrained_endpoints -multiple_clock -no_clock -no_input_delay -loops -generated_clocks
===========================================================================
Warning: There are 68 input ports missing set_input_delay.
  analog_io[0]
  analog_io[10]
  analog_io[11]
  analog_io[12]
  analog_io[13]
  analog_io[14]
  analog_io[15]
  analog_io[16]
  analog_io[17]
  analog_io[18]
  analog_io[19]
  analog_io[1]
  analog_io[20]
  analog_io[21]
  analog_io[22]
  analog_io[23]
  analog_io[24]
  analog_io[25]
  analog_io[26]
  analog_io[27]
  analog_io[28]
  analog_io[2]
  analog_io[3]
  analog_io[4]
  analog_io[5]
  analog_io[6]
  analog_io[7]
  analog_io[8]
  analog_io[9]
  io_in[0]
  io_in[10]
  io_in[11]
  io_in[12]
  io_in[13]
  io_in[14]
  io_in[15]
  io_in[16]
  io_in[17]
  io_in[18]
  io_in[19]
  io_in[1]
  io_in[20]
  io_in[21]
  io_in[22]
  io_in[23]
  io_in[24]
  io_in[25]
  io_in[26]
  io_in[27]
  io_in[28]
  io_in[29]
  io_in[2]
  io_in[30]
  io_in[31]
  io_in[32]
  io_in[33]
  io_in[34]
  io_in[35]
  io_in[36]
  io_in[37]
  io_in[3]
  io_in[4]
  io_in[5]
  io_in[6]
  io_in[7]
  io_in[8]
  io_in[9]
  user_clock2
Warning: There are 289 unclocked register/latch pins.
  u_dm/_08896_/CLK
  u_dm/_08897_/CLK
  u_dm/_08898_/CLK
  u_dm/_08899_/CLK
  u_dm/_08900_/CLK
  u_dm/_08901_/CLK
  u_dm/_08902_/CLK
  u_dm/_08903_/CLK
  u_dm/_08904_/CLK
  u_dm/_08905_/CLK
  u_dm/_08906_/CLK
  u_dm/_08907_/CLK
  u_dm/_08908_/CLK
  u_dm/_08909_/CLK
  u_dm/_08910_/CLK
  u_dm/_08911_/CLK
  u_dm/_08912_/CLK
  u_dm/_08913_/CLK
  u_dm/_08914_/CLK
  u_dm/_08915_/CLK
  u_dm/_08916_/CLK
  u_dm/_08917_/CLK
  u_dm/_08918_/CLK
  u_dm/_08919_/CLK
  u_dm/_08920_/CLK
  u_dm/_08921_/CLK
  u_dm/_08922_/CLK
  u_dm/_08923_/CLK
  u_dm/_08924_/CLK
  u_dm/_08925_/CLK
  u_dm/_09120_/CLK
  u_dm/_09121_/CLK
  u_dm/_09122_/CLK
  u_dm/_09123_/CLK
  u_dm/_09124_/CLK
  u_dm/_09756_/CLK
  u_dm/_09757_/CLK
  u_dm/_09758_/CLK
  u_dm/_09759_/CLK
  u_dm/_09760_/CLK
  u_dm/_09761_/CLK
  u_dm/_09762_/CLK
  u_dm/_09763_/CLK
  u_dm/_09764_/CLK
  u_dm/_09765_/CLK
  u_dm/_09766_/CLK
  u_dm/_09767_/CLK
  u_dm/_09768_/CLK
  u_dm/_09769_/CLK
  u_dm/_09770_/CLK
  u_dm/_09771_/CLK
  u_dm/_09772_/CLK
  u_dm/_09773_/CLK
  u_dm/_09774_/CLK
  u_dm/_09775_/CLK
  u_dm/_09776_/CLK
  u_dm/_09777_/CLK
  u_dm/_09778_/CLK
  u_dm/_09779_/CLK
  u_dm/_09780_/CLK
  u_dm/_09781_/CLK
  u_dm/_09782_/CLK
  u_dm/_09783_/CLK
  u_dm/_09784_/CLK
  u_dm/_09785_/CLK
  u_dm/_09786_/CLK
  u_dm/_09787_/CLK
  u_dm/_09788_/CLK
  u_dm/_09789_/CLK
  u_dm/_09790_/CLK
  u_dm/_09791_/CLK
  u_dm/_09792_/CLK
  u_dm/_09793_/CLK
  u_dm/_09794_/CLK
  u_dm/_09795_/CLK
  u_dm/_09796_/CLK
  u_dm/_09797_/CLK
  u_dm/_09798_/CLK
  u_dm/_09799_/CLK
  u_dm/_09800_/CLK
  u_dm/_09801_/CLK
  u_dm/_09802_/CLK
  u_dm/_09803_/CLK
  u_dm/_09818_/CLK
  u_dm/_09819_/CLK
  u_dm/_09829_/CLK
  u_dm/_09871_/CLK
  u_dm/_09872_/CLK
  u_dm/_09873_/CLK
  u_dm/_09874_/CLK
  u_dm/_09876_/CLK
  u_dm/_09891_/CLK
  u_dm/_09892_/CLK
  u_dm/_09893_/CLK
  u_dm/_09894_/CLK
  u_dm/_09895_/CLK
  u_dm/_09896_/CLK
  u_dm/_09897_/CLK
  u_dm/_09898_/CLK
  u_dm/_09899_/CLK
  u_dm/_09900_/CLK
  u_dm/_09901_/CLK
  u_dm/_09902_/CLK
  u_dm/_09903_/CLK
  u_dm/_09904_/CLK
  u_dm/_09905_/CLK
  u_dm/_09906_/CLK
  u_dm/_09907_/CLK
  u_dm/_09908_/CLK
  u_dm/_09909_/CLK
  u_dm/_09910_/CLK
  u_dm/_09911_/CLK
  u_dm/_09912_/CLK
  u_dm/_09913_/CLK
  u_dm/_09914_/CLK
  u_dm/_09915_/CLK
  u_dm/_09916_/CLK
  u_dm/_09917_/CLK
  u_dm/_09918_/CLK
  u_dm/_09919_/CLK
  u_dm/_09920_/CLK
  u_dm/_09921_/CLK
  u_dm/_09922_/CLK
  u_dm/_09923_/CLK
  u_dm/_09924_/CLK
  u_dm/_09925_/CLK
  u_dm/_09926_/CLK
  u_dm/_09927_/CLK
  u_dm/_09928_/CLK
  u_dm/_09929_/CLK
  u_dm/_09930_/CLK
  u_dm/_09931_/CLK
  u_dm/_09934_/CLK
  u_dm/_09935_/CLK
  u_dm/_09936_/CLK
  u_dm/_09937_/CLK
  u_dm/_09938_/CLK
  u_dm/_09939_/CLK
  u_dm/_09940_/CLK
  u_dm/_09941_/CLK
  u_dm/_09942_/CLK
  u_dm/_09943_/CLK
  u_dm/_09944_/CLK
  u_dm/_09945_/CLK
  u_dm/_09946_/CLK
  u_dm/_09947_/CLK
  u_dm/_09950_/CLK
  u_dm/_09951_/CLK
  u_dm/_09952_/CLK
  u_dm/_09953_/CLK
  u_dm/_09954_/CLK
  u_dm/_09955_/CLK
  u_dm/_09956_/CLK
  u_dm/_09957_/CLK
  u_dm/_09958_/CLK
  u_dm/_09960_/CLK
  u_dm/_09961_/CLK
  u_dm/_09962_/CLK
  u_dm/_09963_/CLK
  u_dm/_09964_/CLK
  u_dm/_09965_/CLK
  u_dm/_09966_/CLK
  u_dm/_09967_/CLK
  u_dm/_09968_/CLK
  u_dm/_09969_/CLK
  u_dm/_09970_/CLK
  u_dm/_09971_/CLK
  u_dm/_09972_/CLK
  u_dm/_09973_/CLK
  u_dm/_09974_/CLK
  u_dm/_09975_/CLK
  u_dm/_09976_/CLK
  u_dm/_09977_/CLK
  u_dm/_09978_/CLK
  u_dm/_09979_/CLK
  u_dm/_09980_/CLK
  u_dm/_09981_/CLK
  u_dm/_09982_/CLK
  u_dm/_09983_/CLK
  u_dm/_09984_/CLK
  u_dm/_09985_/CLK
  u_dm/_09986_/CLK
  u_dm/_09987_/CLK
  u_dm/_09988_/CLK
  u_dm/_09989_/CLK
  u_dm/_09990_/CLK
  u_dm/_09991_/CLK
  u_dm/_09992_/CLK
  u_dm/_09996_/CLK
  u_dm/_09998_/CLK
  u_dm/_10000_/CLK
  u_dm/_10001_/CLK
  u_dm/_10002_/CLK
  u_dm/_10003_/CLK
  u_dm/_10004_/CLK
  u_dm/_10008_/CLK
  u_dm/_10009_/CLK
  u_dm/_10010_/CLK
  u_dm/_10011_/CLK
  u_dm/_10012_/CLK
  u_dm/_10013_/CLK
  u_dm/_10014_/CLK
  u_dm/_10015_/CLK
  u_dm/_10016_/CLK
  u_dm/_10017_/CLK
  u_dm/_10018_/CLK
  u_dm/_10019_/CLK
  u_dm/_10020_/CLK
  u_dm/_10021_/CLK
  u_dm/_10022_/CLK
  u_dm/_10023_/CLK
  u_dm/_10024_/CLK
  u_dm/_10025_/CLK
  u_dm/_10026_/CLK
  u_dm/_10027_/CLK
  u_dm/_10028_/CLK
  u_dm/_10029_/CLK
  u_dm/_10030_/CLK
  u_dm/_10031_/CLK
  u_dm/_10032_/CLK
  u_dm/_10033_/CLK
  u_dm/_10034_/CLK
  u_dm/_10035_/CLK
  u_dm/_10036_/CLK
  u_dm/_10037_/CLK
  u_dm/_10038_/CLK
  u_dm/_10039_/CLK
  u_dm/_10040_/CLK
  u_dm/_10041_/CLK
  u_dm/_10042_/CLK
  u_dm/_10043_/CLK
  u_dm/_10077_/CLK
  u_dm/_10078_/CLK
  u_dm/_10079_/CLK
  u_dm/_10080_/CLK
  u_dm/_10081_/CLK
  u_dm/_10082_/CLK
  u_dm/_10083_/CLK
  u_dm/_10084_/CLK
  u_dm/_10085_/CLK
  u_dm/_10086_/CLK
  u_dm/_10087_/CLK
  u_dm/_10088_/CLK
  u_dm/_10089_/CLK
  u_dm/_10090_/CLK
  u_dm/_10091_/CLK
  u_dm/_10092_/CLK
  u_dm/_10093_/CLK
  u_dm/_10094_/CLK
  u_dm/_10095_/CLK
  u_dm/_10096_/CLK
  u_dm/_10097_/CLK
  u_dm/_10098_/CLK
  u_dm/_10099_/CLK
  u_dm/_10100_/CLK
  u_dm/_10101_/CLK
  u_dm/_10102_/CLK
  u_dm/_10103_/CLK
  u_dm/_10104_/CLK
  u_dm/_10105_/CLK
  u_dm/_10106_/CLK
  u_dm/_10107_/CLK
  u_dm/_10108_/CLK
  u_dm/_10109_/CLK
  u_dm/_10110_/CLK
  u_dm/_10111_/CLK
  u_dm/_10112_/CLK
  u_dm/_10113_/CLK
  u_dm/_10114_/CLK
  u_dm/_10115_/CLK
  u_dm/_10116_/CLK
  u_dm/_10117_/CLK
  u_dm/_10118_/CLK
  u_dm/_10119_/CLK
  u_dm/_10120_/CLK
  u_dm/_10121_/CLK
  u_dm/_10122_/CLK
  u_dm/_10123_/CLK
  u_dm/_10124_/CLK
  u_dm/_10125_/CLK
  u_dm/_10126_/CLK
  u_dm/_10127_/CLK
  u_dm/_10128_/CLK
  u_dm/_10129_/CLK
  u_dm/_10133_/CLK
  u_dm/_10134_/CLK
  u_dm/_10135_/CLK
  u_dm/_10136_/CLK
  u_dm/_10137_/CLK
Warning: There are 595 unconstrained endpoints.
  analog_io[0]
  analog_io[10]
  analog_io[11]
  analog_io[12]
  analog_io[13]
  analog_io[14]
  analog_io[15]
  analog_io[16]
  analog_io[17]
  analog_io[18]
  analog_io[19]
  analog_io[1]
  analog_io[20]
  analog_io[21]
  analog_io[22]
  analog_io[23]
  analog_io[24]
  analog_io[25]
  analog_io[26]
  analog_io[27]
  analog_io[28]
  analog_io[2]
  analog_io[3]
  analog_io[4]
  analog_io[5]
  analog_io[6]
  analog_io[7]
  analog_io[8]
  analog_io[9]
  io_oeb[0]
  io_oeb[10]
  io_oeb[11]
  io_oeb[12]
  io_oeb[13]
  io_oeb[14]
  io_oeb[15]
  io_oeb[16]
  io_oeb[17]
  io_oeb[18]
  io_oeb[19]
  io_oeb[1]
  io_oeb[20]
  io_oeb[21]
  io_oeb[22]
  io_oeb[23]
  io_oeb[24]
  io_oeb[25]
  io_oeb[26]
  io_oeb[27]
  io_oeb[28]
  io_oeb[29]
  io_oeb[2]
  io_oeb[30]
  io_oeb[31]
  io_oeb[32]
  io_oeb[33]
  io_oeb[34]
  io_oeb[35]
  io_oeb[36]
  io_oeb[37]
  io_oeb[3]
  io_oeb[4]
  io_oeb[5]
  io_oeb[6]
  io_oeb[7]
  io_oeb[8]
  io_oeb[9]
  io_out[0]
  io_out[10]
  io_out[11]
  io_out[12]
  io_out[13]
  io_out[14]
  io_out[15]
  io_out[16]
  io_out[17]
  io_out[18]
  io_out[19]
  io_out[1]
  io_out[20]
  io_out[21]
  io_out[22]
  io_out[23]
  io_out[24]
  io_out[25]
  io_out[26]
  io_out[27]
  io_out[28]
  io_out[29]
  io_out[2]
  io_out[30]
  io_out[31]
  io_out[32]
  io_out[33]
  io_out[34]
  io_out[35]
  io_out[36]
  io_out[37]
  io_out[3]
  io_out[4]
  io_out[5]
  io_out[6]
  io_out[7]
  io_out[8]
  io_out[9]
  la_data_out[0]
  la_data_out[100]
  la_data_out[101]
  la_data_out[102]
  la_data_out[103]
  la_data_out[104]
  la_data_out[105]
  la_data_out[106]
  la_data_out[107]
  la_data_out[108]
  la_data_out[109]
  la_data_out[10]
  la_data_out[110]
  la_data_out[111]
  la_data_out[112]
  la_data_out[113]
  la_data_out[114]
  la_data_out[115]
  la_data_out[116]
  la_data_out[117]
  la_data_out[118]
  la_data_out[119]
  la_data_out[11]
  la_data_out[120]
  la_data_out[121]
  la_data_out[122]
  la_data_out[123]
  la_data_out[124]
  la_data_out[125]
  la_data_out[126]
  la_data_out[127]
  la_data_out[12]
  la_data_out[13]
  la_data_out[14]
  la_data_out[15]
  la_data_out[16]
  la_data_out[17]
  la_data_out[18]
  la_data_out[19]
  la_data_out[1]
  la_data_out[20]
  la_data_out[21]
  la_data_out[22]
  la_data_out[23]
  la_data_out[24]
  la_data_out[25]
  la_data_out[26]
  la_data_out[27]
  la_data_out[28]
  la_data_out[29]
  la_data_out[2]
  la_data_out[30]
  la_data_out[31]
  la_data_out[32]
  la_data_out[33]
  la_data_out[34]
  la_data_out[35]
  la_data_out[36]
  la_data_out[37]
  la_data_out[38]
  la_data_out[39]
  la_data_out[3]
  la_data_out[40]
  la_data_out[41]
  la_data_out[42]
  la_data_out[43]
  la_data_out[44]
  la_data_out[45]
  la_data_out[46]
  la_data_out[47]
  la_data_out[48]
  la_data_out[49]
  la_data_out[4]
  la_data_out[50]
  la_data_out[51]
  la_data_out[52]
  la_data_out[53]
  la_data_out[54]
  la_data_out[55]
  la_data_out[56]
  la_data_out[57]
  la_data_out[58]
  la_data_out[59]
  la_data_out[5]
  la_data_out[60]
  la_data_out[61]
  la_data_out[62]
  la_data_out[63]
  la_data_out[64]
  la_data_out[65]
  la_data_out[66]
  la_data_out[67]
  la_data_out[68]
  la_data_out[69]
  la_data_out[6]
  la_data_out[70]
  la_data_out[71]
  la_data_out[72]
  la_data_out[73]
  la_data_out[74]
  la_data_out[75]
  la_data_out[76]
  la_data_out[77]
  la_data_out[78]
  la_data_out[79]
  la_data_out[7]
  la_data_out[80]
  la_data_out[81]
  la_data_out[82]
  la_data_out[83]
  la_data_out[84]
  la_data_out[85]
  la_data_out[86]
  la_data_out[87]
  la_data_out[88]
  la_data_out[89]
  la_data_out[8]
  la_data_out[90]
  la_data_out[91]
  la_data_out[92]
  la_data_out[93]
  la_data_out[94]
  la_data_out[95]
  la_data_out[96]
  la_data_out[97]
  la_data_out[98]
  la_data_out[99]
  la_data_out[9]
  user_irq[1]
  user_irq[2]
  wbs_ack_o
  wbs_dat_o[0]
  wbs_dat_o[10]
  wbs_dat_o[11]
  wbs_dat_o[12]
  wbs_dat_o[13]
  wbs_dat_o[14]
  wbs_dat_o[15]
  wbs_dat_o[16]
  wbs_dat_o[17]
  wbs_dat_o[18]
  wbs_dat_o[19]
  wbs_dat_o[1]
  wbs_dat_o[20]
  wbs_dat_o[21]
  wbs_dat_o[22]
  wbs_dat_o[23]
  wbs_dat_o[24]
  wbs_dat_o[25]
  wbs_dat_o[26]
  wbs_dat_o[27]
  wbs_dat_o[28]
  wbs_dat_o[29]
  wbs_dat_o[2]
  wbs_dat_o[30]
  wbs_dat_o[31]
  wbs_dat_o[3]
  wbs_dat_o[4]
  wbs_dat_o[5]
  wbs_dat_o[6]
  wbs_dat_o[7]
  wbs_dat_o[8]
  wbs_dat_o[9]
  u_dm/_08896_/D
  u_dm/_08897_/D
  u_dm/_08898_/D
  u_dm/_08899_/D
  u_dm/_08900_/D
  u_dm/_08901_/D
  u_dm/_08902_/D
  u_dm/_08903_/D
  u_dm/_08904_/D
  u_dm/_08905_/D
  u_dm/_08906_/D
  u_dm/_08907_/D
  u_dm/_08908_/D
  u_dm/_08909_/D
  u_dm/_08910_/D
  u_dm/_08911_/D
  u_dm/_08912_/D
  u_dm/_08913_/D
  u_dm/_08914_/D
  u_dm/_08915_/D
  u_dm/_08916_/D
  u_dm/_08917_/D
  u_dm/_08918_/D
  u_dm/_08919_/D
  u_dm/_08920_/D
  u_dm/_08921_/D
  u_dm/_08922_/D
  u_dm/_08923_/D
  u_dm/_08924_/D
  u_dm/_08925_/D
  u_dm/_09120_/D
  u_dm/_09121_/D
  u_dm/_09122_/D
  u_dm/_09123_/D
  u_dm/_09124_/D
  u_dm/_09343_/D
  u_dm/_09756_/D
  u_dm/_09757_/D
  u_dm/_09758_/D
  u_dm/_09759_/D
  u_dm/_09760_/D
  u_dm/_09761_/D
  u_dm/_09762_/D
  u_dm/_09763_/D
  u_dm/_09764_/D
  u_dm/_09765_/D
  u_dm/_09766_/D
  u_dm/_09767_/D
  u_dm/_09768_/D
  u_dm/_09769_/D
  u_dm/_09770_/D
  u_dm/_09771_/D
  u_dm/_09772_/D
  u_dm/_09773_/D
  u_dm/_09774_/D
  u_dm/_09775_/D
  u_dm/_09776_/D
  u_dm/_09777_/D
  u_dm/_09778_/D
  u_dm/_09779_/D
  u_dm/_09780_/D
  u_dm/_09781_/D
  u_dm/_09782_/D
  u_dm/_09783_/D
  u_dm/_09784_/D
  u_dm/_09785_/D
  u_dm/_09786_/D
  u_dm/_09787_/D
  u_dm/_09788_/D
  u_dm/_09789_/D
  u_dm/_09790_/D
  u_dm/_09791_/D
  u_dm/_09792_/D
  u_dm/_09793_/D
  u_dm/_09794_/D
  u_dm/_09795_/D
  u_dm/_09796_/D
  u_dm/_09797_/D
  u_dm/_09798_/D
  u_dm/_09799_/D
  u_dm/_09800_/D
  u_dm/_09801_/D
  u_dm/_09802_/D
  u_dm/_09803_/D
  u_dm/_09809_/D
  u_dm/_09816_/D
  u_dm/_09818_/D
  u_dm/_09819_/D
  u_dm/_09826_/D
  u_dm/_09829_/D
  u_dm/_09871_/D
  u_dm/_09872_/D
  u_dm/_09873_/D
  u_dm/_09874_/D
  u_dm/_09876_/D
  u_dm/_09882_/D
  u_dm/_09889_/D
  u_dm/_09891_/D
  u_dm/_09892_/D
  u_dm/_09893_/D
  u_dm/_09894_/D
  u_dm/_09895_/D
  u_dm/_09896_/D
  u_dm/_09897_/D
  u_dm/_09898_/D
  u_dm/_09899_/D
  u_dm/_09900_/D
  u_dm/_09901_/D
  u_dm/_09902_/D
  u_dm/_09903_/D
  u_dm/_09904_/D
  u_dm/_09905_/D
  u_dm/_09906_/D
  u_dm/_09907_/D
  u_dm/_09908_/D
  u_dm/_09909_/D
  u_dm/_09910_/D
  u_dm/_09911_/D
  u_dm/_09912_/D
  u_dm/_09913_/D
  u_dm/_09914_/D
  u_dm/_09915_/D
  u_dm/_09916_/D
  u_dm/_09917_/D
  u_dm/_09918_/D
  u_dm/_09919_/D
  u_dm/_09920_/D
  u_dm/_09921_/D
  u_dm/_09922_/D
  u_dm/_09923_/D
  u_dm/_09924_/D
  u_dm/_09925_/D
  u_dm/_09926_/D
  u_dm/_09927_/D
  u_dm/_09928_/D
  u_dm/_09929_/D
  u_dm/_09930_/D
  u_dm/_09931_/D
  u_dm/_09934_/D
  u_dm/_09935_/D
  u_dm/_09936_/D
  u_dm/_09937_/D
  u_dm/_09938_/D
  u_dm/_09939_/D
  u_dm/_09940_/D
  u_dm/_09941_/D
  u_dm/_09942_/D
  u_dm/_09943_/D
  u_dm/_09944_/D
  u_dm/_09945_/D
  u_dm/_09946_/D
  u_dm/_09947_/D
  u_dm/_09950_/D
  u_dm/_09951_/D
  u_dm/_09952_/D
  u_dm/_09953_/D
  u_dm/_09954_/D
  u_dm/_09955_/D
  u_dm/_09956_/D
  u_dm/_09957_/D
  u_dm/_09958_/D
  u_dm/_09960_/D
  u_dm/_09961_/D
  u_dm/_09962_/D
  u_dm/_09963_/D
  u_dm/_09964_/D
  u_dm/_09965_/D
  u_dm/_09966_/D
  u_dm/_09967_/D
  u_dm/_09968_/D
  u_dm/_09969_/D
  u_dm/_09970_/D
  u_dm/_09971_/D
  u_dm/_09972_/D
  u_dm/_09973_/D
  u_dm/_09974_/D
  u_dm/_09975_/D
  u_dm/_09976_/D
  u_dm/_09977_/D
  u_dm/_09978_/D
  u_dm/_09979_/D
  u_dm/_09980_/D
  u_dm/_09981_/D
  u_dm/_09982_/D
  u_dm/_09983_/D
  u_dm/_09984_/D
  u_dm/_09985_/D
  u_dm/_09986_/D
  u_dm/_09987_/D
  u_dm/_09988_/D
  u_dm/_09989_/D
  u_dm/_09990_/D
  u_dm/_09991_/D
  u_dm/_09992_/D
  u_dm/_09993_/D
  u_dm/_09996_/D
  u_dm/_09998_/D
  u_dm/_10000_/D
  u_dm/_10001_/D
  u_dm/_10002_/D
  u_dm/_10003_/D
  u_dm/_10004_/D
  u_dm/_10008_/D
  u_dm/_10009_/D
  u_dm/_10010_/D
  u_dm/_10011_/D
  u_dm/_10012_/D
  u_dm/_10013_/D
  u_dm/_10014_/D
  u_dm/_10015_/D
  u_dm/_10016_/D
  u_dm/_10017_/D
  u_dm/_10018_/D
  u_dm/_10019_/D
  u_dm/_10020_/D
  u_dm/_10021_/D
  u_dm/_10022_/D
  u_dm/_10023_/D
  u_dm/_10024_/D
  u_dm/_10025_/D
  u_dm/_10026_/D
  u_dm/_10027_/D
  u_dm/_10028_/D
  u_dm/_10029_/D
  u_dm/_10030_/D
  u_dm/_10031_/D
  u_dm/_10032_/D
  u_dm/_10033_/D
  u_dm/_10034_/D
  u_dm/_10035_/D
  u_dm/_10036_/D
  u_dm/_10037_/D
  u_dm/_10038_/D
  u_dm/_10039_/D
  u_dm/_10040_/D
  u_dm/_10041_/D
  u_dm/_10042_/D
  u_dm/_10043_/D
  u_dm/_10077_/D
  u_dm/_10078_/D
  u_dm/_10079_/D
  u_dm/_10080_/D
  u_dm/_10081_/D
  u_dm/_10082_/D
  u_dm/_10083_/D
  u_dm/_10084_/D
  u_dm/_10085_/D
  u_dm/_10086_/D
  u_dm/_10087_/D
  u_dm/_10088_/D
  u_dm/_10089_/D
  u_dm/_10090_/D
  u_dm/_10091_/D
  u_dm/_10092_/D
  u_dm/_10093_/D
  u_dm/_10094_/D
  u_dm/_10095_/D
  u_dm/_10096_/D
  u_dm/_10097_/D
  u_dm/_10098_/D
  u_dm/_10099_/D
  u_dm/_10100_/D
  u_dm/_10101_/D
  u_dm/_10102_/D
  u_dm/_10103_/D
  u_dm/_10104_/D
  u_dm/_10105_/D
  u_dm/_10106_/D
  u_dm/_10107_/D
  u_dm/_10108_/D
  u_dm/_10109_/D
  u_dm/_10110_/D
  u_dm/_10111_/D
  u_dm/_10112_/D
  u_dm/_10113_/D
  u_dm/_10114_/D
  u_dm/_10115_/D
  u_dm/_10116_/D
  u_dm/_10117_/D
  u_dm/_10118_/D
  u_dm/_10119_/D
  u_dm/_10120_/D
  u_dm/_10121_/D
  u_dm/_10122_/D
  u_dm/_10123_/D
  u_dm/_10124_/D
  u_dm/_10125_/D
  u_dm/_10126_/D
  u_dm/_10127_/D
  u_dm/_10128_/D
  u_dm/_10129_/D
  u_dm/_10133_/D
  u_dm/_10134_/D
  u_dm/_10135_/D
  u_dm/_10136_/D
  u_dm/_10137_/D
  u_fft/_12196_/D
  u_plic/_3100_/D
  u_plic/_3101_/D
  u_plic/_3267_/D
  u_plic/_3268_/D
  u_plic/_3269_/D
  u_plic/_3270_/D
  u_plic/_3271_/D
  u_plic/_3272_/D
  u_plic/_3273_/D
  u_plic/_3274_/D
  u_plic/_3275_/D
  u_spi_host/_4432_/D
  u_spi_host/_4433_/D
  u_spi_host/_4434_/D
  u_spi_host/_4435_/D
  u_spi_host/_4436_/D
  u_spi_host/_4437_/D
  u_spi_host/_4438_/D
  u_spi_host/_4439_/D
  u_spi_host/_4440_/D
  u_spi_host/_4441_/D
  u_spi_host/_4442_/D
  u_uart/_6957_/D
  u_uart/_6959_/D
  u_uart/_6967_/D
  u_uart/_6969_/D
  u_uart/_6985_/D
  u_uart/_7010_/D
  u_uart/_7116_/D
  u_uart/_7663_/D
