
===========================================================================
report_checks -path_delay max (Setup)
============================================================================
======================= min_tt_025C_1v80 Corner ===================================

Startpoint: _611_ (rising edge-triggered flip-flop clocked by clk_i)
Endpoint: _610_ (negative level-sensitive latch clocked by clk_i)
Path Group: clk_i
Path Type: max

Fanout         Cap        Slew       Delay        Time   Description
---------------------------------------------------------------------------------------------
                                  0.000000    0.000000   clock clk_i (rise edge)
                                  0.000000    0.000000   clock source latency
     2    0.071891    0.327468    0.237902    0.237902 ^ clk_i (in)
                                                         clk_i (net)
                      0.329570    0.000000    0.237902 ^ clkbuf_0_clk_i/A (sky130_fd_sc_hd__clkbuf_16)
     2    0.018366    0.045915    0.208680    0.446582 ^ clkbuf_0_clk_i/X (sky130_fd_sc_hd__clkbuf_16)
                                                         clknet_0_clk_i (net)
                      0.045915    0.000184    0.446766 ^ clkbuf_1_1__f_clk_i/A (sky130_fd_sc_hd__clkbuf_16)
     2    0.006278    0.029915    0.112390    0.559156 ^ clkbuf_1_1__f_clk_i/X (sky130_fd_sc_hd__clkbuf_16)
                                                         clknet_1_1__leaf_clk_i (net)
                      0.029915    0.000089    0.559245 ^ _611_/CLK (sky130_fd_sc_hd__dfrtp_1)
     2    0.012261    0.080547    0.395288    0.954533 v _611_/Q (sky130_fd_sc_hd__dfrtp_1)
                                                         u_ibex.clock_en (net)
                      0.080547    0.000118    0.954651 v hold355/A (sky130_fd_sc_hd__dlygate4sd3_1)
     1    0.002065    0.049307    0.557141    1.511793 v hold355/X (sky130_fd_sc_hd__dlygate4sd3_1)
                                                         net526 (net)
                      0.049307    0.000012    1.511804 v hold142/A (sky130_fd_sc_hd__dlygate4sd3_1)
     1    0.002534    0.051401    0.547451    2.059256 v hold142/X (sky130_fd_sc_hd__dlygate4sd3_1)
                                                         net313 (net)
                      0.051401    0.000021    2.059276 v hold356/A (sky130_fd_sc_hd__dlygate4sd3_1)
     1    0.003235    0.055811    0.554628    2.613904 v hold356/X (sky130_fd_sc_hd__dlygate4sd3_1)
                                                         net527 (net)
                      0.055811    0.000047    2.613951 v hold64/A (sky130_fd_sc_hd__dlygate4sd3_1)
     1    0.003493    0.057201    0.558589    3.172540 v hold64/X (sky130_fd_sc_hd__dlygate4sd3_1)
                                                         net235 (net)
                      0.057201    0.000049    3.172589 v hold357/A (sky130_fd_sc_hd__dlygate4sd3_1)
     1    0.002223    0.049908    0.547954    3.720543 v hold357/X (sky130_fd_sc_hd__dlygate4sd3_1)
                                                         net528 (net)
                      0.049908    0.000024    3.720567 v hold143/A (sky130_fd_sc_hd__dlygate4sd3_1)
     1    0.002517    0.051292    0.547523    4.268090 v hold143/X (sky130_fd_sc_hd__dlygate4sd3_1)
                                                         net314 (net)
                      0.051292    0.000027    4.268116 v _610_/D (sky130_fd_sc_hd__dlxtn_1)
                                              4.268116   data arrival time

                                 12.500000   12.500000   clock clk_i (fall edge)
                                  0.000000   12.500000   clock source latency
     2    0.070854    0.158107    0.124221   12.624220 v clk_i (in)
                                                         clk_i (net)
                      0.162248    0.000000   12.624220 v clkbuf_0_clk_i/A (sky130_fd_sc_hd__clkbuf_16)
     2    0.016378    0.033499    0.198322   12.822542 v clkbuf_0_clk_i/X (sky130_fd_sc_hd__clkbuf_16)
                                                         clknet_0_clk_i (net)
                      0.033598    0.000163   12.822706 v clkbuf_1_1__f_clk_i/A (sky130_fd_sc_hd__clkbuf_16)
     2    0.005954    0.027105    0.130192   12.952898 v clkbuf_1_1__f_clk_i/X (sky130_fd_sc_hd__clkbuf_16)
                                                         clknet_1_1__leaf_clk_i (net)
                      0.027105    0.000060   12.952957 v _610_/GATE_N (sky130_fd_sc_hd__dlxtn_1)
                                 -0.250000   12.702957   clock uncertainty
                                  0.000000   12.702957   clock reconvergence pessimism
                                  0.000000   12.702957   time borrowed from endpoint
                                             12.702957   data required time
---------------------------------------------------------------------------------------------
                                             12.702957   data required time
                                             -4.268116   data arrival time
---------------------------------------------------------------------------------------------
                                              8.434840   slack (MET)

Time Borrowing Information
------------------------------------------------
clk_i nominal pulse width              12.500000
clock latency difference                0.106262
library setup time                     -0.121526
------------------------------------------------
max time borrow                        12.484735
actual time borrow                      0.000000
------------------------------------------------


Startpoint: _610_ (negative level-sensitive latch clocked by clk_i)
Endpoint: _498_ (rising clock gating-check end-point clocked by clk_i)
Path Group: gated clock
Path Type: max

Fanout         Cap        Slew       Delay        Time   Description
---------------------------------------------------------------------------------------------
                                 12.500000   12.500000   clock clk_i (fall edge)
                                  0.000000   12.500000   clock source latency
     2    0.070854    0.158107    0.124221   12.624220 v clk_i (in)
                                                         clk_i (net)
                      0.162248    0.000000   12.624220 v clkbuf_0_clk_i/A (sky130_fd_sc_hd__clkbuf_16)
     2    0.016378    0.033499    0.198322   12.822542 v clkbuf_0_clk_i/X (sky130_fd_sc_hd__clkbuf_16)
                                                         clknet_0_clk_i (net)
                      0.033598    0.000163   12.822706 v clkbuf_1_1__f_clk_i/A (sky130_fd_sc_hd__clkbuf_16)
     2    0.005954    0.027105    0.130192   12.952898 v clkbuf_1_1__f_clk_i/X (sky130_fd_sc_hd__clkbuf_16)
                                                         clknet_1_1__leaf_clk_i (net)
                      0.027105    0.000060   12.952957 v _610_/GATE_N (sky130_fd_sc_hd__dlxtn_1)
     1    0.002641    0.038963    0.378958   13.331916 ^ _610_/Q (sky130_fd_sc_hd__dlxtn_1)
                                                         u_ibex.core_clock_gate_i.en_latch (net)
                      0.038963    0.000032   13.331947 ^ hold365/A (sky130_fd_sc_hd__dlygate4sd3_1)
     1    0.002779    0.052737    0.532689   13.864636 ^ hold365/X (sky130_fd_sc_hd__dlygate4sd3_1)
                                                         net536 (net)
                      0.052737    0.000036   13.864672 ^ hold363/A (sky130_fd_sc_hd__dlygate4sd3_1)
     1    0.002173    0.049633    0.531466   14.396138 ^ hold363/X (sky130_fd_sc_hd__dlygate4sd3_1)
                                                         net534 (net)
                      0.049633    0.000012   14.396151 ^ hold366/A (sky130_fd_sc_hd__dlygate4sd3_1)
     1    0.002251    0.048446    0.531189   14.927340 ^ hold366/X (sky130_fd_sc_hd__dlygate4sd3_1)
                                                         net537 (net)
                      0.048446    0.000021   14.927361 ^ hold362/A (sky130_fd_sc_hd__dlygate4sd3_1)
     1    0.002770    0.052675    0.535707   15.463068 ^ hold362/X (sky130_fd_sc_hd__dlygate4sd3_1)
                                                         net533 (net)
                      0.052675    0.000032   15.463099 ^ hold367/A (sky130_fd_sc_hd__dlygate4sd3_1)
     1    0.002199    0.048075    0.531681   15.994781 ^ hold367/X (sky130_fd_sc_hd__dlygate4sd3_1)
                                                         net538 (net)
                      0.048075    0.000021   15.994802 ^ hold364/A (sky130_fd_sc_hd__dlygate4sd3_1)
     1    0.002547    0.050775    0.533476   16.528278 ^ hold364/X (sky130_fd_sc_hd__dlygate4sd3_1)
                                                         net535 (net)
                      0.050775    0.000030   16.528309 ^ _498_/B (sky130_fd_sc_hd__and2_2)
                                             16.528309   data arrival time

                                 25.000000   25.000000   clock clk_i (rise edge)
                                  0.000000   25.000000   clock source latency
     2    0.071891    0.327468    0.237902   25.237902 ^ clk_i (in)
                                                         clk_i (net)
                      0.329570    0.000000   25.237902 ^ clkbuf_0_clk_i/A (sky130_fd_sc_hd__clkbuf_16)
     2    0.018366    0.045915    0.208679   25.446581 ^ clkbuf_0_clk_i/X (sky130_fd_sc_hd__clkbuf_16)
                                                         clknet_0_clk_i (net)
                      0.045915    0.000139   25.446720 ^ clkbuf_1_0__f_clk_i/A (sky130_fd_sc_hd__clkbuf_16)
     3    0.007966    0.031577    0.114250   25.560968 ^ clkbuf_1_0__f_clk_i/X (sky130_fd_sc_hd__clkbuf_16)
                                                         clknet_1_0__leaf_clk_i (net)
                      0.031577    0.000082   25.561050 ^ _498_/A (sky130_fd_sc_hd__and2_2)
                                 -0.250000   25.311052   clock uncertainty
                                  0.000000   25.311052   clock reconvergence pessimism
                                  0.000000   25.311052   clock gating setup time
                                             25.311052   data required time
---------------------------------------------------------------------------------------------
                                             25.311052   data required time
                                            -16.528309   data arrival time
---------------------------------------------------------------------------------------------
                                              8.782743   slack (MET)


Startpoint: _578_ (rising edge-triggered flip-flop clocked by clk_i)
Endpoint: tl_o[13] (output port clocked by clk_i)
Path Group: clk_i
Path Type: max

Fanout         Cap        Slew       Delay        Time   Description
---------------------------------------------------------------------------------------------
                                  0.000000    0.000000   clock clk_i (rise edge)
                                  0.000000    0.000000   clock source latency
     2    0.071891    0.327468    0.237902    0.237902 ^ clk_i (in)
                                                         clk_i (net)
                      0.329570    0.000000    0.237902 ^ clkbuf_0_clk_i/A (sky130_fd_sc_hd__clkbuf_16)
     2    0.018366    0.045915    0.208680    0.446582 ^ clkbuf_0_clk_i/X (sky130_fd_sc_hd__clkbuf_16)
                                                         clknet_0_clk_i (net)
                      0.045915    0.000137    0.446719 ^ clkbuf_1_0__f_clk_i/A (sky130_fd_sc_hd__clkbuf_16)
     3    0.007966    0.031577    0.114250    0.560970 ^ clkbuf_1_0__f_clk_i/X (sky130_fd_sc_hd__clkbuf_16)
                                                         clknet_1_0__leaf_clk_i (net)
                      0.031577    0.000082    0.561052 ^ _498_/A (sky130_fd_sc_hd__and2_2)
     3    0.049082    0.253215    0.282417    0.843469 ^ _498_/X (sky130_fd_sc_hd__and2_2)
                                                         u_ibex.clk (net)
                      0.253722    0.009246    0.852715 ^ clkbuf_0_u_ibex.clk/A (sky130_fd_sc_hd__clkbuf_16)
     9    0.077738    0.096888    0.236566    1.089280 ^ clkbuf_0_u_ibex.clk/X (sky130_fd_sc_hd__clkbuf_16)
                                                         clknet_0_u_ibex.clk (net)
                      0.097361    0.005383    1.094663 ^ clkbuf_2_2__f_u_ibex.clk/A (sky130_fd_sc_hd__clkbuf_16)
    31    0.099917    0.117593    0.198356    1.293019 ^ clkbuf_2_2__f_u_ibex.clk/X (sky130_fd_sc_hd__clkbuf_16)
                                                         clknet_2_2__leaf_u_ibex.clk (net)
                      0.118610    0.008838    1.301857 ^ _578_/CLK (sky130_fd_sc_hd__dfrtp_1)
     1    0.005305    0.064078    0.359407    1.661264 ^ _578_/Q (sky130_fd_sc_hd__dfrtp_1)
                                                         u_ibex.u_ibex_core.load_store_unit_i.ls_fsm_cs[1] (net)
                      0.064078    0.000099    1.661362 ^ hold126/A (sky130_fd_sc_hd__dlygate4sd3_1)
     1    0.003304    0.057371    0.545426    2.206789 ^ hold126/X (sky130_fd_sc_hd__dlygate4sd3_1)
                                                         net297 (net)
                      0.057371    0.000041    2.206830 ^ hold117/A (sky130_fd_sc_hd__dlygate4sd3_1)
     1    0.002057    0.047081    0.531711    2.738541 ^ hold117/X (sky130_fd_sc_hd__dlygate4sd3_1)
                                                         net288 (net)
                      0.047081    0.000018    2.738559 ^ hold127/A (sky130_fd_sc_hd__dlygate4sd3_1)
     3    0.011756    0.131955    0.603039    3.341597 ^ hold127/X (sky130_fd_sc_hd__dlygate4sd3_1)
                                                         net298 (net)
                      0.131955    0.000042    3.341639 ^ fanout82/A (sky130_fd_sc_hd__dlymetal6s2s_1)
     2    0.006992    0.094636    0.151987    3.493626 ^ fanout82/X (sky130_fd_sc_hd__dlymetal6s2s_1)
                                                         net82 (net)
                      0.094636    0.000021    3.493647 ^ hold128/A (sky130_fd_sc_hd__dlygate4sd3_1)
     5    0.018899    0.198043    0.665847    4.159494 ^ hold128/X (sky130_fd_sc_hd__dlygate4sd3_1)
                                                         net299 (net)
                      0.198043    0.000317    4.159811 ^ _256_/C_N (sky130_fd_sc_hd__nor3b_2)
     7    0.025725    0.449782    0.444667    4.604478 ^ _256_/Y (sky130_fd_sc_hd__nor3b_2)
                                                         _046_ (net)
                      0.449784    0.000833    4.605311 ^ wire77/A (sky130_fd_sc_hd__buf_4)
     7    0.056472    0.161723    0.291159    4.896470 ^ wire77/X (sky130_fd_sc_hd__buf_4)
                                                         net77 (net)
                      0.163152    0.012156    4.908626 ^ _262_/A (sky130_fd_sc_hd__or3_1)
     2    0.009706    0.097317    0.176743    5.085368 ^ _262_/X (sky130_fd_sc_hd__or3_1)
                                                         _052_ (net)
                      0.097317    0.000119    5.085488 ^ fanout75/A (sky130_fd_sc_hd__buf_1)
     3    0.017848    0.214703    0.215059    5.300546 ^ fanout75/X (sky130_fd_sc_hd__buf_1)
                                                         net75 (net)
                      0.214703    0.000229    5.300775 ^ fanout72/A (sky130_fd_sc_hd__buf_1)
     4    0.015795    0.190887    0.218625    5.519400 ^ fanout72/X (sky130_fd_sc_hd__buf_1)
                                                         net72 (net)
                      0.190887    0.000035    5.519435 ^ fanout71/A (sky130_fd_sc_hd__clkbuf_2)
     6    0.022524    0.128490    0.210651    5.730086 ^ fanout71/X (sky130_fd_sc_hd__clkbuf_2)
                                                         net71 (net)
                      0.128490    0.000064    5.730151 ^ _278_/B (sky130_fd_sc_hd__and2_1)
     4    0.014136    0.147286    0.214999    5.945150 ^ _278_/X (sky130_fd_sc_hd__and2_1)
                                                         _068_ (net)
                      0.147286    0.000136    5.945286 ^ _287_/C (sky130_fd_sc_hd__and4_2)
     5    0.025166    0.153807    0.331903    6.277189 ^ _287_/X (sky130_fd_sc_hd__and4_2)
                                                         _077_ (net)
                      0.153807    0.000488    6.277676 ^ _289_/D (sky130_fd_sc_hd__and4_1)
     5    0.016345    0.169861    0.303917    6.581593 ^ _289_/X (sky130_fd_sc_hd__and4_1)
                                                         _079_ (net)
                      0.169861    0.000348    6.581942 ^ _292_/D (sky130_fd_sc_hd__and4_1)
     1    0.005230    0.075080    0.227462    6.809403 ^ _292_/X (sky130_fd_sc_hd__and4_1)
                                                         _082_ (net)
                      0.075080    0.000103    6.809506 ^ fanout58/A (sky130_fd_sc_hd__clkbuf_1)
     3    0.015465    0.187069    0.189776    6.999282 ^ fanout58/X (sky130_fd_sc_hd__clkbuf_1)
                                                         net58 (net)
                      0.187070    0.000220    6.999502 ^ fanout57/A (sky130_fd_sc_hd__clkbuf_2)
     6    0.023490    0.133469    0.213088    7.212590 ^ fanout57/X (sky130_fd_sc_hd__clkbuf_2)
                                                         net57 (net)
                      0.133469    0.000528    7.213118 ^ _294_/D (sky130_fd_sc_hd__and4_1)
     4    0.019601    0.198631    0.322012    7.535130 ^ _294_/X (sky130_fd_sc_hd__and4_1)
                                                         _084_ (net)
                      0.198631    0.000583    7.535713 ^ _295_/C (sky130_fd_sc_hd__and3_1)
     3    0.011374    0.124389    0.241842    7.777555 ^ _295_/X (sky130_fd_sc_hd__and3_1)
                                                         _085_ (net)
                      0.124389    0.000236    7.777791 ^ _296_/B (sky130_fd_sc_hd__nand2_1)
     2    0.006719    0.073220    0.091228    7.869020 v _296_/Y (sky130_fd_sc_hd__nand2_1)
                                                         _086_ (net)
                      0.073220    0.000099    7.869119 v _297_/S (sky130_fd_sc_hd__mux2_2)
     4    0.024659    0.101540    0.348615    8.217734 v _297_/X (sky130_fd_sc_hd__mux2_2)
                                                         _087_ (net)
                      0.101540    0.000203    8.217937 v _478_/A (sky130_fd_sc_hd__xnor2_1)
     1    0.007648    0.209345    0.240409    8.458346 ^ _478_/Y (sky130_fd_sc_hd__xnor2_1)
                                                         _221_ (net)
                      0.209345    0.000162    8.458508 ^ _479_/B (sky130_fd_sc_hd__xnor2_1)
     1    0.005564    0.168381    0.164460    8.622969 ^ _479_/Y (sky130_fd_sc_hd__xnor2_1)
                                                         net22 (net)
                      0.168381    0.000147    8.623116 ^ output22/A (sky130_fd_sc_hd__buf_2)
     1    0.034818    0.173168    0.241037    8.864152 ^ output22/X (sky130_fd_sc_hd__buf_2)
                                                         tl_o[13] (net)
                      0.173168    0.000432    8.864584 ^ tl_o[13] (out)
                                              8.864584   data arrival time

                                 25.000000   25.000000   clock clk_i (rise edge)
                                  0.000000   25.000000   clock network delay (propagated)
                                 -0.250000   24.750000   clock uncertainty
                                  0.000000   24.750000   clock reconvergence pessimism
                                 -5.000000   19.750000   output external delay
                                             19.750000   data required time
---------------------------------------------------------------------------------------------
                                             19.750000   data required time
                                             -8.864584   data arrival time
---------------------------------------------------------------------------------------------
                                             10.885415   slack (MET)


Startpoint: _578_ (rising edge-triggered flip-flop clocked by clk_i)
Endpoint: tl_o[8] (output port clocked by clk_i)
Path Group: clk_i
Path Type: max

Fanout         Cap        Slew       Delay        Time   Description
---------------------------------------------------------------------------------------------
                                  0.000000    0.000000   clock clk_i (rise edge)
                                  0.000000    0.000000   clock source latency
     2    0.071891    0.327468    0.237902    0.237902 ^ clk_i (in)
                                                         clk_i (net)
                      0.329570    0.000000    0.237902 ^ clkbuf_0_clk_i/A (sky130_fd_sc_hd__clkbuf_16)
     2    0.018366    0.045915    0.208680    0.446582 ^ clkbuf_0_clk_i/X (sky130_fd_sc_hd__clkbuf_16)
                                                         clknet_0_clk_i (net)
                      0.045915    0.000137    0.446719 ^ clkbuf_1_0__f_clk_i/A (sky130_fd_sc_hd__clkbuf_16)
     3    0.007966    0.031577    0.114250    0.560970 ^ clkbuf_1_0__f_clk_i/X (sky130_fd_sc_hd__clkbuf_16)
                                                         clknet_1_0__leaf_clk_i (net)
                      0.031577    0.000082    0.561052 ^ _498_/A (sky130_fd_sc_hd__and2_2)
     3    0.049082    0.253215    0.282417    0.843469 ^ _498_/X (sky130_fd_sc_hd__and2_2)
                                                         u_ibex.clk (net)
                      0.253722    0.009246    0.852715 ^ clkbuf_0_u_ibex.clk/A (sky130_fd_sc_hd__clkbuf_16)
     9    0.077738    0.096888    0.236566    1.089280 ^ clkbuf_0_u_ibex.clk/X (sky130_fd_sc_hd__clkbuf_16)
                                                         clknet_0_u_ibex.clk (net)
                      0.097361    0.005383    1.094663 ^ clkbuf_2_2__f_u_ibex.clk/A (sky130_fd_sc_hd__clkbuf_16)
    31    0.099917    0.117593    0.198356    1.293019 ^ clkbuf_2_2__f_u_ibex.clk/X (sky130_fd_sc_hd__clkbuf_16)
                                                         clknet_2_2__leaf_u_ibex.clk (net)
                      0.118610    0.008838    1.301857 ^ _578_/CLK (sky130_fd_sc_hd__dfrtp_1)
     1    0.005305    0.064078    0.359407    1.661264 ^ _578_/Q (sky130_fd_sc_hd__dfrtp_1)
                                                         u_ibex.u_ibex_core.load_store_unit_i.ls_fsm_cs[1] (net)
                      0.064078    0.000099    1.661362 ^ hold126/A (sky130_fd_sc_hd__dlygate4sd3_1)
     1    0.003304    0.057371    0.545426    2.206789 ^ hold126/X (sky130_fd_sc_hd__dlygate4sd3_1)
                                                         net297 (net)
                      0.057371    0.000041    2.206830 ^ hold117/A (sky130_fd_sc_hd__dlygate4sd3_1)
     1    0.002057    0.047081    0.531711    2.738541 ^ hold117/X (sky130_fd_sc_hd__dlygate4sd3_1)
                                                         net288 (net)
                      0.047081    0.000018    2.738559 ^ hold127/A (sky130_fd_sc_hd__dlygate4sd3_1)
     3    0.011756    0.131955    0.603039    3.341597 ^ hold127/X (sky130_fd_sc_hd__dlygate4sd3_1)
                                                         net298 (net)
                      0.131955    0.000042    3.341639 ^ fanout82/A (sky130_fd_sc_hd__dlymetal6s2s_1)
     2    0.006992    0.094636    0.151987    3.493626 ^ fanout82/X (sky130_fd_sc_hd__dlymetal6s2s_1)
                                                         net82 (net)
                      0.094636    0.000021    3.493647 ^ hold128/A (sky130_fd_sc_hd__dlygate4sd3_1)
     5    0.018899    0.198043    0.665847    4.159494 ^ hold128/X (sky130_fd_sc_hd__dlygate4sd3_1)
                                                         net299 (net)
                      0.198043    0.000317    4.159811 ^ _256_/C_N (sky130_fd_sc_hd__nor3b_2)
     7    0.025725    0.449782    0.444667    4.604478 ^ _256_/Y (sky130_fd_sc_hd__nor3b_2)
                                                         _046_ (net)
                      0.449784    0.000833    4.605311 ^ wire77/A (sky130_fd_sc_hd__buf_4)
     7    0.056472    0.161723    0.291159    4.896470 ^ wire77/X (sky130_fd_sc_hd__buf_4)
                                                         net77 (net)
                      0.163152    0.012156    4.908626 ^ _262_/A (sky130_fd_sc_hd__or3_1)
     2    0.009706    0.097317    0.176743    5.085368 ^ _262_/X (sky130_fd_sc_hd__or3_1)
                                                         _052_ (net)
                      0.097317    0.000119    5.085488 ^ fanout75/A (sky130_fd_sc_hd__buf_1)
     3    0.017848    0.214703    0.215059    5.300546 ^ fanout75/X (sky130_fd_sc_hd__buf_1)
                                                         net75 (net)
                      0.214703    0.000229    5.300775 ^ fanout72/A (sky130_fd_sc_hd__buf_1)
     4    0.015795    0.190887    0.218625    5.519400 ^ fanout72/X (sky130_fd_sc_hd__buf_1)
                                                         net72 (net)
                      0.190887    0.000035    5.519435 ^ fanout71/A (sky130_fd_sc_hd__clkbuf_2)
     6    0.022524    0.128490    0.210651    5.730086 ^ fanout71/X (sky130_fd_sc_hd__clkbuf_2)
                                                         net71 (net)
                      0.128490    0.000064    5.730151 ^ _278_/B (sky130_fd_sc_hd__and2_1)
     4    0.014136    0.147286    0.214999    5.945150 ^ _278_/X (sky130_fd_sc_hd__and2_1)
                                                         _068_ (net)
                      0.147286    0.000136    5.945286 ^ _287_/C (sky130_fd_sc_hd__and4_2)
     5    0.025166    0.153807    0.331903    6.277189 ^ _287_/X (sky130_fd_sc_hd__and4_2)
                                                         _077_ (net)
                      0.153807    0.000488    6.277676 ^ _289_/D (sky130_fd_sc_hd__and4_1)
     5    0.016345    0.169861    0.303917    6.581593 ^ _289_/X (sky130_fd_sc_hd__and4_1)
                                                         _079_ (net)
                      0.169861    0.000348    6.581942 ^ _292_/D (sky130_fd_sc_hd__and4_1)
     1    0.005230    0.075080    0.227462    6.809403 ^ _292_/X (sky130_fd_sc_hd__and4_1)
                                                         _082_ (net)
                      0.075080    0.000103    6.809506 ^ fanout58/A (sky130_fd_sc_hd__clkbuf_1)
     3    0.015465    0.187069    0.189776    6.999282 ^ fanout58/X (sky130_fd_sc_hd__clkbuf_1)
                                                         net58 (net)
                      0.187070    0.000220    6.999502 ^ fanout57/A (sky130_fd_sc_hd__clkbuf_2)
     6    0.023490    0.133469    0.213088    7.212590 ^ fanout57/X (sky130_fd_sc_hd__clkbuf_2)
                                                         net57 (net)
                      0.133469    0.000528    7.213118 ^ _294_/D (sky130_fd_sc_hd__and4_1)
     4    0.019601    0.198631    0.322012    7.535130 ^ _294_/X (sky130_fd_sc_hd__and4_1)
                                                         _084_ (net)
                      0.198631    0.000583    7.535713 ^ _295_/C (sky130_fd_sc_hd__and3_1)
     3    0.011374    0.124389    0.241842    7.777555 ^ _295_/X (sky130_fd_sc_hd__and3_1)
                                                         _085_ (net)
                      0.124389    0.000236    7.777791 ^ _296_/B (sky130_fd_sc_hd__nand2_1)
     2    0.006719    0.073220    0.091228    7.869020 v _296_/Y (sky130_fd_sc_hd__nand2_1)
                                                         _086_ (net)
                      0.073220    0.000099    7.869119 v _297_/S (sky130_fd_sc_hd__mux2_2)
     4    0.024659    0.101540    0.348615    8.217734 v _297_/X (sky130_fd_sc_hd__mux2_2)
                                                         _087_ (net)
                      0.101540    0.000290    8.218024 v _351_/A (sky130_fd_sc_hd__xnor2_2)
     3    0.015976    0.243548    0.266835    8.484859 ^ _351_/Y (sky130_fd_sc_hd__xnor2_2)
                                                         _119_ (net)
                      0.243548    0.000193    8.485052 ^ _408_/A (sky130_fd_sc_hd__xnor2_1)
     1    0.003179    0.122892    0.150490    8.635542 ^ _408_/Y (sky130_fd_sc_hd__xnor2_1)
                                                         net51 (net)
                      0.122892    0.000043    8.635585 ^ output51/A (sky130_fd_sc_hd__buf_2)
     1    0.034683    0.172494    0.228275    8.863860 ^ output51/X (sky130_fd_sc_hd__buf_2)
                                                         tl_o[8] (net)
                      0.172494    0.000447    8.864306 ^ tl_o[8] (out)
                                              8.864306   data arrival time

                                 25.000000   25.000000   clock clk_i (rise edge)
                                  0.000000   25.000000   clock network delay (propagated)
                                 -0.250000   24.750000   clock uncertainty
                                  0.000000   24.750000   clock reconvergence pessimism
                                 -5.000000   19.750000   output external delay
                                             19.750000   data required time
---------------------------------------------------------------------------------------------
                                             19.750000   data required time
                                             -8.864306   data arrival time
---------------------------------------------------------------------------------------------
                                             10.885693   slack (MET)


Startpoint: _578_ (rising edge-triggered flip-flop clocked by clk_i)
Endpoint: tl_o[10] (output port clocked by clk_i)
Path Group: clk_i
Path Type: max

Fanout         Cap        Slew       Delay        Time   Description
---------------------------------------------------------------------------------------------
                                  0.000000    0.000000   clock clk_i (rise edge)
                                  0.000000    0.000000   clock source latency
     2    0.071891    0.327468    0.237902    0.237902 ^ clk_i (in)
                                                         clk_i (net)
                      0.329570    0.000000    0.237902 ^ clkbuf_0_clk_i/A (sky130_fd_sc_hd__clkbuf_16)
     2    0.018366    0.045915    0.208680    0.446582 ^ clkbuf_0_clk_i/X (sky130_fd_sc_hd__clkbuf_16)
                                                         clknet_0_clk_i (net)
                      0.045915    0.000137    0.446719 ^ clkbuf_1_0__f_clk_i/A (sky130_fd_sc_hd__clkbuf_16)
     3    0.007966    0.031577    0.114250    0.560970 ^ clkbuf_1_0__f_clk_i/X (sky130_fd_sc_hd__clkbuf_16)
                                                         clknet_1_0__leaf_clk_i (net)
                      0.031577    0.000082    0.561052 ^ _498_/A (sky130_fd_sc_hd__and2_2)
     3    0.049082    0.253215    0.282417    0.843469 ^ _498_/X (sky130_fd_sc_hd__and2_2)
                                                         u_ibex.clk (net)
                      0.253722    0.009246    0.852715 ^ clkbuf_0_u_ibex.clk/A (sky130_fd_sc_hd__clkbuf_16)
     9    0.077738    0.096888    0.236566    1.089280 ^ clkbuf_0_u_ibex.clk/X (sky130_fd_sc_hd__clkbuf_16)
                                                         clknet_0_u_ibex.clk (net)
                      0.097361    0.005383    1.094663 ^ clkbuf_2_2__f_u_ibex.clk/A (sky130_fd_sc_hd__clkbuf_16)
    31    0.099917    0.117593    0.198356    1.293019 ^ clkbuf_2_2__f_u_ibex.clk/X (sky130_fd_sc_hd__clkbuf_16)
                                                         clknet_2_2__leaf_u_ibex.clk (net)
                      0.118610    0.008838    1.301857 ^ _578_/CLK (sky130_fd_sc_hd__dfrtp_1)
     1    0.005305    0.064078    0.359407    1.661264 ^ _578_/Q (sky130_fd_sc_hd__dfrtp_1)
                                                         u_ibex.u_ibex_core.load_store_unit_i.ls_fsm_cs[1] (net)
                      0.064078    0.000099    1.661362 ^ hold126/A (sky130_fd_sc_hd__dlygate4sd3_1)
     1    0.003304    0.057371    0.545426    2.206789 ^ hold126/X (sky130_fd_sc_hd__dlygate4sd3_1)
                                                         net297 (net)
                      0.057371    0.000041    2.206830 ^ hold117/A (sky130_fd_sc_hd__dlygate4sd3_1)
     1    0.002057    0.047081    0.531711    2.738541 ^ hold117/X (sky130_fd_sc_hd__dlygate4sd3_1)
                                                         net288 (net)
                      0.047081    0.000018    2.738559 ^ hold127/A (sky130_fd_sc_hd__dlygate4sd3_1)
     3    0.011756    0.131955    0.603039    3.341597 ^ hold127/X (sky130_fd_sc_hd__dlygate4sd3_1)
                                                         net298 (net)
                      0.131955    0.000042    3.341639 ^ fanout82/A (sky130_fd_sc_hd__dlymetal6s2s_1)
     2    0.006992    0.094636    0.151987    3.493626 ^ fanout82/X (sky130_fd_sc_hd__dlymetal6s2s_1)
                                                         net82 (net)
                      0.094636    0.000021    3.493647 ^ hold128/A (sky130_fd_sc_hd__dlygate4sd3_1)
     5    0.018899    0.198043    0.665847    4.159494 ^ hold128/X (sky130_fd_sc_hd__dlygate4sd3_1)
                                                         net299 (net)
                      0.198043    0.000317    4.159811 ^ _256_/C_N (sky130_fd_sc_hd__nor3b_2)
     7    0.025725    0.449782    0.444667    4.604478 ^ _256_/Y (sky130_fd_sc_hd__nor3b_2)
                                                         _046_ (net)
                      0.449784    0.000833    4.605311 ^ wire77/A (sky130_fd_sc_hd__buf_4)
     7    0.056472    0.161723    0.291159    4.896470 ^ wire77/X (sky130_fd_sc_hd__buf_4)
                                                         net77 (net)
                      0.163152    0.012156    4.908626 ^ _262_/A (sky130_fd_sc_hd__or3_1)
     2    0.009706    0.097317    0.176743    5.085368 ^ _262_/X (sky130_fd_sc_hd__or3_1)
                                                         _052_ (net)
                      0.097317    0.000119    5.085488 ^ fanout75/A (sky130_fd_sc_hd__buf_1)
     3    0.017848    0.214703    0.215059    5.300546 ^ fanout75/X (sky130_fd_sc_hd__buf_1)
                                                         net75 (net)
                      0.214703    0.000229    5.300775 ^ fanout72/A (sky130_fd_sc_hd__buf_1)
     4    0.015795    0.190887    0.218625    5.519400 ^ fanout72/X (sky130_fd_sc_hd__buf_1)
                                                         net72 (net)
                      0.190887    0.000035    5.519435 ^ fanout71/A (sky130_fd_sc_hd__clkbuf_2)
     6    0.022524    0.128490    0.210651    5.730086 ^ fanout71/X (sky130_fd_sc_hd__clkbuf_2)
                                                         net71 (net)
                      0.128490    0.000064    5.730151 ^ _278_/B (sky130_fd_sc_hd__and2_1)
     4    0.014136    0.147286    0.214999    5.945150 ^ _278_/X (sky130_fd_sc_hd__and2_1)
                                                         _068_ (net)
                      0.147286    0.000136    5.945286 ^ _287_/C (sky130_fd_sc_hd__and4_2)
     5    0.025166    0.153807    0.331903    6.277189 ^ _287_/X (sky130_fd_sc_hd__and4_2)
                                                         _077_ (net)
                      0.153807    0.000488    6.277676 ^ _289_/D (sky130_fd_sc_hd__and4_1)
     5    0.016345    0.169861    0.303917    6.581593 ^ _289_/X (sky130_fd_sc_hd__and4_1)
                                                         _079_ (net)
                      0.169861    0.000348    6.581942 ^ _292_/D (sky130_fd_sc_hd__and4_1)
     1    0.005230    0.075080    0.227462    6.809403 ^ _292_/X (sky130_fd_sc_hd__and4_1)
                                                         _082_ (net)
                      0.075080    0.000103    6.809506 ^ fanout58/A (sky130_fd_sc_hd__clkbuf_1)
     3    0.015465    0.187069    0.189776    6.999282 ^ fanout58/X (sky130_fd_sc_hd__clkbuf_1)
                                                         net58 (net)
                      0.187070    0.000220    6.999502 ^ fanout57/A (sky130_fd_sc_hd__clkbuf_2)
     6    0.023490    0.133469    0.213088    7.212590 ^ fanout57/X (sky130_fd_sc_hd__clkbuf_2)
                                                         net57 (net)
                      0.133469    0.000528    7.213118 ^ _294_/D (sky130_fd_sc_hd__and4_1)
     4    0.019601    0.198631    0.322012    7.535130 ^ _294_/X (sky130_fd_sc_hd__and4_1)
                                                         _084_ (net)
                      0.198631    0.000583    7.535713 ^ _295_/C (sky130_fd_sc_hd__and3_1)
     3    0.011374    0.124389    0.241842    7.777555 ^ _295_/X (sky130_fd_sc_hd__and3_1)
                                                         _085_ (net)
                      0.124389    0.000236    7.777791 ^ _296_/B (sky130_fd_sc_hd__nand2_1)
     2    0.006719    0.073220    0.091228    7.869020 v _296_/Y (sky130_fd_sc_hd__nand2_1)
                                                         _086_ (net)
                      0.073220    0.000099    7.869119 v _297_/S (sky130_fd_sc_hd__mux2_2)
     4    0.024659    0.101540    0.348615    8.217734 v _297_/X (sky130_fd_sc_hd__mux2_2)
                                                         _087_ (net)
                      0.101540    0.000290    8.218024 v _351_/A (sky130_fd_sc_hd__xnor2_2)
     3    0.015976    0.243548    0.266835    8.484859 ^ _351_/Y (sky130_fd_sc_hd__xnor2_2)
                                                         _119_ (net)
                      0.243548    0.000139    8.484999 ^ _364_/A (sky130_fd_sc_hd__xnor2_1)
     1    0.002860    0.116869    0.147949    8.632948 ^ _364_/Y (sky130_fd_sc_hd__xnor2_1)
                                                         net19 (net)
                      0.116869    0.000033    8.632980 ^ output19/A (sky130_fd_sc_hd__buf_2)
     1    0.034702    0.172547    0.226175    8.859156 ^ output19/X (sky130_fd_sc_hd__buf_2)
                                                         tl_o[10] (net)
                      0.172547    0.000429    8.859585 ^ tl_o[10] (out)
                                              8.859585   data arrival time

                                 25.000000   25.000000   clock clk_i (rise edge)
                                  0.000000   25.000000   clock network delay (propagated)
                                 -0.250000   24.750000   clock uncertainty
                                  0.000000   24.750000   clock reconvergence pessimism
                                 -5.000000   19.750000   output external delay
                                             19.750000   data required time
---------------------------------------------------------------------------------------------
                                             19.750000   data required time
                                             -8.859585   data arrival time
---------------------------------------------------------------------------------------------
                                             10.890415   slack (MET)


Startpoint: _578_ (rising edge-triggered flip-flop clocked by clk_i)
Endpoint: tl_o[9] (output port clocked by clk_i)
Path Group: clk_i
Path Type: max

Fanout         Cap        Slew       Delay        Time   Description
---------------------------------------------------------------------------------------------
                                  0.000000    0.000000   clock clk_i (rise edge)
                                  0.000000    0.000000   clock source latency
     2    0.071891    0.327468    0.237902    0.237902 ^ clk_i (in)
                                                         clk_i (net)
                      0.329570    0.000000    0.237902 ^ clkbuf_0_clk_i/A (sky130_fd_sc_hd__clkbuf_16)
     2    0.018366    0.045915    0.208680    0.446582 ^ clkbuf_0_clk_i/X (sky130_fd_sc_hd__clkbuf_16)
                                                         clknet_0_clk_i (net)
                      0.045915    0.000137    0.446719 ^ clkbuf_1_0__f_clk_i/A (sky130_fd_sc_hd__clkbuf_16)
     3    0.007966    0.031577    0.114250    0.560970 ^ clkbuf_1_0__f_clk_i/X (sky130_fd_sc_hd__clkbuf_16)
                                                         clknet_1_0__leaf_clk_i (net)
                      0.031577    0.000082    0.561052 ^ _498_/A (sky130_fd_sc_hd__and2_2)
     3    0.049082    0.253215    0.282417    0.843469 ^ _498_/X (sky130_fd_sc_hd__and2_2)
                                                         u_ibex.clk (net)
                      0.253722    0.009246    0.852715 ^ clkbuf_0_u_ibex.clk/A (sky130_fd_sc_hd__clkbuf_16)
     9    0.077738    0.096888    0.236566    1.089280 ^ clkbuf_0_u_ibex.clk/X (sky130_fd_sc_hd__clkbuf_16)
                                                         clknet_0_u_ibex.clk (net)
                      0.097361    0.005383    1.094663 ^ clkbuf_2_2__f_u_ibex.clk/A (sky130_fd_sc_hd__clkbuf_16)
    31    0.099917    0.117593    0.198356    1.293019 ^ clkbuf_2_2__f_u_ibex.clk/X (sky130_fd_sc_hd__clkbuf_16)
                                                         clknet_2_2__leaf_u_ibex.clk (net)
                      0.118610    0.008838    1.301857 ^ _578_/CLK (sky130_fd_sc_hd__dfrtp_1)
     1    0.005305    0.064078    0.359407    1.661264 ^ _578_/Q (sky130_fd_sc_hd__dfrtp_1)
                                                         u_ibex.u_ibex_core.load_store_unit_i.ls_fsm_cs[1] (net)
                      0.064078    0.000099    1.661362 ^ hold126/A (sky130_fd_sc_hd__dlygate4sd3_1)
     1    0.003304    0.057371    0.545426    2.206789 ^ hold126/X (sky130_fd_sc_hd__dlygate4sd3_1)
                                                         net297 (net)
                      0.057371    0.000041    2.206830 ^ hold117/A (sky130_fd_sc_hd__dlygate4sd3_1)
     1    0.002057    0.047081    0.531711    2.738541 ^ hold117/X (sky130_fd_sc_hd__dlygate4sd3_1)
                                                         net288 (net)
                      0.047081    0.000018    2.738559 ^ hold127/A (sky130_fd_sc_hd__dlygate4sd3_1)
     3    0.011756    0.131955    0.603039    3.341597 ^ hold127/X (sky130_fd_sc_hd__dlygate4sd3_1)
                                                         net298 (net)
                      0.131955    0.000042    3.341639 ^ fanout82/A (sky130_fd_sc_hd__dlymetal6s2s_1)
     2    0.006992    0.094636    0.151987    3.493626 ^ fanout82/X (sky130_fd_sc_hd__dlymetal6s2s_1)
                                                         net82 (net)
                      0.094636    0.000021    3.493647 ^ hold128/A (sky130_fd_sc_hd__dlygate4sd3_1)
     5    0.018899    0.198043    0.665847    4.159494 ^ hold128/X (sky130_fd_sc_hd__dlygate4sd3_1)
                                                         net299 (net)
                      0.198043    0.000317    4.159811 ^ _256_/C_N (sky130_fd_sc_hd__nor3b_2)
     7    0.025725    0.449782    0.444667    4.604478 ^ _256_/Y (sky130_fd_sc_hd__nor3b_2)
                                                         _046_ (net)
                      0.449784    0.000833    4.605311 ^ wire77/A (sky130_fd_sc_hd__buf_4)
     7    0.056472    0.161723    0.291159    4.896470 ^ wire77/X (sky130_fd_sc_hd__buf_4)
                                                         net77 (net)
                      0.163152    0.012156    4.908626 ^ _262_/A (sky130_fd_sc_hd__or3_1)
     2    0.009706    0.097317    0.176743    5.085368 ^ _262_/X (sky130_fd_sc_hd__or3_1)
                                                         _052_ (net)
                      0.097317    0.000119    5.085488 ^ fanout75/A (sky130_fd_sc_hd__buf_1)
     3    0.017848    0.214703    0.215059    5.300546 ^ fanout75/X (sky130_fd_sc_hd__buf_1)
                                                         net75 (net)
                      0.214703    0.000229    5.300775 ^ fanout72/A (sky130_fd_sc_hd__buf_1)
     4    0.015795    0.190887    0.218625    5.519400 ^ fanout72/X (sky130_fd_sc_hd__buf_1)
                                                         net72 (net)
                      0.190887    0.000035    5.519435 ^ fanout71/A (sky130_fd_sc_hd__clkbuf_2)
     6    0.022524    0.128490    0.210651    5.730086 ^ fanout71/X (sky130_fd_sc_hd__clkbuf_2)
                                                         net71 (net)
                      0.128490    0.000064    5.730151 ^ _278_/B (sky130_fd_sc_hd__and2_1)
     4    0.014136    0.147286    0.214999    5.945150 ^ _278_/X (sky130_fd_sc_hd__and2_1)
                                                         _068_ (net)
                      0.147286    0.000136    5.945286 ^ _287_/C (sky130_fd_sc_hd__and4_2)
     5    0.025166    0.153807    0.331903    6.277189 ^ _287_/X (sky130_fd_sc_hd__and4_2)
                                                         _077_ (net)
                      0.153807    0.000488    6.277676 ^ _289_/D (sky130_fd_sc_hd__and4_1)
     5    0.016345    0.169861    0.303917    6.581593 ^ _289_/X (sky130_fd_sc_hd__and4_1)
                                                         _079_ (net)
                      0.169861    0.000348    6.581942 ^ _292_/D (sky130_fd_sc_hd__and4_1)
     1    0.005230    0.075080    0.227462    6.809403 ^ _292_/X (sky130_fd_sc_hd__and4_1)
                                                         _082_ (net)
                      0.075080    0.000103    6.809506 ^ fanout58/A (sky130_fd_sc_hd__clkbuf_1)
     3    0.015465    0.187069    0.189776    6.999282 ^ fanout58/X (sky130_fd_sc_hd__clkbuf_1)
                                                         net58 (net)
                      0.187070    0.000220    6.999502 ^ fanout57/A (sky130_fd_sc_hd__clkbuf_2)
     6    0.023490    0.133469    0.213088    7.212590 ^ fanout57/X (sky130_fd_sc_hd__clkbuf_2)
                                                         net57 (net)
                      0.133469    0.000528    7.213118 ^ _294_/D (sky130_fd_sc_hd__and4_1)
     4    0.019601    0.198631    0.322012    7.535130 ^ _294_/X (sky130_fd_sc_hd__and4_1)
                                                         _084_ (net)
                      0.198631    0.000583    7.535713 ^ _295_/C (sky130_fd_sc_hd__and3_1)
     3    0.011374    0.124389    0.241842    7.777555 ^ _295_/X (sky130_fd_sc_hd__and3_1)
                                                         _085_ (net)
                      0.124389    0.000236    7.777791 ^ _296_/B (sky130_fd_sc_hd__nand2_1)
     2    0.006719    0.073220    0.091228    7.869020 v _296_/Y (sky130_fd_sc_hd__nand2_1)
                                                         _086_ (net)
                      0.073220    0.000099    7.869119 v _297_/S (sky130_fd_sc_hd__mux2_2)
     4    0.024659    0.101540    0.348615    8.217734 v _297_/X (sky130_fd_sc_hd__mux2_2)
                                                         _087_ (net)
                      0.101540    0.000290    8.218024 v _351_/A (sky130_fd_sc_hd__xnor2_2)
     3    0.015976    0.243548    0.266835    8.484859 ^ _351_/Y (sky130_fd_sc_hd__xnor2_2)
                                                         _119_ (net)
                      0.243548    0.000157    8.485017 ^ _458_/A (sky130_fd_sc_hd__xnor2_1)
     1    0.002589    0.111725    0.145774    8.630791 ^ _458_/Y (sky130_fd_sc_hd__xnor2_1)
                                                         net55 (net)
                      0.111725    0.000028    8.630818 ^ output55/A (sky130_fd_sc_hd__buf_2)
     1    0.034666    0.172351    0.224150    8.854969 ^ output55/X (sky130_fd_sc_hd__buf_2)
                                                         tl_o[9] (net)
                      0.172351    0.000441    8.855409 ^ tl_o[9] (out)
                                              8.855409   data arrival time

                                 25.000000   25.000000   clock clk_i (rise edge)
                                  0.000000   25.000000   clock network delay (propagated)
                                 -0.250000   24.750000   clock uncertainty
                                  0.000000   24.750000   clock reconvergence pessimism
                                 -5.000000   19.750000   output external delay
                                             19.750000   data required time
---------------------------------------------------------------------------------------------
                                             19.750000   data required time
                                             -8.855409   data arrival time
---------------------------------------------------------------------------------------------
                                             10.894590   slack (MET)


Startpoint: _578_ (rising edge-triggered flip-flop clocked by clk_i)
Endpoint: tl_o[12] (output port clocked by clk_i)
Path Group: clk_i
Path Type: max

Fanout         Cap        Slew       Delay        Time   Description
---------------------------------------------------------------------------------------------
                                  0.000000    0.000000   clock clk_i (rise edge)
                                  0.000000    0.000000   clock source latency
     2    0.071891    0.327468    0.237902    0.237902 ^ clk_i (in)
                                                         clk_i (net)
                      0.329570    0.000000    0.237902 ^ clkbuf_0_clk_i/A (sky130_fd_sc_hd__clkbuf_16)
     2    0.018366    0.045915    0.208680    0.446582 ^ clkbuf_0_clk_i/X (sky130_fd_sc_hd__clkbuf_16)
                                                         clknet_0_clk_i (net)
                      0.045915    0.000137    0.446719 ^ clkbuf_1_0__f_clk_i/A (sky130_fd_sc_hd__clkbuf_16)
     3    0.007966    0.031577    0.114250    0.560970 ^ clkbuf_1_0__f_clk_i/X (sky130_fd_sc_hd__clkbuf_16)
                                                         clknet_1_0__leaf_clk_i (net)
                      0.031577    0.000082    0.561052 ^ _498_/A (sky130_fd_sc_hd__and2_2)
     3    0.049082    0.253215    0.282417    0.843469 ^ _498_/X (sky130_fd_sc_hd__and2_2)
                                                         u_ibex.clk (net)
                      0.253722    0.009246    0.852715 ^ clkbuf_0_u_ibex.clk/A (sky130_fd_sc_hd__clkbuf_16)
     9    0.077738    0.096888    0.236566    1.089280 ^ clkbuf_0_u_ibex.clk/X (sky130_fd_sc_hd__clkbuf_16)
                                                         clknet_0_u_ibex.clk (net)
                      0.097361    0.005383    1.094663 ^ clkbuf_2_2__f_u_ibex.clk/A (sky130_fd_sc_hd__clkbuf_16)
    31    0.099917    0.117593    0.198356    1.293019 ^ clkbuf_2_2__f_u_ibex.clk/X (sky130_fd_sc_hd__clkbuf_16)
                                                         clknet_2_2__leaf_u_ibex.clk (net)
                      0.118610    0.008838    1.301857 ^ _578_/CLK (sky130_fd_sc_hd__dfrtp_1)
     1    0.005305    0.064078    0.359407    1.661264 ^ _578_/Q (sky130_fd_sc_hd__dfrtp_1)
                                                         u_ibex.u_ibex_core.load_store_unit_i.ls_fsm_cs[1] (net)
                      0.064078    0.000099    1.661362 ^ hold126/A (sky130_fd_sc_hd__dlygate4sd3_1)
     1    0.003304    0.057371    0.545426    2.206789 ^ hold126/X (sky130_fd_sc_hd__dlygate4sd3_1)
                                                         net297 (net)
                      0.057371    0.000041    2.206830 ^ hold117/A (sky130_fd_sc_hd__dlygate4sd3_1)
     1    0.002057    0.047081    0.531711    2.738541 ^ hold117/X (sky130_fd_sc_hd__dlygate4sd3_1)
                                                         net288 (net)
                      0.047081    0.000018    2.738559 ^ hold127/A (sky130_fd_sc_hd__dlygate4sd3_1)
     3    0.011756    0.131955    0.603039    3.341597 ^ hold127/X (sky130_fd_sc_hd__dlygate4sd3_1)
                                                         net298 (net)
                      0.131955    0.000042    3.341639 ^ fanout82/A (sky130_fd_sc_hd__dlymetal6s2s_1)
     2    0.006992    0.094636    0.151987    3.493626 ^ fanout82/X (sky130_fd_sc_hd__dlymetal6s2s_1)
                                                         net82 (net)
                      0.094636    0.000021    3.493647 ^ hold128/A (sky130_fd_sc_hd__dlygate4sd3_1)
     5    0.018899    0.198043    0.665847    4.159494 ^ hold128/X (sky130_fd_sc_hd__dlygate4sd3_1)
                                                         net299 (net)
                      0.198043    0.000317    4.159811 ^ _256_/C_N (sky130_fd_sc_hd__nor3b_2)
     7    0.025725    0.449782    0.444667    4.604478 ^ _256_/Y (sky130_fd_sc_hd__nor3b_2)
                                                         _046_ (net)
                      0.449784    0.000833    4.605311 ^ wire77/A (sky130_fd_sc_hd__buf_4)
     7    0.056472    0.161723    0.291159    4.896470 ^ wire77/X (sky130_fd_sc_hd__buf_4)
                                                         net77 (net)
                      0.163152    0.012156    4.908626 ^ _262_/A (sky130_fd_sc_hd__or3_1)
     2    0.009706    0.097317    0.176743    5.085368 ^ _262_/X (sky130_fd_sc_hd__or3_1)
                                                         _052_ (net)
                      0.097317    0.000119    5.085488 ^ fanout75/A (sky130_fd_sc_hd__buf_1)
     3    0.017848    0.214703    0.215059    5.300546 ^ fanout75/X (sky130_fd_sc_hd__buf_1)
                                                         net75 (net)
                      0.214703    0.000229    5.300775 ^ fanout72/A (sky130_fd_sc_hd__buf_1)
     4    0.015795    0.190887    0.218625    5.519400 ^ fanout72/X (sky130_fd_sc_hd__buf_1)
                                                         net72 (net)
                      0.190887    0.000035    5.519435 ^ fanout71/A (sky130_fd_sc_hd__clkbuf_2)
     6    0.022524    0.128490    0.210651    5.730086 ^ fanout71/X (sky130_fd_sc_hd__clkbuf_2)
                                                         net71 (net)
                      0.128490    0.000064    5.730151 ^ _278_/B (sky130_fd_sc_hd__and2_1)
     4    0.014136    0.147286    0.214999    5.945150 ^ _278_/X (sky130_fd_sc_hd__and2_1)
                                                         _068_ (net)
                      0.147286    0.000136    5.945286 ^ _287_/C (sky130_fd_sc_hd__and4_2)
     5    0.025166    0.153807    0.331903    6.277189 ^ _287_/X (sky130_fd_sc_hd__and4_2)
                                                         _077_ (net)
                      0.153807    0.000488    6.277676 ^ _289_/D (sky130_fd_sc_hd__and4_1)
     5    0.016345    0.169861    0.303917    6.581593 ^ _289_/X (sky130_fd_sc_hd__and4_1)
                                                         _079_ (net)
                      0.169861    0.000348    6.581942 ^ _292_/D (sky130_fd_sc_hd__and4_1)
     1    0.005230    0.075080    0.227462    6.809403 ^ _292_/X (sky130_fd_sc_hd__and4_1)
                                                         _082_ (net)
                      0.075080    0.000103    6.809506 ^ fanout58/A (sky130_fd_sc_hd__clkbuf_1)
     3    0.015465    0.187069    0.189776    6.999282 ^ fanout58/X (sky130_fd_sc_hd__clkbuf_1)
                                                         net58 (net)
                      0.187070    0.000220    6.999502 ^ fanout57/A (sky130_fd_sc_hd__clkbuf_2)
     6    0.023490    0.133469    0.213088    7.212590 ^ fanout57/X (sky130_fd_sc_hd__clkbuf_2)
                                                         net57 (net)
                      0.133469    0.000528    7.213118 ^ _294_/D (sky130_fd_sc_hd__and4_1)
     4    0.019601    0.198631    0.322012    7.535130 ^ _294_/X (sky130_fd_sc_hd__and4_1)
                                                         _084_ (net)
                      0.198631    0.000583    7.535713 ^ _295_/C (sky130_fd_sc_hd__and3_1)
     3    0.011374    0.124389    0.241842    7.777555 ^ _295_/X (sky130_fd_sc_hd__and3_1)
                                                         _085_ (net)
                      0.124389    0.000236    7.777791 ^ _296_/B (sky130_fd_sc_hd__nand2_1)
     2    0.006719    0.073220    0.091228    7.869020 v _296_/Y (sky130_fd_sc_hd__nand2_1)
                                                         _086_ (net)
                      0.073220    0.000099    7.869119 v _297_/S (sky130_fd_sc_hd__mux2_2)
     4    0.024659    0.101540    0.348615    8.217734 v _297_/X (sky130_fd_sc_hd__mux2_2)
                                                         _087_ (net)
                      0.101540    0.000198    8.217933 v _386_/A (sky130_fd_sc_hd__xnor2_1)
     1    0.005499    0.173199    0.208132    8.426064 ^ _386_/Y (sky130_fd_sc_hd__xnor2_1)
                                                         _147_ (net)
                      0.173199    0.000048    8.426112 ^ _387_/B (sky130_fd_sc_hd__xnor2_1)
     1    0.005634    0.169805    0.158590    8.584702 ^ _387_/Y (sky130_fd_sc_hd__xnor2_1)
                                                         net21 (net)
                      0.169805    0.000141    8.584844 ^ output21/A (sky130_fd_sc_hd__buf_2)
     1    0.034319    0.170833    0.239816    8.824659 ^ output21/X (sky130_fd_sc_hd__buf_2)
                                                         tl_o[12] (net)
                      0.170833    0.000357    8.825017 ^ tl_o[12] (out)
                                              8.825017   data arrival time

                                 25.000000   25.000000   clock clk_i (rise edge)
                                  0.000000   25.000000   clock network delay (propagated)
                                 -0.250000   24.750000   clock uncertainty
                                  0.000000   24.750000   clock reconvergence pessimism
                                 -5.000000   19.750000   output external delay
                                             19.750000   data required time
---------------------------------------------------------------------------------------------
                                             19.750000   data required time
                                             -8.825017   data arrival time
---------------------------------------------------------------------------------------------
                                             10.924983   slack (MET)


Startpoint: _578_ (rising edge-triggered flip-flop clocked by clk_i)
Endpoint: tl_o[14] (output port clocked by clk_i)
Path Group: clk_i
Path Type: max

Fanout         Cap        Slew       Delay        Time   Description
---------------------------------------------------------------------------------------------
                                  0.000000    0.000000   clock clk_i (rise edge)
                                  0.000000    0.000000   clock source latency
     2    0.071891    0.327468    0.237902    0.237902 ^ clk_i (in)
                                                         clk_i (net)
                      0.329570    0.000000    0.237902 ^ clkbuf_0_clk_i/A (sky130_fd_sc_hd__clkbuf_16)
     2    0.018366    0.045915    0.208680    0.446582 ^ clkbuf_0_clk_i/X (sky130_fd_sc_hd__clkbuf_16)
                                                         clknet_0_clk_i (net)
                      0.045915    0.000137    0.446719 ^ clkbuf_1_0__f_clk_i/A (sky130_fd_sc_hd__clkbuf_16)
     3    0.007966    0.031577    0.114250    0.560970 ^ clkbuf_1_0__f_clk_i/X (sky130_fd_sc_hd__clkbuf_16)
                                                         clknet_1_0__leaf_clk_i (net)
                      0.031577    0.000082    0.561052 ^ _498_/A (sky130_fd_sc_hd__and2_2)
     3    0.049082    0.253215    0.282417    0.843469 ^ _498_/X (sky130_fd_sc_hd__and2_2)
                                                         u_ibex.clk (net)
                      0.253722    0.009246    0.852715 ^ clkbuf_0_u_ibex.clk/A (sky130_fd_sc_hd__clkbuf_16)
     9    0.077738    0.096888    0.236566    1.089280 ^ clkbuf_0_u_ibex.clk/X (sky130_fd_sc_hd__clkbuf_16)
                                                         clknet_0_u_ibex.clk (net)
                      0.097361    0.005383    1.094663 ^ clkbuf_2_2__f_u_ibex.clk/A (sky130_fd_sc_hd__clkbuf_16)
    31    0.099917    0.117593    0.198356    1.293019 ^ clkbuf_2_2__f_u_ibex.clk/X (sky130_fd_sc_hd__clkbuf_16)
                                                         clknet_2_2__leaf_u_ibex.clk (net)
                      0.118610    0.008838    1.301857 ^ _578_/CLK (sky130_fd_sc_hd__dfrtp_1)
     1    0.005305    0.064078    0.359407    1.661264 ^ _578_/Q (sky130_fd_sc_hd__dfrtp_1)
                                                         u_ibex.u_ibex_core.load_store_unit_i.ls_fsm_cs[1] (net)
                      0.064078    0.000099    1.661362 ^ hold126/A (sky130_fd_sc_hd__dlygate4sd3_1)
     1    0.003304    0.057371    0.545426    2.206789 ^ hold126/X (sky130_fd_sc_hd__dlygate4sd3_1)
                                                         net297 (net)
                      0.057371    0.000041    2.206830 ^ hold117/A (sky130_fd_sc_hd__dlygate4sd3_1)
     1    0.002057    0.047081    0.531711    2.738541 ^ hold117/X (sky130_fd_sc_hd__dlygate4sd3_1)
                                                         net288 (net)
                      0.047081    0.000018    2.738559 ^ hold127/A (sky130_fd_sc_hd__dlygate4sd3_1)
     3    0.011756    0.131955    0.603039    3.341597 ^ hold127/X (sky130_fd_sc_hd__dlygate4sd3_1)
                                                         net298 (net)
                      0.131955    0.000042    3.341639 ^ fanout82/A (sky130_fd_sc_hd__dlymetal6s2s_1)
     2    0.006992    0.094636    0.151987    3.493626 ^ fanout82/X (sky130_fd_sc_hd__dlymetal6s2s_1)
                                                         net82 (net)
                      0.094636    0.000021    3.493647 ^ hold128/A (sky130_fd_sc_hd__dlygate4sd3_1)
     5    0.018899    0.198043    0.665847    4.159494 ^ hold128/X (sky130_fd_sc_hd__dlygate4sd3_1)
                                                         net299 (net)
                      0.198043    0.000317    4.159811 ^ _256_/C_N (sky130_fd_sc_hd__nor3b_2)
     7    0.025725    0.449782    0.444667    4.604478 ^ _256_/Y (sky130_fd_sc_hd__nor3b_2)
                                                         _046_ (net)
                      0.449784    0.000833    4.605311 ^ wire77/A (sky130_fd_sc_hd__buf_4)
     7    0.056472    0.161723    0.291159    4.896470 ^ wire77/X (sky130_fd_sc_hd__buf_4)
                                                         net77 (net)
                      0.163152    0.012156    4.908626 ^ _262_/A (sky130_fd_sc_hd__or3_1)
     2    0.009706    0.097317    0.176743    5.085368 ^ _262_/X (sky130_fd_sc_hd__or3_1)
                                                         _052_ (net)
                      0.097317    0.000119    5.085488 ^ fanout75/A (sky130_fd_sc_hd__buf_1)
     3    0.017848    0.214703    0.215059    5.300546 ^ fanout75/X (sky130_fd_sc_hd__buf_1)
                                                         net75 (net)
                      0.214703    0.000229    5.300775 ^ fanout72/A (sky130_fd_sc_hd__buf_1)
     4    0.015795    0.190887    0.218625    5.519400 ^ fanout72/X (sky130_fd_sc_hd__buf_1)
                                                         net72 (net)
                      0.190887    0.000035    5.519435 ^ fanout71/A (sky130_fd_sc_hd__clkbuf_2)
     6    0.022524    0.128490    0.210651    5.730086 ^ fanout71/X (sky130_fd_sc_hd__clkbuf_2)
                                                         net71 (net)
                      0.128490    0.000064    5.730151 ^ _278_/B (sky130_fd_sc_hd__and2_1)
     4    0.014136    0.147286    0.214999    5.945150 ^ _278_/X (sky130_fd_sc_hd__and2_1)
                                                         _068_ (net)
                      0.147286    0.000136    5.945286 ^ _287_/C (sky130_fd_sc_hd__and4_2)
     5    0.025166    0.153807    0.331903    6.277189 ^ _287_/X (sky130_fd_sc_hd__and4_2)
                                                         _077_ (net)
                      0.153807    0.000488    6.277676 ^ _289_/D (sky130_fd_sc_hd__and4_1)
     5    0.016345    0.169861    0.303917    6.581593 ^ _289_/X (sky130_fd_sc_hd__and4_1)
                                                         _079_ (net)
                      0.169861    0.000348    6.581942 ^ _292_/D (sky130_fd_sc_hd__and4_1)
     1    0.005230    0.075080    0.227462    6.809403 ^ _292_/X (sky130_fd_sc_hd__and4_1)
                                                         _082_ (net)
                      0.075080    0.000103    6.809506 ^ fanout58/A (sky130_fd_sc_hd__clkbuf_1)
     3    0.015465    0.187069    0.189776    6.999282 ^ fanout58/X (sky130_fd_sc_hd__clkbuf_1)
                                                         net58 (net)
                      0.187070    0.000220    6.999502 ^ fanout57/A (sky130_fd_sc_hd__clkbuf_2)
     6    0.023490    0.133469    0.213088    7.212590 ^ fanout57/X (sky130_fd_sc_hd__clkbuf_2)
                                                         net57 (net)
                      0.133469    0.000528    7.213118 ^ _294_/D (sky130_fd_sc_hd__and4_1)
     4    0.019601    0.198631    0.322012    7.535130 ^ _294_/X (sky130_fd_sc_hd__and4_1)
                                                         _084_ (net)
                      0.198631    0.000583    7.535713 ^ _295_/C (sky130_fd_sc_hd__and3_1)
     3    0.011374    0.124389    0.241842    7.777555 ^ _295_/X (sky130_fd_sc_hd__and3_1)
                                                         _085_ (net)
                      0.124389    0.000179    7.777734 ^ _299_/B (sky130_fd_sc_hd__or2_1)
     1    0.003920    0.050044    0.121348    7.899083 ^ _299_/X (sky130_fd_sc_hd__or2_1)
                                                         _088_ (net)
                      0.050044    0.000069    7.899152 ^ _300_/B (sky130_fd_sc_hd__and2_1)
     3    0.014818    0.153586    0.197288    8.096439 ^ _300_/X (sky130_fd_sc_hd__and2_1)
                                                         u_ibex.u_ibex_core.load_store_unit_i.addr_last_d[30] (net)
                      0.153586    0.000256    8.096695 ^ _402_/A (sky130_fd_sc_hd__xor2_1)
     1    0.005057    0.155683    0.183607    8.280302 ^ _402_/X (sky130_fd_sc_hd__xor2_1)
                                                         _160_ (net)
                      0.155683    0.000027    8.280329 ^ _403_/B (sky130_fd_sc_hd__xnor2_1)
     1    0.006593    0.188507    0.162801    8.443130 ^ _403_/Y (sky130_fd_sc_hd__xnor2_1)
                                                         net23 (net)
                      0.188507    0.000201    8.443331 ^ output23/A (sky130_fd_sc_hd__buf_2)
     1    0.034735    0.172805    0.246191    8.689522 ^ output23/X (sky130_fd_sc_hd__buf_2)
                                                         tl_o[14] (net)
                      0.172805    0.000448    8.689969 ^ tl_o[14] (out)
                                              8.689969   data arrival time

                                 25.000000   25.000000   clock clk_i (rise edge)
                                  0.000000   25.000000   clock network delay (propagated)
                                 -0.250000   24.750000   clock uncertainty
                                  0.000000   24.750000   clock reconvergence pessimism
                                 -5.000000   19.750000   output external delay
                                             19.750000   data required time
---------------------------------------------------------------------------------------------
                                             19.750000   data required time
                                             -8.689969   data arrival time
---------------------------------------------------------------------------------------------
                                             11.060031   slack (MET)


Startpoint: _578_ (rising edge-triggered flip-flop clocked by clk_i)
Endpoint: tl_o[11] (output port clocked by clk_i)
Path Group: clk_i
Path Type: max

Fanout         Cap        Slew       Delay        Time   Description
---------------------------------------------------------------------------------------------
                                  0.000000    0.000000   clock clk_i (rise edge)
                                  0.000000    0.000000   clock source latency
     2    0.071891    0.327468    0.237902    0.237902 ^ clk_i (in)
                                                         clk_i (net)
                      0.329570    0.000000    0.237902 ^ clkbuf_0_clk_i/A (sky130_fd_sc_hd__clkbuf_16)
     2    0.018366    0.045915    0.208680    0.446582 ^ clkbuf_0_clk_i/X (sky130_fd_sc_hd__clkbuf_16)
                                                         clknet_0_clk_i (net)
                      0.045915    0.000137    0.446719 ^ clkbuf_1_0__f_clk_i/A (sky130_fd_sc_hd__clkbuf_16)
     3    0.007966    0.031577    0.114250    0.560970 ^ clkbuf_1_0__f_clk_i/X (sky130_fd_sc_hd__clkbuf_16)
                                                         clknet_1_0__leaf_clk_i (net)
                      0.031577    0.000082    0.561052 ^ _498_/A (sky130_fd_sc_hd__and2_2)
     3    0.049082    0.253215    0.282417    0.843469 ^ _498_/X (sky130_fd_sc_hd__and2_2)
                                                         u_ibex.clk (net)
                      0.253722    0.009246    0.852715 ^ clkbuf_0_u_ibex.clk/A (sky130_fd_sc_hd__clkbuf_16)
     9    0.077738    0.096888    0.236566    1.089280 ^ clkbuf_0_u_ibex.clk/X (sky130_fd_sc_hd__clkbuf_16)
                                                         clknet_0_u_ibex.clk (net)
                      0.097361    0.005383    1.094663 ^ clkbuf_2_2__f_u_ibex.clk/A (sky130_fd_sc_hd__clkbuf_16)
    31    0.099917    0.117593    0.198356    1.293019 ^ clkbuf_2_2__f_u_ibex.clk/X (sky130_fd_sc_hd__clkbuf_16)
                                                         clknet_2_2__leaf_u_ibex.clk (net)
                      0.118610    0.008838    1.301857 ^ _578_/CLK (sky130_fd_sc_hd__dfrtp_1)
     1    0.005305    0.064078    0.359407    1.661264 ^ _578_/Q (sky130_fd_sc_hd__dfrtp_1)
                                                         u_ibex.u_ibex_core.load_store_unit_i.ls_fsm_cs[1] (net)
                      0.064078    0.000099    1.661362 ^ hold126/A (sky130_fd_sc_hd__dlygate4sd3_1)
     1    0.003304    0.057371    0.545426    2.206789 ^ hold126/X (sky130_fd_sc_hd__dlygate4sd3_1)
                                                         net297 (net)
                      0.057371    0.000041    2.206830 ^ hold117/A (sky130_fd_sc_hd__dlygate4sd3_1)
     1    0.002057    0.047081    0.531711    2.738541 ^ hold117/X (sky130_fd_sc_hd__dlygate4sd3_1)
                                                         net288 (net)
                      0.047081    0.000018    2.738559 ^ hold127/A (sky130_fd_sc_hd__dlygate4sd3_1)
     3    0.011756    0.131955    0.603039    3.341597 ^ hold127/X (sky130_fd_sc_hd__dlygate4sd3_1)
                                                         net298 (net)
                      0.131955    0.000042    3.341639 ^ fanout82/A (sky130_fd_sc_hd__dlymetal6s2s_1)
     2    0.006992    0.094636    0.151987    3.493626 ^ fanout82/X (sky130_fd_sc_hd__dlymetal6s2s_1)
                                                         net82 (net)
                      0.094636    0.000021    3.493647 ^ hold128/A (sky130_fd_sc_hd__dlygate4sd3_1)
     5    0.018899    0.198043    0.665847    4.159494 ^ hold128/X (sky130_fd_sc_hd__dlygate4sd3_1)
                                                         net299 (net)
                      0.198043    0.000317    4.159811 ^ _256_/C_N (sky130_fd_sc_hd__nor3b_2)
     7    0.025725    0.449782    0.444667    4.604478 ^ _256_/Y (sky130_fd_sc_hd__nor3b_2)
                                                         _046_ (net)
                      0.449784    0.000833    4.605311 ^ wire77/A (sky130_fd_sc_hd__buf_4)
     7    0.056472    0.161723    0.291159    4.896470 ^ wire77/X (sky130_fd_sc_hd__buf_4)
                                                         net77 (net)
                      0.163152    0.012156    4.908626 ^ _262_/A (sky130_fd_sc_hd__or3_1)
     2    0.009706    0.097317    0.176743    5.085368 ^ _262_/X (sky130_fd_sc_hd__or3_1)
                                                         _052_ (net)
                      0.097317    0.000119    5.085488 ^ fanout75/A (sky130_fd_sc_hd__buf_1)
     3    0.017848    0.214703    0.215059    5.300546 ^ fanout75/X (sky130_fd_sc_hd__buf_1)
                                                         net75 (net)
                      0.214703    0.000229    5.300775 ^ fanout72/A (sky130_fd_sc_hd__buf_1)
     4    0.015795    0.190887    0.218625    5.519400 ^ fanout72/X (sky130_fd_sc_hd__buf_1)
                                                         net72 (net)
                      0.190887    0.000035    5.519435 ^ fanout71/A (sky130_fd_sc_hd__clkbuf_2)
     6    0.022524    0.128490    0.210651    5.730086 ^ fanout71/X (sky130_fd_sc_hd__clkbuf_2)
                                                         net71 (net)
                      0.128490    0.000064    5.730151 ^ _278_/B (sky130_fd_sc_hd__and2_1)
     4    0.014136    0.147286    0.214999    5.945150 ^ _278_/X (sky130_fd_sc_hd__and2_1)
                                                         _068_ (net)
                      0.147286    0.000136    5.945286 ^ _287_/C (sky130_fd_sc_hd__and4_2)
     5    0.025166    0.153807    0.331903    6.277189 ^ _287_/X (sky130_fd_sc_hd__and4_2)
                                                         _077_ (net)
                      0.153807    0.000488    6.277676 ^ _289_/D (sky130_fd_sc_hd__and4_1)
     5    0.016345    0.169861    0.303917    6.581593 ^ _289_/X (sky130_fd_sc_hd__and4_1)
                                                         _079_ (net)
                      0.169861    0.000348    6.581942 ^ _292_/D (sky130_fd_sc_hd__and4_1)
     1    0.005230    0.075080    0.227462    6.809403 ^ _292_/X (sky130_fd_sc_hd__and4_1)
                                                         _082_ (net)
                      0.075080    0.000103    6.809506 ^ fanout58/A (sky130_fd_sc_hd__clkbuf_1)
     3    0.015465    0.187069    0.189776    6.999282 ^ fanout58/X (sky130_fd_sc_hd__clkbuf_1)
                                                         net58 (net)
                      0.187070    0.000220    6.999502 ^ fanout57/A (sky130_fd_sc_hd__clkbuf_2)
     6    0.023490    0.133469    0.213088    7.212590 ^ fanout57/X (sky130_fd_sc_hd__clkbuf_2)
                                                         net57 (net)
                      0.133469    0.000528    7.213118 ^ _294_/D (sky130_fd_sc_hd__and4_1)
     4    0.019601    0.198631    0.322012    7.535130 ^ _294_/X (sky130_fd_sc_hd__and4_1)
                                                         _084_ (net)
                      0.198631    0.000698    7.535828 ^ _301_/B (sky130_fd_sc_hd__xor2_1)
     3    0.010479    0.256150    0.265420    7.801248 ^ _301_/X (sky130_fd_sc_hd__xor2_1)
                                                         u_ibex.u_ibex_core.load_store_unit_i.addr_last_d[28] (net)
                      0.256150    0.000052    7.801300 ^ _349_/A (sky130_fd_sc_hd__xnor2_1)
     1    0.009972    0.107789    0.160412    7.961712 v _349_/Y (sky130_fd_sc_hd__xnor2_1)
                                                         _117_ (net)
                      0.107789    0.000131    7.961844 v _350_/B (sky130_fd_sc_hd__xnor2_2)
     2    0.015400    0.237071    0.237950    8.199794 ^ _350_/Y (sky130_fd_sc_hd__xnor2_2)
                                                         _118_ (net)
                      0.237071    0.000066    8.199860 ^ _465_/A (sky130_fd_sc_hd__xor2_1)
     1    0.004334    0.138207    0.186399    8.386259 ^ _465_/X (sky130_fd_sc_hd__xor2_1)
                                                         net20 (net)
                      0.138207    0.000082    8.386341 ^ output20/A (sky130_fd_sc_hd__buf_2)
     1    0.034669    0.172442    0.232372    8.618713 ^ output20/X (sky130_fd_sc_hd__buf_2)
                                                         tl_o[11] (net)
                      0.172442    0.000441    8.619155 ^ tl_o[11] (out)
                                              8.619155   data arrival time

                                 25.000000   25.000000   clock clk_i (rise edge)
                                  0.000000   25.000000   clock network delay (propagated)
                                 -0.250000   24.750000   clock uncertainty
                                  0.000000   24.750000   clock reconvergence pessimism
                                 -5.000000   19.750000   output external delay
                                             19.750000   data required time
---------------------------------------------------------------------------------------------
                                             19.750000   data required time
                                             -8.619155   data arrival time
---------------------------------------------------------------------------------------------
                                             11.130845   slack (MET)


Startpoint: _578_ (rising edge-triggered flip-flop clocked by clk_i)
Endpoint: tl_o[92] (output port clocked by clk_i)
Path Group: clk_i
Path Type: max

Fanout         Cap        Slew       Delay        Time   Description
---------------------------------------------------------------------------------------------
                                  0.000000    0.000000   clock clk_i (rise edge)
                                  0.000000    0.000000   clock source latency
     2    0.071891    0.327468    0.237902    0.237902 ^ clk_i (in)
                                                         clk_i (net)
                      0.329570    0.000000    0.237902 ^ clkbuf_0_clk_i/A (sky130_fd_sc_hd__clkbuf_16)
     2    0.018366    0.045915    0.208680    0.446582 ^ clkbuf_0_clk_i/X (sky130_fd_sc_hd__clkbuf_16)
                                                         clknet_0_clk_i (net)
                      0.045915    0.000137    0.446719 ^ clkbuf_1_0__f_clk_i/A (sky130_fd_sc_hd__clkbuf_16)
     3    0.007966    0.031577    0.114250    0.560970 ^ clkbuf_1_0__f_clk_i/X (sky130_fd_sc_hd__clkbuf_16)
                                                         clknet_1_0__leaf_clk_i (net)
                      0.031577    0.000082    0.561052 ^ _498_/A (sky130_fd_sc_hd__and2_2)
     3    0.049082    0.253215    0.282417    0.843469 ^ _498_/X (sky130_fd_sc_hd__and2_2)
                                                         u_ibex.clk (net)
                      0.253722    0.009246    0.852715 ^ clkbuf_0_u_ibex.clk/A (sky130_fd_sc_hd__clkbuf_16)
     9    0.077738    0.096888    0.236566    1.089280 ^ clkbuf_0_u_ibex.clk/X (sky130_fd_sc_hd__clkbuf_16)
                                                         clknet_0_u_ibex.clk (net)
                      0.097361    0.005383    1.094663 ^ clkbuf_2_2__f_u_ibex.clk/A (sky130_fd_sc_hd__clkbuf_16)
    31    0.099917    0.117593    0.198356    1.293019 ^ clkbuf_2_2__f_u_ibex.clk/X (sky130_fd_sc_hd__clkbuf_16)
                                                         clknet_2_2__leaf_u_ibex.clk (net)
                      0.118610    0.008838    1.301857 ^ _578_/CLK (sky130_fd_sc_hd__dfrtp_1)
     1    0.005305    0.064078    0.359407    1.661264 ^ _578_/Q (sky130_fd_sc_hd__dfrtp_1)
                                                         u_ibex.u_ibex_core.load_store_unit_i.ls_fsm_cs[1] (net)
                      0.064078    0.000099    1.661362 ^ hold126/A (sky130_fd_sc_hd__dlygate4sd3_1)
     1    0.003304    0.057371    0.545426    2.206789 ^ hold126/X (sky130_fd_sc_hd__dlygate4sd3_1)
                                                         net297 (net)
                      0.057371    0.000041    2.206830 ^ hold117/A (sky130_fd_sc_hd__dlygate4sd3_1)
     1    0.002057    0.047081    0.531711    2.738541 ^ hold117/X (sky130_fd_sc_hd__dlygate4sd3_1)
                                                         net288 (net)
                      0.047081    0.000018    2.738559 ^ hold127/A (sky130_fd_sc_hd__dlygate4sd3_1)
     3    0.011756    0.131955    0.603039    3.341597 ^ hold127/X (sky130_fd_sc_hd__dlygate4sd3_1)
                                                         net298 (net)
                      0.131955    0.000042    3.341639 ^ fanout82/A (sky130_fd_sc_hd__dlymetal6s2s_1)
     2    0.006992    0.094636    0.151987    3.493626 ^ fanout82/X (sky130_fd_sc_hd__dlymetal6s2s_1)
                                                         net82 (net)
                      0.094636    0.000021    3.493647 ^ hold128/A (sky130_fd_sc_hd__dlygate4sd3_1)
     5    0.018899    0.198043    0.665847    4.159494 ^ hold128/X (sky130_fd_sc_hd__dlygate4sd3_1)
                                                         net299 (net)
                      0.198043    0.000317    4.159811 ^ _256_/C_N (sky130_fd_sc_hd__nor3b_2)
     7    0.025725    0.449782    0.444667    4.604478 ^ _256_/Y (sky130_fd_sc_hd__nor3b_2)
                                                         _046_ (net)
                      0.449784    0.000833    4.605311 ^ wire77/A (sky130_fd_sc_hd__buf_4)
     7    0.056472    0.161723    0.291159    4.896470 ^ wire77/X (sky130_fd_sc_hd__buf_4)
                                                         net77 (net)
                      0.163152    0.012156    4.908626 ^ _262_/A (sky130_fd_sc_hd__or3_1)
     2    0.009706    0.097317    0.176743    5.085368 ^ _262_/X (sky130_fd_sc_hd__or3_1)
                                                         _052_ (net)
                      0.097317    0.000119    5.085488 ^ fanout75/A (sky130_fd_sc_hd__buf_1)
     3    0.017848    0.214703    0.215059    5.300546 ^ fanout75/X (sky130_fd_sc_hd__buf_1)
                                                         net75 (net)
                      0.214703    0.000229    5.300775 ^ fanout72/A (sky130_fd_sc_hd__buf_1)
     4    0.015795    0.190887    0.218625    5.519400 ^ fanout72/X (sky130_fd_sc_hd__buf_1)
                                                         net72 (net)
                      0.190887    0.000035    5.519435 ^ fanout71/A (sky130_fd_sc_hd__clkbuf_2)
     6    0.022524    0.128490    0.210651    5.730086 ^ fanout71/X (sky130_fd_sc_hd__clkbuf_2)
                                                         net71 (net)
                      0.128490    0.000064    5.730151 ^ _278_/B (sky130_fd_sc_hd__and2_1)
     4    0.014136    0.147286    0.214999    5.945150 ^ _278_/X (sky130_fd_sc_hd__and2_1)
                                                         _068_ (net)
                      0.147286    0.000136    5.945286 ^ _287_/C (sky130_fd_sc_hd__and4_2)
     5    0.025166    0.153807    0.331903    6.277189 ^ _287_/X (sky130_fd_sc_hd__and4_2)
                                                         _077_ (net)
                      0.153807    0.000488    6.277676 ^ _289_/D (sky130_fd_sc_hd__and4_1)
     5    0.016345    0.169861    0.303917    6.581593 ^ _289_/X (sky130_fd_sc_hd__and4_1)
                                                         _079_ (net)
                      0.169861    0.000348    6.581942 ^ _292_/D (sky130_fd_sc_hd__and4_1)
     1    0.005230    0.075080    0.227462    6.809403 ^ _292_/X (sky130_fd_sc_hd__and4_1)
                                                         _082_ (net)
                      0.075080    0.000103    6.809506 ^ fanout58/A (sky130_fd_sc_hd__clkbuf_1)
     3    0.015465    0.187069    0.189776    6.999282 ^ fanout58/X (sky130_fd_sc_hd__clkbuf_1)
                                                         net58 (net)
                      0.187070    0.000220    6.999502 ^ fanout57/A (sky130_fd_sc_hd__clkbuf_2)
     6    0.023490    0.133469    0.213088    7.212590 ^ fanout57/X (sky130_fd_sc_hd__clkbuf_2)
                                                         net57 (net)
                      0.133469    0.000528    7.213118 ^ _294_/D (sky130_fd_sc_hd__and4_1)
     4    0.019601    0.198631    0.322012    7.535130 ^ _294_/X (sky130_fd_sc_hd__and4_1)
                                                         _084_ (net)
                      0.198631    0.000583    7.535713 ^ _295_/C (sky130_fd_sc_hd__and3_1)
     3    0.011374    0.124389    0.241842    7.777555 ^ _295_/X (sky130_fd_sc_hd__and3_1)
                                                         _085_ (net)
                      0.124389    0.000236    7.777791 ^ _296_/B (sky130_fd_sc_hd__nand2_1)
     2    0.006719    0.073220    0.091228    7.869020 v _296_/Y (sky130_fd_sc_hd__nand2_1)
                                                         _086_ (net)
                      0.073220    0.000099    7.869119 v _297_/S (sky130_fd_sc_hd__mux2_2)
     4    0.024659    0.101540    0.348615    8.217734 v _297_/X (sky130_fd_sc_hd__mux2_2)
                                                         _087_ (net)
                      0.101540    0.000238    8.217973 v _298_/A (sky130_fd_sc_hd__inv_2)
     2    0.006554    0.046506    0.075176    8.293149 ^ _298_/Y (sky130_fd_sc_hd__inv_2)
                                                         u_ibex.u_ibex_core.load_store_unit_i.addr_last_d[31] (net)
                      0.046506    0.000085    8.293234 ^ _714_/A (sky130_fd_sc_hd__clkbuf_1)
     1    0.002940    0.045554    0.082209    8.375443 ^ _714_/X (sky130_fd_sc_hd__clkbuf_1)
                                                         net54 (net)
                      0.045554    0.000033    8.375476 ^ output54/A (sky130_fd_sc_hd__buf_2)
     1    0.034491    0.171159    0.199108    8.574584 ^ output54/X (sky130_fd_sc_hd__buf_2)
                                                         tl_o[92] (net)
                      0.171159    0.000396    8.574980 ^ tl_o[92] (out)
                                              8.574980   data arrival time

                                 25.000000   25.000000   clock clk_i (rise edge)
                                  0.000000   25.000000   clock network delay (propagated)
                                 -0.250000   24.750000   clock uncertainty
                                  0.000000   24.750000   clock reconvergence pessimism
                                 -5.000000   19.750000   output external delay
                                             19.750000   data required time
---------------------------------------------------------------------------------------------
                                             19.750000   data required time
                                             -8.574980   data arrival time
---------------------------------------------------------------------------------------------
                                             11.175019   slack (MET)


Startpoint: _578_ (rising edge-triggered flip-flop clocked by clk_i)
Endpoint: tl_o[91] (output port clocked by clk_i)
Path Group: clk_i
Path Type: max

Fanout         Cap        Slew       Delay        Time   Description
---------------------------------------------------------------------------------------------
                                  0.000000    0.000000   clock clk_i (rise edge)
                                  0.000000    0.000000   clock source latency
     2    0.071891    0.327468    0.237902    0.237902 ^ clk_i (in)
                                                         clk_i (net)
                      0.329570    0.000000    0.237902 ^ clkbuf_0_clk_i/A (sky130_fd_sc_hd__clkbuf_16)
     2    0.018366    0.045915    0.208680    0.446582 ^ clkbuf_0_clk_i/X (sky130_fd_sc_hd__clkbuf_16)
                                                         clknet_0_clk_i (net)
                      0.045915    0.000137    0.446719 ^ clkbuf_1_0__f_clk_i/A (sky130_fd_sc_hd__clkbuf_16)
     3    0.007966    0.031577    0.114250    0.560970 ^ clkbuf_1_0__f_clk_i/X (sky130_fd_sc_hd__clkbuf_16)
                                                         clknet_1_0__leaf_clk_i (net)
                      0.031577    0.000082    0.561052 ^ _498_/A (sky130_fd_sc_hd__and2_2)
     3    0.049082    0.253215    0.282417    0.843469 ^ _498_/X (sky130_fd_sc_hd__and2_2)
                                                         u_ibex.clk (net)
                      0.253722    0.009246    0.852715 ^ clkbuf_0_u_ibex.clk/A (sky130_fd_sc_hd__clkbuf_16)
     9    0.077738    0.096888    0.236566    1.089280 ^ clkbuf_0_u_ibex.clk/X (sky130_fd_sc_hd__clkbuf_16)
                                                         clknet_0_u_ibex.clk (net)
                      0.097361    0.005383    1.094663 ^ clkbuf_2_2__f_u_ibex.clk/A (sky130_fd_sc_hd__clkbuf_16)
    31    0.099917    0.117593    0.198356    1.293019 ^ clkbuf_2_2__f_u_ibex.clk/X (sky130_fd_sc_hd__clkbuf_16)
                                                         clknet_2_2__leaf_u_ibex.clk (net)
                      0.118610    0.008838    1.301857 ^ _578_/CLK (sky130_fd_sc_hd__dfrtp_1)
     1    0.005305    0.064078    0.359407    1.661264 ^ _578_/Q (sky130_fd_sc_hd__dfrtp_1)
                                                         u_ibex.u_ibex_core.load_store_unit_i.ls_fsm_cs[1] (net)
                      0.064078    0.000099    1.661362 ^ hold126/A (sky130_fd_sc_hd__dlygate4sd3_1)
     1    0.003304    0.057371    0.545426    2.206789 ^ hold126/X (sky130_fd_sc_hd__dlygate4sd3_1)
                                                         net297 (net)
                      0.057371    0.000041    2.206830 ^ hold117/A (sky130_fd_sc_hd__dlygate4sd3_1)
     1    0.002057    0.047081    0.531711    2.738541 ^ hold117/X (sky130_fd_sc_hd__dlygate4sd3_1)
                                                         net288 (net)
                      0.047081    0.000018    2.738559 ^ hold127/A (sky130_fd_sc_hd__dlygate4sd3_1)
     3    0.011756    0.131955    0.603039    3.341597 ^ hold127/X (sky130_fd_sc_hd__dlygate4sd3_1)
                                                         net298 (net)
                      0.131955    0.000042    3.341639 ^ fanout82/A (sky130_fd_sc_hd__dlymetal6s2s_1)
     2    0.006992    0.094636    0.151987    3.493626 ^ fanout82/X (sky130_fd_sc_hd__dlymetal6s2s_1)
                                                         net82 (net)
                      0.094636    0.000021    3.493647 ^ hold128/A (sky130_fd_sc_hd__dlygate4sd3_1)
     5    0.018899    0.198043    0.665847    4.159494 ^ hold128/X (sky130_fd_sc_hd__dlygate4sd3_1)
                                                         net299 (net)
                      0.198043    0.000317    4.159811 ^ _256_/C_N (sky130_fd_sc_hd__nor3b_2)
     7    0.025725    0.449782    0.444667    4.604478 ^ _256_/Y (sky130_fd_sc_hd__nor3b_2)
                                                         _046_ (net)
                      0.449784    0.000833    4.605311 ^ wire77/A (sky130_fd_sc_hd__buf_4)
     7    0.056472    0.161723    0.291159    4.896470 ^ wire77/X (sky130_fd_sc_hd__buf_4)
                                                         net77 (net)
                      0.163152    0.012156    4.908626 ^ _262_/A (sky130_fd_sc_hd__or3_1)
     2    0.009706    0.097317    0.176743    5.085368 ^ _262_/X (sky130_fd_sc_hd__or3_1)
                                                         _052_ (net)
                      0.097317    0.000119    5.085488 ^ fanout75/A (sky130_fd_sc_hd__buf_1)
     3    0.017848    0.214703    0.215059    5.300546 ^ fanout75/X (sky130_fd_sc_hd__buf_1)
                                                         net75 (net)
                      0.214703    0.000229    5.300775 ^ fanout72/A (sky130_fd_sc_hd__buf_1)
     4    0.015795    0.190887    0.218625    5.519400 ^ fanout72/X (sky130_fd_sc_hd__buf_1)
                                                         net72 (net)
                      0.190887    0.000035    5.519435 ^ fanout71/A (sky130_fd_sc_hd__clkbuf_2)
     6    0.022524    0.128490    0.210651    5.730086 ^ fanout71/X (sky130_fd_sc_hd__clkbuf_2)
                                                         net71 (net)
                      0.128490    0.000064    5.730151 ^ _278_/B (sky130_fd_sc_hd__and2_1)
     4    0.014136    0.147286    0.214999    5.945150 ^ _278_/X (sky130_fd_sc_hd__and2_1)
                                                         _068_ (net)
                      0.147286    0.000136    5.945286 ^ _287_/C (sky130_fd_sc_hd__and4_2)
     5    0.025166    0.153807    0.331903    6.277189 ^ _287_/X (sky130_fd_sc_hd__and4_2)
                                                         _077_ (net)
                      0.153807    0.000488    6.277676 ^ _289_/D (sky130_fd_sc_hd__and4_1)
     5    0.016345    0.169861    0.303917    6.581593 ^ _289_/X (sky130_fd_sc_hd__and4_1)
                                                         _079_ (net)
                      0.169861    0.000348    6.581942 ^ _292_/D (sky130_fd_sc_hd__and4_1)
     1    0.005230    0.075080    0.227462    6.809403 ^ _292_/X (sky130_fd_sc_hd__and4_1)
                                                         _082_ (net)
                      0.075080    0.000103    6.809506 ^ fanout58/A (sky130_fd_sc_hd__clkbuf_1)
     3    0.015465    0.187069    0.189776    6.999282 ^ fanout58/X (sky130_fd_sc_hd__clkbuf_1)
                                                         net58 (net)
                      0.187070    0.000220    6.999502 ^ fanout57/A (sky130_fd_sc_hd__clkbuf_2)
     6    0.023490    0.133469    0.213088    7.212590 ^ fanout57/X (sky130_fd_sc_hd__clkbuf_2)
                                                         net57 (net)
                      0.133469    0.000528    7.213118 ^ _294_/D (sky130_fd_sc_hd__and4_1)
     4    0.019601    0.198631    0.322012    7.535130 ^ _294_/X (sky130_fd_sc_hd__and4_1)
                                                         _084_ (net)
                      0.198631    0.000583    7.535713 ^ _295_/C (sky130_fd_sc_hd__and3_1)
     3    0.011374    0.124389    0.241842    7.777555 ^ _295_/X (sky130_fd_sc_hd__and3_1)
                                                         _085_ (net)
                      0.124389    0.000179    7.777734 ^ _299_/B (sky130_fd_sc_hd__or2_1)
     1    0.003920    0.050044    0.121348    7.899083 ^ _299_/X (sky130_fd_sc_hd__or2_1)
                                                         _088_ (net)
                      0.050044    0.000069    7.899152 ^ _300_/B (sky130_fd_sc_hd__and2_1)
     3    0.014818    0.153586    0.197288    8.096439 ^ _300_/X (sky130_fd_sc_hd__and2_1)
                                                         u_ibex.u_ibex_core.load_store_unit_i.addr_last_d[30] (net)
                      0.153586    0.000139    8.096579 ^ _713_/A (sky130_fd_sc_hd__clkbuf_1)
     1    0.002028    0.037265    0.099605    8.196183 ^ _713_/X (sky130_fd_sc_hd__clkbuf_1)
                                                         net53 (net)
                      0.037265    0.000017    8.196200 ^ output53/A (sky130_fd_sc_hd__buf_2)
     1    0.034733    0.172314    0.196709    8.392910 ^ output53/X (sky130_fd_sc_hd__buf_2)
                                                         tl_o[91] (net)
                      0.172314    0.000430    8.393339 ^ tl_o[91] (out)
                                              8.393339   data arrival time

                                 25.000000   25.000000   clock clk_i (rise edge)
                                  0.000000   25.000000   clock network delay (propagated)
                                 -0.250000   24.750000   clock uncertainty
                                  0.000000   24.750000   clock reconvergence pessimism
                                 -5.000000   19.750000   output external delay
                                             19.750000   data required time
---------------------------------------------------------------------------------------------
                                             19.750000   data required time
                                             -8.393339   data arrival time
---------------------------------------------------------------------------------------------
                                             11.356660   slack (MET)


Startpoint: _578_ (rising edge-triggered flip-flop clocked by clk_i)
Endpoint: tl_o[88] (output port clocked by clk_i)
Path Group: clk_i
Path Type: max

Fanout         Cap        Slew       Delay        Time   Description
---------------------------------------------------------------------------------------------
                                  0.000000    0.000000   clock clk_i (rise edge)
                                  0.000000    0.000000   clock source latency
     2    0.071891    0.327468    0.237902    0.237902 ^ clk_i (in)
                                                         clk_i (net)
                      0.329570    0.000000    0.237902 ^ clkbuf_0_clk_i/A (sky130_fd_sc_hd__clkbuf_16)
     2    0.018366    0.045915    0.208680    0.446582 ^ clkbuf_0_clk_i/X (sky130_fd_sc_hd__clkbuf_16)
                                                         clknet_0_clk_i (net)
                      0.045915    0.000137    0.446719 ^ clkbuf_1_0__f_clk_i/A (sky130_fd_sc_hd__clkbuf_16)
     3    0.007966    0.031577    0.114250    0.560970 ^ clkbuf_1_0__f_clk_i/X (sky130_fd_sc_hd__clkbuf_16)
                                                         clknet_1_0__leaf_clk_i (net)
                      0.031577    0.000082    0.561052 ^ _498_/A (sky130_fd_sc_hd__and2_2)
     3    0.049082    0.253215    0.282417    0.843469 ^ _498_/X (sky130_fd_sc_hd__and2_2)
                                                         u_ibex.clk (net)
                      0.253722    0.009246    0.852715 ^ clkbuf_0_u_ibex.clk/A (sky130_fd_sc_hd__clkbuf_16)
     9    0.077738    0.096888    0.236566    1.089280 ^ clkbuf_0_u_ibex.clk/X (sky130_fd_sc_hd__clkbuf_16)
                                                         clknet_0_u_ibex.clk (net)
                      0.097361    0.005383    1.094663 ^ clkbuf_2_2__f_u_ibex.clk/A (sky130_fd_sc_hd__clkbuf_16)
    31    0.099917    0.117593    0.198356    1.293019 ^ clkbuf_2_2__f_u_ibex.clk/X (sky130_fd_sc_hd__clkbuf_16)
                                                         clknet_2_2__leaf_u_ibex.clk (net)
                      0.118610    0.008838    1.301857 ^ _578_/CLK (sky130_fd_sc_hd__dfrtp_1)
     1    0.005305    0.064078    0.359407    1.661264 ^ _578_/Q (sky130_fd_sc_hd__dfrtp_1)
                                                         u_ibex.u_ibex_core.load_store_unit_i.ls_fsm_cs[1] (net)
                      0.064078    0.000099    1.661362 ^ hold126/A (sky130_fd_sc_hd__dlygate4sd3_1)
     1    0.003304    0.057371    0.545426    2.206789 ^ hold126/X (sky130_fd_sc_hd__dlygate4sd3_1)
                                                         net297 (net)
                      0.057371    0.000041    2.206830 ^ hold117/A (sky130_fd_sc_hd__dlygate4sd3_1)
     1    0.002057    0.047081    0.531711    2.738541 ^ hold117/X (sky130_fd_sc_hd__dlygate4sd3_1)
                                                         net288 (net)
                      0.047081    0.000018    2.738559 ^ hold127/A (sky130_fd_sc_hd__dlygate4sd3_1)
     3    0.011756    0.131955    0.603039    3.341597 ^ hold127/X (sky130_fd_sc_hd__dlygate4sd3_1)
                                                         net298 (net)
                      0.131955    0.000042    3.341639 ^ fanout82/A (sky130_fd_sc_hd__dlymetal6s2s_1)
     2    0.006992    0.094636    0.151987    3.493626 ^ fanout82/X (sky130_fd_sc_hd__dlymetal6s2s_1)
                                                         net82 (net)
                      0.094636    0.000021    3.493647 ^ hold128/A (sky130_fd_sc_hd__dlygate4sd3_1)
     5    0.018899    0.198043    0.665847    4.159494 ^ hold128/X (sky130_fd_sc_hd__dlygate4sd3_1)
                                                         net299 (net)
                      0.198043    0.000317    4.159811 ^ _256_/C_N (sky130_fd_sc_hd__nor3b_2)
     7    0.025725    0.449782    0.444667    4.604478 ^ _256_/Y (sky130_fd_sc_hd__nor3b_2)
                                                         _046_ (net)
                      0.449784    0.000833    4.605311 ^ wire77/A (sky130_fd_sc_hd__buf_4)
     7    0.056472    0.161723    0.291159    4.896470 ^ wire77/X (sky130_fd_sc_hd__buf_4)
                                                         net77 (net)
                      0.163152    0.012156    4.908626 ^ _262_/A (sky130_fd_sc_hd__or3_1)
     2    0.009706    0.097317    0.176743    5.085368 ^ _262_/X (sky130_fd_sc_hd__or3_1)
                                                         _052_ (net)
                      0.097317    0.000119    5.085488 ^ fanout75/A (sky130_fd_sc_hd__buf_1)
     3    0.017848    0.214703    0.215059    5.300546 ^ fanout75/X (sky130_fd_sc_hd__buf_1)
                                                         net75 (net)
                      0.214703    0.000229    5.300775 ^ fanout72/A (sky130_fd_sc_hd__buf_1)
     4    0.015795    0.190887    0.218625    5.519400 ^ fanout72/X (sky130_fd_sc_hd__buf_1)
                                                         net72 (net)
                      0.190887    0.000035    5.519435 ^ fanout71/A (sky130_fd_sc_hd__clkbuf_2)
     6    0.022524    0.128490    0.210651    5.730086 ^ fanout71/X (sky130_fd_sc_hd__clkbuf_2)
                                                         net71 (net)
                      0.128490    0.000064    5.730151 ^ _278_/B (sky130_fd_sc_hd__and2_1)
     4    0.014136    0.147286    0.214999    5.945150 ^ _278_/X (sky130_fd_sc_hd__and2_1)
                                                         _068_ (net)
                      0.147286    0.000136    5.945286 ^ _287_/C (sky130_fd_sc_hd__and4_2)
     5    0.025166    0.153807    0.331903    6.277189 ^ _287_/X (sky130_fd_sc_hd__and4_2)
                                                         _077_ (net)
                      0.153807    0.000488    6.277676 ^ _289_/D (sky130_fd_sc_hd__and4_1)
     5    0.016345    0.169861    0.303917    6.581593 ^ _289_/X (sky130_fd_sc_hd__and4_1)
                                                         _079_ (net)
                      0.169861    0.000348    6.581942 ^ _292_/D (sky130_fd_sc_hd__and4_1)
     1    0.005230    0.075080    0.227462    6.809403 ^ _292_/X (sky130_fd_sc_hd__and4_1)
                                                         _082_ (net)
                      0.075080    0.000103    6.809506 ^ fanout58/A (sky130_fd_sc_hd__clkbuf_1)
     3    0.015465    0.187069    0.189776    6.999282 ^ fanout58/X (sky130_fd_sc_hd__clkbuf_1)
                                                         net58 (net)
                      0.187070    0.000220    6.999502 ^ fanout57/A (sky130_fd_sc_hd__clkbuf_2)
     6    0.023490    0.133469    0.213088    7.212590 ^ fanout57/X (sky130_fd_sc_hd__clkbuf_2)
                                                         net57 (net)
                      0.133469    0.000534    7.213124 ^ _293_/C (sky130_fd_sc_hd__and3_1)
     3    0.008098    0.095392    0.206371    7.419495 ^ _293_/X (sky130_fd_sc_hd__and3_1)
                                                         _083_ (net)
                      0.095392    0.000071    7.419566 ^ _335_/A_N (sky130_fd_sc_hd__and2b_1)
     2    0.008640    0.058273    0.210878    7.630444 v _335_/X (sky130_fd_sc_hd__and2b_1)
                                                         _110_ (net)
                      0.058273    0.000083    7.630527 v _336_/B (sky130_fd_sc_hd__nor2_1)
     3    0.018950    0.343157    0.284350    7.914878 ^ _336_/Y (sky130_fd_sc_hd__nor2_1)
                                                         u_ibex.u_ibex_core.load_store_unit_i.addr_last_d[27] (net)
                      0.343157    0.000283    7.915161 ^ _710_/A (sky130_fd_sc_hd__clkbuf_1)
     1    0.002284    0.042505    0.124106    8.039268 ^ _710_/X (sky130_fd_sc_hd__clkbuf_1)
                                                         net49 (net)
                      0.042505    0.000022    8.039289 ^ output49/A (sky130_fd_sc_hd__buf_2)
     1    0.034801    0.172618    0.198936    8.238225 ^ output49/X (sky130_fd_sc_hd__buf_2)
                                                         tl_o[88] (net)
                      0.172618    0.000443    8.238668 ^ tl_o[88] (out)
                                              8.238668   data arrival time

                                 25.000000   25.000000   clock clk_i (rise edge)
                                  0.000000   25.000000   clock network delay (propagated)
                                 -0.250000   24.750000   clock uncertainty
                                  0.000000   24.750000   clock reconvergence pessimism
                                 -5.000000   19.750000   output external delay
                                             19.750000   data required time
---------------------------------------------------------------------------------------------
                                             19.750000   data required time
                                             -8.238668   data arrival time
---------------------------------------------------------------------------------------------
                                             11.511331   slack (MET)


Startpoint: _578_ (rising edge-triggered flip-flop clocked by clk_i)
Endpoint: tl_o[90] (output port clocked by clk_i)
Path Group: clk_i
Path Type: max

Fanout         Cap        Slew       Delay        Time   Description
---------------------------------------------------------------------------------------------
                                  0.000000    0.000000   clock clk_i (rise edge)
                                  0.000000    0.000000   clock source latency
     2    0.071891    0.327468    0.237902    0.237902 ^ clk_i (in)
                                                         clk_i (net)
                      0.329570    0.000000    0.237902 ^ clkbuf_0_clk_i/A (sky130_fd_sc_hd__clkbuf_16)
     2    0.018366    0.045915    0.208680    0.446582 ^ clkbuf_0_clk_i/X (sky130_fd_sc_hd__clkbuf_16)
                                                         clknet_0_clk_i (net)
                      0.045915    0.000137    0.446719 ^ clkbuf_1_0__f_clk_i/A (sky130_fd_sc_hd__clkbuf_16)
     3    0.007966    0.031577    0.114250    0.560970 ^ clkbuf_1_0__f_clk_i/X (sky130_fd_sc_hd__clkbuf_16)
                                                         clknet_1_0__leaf_clk_i (net)
                      0.031577    0.000082    0.561052 ^ _498_/A (sky130_fd_sc_hd__and2_2)
     3    0.049082    0.253215    0.282417    0.843469 ^ _498_/X (sky130_fd_sc_hd__and2_2)
                                                         u_ibex.clk (net)
                      0.253722    0.009246    0.852715 ^ clkbuf_0_u_ibex.clk/A (sky130_fd_sc_hd__clkbuf_16)
     9    0.077738    0.096888    0.236566    1.089280 ^ clkbuf_0_u_ibex.clk/X (sky130_fd_sc_hd__clkbuf_16)
                                                         clknet_0_u_ibex.clk (net)
                      0.097361    0.005383    1.094663 ^ clkbuf_2_2__f_u_ibex.clk/A (sky130_fd_sc_hd__clkbuf_16)
    31    0.099917    0.117593    0.198356    1.293019 ^ clkbuf_2_2__f_u_ibex.clk/X (sky130_fd_sc_hd__clkbuf_16)
                                                         clknet_2_2__leaf_u_ibex.clk (net)
                      0.118610    0.008838    1.301857 ^ _578_/CLK (sky130_fd_sc_hd__dfrtp_1)
     1    0.005305    0.064078    0.359407    1.661264 ^ _578_/Q (sky130_fd_sc_hd__dfrtp_1)
                                                         u_ibex.u_ibex_core.load_store_unit_i.ls_fsm_cs[1] (net)
                      0.064078    0.000099    1.661362 ^ hold126/A (sky130_fd_sc_hd__dlygate4sd3_1)
     1    0.003304    0.057371    0.545426    2.206789 ^ hold126/X (sky130_fd_sc_hd__dlygate4sd3_1)
                                                         net297 (net)
                      0.057371    0.000041    2.206830 ^ hold117/A (sky130_fd_sc_hd__dlygate4sd3_1)
     1    0.002057    0.047081    0.531711    2.738541 ^ hold117/X (sky130_fd_sc_hd__dlygate4sd3_1)
                                                         net288 (net)
                      0.047081    0.000018    2.738559 ^ hold127/A (sky130_fd_sc_hd__dlygate4sd3_1)
     3    0.011756    0.131955    0.603039    3.341597 ^ hold127/X (sky130_fd_sc_hd__dlygate4sd3_1)
                                                         net298 (net)
                      0.131955    0.000042    3.341639 ^ fanout82/A (sky130_fd_sc_hd__dlymetal6s2s_1)
     2    0.006992    0.094636    0.151987    3.493626 ^ fanout82/X (sky130_fd_sc_hd__dlymetal6s2s_1)
                                                         net82 (net)
                      0.094636    0.000021    3.493647 ^ hold128/A (sky130_fd_sc_hd__dlygate4sd3_1)
     5    0.018899    0.198043    0.665847    4.159494 ^ hold128/X (sky130_fd_sc_hd__dlygate4sd3_1)
                                                         net299 (net)
                      0.198043    0.000317    4.159811 ^ _256_/C_N (sky130_fd_sc_hd__nor3b_2)
     7    0.025725    0.449782    0.444667    4.604478 ^ _256_/Y (sky130_fd_sc_hd__nor3b_2)
                                                         _046_ (net)
                      0.449784    0.000833    4.605311 ^ wire77/A (sky130_fd_sc_hd__buf_4)
     7    0.056472    0.161723    0.291159    4.896470 ^ wire77/X (sky130_fd_sc_hd__buf_4)
                                                         net77 (net)
                      0.163152    0.012156    4.908626 ^ _262_/A (sky130_fd_sc_hd__or3_1)
     2    0.009706    0.097317    0.176743    5.085368 ^ _262_/X (sky130_fd_sc_hd__or3_1)
                                                         _052_ (net)
                      0.097317    0.000119    5.085488 ^ fanout75/A (sky130_fd_sc_hd__buf_1)
     3    0.017848    0.214703    0.215059    5.300546 ^ fanout75/X (sky130_fd_sc_hd__buf_1)
                                                         net75 (net)
                      0.214703    0.000229    5.300775 ^ fanout72/A (sky130_fd_sc_hd__buf_1)
     4    0.015795    0.190887    0.218625    5.519400 ^ fanout72/X (sky130_fd_sc_hd__buf_1)
                                                         net72 (net)
                      0.190887    0.000035    5.519435 ^ fanout71/A (sky130_fd_sc_hd__clkbuf_2)
     6    0.022524    0.128490    0.210651    5.730086 ^ fanout71/X (sky130_fd_sc_hd__clkbuf_2)
                                                         net71 (net)
                      0.128490    0.000064    5.730151 ^ _278_/B (sky130_fd_sc_hd__and2_1)
     4    0.014136    0.147286    0.214999    5.945150 ^ _278_/X (sky130_fd_sc_hd__and2_1)
                                                         _068_ (net)
                      0.147286    0.000136    5.945286 ^ _287_/C (sky130_fd_sc_hd__and4_2)
     5    0.025166    0.153807    0.331903    6.277189 ^ _287_/X (sky130_fd_sc_hd__and4_2)
                                                         _077_ (net)
                      0.153807    0.000488    6.277676 ^ _289_/D (sky130_fd_sc_hd__and4_1)
     5    0.016345    0.169861    0.303917    6.581593 ^ _289_/X (sky130_fd_sc_hd__and4_1)
                                                         _079_ (net)
                      0.169861    0.000348    6.581942 ^ _292_/D (sky130_fd_sc_hd__and4_1)
     1    0.005230    0.075080    0.227462    6.809403 ^ _292_/X (sky130_fd_sc_hd__and4_1)
                                                         _082_ (net)
                      0.075080    0.000103    6.809506 ^ fanout58/A (sky130_fd_sc_hd__clkbuf_1)
     3    0.015465    0.187069    0.189776    6.999282 ^ fanout58/X (sky130_fd_sc_hd__clkbuf_1)
                                                         net58 (net)
                      0.187070    0.000220    6.999502 ^ fanout57/A (sky130_fd_sc_hd__clkbuf_2)
     6    0.023490    0.133469    0.213088    7.212590 ^ fanout57/X (sky130_fd_sc_hd__clkbuf_2)
                                                         net57 (net)
                      0.133469    0.000528    7.213118 ^ _294_/D (sky130_fd_sc_hd__and4_1)
     4    0.019601    0.198631    0.322012    7.535130 ^ _294_/X (sky130_fd_sc_hd__and4_1)
                                                         _084_ (net)
                      0.198631    0.000655    7.535785 ^ _337_/B2 (sky130_fd_sc_hd__a22oi_2)
     2    0.009093    0.083871    0.101338    7.637122 v _337_/Y (sky130_fd_sc_hd__a22oi_2)
                                                         _111_ (net)
                      0.083871    0.000115    7.637237 v _338_/B (sky130_fd_sc_hd__nor2_1)
     3    0.013656    0.255947    0.229742    7.866978 ^ _338_/Y (sky130_fd_sc_hd__nor2_1)
                                                         u_ibex.u_ibex_core.load_store_unit_i.addr_last_d[29] (net)
                      0.255947    0.000090    7.867068 ^ _712_/A (sky130_fd_sc_hd__clkbuf_1)
     1    0.002328    0.041595    0.116766    7.983834 ^ _712_/X (sky130_fd_sc_hd__clkbuf_1)
                                                         net52 (net)
                      0.041595    0.000021    7.983856 ^ output52/A (sky130_fd_sc_hd__buf_2)
     1    0.034895    0.173062    0.198886    8.182742 ^ output52/X (sky130_fd_sc_hd__buf_2)
                                                         tl_o[90] (net)
                      0.173062    0.000464    8.183206 ^ tl_o[90] (out)
                                              8.183206   data arrival time

                                 25.000000   25.000000   clock clk_i (rise edge)
                                  0.000000   25.000000   clock network delay (propagated)
                                 -0.250000   24.750000   clock uncertainty
                                  0.000000   24.750000   clock reconvergence pessimism
                                 -5.000000   19.750000   output external delay
                                             19.750000   data required time
---------------------------------------------------------------------------------------------
                                             19.750000   data required time
                                             -8.183206   data arrival time
---------------------------------------------------------------------------------------------
                                             11.566794   slack (MET)


Startpoint: _578_ (rising edge-triggered flip-flop clocked by clk_i)
Endpoint: tl_o[89] (output port clocked by clk_i)
Path Group: clk_i
Path Type: max

Fanout         Cap        Slew       Delay        Time   Description
---------------------------------------------------------------------------------------------
                                  0.000000    0.000000   clock clk_i (rise edge)
                                  0.000000    0.000000   clock source latency
     2    0.071891    0.327468    0.237902    0.237902 ^ clk_i (in)
                                                         clk_i (net)
                      0.329570    0.000000    0.237902 ^ clkbuf_0_clk_i/A (sky130_fd_sc_hd__clkbuf_16)
     2    0.018366    0.045915    0.208680    0.446582 ^ clkbuf_0_clk_i/X (sky130_fd_sc_hd__clkbuf_16)
                                                         clknet_0_clk_i (net)
                      0.045915    0.000137    0.446719 ^ clkbuf_1_0__f_clk_i/A (sky130_fd_sc_hd__clkbuf_16)
     3    0.007966    0.031577    0.114250    0.560970 ^ clkbuf_1_0__f_clk_i/X (sky130_fd_sc_hd__clkbuf_16)
                                                         clknet_1_0__leaf_clk_i (net)
                      0.031577    0.000082    0.561052 ^ _498_/A (sky130_fd_sc_hd__and2_2)
     3    0.049082    0.253215    0.282417    0.843469 ^ _498_/X (sky130_fd_sc_hd__and2_2)
                                                         u_ibex.clk (net)
                      0.253722    0.009246    0.852715 ^ clkbuf_0_u_ibex.clk/A (sky130_fd_sc_hd__clkbuf_16)
     9    0.077738    0.096888    0.236566    1.089280 ^ clkbuf_0_u_ibex.clk/X (sky130_fd_sc_hd__clkbuf_16)
                                                         clknet_0_u_ibex.clk (net)
                      0.097361    0.005383    1.094663 ^ clkbuf_2_2__f_u_ibex.clk/A (sky130_fd_sc_hd__clkbuf_16)
    31    0.099917    0.117593    0.198356    1.293019 ^ clkbuf_2_2__f_u_ibex.clk/X (sky130_fd_sc_hd__clkbuf_16)
                                                         clknet_2_2__leaf_u_ibex.clk (net)
                      0.118610    0.008838    1.301857 ^ _578_/CLK (sky130_fd_sc_hd__dfrtp_1)
     1    0.005305    0.064078    0.359407    1.661264 ^ _578_/Q (sky130_fd_sc_hd__dfrtp_1)
                                                         u_ibex.u_ibex_core.load_store_unit_i.ls_fsm_cs[1] (net)
                      0.064078    0.000099    1.661362 ^ hold126/A (sky130_fd_sc_hd__dlygate4sd3_1)
     1    0.003304    0.057371    0.545426    2.206789 ^ hold126/X (sky130_fd_sc_hd__dlygate4sd3_1)
                                                         net297 (net)
                      0.057371    0.000041    2.206830 ^ hold117/A (sky130_fd_sc_hd__dlygate4sd3_1)
     1    0.002057    0.047081    0.531711    2.738541 ^ hold117/X (sky130_fd_sc_hd__dlygate4sd3_1)
                                                         net288 (net)
                      0.047081    0.000018    2.738559 ^ hold127/A (sky130_fd_sc_hd__dlygate4sd3_1)
     3    0.011756    0.131955    0.603039    3.341597 ^ hold127/X (sky130_fd_sc_hd__dlygate4sd3_1)
                                                         net298 (net)
                      0.131955    0.000042    3.341639 ^ fanout82/A (sky130_fd_sc_hd__dlymetal6s2s_1)
     2    0.006992    0.094636    0.151987    3.493626 ^ fanout82/X (sky130_fd_sc_hd__dlymetal6s2s_1)
                                                         net82 (net)
                      0.094636    0.000021    3.493647 ^ hold128/A (sky130_fd_sc_hd__dlygate4sd3_1)
     5    0.018899    0.198043    0.665847    4.159494 ^ hold128/X (sky130_fd_sc_hd__dlygate4sd3_1)
                                                         net299 (net)
                      0.198043    0.000317    4.159811 ^ _256_/C_N (sky130_fd_sc_hd__nor3b_2)
     7    0.025725    0.449782    0.444667    4.604478 ^ _256_/Y (sky130_fd_sc_hd__nor3b_2)
                                                         _046_ (net)
                      0.449784    0.000833    4.605311 ^ wire77/A (sky130_fd_sc_hd__buf_4)
     7    0.056472    0.161723    0.291159    4.896470 ^ wire77/X (sky130_fd_sc_hd__buf_4)
                                                         net77 (net)
                      0.163152    0.012156    4.908626 ^ _262_/A (sky130_fd_sc_hd__or3_1)
     2    0.009706    0.097317    0.176743    5.085368 ^ _262_/X (sky130_fd_sc_hd__or3_1)
                                                         _052_ (net)
                      0.097317    0.000119    5.085488 ^ fanout75/A (sky130_fd_sc_hd__buf_1)
     3    0.017848    0.214703    0.215059    5.300546 ^ fanout75/X (sky130_fd_sc_hd__buf_1)
                                                         net75 (net)
                      0.214703    0.000229    5.300775 ^ fanout72/A (sky130_fd_sc_hd__buf_1)
     4    0.015795    0.190887    0.218625    5.519400 ^ fanout72/X (sky130_fd_sc_hd__buf_1)
                                                         net72 (net)
                      0.190887    0.000035    5.519435 ^ fanout71/A (sky130_fd_sc_hd__clkbuf_2)
     6    0.022524    0.128490    0.210651    5.730086 ^ fanout71/X (sky130_fd_sc_hd__clkbuf_2)
                                                         net71 (net)
                      0.128490    0.000064    5.730151 ^ _278_/B (sky130_fd_sc_hd__and2_1)
     4    0.014136    0.147286    0.214999    5.945150 ^ _278_/X (sky130_fd_sc_hd__and2_1)
                                                         _068_ (net)
                      0.147286    0.000136    5.945286 ^ _287_/C (sky130_fd_sc_hd__and4_2)
     5    0.025166    0.153807    0.331903    6.277189 ^ _287_/X (sky130_fd_sc_hd__and4_2)
                                                         _077_ (net)
                      0.153807    0.000488    6.277676 ^ _289_/D (sky130_fd_sc_hd__and4_1)
     5    0.016345    0.169861    0.303917    6.581593 ^ _289_/X (sky130_fd_sc_hd__and4_1)
                                                         _079_ (net)
                      0.169861    0.000348    6.581942 ^ _292_/D (sky130_fd_sc_hd__and4_1)
     1    0.005230    0.075080    0.227462    6.809403 ^ _292_/X (sky130_fd_sc_hd__and4_1)
                                                         _082_ (net)
                      0.075080    0.000103    6.809506 ^ fanout58/A (sky130_fd_sc_hd__clkbuf_1)
     3    0.015465    0.187069    0.189776    6.999282 ^ fanout58/X (sky130_fd_sc_hd__clkbuf_1)
                                                         net58 (net)
                      0.187070    0.000220    6.999502 ^ fanout57/A (sky130_fd_sc_hd__clkbuf_2)
     6    0.023490    0.133469    0.213088    7.212590 ^ fanout57/X (sky130_fd_sc_hd__clkbuf_2)
                                                         net57 (net)
                      0.133469    0.000528    7.213118 ^ _294_/D (sky130_fd_sc_hd__and4_1)
     4    0.019601    0.198631    0.322012    7.535130 ^ _294_/X (sky130_fd_sc_hd__and4_1)
                                                         _084_ (net)
                      0.198631    0.000698    7.535828 ^ _301_/B (sky130_fd_sc_hd__xor2_1)
     3    0.010479    0.256150    0.265420    7.801248 ^ _301_/X (sky130_fd_sc_hd__xor2_1)
                                                         u_ibex.u_ibex_core.load_store_unit_i.addr_last_d[28] (net)
                      0.256150    0.000029    7.801277 ^ _711_/A (sky130_fd_sc_hd__clkbuf_1)
     1    0.003253    0.050886    0.124641    7.925918 ^ _711_/X (sky130_fd_sc_hd__clkbuf_1)
                                                         net50 (net)
                      0.050886    0.000044    7.925961 ^ output50/A (sky130_fd_sc_hd__buf_2)
     1    0.034320    0.170385    0.200610    8.126572 ^ output50/X (sky130_fd_sc_hd__buf_2)
                                                         tl_o[89] (net)
                      0.170385    0.000357    8.126928 ^ tl_o[89] (out)
                                              8.126928   data arrival time

                                 25.000000   25.000000   clock clk_i (rise edge)
                                  0.000000   25.000000   clock network delay (propagated)
                                 -0.250000   24.750000   clock uncertainty
                                  0.000000   24.750000   clock reconvergence pessimism
                                 -5.000000   19.750000   output external delay
                                             19.750000   data required time
---------------------------------------------------------------------------------------------
                                             19.750000   data required time
                                             -8.126928   data arrival time
---------------------------------------------------------------------------------------------
                                             11.623071   slack (MET)


Startpoint: _578_ (rising edge-triggered flip-flop clocked by clk_i)
Endpoint: tl_o[85] (output port clocked by clk_i)
Path Group: clk_i
Path Type: max

Fanout         Cap        Slew       Delay        Time   Description
---------------------------------------------------------------------------------------------
                                  0.000000    0.000000   clock clk_i (rise edge)
                                  0.000000    0.000000   clock source latency
     2    0.071891    0.327468    0.237902    0.237902 ^ clk_i (in)
                                                         clk_i (net)
                      0.329570    0.000000    0.237902 ^ clkbuf_0_clk_i/A (sky130_fd_sc_hd__clkbuf_16)
     2    0.018366    0.045915    0.208680    0.446582 ^ clkbuf_0_clk_i/X (sky130_fd_sc_hd__clkbuf_16)
                                                         clknet_0_clk_i (net)
                      0.045915    0.000137    0.446719 ^ clkbuf_1_0__f_clk_i/A (sky130_fd_sc_hd__clkbuf_16)
     3    0.007966    0.031577    0.114250    0.560970 ^ clkbuf_1_0__f_clk_i/X (sky130_fd_sc_hd__clkbuf_16)
                                                         clknet_1_0__leaf_clk_i (net)
                      0.031577    0.000082    0.561052 ^ _498_/A (sky130_fd_sc_hd__and2_2)
     3    0.049082    0.253215    0.282417    0.843469 ^ _498_/X (sky130_fd_sc_hd__and2_2)
                                                         u_ibex.clk (net)
                      0.253722    0.009246    0.852715 ^ clkbuf_0_u_ibex.clk/A (sky130_fd_sc_hd__clkbuf_16)
     9    0.077738    0.096888    0.236566    1.089280 ^ clkbuf_0_u_ibex.clk/X (sky130_fd_sc_hd__clkbuf_16)
                                                         clknet_0_u_ibex.clk (net)
                      0.097361    0.005383    1.094663 ^ clkbuf_2_2__f_u_ibex.clk/A (sky130_fd_sc_hd__clkbuf_16)
    31    0.099917    0.117593    0.198356    1.293019 ^ clkbuf_2_2__f_u_ibex.clk/X (sky130_fd_sc_hd__clkbuf_16)
                                                         clknet_2_2__leaf_u_ibex.clk (net)
                      0.118610    0.008838    1.301857 ^ _578_/CLK (sky130_fd_sc_hd__dfrtp_1)
     1    0.005305    0.064078    0.359407    1.661264 ^ _578_/Q (sky130_fd_sc_hd__dfrtp_1)
                                                         u_ibex.u_ibex_core.load_store_unit_i.ls_fsm_cs[1] (net)
                      0.064078    0.000099    1.661362 ^ hold126/A (sky130_fd_sc_hd__dlygate4sd3_1)
     1    0.003304    0.057371    0.545426    2.206789 ^ hold126/X (sky130_fd_sc_hd__dlygate4sd3_1)
                                                         net297 (net)
                      0.057371    0.000041    2.206830 ^ hold117/A (sky130_fd_sc_hd__dlygate4sd3_1)
     1    0.002057    0.047081    0.531711    2.738541 ^ hold117/X (sky130_fd_sc_hd__dlygate4sd3_1)
                                                         net288 (net)
                      0.047081    0.000018    2.738559 ^ hold127/A (sky130_fd_sc_hd__dlygate4sd3_1)
     3    0.011756    0.131955    0.603039    3.341597 ^ hold127/X (sky130_fd_sc_hd__dlygate4sd3_1)
                                                         net298 (net)
                      0.131955    0.000042    3.341639 ^ fanout82/A (sky130_fd_sc_hd__dlymetal6s2s_1)
     2    0.006992    0.094636    0.151987    3.493626 ^ fanout82/X (sky130_fd_sc_hd__dlymetal6s2s_1)
                                                         net82 (net)
                      0.094636    0.000021    3.493647 ^ hold128/A (sky130_fd_sc_hd__dlygate4sd3_1)
     5    0.018899    0.198043    0.665847    4.159494 ^ hold128/X (sky130_fd_sc_hd__dlygate4sd3_1)
                                                         net299 (net)
                      0.198043    0.000317    4.159811 ^ _256_/C_N (sky130_fd_sc_hd__nor3b_2)
     7    0.025725    0.449782    0.444667    4.604478 ^ _256_/Y (sky130_fd_sc_hd__nor3b_2)
                                                         _046_ (net)
                      0.449784    0.000833    4.605311 ^ wire77/A (sky130_fd_sc_hd__buf_4)
     7    0.056472    0.161723    0.291159    4.896470 ^ wire77/X (sky130_fd_sc_hd__buf_4)
                                                         net77 (net)
                      0.163152    0.012156    4.908626 ^ _262_/A (sky130_fd_sc_hd__or3_1)
     2    0.009706    0.097317    0.176743    5.085368 ^ _262_/X (sky130_fd_sc_hd__or3_1)
                                                         _052_ (net)
                      0.097317    0.000119    5.085488 ^ fanout75/A (sky130_fd_sc_hd__buf_1)
     3    0.017848    0.214703    0.215059    5.300546 ^ fanout75/X (sky130_fd_sc_hd__buf_1)
                                                         net75 (net)
                      0.214703    0.000229    5.300775 ^ fanout72/A (sky130_fd_sc_hd__buf_1)
     4    0.015795    0.190887    0.218625    5.519400 ^ fanout72/X (sky130_fd_sc_hd__buf_1)
                                                         net72 (net)
                      0.190887    0.000035    5.519435 ^ fanout71/A (sky130_fd_sc_hd__clkbuf_2)
     6    0.022524    0.128490    0.210651    5.730086 ^ fanout71/X (sky130_fd_sc_hd__clkbuf_2)
                                                         net71 (net)
                      0.128490    0.000064    5.730151 ^ _278_/B (sky130_fd_sc_hd__and2_1)
     4    0.014136    0.147286    0.214999    5.945150 ^ _278_/X (sky130_fd_sc_hd__and2_1)
                                                         _068_ (net)
                      0.147286    0.000136    5.945286 ^ _287_/C (sky130_fd_sc_hd__and4_2)
     5    0.025166    0.153807    0.331903    6.277189 ^ _287_/X (sky130_fd_sc_hd__and4_2)
                                                         _077_ (net)
                      0.153807    0.000488    6.277676 ^ _289_/D (sky130_fd_sc_hd__and4_1)
     5    0.016345    0.169861    0.303917    6.581593 ^ _289_/X (sky130_fd_sc_hd__and4_1)
                                                         _079_ (net)
                      0.169861    0.000348    6.581942 ^ _292_/D (sky130_fd_sc_hd__and4_1)
     1    0.005230    0.075080    0.227462    6.809403 ^ _292_/X (sky130_fd_sc_hd__and4_1)
                                                         _082_ (net)
                      0.075080    0.000103    6.809506 ^ fanout58/A (sky130_fd_sc_hd__clkbuf_1)
     3    0.015465    0.187069    0.189776    6.999282 ^ fanout58/X (sky130_fd_sc_hd__clkbuf_1)
                                                         net58 (net)
                      0.187070    0.000220    6.999502 ^ fanout57/A (sky130_fd_sc_hd__clkbuf_2)
     6    0.023490    0.133469    0.213088    7.212590 ^ fanout57/X (sky130_fd_sc_hd__clkbuf_2)
                                                         net57 (net)
                      0.133469    0.000253    7.212843 ^ _307_/B (sky130_fd_sc_hd__nor2_1)
     1    0.003034    0.040738    0.056493    7.269336 v _307_/Y (sky130_fd_sc_hd__nor2_1)
                                                         _092_ (net)
                      0.040738    0.000043    7.269378 v _309_/A (sky130_fd_sc_hd__or2_1)
     3    0.012816    0.091627    0.272255    7.541633 v _309_/X (sky130_fd_sc_hd__or2_1)
                                                         _094_ (net)
                      0.091627    0.000127    7.541760 v _310_/A (sky130_fd_sc_hd__inv_2)
     3    0.020993    0.101975    0.118658    7.660419 ^ _310_/Y (sky130_fd_sc_hd__inv_2)
                                                         u_ibex.u_ibex_core.load_store_unit_i.addr_last_d[24] (net)
                      0.101980    0.000593    7.661012 ^ _707_/A (sky130_fd_sc_hd__clkbuf_1)
     1    0.002475    0.041176    0.093522    7.754533 ^ _707_/X (sky130_fd_sc_hd__clkbuf_1)
                                                         net46 (net)
                      0.041176    0.000026    7.754559 ^ output46/A (sky130_fd_sc_hd__buf_2)
     1    0.034445    0.170953    0.197282    7.951841 ^ output46/X (sky130_fd_sc_hd__buf_2)
                                                         tl_o[85] (net)
                      0.170953    0.000388    7.952229 ^ tl_o[85] (out)
                                              7.952229   data arrival time

                                 25.000000   25.000000   clock clk_i (rise edge)
                                  0.000000   25.000000   clock network delay (propagated)
                                 -0.250000   24.750000   clock uncertainty
                                  0.000000   24.750000   clock reconvergence pessimism
                                 -5.000000   19.750000   output external delay
                                             19.750000   data required time
---------------------------------------------------------------------------------------------
                                             19.750000   data required time
                                             -7.952229   data arrival time
---------------------------------------------------------------------------------------------
                                             11.797771   slack (MET)


Startpoint: _578_ (rising edge-triggered flip-flop clocked by clk_i)
Endpoint: tl_o[82] (output port clocked by clk_i)
Path Group: clk_i
Path Type: max

Fanout         Cap        Slew       Delay        Time   Description
---------------------------------------------------------------------------------------------
                                  0.000000    0.000000   clock clk_i (rise edge)
                                  0.000000    0.000000   clock source latency
     2    0.071891    0.327468    0.237902    0.237902 ^ clk_i (in)
                                                         clk_i (net)
                      0.329570    0.000000    0.237902 ^ clkbuf_0_clk_i/A (sky130_fd_sc_hd__clkbuf_16)
     2    0.018366    0.045915    0.208680    0.446582 ^ clkbuf_0_clk_i/X (sky130_fd_sc_hd__clkbuf_16)
                                                         clknet_0_clk_i (net)
                      0.045915    0.000137    0.446719 ^ clkbuf_1_0__f_clk_i/A (sky130_fd_sc_hd__clkbuf_16)
     3    0.007966    0.031577    0.114250    0.560970 ^ clkbuf_1_0__f_clk_i/X (sky130_fd_sc_hd__clkbuf_16)
                                                         clknet_1_0__leaf_clk_i (net)
                      0.031577    0.000082    0.561052 ^ _498_/A (sky130_fd_sc_hd__and2_2)
     3    0.049082    0.253215    0.282417    0.843469 ^ _498_/X (sky130_fd_sc_hd__and2_2)
                                                         u_ibex.clk (net)
                      0.253722    0.009246    0.852715 ^ clkbuf_0_u_ibex.clk/A (sky130_fd_sc_hd__clkbuf_16)
     9    0.077738    0.096888    0.236566    1.089280 ^ clkbuf_0_u_ibex.clk/X (sky130_fd_sc_hd__clkbuf_16)
                                                         clknet_0_u_ibex.clk (net)
                      0.097361    0.005383    1.094663 ^ clkbuf_2_2__f_u_ibex.clk/A (sky130_fd_sc_hd__clkbuf_16)
    31    0.099917    0.117593    0.198356    1.293019 ^ clkbuf_2_2__f_u_ibex.clk/X (sky130_fd_sc_hd__clkbuf_16)
                                                         clknet_2_2__leaf_u_ibex.clk (net)
                      0.118610    0.008838    1.301857 ^ _578_/CLK (sky130_fd_sc_hd__dfrtp_1)
     1    0.005305    0.064078    0.359407    1.661264 ^ _578_/Q (sky130_fd_sc_hd__dfrtp_1)
                                                         u_ibex.u_ibex_core.load_store_unit_i.ls_fsm_cs[1] (net)
                      0.064078    0.000099    1.661362 ^ hold126/A (sky130_fd_sc_hd__dlygate4sd3_1)
     1    0.003304    0.057371    0.545426    2.206789 ^ hold126/X (sky130_fd_sc_hd__dlygate4sd3_1)
                                                         net297 (net)
                      0.057371    0.000041    2.206830 ^ hold117/A (sky130_fd_sc_hd__dlygate4sd3_1)
     1    0.002057    0.047081    0.531711    2.738541 ^ hold117/X (sky130_fd_sc_hd__dlygate4sd3_1)
                                                         net288 (net)
                      0.047081    0.000018    2.738559 ^ hold127/A (sky130_fd_sc_hd__dlygate4sd3_1)
     3    0.011756    0.131955    0.603039    3.341597 ^ hold127/X (sky130_fd_sc_hd__dlygate4sd3_1)
                                                         net298 (net)
                      0.131955    0.000042    3.341639 ^ fanout82/A (sky130_fd_sc_hd__dlymetal6s2s_1)
     2    0.006992    0.094636    0.151987    3.493626 ^ fanout82/X (sky130_fd_sc_hd__dlymetal6s2s_1)
                                                         net82 (net)
                      0.094636    0.000021    3.493647 ^ hold128/A (sky130_fd_sc_hd__dlygate4sd3_1)
     5    0.018899    0.198043    0.665847    4.159494 ^ hold128/X (sky130_fd_sc_hd__dlygate4sd3_1)
                                                         net299 (net)
                      0.198043    0.000317    4.159811 ^ _256_/C_N (sky130_fd_sc_hd__nor3b_2)
     7    0.025725    0.449782    0.444667    4.604478 ^ _256_/Y (sky130_fd_sc_hd__nor3b_2)
                                                         _046_ (net)
                      0.449784    0.000833    4.605311 ^ wire77/A (sky130_fd_sc_hd__buf_4)
     7    0.056472    0.161723    0.291159    4.896470 ^ wire77/X (sky130_fd_sc_hd__buf_4)
                                                         net77 (net)
                      0.163152    0.012156    4.908626 ^ _262_/A (sky130_fd_sc_hd__or3_1)
     2    0.009706    0.097317    0.176743    5.085368 ^ _262_/X (sky130_fd_sc_hd__or3_1)
                                                         _052_ (net)
                      0.097317    0.000119    5.085488 ^ fanout75/A (sky130_fd_sc_hd__buf_1)
     3    0.017848    0.214703    0.215059    5.300546 ^ fanout75/X (sky130_fd_sc_hd__buf_1)
                                                         net75 (net)
                      0.214703    0.000229    5.300775 ^ fanout72/A (sky130_fd_sc_hd__buf_1)
     4    0.015795    0.190887    0.218625    5.519400 ^ fanout72/X (sky130_fd_sc_hd__buf_1)
                                                         net72 (net)
                      0.190887    0.000035    5.519435 ^ fanout71/A (sky130_fd_sc_hd__clkbuf_2)
     6    0.022524    0.128490    0.210651    5.730086 ^ fanout71/X (sky130_fd_sc_hd__clkbuf_2)
                                                         net71 (net)
                      0.128490    0.000064    5.730151 ^ _278_/B (sky130_fd_sc_hd__and2_1)
     4    0.014136    0.147286    0.214999    5.945150 ^ _278_/X (sky130_fd_sc_hd__and2_1)
                                                         _068_ (net)
                      0.147286    0.000136    5.945286 ^ _287_/C (sky130_fd_sc_hd__and4_2)
     5    0.025166    0.153807    0.331903    6.277189 ^ _287_/X (sky130_fd_sc_hd__and4_2)
                                                         _077_ (net)
                      0.153807    0.000488    6.277676 ^ _289_/D (sky130_fd_sc_hd__and4_1)
     5    0.016345    0.169861    0.303917    6.581593 ^ _289_/X (sky130_fd_sc_hd__and4_1)
                                                         _079_ (net)
                      0.169861    0.000263    6.581856 ^ _290_/B (sky130_fd_sc_hd__and2_1)
     3    0.013035    0.137353    0.216688    6.798544 ^ _290_/X (sky130_fd_sc_hd__and2_1)
                                                         _080_ (net)
                      0.137353    0.000094    6.798638 ^ _329_/B2 (sky130_fd_sc_hd__a22oi_1)
     2    0.005652    0.078861    0.101066    6.899704 v _329_/Y (sky130_fd_sc_hd__a22oi_1)
                                                         _106_ (net)
                      0.078861    0.000041    6.899745 v _330_/B (sky130_fd_sc_hd__or2_4)
     4    0.032444    0.081844    0.288388    7.188132 v _330_/X (sky130_fd_sc_hd__or2_4)
                                                         _107_ (net)
                      0.081844    0.000239    7.188372 v _331_/A (sky130_fd_sc_hd__clkinv_4)
     5    0.067304    0.133243    0.132458    7.320830 ^ _331_/Y (sky130_fd_sc_hd__clkinv_4)
                                                         u_ibex.u_ibex_core.load_store_unit_i.addr_last_d[21] (net)
                      0.136251    0.015810    7.336640 ^ _704_/A (sky130_fd_sc_hd__buf_4)
     3    0.065948    0.185447    0.242047    7.578687 ^ _704_/X (sky130_fd_sc_hd__buf_4)
                                                         net43 (net)
                      0.187621    0.015999    7.594686 ^ output43/A (sky130_fd_sc_hd__buf_2)
     1    0.034098    0.169799    0.244009    7.838695 ^ output43/X (sky130_fd_sc_hd__buf_2)
                                                         tl_o[82] (net)
                      0.169799    0.000204    7.838900 ^ tl_o[82] (out)
                                              7.838900   data arrival time

                                 25.000000   25.000000   clock clk_i (rise edge)
                                  0.000000   25.000000   clock network delay (propagated)
                                 -0.250000   24.750000   clock uncertainty
                                  0.000000   24.750000   clock reconvergence pessimism
                                 -5.000000   19.750000   output external delay
                                             19.750000   data required time
---------------------------------------------------------------------------------------------
                                             19.750000   data required time
                                             -7.838900   data arrival time
---------------------------------------------------------------------------------------------
                                             11.911100   slack (MET)


Startpoint: _578_ (rising edge-triggered flip-flop clocked by clk_i)
Endpoint: tl_o[83] (output port clocked by clk_i)
Path Group: clk_i
Path Type: max

Fanout         Cap        Slew       Delay        Time   Description
---------------------------------------------------------------------------------------------
                                  0.000000    0.000000   clock clk_i (rise edge)
                                  0.000000    0.000000   clock source latency
     2    0.071891    0.327468    0.237902    0.237902 ^ clk_i (in)
                                                         clk_i (net)
                      0.329570    0.000000    0.237902 ^ clkbuf_0_clk_i/A (sky130_fd_sc_hd__clkbuf_16)
     2    0.018366    0.045915    0.208680    0.446582 ^ clkbuf_0_clk_i/X (sky130_fd_sc_hd__clkbuf_16)
                                                         clknet_0_clk_i (net)
                      0.045915    0.000137    0.446719 ^ clkbuf_1_0__f_clk_i/A (sky130_fd_sc_hd__clkbuf_16)
     3    0.007966    0.031577    0.114250    0.560970 ^ clkbuf_1_0__f_clk_i/X (sky130_fd_sc_hd__clkbuf_16)
                                                         clknet_1_0__leaf_clk_i (net)
                      0.031577    0.000082    0.561052 ^ _498_/A (sky130_fd_sc_hd__and2_2)
     3    0.049082    0.253215    0.282417    0.843469 ^ _498_/X (sky130_fd_sc_hd__and2_2)
                                                         u_ibex.clk (net)
                      0.253722    0.009246    0.852715 ^ clkbuf_0_u_ibex.clk/A (sky130_fd_sc_hd__clkbuf_16)
     9    0.077738    0.096888    0.236566    1.089280 ^ clkbuf_0_u_ibex.clk/X (sky130_fd_sc_hd__clkbuf_16)
                                                         clknet_0_u_ibex.clk (net)
                      0.097361    0.005383    1.094663 ^ clkbuf_2_2__f_u_ibex.clk/A (sky130_fd_sc_hd__clkbuf_16)
    31    0.099917    0.117593    0.198356    1.293019 ^ clkbuf_2_2__f_u_ibex.clk/X (sky130_fd_sc_hd__clkbuf_16)
                                                         clknet_2_2__leaf_u_ibex.clk (net)
                      0.118610    0.008838    1.301857 ^ _578_/CLK (sky130_fd_sc_hd__dfrtp_1)
     1    0.005305    0.064078    0.359407    1.661264 ^ _578_/Q (sky130_fd_sc_hd__dfrtp_1)
                                                         u_ibex.u_ibex_core.load_store_unit_i.ls_fsm_cs[1] (net)
                      0.064078    0.000099    1.661362 ^ hold126/A (sky130_fd_sc_hd__dlygate4sd3_1)
     1    0.003304    0.057371    0.545426    2.206789 ^ hold126/X (sky130_fd_sc_hd__dlygate4sd3_1)
                                                         net297 (net)
                      0.057371    0.000041    2.206830 ^ hold117/A (sky130_fd_sc_hd__dlygate4sd3_1)
     1    0.002057    0.047081    0.531711    2.738541 ^ hold117/X (sky130_fd_sc_hd__dlygate4sd3_1)
                                                         net288 (net)
                      0.047081    0.000018    2.738559 ^ hold127/A (sky130_fd_sc_hd__dlygate4sd3_1)
     3    0.011756    0.131955    0.603039    3.341597 ^ hold127/X (sky130_fd_sc_hd__dlygate4sd3_1)
                                                         net298 (net)
                      0.131955    0.000042    3.341639 ^ fanout82/A (sky130_fd_sc_hd__dlymetal6s2s_1)
     2    0.006992    0.094636    0.151987    3.493626 ^ fanout82/X (sky130_fd_sc_hd__dlymetal6s2s_1)
                                                         net82 (net)
                      0.094636    0.000021    3.493647 ^ hold128/A (sky130_fd_sc_hd__dlygate4sd3_1)
     5    0.018899    0.198043    0.665847    4.159494 ^ hold128/X (sky130_fd_sc_hd__dlygate4sd3_1)
                                                         net299 (net)
                      0.198043    0.000317    4.159811 ^ _256_/C_N (sky130_fd_sc_hd__nor3b_2)
     7    0.025725    0.449782    0.444667    4.604478 ^ _256_/Y (sky130_fd_sc_hd__nor3b_2)
                                                         _046_ (net)
                      0.449784    0.000833    4.605311 ^ wire77/A (sky130_fd_sc_hd__buf_4)
     7    0.056472    0.161723    0.291159    4.896470 ^ wire77/X (sky130_fd_sc_hd__buf_4)
                                                         net77 (net)
                      0.163152    0.012156    4.908626 ^ _262_/A (sky130_fd_sc_hd__or3_1)
     2    0.009706    0.097317    0.176743    5.085368 ^ _262_/X (sky130_fd_sc_hd__or3_1)
                                                         _052_ (net)
                      0.097317    0.000119    5.085488 ^ fanout75/A (sky130_fd_sc_hd__buf_1)
     3    0.017848    0.214703    0.215059    5.300546 ^ fanout75/X (sky130_fd_sc_hd__buf_1)
                                                         net75 (net)
                      0.214703    0.000229    5.300775 ^ fanout72/A (sky130_fd_sc_hd__buf_1)
     4    0.015795    0.190887    0.218625    5.519400 ^ fanout72/X (sky130_fd_sc_hd__buf_1)
                                                         net72 (net)
                      0.190887    0.000035    5.519435 ^ fanout71/A (sky130_fd_sc_hd__clkbuf_2)
     6    0.022524    0.128490    0.210651    5.730086 ^ fanout71/X (sky130_fd_sc_hd__clkbuf_2)
                                                         net71 (net)
                      0.128490    0.000064    5.730151 ^ _278_/B (sky130_fd_sc_hd__and2_1)
     4    0.014136    0.147286    0.214999    5.945150 ^ _278_/X (sky130_fd_sc_hd__and2_1)
                                                         _068_ (net)
                      0.147286    0.000136    5.945286 ^ _287_/C (sky130_fd_sc_hd__and4_2)
     5    0.025166    0.153807    0.331903    6.277189 ^ _287_/X (sky130_fd_sc_hd__and4_2)
                                                         _077_ (net)
                      0.153807    0.000488    6.277676 ^ _289_/D (sky130_fd_sc_hd__and4_1)
     5    0.016345    0.169861    0.303917    6.581593 ^ _289_/X (sky130_fd_sc_hd__and4_1)
                                                         _079_ (net)
                      0.169861    0.000341    6.581934 ^ _291_/C (sky130_fd_sc_hd__and3_1)
     3    0.010199    0.113489    0.228250    6.810184 ^ _291_/X (sky130_fd_sc_hd__and3_1)
                                                         _081_ (net)
                      0.113489    0.000061    6.810245 ^ _352_/B (sky130_fd_sc_hd__or2_1)
     3    0.013958    0.137985    0.182421    6.992666 ^ _352_/X (sky130_fd_sc_hd__or2_1)
                                                         _120_ (net)
                      0.137985    0.000115    6.992781 ^ _365_/B (sky130_fd_sc_hd__and2_1)
     3    0.014307    0.148928    0.218126    7.210907 ^ _365_/X (sky130_fd_sc_hd__and2_1)
                                                         u_ibex.u_ibex_core.load_store_unit_i.addr_last_d[22] (net)
                      0.148928    0.000270    7.211177 ^ _705_/A (sky130_fd_sc_hd__buf_8)
     3    0.164497    0.259928    0.247866    7.459044 ^ _705_/X (sky130_fd_sc_hd__buf_8)
                                                         net44 (net)
                      0.302256    0.079480    7.538523 ^ output44/A (sky130_fd_sc_hd__buf_2)
     1    0.034006    0.169628    0.272499    7.811022 ^ output44/X (sky130_fd_sc_hd__buf_2)
                                                         tl_o[83] (net)
                      0.169628    0.000170    7.811192 ^ tl_o[83] (out)
                                              7.811192   data arrival time

                                 25.000000   25.000000   clock clk_i (rise edge)
                                  0.000000   25.000000   clock network delay (propagated)
                                 -0.250000   24.750000   clock uncertainty
                                  0.000000   24.750000   clock reconvergence pessimism
                                 -5.000000   19.750000   output external delay
                                             19.750000   data required time
---------------------------------------------------------------------------------------------
                                             19.750000   data required time
                                             -7.811192   data arrival time
---------------------------------------------------------------------------------------------
                                             11.938807   slack (MET)


Startpoint: _578_ (rising edge-triggered flip-flop clocked by clk_i)
Endpoint: tl_o[87] (output port clocked by clk_i)
Path Group: clk_i
Path Type: max

Fanout         Cap        Slew       Delay        Time   Description
---------------------------------------------------------------------------------------------
                                  0.000000    0.000000   clock clk_i (rise edge)
                                  0.000000    0.000000   clock source latency
     2    0.071891    0.327468    0.237902    0.237902 ^ clk_i (in)
                                                         clk_i (net)
                      0.329570    0.000000    0.237902 ^ clkbuf_0_clk_i/A (sky130_fd_sc_hd__clkbuf_16)
     2    0.018366    0.045915    0.208680    0.446582 ^ clkbuf_0_clk_i/X (sky130_fd_sc_hd__clkbuf_16)
                                                         clknet_0_clk_i (net)
                      0.045915    0.000137    0.446719 ^ clkbuf_1_0__f_clk_i/A (sky130_fd_sc_hd__clkbuf_16)
     3    0.007966    0.031577    0.114250    0.560970 ^ clkbuf_1_0__f_clk_i/X (sky130_fd_sc_hd__clkbuf_16)
                                                         clknet_1_0__leaf_clk_i (net)
                      0.031577    0.000082    0.561052 ^ _498_/A (sky130_fd_sc_hd__and2_2)
     3    0.049082    0.253215    0.282417    0.843469 ^ _498_/X (sky130_fd_sc_hd__and2_2)
                                                         u_ibex.clk (net)
                      0.253722    0.009246    0.852715 ^ clkbuf_0_u_ibex.clk/A (sky130_fd_sc_hd__clkbuf_16)
     9    0.077738    0.096888    0.236566    1.089280 ^ clkbuf_0_u_ibex.clk/X (sky130_fd_sc_hd__clkbuf_16)
                                                         clknet_0_u_ibex.clk (net)
                      0.097361    0.005383    1.094663 ^ clkbuf_2_2__f_u_ibex.clk/A (sky130_fd_sc_hd__clkbuf_16)
    31    0.099917    0.117593    0.198356    1.293019 ^ clkbuf_2_2__f_u_ibex.clk/X (sky130_fd_sc_hd__clkbuf_16)
                                                         clknet_2_2__leaf_u_ibex.clk (net)
                      0.118610    0.008838    1.301857 ^ _578_/CLK (sky130_fd_sc_hd__dfrtp_1)
     1    0.005305    0.064078    0.359407    1.661264 ^ _578_/Q (sky130_fd_sc_hd__dfrtp_1)
                                                         u_ibex.u_ibex_core.load_store_unit_i.ls_fsm_cs[1] (net)
                      0.064078    0.000099    1.661362 ^ hold126/A (sky130_fd_sc_hd__dlygate4sd3_1)
     1    0.003304    0.057371    0.545426    2.206789 ^ hold126/X (sky130_fd_sc_hd__dlygate4sd3_1)
                                                         net297 (net)
                      0.057371    0.000041    2.206830 ^ hold117/A (sky130_fd_sc_hd__dlygate4sd3_1)
     1    0.002057    0.047081    0.531711    2.738541 ^ hold117/X (sky130_fd_sc_hd__dlygate4sd3_1)
                                                         net288 (net)
                      0.047081    0.000018    2.738559 ^ hold127/A (sky130_fd_sc_hd__dlygate4sd3_1)
     3    0.011756    0.131955    0.603039    3.341597 ^ hold127/X (sky130_fd_sc_hd__dlygate4sd3_1)
                                                         net298 (net)
                      0.131955    0.000042    3.341639 ^ fanout82/A (sky130_fd_sc_hd__dlymetal6s2s_1)
     2    0.006992    0.094636    0.151987    3.493626 ^ fanout82/X (sky130_fd_sc_hd__dlymetal6s2s_1)
                                                         net82 (net)
                      0.094636    0.000021    3.493647 ^ hold128/A (sky130_fd_sc_hd__dlygate4sd3_1)
     5    0.018899    0.198043    0.665847    4.159494 ^ hold128/X (sky130_fd_sc_hd__dlygate4sd3_1)
                                                         net299 (net)
                      0.198043    0.000317    4.159811 ^ _256_/C_N (sky130_fd_sc_hd__nor3b_2)
     7    0.025725    0.449782    0.444667    4.604478 ^ _256_/Y (sky130_fd_sc_hd__nor3b_2)
                                                         _046_ (net)
                      0.449784    0.000833    4.605311 ^ wire77/A (sky130_fd_sc_hd__buf_4)
     7    0.056472    0.161723    0.291159    4.896470 ^ wire77/X (sky130_fd_sc_hd__buf_4)
                                                         net77 (net)
                      0.163152    0.012156    4.908626 ^ _262_/A (sky130_fd_sc_hd__or3_1)
     2    0.009706    0.097317    0.176743    5.085368 ^ _262_/X (sky130_fd_sc_hd__or3_1)
                                                         _052_ (net)
                      0.097317    0.000119    5.085488 ^ fanout75/A (sky130_fd_sc_hd__buf_1)
     3    0.017848    0.214703    0.215059    5.300546 ^ fanout75/X (sky130_fd_sc_hd__buf_1)
                                                         net75 (net)
                      0.214703    0.000229    5.300775 ^ fanout72/A (sky130_fd_sc_hd__buf_1)
     4    0.015795    0.190887    0.218625    5.519400 ^ fanout72/X (sky130_fd_sc_hd__buf_1)
                                                         net72 (net)
                      0.190887    0.000035    5.519435 ^ fanout71/A (sky130_fd_sc_hd__clkbuf_2)
     6    0.022524    0.128490    0.210651    5.730086 ^ fanout71/X (sky130_fd_sc_hd__clkbuf_2)
                                                         net71 (net)
                      0.128490    0.000064    5.730151 ^ _278_/B (sky130_fd_sc_hd__and2_1)
     4    0.014136    0.147286    0.214999    5.945150 ^ _278_/X (sky130_fd_sc_hd__and2_1)
                                                         _068_ (net)
                      0.147286    0.000136    5.945286 ^ _287_/C (sky130_fd_sc_hd__and4_2)
     5    0.025166    0.153807    0.331903    6.277189 ^ _287_/X (sky130_fd_sc_hd__and4_2)
                                                         _077_ (net)
                      0.153807    0.000488    6.277676 ^ _289_/D (sky130_fd_sc_hd__and4_1)
     5    0.016345    0.169861    0.303917    6.581593 ^ _289_/X (sky130_fd_sc_hd__and4_1)
                                                         _079_ (net)
                      0.169861    0.000348    6.581942 ^ _292_/D (sky130_fd_sc_hd__and4_1)
     1    0.005230    0.075080    0.227462    6.809403 ^ _292_/X (sky130_fd_sc_hd__and4_1)
                                                         _082_ (net)
                      0.075080    0.000103    6.809506 ^ fanout58/A (sky130_fd_sc_hd__clkbuf_1)
     3    0.015465    0.187069    0.189776    6.999282 ^ fanout58/X (sky130_fd_sc_hd__clkbuf_1)
                                                         net58 (net)
                      0.187070    0.000220    6.999502 ^ fanout57/A (sky130_fd_sc_hd__clkbuf_2)
     6    0.023490    0.133469    0.213088    7.212590 ^ fanout57/X (sky130_fd_sc_hd__clkbuf_2)
                                                         net57 (net)
                      0.133469    0.000534    7.213124 ^ _332_/A2 (sky130_fd_sc_hd__a21oi_2)
     4    0.014618    0.080328    0.103294    7.316418 v _332_/Y (sky130_fd_sc_hd__a21oi_2)
                                                         _108_ (net)
                      0.080328    0.000086    7.316504 v _333_/B (sky130_fd_sc_hd__nor2_1)
     2    0.008775    0.173836    0.168312    7.484816 ^ _333_/Y (sky130_fd_sc_hd__nor2_1)
                                                         u_ibex.u_ibex_core.load_store_unit_i.addr_last_d[26] (net)
                      0.173836    0.000197    7.485013 ^ _709_/A (sky130_fd_sc_hd__clkbuf_1)
     1    0.003063    0.048117    0.111215    7.596228 ^ _709_/X (sky130_fd_sc_hd__clkbuf_1)
                                                         net48 (net)
                      0.048117    0.000041    7.596269 ^ output48/A (sky130_fd_sc_hd__buf_2)
     1    0.034323    0.170401    0.199557    7.795825 ^ output48/X (sky130_fd_sc_hd__buf_2)
                                                         tl_o[87] (net)
                      0.170401    0.000357    7.796183 ^ tl_o[87] (out)
                                              7.796183   data arrival time

                                 25.000000   25.000000   clock clk_i (rise edge)
                                  0.000000   25.000000   clock network delay (propagated)
                                 -0.250000   24.750000   clock uncertainty
                                  0.000000   24.750000   clock reconvergence pessimism
                                 -5.000000   19.750000   output external delay
                                             19.750000   data required time
---------------------------------------------------------------------------------------------
                                             19.750000   data required time
                                             -7.796183   data arrival time
---------------------------------------------------------------------------------------------
                                             11.953817   slack (MET)


Startpoint: _578_ (rising edge-triggered flip-flop clocked by clk_i)
Endpoint: tl_o[86] (output port clocked by clk_i)
Path Group: clk_i
Path Type: max

Fanout         Cap        Slew       Delay        Time   Description
---------------------------------------------------------------------------------------------
                                  0.000000    0.000000   clock clk_i (rise edge)
                                  0.000000    0.000000   clock source latency
     2    0.071891    0.327468    0.237902    0.237902 ^ clk_i (in)
                                                         clk_i (net)
                      0.329570    0.000000    0.237902 ^ clkbuf_0_clk_i/A (sky130_fd_sc_hd__clkbuf_16)
     2    0.018366    0.045915    0.208680    0.446582 ^ clkbuf_0_clk_i/X (sky130_fd_sc_hd__clkbuf_16)
                                                         clknet_0_clk_i (net)
                      0.045915    0.000137    0.446719 ^ clkbuf_1_0__f_clk_i/A (sky130_fd_sc_hd__clkbuf_16)
     3    0.007966    0.031577    0.114250    0.560970 ^ clkbuf_1_0__f_clk_i/X (sky130_fd_sc_hd__clkbuf_16)
                                                         clknet_1_0__leaf_clk_i (net)
                      0.031577    0.000082    0.561052 ^ _498_/A (sky130_fd_sc_hd__and2_2)
     3    0.049082    0.253215    0.282417    0.843469 ^ _498_/X (sky130_fd_sc_hd__and2_2)
                                                         u_ibex.clk (net)
                      0.253722    0.009246    0.852715 ^ clkbuf_0_u_ibex.clk/A (sky130_fd_sc_hd__clkbuf_16)
     9    0.077738    0.096888    0.236566    1.089280 ^ clkbuf_0_u_ibex.clk/X (sky130_fd_sc_hd__clkbuf_16)
                                                         clknet_0_u_ibex.clk (net)
                      0.097361    0.005383    1.094663 ^ clkbuf_2_2__f_u_ibex.clk/A (sky130_fd_sc_hd__clkbuf_16)
    31    0.099917    0.117593    0.198356    1.293019 ^ clkbuf_2_2__f_u_ibex.clk/X (sky130_fd_sc_hd__clkbuf_16)
                                                         clknet_2_2__leaf_u_ibex.clk (net)
                      0.118610    0.008838    1.301857 ^ _578_/CLK (sky130_fd_sc_hd__dfrtp_1)
     1    0.005305    0.064078    0.359407    1.661264 ^ _578_/Q (sky130_fd_sc_hd__dfrtp_1)
                                                         u_ibex.u_ibex_core.load_store_unit_i.ls_fsm_cs[1] (net)
                      0.064078    0.000099    1.661362 ^ hold126/A (sky130_fd_sc_hd__dlygate4sd3_1)
     1    0.003304    0.057371    0.545426    2.206789 ^ hold126/X (sky130_fd_sc_hd__dlygate4sd3_1)
                                                         net297 (net)
                      0.057371    0.000041    2.206830 ^ hold117/A (sky130_fd_sc_hd__dlygate4sd3_1)
     1    0.002057    0.047081    0.531711    2.738541 ^ hold117/X (sky130_fd_sc_hd__dlygate4sd3_1)
                                                         net288 (net)
                      0.047081    0.000018    2.738559 ^ hold127/A (sky130_fd_sc_hd__dlygate4sd3_1)
     3    0.011756    0.131955    0.603039    3.341597 ^ hold127/X (sky130_fd_sc_hd__dlygate4sd3_1)
                                                         net298 (net)
                      0.131955    0.000042    3.341639 ^ fanout82/A (sky130_fd_sc_hd__dlymetal6s2s_1)
     2    0.006992    0.094636    0.151987    3.493626 ^ fanout82/X (sky130_fd_sc_hd__dlymetal6s2s_1)
                                                         net82 (net)
                      0.094636    0.000021    3.493647 ^ hold128/A (sky130_fd_sc_hd__dlygate4sd3_1)
     5    0.018899    0.198043    0.665847    4.159494 ^ hold128/X (sky130_fd_sc_hd__dlygate4sd3_1)
                                                         net299 (net)
                      0.198043    0.000317    4.159811 ^ _256_/C_N (sky130_fd_sc_hd__nor3b_2)
     7    0.025725    0.449782    0.444667    4.604478 ^ _256_/Y (sky130_fd_sc_hd__nor3b_2)
                                                         _046_ (net)
                      0.449784    0.000833    4.605311 ^ wire77/A (sky130_fd_sc_hd__buf_4)
     7    0.056472    0.161723    0.291159    4.896470 ^ wire77/X (sky130_fd_sc_hd__buf_4)
                                                         net77 (net)
                      0.163152    0.012156    4.908626 ^ _262_/A (sky130_fd_sc_hd__or3_1)
     2    0.009706    0.097317    0.176743    5.085368 ^ _262_/X (sky130_fd_sc_hd__or3_1)
                                                         _052_ (net)
                      0.097317    0.000119    5.085488 ^ fanout75/A (sky130_fd_sc_hd__buf_1)
     3    0.017848    0.214703    0.215059    5.300546 ^ fanout75/X (sky130_fd_sc_hd__buf_1)
                                                         net75 (net)
                      0.214703    0.000229    5.300775 ^ fanout72/A (sky130_fd_sc_hd__buf_1)
     4    0.015795    0.190887    0.218625    5.519400 ^ fanout72/X (sky130_fd_sc_hd__buf_1)
                                                         net72 (net)
                      0.190887    0.000035    5.519435 ^ fanout71/A (sky130_fd_sc_hd__clkbuf_2)
     6    0.022524    0.128490    0.210651    5.730086 ^ fanout71/X (sky130_fd_sc_hd__clkbuf_2)
                                                         net71 (net)
                      0.128490    0.000064    5.730151 ^ _278_/B (sky130_fd_sc_hd__and2_1)
     4    0.014136    0.147286    0.214999    5.945150 ^ _278_/X (sky130_fd_sc_hd__and2_1)
                                                         _068_ (net)
                      0.147286    0.000136    5.945286 ^ _287_/C (sky130_fd_sc_hd__and4_2)
     5    0.025166    0.153807    0.331903    6.277189 ^ _287_/X (sky130_fd_sc_hd__and4_2)
                                                         _077_ (net)
                      0.153807    0.000488    6.277676 ^ _289_/D (sky130_fd_sc_hd__and4_1)
     5    0.016345    0.169861    0.303917    6.581593 ^ _289_/X (sky130_fd_sc_hd__and4_1)
                                                         _079_ (net)
                      0.169861    0.000348    6.581942 ^ _292_/D (sky130_fd_sc_hd__and4_1)
     1    0.005230    0.075080    0.227462    6.809403 ^ _292_/X (sky130_fd_sc_hd__and4_1)
                                                         _082_ (net)
                      0.075080    0.000103    6.809506 ^ fanout58/A (sky130_fd_sc_hd__clkbuf_1)
     3    0.015465    0.187069    0.189776    6.999282 ^ fanout58/X (sky130_fd_sc_hd__clkbuf_1)
                                                         net58 (net)
                      0.187070    0.000281    6.999563 ^ _366_/B2 (sky130_fd_sc_hd__a22o_1)
     2    0.005913    0.071737    0.174232    7.173795 ^ _366_/X (sky130_fd_sc_hd__a22o_1)
                                                         _131_ (net)
                      0.071737    0.000047    7.173841 ^ _367_/B1_N (sky130_fd_sc_hd__a21boi_2)
     4    0.020454    0.260927    0.281309    7.455151 ^ _367_/Y (sky130_fd_sc_hd__a21boi_2)
                                                         u_ibex.u_ibex_core.load_store_unit_i.addr_last_d[25] (net)
                      0.260929    0.000603    7.455753 ^ _708_/A (sky130_fd_sc_hd__clkbuf_1)
     1    0.003622    0.054890    0.128285    7.584039 ^ _708_/X (sky130_fd_sc_hd__clkbuf_1)
                                                         net47 (net)
                      0.054890    0.000052    7.584091 ^ output47/A (sky130_fd_sc_hd__buf_2)
     1    0.034791    0.172601    0.203633    7.787724 ^ output47/X (sky130_fd_sc_hd__buf_2)
                                                         tl_o[86] (net)
                      0.172601    0.000431    7.788154 ^ tl_o[86] (out)
                                              7.788154   data arrival time

                                 25.000000   25.000000   clock clk_i (rise edge)
                                  0.000000   25.000000   clock network delay (propagated)
                                 -0.250000   24.750000   clock uncertainty
                                  0.000000   24.750000   clock reconvergence pessimism
                                 -5.000000   19.750000   output external delay
                                             19.750000   data required time
---------------------------------------------------------------------------------------------
                                             19.750000   data required time
                                             -7.788154   data arrival time
---------------------------------------------------------------------------------------------
                                             11.961845   slack (MET)


Startpoint: _578_ (rising edge-triggered flip-flop clocked by clk_i)
Endpoint: tl_o[80] (output port clocked by clk_i)
Path Group: clk_i
Path Type: max

Fanout         Cap        Slew       Delay        Time   Description
---------------------------------------------------------------------------------------------
                                  0.000000    0.000000   clock clk_i (rise edge)
                                  0.000000    0.000000   clock source latency
     2    0.071891    0.327468    0.237902    0.237902 ^ clk_i (in)
                                                         clk_i (net)
                      0.329570    0.000000    0.237902 ^ clkbuf_0_clk_i/A (sky130_fd_sc_hd__clkbuf_16)
     2    0.018366    0.045915    0.208680    0.446582 ^ clkbuf_0_clk_i/X (sky130_fd_sc_hd__clkbuf_16)
                                                         clknet_0_clk_i (net)
                      0.045915    0.000137    0.446719 ^ clkbuf_1_0__f_clk_i/A (sky130_fd_sc_hd__clkbuf_16)
     3    0.007966    0.031577    0.114250    0.560970 ^ clkbuf_1_0__f_clk_i/X (sky130_fd_sc_hd__clkbuf_16)
                                                         clknet_1_0__leaf_clk_i (net)
                      0.031577    0.000082    0.561052 ^ _498_/A (sky130_fd_sc_hd__and2_2)
     3    0.049082    0.253215    0.282417    0.843469 ^ _498_/X (sky130_fd_sc_hd__and2_2)
                                                         u_ibex.clk (net)
                      0.253722    0.009246    0.852715 ^ clkbuf_0_u_ibex.clk/A (sky130_fd_sc_hd__clkbuf_16)
     9    0.077738    0.096888    0.236566    1.089280 ^ clkbuf_0_u_ibex.clk/X (sky130_fd_sc_hd__clkbuf_16)
                                                         clknet_0_u_ibex.clk (net)
                      0.097361    0.005383    1.094663 ^ clkbuf_2_2__f_u_ibex.clk/A (sky130_fd_sc_hd__clkbuf_16)
    31    0.099917    0.117593    0.198356    1.293019 ^ clkbuf_2_2__f_u_ibex.clk/X (sky130_fd_sc_hd__clkbuf_16)
                                                         clknet_2_2__leaf_u_ibex.clk (net)
                      0.118610    0.008838    1.301857 ^ _578_/CLK (sky130_fd_sc_hd__dfrtp_1)
     1    0.005305    0.064078    0.359407    1.661264 ^ _578_/Q (sky130_fd_sc_hd__dfrtp_1)
                                                         u_ibex.u_ibex_core.load_store_unit_i.ls_fsm_cs[1] (net)
                      0.064078    0.000099    1.661362 ^ hold126/A (sky130_fd_sc_hd__dlygate4sd3_1)
     1    0.003304    0.057371    0.545426    2.206789 ^ hold126/X (sky130_fd_sc_hd__dlygate4sd3_1)
                                                         net297 (net)
                      0.057371    0.000041    2.206830 ^ hold117/A (sky130_fd_sc_hd__dlygate4sd3_1)
     1    0.002057    0.047081    0.531711    2.738541 ^ hold117/X (sky130_fd_sc_hd__dlygate4sd3_1)
                                                         net288 (net)
                      0.047081    0.000018    2.738559 ^ hold127/A (sky130_fd_sc_hd__dlygate4sd3_1)
     3    0.011756    0.131955    0.603039    3.341597 ^ hold127/X (sky130_fd_sc_hd__dlygate4sd3_1)
                                                         net298 (net)
                      0.131955    0.000042    3.341639 ^ fanout82/A (sky130_fd_sc_hd__dlymetal6s2s_1)
     2    0.006992    0.094636    0.151987    3.493626 ^ fanout82/X (sky130_fd_sc_hd__dlymetal6s2s_1)
                                                         net82 (net)
                      0.094636    0.000021    3.493647 ^ hold128/A (sky130_fd_sc_hd__dlygate4sd3_1)
     5    0.018899    0.198043    0.665847    4.159494 ^ hold128/X (sky130_fd_sc_hd__dlygate4sd3_1)
                                                         net299 (net)
                      0.198043    0.000317    4.159811 ^ _256_/C_N (sky130_fd_sc_hd__nor3b_2)
     7    0.025725    0.449782    0.444667    4.604478 ^ _256_/Y (sky130_fd_sc_hd__nor3b_2)
                                                         _046_ (net)
                      0.449784    0.000833    4.605311 ^ wire77/A (sky130_fd_sc_hd__buf_4)
     7    0.056472    0.161723    0.291159    4.896470 ^ wire77/X (sky130_fd_sc_hd__buf_4)
                                                         net77 (net)
                      0.163152    0.012156    4.908626 ^ _262_/A (sky130_fd_sc_hd__or3_1)
     2    0.009706    0.097317    0.176743    5.085368 ^ _262_/X (sky130_fd_sc_hd__or3_1)
                                                         _052_ (net)
                      0.097317    0.000119    5.085488 ^ fanout75/A (sky130_fd_sc_hd__buf_1)
     3    0.017848    0.214703    0.215059    5.300546 ^ fanout75/X (sky130_fd_sc_hd__buf_1)
                                                         net75 (net)
                      0.214703    0.000229    5.300775 ^ fanout72/A (sky130_fd_sc_hd__buf_1)
     4    0.015795    0.190887    0.218625    5.519400 ^ fanout72/X (sky130_fd_sc_hd__buf_1)
                                                         net72 (net)
                      0.190887    0.000035    5.519435 ^ fanout71/A (sky130_fd_sc_hd__clkbuf_2)
     6    0.022524    0.128490    0.210651    5.730086 ^ fanout71/X (sky130_fd_sc_hd__clkbuf_2)
                                                         net71 (net)
                      0.128490    0.000064    5.730151 ^ _278_/B (sky130_fd_sc_hd__and2_1)
     4    0.014136    0.147286    0.214999    5.945150 ^ _278_/X (sky130_fd_sc_hd__and2_1)
                                                         _068_ (net)
                      0.147286    0.000136    5.945286 ^ _287_/C (sky130_fd_sc_hd__and4_2)
     5    0.025166    0.153807    0.331903    6.277189 ^ _287_/X (sky130_fd_sc_hd__and4_2)
                                                         _077_ (net)
                      0.153807    0.000488    6.277676 ^ _289_/D (sky130_fd_sc_hd__and4_1)
     5    0.016345    0.169861    0.303917    6.581593 ^ _289_/X (sky130_fd_sc_hd__and4_1)
                                                         _079_ (net)
                      0.169861    0.000129    6.581722 ^ _327_/A_N (sky130_fd_sc_hd__and2b_1)
     1    0.005979    0.047034    0.214957    6.796680 v _327_/X (sky130_fd_sc_hd__and2b_1)
                                                         _105_ (net)
                      0.047034    0.000087    6.796767 v _328_/B (sky130_fd_sc_hd__nor2_2)
     3    0.022544    0.258147    0.218042    7.014810 ^ _328_/Y (sky130_fd_sc_hd__nor2_2)
                                                         u_ibex.u_ibex_core.load_store_unit_i.addr_last_d[19] (net)
                      0.258148    0.000412    7.015221 ^ _702_/A (sky130_fd_sc_hd__buf_8)
     3    0.164005    0.259700    0.269986    7.285207 ^ _702_/X (sky130_fd_sc_hd__buf_8)
                                                         net41 (net)
                      0.301385    0.078811    7.364017 ^ output41/A (sky130_fd_sc_hd__buf_2)
     1    0.034123    0.170165    0.272724    7.636741 ^ output41/X (sky130_fd_sc_hd__buf_2)
                                                         tl_o[80] (net)
                      0.170165    0.000205    7.636946 ^ tl_o[80] (out)
                                              7.636946   data arrival time

                                 25.000000   25.000000   clock clk_i (rise edge)
                                  0.000000   25.000000   clock network delay (propagated)
                                 -0.250000   24.750000   clock uncertainty
                                  0.000000   24.750000   clock reconvergence pessimism
                                 -5.000000   19.750000   output external delay
                                             19.750000   data required time
---------------------------------------------------------------------------------------------
                                             19.750000   data required time
                                             -7.636946   data arrival time
---------------------------------------------------------------------------------------------
                                             12.113053   slack (MET)


Startpoint: _578_ (rising edge-triggered flip-flop clocked by clk_i)
Endpoint: tl_o[81] (output port clocked by clk_i)
Path Group: clk_i
Path Type: max

Fanout         Cap        Slew       Delay        Time   Description
---------------------------------------------------------------------------------------------
                                  0.000000    0.000000   clock clk_i (rise edge)
                                  0.000000    0.000000   clock source latency
     2    0.071891    0.327468    0.237902    0.237902 ^ clk_i (in)
                                                         clk_i (net)
                      0.329570    0.000000    0.237902 ^ clkbuf_0_clk_i/A (sky130_fd_sc_hd__clkbuf_16)
     2    0.018366    0.045915    0.208680    0.446582 ^ clkbuf_0_clk_i/X (sky130_fd_sc_hd__clkbuf_16)
                                                         clknet_0_clk_i (net)
                      0.045915    0.000137    0.446719 ^ clkbuf_1_0__f_clk_i/A (sky130_fd_sc_hd__clkbuf_16)
     3    0.007966    0.031577    0.114250    0.560970 ^ clkbuf_1_0__f_clk_i/X (sky130_fd_sc_hd__clkbuf_16)
                                                         clknet_1_0__leaf_clk_i (net)
                      0.031577    0.000082    0.561052 ^ _498_/A (sky130_fd_sc_hd__and2_2)
     3    0.049082    0.253215    0.282417    0.843469 ^ _498_/X (sky130_fd_sc_hd__and2_2)
                                                         u_ibex.clk (net)
                      0.253722    0.009246    0.852715 ^ clkbuf_0_u_ibex.clk/A (sky130_fd_sc_hd__clkbuf_16)
     9    0.077738    0.096888    0.236566    1.089280 ^ clkbuf_0_u_ibex.clk/X (sky130_fd_sc_hd__clkbuf_16)
                                                         clknet_0_u_ibex.clk (net)
                      0.097361    0.005383    1.094663 ^ clkbuf_2_2__f_u_ibex.clk/A (sky130_fd_sc_hd__clkbuf_16)
    31    0.099917    0.117593    0.198356    1.293019 ^ clkbuf_2_2__f_u_ibex.clk/X (sky130_fd_sc_hd__clkbuf_16)
                                                         clknet_2_2__leaf_u_ibex.clk (net)
                      0.118610    0.008838    1.301857 ^ _578_/CLK (sky130_fd_sc_hd__dfrtp_1)
     1    0.005305    0.064078    0.359407    1.661264 ^ _578_/Q (sky130_fd_sc_hd__dfrtp_1)
                                                         u_ibex.u_ibex_core.load_store_unit_i.ls_fsm_cs[1] (net)
                      0.064078    0.000099    1.661362 ^ hold126/A (sky130_fd_sc_hd__dlygate4sd3_1)
     1    0.003304    0.057371    0.545426    2.206789 ^ hold126/X (sky130_fd_sc_hd__dlygate4sd3_1)
                                                         net297 (net)
                      0.057371    0.000041    2.206830 ^ hold117/A (sky130_fd_sc_hd__dlygate4sd3_1)
     1    0.002057    0.047081    0.531711    2.738541 ^ hold117/X (sky130_fd_sc_hd__dlygate4sd3_1)
                                                         net288 (net)
                      0.047081    0.000018    2.738559 ^ hold127/A (sky130_fd_sc_hd__dlygate4sd3_1)
     3    0.011756    0.131955    0.603039    3.341597 ^ hold127/X (sky130_fd_sc_hd__dlygate4sd3_1)
                                                         net298 (net)
                      0.131955    0.000042    3.341639 ^ fanout82/A (sky130_fd_sc_hd__dlymetal6s2s_1)
     2    0.006992    0.094636    0.151987    3.493626 ^ fanout82/X (sky130_fd_sc_hd__dlymetal6s2s_1)
                                                         net82 (net)
                      0.094636    0.000021    3.493647 ^ hold128/A (sky130_fd_sc_hd__dlygate4sd3_1)
     5    0.018899    0.198043    0.665847    4.159494 ^ hold128/X (sky130_fd_sc_hd__dlygate4sd3_1)
                                                         net299 (net)
                      0.198043    0.000317    4.159811 ^ _256_/C_N (sky130_fd_sc_hd__nor3b_2)
     7    0.025725    0.449782    0.444667    4.604478 ^ _256_/Y (sky130_fd_sc_hd__nor3b_2)
                                                         _046_ (net)
                      0.449784    0.000833    4.605311 ^ wire77/A (sky130_fd_sc_hd__buf_4)
     7    0.056472    0.161723    0.291159    4.896470 ^ wire77/X (sky130_fd_sc_hd__buf_4)
                                                         net77 (net)
                      0.163152    0.012156    4.908626 ^ _262_/A (sky130_fd_sc_hd__or3_1)
     2    0.009706    0.097317    0.176743    5.085368 ^ _262_/X (sky130_fd_sc_hd__or3_1)
                                                         _052_ (net)
                      0.097317    0.000119    5.085488 ^ fanout75/A (sky130_fd_sc_hd__buf_1)
     3    0.017848    0.214703    0.215059    5.300546 ^ fanout75/X (sky130_fd_sc_hd__buf_1)
                                                         net75 (net)
                      0.214703    0.000229    5.300775 ^ fanout72/A (sky130_fd_sc_hd__buf_1)
     4    0.015795    0.190887    0.218625    5.519400 ^ fanout72/X (sky130_fd_sc_hd__buf_1)
                                                         net72 (net)
                      0.190887    0.000035    5.519435 ^ fanout71/A (sky130_fd_sc_hd__clkbuf_2)
     6    0.022524    0.128490    0.210651    5.730086 ^ fanout71/X (sky130_fd_sc_hd__clkbuf_2)
                                                         net71 (net)
                      0.128490    0.000064    5.730151 ^ _278_/B (sky130_fd_sc_hd__and2_1)
     4    0.014136    0.147286    0.214999    5.945150 ^ _278_/X (sky130_fd_sc_hd__and2_1)
                                                         _068_ (net)
                      0.147286    0.000136    5.945286 ^ _287_/C (sky130_fd_sc_hd__and4_2)
     5    0.025166    0.153807    0.331903    6.277189 ^ _287_/X (sky130_fd_sc_hd__and4_2)
                                                         _077_ (net)
                      0.153807    0.000488    6.277676 ^ _289_/D (sky130_fd_sc_hd__and4_1)
     5    0.016345    0.169861    0.303917    6.581593 ^ _289_/X (sky130_fd_sc_hd__and4_1)
                                                         _079_ (net)
                      0.169861    0.000263    6.581856 ^ _290_/B (sky130_fd_sc_hd__and2_1)
     3    0.013035    0.137353    0.216688    6.798544 ^ _290_/X (sky130_fd_sc_hd__and2_1)
                                                         _080_ (net)
                      0.137353    0.000113    6.798657 ^ _344_/S (sky130_fd_sc_hd__mux2_2)
     4    0.018056    0.086144    0.402228    7.200885 v _344_/X (sky130_fd_sc_hd__mux2_2)
                                                         u_ibex.u_ibex_core.load_store_unit_i.addr_last_d[20] (net)
                      0.086144    0.000402    7.201287 v _703_/A (sky130_fd_sc_hd__clkbuf_1)
     1    0.008011    0.053770    0.129895    7.331182 v _703_/X (sky130_fd_sc_hd__clkbuf_1)
                                                         net42 (net)
                      0.053771    0.000302    7.331484 v output42/A (sky130_fd_sc_hd__buf_2)
     1    0.034329    0.089453    0.184251    7.515735 v output42/X (sky130_fd_sc_hd__buf_2)
                                                         tl_o[81] (net)
                      0.089453    0.000357    7.516092 v tl_o[81] (out)
                                              7.516092   data arrival time

                                 25.000000   25.000000   clock clk_i (rise edge)
                                  0.000000   25.000000   clock network delay (propagated)
                                 -0.250000   24.750000   clock uncertainty
                                  0.000000   24.750000   clock reconvergence pessimism
                                 -5.000000   19.750000   output external delay
                                             19.750000   data required time
---------------------------------------------------------------------------------------------
                                             19.750000   data required time
                                             -7.516092   data arrival time
---------------------------------------------------------------------------------------------
                                             12.233908   slack (MET)


Startpoint: _578_ (rising edge-triggered flip-flop clocked by clk_i)
Endpoint: tl_o[84] (output port clocked by clk_i)
Path Group: clk_i
Path Type: max

Fanout         Cap        Slew       Delay        Time   Description
---------------------------------------------------------------------------------------------
                                  0.000000    0.000000   clock clk_i (rise edge)
                                  0.000000    0.000000   clock source latency
     2    0.071891    0.327468    0.237902    0.237902 ^ clk_i (in)
                                                         clk_i (net)
                      0.329570    0.000000    0.237902 ^ clkbuf_0_clk_i/A (sky130_fd_sc_hd__clkbuf_16)
     2    0.018366    0.045915    0.208680    0.446582 ^ clkbuf_0_clk_i/X (sky130_fd_sc_hd__clkbuf_16)
                                                         clknet_0_clk_i (net)
                      0.045915    0.000137    0.446719 ^ clkbuf_1_0__f_clk_i/A (sky130_fd_sc_hd__clkbuf_16)
     3    0.007966    0.031577    0.114250    0.560970 ^ clkbuf_1_0__f_clk_i/X (sky130_fd_sc_hd__clkbuf_16)
                                                         clknet_1_0__leaf_clk_i (net)
                      0.031577    0.000082    0.561052 ^ _498_/A (sky130_fd_sc_hd__and2_2)
     3    0.049082    0.253215    0.282417    0.843469 ^ _498_/X (sky130_fd_sc_hd__and2_2)
                                                         u_ibex.clk (net)
                      0.253722    0.009246    0.852715 ^ clkbuf_0_u_ibex.clk/A (sky130_fd_sc_hd__clkbuf_16)
     9    0.077738    0.096888    0.236566    1.089280 ^ clkbuf_0_u_ibex.clk/X (sky130_fd_sc_hd__clkbuf_16)
                                                         clknet_0_u_ibex.clk (net)
                      0.097361    0.005383    1.094663 ^ clkbuf_2_2__f_u_ibex.clk/A (sky130_fd_sc_hd__clkbuf_16)
    31    0.099917    0.117593    0.198356    1.293019 ^ clkbuf_2_2__f_u_ibex.clk/X (sky130_fd_sc_hd__clkbuf_16)
                                                         clknet_2_2__leaf_u_ibex.clk (net)
                      0.118610    0.008838    1.301857 ^ _578_/CLK (sky130_fd_sc_hd__dfrtp_1)
     1    0.005305    0.064078    0.359407    1.661264 ^ _578_/Q (sky130_fd_sc_hd__dfrtp_1)
                                                         u_ibex.u_ibex_core.load_store_unit_i.ls_fsm_cs[1] (net)
                      0.064078    0.000099    1.661362 ^ hold126/A (sky130_fd_sc_hd__dlygate4sd3_1)
     1    0.003304    0.057371    0.545426    2.206789 ^ hold126/X (sky130_fd_sc_hd__dlygate4sd3_1)
                                                         net297 (net)
                      0.057371    0.000041    2.206830 ^ hold117/A (sky130_fd_sc_hd__dlygate4sd3_1)
     1    0.002057    0.047081    0.531711    2.738541 ^ hold117/X (sky130_fd_sc_hd__dlygate4sd3_1)
                                                         net288 (net)
                      0.047081    0.000018    2.738559 ^ hold127/A (sky130_fd_sc_hd__dlygate4sd3_1)
     3    0.011756    0.131955    0.603039    3.341597 ^ hold127/X (sky130_fd_sc_hd__dlygate4sd3_1)
                                                         net298 (net)
                      0.131955    0.000042    3.341639 ^ fanout82/A (sky130_fd_sc_hd__dlymetal6s2s_1)
     2    0.006992    0.094636    0.151987    3.493626 ^ fanout82/X (sky130_fd_sc_hd__dlymetal6s2s_1)
                                                         net82 (net)
                      0.094636    0.000021    3.493647 ^ hold128/A (sky130_fd_sc_hd__dlygate4sd3_1)
     5    0.018899    0.198043    0.665847    4.159494 ^ hold128/X (sky130_fd_sc_hd__dlygate4sd3_1)
                                                         net299 (net)
                      0.198043    0.000317    4.159811 ^ _256_/C_N (sky130_fd_sc_hd__nor3b_2)
     7    0.025725    0.449782    0.444667    4.604478 ^ _256_/Y (sky130_fd_sc_hd__nor3b_2)
                                                         _046_ (net)
                      0.449784    0.000833    4.605311 ^ wire77/A (sky130_fd_sc_hd__buf_4)
     7    0.056472    0.161723    0.291159    4.896470 ^ wire77/X (sky130_fd_sc_hd__buf_4)
                                                         net77 (net)
                      0.163152    0.012156    4.908626 ^ _262_/A (sky130_fd_sc_hd__or3_1)
     2    0.009706    0.097317    0.176743    5.085368 ^ _262_/X (sky130_fd_sc_hd__or3_1)
                                                         _052_ (net)
                      0.097317    0.000119    5.085488 ^ fanout75/A (sky130_fd_sc_hd__buf_1)
     3    0.017848    0.214703    0.215059    5.300546 ^ fanout75/X (sky130_fd_sc_hd__buf_1)
                                                         net75 (net)
                      0.214703    0.000229    5.300775 ^ fanout72/A (sky130_fd_sc_hd__buf_1)
     4    0.015795    0.190887    0.218625    5.519400 ^ fanout72/X (sky130_fd_sc_hd__buf_1)
                                                         net72 (net)
                      0.190887    0.000035    5.519435 ^ fanout71/A (sky130_fd_sc_hd__clkbuf_2)
     6    0.022524    0.128490    0.210651    5.730086 ^ fanout71/X (sky130_fd_sc_hd__clkbuf_2)
                                                         net71 (net)
                      0.128490    0.000064    5.730151 ^ _278_/B (sky130_fd_sc_hd__and2_1)
     4    0.014136    0.147286    0.214999    5.945150 ^ _278_/X (sky130_fd_sc_hd__and2_1)
                                                         _068_ (net)
                      0.147286    0.000136    5.945286 ^ _287_/C (sky130_fd_sc_hd__and4_2)
     5    0.025166    0.153807    0.331903    6.277189 ^ _287_/X (sky130_fd_sc_hd__and4_2)
                                                         _077_ (net)
                      0.153807    0.000488    6.277676 ^ _289_/D (sky130_fd_sc_hd__and4_1)
     5    0.016345    0.169861    0.303917    6.581593 ^ _289_/X (sky130_fd_sc_hd__and4_1)
                                                         _079_ (net)
                      0.169861    0.000341    6.581934 ^ _291_/C (sky130_fd_sc_hd__and3_1)
     3    0.010199    0.113489    0.228250    6.810184 ^ _291_/X (sky130_fd_sc_hd__and3_1)
                                                         _081_ (net)
                      0.113489    0.000135    6.810319 ^ _312_/B (sky130_fd_sc_hd__nand2_1)
     2    0.007781    0.067047    0.094296    6.904615 v _312_/Y (sky130_fd_sc_hd__nand2_1)
                                                         _096_ (net)
                      0.067047    0.000089    6.904704 v _313_/A2 (sky130_fd_sc_hd__a21oi_2)
     3    0.017482    0.230916    0.244244    7.148948 ^ _313_/Y (sky130_fd_sc_hd__a21oi_2)
                                                         u_ibex.u_ibex_core.load_store_unit_i.addr_last_d[23] (net)
                      0.230919    0.000642    7.149590 ^ _706_/A (sky130_fd_sc_hd__clkbuf_1)
     1    0.003029    0.048341    0.119136    7.268726 ^ _706_/X (sky130_fd_sc_hd__clkbuf_1)
                                                         net45 (net)
                      0.048341    0.000039    7.268765 ^ output45/A (sky130_fd_sc_hd__buf_2)
     1    0.034331    0.170437    0.199668    7.468433 ^ output45/X (sky130_fd_sc_hd__buf_2)
                                                         tl_o[84] (net)
                      0.170437    0.000357    7.468790 ^ tl_o[84] (out)
                                              7.468790   data arrival time

                                 25.000000   25.000000   clock clk_i (rise edge)
                                  0.000000   25.000000   clock network delay (propagated)
                                 -0.250000   24.750000   clock uncertainty
                                  0.000000   24.750000   clock reconvergence pessimism
                                 -5.000000   19.750000   output external delay
                                             19.750000   data required time
---------------------------------------------------------------------------------------------
                                             19.750000   data required time
                                             -7.468790   data arrival time
---------------------------------------------------------------------------------------------
                                             12.281209   slack (MET)


Startpoint: _578_ (rising edge-triggered flip-flop clocked by clk_i)
Endpoint: tl_o[76] (output port clocked by clk_i)
Path Group: clk_i
Path Type: max

Fanout         Cap        Slew       Delay        Time   Description
---------------------------------------------------------------------------------------------
                                  0.000000    0.000000   clock clk_i (rise edge)
                                  0.000000    0.000000   clock source latency
     2    0.071891    0.327468    0.237902    0.237902 ^ clk_i (in)
                                                         clk_i (net)
                      0.329570    0.000000    0.237902 ^ clkbuf_0_clk_i/A (sky130_fd_sc_hd__clkbuf_16)
     2    0.018366    0.045915    0.208680    0.446582 ^ clkbuf_0_clk_i/X (sky130_fd_sc_hd__clkbuf_16)
                                                         clknet_0_clk_i (net)
                      0.045915    0.000137    0.446719 ^ clkbuf_1_0__f_clk_i/A (sky130_fd_sc_hd__clkbuf_16)
     3    0.007966    0.031577    0.114250    0.560970 ^ clkbuf_1_0__f_clk_i/X (sky130_fd_sc_hd__clkbuf_16)
                                                         clknet_1_0__leaf_clk_i (net)
                      0.031577    0.000082    0.561052 ^ _498_/A (sky130_fd_sc_hd__and2_2)
     3    0.049082    0.253215    0.282417    0.843469 ^ _498_/X (sky130_fd_sc_hd__and2_2)
                                                         u_ibex.clk (net)
                      0.253722    0.009246    0.852715 ^ clkbuf_0_u_ibex.clk/A (sky130_fd_sc_hd__clkbuf_16)
     9    0.077738    0.096888    0.236566    1.089280 ^ clkbuf_0_u_ibex.clk/X (sky130_fd_sc_hd__clkbuf_16)
                                                         clknet_0_u_ibex.clk (net)
                      0.097361    0.005383    1.094663 ^ clkbuf_2_2__f_u_ibex.clk/A (sky130_fd_sc_hd__clkbuf_16)
    31    0.099917    0.117593    0.198356    1.293019 ^ clkbuf_2_2__f_u_ibex.clk/X (sky130_fd_sc_hd__clkbuf_16)
                                                         clknet_2_2__leaf_u_ibex.clk (net)
                      0.118610    0.008838    1.301857 ^ _578_/CLK (sky130_fd_sc_hd__dfrtp_1)
     1    0.005305    0.064078    0.359407    1.661264 ^ _578_/Q (sky130_fd_sc_hd__dfrtp_1)
                                                         u_ibex.u_ibex_core.load_store_unit_i.ls_fsm_cs[1] (net)
                      0.064078    0.000099    1.661362 ^ hold126/A (sky130_fd_sc_hd__dlygate4sd3_1)
     1    0.003304    0.057371    0.545426    2.206789 ^ hold126/X (sky130_fd_sc_hd__dlygate4sd3_1)
                                                         net297 (net)
                      0.057371    0.000041    2.206830 ^ hold117/A (sky130_fd_sc_hd__dlygate4sd3_1)
     1    0.002057    0.047081    0.531711    2.738541 ^ hold117/X (sky130_fd_sc_hd__dlygate4sd3_1)
                                                         net288 (net)
                      0.047081    0.000018    2.738559 ^ hold127/A (sky130_fd_sc_hd__dlygate4sd3_1)
     3    0.011756    0.131955    0.603039    3.341597 ^ hold127/X (sky130_fd_sc_hd__dlygate4sd3_1)
                                                         net298 (net)
                      0.131955    0.000042    3.341639 ^ fanout82/A (sky130_fd_sc_hd__dlymetal6s2s_1)
     2    0.006992    0.094636    0.151987    3.493626 ^ fanout82/X (sky130_fd_sc_hd__dlymetal6s2s_1)
                                                         net82 (net)
                      0.094636    0.000021    3.493647 ^ hold128/A (sky130_fd_sc_hd__dlygate4sd3_1)
     5    0.018899    0.198043    0.665847    4.159494 ^ hold128/X (sky130_fd_sc_hd__dlygate4sd3_1)
                                                         net299 (net)
                      0.198043    0.000317    4.159811 ^ _256_/C_N (sky130_fd_sc_hd__nor3b_2)
     7    0.025725    0.449782    0.444667    4.604478 ^ _256_/Y (sky130_fd_sc_hd__nor3b_2)
                                                         _046_ (net)
                      0.449784    0.000833    4.605311 ^ wire77/A (sky130_fd_sc_hd__buf_4)
     7    0.056472    0.161723    0.291159    4.896470 ^ wire77/X (sky130_fd_sc_hd__buf_4)
                                                         net77 (net)
                      0.163152    0.012156    4.908626 ^ _262_/A (sky130_fd_sc_hd__or3_1)
     2    0.009706    0.097317    0.176743    5.085368 ^ _262_/X (sky130_fd_sc_hd__or3_1)
                                                         _052_ (net)
                      0.097317    0.000119    5.085488 ^ fanout75/A (sky130_fd_sc_hd__buf_1)
     3    0.017848    0.214703    0.215059    5.300546 ^ fanout75/X (sky130_fd_sc_hd__buf_1)
                                                         net75 (net)
                      0.214703    0.000229    5.300775 ^ fanout72/A (sky130_fd_sc_hd__buf_1)
     4    0.015795    0.190887    0.218625    5.519400 ^ fanout72/X (sky130_fd_sc_hd__buf_1)
                                                         net72 (net)
                      0.190887    0.000035    5.519435 ^ fanout71/A (sky130_fd_sc_hd__clkbuf_2)
     6    0.022524    0.128490    0.210651    5.730086 ^ fanout71/X (sky130_fd_sc_hd__clkbuf_2)
                                                         net71 (net)
                      0.128490    0.000064    5.730151 ^ _278_/B (sky130_fd_sc_hd__and2_1)
     4    0.014136    0.147286    0.214999    5.945150 ^ _278_/X (sky130_fd_sc_hd__and2_1)
                                                         _068_ (net)
                      0.147286    0.000128    5.945278 ^ _286_/B (sky130_fd_sc_hd__and3_2)
     5    0.020190    0.119386    0.263964    6.209242 ^ _286_/X (sky130_fd_sc_hd__and3_2)
                                                         _076_ (net)
                      0.119386    0.000382    6.209624 ^ _320_/C (sky130_fd_sc_hd__nand3_2)
     3    0.012629    0.100041    0.119915    6.329538 v _320_/Y (sky130_fd_sc_hd__nand3_2)
                                                         _101_ (net)
                      0.100041    0.000107    6.329646 v _322_/B2 (sky130_fd_sc_hd__o2bb2a_1)
     1    0.005217    0.064058    0.310199    6.639845 v _322_/X (sky130_fd_sc_hd__o2bb2a_1)
                                                         _102_ (net)
                      0.064058    0.000064    6.639908 v _323_/B (sky130_fd_sc_hd__nor2_2)
     4    0.026099    0.294012    0.251057    6.890965 ^ _323_/Y (sky130_fd_sc_hd__nor2_2)
                                                         u_ibex.u_ibex_core.load_store_unit_i.addr_last_d[15] (net)
                      0.294013    0.000384    6.891348 ^ _698_/A (sky130_fd_sc_hd__buf_8)
     3    0.121144    0.191485    0.234466    7.125815 ^ _698_/X (sky130_fd_sc_hd__buf_8)
                                                         net37 (net)
                      0.231878    0.065886    7.191700 ^ output37/A (sky130_fd_sc_hd__buf_2)
     1    0.034420    0.171386    0.256911    7.448611 ^ output37/X (sky130_fd_sc_hd__buf_2)
                                                         tl_o[76] (net)
                      0.171386    0.000397    7.449008 ^ tl_o[76] (out)
                                              7.449008   data arrival time

                                 25.000000   25.000000   clock clk_i (rise edge)
                                  0.000000   25.000000   clock network delay (propagated)
                                 -0.250000   24.750000   clock uncertainty
                                  0.000000   24.750000   clock reconvergence pessimism
                                 -5.000000   19.750000   output external delay
                                             19.750000   data required time
---------------------------------------------------------------------------------------------
                                             19.750000   data required time
                                             -7.449008   data arrival time
---------------------------------------------------------------------------------------------
                                             12.300991   slack (MET)


Startpoint: _578_ (rising edge-triggered flip-flop clocked by clk_i)
Endpoint: tl_o[79] (output port clocked by clk_i)
Path Group: clk_i
Path Type: max

Fanout         Cap        Slew       Delay        Time   Description
---------------------------------------------------------------------------------------------
                                  0.000000    0.000000   clock clk_i (rise edge)
                                  0.000000    0.000000   clock source latency
     2    0.071891    0.327468    0.237902    0.237902 ^ clk_i (in)
                                                         clk_i (net)
                      0.329570    0.000000    0.237902 ^ clkbuf_0_clk_i/A (sky130_fd_sc_hd__clkbuf_16)
     2    0.018366    0.045915    0.208680    0.446582 ^ clkbuf_0_clk_i/X (sky130_fd_sc_hd__clkbuf_16)
                                                         clknet_0_clk_i (net)
                      0.045915    0.000137    0.446719 ^ clkbuf_1_0__f_clk_i/A (sky130_fd_sc_hd__clkbuf_16)
     3    0.007966    0.031577    0.114250    0.560970 ^ clkbuf_1_0__f_clk_i/X (sky130_fd_sc_hd__clkbuf_16)
                                                         clknet_1_0__leaf_clk_i (net)
                      0.031577    0.000082    0.561052 ^ _498_/A (sky130_fd_sc_hd__and2_2)
     3    0.049082    0.253215    0.282417    0.843469 ^ _498_/X (sky130_fd_sc_hd__and2_2)
                                                         u_ibex.clk (net)
                      0.253722    0.009246    0.852715 ^ clkbuf_0_u_ibex.clk/A (sky130_fd_sc_hd__clkbuf_16)
     9    0.077738    0.096888    0.236566    1.089280 ^ clkbuf_0_u_ibex.clk/X (sky130_fd_sc_hd__clkbuf_16)
                                                         clknet_0_u_ibex.clk (net)
                      0.097361    0.005383    1.094663 ^ clkbuf_2_2__f_u_ibex.clk/A (sky130_fd_sc_hd__clkbuf_16)
    31    0.099917    0.117593    0.198356    1.293019 ^ clkbuf_2_2__f_u_ibex.clk/X (sky130_fd_sc_hd__clkbuf_16)
                                                         clknet_2_2__leaf_u_ibex.clk (net)
                      0.118610    0.008838    1.301857 ^ _578_/CLK (sky130_fd_sc_hd__dfrtp_1)
     1    0.005305    0.064078    0.359407    1.661264 ^ _578_/Q (sky130_fd_sc_hd__dfrtp_1)
                                                         u_ibex.u_ibex_core.load_store_unit_i.ls_fsm_cs[1] (net)
                      0.064078    0.000099    1.661362 ^ hold126/A (sky130_fd_sc_hd__dlygate4sd3_1)
     1    0.003304    0.057371    0.545426    2.206789 ^ hold126/X (sky130_fd_sc_hd__dlygate4sd3_1)
                                                         net297 (net)
                      0.057371    0.000041    2.206830 ^ hold117/A (sky130_fd_sc_hd__dlygate4sd3_1)
     1    0.002057    0.047081    0.531711    2.738541 ^ hold117/X (sky130_fd_sc_hd__dlygate4sd3_1)
                                                         net288 (net)
                      0.047081    0.000018    2.738559 ^ hold127/A (sky130_fd_sc_hd__dlygate4sd3_1)
     3    0.011756    0.131955    0.603039    3.341597 ^ hold127/X (sky130_fd_sc_hd__dlygate4sd3_1)
                                                         net298 (net)
                      0.131955    0.000042    3.341639 ^ fanout82/A (sky130_fd_sc_hd__dlymetal6s2s_1)
     2    0.006992    0.094636    0.151987    3.493626 ^ fanout82/X (sky130_fd_sc_hd__dlymetal6s2s_1)
                                                         net82 (net)
                      0.094636    0.000021    3.493647 ^ hold128/A (sky130_fd_sc_hd__dlygate4sd3_1)
     5    0.018899    0.198043    0.665847    4.159494 ^ hold128/X (sky130_fd_sc_hd__dlygate4sd3_1)
                                                         net299 (net)
                      0.198043    0.000317    4.159811 ^ _256_/C_N (sky130_fd_sc_hd__nor3b_2)
     7    0.025725    0.449782    0.444667    4.604478 ^ _256_/Y (sky130_fd_sc_hd__nor3b_2)
                                                         _046_ (net)
                      0.449784    0.000833    4.605311 ^ wire77/A (sky130_fd_sc_hd__buf_4)
     7    0.056472    0.161723    0.291159    4.896470 ^ wire77/X (sky130_fd_sc_hd__buf_4)
                                                         net77 (net)
                      0.163152    0.012156    4.908626 ^ _262_/A (sky130_fd_sc_hd__or3_1)
     2    0.009706    0.097317    0.176743    5.085368 ^ _262_/X (sky130_fd_sc_hd__or3_1)
                                                         _052_ (net)
                      0.097317    0.000119    5.085488 ^ fanout75/A (sky130_fd_sc_hd__buf_1)
     3    0.017848    0.214703    0.215059    5.300546 ^ fanout75/X (sky130_fd_sc_hd__buf_1)
                                                         net75 (net)
                      0.214703    0.000229    5.300775 ^ fanout72/A (sky130_fd_sc_hd__buf_1)
     4    0.015795    0.190887    0.218625    5.519400 ^ fanout72/X (sky130_fd_sc_hd__buf_1)
                                                         net72 (net)
                      0.190887    0.000035    5.519435 ^ fanout71/A (sky130_fd_sc_hd__clkbuf_2)
     6    0.022524    0.128490    0.210651    5.730086 ^ fanout71/X (sky130_fd_sc_hd__clkbuf_2)
                                                         net71 (net)
                      0.128490    0.000064    5.730151 ^ _278_/B (sky130_fd_sc_hd__and2_1)
     4    0.014136    0.147286    0.214999    5.945150 ^ _278_/X (sky130_fd_sc_hd__and2_1)
                                                         _068_ (net)
                      0.147286    0.000136    5.945286 ^ _287_/C (sky130_fd_sc_hd__and4_2)
     5    0.025166    0.153807    0.331903    6.277189 ^ _287_/X (sky130_fd_sc_hd__and4_2)
                                                         _077_ (net)
                      0.153807    0.000491    6.277679 ^ _288_/C (sky130_fd_sc_hd__and3_1)
     2    0.008119    0.095432    0.210588    6.488267 ^ _288_/X (sky130_fd_sc_hd__and3_1)
                                                         _078_ (net)
                      0.095432    0.000047    6.488314 ^ _347_/B (sky130_fd_sc_hd__nor2_1)
     2    0.010159    0.056629    0.078020    6.566334 v _347_/Y (sky130_fd_sc_hd__nor2_1)
                                                         _116_ (net)
                      0.056629    0.000124    6.566458 v _348_/B (sky130_fd_sc_hd__nor2_2)
     3    0.022836    0.261099    0.223730    6.790188 ^ _348_/Y (sky130_fd_sc_hd__nor2_2)
                                                         u_ibex.u_ibex_core.load_store_unit_i.addr_last_d[18] (net)
                      0.261100    0.000428    6.790616 ^ _701_/A (sky130_fd_sc_hd__buf_8)
     3    0.143391    0.231229    0.260704    7.051320 ^ _701_/X (sky130_fd_sc_hd__buf_8)
                                                         net40 (net)
                      0.256122    0.057966    7.109286 ^ output40/A (sky130_fd_sc_hd__buf_2)
     1    0.034043    0.169638    0.262367    7.371653 ^ output40/X (sky130_fd_sc_hd__buf_2)
                                                         tl_o[79] (net)
                      0.169638    0.000187    7.371840 ^ tl_o[79] (out)
                                              7.371840   data arrival time

                                 25.000000   25.000000   clock clk_i (rise edge)
                                  0.000000   25.000000   clock network delay (propagated)
                                 -0.250000   24.750000   clock uncertainty
                                  0.000000   24.750000   clock reconvergence pessimism
                                 -5.000000   19.750000   output external delay
                                             19.750000   data required time
---------------------------------------------------------------------------------------------
                                             19.750000   data required time
                                             -7.371840   data arrival time
---------------------------------------------------------------------------------------------
                                             12.378160   slack (MET)


Startpoint: _578_ (rising edge-triggered flip-flop clocked by clk_i)
Endpoint: tl_o[78] (output port clocked by clk_i)
Path Group: clk_i
Path Type: max

Fanout         Cap        Slew       Delay        Time   Description
---------------------------------------------------------------------------------------------
                                  0.000000    0.000000   clock clk_i (rise edge)
                                  0.000000    0.000000   clock source latency
     2    0.071891    0.327468    0.237902    0.237902 ^ clk_i (in)
                                                         clk_i (net)
                      0.329570    0.000000    0.237902 ^ clkbuf_0_clk_i/A (sky130_fd_sc_hd__clkbuf_16)
     2    0.018366    0.045915    0.208680    0.446582 ^ clkbuf_0_clk_i/X (sky130_fd_sc_hd__clkbuf_16)
                                                         clknet_0_clk_i (net)
                      0.045915    0.000137    0.446719 ^ clkbuf_1_0__f_clk_i/A (sky130_fd_sc_hd__clkbuf_16)
     3    0.007966    0.031577    0.114250    0.560970 ^ clkbuf_1_0__f_clk_i/X (sky130_fd_sc_hd__clkbuf_16)
                                                         clknet_1_0__leaf_clk_i (net)
                      0.031577    0.000082    0.561052 ^ _498_/A (sky130_fd_sc_hd__and2_2)
     3    0.049082    0.253215    0.282417    0.843469 ^ _498_/X (sky130_fd_sc_hd__and2_2)
                                                         u_ibex.clk (net)
                      0.253722    0.009246    0.852715 ^ clkbuf_0_u_ibex.clk/A (sky130_fd_sc_hd__clkbuf_16)
     9    0.077738    0.096888    0.236566    1.089280 ^ clkbuf_0_u_ibex.clk/X (sky130_fd_sc_hd__clkbuf_16)
                                                         clknet_0_u_ibex.clk (net)
                      0.097361    0.005383    1.094663 ^ clkbuf_2_2__f_u_ibex.clk/A (sky130_fd_sc_hd__clkbuf_16)
    31    0.099917    0.117593    0.198356    1.293019 ^ clkbuf_2_2__f_u_ibex.clk/X (sky130_fd_sc_hd__clkbuf_16)
                                                         clknet_2_2__leaf_u_ibex.clk (net)
                      0.118610    0.008838    1.301857 ^ _578_/CLK (sky130_fd_sc_hd__dfrtp_1)
     1    0.005305    0.064078    0.359407    1.661264 ^ _578_/Q (sky130_fd_sc_hd__dfrtp_1)
                                                         u_ibex.u_ibex_core.load_store_unit_i.ls_fsm_cs[1] (net)
                      0.064078    0.000099    1.661362 ^ hold126/A (sky130_fd_sc_hd__dlygate4sd3_1)
     1    0.003304    0.057371    0.545426    2.206789 ^ hold126/X (sky130_fd_sc_hd__dlygate4sd3_1)
                                                         net297 (net)
                      0.057371    0.000041    2.206830 ^ hold117/A (sky130_fd_sc_hd__dlygate4sd3_1)
     1    0.002057    0.047081    0.531711    2.738541 ^ hold117/X (sky130_fd_sc_hd__dlygate4sd3_1)
                                                         net288 (net)
                      0.047081    0.000018    2.738559 ^ hold127/A (sky130_fd_sc_hd__dlygate4sd3_1)
     3    0.011756    0.131955    0.603039    3.341597 ^ hold127/X (sky130_fd_sc_hd__dlygate4sd3_1)
                                                         net298 (net)
                      0.131955    0.000042    3.341639 ^ fanout82/A (sky130_fd_sc_hd__dlymetal6s2s_1)
     2    0.006992    0.094636    0.151987    3.493626 ^ fanout82/X (sky130_fd_sc_hd__dlymetal6s2s_1)
                                                         net82 (net)
                      0.094636    0.000021    3.493647 ^ hold128/A (sky130_fd_sc_hd__dlygate4sd3_1)
     5    0.018899    0.198043    0.665847    4.159494 ^ hold128/X (sky130_fd_sc_hd__dlygate4sd3_1)
                                                         net299 (net)
                      0.198043    0.000317    4.159811 ^ _256_/C_N (sky130_fd_sc_hd__nor3b_2)
     7    0.025725    0.449782    0.444667    4.604478 ^ _256_/Y (sky130_fd_sc_hd__nor3b_2)
                                                         _046_ (net)
                      0.449784    0.000833    4.605311 ^ wire77/A (sky130_fd_sc_hd__buf_4)
     7    0.056472    0.161723    0.291159    4.896470 ^ wire77/X (sky130_fd_sc_hd__buf_4)
                                                         net77 (net)
                      0.163152    0.012156    4.908626 ^ _262_/A (sky130_fd_sc_hd__or3_1)
     2    0.009706    0.097317    0.176743    5.085368 ^ _262_/X (sky130_fd_sc_hd__or3_1)
                                                         _052_ (net)
                      0.097317    0.000119    5.085488 ^ fanout75/A (sky130_fd_sc_hd__buf_1)
     3    0.017848    0.214703    0.215059    5.300546 ^ fanout75/X (sky130_fd_sc_hd__buf_1)
                                                         net75 (net)
                      0.214703    0.000229    5.300775 ^ fanout72/A (sky130_fd_sc_hd__buf_1)
     4    0.015795    0.190887    0.218625    5.519400 ^ fanout72/X (sky130_fd_sc_hd__buf_1)
                                                         net72 (net)
                      0.190887    0.000035    5.519435 ^ fanout71/A (sky130_fd_sc_hd__clkbuf_2)
     6    0.022524    0.128490    0.210651    5.730086 ^ fanout71/X (sky130_fd_sc_hd__clkbuf_2)
                                                         net71 (net)
                      0.128490    0.000064    5.730151 ^ _278_/B (sky130_fd_sc_hd__and2_1)
     4    0.014136    0.147286    0.214999    5.945150 ^ _278_/X (sky130_fd_sc_hd__and2_1)
                                                         _068_ (net)
                      0.147286    0.000136    5.945286 ^ _287_/C (sky130_fd_sc_hd__and4_2)
     5    0.025166    0.153807    0.331903    6.277189 ^ _287_/X (sky130_fd_sc_hd__and4_2)
                                                         _077_ (net)
                      0.153807    0.000488    6.277676 ^ _324_/B2 (sky130_fd_sc_hd__a22oi_1)
     1    0.005045    0.080917    0.100832    6.378508 v _324_/Y (sky130_fd_sc_hd__a22oi_1)
                                                         _103_ (net)
                      0.080917    0.000060    6.378569 v _325_/B (sky130_fd_sc_hd__nor2_2)
     5    0.034811    0.383255    0.322581    6.701149 ^ _325_/Y (sky130_fd_sc_hd__nor2_2)
                                                         u_ibex.u_ibex_core.load_store_unit_i.addr_last_d[17] (net)
                      0.383256    0.000594    6.701743 ^ _700_/A (sky130_fd_sc_hd__buf_8)
     3    0.115487    0.185299    0.251775    6.953518 ^ _700_/X (sky130_fd_sc_hd__buf_8)
                                                         net39 (net)
                      0.210636    0.051924    7.005442 ^ output39/A (sky130_fd_sc_hd__buf_2)
     1    0.034805    0.173156    0.252392    7.257834 ^ output39/X (sky130_fd_sc_hd__buf_2)
                                                         tl_o[78] (net)
                      0.173156    0.000470    7.258305 ^ tl_o[78] (out)
                                              7.258305   data arrival time

                                 25.000000   25.000000   clock clk_i (rise edge)
                                  0.000000   25.000000   clock network delay (propagated)
                                 -0.250000   24.750000   clock uncertainty
                                  0.000000   24.750000   clock reconvergence pessimism
                                 -5.000000   19.750000   output external delay
                                             19.750000   data required time
---------------------------------------------------------------------------------------------
                                             19.750000   data required time
                                             -7.258305   data arrival time
---------------------------------------------------------------------------------------------
                                             12.491695   slack (MET)


Startpoint: _578_ (rising edge-triggered flip-flop clocked by clk_i)
Endpoint: tl_o[75] (output port clocked by clk_i)
Path Group: clk_i
Path Type: max

Fanout         Cap        Slew       Delay        Time   Description
---------------------------------------------------------------------------------------------
                                  0.000000    0.000000   clock clk_i (rise edge)
                                  0.000000    0.000000   clock source latency
     2    0.071891    0.327468    0.237902    0.237902 ^ clk_i (in)
                                                         clk_i (net)
                      0.329570    0.000000    0.237902 ^ clkbuf_0_clk_i/A (sky130_fd_sc_hd__clkbuf_16)
     2    0.018366    0.045915    0.208680    0.446582 ^ clkbuf_0_clk_i/X (sky130_fd_sc_hd__clkbuf_16)
                                                         clknet_0_clk_i (net)
                      0.045915    0.000137    0.446719 ^ clkbuf_1_0__f_clk_i/A (sky130_fd_sc_hd__clkbuf_16)
     3    0.007966    0.031577    0.114250    0.560970 ^ clkbuf_1_0__f_clk_i/X (sky130_fd_sc_hd__clkbuf_16)
                                                         clknet_1_0__leaf_clk_i (net)
                      0.031577    0.000082    0.561052 ^ _498_/A (sky130_fd_sc_hd__and2_2)
     3    0.049082    0.253215    0.282417    0.843469 ^ _498_/X (sky130_fd_sc_hd__and2_2)
                                                         u_ibex.clk (net)
                      0.253722    0.009246    0.852715 ^ clkbuf_0_u_ibex.clk/A (sky130_fd_sc_hd__clkbuf_16)
     9    0.077738    0.096888    0.236566    1.089280 ^ clkbuf_0_u_ibex.clk/X (sky130_fd_sc_hd__clkbuf_16)
                                                         clknet_0_u_ibex.clk (net)
                      0.097361    0.005383    1.094663 ^ clkbuf_2_2__f_u_ibex.clk/A (sky130_fd_sc_hd__clkbuf_16)
    31    0.099917    0.117593    0.198356    1.293019 ^ clkbuf_2_2__f_u_ibex.clk/X (sky130_fd_sc_hd__clkbuf_16)
                                                         clknet_2_2__leaf_u_ibex.clk (net)
                      0.118610    0.008838    1.301857 ^ _578_/CLK (sky130_fd_sc_hd__dfrtp_1)
     1    0.005305    0.064078    0.359407    1.661264 ^ _578_/Q (sky130_fd_sc_hd__dfrtp_1)
                                                         u_ibex.u_ibex_core.load_store_unit_i.ls_fsm_cs[1] (net)
                      0.064078    0.000099    1.661362 ^ hold126/A (sky130_fd_sc_hd__dlygate4sd3_1)
     1    0.003304    0.057371    0.545426    2.206789 ^ hold126/X (sky130_fd_sc_hd__dlygate4sd3_1)
                                                         net297 (net)
                      0.057371    0.000041    2.206830 ^ hold117/A (sky130_fd_sc_hd__dlygate4sd3_1)
     1    0.002057    0.047081    0.531711    2.738541 ^ hold117/X (sky130_fd_sc_hd__dlygate4sd3_1)
                                                         net288 (net)
                      0.047081    0.000018    2.738559 ^ hold127/A (sky130_fd_sc_hd__dlygate4sd3_1)
     3    0.011756    0.131955    0.603039    3.341597 ^ hold127/X (sky130_fd_sc_hd__dlygate4sd3_1)
                                                         net298 (net)
                      0.131955    0.000042    3.341639 ^ fanout82/A (sky130_fd_sc_hd__dlymetal6s2s_1)
     2    0.006992    0.094636    0.151987    3.493626 ^ fanout82/X (sky130_fd_sc_hd__dlymetal6s2s_1)
                                                         net82 (net)
                      0.094636    0.000021    3.493647 ^ hold128/A (sky130_fd_sc_hd__dlygate4sd3_1)
     5    0.018899    0.198043    0.665847    4.159494 ^ hold128/X (sky130_fd_sc_hd__dlygate4sd3_1)
                                                         net299 (net)
                      0.198043    0.000317    4.159811 ^ _256_/C_N (sky130_fd_sc_hd__nor3b_2)
     7    0.025725    0.449782    0.444667    4.604478 ^ _256_/Y (sky130_fd_sc_hd__nor3b_2)
                                                         _046_ (net)
                      0.449784    0.000833    4.605311 ^ wire77/A (sky130_fd_sc_hd__buf_4)
     7    0.056472    0.161723    0.291159    4.896470 ^ wire77/X (sky130_fd_sc_hd__buf_4)
                                                         net77 (net)
                      0.163152    0.012156    4.908626 ^ _262_/A (sky130_fd_sc_hd__or3_1)
     2    0.009706    0.097317    0.176743    5.085368 ^ _262_/X (sky130_fd_sc_hd__or3_1)
                                                         _052_ (net)
                      0.097317    0.000119    5.085488 ^ fanout75/A (sky130_fd_sc_hd__buf_1)
     3    0.017848    0.214703    0.215059    5.300546 ^ fanout75/X (sky130_fd_sc_hd__buf_1)
                                                         net75 (net)
                      0.214703    0.000229    5.300775 ^ fanout72/A (sky130_fd_sc_hd__buf_1)
     4    0.015795    0.190887    0.218625    5.519400 ^ fanout72/X (sky130_fd_sc_hd__buf_1)
                                                         net72 (net)
                      0.190887    0.000035    5.519435 ^ fanout71/A (sky130_fd_sc_hd__clkbuf_2)
     6    0.022524    0.128490    0.210651    5.730086 ^ fanout71/X (sky130_fd_sc_hd__clkbuf_2)
                                                         net71 (net)
                      0.128490    0.000064    5.730151 ^ _278_/B (sky130_fd_sc_hd__and2_1)
     4    0.014136    0.147286    0.214999    5.945150 ^ _278_/X (sky130_fd_sc_hd__and2_1)
                                                         _068_ (net)
                      0.147286    0.000128    5.945278 ^ _286_/B (sky130_fd_sc_hd__and3_2)
     5    0.020190    0.119386    0.263964    6.209242 ^ _286_/X (sky130_fd_sc_hd__and3_2)
                                                         _076_ (net)
                      0.119386    0.000382    6.209624 ^ _320_/C (sky130_fd_sc_hd__nand3_2)
     3    0.012629    0.100041    0.119915    6.329538 v _320_/Y (sky130_fd_sc_hd__nand3_2)
                                                         _101_ (net)
                      0.100041    0.000112    6.329651 v _388_/B (sky130_fd_sc_hd__xor2_2)
     3    0.021900    0.292743    0.282799    6.612450 ^ _388_/X (sky130_fd_sc_hd__xor2_2)
                                                         u_ibex.u_ibex_core.load_store_unit_i.addr_last_d[14] (net)
                      0.292744    0.000434    6.612884 ^ _697_/A (sky130_fd_sc_hd__buf_8)
     3    0.117089    0.191925    0.237598    6.850481 ^ _697_/X (sky130_fd_sc_hd__buf_8)
                                                         net36 (net)
                      0.216016    0.051942    6.902424 ^ output36/A (sky130_fd_sc_hd__buf_2)
     1    0.034429    0.171408    0.252650    7.155074 ^ output36/X (sky130_fd_sc_hd__buf_2)
                                                         tl_o[75] (net)
                      0.171408    0.000398    7.155471 ^ tl_o[75] (out)
                                              7.155471   data arrival time

                                 25.000000   25.000000   clock clk_i (rise edge)
                                  0.000000   25.000000   clock network delay (propagated)
                                 -0.250000   24.750000   clock uncertainty
                                  0.000000   24.750000   clock reconvergence pessimism
                                 -5.000000   19.750000   output external delay
                                             19.750000   data required time
---------------------------------------------------------------------------------------------
                                             19.750000   data required time
                                             -7.155471   data arrival time
---------------------------------------------------------------------------------------------
                                             12.594528   slack (MET)


Startpoint: _578_ (rising edge-triggered flip-flop clocked by clk_i)
Endpoint: tl_o[74] (output port clocked by clk_i)
Path Group: clk_i
Path Type: max

Fanout         Cap        Slew       Delay        Time   Description
---------------------------------------------------------------------------------------------
                                  0.000000    0.000000   clock clk_i (rise edge)
                                  0.000000    0.000000   clock source latency
     2    0.071891    0.327468    0.237902    0.237902 ^ clk_i (in)
                                                         clk_i (net)
                      0.329570    0.000000    0.237902 ^ clkbuf_0_clk_i/A (sky130_fd_sc_hd__clkbuf_16)
     2    0.018366    0.045915    0.208680    0.446582 ^ clkbuf_0_clk_i/X (sky130_fd_sc_hd__clkbuf_16)
                                                         clknet_0_clk_i (net)
                      0.045915    0.000137    0.446719 ^ clkbuf_1_0__f_clk_i/A (sky130_fd_sc_hd__clkbuf_16)
     3    0.007966    0.031577    0.114250    0.560970 ^ clkbuf_1_0__f_clk_i/X (sky130_fd_sc_hd__clkbuf_16)
                                                         clknet_1_0__leaf_clk_i (net)
                      0.031577    0.000082    0.561052 ^ _498_/A (sky130_fd_sc_hd__and2_2)
     3    0.049082    0.253215    0.282417    0.843469 ^ _498_/X (sky130_fd_sc_hd__and2_2)
                                                         u_ibex.clk (net)
                      0.253722    0.009246    0.852715 ^ clkbuf_0_u_ibex.clk/A (sky130_fd_sc_hd__clkbuf_16)
     9    0.077738    0.096888    0.236566    1.089280 ^ clkbuf_0_u_ibex.clk/X (sky130_fd_sc_hd__clkbuf_16)
                                                         clknet_0_u_ibex.clk (net)
                      0.097361    0.005383    1.094663 ^ clkbuf_2_2__f_u_ibex.clk/A (sky130_fd_sc_hd__clkbuf_16)
    31    0.099917    0.117593    0.198356    1.293019 ^ clkbuf_2_2__f_u_ibex.clk/X (sky130_fd_sc_hd__clkbuf_16)
                                                         clknet_2_2__leaf_u_ibex.clk (net)
                      0.118610    0.008838    1.301857 ^ _578_/CLK (sky130_fd_sc_hd__dfrtp_1)
     1    0.005305    0.064078    0.359407    1.661264 ^ _578_/Q (sky130_fd_sc_hd__dfrtp_1)
                                                         u_ibex.u_ibex_core.load_store_unit_i.ls_fsm_cs[1] (net)
                      0.064078    0.000099    1.661362 ^ hold126/A (sky130_fd_sc_hd__dlygate4sd3_1)
     1    0.003304    0.057371    0.545426    2.206789 ^ hold126/X (sky130_fd_sc_hd__dlygate4sd3_1)
                                                         net297 (net)
                      0.057371    0.000041    2.206830 ^ hold117/A (sky130_fd_sc_hd__dlygate4sd3_1)
     1    0.002057    0.047081    0.531711    2.738541 ^ hold117/X (sky130_fd_sc_hd__dlygate4sd3_1)
                                                         net288 (net)
                      0.047081    0.000018    2.738559 ^ hold127/A (sky130_fd_sc_hd__dlygate4sd3_1)
     3    0.011756    0.131955    0.603039    3.341597 ^ hold127/X (sky130_fd_sc_hd__dlygate4sd3_1)
                                                         net298 (net)
                      0.131955    0.000042    3.341639 ^ fanout82/A (sky130_fd_sc_hd__dlymetal6s2s_1)
     2    0.006992    0.094636    0.151987    3.493626 ^ fanout82/X (sky130_fd_sc_hd__dlymetal6s2s_1)
                                                         net82 (net)
                      0.094636    0.000021    3.493647 ^ hold128/A (sky130_fd_sc_hd__dlygate4sd3_1)
     5    0.018899    0.198043    0.665847    4.159494 ^ hold128/X (sky130_fd_sc_hd__dlygate4sd3_1)
                                                         net299 (net)
                      0.198043    0.000317    4.159811 ^ _256_/C_N (sky130_fd_sc_hd__nor3b_2)
     7    0.025725    0.449782    0.444667    4.604478 ^ _256_/Y (sky130_fd_sc_hd__nor3b_2)
                                                         _046_ (net)
                      0.449784    0.000833    4.605311 ^ wire77/A (sky130_fd_sc_hd__buf_4)
     7    0.056472    0.161723    0.291159    4.896470 ^ wire77/X (sky130_fd_sc_hd__buf_4)
                                                         net77 (net)
                      0.163152    0.012156    4.908626 ^ _262_/A (sky130_fd_sc_hd__or3_1)
     2    0.009706    0.097317    0.176743    5.085368 ^ _262_/X (sky130_fd_sc_hd__or3_1)
                                                         _052_ (net)
                      0.097317    0.000119    5.085488 ^ fanout75/A (sky130_fd_sc_hd__buf_1)
     3    0.017848    0.214703    0.215059    5.300546 ^ fanout75/X (sky130_fd_sc_hd__buf_1)
                                                         net75 (net)
                      0.214703    0.000229    5.300775 ^ fanout72/A (sky130_fd_sc_hd__buf_1)
     4    0.015795    0.190887    0.218625    5.519400 ^ fanout72/X (sky130_fd_sc_hd__buf_1)
                                                         net72 (net)
                      0.190887    0.000035    5.519435 ^ fanout71/A (sky130_fd_sc_hd__clkbuf_2)
     6    0.022524    0.128490    0.210651    5.730086 ^ fanout71/X (sky130_fd_sc_hd__clkbuf_2)
                                                         net71 (net)
                      0.128490    0.000064    5.730151 ^ _278_/B (sky130_fd_sc_hd__and2_1)
     4    0.014136    0.147286    0.214999    5.945150 ^ _278_/X (sky130_fd_sc_hd__and2_1)
                                                         _068_ (net)
                      0.147286    0.000128    5.945278 ^ _286_/B (sky130_fd_sc_hd__and3_2)
     5    0.020190    0.119386    0.263964    6.209242 ^ _286_/X (sky130_fd_sc_hd__and3_2)
                                                         _076_ (net)
                      0.119386    0.000333    6.209575 ^ _319_/B1 (sky130_fd_sc_hd__a22o_1)
     2    0.007907    0.089385    0.172185    6.381760 ^ _319_/X (sky130_fd_sc_hd__a22o_1)
                                                         _100_ (net)
                      0.089385    0.000065    6.381825 ^ _321_/A (sky130_fd_sc_hd__and2_1)
     3    0.017925    0.182406    0.227077    6.608902 ^ _321_/X (sky130_fd_sc_hd__and2_1)
                                                         u_ibex.u_ibex_core.load_store_unit_i.addr_last_d[13] (net)
                      0.182406    0.000328    6.609230 ^ _696_/A (sky130_fd_sc_hd__buf_8)
     3    0.120683    0.197116    0.221048    6.830278 ^ _696_/X (sky130_fd_sc_hd__buf_8)
                                                         net35 (net)
                      0.223206    0.054727    6.885005 ^ output35/A (sky130_fd_sc_hd__buf_2)
     1    0.034427    0.171407    0.254587    7.139593 ^ output35/X (sky130_fd_sc_hd__buf_2)
                                                         tl_o[74] (net)
                      0.171407    0.000397    7.139990 ^ tl_o[74] (out)
                                              7.139990   data arrival time

                                 25.000000   25.000000   clock clk_i (rise edge)
                                  0.000000   25.000000   clock network delay (propagated)
                                 -0.250000   24.750000   clock uncertainty
                                  0.000000   24.750000   clock reconvergence pessimism
                                 -5.000000   19.750000   output external delay
                                             19.750000   data required time
---------------------------------------------------------------------------------------------
                                             19.750000   data required time
                                             -7.139990   data arrival time
---------------------------------------------------------------------------------------------
                                             12.610009   slack (MET)


Startpoint: _578_ (rising edge-triggered flip-flop clocked by clk_i)
Endpoint: tl_o[73] (output port clocked by clk_i)
Path Group: clk_i
Path Type: max

Fanout         Cap        Slew       Delay        Time   Description
---------------------------------------------------------------------------------------------
                                  0.000000    0.000000   clock clk_i (rise edge)
                                  0.000000    0.000000   clock source latency
     2    0.071891    0.327468    0.237902    0.237902 ^ clk_i (in)
                                                         clk_i (net)
                      0.329570    0.000000    0.237902 ^ clkbuf_0_clk_i/A (sky130_fd_sc_hd__clkbuf_16)
     2    0.018366    0.045915    0.208680    0.446582 ^ clkbuf_0_clk_i/X (sky130_fd_sc_hd__clkbuf_16)
                                                         clknet_0_clk_i (net)
                      0.045915    0.000137    0.446719 ^ clkbuf_1_0__f_clk_i/A (sky130_fd_sc_hd__clkbuf_16)
     3    0.007966    0.031577    0.114250    0.560970 ^ clkbuf_1_0__f_clk_i/X (sky130_fd_sc_hd__clkbuf_16)
                                                         clknet_1_0__leaf_clk_i (net)
                      0.031577    0.000082    0.561052 ^ _498_/A (sky130_fd_sc_hd__and2_2)
     3    0.049082    0.253215    0.282417    0.843469 ^ _498_/X (sky130_fd_sc_hd__and2_2)
                                                         u_ibex.clk (net)
                      0.253722    0.009246    0.852715 ^ clkbuf_0_u_ibex.clk/A (sky130_fd_sc_hd__clkbuf_16)
     9    0.077738    0.096888    0.236566    1.089280 ^ clkbuf_0_u_ibex.clk/X (sky130_fd_sc_hd__clkbuf_16)
                                                         clknet_0_u_ibex.clk (net)
                      0.097361    0.005383    1.094663 ^ clkbuf_2_2__f_u_ibex.clk/A (sky130_fd_sc_hd__clkbuf_16)
    31    0.099917    0.117593    0.198356    1.293019 ^ clkbuf_2_2__f_u_ibex.clk/X (sky130_fd_sc_hd__clkbuf_16)
                                                         clknet_2_2__leaf_u_ibex.clk (net)
                      0.118610    0.008838    1.301857 ^ _578_/CLK (sky130_fd_sc_hd__dfrtp_1)
     1    0.005305    0.064078    0.359407    1.661264 ^ _578_/Q (sky130_fd_sc_hd__dfrtp_1)
                                                         u_ibex.u_ibex_core.load_store_unit_i.ls_fsm_cs[1] (net)
                      0.064078    0.000099    1.661362 ^ hold126/A (sky130_fd_sc_hd__dlygate4sd3_1)
     1    0.003304    0.057371    0.545426    2.206789 ^ hold126/X (sky130_fd_sc_hd__dlygate4sd3_1)
                                                         net297 (net)
                      0.057371    0.000041    2.206830 ^ hold117/A (sky130_fd_sc_hd__dlygate4sd3_1)
     1    0.002057    0.047081    0.531711    2.738541 ^ hold117/X (sky130_fd_sc_hd__dlygate4sd3_1)
                                                         net288 (net)
                      0.047081    0.000018    2.738559 ^ hold127/A (sky130_fd_sc_hd__dlygate4sd3_1)
     3    0.011756    0.131955    0.603039    3.341597 ^ hold127/X (sky130_fd_sc_hd__dlygate4sd3_1)
                                                         net298 (net)
                      0.131955    0.000042    3.341639 ^ fanout82/A (sky130_fd_sc_hd__dlymetal6s2s_1)
     2    0.006992    0.094636    0.151987    3.493626 ^ fanout82/X (sky130_fd_sc_hd__dlymetal6s2s_1)
                                                         net82 (net)
                      0.094636    0.000021    3.493647 ^ hold128/A (sky130_fd_sc_hd__dlygate4sd3_1)
     5    0.018899    0.198043    0.665847    4.159494 ^ hold128/X (sky130_fd_sc_hd__dlygate4sd3_1)
                                                         net299 (net)
                      0.198043    0.000317    4.159811 ^ _256_/C_N (sky130_fd_sc_hd__nor3b_2)
     7    0.025725    0.449782    0.444667    4.604478 ^ _256_/Y (sky130_fd_sc_hd__nor3b_2)
                                                         _046_ (net)
                      0.449784    0.000833    4.605311 ^ wire77/A (sky130_fd_sc_hd__buf_4)
     7    0.056472    0.161723    0.291159    4.896470 ^ wire77/X (sky130_fd_sc_hd__buf_4)
                                                         net77 (net)
                      0.163152    0.012156    4.908626 ^ _262_/A (sky130_fd_sc_hd__or3_1)
     2    0.009706    0.097317    0.176743    5.085368 ^ _262_/X (sky130_fd_sc_hd__or3_1)
                                                         _052_ (net)
                      0.097317    0.000119    5.085488 ^ fanout75/A (sky130_fd_sc_hd__buf_1)
     3    0.017848    0.214703    0.215059    5.300546 ^ fanout75/X (sky130_fd_sc_hd__buf_1)
                                                         net75 (net)
                      0.214703    0.000229    5.300775 ^ fanout72/A (sky130_fd_sc_hd__buf_1)
     4    0.015795    0.190887    0.218625    5.519400 ^ fanout72/X (sky130_fd_sc_hd__buf_1)
                                                         net72 (net)
                      0.190887    0.000035    5.519435 ^ fanout71/A (sky130_fd_sc_hd__clkbuf_2)
     6    0.022524    0.128490    0.210651    5.730086 ^ fanout71/X (sky130_fd_sc_hd__clkbuf_2)
                                                         net71 (net)
                      0.128490    0.000064    5.730151 ^ _278_/B (sky130_fd_sc_hd__and2_1)
     4    0.014136    0.147286    0.214999    5.945150 ^ _278_/X (sky130_fd_sc_hd__and2_1)
                                                         _068_ (net)
                      0.147286    0.000128    5.945278 ^ _286_/B (sky130_fd_sc_hd__and3_2)
     5    0.020190    0.119386    0.263964    6.209242 ^ _286_/X (sky130_fd_sc_hd__and3_2)
                                                         _076_ (net)
                      0.119386    0.000346    6.209588 ^ _304_/B1 (sky130_fd_sc_hd__a21oi_1)
     1    0.003621    0.060799    0.058416    6.268003 v _304_/Y (sky130_fd_sc_hd__a21oi_1)
                                                         _090_ (net)
                      0.060799    0.000048    6.268051 v _305_/B1 (sky130_fd_sc_hd__a21o_1)
     2    0.011678    0.069134    0.193554    6.461605 v _305_/X (sky130_fd_sc_hd__a21o_1)
                                                         _091_ (net)
                      0.069134    0.000184    6.461789 v _306_/A (sky130_fd_sc_hd__inv_2)
     3    0.022001    0.105177    0.111503    6.573291 ^ _306_/Y (sky130_fd_sc_hd__inv_2)
                                                         u_ibex.u_ibex_core.load_store_unit_i.addr_last_d[12] (net)
                      0.105184    0.000707    6.573998 ^ _695_/A (sky130_fd_sc_hd__buf_8)
     3    0.120579    0.195249    0.201169    6.775167 ^ _695_/X (sky130_fd_sc_hd__buf_8)
                                                         net34 (net)
                      0.221019    0.054057    6.829225 ^ output34/A (sky130_fd_sc_hd__buf_2)
     1    0.034438    0.171455    0.254032    7.083257 ^ output34/X (sky130_fd_sc_hd__buf_2)
                                                         tl_o[73] (net)
                      0.171455    0.000398    7.083655 ^ tl_o[73] (out)
                                              7.083655   data arrival time

                                 25.000000   25.000000   clock clk_i (rise edge)
                                  0.000000   25.000000   clock network delay (propagated)
                                 -0.250000   24.750000   clock uncertainty
                                  0.000000   24.750000   clock reconvergence pessimism
                                 -5.000000   19.750000   output external delay
                                             19.750000   data required time
---------------------------------------------------------------------------------------------
                                             19.750000   data required time
                                             -7.083655   data arrival time
---------------------------------------------------------------------------------------------
                                             12.666345   slack (MET)


Startpoint: _578_ (rising edge-triggered flip-flop clocked by clk_i)
Endpoint: tl_o[77] (output port clocked by clk_i)
Path Group: clk_i
Path Type: max

Fanout         Cap        Slew       Delay        Time   Description
---------------------------------------------------------------------------------------------
                                  0.000000    0.000000   clock clk_i (rise edge)
                                  0.000000    0.000000   clock source latency
     2    0.071891    0.327468    0.237902    0.237902 ^ clk_i (in)
                                                         clk_i (net)
                      0.329570    0.000000    0.237902 ^ clkbuf_0_clk_i/A (sky130_fd_sc_hd__clkbuf_16)
     2    0.018366    0.045915    0.208680    0.446582 ^ clkbuf_0_clk_i/X (sky130_fd_sc_hd__clkbuf_16)
                                                         clknet_0_clk_i (net)
                      0.045915    0.000137    0.446719 ^ clkbuf_1_0__f_clk_i/A (sky130_fd_sc_hd__clkbuf_16)
     3    0.007966    0.031577    0.114250    0.560970 ^ clkbuf_1_0__f_clk_i/X (sky130_fd_sc_hd__clkbuf_16)
                                                         clknet_1_0__leaf_clk_i (net)
                      0.031577    0.000082    0.561052 ^ _498_/A (sky130_fd_sc_hd__and2_2)
     3    0.049082    0.253215    0.282417    0.843469 ^ _498_/X (sky130_fd_sc_hd__and2_2)
                                                         u_ibex.clk (net)
                      0.253722    0.009246    0.852715 ^ clkbuf_0_u_ibex.clk/A (sky130_fd_sc_hd__clkbuf_16)
     9    0.077738    0.096888    0.236566    1.089280 ^ clkbuf_0_u_ibex.clk/X (sky130_fd_sc_hd__clkbuf_16)
                                                         clknet_0_u_ibex.clk (net)
                      0.097361    0.005383    1.094663 ^ clkbuf_2_2__f_u_ibex.clk/A (sky130_fd_sc_hd__clkbuf_16)
    31    0.099917    0.117593    0.198356    1.293019 ^ clkbuf_2_2__f_u_ibex.clk/X (sky130_fd_sc_hd__clkbuf_16)
                                                         clknet_2_2__leaf_u_ibex.clk (net)
                      0.118610    0.008838    1.301857 ^ _578_/CLK (sky130_fd_sc_hd__dfrtp_1)
     1    0.005305    0.064078    0.359407    1.661264 ^ _578_/Q (sky130_fd_sc_hd__dfrtp_1)
                                                         u_ibex.u_ibex_core.load_store_unit_i.ls_fsm_cs[1] (net)
                      0.064078    0.000099    1.661362 ^ hold126/A (sky130_fd_sc_hd__dlygate4sd3_1)
     1    0.003304    0.057371    0.545426    2.206789 ^ hold126/X (sky130_fd_sc_hd__dlygate4sd3_1)
                                                         net297 (net)
                      0.057371    0.000041    2.206830 ^ hold117/A (sky130_fd_sc_hd__dlygate4sd3_1)
     1    0.002057    0.047081    0.531711    2.738541 ^ hold117/X (sky130_fd_sc_hd__dlygate4sd3_1)
                                                         net288 (net)
                      0.047081    0.000018    2.738559 ^ hold127/A (sky130_fd_sc_hd__dlygate4sd3_1)
     3    0.011756    0.131955    0.603039    3.341597 ^ hold127/X (sky130_fd_sc_hd__dlygate4sd3_1)
                                                         net298 (net)
                      0.131955    0.000042    3.341639 ^ fanout82/A (sky130_fd_sc_hd__dlymetal6s2s_1)
     2    0.006992    0.094636    0.151987    3.493626 ^ fanout82/X (sky130_fd_sc_hd__dlymetal6s2s_1)
                                                         net82 (net)
                      0.094636    0.000021    3.493647 ^ hold128/A (sky130_fd_sc_hd__dlygate4sd3_1)
     5    0.018899    0.198043    0.665847    4.159494 ^ hold128/X (sky130_fd_sc_hd__dlygate4sd3_1)
                                                         net299 (net)
                      0.198043    0.000317    4.159811 ^ _256_/C_N (sky130_fd_sc_hd__nor3b_2)
     7    0.025725    0.449782    0.444667    4.604478 ^ _256_/Y (sky130_fd_sc_hd__nor3b_2)
                                                         _046_ (net)
                      0.449784    0.000833    4.605311 ^ wire77/A (sky130_fd_sc_hd__buf_4)
     7    0.056472    0.161723    0.291159    4.896470 ^ wire77/X (sky130_fd_sc_hd__buf_4)
                                                         net77 (net)
                      0.163152    0.012156    4.908626 ^ _262_/A (sky130_fd_sc_hd__or3_1)
     2    0.009706    0.097317    0.176743    5.085368 ^ _262_/X (sky130_fd_sc_hd__or3_1)
                                                         _052_ (net)
                      0.097317    0.000119    5.085488 ^ fanout75/A (sky130_fd_sc_hd__buf_1)
     3    0.017848    0.214703    0.215059    5.300546 ^ fanout75/X (sky130_fd_sc_hd__buf_1)
                                                         net75 (net)
                      0.214703    0.000229    5.300775 ^ fanout72/A (sky130_fd_sc_hd__buf_1)
     4    0.015795    0.190887    0.218625    5.519400 ^ fanout72/X (sky130_fd_sc_hd__buf_1)
                                                         net72 (net)
                      0.190887    0.000035    5.519435 ^ fanout71/A (sky130_fd_sc_hd__clkbuf_2)
     6    0.022524    0.128490    0.210651    5.730086 ^ fanout71/X (sky130_fd_sc_hd__clkbuf_2)
                                                         net71 (net)
                      0.128490    0.000064    5.730151 ^ _278_/B (sky130_fd_sc_hd__and2_1)
     4    0.014136    0.147286    0.214999    5.945150 ^ _278_/X (sky130_fd_sc_hd__and2_1)
                                                         _068_ (net)
                      0.147286    0.000136    5.945286 ^ _287_/C (sky130_fd_sc_hd__and4_2)
     5    0.025166    0.153807    0.331903    6.277189 ^ _287_/X (sky130_fd_sc_hd__and4_2)
                                                         _077_ (net)
                      0.153807    0.000429    6.277618 ^ _372_/B (sky130_fd_sc_hd__xnor2_2)
     3    0.013764    0.083854    0.111136    6.388754 v _372_/Y (sky130_fd_sc_hd__xnor2_2)
                                                         _135_ (net)
                      0.083854    0.000155    6.388908 v _373_/A (sky130_fd_sc_hd__inv_2)
     2    0.011787    0.063037    0.086168    6.475077 ^ _373_/Y (sky130_fd_sc_hd__inv_2)
                                                         u_ibex.u_ibex_core.load_store_unit_i.addr_last_d[16] (net)
                      0.063037    0.000154    6.475231 ^ _699_/A (sky130_fd_sc_hd__buf_8)
     3    0.128954    0.198342    0.185368    6.660599 ^ _699_/X (sky130_fd_sc_hd__buf_8)
                                                         net38 (net)
                      0.250845    0.076255    6.736854 ^ output38/A (sky130_fd_sc_hd__buf_2)
     1    0.034420    0.171408    0.262040    6.998894 ^ output38/X (sky130_fd_sc_hd__buf_2)
                                                         tl_o[77] (net)
                      0.171408    0.000397    6.999291 ^ tl_o[77] (out)
                                              6.999291   data arrival time

                                 25.000000   25.000000   clock clk_i (rise edge)
                                  0.000000   25.000000   clock network delay (propagated)
                                 -0.250000   24.750000   clock uncertainty
                                  0.000000   24.750000   clock reconvergence pessimism
                                 -5.000000   19.750000   output external delay
                                             19.750000   data required time
---------------------------------------------------------------------------------------------
                                             19.750000   data required time
                                             -6.999291   data arrival time
---------------------------------------------------------------------------------------------
                                             12.750709   slack (MET)


Startpoint: _578_ (rising edge-triggered flip-flop clocked by clk_i)
Endpoint: tl_o[72] (output port clocked by clk_i)
Path Group: clk_i
Path Type: max

Fanout         Cap        Slew       Delay        Time   Description
---------------------------------------------------------------------------------------------
                                  0.000000    0.000000   clock clk_i (rise edge)
                                  0.000000    0.000000   clock source latency
     2    0.071891    0.327468    0.237902    0.237902 ^ clk_i (in)
                                                         clk_i (net)
                      0.329570    0.000000    0.237902 ^ clkbuf_0_clk_i/A (sky130_fd_sc_hd__clkbuf_16)
     2    0.018366    0.045915    0.208680    0.446582 ^ clkbuf_0_clk_i/X (sky130_fd_sc_hd__clkbuf_16)
                                                         clknet_0_clk_i (net)
                      0.045915    0.000137    0.446719 ^ clkbuf_1_0__f_clk_i/A (sky130_fd_sc_hd__clkbuf_16)
     3    0.007966    0.031577    0.114250    0.560970 ^ clkbuf_1_0__f_clk_i/X (sky130_fd_sc_hd__clkbuf_16)
                                                         clknet_1_0__leaf_clk_i (net)
                      0.031577    0.000082    0.561052 ^ _498_/A (sky130_fd_sc_hd__and2_2)
     3    0.049082    0.253215    0.282417    0.843469 ^ _498_/X (sky130_fd_sc_hd__and2_2)
                                                         u_ibex.clk (net)
                      0.253722    0.009246    0.852715 ^ clkbuf_0_u_ibex.clk/A (sky130_fd_sc_hd__clkbuf_16)
     9    0.077738    0.096888    0.236566    1.089280 ^ clkbuf_0_u_ibex.clk/X (sky130_fd_sc_hd__clkbuf_16)
                                                         clknet_0_u_ibex.clk (net)
                      0.097361    0.005383    1.094663 ^ clkbuf_2_2__f_u_ibex.clk/A (sky130_fd_sc_hd__clkbuf_16)
    31    0.099917    0.117593    0.198356    1.293019 ^ clkbuf_2_2__f_u_ibex.clk/X (sky130_fd_sc_hd__clkbuf_16)
                                                         clknet_2_2__leaf_u_ibex.clk (net)
                      0.118610    0.008838    1.301857 ^ _578_/CLK (sky130_fd_sc_hd__dfrtp_1)
     1    0.005140    0.049639    0.393638    1.695495 v _578_/Q (sky130_fd_sc_hd__dfrtp_1)
                                                         u_ibex.u_ibex_core.load_store_unit_i.ls_fsm_cs[1] (net)
                      0.049639    0.000095    1.695590 v hold126/A (sky130_fd_sc_hd__dlygate4sd3_1)
     1    0.003139    0.055173    0.553077    2.248666 v hold126/X (sky130_fd_sc_hd__dlygate4sd3_1)
                                                         net297 (net)
                      0.055173    0.000039    2.248705 v hold117/A (sky130_fd_sc_hd__dlygate4sd3_1)
     1    0.001892    0.048418    0.544023    2.792727 v hold117/X (sky130_fd_sc_hd__dlygate4sd3_1)
                                                         net288 (net)
                      0.048418    0.000017    2.792744 v hold127/A (sky130_fd_sc_hd__dlygate4sd3_1)
     3    0.010721    0.089486    0.599160    3.391904 v hold127/X (sky130_fd_sc_hd__dlygate4sd3_1)
                                                         net298 (net)
                      0.089486    0.000039    3.391943 v fanout82/A (sky130_fd_sc_hd__dlymetal6s2s_1)
     2    0.006532    0.052787    0.169410    3.561353 v fanout82/X (sky130_fd_sc_hd__dlymetal6s2s_1)
                                                         net82 (net)
                      0.052787    0.000019    3.561372 v hold128/A (sky130_fd_sc_hd__dlygate4sd3_1)
     5    0.018147    0.123594    0.635266    4.196638 v hold128/X (sky130_fd_sc_hd__dlygate4sd3_1)
                                                         net299 (net)
                      0.123594    0.000304    4.196942 v _256_/C_N (sky130_fd_sc_hd__nor3b_2)
     7    0.024894    0.095989    0.235767    4.432709 v _256_/Y (sky130_fd_sc_hd__nor3b_2)
                                                         _046_ (net)
                      0.096038    0.000806    4.433516 v wire77/A (sky130_fd_sc_hd__buf_4)
     7    0.055577    0.080549    0.208761    4.642276 v wire77/X (sky130_fd_sc_hd__buf_4)
                                                         net77 (net)
                      0.083431    0.011737    4.654013 v _262_/A (sky130_fd_sc_hd__or3_1)
     2    0.009300    0.100765    0.425048    5.079062 v _262_/X (sky130_fd_sc_hd__or3_1)
                                                         _052_ (net)
                      0.100765    0.000114    5.079175 v fanout75/A (sky130_fd_sc_hd__buf_1)
     3    0.017289    0.104542    0.175635    5.254810 v fanout75/X (sky130_fd_sc_hd__buf_1)
                                                         net75 (net)
                      0.104542    0.000220    5.255030 v fanout72/A (sky130_fd_sc_hd__buf_1)
     4    0.015109    0.092544    0.168164    5.423194 v fanout72/X (sky130_fd_sc_hd__buf_1)
                                                         net72 (net)
                      0.092544    0.000033    5.423227 v fanout71/A (sky130_fd_sc_hd__clkbuf_2)
     6    0.021248    0.086270    0.173894    5.597121 v fanout71/X (sky130_fd_sc_hd__clkbuf_2)
                                                         net71 (net)
                      0.086270    0.000060    5.597181 v _278_/B (sky130_fd_sc_hd__and2_1)
     4    0.013492    0.078948    0.214397    5.811579 v _278_/X (sky130_fd_sc_hd__and2_1)
                                                         _068_ (net)
                      0.078948    0.000123    5.811702 v _286_/B (sky130_fd_sc_hd__and3_2)
     5    0.018552    0.072704    0.250667    6.062369 v _286_/X (sky130_fd_sc_hd__and3_2)
                                                         _076_ (net)
                      0.072704    0.000316    6.062685 v _346_/A (sky130_fd_sc_hd__nor2_2)
     3    0.024923    0.282133    0.268806    6.331491 ^ _346_/Y (sky130_fd_sc_hd__nor2_2)
                                                         u_ibex.u_ibex_core.load_store_unit_i.addr_last_d[11] (net)
                      0.282135    0.000525    6.332016 ^ _694_/A (sky130_fd_sc_hd__buf_8)
     3    0.133972    0.217219    0.244577    6.576593 ^ _694_/X (sky130_fd_sc_hd__buf_8)
                                                         net33 (net)
                      0.248030    0.062306    6.638899 ^ output33/A (sky130_fd_sc_hd__buf_2)
     1    0.034834    0.173327    0.262599    6.901498 ^ output33/X (sky130_fd_sc_hd__buf_2)
                                                         tl_o[72] (net)
                      0.173327    0.000471    6.901969 ^ tl_o[72] (out)
                                              6.901969   data arrival time

                                 25.000000   25.000000   clock clk_i (rise edge)
                                  0.000000   25.000000   clock network delay (propagated)
                                 -0.250000   24.750000   clock uncertainty
                                  0.000000   24.750000   clock reconvergence pessimism
                                 -5.000000   19.750000   output external delay
                                             19.750000   data required time
---------------------------------------------------------------------------------------------
                                             19.750000   data required time
                                             -6.901969   data arrival time
---------------------------------------------------------------------------------------------
                                             12.848030   slack (MET)


Startpoint: _578_ (rising edge-triggered flip-flop clocked by clk_i)
Endpoint: tl_o[71] (output port clocked by clk_i)
Path Group: clk_i
Path Type: max

Fanout         Cap        Slew       Delay        Time   Description
---------------------------------------------------------------------------------------------
                                  0.000000    0.000000   clock clk_i (rise edge)
                                  0.000000    0.000000   clock source latency
     2    0.071891    0.327468    0.237902    0.237902 ^ clk_i (in)
                                                         clk_i (net)
                      0.329570    0.000000    0.237902 ^ clkbuf_0_clk_i/A (sky130_fd_sc_hd__clkbuf_16)
     2    0.018366    0.045915    0.208680    0.446582 ^ clkbuf_0_clk_i/X (sky130_fd_sc_hd__clkbuf_16)
                                                         clknet_0_clk_i (net)
                      0.045915    0.000137    0.446719 ^ clkbuf_1_0__f_clk_i/A (sky130_fd_sc_hd__clkbuf_16)
     3    0.007966    0.031577    0.114250    0.560970 ^ clkbuf_1_0__f_clk_i/X (sky130_fd_sc_hd__clkbuf_16)
                                                         clknet_1_0__leaf_clk_i (net)
                      0.031577    0.000082    0.561052 ^ _498_/A (sky130_fd_sc_hd__and2_2)
     3    0.049082    0.253215    0.282417    0.843469 ^ _498_/X (sky130_fd_sc_hd__and2_2)
                                                         u_ibex.clk (net)
                      0.253722    0.009246    0.852715 ^ clkbuf_0_u_ibex.clk/A (sky130_fd_sc_hd__clkbuf_16)
     9    0.077738    0.096888    0.236566    1.089280 ^ clkbuf_0_u_ibex.clk/X (sky130_fd_sc_hd__clkbuf_16)
                                                         clknet_0_u_ibex.clk (net)
                      0.097361    0.005383    1.094663 ^ clkbuf_2_2__f_u_ibex.clk/A (sky130_fd_sc_hd__clkbuf_16)
    31    0.099917    0.117593    0.198356    1.293019 ^ clkbuf_2_2__f_u_ibex.clk/X (sky130_fd_sc_hd__clkbuf_16)
                                                         clknet_2_2__leaf_u_ibex.clk (net)
                      0.118610    0.008838    1.301857 ^ _578_/CLK (sky130_fd_sc_hd__dfrtp_1)
     1    0.005305    0.064078    0.359407    1.661264 ^ _578_/Q (sky130_fd_sc_hd__dfrtp_1)
                                                         u_ibex.u_ibex_core.load_store_unit_i.ls_fsm_cs[1] (net)
                      0.064078    0.000099    1.661362 ^ hold126/A (sky130_fd_sc_hd__dlygate4sd3_1)
     1    0.003304    0.057371    0.545426    2.206789 ^ hold126/X (sky130_fd_sc_hd__dlygate4sd3_1)
                                                         net297 (net)
                      0.057371    0.000041    2.206830 ^ hold117/A (sky130_fd_sc_hd__dlygate4sd3_1)
     1    0.002057    0.047081    0.531711    2.738541 ^ hold117/X (sky130_fd_sc_hd__dlygate4sd3_1)
                                                         net288 (net)
                      0.047081    0.000018    2.738559 ^ hold127/A (sky130_fd_sc_hd__dlygate4sd3_1)
     3    0.011756    0.131955    0.603039    3.341597 ^ hold127/X (sky130_fd_sc_hd__dlygate4sd3_1)
                                                         net298 (net)
                      0.131955    0.000042    3.341639 ^ fanout82/A (sky130_fd_sc_hd__dlymetal6s2s_1)
     2    0.006992    0.094636    0.151987    3.493626 ^ fanout82/X (sky130_fd_sc_hd__dlymetal6s2s_1)
                                                         net82 (net)
                      0.094636    0.000021    3.493647 ^ hold128/A (sky130_fd_sc_hd__dlygate4sd3_1)
     5    0.018899    0.198043    0.665847    4.159494 ^ hold128/X (sky130_fd_sc_hd__dlygate4sd3_1)
                                                         net299 (net)
                      0.198043    0.000317    4.159811 ^ _256_/C_N (sky130_fd_sc_hd__nor3b_2)
     7    0.025725    0.449782    0.444667    4.604478 ^ _256_/Y (sky130_fd_sc_hd__nor3b_2)
                                                         _046_ (net)
                      0.449784    0.000833    4.605311 ^ wire77/A (sky130_fd_sc_hd__buf_4)
     7    0.056472    0.161723    0.291159    4.896470 ^ wire77/X (sky130_fd_sc_hd__buf_4)
                                                         net77 (net)
                      0.163152    0.012156    4.908626 ^ _262_/A (sky130_fd_sc_hd__or3_1)
     2    0.009706    0.097317    0.176743    5.085368 ^ _262_/X (sky130_fd_sc_hd__or3_1)
                                                         _052_ (net)
                      0.097317    0.000119    5.085488 ^ fanout75/A (sky130_fd_sc_hd__buf_1)
     3    0.017848    0.214703    0.215059    5.300546 ^ fanout75/X (sky130_fd_sc_hd__buf_1)
                                                         net75 (net)
                      0.214703    0.000229    5.300775 ^ fanout72/A (sky130_fd_sc_hd__buf_1)
     4    0.015795    0.190887    0.218625    5.519400 ^ fanout72/X (sky130_fd_sc_hd__buf_1)
                                                         net72 (net)
                      0.190887    0.000035    5.519435 ^ fanout71/A (sky130_fd_sc_hd__clkbuf_2)
     6    0.022524    0.128490    0.210651    5.730086 ^ fanout71/X (sky130_fd_sc_hd__clkbuf_2)
                                                         net71 (net)
                      0.128490    0.000056    5.730143 ^ _342_/A2 (sky130_fd_sc_hd__a21o_1)
     2    0.008389    0.082209    0.162155    5.892297 ^ _342_/X (sky130_fd_sc_hd__a21o_1)
                                                         _114_ (net)
                      0.082209    0.000052    5.892350 ^ _343_/B (sky130_fd_sc_hd__and2b_1)
     3    0.019012    0.177735    0.225199    6.117549 ^ _343_/X (sky130_fd_sc_hd__and2b_1)
                                                         u_ibex.u_ibex_core.load_store_unit_i.addr_last_d[10] (net)
                      0.177735    0.000391    6.117940 ^ _693_/A (sky130_fd_sc_hd__buf_8)
     3    0.121645    0.198654    0.220568    6.338508 ^ _693_/X (sky130_fd_sc_hd__buf_8)
                                                         net32 (net)
                      0.225600    0.055873    6.394381 ^ output32/A (sky130_fd_sc_hd__buf_2)
     1    0.034428    0.171415    0.255239    6.649620 ^ output32/X (sky130_fd_sc_hd__buf_2)
                                                         tl_o[71] (net)
                      0.171415    0.000397    6.650018 ^ tl_o[71] (out)
                                              6.650018   data arrival time

                                 25.000000   25.000000   clock clk_i (rise edge)
                                  0.000000   25.000000   clock network delay (propagated)
                                 -0.250000   24.750000   clock uncertainty
                                  0.000000   24.750000   clock reconvergence pessimism
                                 -5.000000   19.750000   output external delay
                                             19.750000   data required time
---------------------------------------------------------------------------------------------
                                             19.750000   data required time
                                             -6.650018   data arrival time
---------------------------------------------------------------------------------------------
                                             13.099982   slack (MET)


Startpoint: _578_ (rising edge-triggered flip-flop clocked by clk_i)
Endpoint: tl_o[66] (output port clocked by clk_i)
Path Group: clk_i
Path Type: max

Fanout         Cap        Slew       Delay        Time   Description
---------------------------------------------------------------------------------------------
                                  0.000000    0.000000   clock clk_i (rise edge)
                                  0.000000    0.000000   clock source latency
     2    0.071891    0.327468    0.237902    0.237902 ^ clk_i (in)
                                                         clk_i (net)
                      0.329570    0.000000    0.237902 ^ clkbuf_0_clk_i/A (sky130_fd_sc_hd__clkbuf_16)
     2    0.018366    0.045915    0.208680    0.446582 ^ clkbuf_0_clk_i/X (sky130_fd_sc_hd__clkbuf_16)
                                                         clknet_0_clk_i (net)
                      0.045915    0.000137    0.446719 ^ clkbuf_1_0__f_clk_i/A (sky130_fd_sc_hd__clkbuf_16)
     3    0.007966    0.031577    0.114250    0.560970 ^ clkbuf_1_0__f_clk_i/X (sky130_fd_sc_hd__clkbuf_16)
                                                         clknet_1_0__leaf_clk_i (net)
                      0.031577    0.000082    0.561052 ^ _498_/A (sky130_fd_sc_hd__and2_2)
     3    0.049082    0.253215    0.282417    0.843469 ^ _498_/X (sky130_fd_sc_hd__and2_2)
                                                         u_ibex.clk (net)
                      0.253722    0.009246    0.852715 ^ clkbuf_0_u_ibex.clk/A (sky130_fd_sc_hd__clkbuf_16)
     9    0.077738    0.096888    0.236566    1.089280 ^ clkbuf_0_u_ibex.clk/X (sky130_fd_sc_hd__clkbuf_16)
                                                         clknet_0_u_ibex.clk (net)
                      0.097361    0.005383    1.094663 ^ clkbuf_2_2__f_u_ibex.clk/A (sky130_fd_sc_hd__clkbuf_16)
    31    0.099917    0.117593    0.198356    1.293019 ^ clkbuf_2_2__f_u_ibex.clk/X (sky130_fd_sc_hd__clkbuf_16)
                                                         clknet_2_2__leaf_u_ibex.clk (net)
                      0.118610    0.008838    1.301857 ^ _578_/CLK (sky130_fd_sc_hd__dfrtp_1)
     1    0.005305    0.064078    0.359407    1.661264 ^ _578_/Q (sky130_fd_sc_hd__dfrtp_1)
                                                         u_ibex.u_ibex_core.load_store_unit_i.ls_fsm_cs[1] (net)
                      0.064078    0.000099    1.661362 ^ hold126/A (sky130_fd_sc_hd__dlygate4sd3_1)
     1    0.003304    0.057371    0.545426    2.206789 ^ hold126/X (sky130_fd_sc_hd__dlygate4sd3_1)
                                                         net297 (net)
                      0.057371    0.000041    2.206830 ^ hold117/A (sky130_fd_sc_hd__dlygate4sd3_1)
     1    0.002057    0.047081    0.531711    2.738541 ^ hold117/X (sky130_fd_sc_hd__dlygate4sd3_1)
                                                         net288 (net)
                      0.047081    0.000018    2.738559 ^ hold127/A (sky130_fd_sc_hd__dlygate4sd3_1)
     3    0.011756    0.131955    0.603039    3.341597 ^ hold127/X (sky130_fd_sc_hd__dlygate4sd3_1)
                                                         net298 (net)
                      0.131955    0.000042    3.341639 ^ fanout82/A (sky130_fd_sc_hd__dlymetal6s2s_1)
     2    0.006992    0.094636    0.151987    3.493626 ^ fanout82/X (sky130_fd_sc_hd__dlymetal6s2s_1)
                                                         net82 (net)
                      0.094636    0.000021    3.493647 ^ hold128/A (sky130_fd_sc_hd__dlygate4sd3_1)
     5    0.018899    0.198043    0.665847    4.159494 ^ hold128/X (sky130_fd_sc_hd__dlygate4sd3_1)
                                                         net299 (net)
                      0.198043    0.000317    4.159811 ^ _256_/C_N (sky130_fd_sc_hd__nor3b_2)
     7    0.025725    0.449782    0.444667    4.604478 ^ _256_/Y (sky130_fd_sc_hd__nor3b_2)
                                                         _046_ (net)
                      0.449784    0.000833    4.605311 ^ wire77/A (sky130_fd_sc_hd__buf_4)
     7    0.056472    0.161723    0.291159    4.896470 ^ wire77/X (sky130_fd_sc_hd__buf_4)
                                                         net77 (net)
                      0.163152    0.012156    4.908626 ^ _262_/A (sky130_fd_sc_hd__or3_1)
     2    0.009706    0.097317    0.176743    5.085368 ^ _262_/X (sky130_fd_sc_hd__or3_1)
                                                         _052_ (net)
                      0.097317    0.000143    5.085511 ^ fanout70/A (sky130_fd_sc_hd__clkbuf_2)
     5    0.027785    0.155288    0.202239    5.287750 ^ fanout70/X (sky130_fd_sc_hd__clkbuf_2)
                                                         net70 (net)
                      0.155288    0.000365    5.288116 ^ fanout67/A (sky130_fd_sc_hd__dlymetal6s2s_1)
     6    0.022477    0.238205    0.258358    5.546474 ^ fanout67/X (sky130_fd_sc_hd__dlymetal6s2s_1)
                                                         net67 (net)
                      0.238205    0.000131    5.546605 ^ _314_/B1_N (sky130_fd_sc_hd__a21bo_1)
     2    0.007674    0.055852    0.258382    5.804987 v _314_/X (sky130_fd_sc_hd__a21bo_1)
                                                         _097_ (net)
                      0.055852    0.000090    5.805077 v _315_/B (sky130_fd_sc_hd__nor2_1)
     4    0.017980    0.327070    0.271740    6.076817 ^ _315_/Y (sky130_fd_sc_hd__nor2_1)
                                                         u_ibex.u_ibex_core.load_store_unit_i.addr_last_d[5] (net)
                      0.327070    0.000249    6.077066 ^ _688_/A (sky130_fd_sc_hd__clkbuf_1)
     1    0.002427    0.043610    0.124292    6.201358 ^ _688_/X (sky130_fd_sc_hd__clkbuf_1)
                                                         net27 (net)
                      0.043610    0.000025    6.201383 ^ output27/A (sky130_fd_sc_hd__buf_2)
     1    0.034256    0.170062    0.197619    6.399002 ^ output27/X (sky130_fd_sc_hd__buf_2)
                                                         tl_o[66] (net)
                      0.170062    0.000345    6.399346 ^ tl_o[66] (out)
                                              6.399346   data arrival time

                                 25.000000   25.000000   clock clk_i (rise edge)
                                  0.000000   25.000000   clock network delay (propagated)
                                 -0.250000   24.750000   clock uncertainty
                                  0.000000   24.750000   clock reconvergence pessimism
                                 -5.000000   19.750000   output external delay
                                             19.750000   data required time
---------------------------------------------------------------------------------------------
                                             19.750000   data required time
                                             -6.399346   data arrival time
---------------------------------------------------------------------------------------------
                                             13.350654   slack (MET)


Startpoint: _574_ (rising edge-triggered flip-flop clocked by clk_i)
Endpoint: _559_ (rising edge-triggered flip-flop clocked by clk_i)
Path Group: clk_i
Path Type: max

Fanout         Cap        Slew       Delay        Time   Description
---------------------------------------------------------------------------------------------
                                  0.000000    0.000000   clock clk_i (rise edge)
                                  0.000000    0.000000   clock source latency
     2    0.071891    0.327468    0.237902    0.237902 ^ clk_i (in)
                                                         clk_i (net)
                      0.329570    0.000000    0.237902 ^ clkbuf_0_clk_i/A (sky130_fd_sc_hd__clkbuf_16)
     2    0.018366    0.045915    0.208680    0.446582 ^ clkbuf_0_clk_i/X (sky130_fd_sc_hd__clkbuf_16)
                                                         clknet_0_clk_i (net)
                      0.045915    0.000137    0.446719 ^ clkbuf_1_0__f_clk_i/A (sky130_fd_sc_hd__clkbuf_16)
     3    0.007966    0.031577    0.114250    0.560970 ^ clkbuf_1_0__f_clk_i/X (sky130_fd_sc_hd__clkbuf_16)
                                                         clknet_1_0__leaf_clk_i (net)
                      0.031577    0.000082    0.561052 ^ _498_/A (sky130_fd_sc_hd__and2_2)
     3    0.049082    0.253215    0.282417    0.843469 ^ _498_/X (sky130_fd_sc_hd__and2_2)
                                                         u_ibex.clk (net)
                      0.253722    0.009246    0.852715 ^ clkbuf_0_u_ibex.clk/A (sky130_fd_sc_hd__clkbuf_16)
     9    0.077738    0.096888    0.236566    1.089280 ^ clkbuf_0_u_ibex.clk/X (sky130_fd_sc_hd__clkbuf_16)
                                                         clknet_0_u_ibex.clk (net)
                      0.097344    0.005283    1.094563 ^ clkbuf_2_3__f_u_ibex.clk/A (sky130_fd_sc_hd__clkbuf_16)
    23    0.077329    0.094713    0.186021    1.280585 ^ clkbuf_2_3__f_u_ibex.clk/X (sky130_fd_sc_hd__clkbuf_16)
                                                         clknet_2_3__leaf_u_ibex.clk (net)
                      0.095409    0.006434    1.287019 ^ _574_/CLK (sky130_fd_sc_hd__dfrtp_1)
     1    0.003433    0.041953    0.375677    1.662696 v _574_/Q (sky130_fd_sc_hd__dfrtp_1)
                                                         u_ibex.u_ibex_core.id_stage_i.controller_i.ctrl_fsm_cs[3] (net)
                      0.041953    0.000053    1.662749 v hold327/A (sky130_fd_sc_hd__dlygate4sd3_1)
     1    0.002536    0.051474    0.544603    2.207352 v hold327/X (sky130_fd_sc_hd__dlygate4sd3_1)
                                                         net498 (net)
                      0.051474    0.000028    2.207379 v hold113/A (sky130_fd_sc_hd__dlygate4sd3_1)
     1    0.002516    0.051276    0.548127    2.755506 v hold113/X (sky130_fd_sc_hd__dlygate4sd3_1)
                                                         net284 (net)
                      0.051276    0.000028    2.755535 v hold328/A (sky130_fd_sc_hd__dlygate4sd3_1)
     2    0.009041    0.082441    0.592417    3.347951 v hold328/X (sky130_fd_sc_hd__dlygate4sd3_1)
                                                         net499 (net)
                      0.082441    0.000063    3.348014 v fanout83/A (sky130_fd_sc_hd__buf_1)
     1    0.005037    0.038431    0.114659    3.462673 v fanout83/X (sky130_fd_sc_hd__buf_1)
                                                         net83 (net)
                      0.038431    0.000101    3.462774 v hold114/A (sky130_fd_sc_hd__dlygate4sd3_1)
     6    0.018881    0.127045    0.633266    4.096040 v hold114/X (sky130_fd_sc_hd__dlygate4sd3_1)
                                                         net285 (net)
                      0.127045    0.000205    4.096245 v _411_/A_N (sky130_fd_sc_hd__and2b_1)
     4    0.017131    0.161925    0.309317    4.405562 ^ _411_/X (sky130_fd_sc_hd__and2b_1)
                                                         _165_ (net)
                      0.161925    0.000506    4.406068 ^ _412_/B (sky130_fd_sc_hd__nand2_1)
     1    0.002893    0.059130    0.073611    4.479679 v _412_/Y (sky130_fd_sc_hd__nand2_1)
                                                         _166_ (net)
                      0.059130    0.000037    4.479716 v hold231/A (sky130_fd_sc_hd__dlygate4sd3_1)
     1    0.002630    0.051933    0.552534    5.032250 v hold231/X (sky130_fd_sc_hd__dlygate4sd3_1)
                                                         net402 (net)
                      0.051933    0.000029    5.032279 v hold52/A (sky130_fd_sc_hd__dlygate4sd3_1)
     2    0.005563    0.066375    0.570426    5.602705 v hold52/X (sky130_fd_sc_hd__dlygate4sd3_1)
                                                         net223 (net)
                      0.066375    0.000066    5.602771 v _413_/B (sky130_fd_sc_hd__nor2_1)
     2    0.010280    0.199221    0.181549    5.784320 ^ _413_/Y (sky130_fd_sc_hd__nor2_1)
                                                         _167_ (net)
                      0.199221    0.000128    5.784448 ^ _435_/B1 (sky130_fd_sc_hd__o21ai_1)
     1    0.002122    0.060959    0.088829    5.873278 v _435_/Y (sky130_fd_sc_hd__o21ai_1)
                                                         _186_ (net)
                      0.060959    0.000013    5.873291 v hold136/A (sky130_fd_sc_hd__dlygate4sd3_1)
     1    0.004579    0.061866    0.568011    6.441302 v hold136/X (sky130_fd_sc_hd__dlygate4sd3_1)
                                                         net307 (net)
                      0.061866    0.000039    6.441341 v _436_/B (sky130_fd_sc_hd__nand2b_2)
     1    0.002882    0.040595    0.064430    6.505771 ^ _436_/Y (sky130_fd_sc_hd__nand2b_2)
                                                         _187_ (net)
                      0.040595    0.000037    6.505808 ^ hold137/A (sky130_fd_sc_hd__dlygate4sd3_1)
     5    0.023703    0.241455    0.682654    7.188463 ^ hold137/X (sky130_fd_sc_hd__dlygate4sd3_1)
                                                         net308 (net)
                      0.241455    0.000402    7.188865 ^ _437_/A (sky130_fd_sc_hd__inv_2)
     1    0.001824    0.037816    0.036468    7.225333 v _437_/Y (sky130_fd_sc_hd__inv_2)
                                                         _188_ (net)
                      0.037816    0.000008    7.225341 v hold138/A (sky130_fd_sc_hd__dlygate4sd3_1)
     5    0.016000    0.113433    0.619614    7.844955 v hold138/X (sky130_fd_sc_hd__dlygate4sd3_1)
                                                         net309 (net)
                      0.113433    0.000059    7.845014 v _438_/B1 (sky130_fd_sc_hd__o211a_1)
     1    0.002998    0.039424    0.151738    7.996752 v _438_/X (sky130_fd_sc_hd__o211a_1)
                                                         _189_ (net)
                      0.039424    0.000039    7.996791 v hold139/A (sky130_fd_sc_hd__dlygate4sd3_1)
     1    0.003224    0.055841    0.549863    8.546655 v hold139/X (sky130_fd_sc_hd__dlygate4sd3_1)
                                                         net310 (net)
                      0.055841    0.000039    8.546694 v _441_/B (sky130_fd_sc_hd__nor4_1)
     1    0.002415    0.207298    0.240349    8.787043 ^ _441_/Y (sky130_fd_sc_hd__nor4_1)
                                                         instr_gnt (net)
                      0.207298    0.000025    8.787067 ^ hold140/A (sky130_fd_sc_hd__dlygate4sd3_1)
     1    0.002437    0.051871    0.572038    9.359106 ^ hold140/X (sky130_fd_sc_hd__dlygate4sd3_1)
                                                         net311 (net)
                      0.051871    0.000011    9.359117 ^ wire56/A (sky130_fd_sc_hd__buf_1)
     1    0.003584    0.052585    0.089294    9.448410 ^ wire56/X (sky130_fd_sc_hd__buf_1)
                                                         net56 (net)
                      0.052585    0.000056    9.448466 ^ hold141/A (sky130_fd_sc_hd__dlygate4sd3_1)
     3    0.013029    0.143728    0.613552   10.062018 ^ hold141/X (sky130_fd_sc_hd__dlygate4sd3_1)
                                                         net312 (net)
                      0.143728    0.000177   10.062195 ^ _445_/A2 (sky130_fd_sc_hd__a21oi_1)
     1    0.002791    0.051760    0.085189   10.147384 v _445_/Y (sky130_fd_sc_hd__a21oi_1)
                                                         _194_ (net)
                      0.051760    0.000036   10.147420 v hold297/A (sky130_fd_sc_hd__dlygate4sd3_1)
     2    0.011933    0.094812    0.605970   10.753390 v hold297/X (sky130_fd_sc_hd__dlygate4sd3_1)
                                                         net468 (net)
                      0.094812    0.000350   10.753740 v _446_/B (sky130_fd_sc_hd__nand2_1)
     1    0.006201    0.078128    0.104716   10.858457 ^ _446_/Y (sky130_fd_sc_hd__nand2_1)
                                                         _195_ (net)
                      0.078128    0.000155   10.858612 ^ _447_/B1 (sky130_fd_sc_hd__o31a_1)
     1    0.004203    0.060305    0.139979   10.998590 ^ _447_/X (sky130_fd_sc_hd__o31a_1)
                                                         u_ibex.u_ibex_core.if_stage_i.gen_prefetch_buffer.prefetch_buffer_i.rdata_outstanding_s[0] (net)
                      0.060305    0.000075   10.998667 ^ hold306/A (sky130_fd_sc_hd__dlygate4sd3_1)
     1    0.002136    0.047633    0.533313   11.531980 ^ hold306/X (sky130_fd_sc_hd__dlygate4sd3_1)
                                                         net477 (net)
                      0.047633    0.000020   11.532000 ^ hold7/A (sky130_fd_sc_hd__dlygate4sd3_1)
     1    0.005012    0.072188    0.553733   12.085732 ^ hold7/X (sky130_fd_sc_hd__dlygate4sd3_1)
                                                         net178 (net)
                      0.072188    0.000104   12.085836 ^ hold307/A (sky130_fd_sc_hd__dlygate4sd3_1)
     1    0.003756    0.060958    0.551359   12.637196 ^ hold307/X (sky130_fd_sc_hd__dlygate4sd3_1)
                                                         net478 (net)
                      0.060958    0.000055   12.637251 ^ _559_/D (sky130_fd_sc_hd__dfrtp_1)
                                             12.637251   data arrival time

                                 25.000000   25.000000   clock clk_i (rise edge)
                                  0.000000   25.000000   clock source latency
     2    0.071891    0.327468    0.237902   25.237902 ^ clk_i (in)
                                                         clk_i (net)
                      0.329570    0.000000   25.237902 ^ clkbuf_0_clk_i/A (sky130_fd_sc_hd__clkbuf_16)
     2    0.018366    0.045915    0.208679   25.446581 ^ clkbuf_0_clk_i/X (sky130_fd_sc_hd__clkbuf_16)
                                                         clknet_0_clk_i (net)
                      0.045915    0.000139   25.446720 ^ clkbuf_1_0__f_clk_i/A (sky130_fd_sc_hd__clkbuf_16)
     3    0.007966    0.031577    0.114250   25.560968 ^ clkbuf_1_0__f_clk_i/X (sky130_fd_sc_hd__clkbuf_16)
                                                         clknet_1_0__leaf_clk_i (net)
                      0.031577    0.000082   25.561050 ^ _498_/A (sky130_fd_sc_hd__and2_2)
     3    0.049082    0.252905    0.282418   25.843468 ^ _498_/X (sky130_fd_sc_hd__and2_2)
                                                         u_ibex.clk (net)
                      0.253412    0.009246   25.852715 ^ clkbuf_0_u_ibex.clk/A (sky130_fd_sc_hd__clkbuf_16)
     9    0.077738    0.096883    0.236470   26.089186 ^ clkbuf_0_u_ibex.clk/X (sky130_fd_sc_hd__clkbuf_16)
                                                         clknet_0_u_ibex.clk (net)
                      0.097357    0.005382   26.094566 ^ clkbuf_2_2__f_u_ibex.clk/A (sky130_fd_sc_hd__clkbuf_16)
    31    0.099917    0.117594    0.198355   26.292923 ^ clkbuf_2_2__f_u_ibex.clk/X (sky130_fd_sc_hd__clkbuf_16)
                                                         clknet_2_2__leaf_u_ibex.clk (net)
                      0.120366    0.014273   26.307196 ^ _559_/CLK (sky130_fd_sc_hd__dfrtp_1)
                                 -0.250000   26.057196   clock uncertainty
                                  0.000095   26.057291   clock reconvergence pessimism
                                 -0.052128   26.005161   library setup time
                                             26.005161   data required time
---------------------------------------------------------------------------------------------
                                             26.005161   data required time
                                            -12.637251   data arrival time
---------------------------------------------------------------------------------------------
                                             13.367910   slack (MET)


Startpoint: _578_ (rising edge-triggered flip-flop clocked by clk_i)
Endpoint: tl_o[68] (output port clocked by clk_i)
Path Group: clk_i
Path Type: max

Fanout         Cap        Slew       Delay        Time   Description
---------------------------------------------------------------------------------------------
                                  0.000000    0.000000   clock clk_i (rise edge)
                                  0.000000    0.000000   clock source latency
     2    0.071891    0.327468    0.237902    0.237902 ^ clk_i (in)
                                                         clk_i (net)
                      0.329570    0.000000    0.237902 ^ clkbuf_0_clk_i/A (sky130_fd_sc_hd__clkbuf_16)
     2    0.018366    0.045915    0.208680    0.446582 ^ clkbuf_0_clk_i/X (sky130_fd_sc_hd__clkbuf_16)
                                                         clknet_0_clk_i (net)
                      0.045915    0.000137    0.446719 ^ clkbuf_1_0__f_clk_i/A (sky130_fd_sc_hd__clkbuf_16)
     3    0.007966    0.031577    0.114250    0.560970 ^ clkbuf_1_0__f_clk_i/X (sky130_fd_sc_hd__clkbuf_16)
                                                         clknet_1_0__leaf_clk_i (net)
                      0.031577    0.000082    0.561052 ^ _498_/A (sky130_fd_sc_hd__and2_2)
     3    0.049082    0.253215    0.282417    0.843469 ^ _498_/X (sky130_fd_sc_hd__and2_2)
                                                         u_ibex.clk (net)
                      0.253722    0.009246    0.852715 ^ clkbuf_0_u_ibex.clk/A (sky130_fd_sc_hd__clkbuf_16)
     9    0.077738    0.096888    0.236566    1.089280 ^ clkbuf_0_u_ibex.clk/X (sky130_fd_sc_hd__clkbuf_16)
                                                         clknet_0_u_ibex.clk (net)
                      0.097361    0.005383    1.094663 ^ clkbuf_2_2__f_u_ibex.clk/A (sky130_fd_sc_hd__clkbuf_16)
    31    0.099917    0.117593    0.198356    1.293019 ^ clkbuf_2_2__f_u_ibex.clk/X (sky130_fd_sc_hd__clkbuf_16)
                                                         clknet_2_2__leaf_u_ibex.clk (net)
                      0.118610    0.008838    1.301857 ^ _578_/CLK (sky130_fd_sc_hd__dfrtp_1)
     1    0.005305    0.064078    0.359407    1.661264 ^ _578_/Q (sky130_fd_sc_hd__dfrtp_1)
                                                         u_ibex.u_ibex_core.load_store_unit_i.ls_fsm_cs[1] (net)
                      0.064078    0.000099    1.661362 ^ hold126/A (sky130_fd_sc_hd__dlygate4sd3_1)
     1    0.003304    0.057371    0.545426    2.206789 ^ hold126/X (sky130_fd_sc_hd__dlygate4sd3_1)
                                                         net297 (net)
                      0.057371    0.000041    2.206830 ^ hold117/A (sky130_fd_sc_hd__dlygate4sd3_1)
     1    0.002057    0.047081    0.531711    2.738541 ^ hold117/X (sky130_fd_sc_hd__dlygate4sd3_1)
                                                         net288 (net)
                      0.047081    0.000018    2.738559 ^ hold127/A (sky130_fd_sc_hd__dlygate4sd3_1)
     3    0.011756    0.131955    0.603039    3.341597 ^ hold127/X (sky130_fd_sc_hd__dlygate4sd3_1)
                                                         net298 (net)
                      0.131955    0.000042    3.341639 ^ fanout82/A (sky130_fd_sc_hd__dlymetal6s2s_1)
     2    0.006992    0.094636    0.151987    3.493626 ^ fanout82/X (sky130_fd_sc_hd__dlymetal6s2s_1)
                                                         net82 (net)
                      0.094636    0.000021    3.493647 ^ hold128/A (sky130_fd_sc_hd__dlygate4sd3_1)
     5    0.018899    0.198043    0.665847    4.159494 ^ hold128/X (sky130_fd_sc_hd__dlygate4sd3_1)
                                                         net299 (net)
                      0.198043    0.000317    4.159811 ^ _256_/C_N (sky130_fd_sc_hd__nor3b_2)
     7    0.025725    0.449782    0.444667    4.604478 ^ _256_/Y (sky130_fd_sc_hd__nor3b_2)
                                                         _046_ (net)
                      0.449784    0.000833    4.605311 ^ wire77/A (sky130_fd_sc_hd__buf_4)
     7    0.056472    0.161723    0.291159    4.896470 ^ wire77/X (sky130_fd_sc_hd__buf_4)
                                                         net77 (net)
                      0.163160    0.012192    4.908662 ^ _281_/A1 (sky130_fd_sc_hd__o311a_2)
     5    0.013607    0.089728    0.242351    5.151013 ^ _281_/X (sky130_fd_sc_hd__o311a_2)
                                                         _071_ (net)
                      0.089728    0.000182    5.151195 ^ hold342/A (sky130_fd_sc_hd__dlygate4sd3_1)
     2    0.009743    0.113434    0.601692    5.752887 ^ hold342/X (sky130_fd_sc_hd__dlygate4sd3_1)
                                                         net513 (net)
                      0.113434    0.000072    5.752959 ^ _317_/B1 (sky130_fd_sc_hd__a21oi_1)
     1    0.006048    0.074845    0.069780    5.822739 v _317_/Y (sky130_fd_sc_hd__a21oi_1)
                                                         _099_ (net)
                      0.074845    0.000102    5.822841 v _318_/B1 (sky130_fd_sc_hd__a21oi_2)
     4    0.019797    0.257336    0.235758    6.058599 ^ _318_/Y (sky130_fd_sc_hd__a21oi_2)
                                                         u_ibex.u_ibex_core.load_store_unit_i.addr_last_d[7] (net)
                      0.257337    0.000416    6.059015 ^ _690_/A (sky130_fd_sc_hd__clkbuf_1)
     1    0.002549    0.043803    0.118848    6.177863 ^ _690_/X (sky130_fd_sc_hd__clkbuf_1)
                                                         net29 (net)
                      0.043803    0.000027    6.177890 ^ output29/A (sky130_fd_sc_hd__buf_2)
     1    0.034702    0.172155    0.199091    6.376981 ^ output29/X (sky130_fd_sc_hd__buf_2)
                                                         tl_o[68] (net)
                      0.172155    0.000464    6.377445 ^ tl_o[68] (out)
                                              6.377445   data arrival time

                                 25.000000   25.000000   clock clk_i (rise edge)
                                  0.000000   25.000000   clock network delay (propagated)
                                 -0.250000   24.750000   clock uncertainty
                                  0.000000   24.750000   clock reconvergence pessimism
                                 -5.000000   19.750000   output external delay
                                             19.750000   data required time
---------------------------------------------------------------------------------------------
                                             19.750000   data required time
                                             -6.377445   data arrival time
---------------------------------------------------------------------------------------------
                                             13.372555   slack (MET)


Startpoint: _574_ (rising edge-triggered flip-flop clocked by clk_i)
Endpoint: _560_ (rising edge-triggered flip-flop clocked by clk_i)
Path Group: clk_i
Path Type: max

Fanout         Cap        Slew       Delay        Time   Description
---------------------------------------------------------------------------------------------
                                  0.000000    0.000000   clock clk_i (rise edge)
                                  0.000000    0.000000   clock source latency
     2    0.071891    0.327468    0.237902    0.237902 ^ clk_i (in)
                                                         clk_i (net)
                      0.329570    0.000000    0.237902 ^ clkbuf_0_clk_i/A (sky130_fd_sc_hd__clkbuf_16)
     2    0.018366    0.045915    0.208680    0.446582 ^ clkbuf_0_clk_i/X (sky130_fd_sc_hd__clkbuf_16)
                                                         clknet_0_clk_i (net)
                      0.045915    0.000137    0.446719 ^ clkbuf_1_0__f_clk_i/A (sky130_fd_sc_hd__clkbuf_16)
     3    0.007966    0.031577    0.114250    0.560970 ^ clkbuf_1_0__f_clk_i/X (sky130_fd_sc_hd__clkbuf_16)
                                                         clknet_1_0__leaf_clk_i (net)
                      0.031577    0.000082    0.561052 ^ _498_/A (sky130_fd_sc_hd__and2_2)
     3    0.049082    0.253215    0.282417    0.843469 ^ _498_/X (sky130_fd_sc_hd__and2_2)
                                                         u_ibex.clk (net)
                      0.253722    0.009246    0.852715 ^ clkbuf_0_u_ibex.clk/A (sky130_fd_sc_hd__clkbuf_16)
     9    0.077738    0.096888    0.236566    1.089280 ^ clkbuf_0_u_ibex.clk/X (sky130_fd_sc_hd__clkbuf_16)
                                                         clknet_0_u_ibex.clk (net)
                      0.097344    0.005283    1.094563 ^ clkbuf_2_3__f_u_ibex.clk/A (sky130_fd_sc_hd__clkbuf_16)
    23    0.077329    0.094713    0.186021    1.280585 ^ clkbuf_2_3__f_u_ibex.clk/X (sky130_fd_sc_hd__clkbuf_16)
                                                         clknet_2_3__leaf_u_ibex.clk (net)
                      0.095409    0.006434    1.287019 ^ _574_/CLK (sky130_fd_sc_hd__dfrtp_1)
     1    0.003433    0.041953    0.375677    1.662696 v _574_/Q (sky130_fd_sc_hd__dfrtp_1)
                                                         u_ibex.u_ibex_core.id_stage_i.controller_i.ctrl_fsm_cs[3] (net)
                      0.041953    0.000053    1.662749 v hold327/A (sky130_fd_sc_hd__dlygate4sd3_1)
     1    0.002536    0.051474    0.544603    2.207352 v hold327/X (sky130_fd_sc_hd__dlygate4sd3_1)
                                                         net498 (net)
                      0.051474    0.000028    2.207379 v hold113/A (sky130_fd_sc_hd__dlygate4sd3_1)
     1    0.002516    0.051276    0.548127    2.755506 v hold113/X (sky130_fd_sc_hd__dlygate4sd3_1)
                                                         net284 (net)
                      0.051276    0.000028    2.755535 v hold328/A (sky130_fd_sc_hd__dlygate4sd3_1)
     2    0.009041    0.082441    0.592417    3.347951 v hold328/X (sky130_fd_sc_hd__dlygate4sd3_1)
                                                         net499 (net)
                      0.082441    0.000063    3.348014 v fanout83/A (sky130_fd_sc_hd__buf_1)
     1    0.005037    0.038431    0.114659    3.462673 v fanout83/X (sky130_fd_sc_hd__buf_1)
                                                         net83 (net)
                      0.038431    0.000101    3.462774 v hold114/A (sky130_fd_sc_hd__dlygate4sd3_1)
     6    0.018881    0.127045    0.633266    4.096040 v hold114/X (sky130_fd_sc_hd__dlygate4sd3_1)
                                                         net285 (net)
                      0.127045    0.000205    4.096245 v _411_/A_N (sky130_fd_sc_hd__and2b_1)
     4    0.017131    0.161925    0.309317    4.405562 ^ _411_/X (sky130_fd_sc_hd__and2b_1)
                                                         _165_ (net)
                      0.161925    0.000506    4.406068 ^ _412_/B (sky130_fd_sc_hd__nand2_1)
     1    0.002893    0.059130    0.073611    4.479679 v _412_/Y (sky130_fd_sc_hd__nand2_1)
                                                         _166_ (net)
                      0.059130    0.000037    4.479716 v hold231/A (sky130_fd_sc_hd__dlygate4sd3_1)
     1    0.002630    0.051933    0.552534    5.032250 v hold231/X (sky130_fd_sc_hd__dlygate4sd3_1)
                                                         net402 (net)
                      0.051933    0.000029    5.032279 v hold52/A (sky130_fd_sc_hd__dlygate4sd3_1)
     2    0.005563    0.066375    0.570426    5.602705 v hold52/X (sky130_fd_sc_hd__dlygate4sd3_1)
                                                         net223 (net)
                      0.066375    0.000066    5.602771 v _413_/B (sky130_fd_sc_hd__nor2_1)
     2    0.010280    0.199221    0.181549    5.784320 ^ _413_/Y (sky130_fd_sc_hd__nor2_1)
                                                         _167_ (net)
                      0.199221    0.000128    5.784448 ^ _435_/B1 (sky130_fd_sc_hd__o21ai_1)
     1    0.002122    0.060959    0.088829    5.873278 v _435_/Y (sky130_fd_sc_hd__o21ai_1)
                                                         _186_ (net)
                      0.060959    0.000013    5.873291 v hold136/A (sky130_fd_sc_hd__dlygate4sd3_1)
     1    0.004579    0.061866    0.568011    6.441302 v hold136/X (sky130_fd_sc_hd__dlygate4sd3_1)
                                                         net307 (net)
                      0.061866    0.000039    6.441341 v _436_/B (sky130_fd_sc_hd__nand2b_2)
     1    0.002882    0.040595    0.064430    6.505771 ^ _436_/Y (sky130_fd_sc_hd__nand2b_2)
                                                         _187_ (net)
                      0.040595    0.000037    6.505808 ^ hold137/A (sky130_fd_sc_hd__dlygate4sd3_1)
     5    0.023703    0.241455    0.682654    7.188463 ^ hold137/X (sky130_fd_sc_hd__dlygate4sd3_1)
                                                         net308 (net)
                      0.241455    0.000402    7.188865 ^ _437_/A (sky130_fd_sc_hd__inv_2)
     1    0.001824    0.037816    0.036468    7.225333 v _437_/Y (sky130_fd_sc_hd__inv_2)
                                                         _188_ (net)
                      0.037816    0.000008    7.225341 v hold138/A (sky130_fd_sc_hd__dlygate4sd3_1)
     5    0.016000    0.113433    0.619614    7.844955 v hold138/X (sky130_fd_sc_hd__dlygate4sd3_1)
                                                         net309 (net)
                      0.113433    0.000059    7.845014 v _438_/B1 (sky130_fd_sc_hd__o211a_1)
     1    0.002998    0.039424    0.151738    7.996752 v _438_/X (sky130_fd_sc_hd__o211a_1)
                                                         _189_ (net)
                      0.039424    0.000039    7.996791 v hold139/A (sky130_fd_sc_hd__dlygate4sd3_1)
     1    0.003224    0.055841    0.549863    8.546655 v hold139/X (sky130_fd_sc_hd__dlygate4sd3_1)
                                                         net310 (net)
                      0.055841    0.000039    8.546694 v _441_/B (sky130_fd_sc_hd__nor4_1)
     1    0.002415    0.207298    0.240349    8.787043 ^ _441_/Y (sky130_fd_sc_hd__nor4_1)
                                                         instr_gnt (net)
                      0.207298    0.000025    8.787067 ^ hold140/A (sky130_fd_sc_hd__dlygate4sd3_1)
     1    0.002437    0.051871    0.572038    9.359106 ^ hold140/X (sky130_fd_sc_hd__dlygate4sd3_1)
                                                         net311 (net)
                      0.051871    0.000011    9.359117 ^ wire56/A (sky130_fd_sc_hd__buf_1)
     1    0.003584    0.052585    0.089294    9.448410 ^ wire56/X (sky130_fd_sc_hd__buf_1)
                                                         net56 (net)
                      0.052585    0.000056    9.448466 ^ hold141/A (sky130_fd_sc_hd__dlygate4sd3_1)
     3    0.013029    0.143728    0.613552   10.062018 ^ hold141/X (sky130_fd_sc_hd__dlygate4sd3_1)
                                                         net312 (net)
                      0.143728    0.000177   10.062195 ^ _445_/A2 (sky130_fd_sc_hd__a21oi_1)
     1    0.002791    0.051760    0.085189   10.147384 v _445_/Y (sky130_fd_sc_hd__a21oi_1)
                                                         _194_ (net)
                      0.051760    0.000036   10.147420 v hold297/A (sky130_fd_sc_hd__dlygate4sd3_1)
     2    0.011933    0.094812    0.605970   10.753390 v hold297/X (sky130_fd_sc_hd__dlygate4sd3_1)
                                                         net468 (net)
                      0.094812    0.000255   10.753645 v _448_/B (sky130_fd_sc_hd__nor2_1)
     1    0.003216    0.087849    0.105641   10.859286 ^ _448_/Y (sky130_fd_sc_hd__nor2_1)
                                                         u_ibex.u_ibex_core.if_stage_i.gen_prefetch_buffer.prefetch_buffer_i.rdata_outstanding_s[1] (net)
                      0.087849    0.000048   10.859334 ^ hold298/A (sky130_fd_sc_hd__dlygate4sd3_1)
     1    0.002756    0.052563    0.547095   11.406429 ^ hold298/X (sky130_fd_sc_hd__dlygate4sd3_1)
                                                         net469 (net)
                      0.052563    0.000029   11.406458 ^ hold2/A (sky130_fd_sc_hd__dlygate4sd3_1)
     1    0.005069    0.072688    0.555791   11.962250 ^ hold2/X (sky130_fd_sc_hd__dlygate4sd3_1)
                                                         net173 (net)
                      0.072688    0.000096   11.962345 ^ hold299/A (sky130_fd_sc_hd__dlygate4sd3_1)
     1    0.003556    0.059413    0.549972   12.512317 ^ hold299/X (sky130_fd_sc_hd__dlygate4sd3_1)
                                                         net470 (net)
                      0.059413    0.000047   12.512364 ^ _560_/D (sky130_fd_sc_hd__dfrtp_1)
                                             12.512364   data arrival time

                                 25.000000   25.000000   clock clk_i (rise edge)
                                  0.000000   25.000000   clock source latency
     2    0.071891    0.327468    0.237902   25.237902 ^ clk_i (in)
                                                         clk_i (net)
                      0.329570    0.000000   25.237902 ^ clkbuf_0_clk_i/A (sky130_fd_sc_hd__clkbuf_16)
     2    0.018366    0.045915    0.208679   25.446581 ^ clkbuf_0_clk_i/X (sky130_fd_sc_hd__clkbuf_16)
                                                         clknet_0_clk_i (net)
                      0.045915    0.000139   25.446720 ^ clkbuf_1_0__f_clk_i/A (sky130_fd_sc_hd__clkbuf_16)
     3    0.007966    0.031577    0.114250   25.560968 ^ clkbuf_1_0__f_clk_i/X (sky130_fd_sc_hd__clkbuf_16)
                                                         clknet_1_0__leaf_clk_i (net)
                      0.031577    0.000082   25.561050 ^ _498_/A (sky130_fd_sc_hd__and2_2)
     3    0.049082    0.252905    0.282418   25.843468 ^ _498_/X (sky130_fd_sc_hd__and2_2)
                                                         u_ibex.clk (net)
                      0.253412    0.009246   25.852715 ^ clkbuf_0_u_ibex.clk/A (sky130_fd_sc_hd__clkbuf_16)
     9    0.077738    0.096883    0.236470   26.089186 ^ clkbuf_0_u_ibex.clk/X (sky130_fd_sc_hd__clkbuf_16)
                                                         clknet_0_u_ibex.clk (net)
                      0.097357    0.005382   26.094566 ^ clkbuf_2_2__f_u_ibex.clk/A (sky130_fd_sc_hd__clkbuf_16)
    31    0.099917    0.117594    0.198355   26.292923 ^ clkbuf_2_2__f_u_ibex.clk/X (sky130_fd_sc_hd__clkbuf_16)
                                                         clknet_2_2__leaf_u_ibex.clk (net)
                      0.120332    0.014190   26.307112 ^ _560_/CLK (sky130_fd_sc_hd__dfrtp_1)
                                 -0.250000   26.057114   clock uncertainty
                                  0.000095   26.057207   clock reconvergence pessimism
                                 -0.051783   26.005424   library setup time
                                             26.005424   data required time
---------------------------------------------------------------------------------------------
                                             26.005424   data required time
                                            -12.512364   data arrival time
---------------------------------------------------------------------------------------------
                                             13.493060   slack (MET)


Startpoint: _578_ (rising edge-triggered flip-flop clocked by clk_i)
Endpoint: tl_o[70] (output port clocked by clk_i)
Path Group: clk_i
Path Type: max

Fanout         Cap        Slew       Delay        Time   Description
---------------------------------------------------------------------------------------------
                                  0.000000    0.000000   clock clk_i (rise edge)
                                  0.000000    0.000000   clock source latency
     2    0.071891    0.327468    0.237902    0.237902 ^ clk_i (in)
                                                         clk_i (net)
                      0.329570    0.000000    0.237902 ^ clkbuf_0_clk_i/A (sky130_fd_sc_hd__clkbuf_16)
     2    0.018366    0.045915    0.208680    0.446582 ^ clkbuf_0_clk_i/X (sky130_fd_sc_hd__clkbuf_16)
                                                         clknet_0_clk_i (net)
                      0.045915    0.000137    0.446719 ^ clkbuf_1_0__f_clk_i/A (sky130_fd_sc_hd__clkbuf_16)
     3    0.007966    0.031577    0.114250    0.560970 ^ clkbuf_1_0__f_clk_i/X (sky130_fd_sc_hd__clkbuf_16)
                                                         clknet_1_0__leaf_clk_i (net)
                      0.031577    0.000082    0.561052 ^ _498_/A (sky130_fd_sc_hd__and2_2)
     3    0.049082    0.253215    0.282417    0.843469 ^ _498_/X (sky130_fd_sc_hd__and2_2)
                                                         u_ibex.clk (net)
                      0.253722    0.009246    0.852715 ^ clkbuf_0_u_ibex.clk/A (sky130_fd_sc_hd__clkbuf_16)
     9    0.077738    0.096888    0.236566    1.089280 ^ clkbuf_0_u_ibex.clk/X (sky130_fd_sc_hd__clkbuf_16)
                                                         clknet_0_u_ibex.clk (net)
                      0.097361    0.005383    1.094663 ^ clkbuf_2_2__f_u_ibex.clk/A (sky130_fd_sc_hd__clkbuf_16)
    31    0.099917    0.117593    0.198356    1.293019 ^ clkbuf_2_2__f_u_ibex.clk/X (sky130_fd_sc_hd__clkbuf_16)
                                                         clknet_2_2__leaf_u_ibex.clk (net)
                      0.118610    0.008838    1.301857 ^ _578_/CLK (sky130_fd_sc_hd__dfrtp_1)
     1    0.005305    0.064078    0.359407    1.661264 ^ _578_/Q (sky130_fd_sc_hd__dfrtp_1)
                                                         u_ibex.u_ibex_core.load_store_unit_i.ls_fsm_cs[1] (net)
                      0.064078    0.000099    1.661362 ^ hold126/A (sky130_fd_sc_hd__dlygate4sd3_1)
     1    0.003304    0.057371    0.545426    2.206789 ^ hold126/X (sky130_fd_sc_hd__dlygate4sd3_1)
                                                         net297 (net)
                      0.057371    0.000041    2.206830 ^ hold117/A (sky130_fd_sc_hd__dlygate4sd3_1)
     1    0.002057    0.047081    0.531711    2.738541 ^ hold117/X (sky130_fd_sc_hd__dlygate4sd3_1)
                                                         net288 (net)
                      0.047081    0.000018    2.738559 ^ hold127/A (sky130_fd_sc_hd__dlygate4sd3_1)
     3    0.011756    0.131955    0.603039    3.341597 ^ hold127/X (sky130_fd_sc_hd__dlygate4sd3_1)
                                                         net298 (net)
                      0.131955    0.000042    3.341639 ^ fanout82/A (sky130_fd_sc_hd__dlymetal6s2s_1)
     2    0.006992    0.094636    0.151987    3.493626 ^ fanout82/X (sky130_fd_sc_hd__dlymetal6s2s_1)
                                                         net82 (net)
                      0.094636    0.000021    3.493647 ^ hold128/A (sky130_fd_sc_hd__dlygate4sd3_1)
     5    0.018899    0.198043    0.665847    4.159494 ^ hold128/X (sky130_fd_sc_hd__dlygate4sd3_1)
                                                         net299 (net)
                      0.198043    0.000317    4.159811 ^ _256_/C_N (sky130_fd_sc_hd__nor3b_2)
     7    0.025725    0.449782    0.444667    4.604478 ^ _256_/Y (sky130_fd_sc_hd__nor3b_2)
                                                         _046_ (net)
                      0.449784    0.000833    4.605311 ^ wire77/A (sky130_fd_sc_hd__buf_4)
     7    0.056472    0.161723    0.291159    4.896470 ^ wire77/X (sky130_fd_sc_hd__buf_4)
                                                         net77 (net)
                      0.163160    0.012192    4.908662 ^ _281_/A1 (sky130_fd_sc_hd__o311a_2)
     5    0.013607    0.089728    0.242351    5.151013 ^ _281_/X (sky130_fd_sc_hd__o311a_2)
                                                         _071_ (net)
                      0.089728    0.000129    5.151142 ^ _283_/B (sky130_fd_sc_hd__and3_1)
     2    0.010193    0.113437    0.207919    5.359062 ^ _283_/X (sky130_fd_sc_hd__and3_1)
                                                         _073_ (net)
                      0.113437    0.000088    5.359150 ^ _354_/B1 (sky130_fd_sc_hd__a21oi_1)
     1    0.005379    0.072495    0.066264    5.425415 v _354_/Y (sky130_fd_sc_hd__a21oi_1)
                                                         _122_ (net)
                      0.072495    0.000053    5.425467 v _355_/B (sky130_fd_sc_hd__nor2_2)
     4    0.024336    0.276283    0.241188    5.666656 ^ _355_/Y (sky130_fd_sc_hd__nor2_2)
                                                         u_ibex.u_ibex_core.load_store_unit_i.addr_last_d[9] (net)
                      0.276285    0.000676    5.667331 ^ _692_/A (sky130_fd_sc_hd__buf_8)
     3    0.121806    0.199332    0.238451    5.905783 ^ _692_/X (sky130_fd_sc_hd__buf_8)
                                                         net31 (net)
                      0.226107    0.055785    5.961567 ^ output31/A (sky130_fd_sc_hd__buf_2)
     1    0.034417    0.171364    0.255339    6.216907 ^ output31/X (sky130_fd_sc_hd__buf_2)
                                                         tl_o[70] (net)
                      0.171364    0.000397    6.217304 ^ tl_o[70] (out)
                                              6.217304   data arrival time

                                 25.000000   25.000000   clock clk_i (rise edge)
                                  0.000000   25.000000   clock network delay (propagated)
                                 -0.250000   24.750000   clock uncertainty
                                  0.000000   24.750000   clock reconvergence pessimism
                                 -5.000000   19.750000   output external delay
                                             19.750000   data required time
---------------------------------------------------------------------------------------------
                                             19.750000   data required time
                                             -6.217304   data arrival time
---------------------------------------------------------------------------------------------
                                             13.532696   slack (MET)


Startpoint: _578_ (rising edge-triggered flip-flop clocked by clk_i)
Endpoint: tl_o[67] (output port clocked by clk_i)
Path Group: clk_i
Path Type: max

Fanout         Cap        Slew       Delay        Time   Description
---------------------------------------------------------------------------------------------
                                  0.000000    0.000000   clock clk_i (rise edge)
                                  0.000000    0.000000   clock source latency
     2    0.071891    0.327468    0.237902    0.237902 ^ clk_i (in)
                                                         clk_i (net)
                      0.329570    0.000000    0.237902 ^ clkbuf_0_clk_i/A (sky130_fd_sc_hd__clkbuf_16)
     2    0.018366    0.045915    0.208680    0.446582 ^ clkbuf_0_clk_i/X (sky130_fd_sc_hd__clkbuf_16)
                                                         clknet_0_clk_i (net)
                      0.045915    0.000137    0.446719 ^ clkbuf_1_0__f_clk_i/A (sky130_fd_sc_hd__clkbuf_16)
     3    0.007966    0.031577    0.114250    0.560970 ^ clkbuf_1_0__f_clk_i/X (sky130_fd_sc_hd__clkbuf_16)
                                                         clknet_1_0__leaf_clk_i (net)
                      0.031577    0.000082    0.561052 ^ _498_/A (sky130_fd_sc_hd__and2_2)
     3    0.049082    0.253215    0.282417    0.843469 ^ _498_/X (sky130_fd_sc_hd__and2_2)
                                                         u_ibex.clk (net)
                      0.253722    0.009246    0.852715 ^ clkbuf_0_u_ibex.clk/A (sky130_fd_sc_hd__clkbuf_16)
     9    0.077738    0.096888    0.236566    1.089280 ^ clkbuf_0_u_ibex.clk/X (sky130_fd_sc_hd__clkbuf_16)
                                                         clknet_0_u_ibex.clk (net)
                      0.097361    0.005383    1.094663 ^ clkbuf_2_2__f_u_ibex.clk/A (sky130_fd_sc_hd__clkbuf_16)
    31    0.099917    0.117593    0.198356    1.293019 ^ clkbuf_2_2__f_u_ibex.clk/X (sky130_fd_sc_hd__clkbuf_16)
                                                         clknet_2_2__leaf_u_ibex.clk (net)
                      0.118610    0.008838    1.301857 ^ _578_/CLK (sky130_fd_sc_hd__dfrtp_1)
     1    0.005305    0.064078    0.359407    1.661264 ^ _578_/Q (sky130_fd_sc_hd__dfrtp_1)
                                                         u_ibex.u_ibex_core.load_store_unit_i.ls_fsm_cs[1] (net)
                      0.064078    0.000099    1.661362 ^ hold126/A (sky130_fd_sc_hd__dlygate4sd3_1)
     1    0.003304    0.057371    0.545426    2.206789 ^ hold126/X (sky130_fd_sc_hd__dlygate4sd3_1)
                                                         net297 (net)
                      0.057371    0.000041    2.206830 ^ hold117/A (sky130_fd_sc_hd__dlygate4sd3_1)
     1    0.002057    0.047081    0.531711    2.738541 ^ hold117/X (sky130_fd_sc_hd__dlygate4sd3_1)
                                                         net288 (net)
                      0.047081    0.000018    2.738559 ^ hold127/A (sky130_fd_sc_hd__dlygate4sd3_1)
     3    0.011756    0.131955    0.603039    3.341597 ^ hold127/X (sky130_fd_sc_hd__dlygate4sd3_1)
                                                         net298 (net)
                      0.131955    0.000042    3.341639 ^ fanout82/A (sky130_fd_sc_hd__dlymetal6s2s_1)
     2    0.006992    0.094636    0.151987    3.493626 ^ fanout82/X (sky130_fd_sc_hd__dlymetal6s2s_1)
                                                         net82 (net)
                      0.094636    0.000021    3.493647 ^ hold128/A (sky130_fd_sc_hd__dlygate4sd3_1)
     5    0.018899    0.198043    0.665847    4.159494 ^ hold128/X (sky130_fd_sc_hd__dlygate4sd3_1)
                                                         net299 (net)
                      0.198043    0.000317    4.159811 ^ _256_/C_N (sky130_fd_sc_hd__nor3b_2)
     7    0.025725    0.449782    0.444667    4.604478 ^ _256_/Y (sky130_fd_sc_hd__nor3b_2)
                                                         _046_ (net)
                      0.449784    0.000833    4.605311 ^ wire77/A (sky130_fd_sc_hd__buf_4)
     7    0.056472    0.161723    0.291159    4.896470 ^ wire77/X (sky130_fd_sc_hd__buf_4)
                                                         net77 (net)
                      0.163152    0.012156    4.908626 ^ _262_/A (sky130_fd_sc_hd__or3_1)
     2    0.009706    0.097317    0.176743    5.085368 ^ _262_/X (sky130_fd_sc_hd__or3_1)
                                                         _052_ (net)
                      0.097317    0.000143    5.085511 ^ fanout70/A (sky130_fd_sc_hd__clkbuf_2)
     5    0.027785    0.155288    0.202239    5.287750 ^ fanout70/X (sky130_fd_sc_hd__clkbuf_2)
                                                         net70 (net)
                      0.155288    0.000079    5.287830 ^ fanout68/A (sky130_fd_sc_hd__buf_1)
     3    0.011004    0.136454    0.172097    5.459928 ^ fanout68/X (sky130_fd_sc_hd__buf_1)
                                                         net68 (net)
                      0.136454    0.000179    5.460107 ^ _377_/B1 (sky130_fd_sc_hd__o21a_1)
     3    0.011386    0.115996    0.192929    5.653036 ^ _377_/X (sky130_fd_sc_hd__o21a_1)
                                                         _139_ (net)
                      0.115996    0.000113    5.653149 ^ _378_/B (sky130_fd_sc_hd__and2b_1)
     3    0.017423    0.164030    0.224374    5.877522 ^ _378_/X (sky130_fd_sc_hd__and2b_1)
                                                         u_ibex.u_ibex_core.load_store_unit_i.addr_last_d[6] (net)
                      0.164030    0.000571    5.878093 ^ _689_/A (sky130_fd_sc_hd__clkbuf_1)
     1    0.002414    0.041307    0.104339    5.982432 ^ _689_/X (sky130_fd_sc_hd__clkbuf_1)
                                                         net28 (net)
                      0.041307    0.000025    5.982457 ^ output28/A (sky130_fd_sc_hd__buf_2)
     1    0.034254    0.170056    0.196728    6.179185 ^ output28/X (sky130_fd_sc_hd__buf_2)
                                                         tl_o[67] (net)
                      0.170056    0.000345    6.179530 ^ tl_o[67] (out)
                                              6.179530   data arrival time

                                 25.000000   25.000000   clock clk_i (rise edge)
                                  0.000000   25.000000   clock network delay (propagated)
                                 -0.250000   24.750000   clock uncertainty
                                  0.000000   24.750000   clock reconvergence pessimism
                                 -5.000000   19.750000   output external delay
                                             19.750000   data required time
---------------------------------------------------------------------------------------------
                                             19.750000   data required time
                                             -6.179530   data arrival time
---------------------------------------------------------------------------------------------
                                             13.570470   slack (MET)


Startpoint: _578_ (rising edge-triggered flip-flop clocked by clk_i)
Endpoint: tl_o[65] (output port clocked by clk_i)
Path Group: clk_i
Path Type: max

Fanout         Cap        Slew       Delay        Time   Description
---------------------------------------------------------------------------------------------
                                  0.000000    0.000000   clock clk_i (rise edge)
                                  0.000000    0.000000   clock source latency
     2    0.071891    0.327468    0.237902    0.237902 ^ clk_i (in)
                                                         clk_i (net)
                      0.329570    0.000000    0.237902 ^ clkbuf_0_clk_i/A (sky130_fd_sc_hd__clkbuf_16)
     2    0.018366    0.045915    0.208680    0.446582 ^ clkbuf_0_clk_i/X (sky130_fd_sc_hd__clkbuf_16)
                                                         clknet_0_clk_i (net)
                      0.045915    0.000137    0.446719 ^ clkbuf_1_0__f_clk_i/A (sky130_fd_sc_hd__clkbuf_16)
     3    0.007966    0.031577    0.114250    0.560970 ^ clkbuf_1_0__f_clk_i/X (sky130_fd_sc_hd__clkbuf_16)
                                                         clknet_1_0__leaf_clk_i (net)
                      0.031577    0.000082    0.561052 ^ _498_/A (sky130_fd_sc_hd__and2_2)
     3    0.049082    0.253215    0.282417    0.843469 ^ _498_/X (sky130_fd_sc_hd__and2_2)
                                                         u_ibex.clk (net)
                      0.253722    0.009246    0.852715 ^ clkbuf_0_u_ibex.clk/A (sky130_fd_sc_hd__clkbuf_16)
     9    0.077738    0.096888    0.236566    1.089280 ^ clkbuf_0_u_ibex.clk/X (sky130_fd_sc_hd__clkbuf_16)
                                                         clknet_0_u_ibex.clk (net)
                      0.097361    0.005383    1.094663 ^ clkbuf_2_2__f_u_ibex.clk/A (sky130_fd_sc_hd__clkbuf_16)
    31    0.099917    0.117593    0.198356    1.293019 ^ clkbuf_2_2__f_u_ibex.clk/X (sky130_fd_sc_hd__clkbuf_16)
                                                         clknet_2_2__leaf_u_ibex.clk (net)
                      0.118610    0.008838    1.301857 ^ _578_/CLK (sky130_fd_sc_hd__dfrtp_1)
     1    0.005305    0.064078    0.359407    1.661264 ^ _578_/Q (sky130_fd_sc_hd__dfrtp_1)
                                                         u_ibex.u_ibex_core.load_store_unit_i.ls_fsm_cs[1] (net)
                      0.064078    0.000099    1.661362 ^ hold126/A (sky130_fd_sc_hd__dlygate4sd3_1)
     1    0.003304    0.057371    0.545426    2.206789 ^ hold126/X (sky130_fd_sc_hd__dlygate4sd3_1)
                                                         net297 (net)
                      0.057371    0.000041    2.206830 ^ hold117/A (sky130_fd_sc_hd__dlygate4sd3_1)
     1    0.002057    0.047081    0.531711    2.738541 ^ hold117/X (sky130_fd_sc_hd__dlygate4sd3_1)
                                                         net288 (net)
                      0.047081    0.000018    2.738559 ^ hold127/A (sky130_fd_sc_hd__dlygate4sd3_1)
     3    0.011756    0.131955    0.603039    3.341597 ^ hold127/X (sky130_fd_sc_hd__dlygate4sd3_1)
                                                         net298 (net)
                      0.131955    0.000042    3.341639 ^ fanout82/A (sky130_fd_sc_hd__dlymetal6s2s_1)
     2    0.006992    0.094636    0.151987    3.493626 ^ fanout82/X (sky130_fd_sc_hd__dlymetal6s2s_1)
                                                         net82 (net)
                      0.094636    0.000021    3.493647 ^ hold128/A (sky130_fd_sc_hd__dlygate4sd3_1)
     5    0.018899    0.198043    0.665847    4.159494 ^ hold128/X (sky130_fd_sc_hd__dlygate4sd3_1)
                                                         net299 (net)
                      0.198043    0.000317    4.159811 ^ _256_/C_N (sky130_fd_sc_hd__nor3b_2)
     7    0.025725    0.449782    0.444667    4.604478 ^ _256_/Y (sky130_fd_sc_hd__nor3b_2)
                                                         _046_ (net)
                      0.449784    0.000833    4.605311 ^ wire77/A (sky130_fd_sc_hd__buf_4)
     7    0.056472    0.161723    0.291159    4.896470 ^ wire77/X (sky130_fd_sc_hd__buf_4)
                                                         net77 (net)
                      0.163152    0.012156    4.908626 ^ _262_/A (sky130_fd_sc_hd__or3_1)
     2    0.009706    0.097317    0.176743    5.085368 ^ _262_/X (sky130_fd_sc_hd__or3_1)
                                                         _052_ (net)
                      0.097317    0.000143    5.085511 ^ fanout70/A (sky130_fd_sc_hd__clkbuf_2)
     5    0.027785    0.155288    0.202239    5.287750 ^ fanout70/X (sky130_fd_sc_hd__clkbuf_2)
                                                         net70 (net)
                      0.155288    0.000365    5.288116 ^ fanout67/A (sky130_fd_sc_hd__dlymetal6s2s_1)
     6    0.022477    0.238205    0.258358    5.546474 ^ fanout67/X (sky130_fd_sc_hd__dlymetal6s2s_1)
                                                         net67 (net)
                      0.238205    0.000077    5.546550 ^ _390_/A (sky130_fd_sc_hd__and3_1)
     3    0.017694    0.182310    0.294978    5.841529 ^ _390_/X (sky130_fd_sc_hd__and3_1)
                                                         u_ibex.u_ibex_core.load_store_unit_i.addr_last_d[4] (net)
                      0.182310    0.000246    5.841775 ^ _687_/A (sky130_fd_sc_hd__clkbuf_1)
     1    0.002615    0.043592    0.108658    5.950433 ^ _687_/X (sky130_fd_sc_hd__clkbuf_1)
                                                         net26 (net)
                      0.043592    0.000028    5.950461 ^ output26/A (sky130_fd_sc_hd__buf_2)
     1    0.034702    0.172153    0.199035    6.149497 ^ output26/X (sky130_fd_sc_hd__buf_2)
                                                         tl_o[65] (net)
                      0.172153    0.000429    6.149926 ^ tl_o[65] (out)
                                              6.149926   data arrival time

                                 25.000000   25.000000   clock clk_i (rise edge)
                                  0.000000   25.000000   clock network delay (propagated)
                                 -0.250000   24.750000   clock uncertainty
                                  0.000000   24.750000   clock reconvergence pessimism
                                 -5.000000   19.750000   output external delay
                                             19.750000   data required time
---------------------------------------------------------------------------------------------
                                             19.750000   data required time
                                             -6.149926   data arrival time
---------------------------------------------------------------------------------------------
                                             13.600074   slack (MET)


Startpoint: _578_ (rising edge-triggered flip-flop clocked by clk_i)
Endpoint: tl_o[64] (output port clocked by clk_i)
Path Group: clk_i
Path Type: max

Fanout         Cap        Slew       Delay        Time   Description
---------------------------------------------------------------------------------------------
                                  0.000000    0.000000   clock clk_i (rise edge)
                                  0.000000    0.000000   clock source latency
     2    0.071891    0.327468    0.237902    0.237902 ^ clk_i (in)
                                                         clk_i (net)
                      0.329570    0.000000    0.237902 ^ clkbuf_0_clk_i/A (sky130_fd_sc_hd__clkbuf_16)
     2    0.018366    0.045915    0.208680    0.446582 ^ clkbuf_0_clk_i/X (sky130_fd_sc_hd__clkbuf_16)
                                                         clknet_0_clk_i (net)
                      0.045915    0.000137    0.446719 ^ clkbuf_1_0__f_clk_i/A (sky130_fd_sc_hd__clkbuf_16)
     3    0.007966    0.031577    0.114250    0.560970 ^ clkbuf_1_0__f_clk_i/X (sky130_fd_sc_hd__clkbuf_16)
                                                         clknet_1_0__leaf_clk_i (net)
                      0.031577    0.000082    0.561052 ^ _498_/A (sky130_fd_sc_hd__and2_2)
     3    0.049082    0.253215    0.282417    0.843469 ^ _498_/X (sky130_fd_sc_hd__and2_2)
                                                         u_ibex.clk (net)
                      0.253722    0.009246    0.852715 ^ clkbuf_0_u_ibex.clk/A (sky130_fd_sc_hd__clkbuf_16)
     9    0.077738    0.096888    0.236566    1.089280 ^ clkbuf_0_u_ibex.clk/X (sky130_fd_sc_hd__clkbuf_16)
                                                         clknet_0_u_ibex.clk (net)
                      0.097361    0.005383    1.094663 ^ clkbuf_2_2__f_u_ibex.clk/A (sky130_fd_sc_hd__clkbuf_16)
    31    0.099917    0.117593    0.198356    1.293019 ^ clkbuf_2_2__f_u_ibex.clk/X (sky130_fd_sc_hd__clkbuf_16)
                                                         clknet_2_2__leaf_u_ibex.clk (net)
                      0.118610    0.008838    1.301857 ^ _578_/CLK (sky130_fd_sc_hd__dfrtp_1)
     1    0.005305    0.064078    0.359407    1.661264 ^ _578_/Q (sky130_fd_sc_hd__dfrtp_1)
                                                         u_ibex.u_ibex_core.load_store_unit_i.ls_fsm_cs[1] (net)
                      0.064078    0.000099    1.661362 ^ hold126/A (sky130_fd_sc_hd__dlygate4sd3_1)
     1    0.003304    0.057371    0.545426    2.206789 ^ hold126/X (sky130_fd_sc_hd__dlygate4sd3_1)
                                                         net297 (net)
                      0.057371    0.000041    2.206830 ^ hold117/A (sky130_fd_sc_hd__dlygate4sd3_1)
     1    0.002057    0.047081    0.531711    2.738541 ^ hold117/X (sky130_fd_sc_hd__dlygate4sd3_1)
                                                         net288 (net)
                      0.047081    0.000018    2.738559 ^ hold127/A (sky130_fd_sc_hd__dlygate4sd3_1)
     3    0.011756    0.131955    0.603039    3.341597 ^ hold127/X (sky130_fd_sc_hd__dlygate4sd3_1)
                                                         net298 (net)
                      0.131955    0.000042    3.341639 ^ fanout82/A (sky130_fd_sc_hd__dlymetal6s2s_1)
     2    0.006992    0.094636    0.151987    3.493626 ^ fanout82/X (sky130_fd_sc_hd__dlymetal6s2s_1)
                                                         net82 (net)
                      0.094636    0.000021    3.493647 ^ hold128/A (sky130_fd_sc_hd__dlygate4sd3_1)
     5    0.018899    0.198043    0.665847    4.159494 ^ hold128/X (sky130_fd_sc_hd__dlygate4sd3_1)
                                                         net299 (net)
                      0.198043    0.000317    4.159811 ^ _256_/C_N (sky130_fd_sc_hd__nor3b_2)
     7    0.025725    0.449782    0.444667    4.604478 ^ _256_/Y (sky130_fd_sc_hd__nor3b_2)
                                                         _046_ (net)
                      0.449784    0.000833    4.605311 ^ wire77/A (sky130_fd_sc_hd__buf_4)
     7    0.056472    0.161723    0.291159    4.896470 ^ wire77/X (sky130_fd_sc_hd__buf_4)
                                                         net77 (net)
                      0.163152    0.012156    4.908626 ^ _262_/A (sky130_fd_sc_hd__or3_1)
     2    0.009706    0.097317    0.176743    5.085368 ^ _262_/X (sky130_fd_sc_hd__or3_1)
                                                         _052_ (net)
                      0.097317    0.000143    5.085511 ^ fanout70/A (sky130_fd_sc_hd__clkbuf_2)
     5    0.027785    0.155288    0.202239    5.287750 ^ fanout70/X (sky130_fd_sc_hd__clkbuf_2)
                                                         net70 (net)
                      0.155288    0.000365    5.288116 ^ fanout67/A (sky130_fd_sc_hd__dlymetal6s2s_1)
     6    0.022477    0.238205    0.258358    5.546474 ^ fanout67/X (sky130_fd_sc_hd__dlymetal6s2s_1)
                                                         net67 (net)
                      0.238205    0.000292    5.546765 ^ _341_/B1 (sky130_fd_sc_hd__o21a_1)
     3    0.014088    0.141214    0.233049    5.779815 ^ _341_/X (sky130_fd_sc_hd__o21a_1)
                                                         u_ibex.u_ibex_core.load_store_unit_i.addr_last_d[3] (net)
                      0.141214    0.000133    5.779947 ^ _686_/A (sky130_fd_sc_hd__clkbuf_1)
     1    0.003161    0.048816    0.107347    5.887294 ^ _686_/X (sky130_fd_sc_hd__clkbuf_1)
                                                         net25 (net)
                      0.048816    0.000043    5.887337 ^ output25/A (sky130_fd_sc_hd__buf_2)
     1    0.034614    0.171774    0.200732    6.088069 ^ output25/X (sky130_fd_sc_hd__buf_2)
                                                         tl_o[64] (net)
                      0.171774    0.000442    6.088511 ^ tl_o[64] (out)
                                              6.088511   data arrival time

                                 25.000000   25.000000   clock clk_i (rise edge)
                                  0.000000   25.000000   clock network delay (propagated)
                                 -0.250000   24.750000   clock uncertainty
                                  0.000000   24.750000   clock reconvergence pessimism
                                 -5.000000   19.750000   output external delay
                                             19.750000   data required time
---------------------------------------------------------------------------------------------
                                             19.750000   data required time
                                             -6.088511   data arrival time
---------------------------------------------------------------------------------------------
                                             13.661489   slack (MET)


Startpoint: _578_ (rising edge-triggered flip-flop clocked by clk_i)
Endpoint: tl_o[63] (output port clocked by clk_i)
Path Group: clk_i
Path Type: max

Fanout         Cap        Slew       Delay        Time   Description
---------------------------------------------------------------------------------------------
                                  0.000000    0.000000   clock clk_i (rise edge)
                                  0.000000    0.000000   clock source latency
     2    0.071891    0.327468    0.237902    0.237902 ^ clk_i (in)
                                                         clk_i (net)
                      0.329570    0.000000    0.237902 ^ clkbuf_0_clk_i/A (sky130_fd_sc_hd__clkbuf_16)
     2    0.018366    0.045915    0.208680    0.446582 ^ clkbuf_0_clk_i/X (sky130_fd_sc_hd__clkbuf_16)
                                                         clknet_0_clk_i (net)
                      0.045915    0.000137    0.446719 ^ clkbuf_1_0__f_clk_i/A (sky130_fd_sc_hd__clkbuf_16)
     3    0.007966    0.031577    0.114250    0.560970 ^ clkbuf_1_0__f_clk_i/X (sky130_fd_sc_hd__clkbuf_16)
                                                         clknet_1_0__leaf_clk_i (net)
                      0.031577    0.000082    0.561052 ^ _498_/A (sky130_fd_sc_hd__and2_2)
     3    0.049082    0.253215    0.282417    0.843469 ^ _498_/X (sky130_fd_sc_hd__and2_2)
                                                         u_ibex.clk (net)
                      0.253722    0.009246    0.852715 ^ clkbuf_0_u_ibex.clk/A (sky130_fd_sc_hd__clkbuf_16)
     9    0.077738    0.096888    0.236566    1.089280 ^ clkbuf_0_u_ibex.clk/X (sky130_fd_sc_hd__clkbuf_16)
                                                         clknet_0_u_ibex.clk (net)
                      0.097361    0.005383    1.094663 ^ clkbuf_2_2__f_u_ibex.clk/A (sky130_fd_sc_hd__clkbuf_16)
    31    0.099917    0.117593    0.198356    1.293019 ^ clkbuf_2_2__f_u_ibex.clk/X (sky130_fd_sc_hd__clkbuf_16)
                                                         clknet_2_2__leaf_u_ibex.clk (net)
                      0.118610    0.008838    1.301857 ^ _578_/CLK (sky130_fd_sc_hd__dfrtp_1)
     1    0.005305    0.064078    0.359407    1.661264 ^ _578_/Q (sky130_fd_sc_hd__dfrtp_1)
                                                         u_ibex.u_ibex_core.load_store_unit_i.ls_fsm_cs[1] (net)
                      0.064078    0.000099    1.661362 ^ hold126/A (sky130_fd_sc_hd__dlygate4sd3_1)
     1    0.003304    0.057371    0.545426    2.206789 ^ hold126/X (sky130_fd_sc_hd__dlygate4sd3_1)
                                                         net297 (net)
                      0.057371    0.000041    2.206830 ^ hold117/A (sky130_fd_sc_hd__dlygate4sd3_1)
     1    0.002057    0.047081    0.531711    2.738541 ^ hold117/X (sky130_fd_sc_hd__dlygate4sd3_1)
                                                         net288 (net)
                      0.047081    0.000018    2.738559 ^ hold127/A (sky130_fd_sc_hd__dlygate4sd3_1)
     3    0.011756    0.131955    0.603039    3.341597 ^ hold127/X (sky130_fd_sc_hd__dlygate4sd3_1)
                                                         net298 (net)
                      0.131955    0.000042    3.341639 ^ fanout82/A (sky130_fd_sc_hd__dlymetal6s2s_1)
     2    0.006992    0.094636    0.151987    3.493626 ^ fanout82/X (sky130_fd_sc_hd__dlymetal6s2s_1)
                                                         net82 (net)
                      0.094636    0.000021    3.493647 ^ hold128/A (sky130_fd_sc_hd__dlygate4sd3_1)
     5    0.018899    0.198043    0.665847    4.159494 ^ hold128/X (sky130_fd_sc_hd__dlygate4sd3_1)
                                                         net299 (net)
                      0.198043    0.000317    4.159811 ^ _256_/C_N (sky130_fd_sc_hd__nor3b_2)
     7    0.025725    0.449782    0.444667    4.604478 ^ _256_/Y (sky130_fd_sc_hd__nor3b_2)
                                                         _046_ (net)
                      0.449784    0.000833    4.605311 ^ wire77/A (sky130_fd_sc_hd__buf_4)
     7    0.056472    0.161723    0.291159    4.896470 ^ wire77/X (sky130_fd_sc_hd__buf_4)
                                                         net77 (net)
                      0.163152    0.012156    4.908626 ^ _262_/A (sky130_fd_sc_hd__or3_1)
     2    0.009706    0.097317    0.176743    5.085368 ^ _262_/X (sky130_fd_sc_hd__or3_1)
                                                         _052_ (net)
                      0.097317    0.000143    5.085511 ^ fanout70/A (sky130_fd_sc_hd__clkbuf_2)
     5    0.027785    0.155288    0.202239    5.287750 ^ fanout70/X (sky130_fd_sc_hd__clkbuf_2)
                                                         net70 (net)
                      0.155288    0.000365    5.288116 ^ fanout67/A (sky130_fd_sc_hd__dlymetal6s2s_1)
     6    0.022477    0.238205    0.258358    5.546474 ^ fanout67/X (sky130_fd_sc_hd__dlymetal6s2s_1)
                                                         net67 (net)
                      0.238206    0.000364    5.546838 ^ _368_/B (sky130_fd_sc_hd__and2b_1)
     3    0.012513    0.122698    0.220124    5.766962 ^ _368_/X (sky130_fd_sc_hd__and2b_1)
                                                         u_ibex.u_ibex_core.load_store_unit_i.addr_last_d[2] (net)
                      0.122698    0.000097    5.767059 ^ _685_/A (sky130_fd_sc_hd__clkbuf_1)
     1    0.002551    0.042232    0.099574    5.866633 ^ _685_/X (sky130_fd_sc_hd__clkbuf_1)
                                                         net24 (net)
                      0.042232    0.000027    5.866660 ^ output24/A (sky130_fd_sc_hd__buf_2)
     1    0.034752    0.172387    0.198677    6.065337 ^ output24/X (sky130_fd_sc_hd__buf_2)
                                                         tl_o[63] (net)
                      0.172387    0.000430    6.065767 ^ tl_o[63] (out)
                                              6.065767   data arrival time

                                 25.000000   25.000000   clock clk_i (rise edge)
                                  0.000000   25.000000   clock network delay (propagated)
                                 -0.250000   24.750000   clock uncertainty
                                  0.000000   24.750000   clock reconvergence pessimism
                                 -5.000000   19.750000   output external delay
                                             19.750000   data required time
---------------------------------------------------------------------------------------------
                                             19.750000   data required time
                                             -6.065767   data arrival time
---------------------------------------------------------------------------------------------
                                             13.684233   slack (MET)


Startpoint: tl_i[64] (input port clocked by clk_i)
Endpoint: _569_ (rising edge-triggered flip-flop clocked by clk_i)
Path Group: clk_i
Path Type: max

Fanout         Cap        Slew       Delay        Time   Description
---------------------------------------------------------------------------------------------
                                  0.000000    0.000000   clock clk_i (rise edge)
                                  0.000000    0.000000   clock network delay (propagated)
                                  5.000000    5.000000 v input external delay
     2    0.004514    0.012572    0.007284    5.007285 v tl_i[64] (in)
                                                         tl_i[64] (net)
                      0.012572    0.000000    5.007285 v input14/A (sky130_fd_sc_hd__clkbuf_4)
     3    0.042946    0.095138    0.181935    5.189220 v input14/X (sky130_fd_sc_hd__clkbuf_4)
                                                         net14 (net)
                      0.095140    0.000523    5.189743 v _423_/A (sky130_fd_sc_hd__xor2_4)
     3    0.064498    0.178750    0.262135    5.451878 v _423_/X (sky130_fd_sc_hd__xor2_4)
                                                         _176_ (net)
                      0.180085    0.012233    5.464111 v wire85/A (sky130_fd_sc_hd__buf_8)
     3    0.102479    0.080253    0.221316    5.685427 v wire85/X (sky130_fd_sc_hd__buf_8)
                                                         net85 (net)
                      0.099279    0.029526    5.714953 v _426_/B (sky130_fd_sc_hd__or4_4)
     3    0.063345    0.172918    0.658161    6.373114 v _426_/X (sky130_fd_sc_hd__or4_4)
                                                         _179_ (net)
                      0.175296    0.016052    6.389166 v _429_/C (sky130_fd_sc_hd__or4_1)
     1    0.002422    0.081099    0.496696    6.885861 v _429_/X (sky130_fd_sc_hd__or4_1)
                                                         _182_ (net)
                      0.081099    0.000020    6.885881 v _430_/A2 (sky130_fd_sc_hd__a21o_1)
     3    0.011430    0.068117    0.224413    7.110294 v _430_/X (sky130_fd_sc_hd__a21o_1)
                                                         _183_ (net)
                      0.068117    0.000315    7.110609 v _432_/A2 (sky130_fd_sc_hd__o211a_1)
     1    0.002451    0.036688    0.204829    7.315439 v _432_/X (sky130_fd_sc_hd__o211a_1)
                                                         u_ibex.u_ibex_core.id_stage_i.controller_i.exc_req_lsu (net)
                      0.036688    0.000028    7.315467 v hold316/A (sky130_fd_sc_hd__dlygate4sd3_1)
     1    0.002169    0.049853    0.539216    7.854682 v hold316/X (sky130_fd_sc_hd__dlygate4sd3_1)
                                                         net487 (net)
                      0.049853    0.000022    7.854705 v hold102/A (sky130_fd_sc_hd__dlygate4sd3_1)
     2    0.009154    0.082922    0.592372    8.447076 v hold102/X (sky130_fd_sc_hd__dlygate4sd3_1)
                                                         net273 (net)
                      0.082922    0.000226    8.447303 v _485_/A2 (sky130_fd_sc_hd__o21ai_2)
     4    0.017610    0.229097    0.225469    8.672771 ^ _485_/Y (sky130_fd_sc_hd__o21ai_2)
                                                         _227_ (net)
                      0.229097    0.000151    8.672922 ^ _487_/A2 (sky130_fd_sc_hd__a22oi_2)
     1    0.003200    0.071989    0.112504    8.785426 v _487_/Y (sky130_fd_sc_hd__a22oi_2)
                                                         _229_ (net)
                      0.071989    0.000048    8.785474 v hold159/A (sky130_fd_sc_hd__dlygate4sd3_1)
     3    0.012740    0.098621    0.618797    9.404271 v hold159/X (sky130_fd_sc_hd__dlygate4sd3_1)
                                                         net330 (net)
                      0.098621    0.000234    9.404505 v _489_/A (sky130_fd_sc_hd__nor2_1)
     1    0.004435    0.102819    0.136386    9.540891 ^ _489_/Y (sky130_fd_sc_hd__nor2_1)
                                                         _231_ (net)
                      0.102819    0.000072    9.540963 ^ hold160/A (sky130_fd_sc_hd__dlygate4sd3_1)
     4    0.014758    0.159599    0.639841   10.180804 ^ hold160/X (sky130_fd_sc_hd__dlygate4sd3_1)
                                                         net331 (net)
                      0.159599    0.000118   10.180923 ^ _490_/B (sky130_fd_sc_hd__nand2_1)
     2    0.009090    0.088562    0.113574   10.294497 v _490_/Y (sky130_fd_sc_hd__nand2_1)
                                                         _232_ (net)
                      0.088562    0.000126   10.294622 v _500_/S (sky130_fd_sc_hd__mux2_1)
     1    0.002110    0.051415    0.312847   10.607469 v _500_/X (sky130_fd_sc_hd__mux2_1)
                                                         _001_ (net)
                      0.051415    0.000012   10.607481 v hold175/A (sky130_fd_sc_hd__dlygate4sd3_1)
     1    0.002161    0.049701    0.544879   11.152360 v hold175/X (sky130_fd_sc_hd__dlygate4sd3_1)
                                                         net346 (net)
                      0.049701    0.000021   11.152382 v hold24/A (sky130_fd_sc_hd__dlygate4sd3_1)
     1    0.002104    0.049494    0.543691   11.696073 v hold24/X (sky130_fd_sc_hd__dlygate4sd3_1)
                                                         net195 (net)
                      0.049494    0.000020   11.696094 v hold176/A (sky130_fd_sc_hd__dlygate4sd3_1)
     1    0.003037    0.054491    0.552087   12.248180 v hold176/X (sky130_fd_sc_hd__dlygate4sd3_1)
                                                         net347 (net)
                      0.054491    0.000042   12.248222 v _569_/D (sky130_fd_sc_hd__dfxtp_1)
                                             12.248222   data arrival time

                                 25.000000   25.000000   clock clk_i (rise edge)
                                  0.000000   25.000000   clock source latency
     2    0.071891    0.327468    0.237902   25.237902 ^ clk_i (in)
                                                         clk_i (net)
                      0.329570    0.000000   25.237902 ^ clkbuf_0_clk_i/A (sky130_fd_sc_hd__clkbuf_16)
     2    0.018366    0.045915    0.208679   25.446581 ^ clkbuf_0_clk_i/X (sky130_fd_sc_hd__clkbuf_16)
                                                         clknet_0_clk_i (net)
                      0.045915    0.000139   25.446720 ^ clkbuf_1_0__f_clk_i/A (sky130_fd_sc_hd__clkbuf_16)
     3    0.007966    0.031577    0.114250   25.560968 ^ clkbuf_1_0__f_clk_i/X (sky130_fd_sc_hd__clkbuf_16)
                                                         clknet_1_0__leaf_clk_i (net)
                      0.031577    0.000082   25.561050 ^ _498_/A (sky130_fd_sc_hd__and2_2)
     3    0.049082    0.252905    0.282418   25.843468 ^ _498_/X (sky130_fd_sc_hd__and2_2)
                                                         u_ibex.clk (net)
                      0.253412    0.009246   25.852715 ^ clkbuf_0_u_ibex.clk/A (sky130_fd_sc_hd__clkbuf_16)
     9    0.077738    0.096883    0.236470   26.089186 ^ clkbuf_0_u_ibex.clk/X (sky130_fd_sc_hd__clkbuf_16)
                                                         clknet_0_u_ibex.clk (net)
                      0.097339    0.005283   26.094467 ^ clkbuf_2_3__f_u_ibex.clk/A (sky130_fd_sc_hd__clkbuf_16)
    23    0.077329    0.094713    0.186020   26.280487 ^ clkbuf_2_3__f_u_ibex.clk/X (sky130_fd_sc_hd__clkbuf_16)
                                                         clknet_2_3__leaf_u_ibex.clk (net)
                      0.095764    0.007891   26.288378 ^ _569_/CLK (sky130_fd_sc_hd__dfxtp_1)
                                 -0.250000   26.038380   clock uncertainty
                                  0.000000   26.038380   clock reconvergence pessimism
                                 -0.102827   25.935553   library setup time
                                             25.935553   data required time
---------------------------------------------------------------------------------------------
                                             25.935553   data required time
                                            -12.248222   data arrival time
---------------------------------------------------------------------------------------------
                                             13.687331   slack (MET)


Startpoint: _578_ (rising edge-triggered flip-flop clocked by clk_i)
Endpoint: tl_o[69] (output port clocked by clk_i)
Path Group: clk_i
Path Type: max

Fanout         Cap        Slew       Delay        Time   Description
---------------------------------------------------------------------------------------------
                                  0.000000    0.000000   clock clk_i (rise edge)
                                  0.000000    0.000000   clock source latency
     2    0.071891    0.327468    0.237902    0.237902 ^ clk_i (in)
                                                         clk_i (net)
                      0.329570    0.000000    0.237902 ^ clkbuf_0_clk_i/A (sky130_fd_sc_hd__clkbuf_16)
     2    0.018366    0.045915    0.208680    0.446582 ^ clkbuf_0_clk_i/X (sky130_fd_sc_hd__clkbuf_16)
                                                         clknet_0_clk_i (net)
                      0.045915    0.000137    0.446719 ^ clkbuf_1_0__f_clk_i/A (sky130_fd_sc_hd__clkbuf_16)
     3    0.007966    0.031577    0.114250    0.560970 ^ clkbuf_1_0__f_clk_i/X (sky130_fd_sc_hd__clkbuf_16)
                                                         clknet_1_0__leaf_clk_i (net)
                      0.031577    0.000082    0.561052 ^ _498_/A (sky130_fd_sc_hd__and2_2)
     3    0.049082    0.253215    0.282417    0.843469 ^ _498_/X (sky130_fd_sc_hd__and2_2)
                                                         u_ibex.clk (net)
                      0.253722    0.009246    0.852715 ^ clkbuf_0_u_ibex.clk/A (sky130_fd_sc_hd__clkbuf_16)
     9    0.077738    0.096888    0.236566    1.089280 ^ clkbuf_0_u_ibex.clk/X (sky130_fd_sc_hd__clkbuf_16)
                                                         clknet_0_u_ibex.clk (net)
                      0.097361    0.005383    1.094663 ^ clkbuf_2_2__f_u_ibex.clk/A (sky130_fd_sc_hd__clkbuf_16)
    31    0.099917    0.117593    0.198356    1.293019 ^ clkbuf_2_2__f_u_ibex.clk/X (sky130_fd_sc_hd__clkbuf_16)
                                                         clknet_2_2__leaf_u_ibex.clk (net)
                      0.118610    0.008838    1.301857 ^ _578_/CLK (sky130_fd_sc_hd__dfrtp_1)
     1    0.005140    0.049639    0.393638    1.695495 v _578_/Q (sky130_fd_sc_hd__dfrtp_1)
                                                         u_ibex.u_ibex_core.load_store_unit_i.ls_fsm_cs[1] (net)
                      0.049639    0.000095    1.695590 v hold126/A (sky130_fd_sc_hd__dlygate4sd3_1)
     1    0.003139    0.055173    0.553077    2.248666 v hold126/X (sky130_fd_sc_hd__dlygate4sd3_1)
                                                         net297 (net)
                      0.055173    0.000039    2.248705 v hold117/A (sky130_fd_sc_hd__dlygate4sd3_1)
     1    0.001892    0.048418    0.544023    2.792727 v hold117/X (sky130_fd_sc_hd__dlygate4sd3_1)
                                                         net288 (net)
                      0.048418    0.000017    2.792744 v hold127/A (sky130_fd_sc_hd__dlygate4sd3_1)
     3    0.010721    0.089486    0.599160    3.391904 v hold127/X (sky130_fd_sc_hd__dlygate4sd3_1)
                                                         net298 (net)
                      0.089486    0.000039    3.391943 v fanout82/A (sky130_fd_sc_hd__dlymetal6s2s_1)
     2    0.006532    0.052787    0.169410    3.561353 v fanout82/X (sky130_fd_sc_hd__dlymetal6s2s_1)
                                                         net82 (net)
                      0.052787    0.000019    3.561372 v hold128/A (sky130_fd_sc_hd__dlygate4sd3_1)
     5    0.018147    0.123594    0.635266    4.196638 v hold128/X (sky130_fd_sc_hd__dlygate4sd3_1)
                                                         net299 (net)
                      0.123594    0.000304    4.196942 v _256_/C_N (sky130_fd_sc_hd__nor3b_2)
     7    0.024894    0.095989    0.235767    4.432709 v _256_/Y (sky130_fd_sc_hd__nor3b_2)
                                                         _046_ (net)
                      0.096038    0.000806    4.433516 v wire77/A (sky130_fd_sc_hd__buf_4)
     7    0.055577    0.080549    0.208761    4.642276 v wire77/X (sky130_fd_sc_hd__buf_4)
                                                         net77 (net)
                      0.083447    0.011770    4.654046 v _281_/A1 (sky130_fd_sc_hd__o311a_2)
     5    0.012985    0.080945    0.442869    5.096915 v _281_/X (sky130_fd_sc_hd__o311a_2)
                                                         _071_ (net)
                      0.080945    0.000123    5.097038 v _283_/B (sky130_fd_sc_hd__and3_1)
     2    0.009464    0.064744    0.207027    5.304066 v _283_/X (sky130_fd_sc_hd__and3_1)
                                                         _073_ (net)
                      0.064744    0.000103    5.304169 v _303_/A (sky130_fd_sc_hd__nor2_2)
     5    0.031246    0.346665    0.312098    5.616267 ^ _303_/Y (sky130_fd_sc_hd__nor2_2)
                                                         u_ibex.u_ibex_core.load_store_unit_i.addr_last_d[8] (net)
                      0.346668    0.000857    5.617124 ^ _691_/A (sky130_fd_sc_hd__clkbuf_1)
     1    0.002528    0.044892    0.126442    5.743566 ^ _691_/X (sky130_fd_sc_hd__clkbuf_1)
                                                         net30 (net)
                      0.044892    0.000027    5.743592 ^ output30/A (sky130_fd_sc_hd__buf_2)
     1    0.034319    0.170353    0.198310    5.941903 ^ output30/X (sky130_fd_sc_hd__buf_2)
                                                         tl_o[69] (net)
                      0.170353    0.000357    5.942259 ^ tl_o[69] (out)
                                              5.942259   data arrival time

                                 25.000000   25.000000   clock clk_i (rise edge)
                                  0.000000   25.000000   clock network delay (propagated)
                                 -0.250000   24.750000   clock uncertainty
                                  0.000000   24.750000   clock reconvergence pessimism
                                 -5.000000   19.750000   output external delay
                                             19.750000   data required time
---------------------------------------------------------------------------------------------
                                             19.750000   data required time
                                             -5.942259   data arrival time
---------------------------------------------------------------------------------------------
                                             13.807740   slack (MET)


Startpoint: tl_i[64] (input port clocked by clk_i)
Endpoint: _562_ (rising edge-triggered flip-flop clocked by clk_i)
Path Group: clk_i
Path Type: max

Fanout         Cap        Slew       Delay        Time   Description
---------------------------------------------------------------------------------------------
                                  0.000000    0.000000   clock clk_i (rise edge)
                                  0.000000    0.000000   clock network delay (propagated)
                                  5.000000    5.000000 v input external delay
     2    0.004514    0.012572    0.007284    5.007285 v tl_i[64] (in)
                                                         tl_i[64] (net)
                      0.012572    0.000000    5.007285 v input14/A (sky130_fd_sc_hd__clkbuf_4)
     3    0.042946    0.095138    0.181935    5.189220 v input14/X (sky130_fd_sc_hd__clkbuf_4)
                                                         net14 (net)
                      0.095140    0.000523    5.189743 v _423_/A (sky130_fd_sc_hd__xor2_4)
     3    0.064498    0.178750    0.262135    5.451878 v _423_/X (sky130_fd_sc_hd__xor2_4)
                                                         _176_ (net)
                      0.180085    0.012233    5.464111 v wire85/A (sky130_fd_sc_hd__buf_8)
     3    0.102479    0.080253    0.221316    5.685427 v wire85/X (sky130_fd_sc_hd__buf_8)
                                                         net85 (net)
                      0.099279    0.029526    5.714953 v _426_/B (sky130_fd_sc_hd__or4_4)
     3    0.063345    0.172918    0.658161    6.373114 v _426_/X (sky130_fd_sc_hd__or4_4)
                                                         _179_ (net)
                      0.175296    0.016052    6.389166 v _429_/C (sky130_fd_sc_hd__or4_1)
     1    0.002422    0.081099    0.496696    6.885861 v _429_/X (sky130_fd_sc_hd__or4_1)
                                                         _182_ (net)
                      0.081099    0.000020    6.885881 v _430_/A2 (sky130_fd_sc_hd__a21o_1)
     3    0.011430    0.068117    0.224413    7.110294 v _430_/X (sky130_fd_sc_hd__a21o_1)
                                                         _183_ (net)
                      0.068117    0.000315    7.110609 v _432_/A2 (sky130_fd_sc_hd__o211a_1)
     1    0.002451    0.036688    0.204829    7.315439 v _432_/X (sky130_fd_sc_hd__o211a_1)
                                                         u_ibex.u_ibex_core.id_stage_i.controller_i.exc_req_lsu (net)
                      0.036688    0.000028    7.315467 v hold316/A (sky130_fd_sc_hd__dlygate4sd3_1)
     1    0.002169    0.049853    0.539216    7.854682 v hold316/X (sky130_fd_sc_hd__dlygate4sd3_1)
                                                         net487 (net)
                      0.049853    0.000022    7.854705 v hold102/A (sky130_fd_sc_hd__dlygate4sd3_1)
     2    0.009154    0.082922    0.592372    8.447076 v hold102/X (sky130_fd_sc_hd__dlygate4sd3_1)
                                                         net273 (net)
                      0.082922    0.000226    8.447303 v _485_/A2 (sky130_fd_sc_hd__o21ai_2)
     4    0.017610    0.229097    0.225469    8.672771 ^ _485_/Y (sky130_fd_sc_hd__o21ai_2)
                                                         _227_ (net)
                      0.229097    0.000151    8.672922 ^ _487_/A2 (sky130_fd_sc_hd__a22oi_2)
     1    0.003200    0.071989    0.112504    8.785426 v _487_/Y (sky130_fd_sc_hd__a22oi_2)
                                                         _229_ (net)
                      0.071989    0.000048    8.785474 v hold159/A (sky130_fd_sc_hd__dlygate4sd3_1)
     3    0.012740    0.098621    0.618797    9.404271 v hold159/X (sky130_fd_sc_hd__dlygate4sd3_1)
                                                         net330 (net)
                      0.098621    0.000234    9.404505 v _489_/A (sky130_fd_sc_hd__nor2_1)
     1    0.004435    0.102819    0.136386    9.540891 ^ _489_/Y (sky130_fd_sc_hd__nor2_1)
                                                         _231_ (net)
                      0.102819    0.000072    9.540963 ^ hold160/A (sky130_fd_sc_hd__dlygate4sd3_1)
     4    0.014758    0.159599    0.639841   10.180804 ^ hold160/X (sky130_fd_sc_hd__dlygate4sd3_1)
                                                         net331 (net)
                      0.159599    0.000159   10.180963 ^ _492_/B (sky130_fd_sc_hd__nor2_1)
     1    0.005305    0.068390    0.073165   10.254128 v _492_/Y (sky130_fd_sc_hd__nor2_1)
                                                         _234_ (net)
                      0.068390    0.000123   10.254251 v _493_/B2 (sky130_fd_sc_hd__a2bb2o_1)
     1    0.002291    0.047427    0.242974   10.497224 v _493_/X (sky130_fd_sc_hd__a2bb2o_1)
                                                         u_ibex.u_ibex_core.if_stage_i.gen_prefetch_buffer.prefetch_buffer_i.fifo_i.valid_d[1] (net)
                      0.047427    0.000014   10.497238 v hold171/A (sky130_fd_sc_hd__dlygate4sd3_1)
     1    0.002209    0.049905    0.543764   11.041002 v hold171/X (sky130_fd_sc_hd__dlygate4sd3_1)
                                                         net342 (net)
                      0.049905    0.000022   11.041024 v hold18/A (sky130_fd_sc_hd__dlygate4sd3_1)
     1    0.003488    0.057205    0.556079   11.597103 v hold18/X (sky130_fd_sc_hd__dlygate4sd3_1)
                                                         net189 (net)
                      0.057205    0.000057   11.597160 v hold172/A (sky130_fd_sc_hd__dlygate4sd3_1)
     1    0.002205    0.049845    0.547793   12.144953 v hold172/X (sky130_fd_sc_hd__dlygate4sd3_1)
                                                         net343 (net)
                      0.049845    0.000019   12.144972 v _562_/D (sky130_fd_sc_hd__dfrtp_1)
                                             12.144972   data arrival time

                                 25.000000   25.000000   clock clk_i (rise edge)
                                  0.000000   25.000000   clock source latency
     2    0.071891    0.327468    0.237902   25.237902 ^ clk_i (in)
                                                         clk_i (net)
                      0.329570    0.000000   25.237902 ^ clkbuf_0_clk_i/A (sky130_fd_sc_hd__clkbuf_16)
     2    0.018366    0.045915    0.208679   25.446581 ^ clkbuf_0_clk_i/X (sky130_fd_sc_hd__clkbuf_16)
                                                         clknet_0_clk_i (net)
                      0.045915    0.000139   25.446720 ^ clkbuf_1_0__f_clk_i/A (sky130_fd_sc_hd__clkbuf_16)
     3    0.007966    0.031577    0.114250   25.560968 ^ clkbuf_1_0__f_clk_i/X (sky130_fd_sc_hd__clkbuf_16)
                                                         clknet_1_0__leaf_clk_i (net)
                      0.031577    0.000082   25.561050 ^ _498_/A (sky130_fd_sc_hd__and2_2)
     3    0.049082    0.252905    0.282418   25.843468 ^ _498_/X (sky130_fd_sc_hd__and2_2)
                                                         u_ibex.clk (net)
                      0.253412    0.009246   25.852715 ^ clkbuf_0_u_ibex.clk/A (sky130_fd_sc_hd__clkbuf_16)
     9    0.077738    0.096883    0.236470   26.089186 ^ clkbuf_0_u_ibex.clk/X (sky130_fd_sc_hd__clkbuf_16)
                                                         clknet_0_u_ibex.clk (net)
                      0.097357    0.005382   26.094566 ^ clkbuf_2_2__f_u_ibex.clk/A (sky130_fd_sc_hd__clkbuf_16)
    31    0.099917    0.117594    0.198355   26.292923 ^ clkbuf_2_2__f_u_ibex.clk/X (sky130_fd_sc_hd__clkbuf_16)
                                                         clknet_2_2__leaf_u_ibex.clk (net)
                      0.120624    0.014909   26.307831 ^ _562_/CLK (sky130_fd_sc_hd__dfrtp_1)
                                 -0.250000   26.057833   clock uncertainty
                                  0.000000   26.057833   clock reconvergence pessimism
                                 -0.099074   25.958757   library setup time
                                             25.958757   data required time
---------------------------------------------------------------------------------------------
                                             25.958757   data required time
                                            -12.144972   data arrival time
---------------------------------------------------------------------------------------------
                                             13.813787   slack (MET)


Startpoint: tl_i[64] (input port clocked by clk_i)
Endpoint: _563_ (rising edge-triggered flip-flop clocked by clk_i)
Path Group: clk_i
Path Type: max

Fanout         Cap        Slew       Delay        Time   Description
---------------------------------------------------------------------------------------------
                                  0.000000    0.000000   clock clk_i (rise edge)
                                  0.000000    0.000000   clock network delay (propagated)
                                  5.000000    5.000000 v input external delay
     2    0.004514    0.012572    0.007284    5.007285 v tl_i[64] (in)
                                                         tl_i[64] (net)
                      0.012572    0.000000    5.007285 v input14/A (sky130_fd_sc_hd__clkbuf_4)
     3    0.042946    0.095138    0.181935    5.189220 v input14/X (sky130_fd_sc_hd__clkbuf_4)
                                                         net14 (net)
                      0.095140    0.000523    5.189743 v _423_/A (sky130_fd_sc_hd__xor2_4)
     3    0.064498    0.178750    0.262135    5.451878 v _423_/X (sky130_fd_sc_hd__xor2_4)
                                                         _176_ (net)
                      0.180085    0.012233    5.464111 v wire85/A (sky130_fd_sc_hd__buf_8)
     3    0.102479    0.080253    0.221316    5.685427 v wire85/X (sky130_fd_sc_hd__buf_8)
                                                         net85 (net)
                      0.099279    0.029526    5.714953 v _426_/B (sky130_fd_sc_hd__or4_4)
     3    0.063345    0.172918    0.658161    6.373114 v _426_/X (sky130_fd_sc_hd__or4_4)
                                                         _179_ (net)
                      0.175296    0.016052    6.389166 v _429_/C (sky130_fd_sc_hd__or4_1)
     1    0.002422    0.081099    0.496696    6.885861 v _429_/X (sky130_fd_sc_hd__or4_1)
                                                         _182_ (net)
                      0.081099    0.000020    6.885881 v _430_/A2 (sky130_fd_sc_hd__a21o_1)
     3    0.011430    0.068117    0.224413    7.110294 v _430_/X (sky130_fd_sc_hd__a21o_1)
                                                         _183_ (net)
                      0.068117    0.000315    7.110609 v _432_/A2 (sky130_fd_sc_hd__o211a_1)
     1    0.002451    0.036688    0.204829    7.315439 v _432_/X (sky130_fd_sc_hd__o211a_1)
                                                         u_ibex.u_ibex_core.id_stage_i.controller_i.exc_req_lsu (net)
                      0.036688    0.000028    7.315467 v hold316/A (sky130_fd_sc_hd__dlygate4sd3_1)
     1    0.002169    0.049853    0.539216    7.854682 v hold316/X (sky130_fd_sc_hd__dlygate4sd3_1)
                                                         net487 (net)
                      0.049853    0.000022    7.854705 v hold102/A (sky130_fd_sc_hd__dlygate4sd3_1)
     2    0.009154    0.082922    0.592372    8.447076 v hold102/X (sky130_fd_sc_hd__dlygate4sd3_1)
                                                         net273 (net)
                      0.082922    0.000226    8.447303 v _485_/A2 (sky130_fd_sc_hd__o21ai_2)
     4    0.017610    0.229097    0.225469    8.672771 ^ _485_/Y (sky130_fd_sc_hd__o21ai_2)
                                                         _227_ (net)
                      0.229097    0.000151    8.672922 ^ _487_/A2 (sky130_fd_sc_hd__a22oi_2)
     1    0.003200    0.071989    0.112504    8.785426 v _487_/Y (sky130_fd_sc_hd__a22oi_2)
                                                         _229_ (net)
                      0.071989    0.000048    8.785474 v hold159/A (sky130_fd_sc_hd__dlygate4sd3_1)
     3    0.012740    0.098621    0.618797    9.404271 v hold159/X (sky130_fd_sc_hd__dlygate4sd3_1)
                                                         net330 (net)
                      0.098621    0.000234    9.404505 v _489_/A (sky130_fd_sc_hd__nor2_1)
     1    0.004435    0.102819    0.136386    9.540891 ^ _489_/Y (sky130_fd_sc_hd__nor2_1)
                                                         _231_ (net)
                      0.102819    0.000072    9.540963 ^ hold160/A (sky130_fd_sc_hd__dlygate4sd3_1)
     4    0.014758    0.159599    0.639841   10.180804 ^ hold160/X (sky130_fd_sc_hd__dlygate4sd3_1)
                                                         net331 (net)
                      0.159599    0.000167   10.180971 ^ _495_/C (sky130_fd_sc_hd__nor3_1)
     1    0.004323    0.072210    0.072989   10.253960 v _495_/Y (sky130_fd_sc_hd__nor3_1)
                                                         u_ibex.u_ibex_core.if_stage_i.gen_prefetch_buffer.prefetch_buffer_i.fifo_i.valid_d[2] (net)
                      0.072210    0.000081   10.254041 v hold161/A (sky130_fd_sc_hd__dlygate4sd3_1)
     1    0.003579    0.057510    0.566597   10.820637 v hold161/X (sky130_fd_sc_hd__dlygate4sd3_1)
                                                         net332 (net)
                      0.057510    0.000054   10.820691 v hold15/A (sky130_fd_sc_hd__dlygate4sd3_1)
     1    0.002304    0.050208    0.548833   11.369524 v hold15/X (sky130_fd_sc_hd__dlygate4sd3_1)
                                                         net186 (net)
                      0.050208    0.000025   11.369549 v hold162/A (sky130_fd_sc_hd__dlygate4sd3_1)
     1    0.002424    0.050764    0.546797   11.916347 v hold162/X (sky130_fd_sc_hd__dlygate4sd3_1)
                                                         net333 (net)
                      0.050764    0.000021   11.916368 v _563_/D (sky130_fd_sc_hd__dfrtp_1)
                                             11.916368   data arrival time

                                 25.000000   25.000000   clock clk_i (rise edge)
                                  0.000000   25.000000   clock source latency
     2    0.071891    0.327468    0.237902   25.237902 ^ clk_i (in)
                                                         clk_i (net)
                      0.329570    0.000000   25.237902 ^ clkbuf_0_clk_i/A (sky130_fd_sc_hd__clkbuf_16)
     2    0.018366    0.045915    0.208679   25.446581 ^ clkbuf_0_clk_i/X (sky130_fd_sc_hd__clkbuf_16)
                                                         clknet_0_clk_i (net)
                      0.045915    0.000139   25.446720 ^ clkbuf_1_0__f_clk_i/A (sky130_fd_sc_hd__clkbuf_16)
     3    0.007966    0.031577    0.114250   25.560968 ^ clkbuf_1_0__f_clk_i/X (sky130_fd_sc_hd__clkbuf_16)
                                                         clknet_1_0__leaf_clk_i (net)
                      0.031577    0.000082   25.561050 ^ _498_/A (sky130_fd_sc_hd__and2_2)
     3    0.049082    0.252905    0.282418   25.843468 ^ _498_/X (sky130_fd_sc_hd__and2_2)
                                                         u_ibex.clk (net)
                      0.253412    0.009246   25.852715 ^ clkbuf_0_u_ibex.clk/A (sky130_fd_sc_hd__clkbuf_16)
     9    0.077738    0.096883    0.236470   26.089186 ^ clkbuf_0_u_ibex.clk/X (sky130_fd_sc_hd__clkbuf_16)
                                                         clknet_0_u_ibex.clk (net)
                      0.097357    0.005382   26.094566 ^ clkbuf_2_2__f_u_ibex.clk/A (sky130_fd_sc_hd__clkbuf_16)
    31    0.099917    0.117594    0.198355   26.292923 ^ clkbuf_2_2__f_u_ibex.clk/X (sky130_fd_sc_hd__clkbuf_16)
                                                         clknet_2_2__leaf_u_ibex.clk (net)
                      0.120585    0.014815   26.307737 ^ _563_/CLK (sky130_fd_sc_hd__dfrtp_1)
                                 -0.250000   26.057737   clock uncertainty
                                  0.000000   26.057737   clock reconvergence pessimism
                                 -0.099482   25.958258   library setup time
                                             25.958258   data required time
---------------------------------------------------------------------------------------------
                                             25.958258   data required time
                                            -11.916368   data arrival time
---------------------------------------------------------------------------------------------
                                             14.041889   slack (MET)


Startpoint: tl_i[64] (input port clocked by clk_i)
Endpoint: _565_ (rising edge-triggered flip-flop clocked by clk_i)
Path Group: clk_i
Path Type: max

Fanout         Cap        Slew       Delay        Time   Description
---------------------------------------------------------------------------------------------
                                  0.000000    0.000000   clock clk_i (rise edge)
                                  0.000000    0.000000   clock network delay (propagated)
                                  5.000000    5.000000 v input external delay
     2    0.004514    0.012572    0.007284    5.007285 v tl_i[64] (in)
                                                         tl_i[64] (net)
                      0.012572    0.000000    5.007285 v input14/A (sky130_fd_sc_hd__clkbuf_4)
     3    0.042946    0.095138    0.181935    5.189220 v input14/X (sky130_fd_sc_hd__clkbuf_4)
                                                         net14 (net)
                      0.095140    0.000523    5.189743 v _423_/A (sky130_fd_sc_hd__xor2_4)
     3    0.064498    0.178750    0.262135    5.451878 v _423_/X (sky130_fd_sc_hd__xor2_4)
                                                         _176_ (net)
                      0.180085    0.012233    5.464111 v wire85/A (sky130_fd_sc_hd__buf_8)
     3    0.102479    0.080253    0.221316    5.685427 v wire85/X (sky130_fd_sc_hd__buf_8)
                                                         net85 (net)
                      0.099279    0.029526    5.714953 v _426_/B (sky130_fd_sc_hd__or4_4)
     3    0.063345    0.172918    0.658161    6.373114 v _426_/X (sky130_fd_sc_hd__or4_4)
                                                         _179_ (net)
                      0.175296    0.016052    6.389166 v _429_/C (sky130_fd_sc_hd__or4_1)
     1    0.002422    0.081099    0.496696    6.885861 v _429_/X (sky130_fd_sc_hd__or4_1)
                                                         _182_ (net)
                      0.081099    0.000020    6.885881 v _430_/A2 (sky130_fd_sc_hd__a21o_1)
     3    0.011430    0.068117    0.224413    7.110294 v _430_/X (sky130_fd_sc_hd__a21o_1)
                                                         _183_ (net)
                      0.068117    0.000315    7.110609 v _432_/A2 (sky130_fd_sc_hd__o211a_1)
     1    0.002451    0.036688    0.204829    7.315439 v _432_/X (sky130_fd_sc_hd__o211a_1)
                                                         u_ibex.u_ibex_core.id_stage_i.controller_i.exc_req_lsu (net)
                      0.036688    0.000028    7.315467 v hold316/A (sky130_fd_sc_hd__dlygate4sd3_1)
     1    0.002169    0.049853    0.539216    7.854682 v hold316/X (sky130_fd_sc_hd__dlygate4sd3_1)
                                                         net487 (net)
                      0.049853    0.000022    7.854705 v hold102/A (sky130_fd_sc_hd__dlygate4sd3_1)
     2    0.009154    0.082922    0.592372    8.447076 v hold102/X (sky130_fd_sc_hd__dlygate4sd3_1)
                                                         net273 (net)
                      0.082922    0.000226    8.447303 v _485_/A2 (sky130_fd_sc_hd__o21ai_2)
     4    0.017610    0.229097    0.225469    8.672771 ^ _485_/Y (sky130_fd_sc_hd__o21ai_2)
                                                         _227_ (net)
                      0.229097    0.000151    8.672922 ^ _487_/A2 (sky130_fd_sc_hd__a22oi_2)
     1    0.003200    0.071989    0.112504    8.785426 v _487_/Y (sky130_fd_sc_hd__a22oi_2)
                                                         _229_ (net)
                      0.071989    0.000048    8.785474 v hold159/A (sky130_fd_sc_hd__dlygate4sd3_1)
     3    0.012740    0.098621    0.618797    9.404271 v hold159/X (sky130_fd_sc_hd__dlygate4sd3_1)
                                                         net330 (net)
                      0.098621    0.000234    9.404505 v _489_/A (sky130_fd_sc_hd__nor2_1)
     1    0.004435    0.102819    0.136386    9.540891 ^ _489_/Y (sky130_fd_sc_hd__nor2_1)
                                                         _231_ (net)
                      0.102819    0.000072    9.540963 ^ hold160/A (sky130_fd_sc_hd__dlygate4sd3_1)
     4    0.014758    0.159599    0.639841   10.180804 ^ hold160/X (sky130_fd_sc_hd__dlygate4sd3_1)
                                                         net331 (net)
                      0.159599    0.000108   10.180912 ^ _497_/A2 (sky130_fd_sc_hd__a22o_1)
     1    0.002306    0.042465    0.155127   10.336040 ^ _497_/X (sky130_fd_sc_hd__a22o_1)
                                                         u_ibex.u_ibex_core.if_stage_i.instr_valid_id_d (net)
                      0.042465    0.000014   10.336054 ^ hold165/A (sky130_fd_sc_hd__dlygate4sd3_1)
     1    0.002075    0.047198    0.527204   10.863258 ^ hold165/X (sky130_fd_sc_hd__dlygate4sd3_1)
                                                         net336 (net)
                      0.047198    0.000018   10.863276 ^ hold22/A (sky130_fd_sc_hd__dlygate4sd3_1)
     1    0.002711    0.052162    0.534735   11.398011 ^ hold22/X (sky130_fd_sc_hd__dlygate4sd3_1)
                                                         net193 (net)
                      0.052162    0.000031   11.398042 ^ hold166/A (sky130_fd_sc_hd__dlygate4sd3_1)
     1    0.002563    0.050912    0.534955   11.932997 ^ hold166/X (sky130_fd_sc_hd__dlygate4sd3_1)
                                                         net337 (net)
                      0.050912    0.000026   11.933022 ^ _565_/D (sky130_fd_sc_hd__dfrtp_1)
                                             11.933022   data arrival time

                                 25.000000   25.000000   clock clk_i (rise edge)
                                  0.000000   25.000000   clock source latency
     2    0.071891    0.327468    0.237902   25.237902 ^ clk_i (in)
                                                         clk_i (net)
                      0.329570    0.000000   25.237902 ^ clkbuf_0_clk_i/A (sky130_fd_sc_hd__clkbuf_16)
     2    0.018366    0.045915    0.208679   25.446581 ^ clkbuf_0_clk_i/X (sky130_fd_sc_hd__clkbuf_16)
                                                         clknet_0_clk_i (net)
                      0.045915    0.000139   25.446720 ^ clkbuf_1_0__f_clk_i/A (sky130_fd_sc_hd__clkbuf_16)
     3    0.007966    0.031577    0.114250   25.560968 ^ clkbuf_1_0__f_clk_i/X (sky130_fd_sc_hd__clkbuf_16)
                                                         clknet_1_0__leaf_clk_i (net)
                      0.031577    0.000082   25.561050 ^ _498_/A (sky130_fd_sc_hd__and2_2)
     3    0.049082    0.252905    0.282418   25.843468 ^ _498_/X (sky130_fd_sc_hd__and2_2)
                                                         u_ibex.clk (net)
                      0.253412    0.009246   25.852715 ^ clkbuf_0_u_ibex.clk/A (sky130_fd_sc_hd__clkbuf_16)
     9    0.077738    0.096883    0.236470   26.089186 ^ clkbuf_0_u_ibex.clk/X (sky130_fd_sc_hd__clkbuf_16)
                                                         clknet_0_u_ibex.clk (net)
                      0.097339    0.005283   26.094467 ^ clkbuf_2_3__f_u_ibex.clk/A (sky130_fd_sc_hd__clkbuf_16)
    23    0.077329    0.094713    0.186020   26.280487 ^ clkbuf_2_3__f_u_ibex.clk/X (sky130_fd_sc_hd__clkbuf_16)
                                                         clknet_2_3__leaf_u_ibex.clk (net)
                      0.095742    0.007805   26.288294 ^ _565_/CLK (sky130_fd_sc_hd__dfrtp_1)
                                 -0.250000   26.038294   clock uncertainty
                                  0.000000   26.038294   clock reconvergence pessimism
                                 -0.053556   25.984737   library setup time
                                             25.984737   data required time
---------------------------------------------------------------------------------------------
                                             25.984737   data required time
                                            -11.933022   data arrival time
---------------------------------------------------------------------------------------------
                                             14.051714   slack (MET)


Startpoint: tl_i[64] (input port clocked by clk_i)
Endpoint: _612_ (rising edge-triggered flip-flop clocked by clk_i)
Path Group: clk_i
Path Type: max

Fanout         Cap        Slew       Delay        Time   Description
---------------------------------------------------------------------------------------------
                                  0.000000    0.000000   clock clk_i (rise edge)
                                  0.000000    0.000000   clock network delay (propagated)
                                  5.000000    5.000000 v input external delay
     2    0.004514    0.012572    0.007284    5.007285 v tl_i[64] (in)
                                                         tl_i[64] (net)
                      0.012572    0.000000    5.007285 v input14/A (sky130_fd_sc_hd__clkbuf_4)
     3    0.042946    0.095138    0.181935    5.189220 v input14/X (sky130_fd_sc_hd__clkbuf_4)
                                                         net14 (net)
                      0.095140    0.000523    5.189743 v _423_/A (sky130_fd_sc_hd__xor2_4)
     3    0.064498    0.178750    0.262135    5.451878 v _423_/X (sky130_fd_sc_hd__xor2_4)
                                                         _176_ (net)
                      0.180085    0.012233    5.464111 v wire85/A (sky130_fd_sc_hd__buf_8)
     3    0.102479    0.080253    0.221316    5.685427 v wire85/X (sky130_fd_sc_hd__buf_8)
                                                         net85 (net)
                      0.099279    0.029526    5.714953 v _426_/B (sky130_fd_sc_hd__or4_4)
     3    0.063345    0.172918    0.658161    6.373114 v _426_/X (sky130_fd_sc_hd__or4_4)
                                                         _179_ (net)
                      0.175296    0.016052    6.389166 v _429_/C (sky130_fd_sc_hd__or4_1)
     1    0.002422    0.081099    0.496696    6.885861 v _429_/X (sky130_fd_sc_hd__or4_1)
                                                         _182_ (net)
                      0.081099    0.000020    6.885881 v _430_/A2 (sky130_fd_sc_hd__a21o_1)
     3    0.011430    0.068117    0.224413    7.110294 v _430_/X (sky130_fd_sc_hd__a21o_1)
                                                         _183_ (net)
                      0.068117    0.000315    7.110609 v _432_/A2 (sky130_fd_sc_hd__o211a_1)
     1    0.002451    0.036688    0.204829    7.315439 v _432_/X (sky130_fd_sc_hd__o211a_1)
                                                         u_ibex.u_ibex_core.id_stage_i.controller_i.exc_req_lsu (net)
                      0.036688    0.000028    7.315467 v hold316/A (sky130_fd_sc_hd__dlygate4sd3_1)
     1    0.002169    0.049853    0.539216    7.854682 v hold316/X (sky130_fd_sc_hd__dlygate4sd3_1)
                                                         net487 (net)
                      0.049853    0.000022    7.854705 v hold102/A (sky130_fd_sc_hd__dlygate4sd3_1)
     2    0.009154    0.082922    0.592372    8.447076 v hold102/X (sky130_fd_sc_hd__dlygate4sd3_1)
                                                         net273 (net)
                      0.082922    0.000226    8.447303 v _485_/A2 (sky130_fd_sc_hd__o21ai_2)
     4    0.017610    0.229097    0.225469    8.672771 ^ _485_/Y (sky130_fd_sc_hd__o21ai_2)
                                                         _227_ (net)
                      0.229097    0.000151    8.672922 ^ _487_/A2 (sky130_fd_sc_hd__a22oi_2)
     1    0.003200    0.071989    0.112504    8.785426 v _487_/Y (sky130_fd_sc_hd__a22oi_2)
                                                         _229_ (net)
                      0.071989    0.000048    8.785474 v hold159/A (sky130_fd_sc_hd__dlygate4sd3_1)
     3    0.012740    0.098621    0.618797    9.404271 v hold159/X (sky130_fd_sc_hd__dlygate4sd3_1)
                                                         net330 (net)
                      0.098621    0.000164    9.404436 v _555_/A1 (sky130_fd_sc_hd__o211a_1)
     1    0.002931    0.039094    0.236637    9.641073 v _555_/X (sky130_fd_sc_hd__o211a_1)
                                                         _041_ (net)
                      0.039094    0.000033    9.641106 v hold154/A (sky130_fd_sc_hd__dlygate4sd3_1)
     1    0.002927    0.053872    0.547042   10.188148 v hold154/X (sky130_fd_sc_hd__dlygate4sd3_1)
                                                         net325 (net)
                      0.053872    0.000036   10.188184 v hold20/A (sky130_fd_sc_hd__dlygate4sd3_1)
     1    0.002653    0.052066    0.550355   10.738540 v hold20/X (sky130_fd_sc_hd__dlygate4sd3_1)
                                                         net191 (net)
                      0.052066    0.000030   10.738569 v hold155/A (sky130_fd_sc_hd__dlygate4sd3_1)
     1    0.002063    0.050446    0.544245   11.282814 v hold155/X (sky130_fd_sc_hd__dlygate4sd3_1)
                                                         net326 (net)
                      0.050446    0.000010   11.282824 v _612_/D (sky130_fd_sc_hd__dfxtp_1)
                                             11.282824   data arrival time

                                 25.000000   25.000000   clock clk_i (rise edge)
                                  0.000000   25.000000   clock source latency
     2    0.071891    0.327468    0.237902   25.237902 ^ clk_i (in)
                                                         clk_i (net)
                      0.329570    0.000000   25.237902 ^ clkbuf_0_clk_i/A (sky130_fd_sc_hd__clkbuf_16)
     2    0.018366    0.045915    0.208679   25.446581 ^ clkbuf_0_clk_i/X (sky130_fd_sc_hd__clkbuf_16)
                                                         clknet_0_clk_i (net)
                      0.045915    0.000139   25.446720 ^ clkbuf_1_0__f_clk_i/A (sky130_fd_sc_hd__clkbuf_16)
     3    0.007966    0.031577    0.114250   25.560968 ^ clkbuf_1_0__f_clk_i/X (sky130_fd_sc_hd__clkbuf_16)
                                                         clknet_1_0__leaf_clk_i (net)
                      0.031577    0.000082   25.561050 ^ _498_/A (sky130_fd_sc_hd__and2_2)
     3    0.049082    0.252905    0.282418   25.843468 ^ _498_/X (sky130_fd_sc_hd__and2_2)
                                                         u_ibex.clk (net)
                      0.253412    0.009246   25.852715 ^ clkbuf_0_u_ibex.clk/A (sky130_fd_sc_hd__clkbuf_16)
     9    0.077738    0.096883    0.236470   26.089186 ^ clkbuf_0_u_ibex.clk/X (sky130_fd_sc_hd__clkbuf_16)
                                                         clknet_0_u_ibex.clk (net)
                      0.097339    0.005283   26.094467 ^ clkbuf_2_3__f_u_ibex.clk/A (sky130_fd_sc_hd__clkbuf_16)
    23    0.077329    0.094713    0.186020   26.280487 ^ clkbuf_2_3__f_u_ibex.clk/X (sky130_fd_sc_hd__clkbuf_16)
                                                         clknet_2_3__leaf_u_ibex.clk (net)
                      0.095769    0.007908   26.288397 ^ _612_/CLK (sky130_fd_sc_hd__dfxtp_1)
                                 -0.250000   26.038397   clock uncertainty
                                  0.000000   26.038397   clock reconvergence pessimism
                                 -0.101055   25.937342   library setup time
                                             25.937342   data required time
---------------------------------------------------------------------------------------------
                                             25.937342   data required time
                                            -11.282824   data arrival time
---------------------------------------------------------------------------------------------
                                             14.654518   slack (MET)


Startpoint: tl_i[64] (input port clocked by clk_i)
Endpoint: _561_ (rising edge-triggered flip-flop clocked by clk_i)
Path Group: clk_i
Path Type: max

Fanout         Cap        Slew       Delay        Time   Description
---------------------------------------------------------------------------------------------
                                  0.000000    0.000000   clock clk_i (rise edge)
                                  0.000000    0.000000   clock network delay (propagated)
                                  5.000000    5.000000 v input external delay
     2    0.004514    0.012572    0.007284    5.007285 v tl_i[64] (in)
                                                         tl_i[64] (net)
                      0.012572    0.000000    5.007285 v input14/A (sky130_fd_sc_hd__clkbuf_4)
     3    0.042946    0.095138    0.181935    5.189220 v input14/X (sky130_fd_sc_hd__clkbuf_4)
                                                         net14 (net)
                      0.095140    0.000523    5.189743 v _423_/A (sky130_fd_sc_hd__xor2_4)
     3    0.064498    0.178750    0.262135    5.451878 v _423_/X (sky130_fd_sc_hd__xor2_4)
                                                         _176_ (net)
                      0.180085    0.012233    5.464111 v wire85/A (sky130_fd_sc_hd__buf_8)
     3    0.102479    0.080253    0.221316    5.685427 v wire85/X (sky130_fd_sc_hd__buf_8)
                                                         net85 (net)
                      0.099279    0.029526    5.714953 v _426_/B (sky130_fd_sc_hd__or4_4)
     3    0.063345    0.172918    0.658161    6.373114 v _426_/X (sky130_fd_sc_hd__or4_4)
                                                         _179_ (net)
                      0.175296    0.016052    6.389166 v _429_/C (sky130_fd_sc_hd__or4_1)
     1    0.002422    0.081099    0.496696    6.885861 v _429_/X (sky130_fd_sc_hd__or4_1)
                                                         _182_ (net)
                      0.081099    0.000020    6.885881 v _430_/A2 (sky130_fd_sc_hd__a21o_1)
     3    0.011430    0.068117    0.224413    7.110294 v _430_/X (sky130_fd_sc_hd__a21o_1)
                                                         _183_ (net)
                      0.068117    0.000315    7.110609 v _432_/A2 (sky130_fd_sc_hd__o211a_1)
     1    0.002451    0.036688    0.204829    7.315439 v _432_/X (sky130_fd_sc_hd__o211a_1)
                                                         u_ibex.u_ibex_core.id_stage_i.controller_i.exc_req_lsu (net)
                      0.036688    0.000028    7.315467 v hold316/A (sky130_fd_sc_hd__dlygate4sd3_1)
     1    0.002169    0.049853    0.539216    7.854682 v hold316/X (sky130_fd_sc_hd__dlygate4sd3_1)
                                                         net487 (net)
                      0.049853    0.000022    7.854705 v hold102/A (sky130_fd_sc_hd__dlygate4sd3_1)
     2    0.009154    0.082922    0.592372    8.447076 v hold102/X (sky130_fd_sc_hd__dlygate4sd3_1)
                                                         net273 (net)
                      0.082922    0.000226    8.447303 v _485_/A2 (sky130_fd_sc_hd__o21ai_2)
     4    0.017610    0.229097    0.225469    8.672771 ^ _485_/Y (sky130_fd_sc_hd__o21ai_2)
                                                         _227_ (net)
                      0.229097    0.000151    8.672922 ^ _487_/A2 (sky130_fd_sc_hd__a22oi_2)
     1    0.003200    0.071989    0.112504    8.785426 v _487_/Y (sky130_fd_sc_hd__a22oi_2)
                                                         _229_ (net)
                      0.071989    0.000048    8.785474 v hold159/A (sky130_fd_sc_hd__dlygate4sd3_1)
     3    0.012740    0.098621    0.618797    9.404271 v hold159/X (sky130_fd_sc_hd__dlygate4sd3_1)
                                                         net330 (net)
                      0.098621    0.000218    9.404490 v _494_/B1 (sky130_fd_sc_hd__o221a_1)
     1    0.002280    0.042004    0.234191    9.638681 v _494_/X (sky130_fd_sc_hd__o221a_1)
                                                         u_ibex.u_ibex_core.if_stage_i.gen_prefetch_buffer.prefetch_buffer_i.fifo_i.valid_d[0] (net)
                      0.042004    0.000013    9.638695 v hold150/A (sky130_fd_sc_hd__dlygate4sd3_1)
     1    0.001857    0.048327    0.538452   10.177147 v hold150/X (sky130_fd_sc_hd__dlygate4sd3_1)
                                                         net321 (net)
                      0.048327    0.000016   10.177162 v hold12/A (sky130_fd_sc_hd__dlygate4sd3_1)
     1    0.002117    0.049569    0.543277   10.720439 v hold12/X (sky130_fd_sc_hd__dlygate4sd3_1)
                                                         net183 (net)
                      0.049569    0.000020   10.720459 v hold151/A (sky130_fd_sc_hd__dlygate4sd3_1)
     1    0.002307    0.050246    0.545486   11.265944 v hold151/X (sky130_fd_sc_hd__dlygate4sd3_1)
                                                         net322 (net)
                      0.050246    0.000020   11.265965 v _561_/D (sky130_fd_sc_hd__dfrtp_1)
                                             11.265965   data arrival time

                                 25.000000   25.000000   clock clk_i (rise edge)
                                  0.000000   25.000000   clock source latency
     2    0.071891    0.327468    0.237902   25.237902 ^ clk_i (in)
                                                         clk_i (net)
                      0.329570    0.000000   25.237902 ^ clkbuf_0_clk_i/A (sky130_fd_sc_hd__clkbuf_16)
     2    0.018366    0.045915    0.208679   25.446581 ^ clkbuf_0_clk_i/X (sky130_fd_sc_hd__clkbuf_16)
                                                         clknet_0_clk_i (net)
                      0.045915    0.000139   25.446720 ^ clkbuf_1_0__f_clk_i/A (sky130_fd_sc_hd__clkbuf_16)
     3    0.007966    0.031577    0.114250   25.560968 ^ clkbuf_1_0__f_clk_i/X (sky130_fd_sc_hd__clkbuf_16)
                                                         clknet_1_0__leaf_clk_i (net)
                      0.031577    0.000082   25.561050 ^ _498_/A (sky130_fd_sc_hd__and2_2)
     3    0.049082    0.252905    0.282418   25.843468 ^ _498_/X (sky130_fd_sc_hd__and2_2)
                                                         u_ibex.clk (net)
                      0.253412    0.009246   25.852715 ^ clkbuf_0_u_ibex.clk/A (sky130_fd_sc_hd__clkbuf_16)
     9    0.077738    0.096883    0.236470   26.089186 ^ clkbuf_0_u_ibex.clk/X (sky130_fd_sc_hd__clkbuf_16)
                                                         clknet_0_u_ibex.clk (net)
                      0.097339    0.005283   26.094467 ^ clkbuf_2_3__f_u_ibex.clk/A (sky130_fd_sc_hd__clkbuf_16)
    23    0.077329    0.094713    0.186020   26.280487 ^ clkbuf_2_3__f_u_ibex.clk/X (sky130_fd_sc_hd__clkbuf_16)
                                                         clknet_2_3__leaf_u_ibex.clk (net)
                      0.095782    0.007956   26.288445 ^ _561_/CLK (sky130_fd_sc_hd__dfrtp_1)
                                 -0.250000   26.038445   clock uncertainty
                                  0.000000   26.038445   clock reconvergence pessimism
                                 -0.104936   25.933510   library setup time
                                             25.933510   data required time
---------------------------------------------------------------------------------------------
                                             25.933510   data required time
                                            -11.265965   data arrival time
---------------------------------------------------------------------------------------------
                                             14.667545   slack (MET)


Startpoint: tl_i[64] (input port clocked by clk_i)
Endpoint: _590_ (rising edge-triggered flip-flop clocked by clk_i)
Path Group: clk_i
Path Type: max

Fanout         Cap        Slew       Delay        Time   Description
---------------------------------------------------------------------------------------------
                                  0.000000    0.000000   clock clk_i (rise edge)
                                  0.000000    0.000000   clock network delay (propagated)
                                  5.000000    5.000000 v input external delay
     2    0.004514    0.012572    0.007284    5.007285 v tl_i[64] (in)
                                                         tl_i[64] (net)
                      0.012572    0.000000    5.007285 v input14/A (sky130_fd_sc_hd__clkbuf_4)
     3    0.042946    0.095138    0.181935    5.189220 v input14/X (sky130_fd_sc_hd__clkbuf_4)
                                                         net14 (net)
                      0.095140    0.000523    5.189743 v _423_/A (sky130_fd_sc_hd__xor2_4)
     3    0.064498    0.178750    0.262135    5.451878 v _423_/X (sky130_fd_sc_hd__xor2_4)
                                                         _176_ (net)
                      0.180085    0.012233    5.464111 v wire85/A (sky130_fd_sc_hd__buf_8)
     3    0.102479    0.080253    0.221316    5.685427 v wire85/X (sky130_fd_sc_hd__buf_8)
                                                         net85 (net)
                      0.099279    0.029526    5.714953 v _426_/B (sky130_fd_sc_hd__or4_4)
     3    0.063345    0.172918    0.658161    6.373114 v _426_/X (sky130_fd_sc_hd__or4_4)
                                                         _179_ (net)
                      0.175296    0.016052    6.389166 v _429_/C (sky130_fd_sc_hd__or4_1)
     1    0.002422    0.081099    0.496696    6.885861 v _429_/X (sky130_fd_sc_hd__or4_1)
                                                         _182_ (net)
                      0.081099    0.000020    6.885881 v _430_/A2 (sky130_fd_sc_hd__a21o_1)
     3    0.011430    0.068117    0.224413    7.110294 v _430_/X (sky130_fd_sc_hd__a21o_1)
                                                         _183_ (net)
                      0.068117    0.000321    7.110615 v _524_/A1 (sky130_fd_sc_hd__o31ai_1)
     1    0.010042    0.385126    0.393679    7.504294 ^ _524_/Y (sky130_fd_sc_hd__o31ai_1)
                                                         _250_ (net)
                      0.385127    0.000422    7.504716 ^ wire66/A (sky130_fd_sc_hd__clkbuf_4)
     3    0.048454    0.155182    0.314331    7.819047 ^ wire66/X (sky130_fd_sc_hd__clkbuf_4)
                                                         net66 (net)
                      0.156414    0.011125    7.830172 ^ fanout65/A (sky130_fd_sc_hd__clkbuf_2)
     7    0.027197    0.152472    0.218423    8.048594 ^ fanout65/X (sky130_fd_sc_hd__clkbuf_2)
                                                         net65 (net)
                      0.152472    0.000105    8.048699 ^ fanout64/A (sky130_fd_sc_hd__buf_2)
    13    0.046816    0.229325    0.274831    8.323530 ^ fanout64/X (sky130_fd_sc_hd__buf_2)
                                                         net64 (net)
                      0.229326    0.000483    8.324014 ^ fanout63/A (sky130_fd_sc_hd__clkbuf_2)
     5    0.030890    0.172001    0.251005    8.575019 ^ fanout63/X (sky130_fd_sc_hd__clkbuf_2)
                                                         net63 (net)
                      0.172001    0.000260    8.575279 ^ fanout62/A (sky130_fd_sc_hd__buf_2)
     6    0.033999    0.169387    0.239216    8.814495 ^ fanout62/X (sky130_fd_sc_hd__buf_2)
                                                         net62 (net)
                      0.169387    0.000574    8.815069 ^ _535_/S (sky130_fd_sc_hd__mux2_1)
     1    0.002479    0.053258    0.333489    9.148558 v _535_/X (sky130_fd_sc_hd__mux2_1)
                                                         _021_ (net)
                      0.053258    0.000028    9.148586 v hold320/A (sky130_fd_sc_hd__dlygate4sd3_1)
     1    0.002958    0.053949    0.552848    9.701434 v hold320/X (sky130_fd_sc_hd__dlygate4sd3_1)
                                                         net491 (net)
                      0.053949    0.000038    9.701472 v hold91/A (sky130_fd_sc_hd__dlygate4sd3_1)
     1    0.003452    0.057068    0.557473   10.258945 v hold91/X (sky130_fd_sc_hd__dlygate4sd3_1)
                                                         net262 (net)
                      0.057068    0.000047   10.258992 v hold321/A (sky130_fd_sc_hd__dlygate4sd3_1)
     1    0.002970    0.054030    0.554686   10.813678 v hold321/X (sky130_fd_sc_hd__dlygate4sd3_1)
                                                         net492 (net)
                      0.054030    0.000032   10.813710 v _590_/D (sky130_fd_sc_hd__dfrtp_2)
                                             10.813710   data arrival time

                                 25.000000   25.000000   clock clk_i (rise edge)
                                  0.000000   25.000000   clock source latency
     2    0.071891    0.327468    0.237902   25.237902 ^ clk_i (in)
                                                         clk_i (net)
                      0.329570    0.000000   25.237902 ^ clkbuf_0_clk_i/A (sky130_fd_sc_hd__clkbuf_16)
     2    0.018366    0.045915    0.208679   25.446581 ^ clkbuf_0_clk_i/X (sky130_fd_sc_hd__clkbuf_16)
                                                         clknet_0_clk_i (net)
                      0.045915    0.000139   25.446720 ^ clkbuf_1_0__f_clk_i/A (sky130_fd_sc_hd__clkbuf_16)
     3    0.007966    0.031577    0.114250   25.560968 ^ clkbuf_1_0__f_clk_i/X (sky130_fd_sc_hd__clkbuf_16)
                                                         clknet_1_0__leaf_clk_i (net)
                      0.031577    0.000082   25.561050 ^ _498_/A (sky130_fd_sc_hd__and2_2)
     3    0.049082    0.252905    0.282418   25.843468 ^ _498_/X (sky130_fd_sc_hd__and2_2)
                                                         u_ibex.clk (net)
                      0.253412    0.009246   25.852715 ^ clkbuf_0_u_ibex.clk/A (sky130_fd_sc_hd__clkbuf_16)
     9    0.077738    0.096883    0.236470   26.089186 ^ clkbuf_0_u_ibex.clk/X (sky130_fd_sc_hd__clkbuf_16)
                                                         clknet_0_u_ibex.clk (net)
                      0.097116    0.003809   26.092993 ^ clkbuf_2_0__f_u_ibex.clk/A (sky130_fd_sc_hd__clkbuf_16)
    31    0.090578    0.108126    0.193445   26.286438 ^ clkbuf_2_0__f_u_ibex.clk/X (sky130_fd_sc_hd__clkbuf_16)
                                                         clknet_2_0__leaf_u_ibex.clk (net)
                      0.108611    0.005889   26.292328 ^ _590_/CLK (sky130_fd_sc_hd__dfrtp_2)
                                 -0.250000   26.042328   clock uncertainty
                                  0.000000   26.042328   clock reconvergence pessimism
                                 -0.104728   25.937599   library setup time
                                             25.937599   data required time
---------------------------------------------------------------------------------------------
                                             25.937599   data required time
                                            -10.813710   data arrival time
---------------------------------------------------------------------------------------------
                                             15.123888   slack (MET)


Startpoint: tl_i[64] (input port clocked by clk_i)
Endpoint: _592_ (rising edge-triggered flip-flop clocked by clk_i)
Path Group: clk_i
Path Type: max

Fanout         Cap        Slew       Delay        Time   Description
---------------------------------------------------------------------------------------------
                                  0.000000    0.000000   clock clk_i (rise edge)
                                  0.000000    0.000000   clock network delay (propagated)
                                  5.000000    5.000000 v input external delay
     2    0.004514    0.012572    0.007284    5.007285 v tl_i[64] (in)
                                                         tl_i[64] (net)
                      0.012572    0.000000    5.007285 v input14/A (sky130_fd_sc_hd__clkbuf_4)
     3    0.042946    0.095138    0.181935    5.189220 v input14/X (sky130_fd_sc_hd__clkbuf_4)
                                                         net14 (net)
                      0.095140    0.000523    5.189743 v _423_/A (sky130_fd_sc_hd__xor2_4)
     3    0.064498    0.178750    0.262135    5.451878 v _423_/X (sky130_fd_sc_hd__xor2_4)
                                                         _176_ (net)
                      0.180085    0.012233    5.464111 v wire85/A (sky130_fd_sc_hd__buf_8)
     3    0.102479    0.080253    0.221316    5.685427 v wire85/X (sky130_fd_sc_hd__buf_8)
                                                         net85 (net)
                      0.099279    0.029526    5.714953 v _426_/B (sky130_fd_sc_hd__or4_4)
     3    0.063345    0.172918    0.658161    6.373114 v _426_/X (sky130_fd_sc_hd__or4_4)
                                                         _179_ (net)
                      0.175296    0.016052    6.389166 v _429_/C (sky130_fd_sc_hd__or4_1)
     1    0.002422    0.081099    0.496696    6.885861 v _429_/X (sky130_fd_sc_hd__or4_1)
                                                         _182_ (net)
                      0.081099    0.000020    6.885881 v _430_/A2 (sky130_fd_sc_hd__a21o_1)
     3    0.011430    0.068117    0.224413    7.110294 v _430_/X (sky130_fd_sc_hd__a21o_1)
                                                         _183_ (net)
                      0.068117    0.000321    7.110615 v _524_/A1 (sky130_fd_sc_hd__o31ai_1)
     1    0.010042    0.385126    0.393679    7.504294 ^ _524_/Y (sky130_fd_sc_hd__o31ai_1)
                                                         _250_ (net)
                      0.385127    0.000422    7.504716 ^ wire66/A (sky130_fd_sc_hd__clkbuf_4)
     3    0.048454    0.155182    0.314331    7.819047 ^ wire66/X (sky130_fd_sc_hd__clkbuf_4)
                                                         net66 (net)
                      0.156414    0.011125    7.830172 ^ fanout65/A (sky130_fd_sc_hd__clkbuf_2)
     7    0.027197    0.152472    0.218423    8.048594 ^ fanout65/X (sky130_fd_sc_hd__clkbuf_2)
                                                         net65 (net)
                      0.152472    0.000105    8.048699 ^ fanout64/A (sky130_fd_sc_hd__buf_2)
    13    0.046816    0.229325    0.274831    8.323530 ^ fanout64/X (sky130_fd_sc_hd__buf_2)
                                                         net64 (net)
                      0.229326    0.000483    8.324014 ^ fanout63/A (sky130_fd_sc_hd__clkbuf_2)
     5    0.030890    0.172001    0.251005    8.575019 ^ fanout63/X (sky130_fd_sc_hd__clkbuf_2)
                                                         net63 (net)
                      0.172001    0.000260    8.575279 ^ fanout62/A (sky130_fd_sc_hd__buf_2)
     6    0.033999    0.169387    0.239216    8.814495 ^ fanout62/X (sky130_fd_sc_hd__buf_2)
                                                         net62 (net)
                      0.169388    0.000753    8.815248 ^ _537_/S (sky130_fd_sc_hd__mux2_1)
     1    0.002160    0.051703    0.330489    9.145737 v _537_/X (sky130_fd_sc_hd__mux2_1)
                                                         _023_ (net)
                      0.051703    0.000020    9.145758 v hold273/A (sky130_fd_sc_hd__dlygate4sd3_1)
     1    0.002393    0.050575    0.547098    9.692855 v hold273/X (sky130_fd_sc_hd__dlygate4sd3_1)
                                                         net444 (net)
                      0.050575    0.000024    9.692879 v hold76/A (sky130_fd_sc_hd__dlygate4sd3_1)
     1    0.002970    0.054049    0.551903   10.244782 v hold76/X (sky130_fd_sc_hd__dlygate4sd3_1)
                                                         net247 (net)
                      0.054049    0.000029   10.244811 v hold274/A (sky130_fd_sc_hd__dlygate4sd3_1)
     1    0.003514    0.057266    0.557926   10.802737 v hold274/X (sky130_fd_sc_hd__dlygate4sd3_1)
                                                         net445 (net)
                      0.057266    0.000046   10.802784 v _592_/D (sky130_fd_sc_hd__dfrtp_1)
                                             10.802784   data arrival time

                                 25.000000   25.000000   clock clk_i (rise edge)
                                  0.000000   25.000000   clock source latency
     2    0.071891    0.327468    0.237902   25.237902 ^ clk_i (in)
                                                         clk_i (net)
                      0.329570    0.000000   25.237902 ^ clkbuf_0_clk_i/A (sky130_fd_sc_hd__clkbuf_16)
     2    0.018366    0.045915    0.208679   25.446581 ^ clkbuf_0_clk_i/X (sky130_fd_sc_hd__clkbuf_16)
                                                         clknet_0_clk_i (net)
                      0.045915    0.000139   25.446720 ^ clkbuf_1_0__f_clk_i/A (sky130_fd_sc_hd__clkbuf_16)
     3    0.007966    0.031577    0.114250   25.560968 ^ clkbuf_1_0__f_clk_i/X (sky130_fd_sc_hd__clkbuf_16)
                                                         clknet_1_0__leaf_clk_i (net)
                      0.031577    0.000082   25.561050 ^ _498_/A (sky130_fd_sc_hd__and2_2)
     3    0.049082    0.252905    0.282418   25.843468 ^ _498_/X (sky130_fd_sc_hd__and2_2)
                                                         u_ibex.clk (net)
                      0.253412    0.009246   25.852715 ^ clkbuf_0_u_ibex.clk/A (sky130_fd_sc_hd__clkbuf_16)
     9    0.077738    0.096883    0.236470   26.089186 ^ clkbuf_0_u_ibex.clk/X (sky130_fd_sc_hd__clkbuf_16)
                                                         clknet_0_u_ibex.clk (net)
                      0.097116    0.003809   26.092993 ^ clkbuf_2_0__f_u_ibex.clk/A (sky130_fd_sc_hd__clkbuf_16)
    31    0.090578    0.108126    0.193445   26.286438 ^ clkbuf_2_0__f_u_ibex.clk/X (sky130_fd_sc_hd__clkbuf_16)
                                                         clknet_2_0__leaf_u_ibex.clk (net)
                      0.108466    0.004983   26.291422 ^ _592_/CLK (sky130_fd_sc_hd__dfrtp_1)
                                 -0.250000   26.041422   clock uncertainty
                                  0.000000   26.041422   clock reconvergence pessimism
                                 -0.105083   25.936338   library setup time
                                             25.936338   data required time
---------------------------------------------------------------------------------------------
                                             25.936338   data required time
                                            -10.802784   data arrival time
---------------------------------------------------------------------------------------------
                                             15.133555   slack (MET)


Startpoint: tl_i[64] (input port clocked by clk_i)
Endpoint: _591_ (rising edge-triggered flip-flop clocked by clk_i)
Path Group: clk_i
Path Type: max

Fanout         Cap        Slew       Delay        Time   Description
---------------------------------------------------------------------------------------------
                                  0.000000    0.000000   clock clk_i (rise edge)
                                  0.000000    0.000000   clock network delay (propagated)
                                  5.000000    5.000000 v input external delay
     2    0.004514    0.012572    0.007284    5.007285 v tl_i[64] (in)
                                                         tl_i[64] (net)
                      0.012572    0.000000    5.007285 v input14/A (sky130_fd_sc_hd__clkbuf_4)
     3    0.042946    0.095138    0.181935    5.189220 v input14/X (sky130_fd_sc_hd__clkbuf_4)
                                                         net14 (net)
                      0.095140    0.000523    5.189743 v _423_/A (sky130_fd_sc_hd__xor2_4)
     3    0.064498    0.178750    0.262135    5.451878 v _423_/X (sky130_fd_sc_hd__xor2_4)
                                                         _176_ (net)
                      0.180085    0.012233    5.464111 v wire85/A (sky130_fd_sc_hd__buf_8)
     3    0.102479    0.080253    0.221316    5.685427 v wire85/X (sky130_fd_sc_hd__buf_8)
                                                         net85 (net)
                      0.099279    0.029526    5.714953 v _426_/B (sky130_fd_sc_hd__or4_4)
     3    0.063345    0.172918    0.658161    6.373114 v _426_/X (sky130_fd_sc_hd__or4_4)
                                                         _179_ (net)
                      0.175296    0.016052    6.389166 v _429_/C (sky130_fd_sc_hd__or4_1)
     1    0.002422    0.081099    0.496696    6.885861 v _429_/X (sky130_fd_sc_hd__or4_1)
                                                         _182_ (net)
                      0.081099    0.000020    6.885881 v _430_/A2 (sky130_fd_sc_hd__a21o_1)
     3    0.011430    0.068117    0.224413    7.110294 v _430_/X (sky130_fd_sc_hd__a21o_1)
                                                         _183_ (net)
                      0.068117    0.000321    7.110615 v _524_/A1 (sky130_fd_sc_hd__o31ai_1)
     1    0.010042    0.385126    0.393679    7.504294 ^ _524_/Y (sky130_fd_sc_hd__o31ai_1)
                                                         _250_ (net)
                      0.385127    0.000422    7.504716 ^ wire66/A (sky130_fd_sc_hd__clkbuf_4)
     3    0.048454    0.155182    0.314331    7.819047 ^ wire66/X (sky130_fd_sc_hd__clkbuf_4)
                                                         net66 (net)
                      0.156414    0.011125    7.830172 ^ fanout65/A (sky130_fd_sc_hd__clkbuf_2)
     7    0.027197    0.152472    0.218423    8.048594 ^ fanout65/X (sky130_fd_sc_hd__clkbuf_2)
                                                         net65 (net)
                      0.152472    0.000105    8.048699 ^ fanout64/A (sky130_fd_sc_hd__buf_2)
    13    0.046816    0.229325    0.274831    8.323530 ^ fanout64/X (sky130_fd_sc_hd__buf_2)
                                                         net64 (net)
                      0.229326    0.000483    8.324014 ^ fanout63/A (sky130_fd_sc_hd__clkbuf_2)
     5    0.030890    0.172001    0.251005    8.575019 ^ fanout63/X (sky130_fd_sc_hd__clkbuf_2)
                                                         net63 (net)
                      0.172001    0.000260    8.575279 ^ fanout62/A (sky130_fd_sc_hd__buf_2)
     6    0.033999    0.169387    0.239216    8.814495 ^ fanout62/X (sky130_fd_sc_hd__buf_2)
                                                         net62 (net)
                      0.169387    0.000216    8.814711 ^ _536_/S (sky130_fd_sc_hd__mux2_1)
     1    0.002173    0.051744    0.330610    9.145321 v _536_/X (sky130_fd_sc_hd__mux2_1)
                                                         _022_ (net)
                      0.051744    0.000021    9.145343 v hold289/A (sky130_fd_sc_hd__dlygate4sd3_1)
     1    0.002331    0.050316    0.546548    9.691890 v hold289/X (sky130_fd_sc_hd__dlygate4sd3_1)
                                                         net460 (net)
                      0.050316    0.000025    9.691916 v hold84/A (sky130_fd_sc_hd__dlygate4sd3_1)
     1    0.002928    0.053780    0.551418   10.243334 v hold84/X (sky130_fd_sc_hd__dlygate4sd3_1)
                                                         net255 (net)
                      0.053780    0.000036   10.243370 v hold290/A (sky130_fd_sc_hd__dlygate4sd3_1)
     1    0.002580    0.051635    0.549648   10.793018 v hold290/X (sky130_fd_sc_hd__dlygate4sd3_1)
                                                         net461 (net)
                      0.051635    0.000025   10.793043 v _591_/D (sky130_fd_sc_hd__dfrtp_1)
                                             10.793043   data arrival time

                                 25.000000   25.000000   clock clk_i (rise edge)
                                  0.000000   25.000000   clock source latency
     2    0.071891    0.327468    0.237902   25.237902 ^ clk_i (in)
                                                         clk_i (net)
                      0.329570    0.000000   25.237902 ^ clkbuf_0_clk_i/A (sky130_fd_sc_hd__clkbuf_16)
     2    0.018366    0.045915    0.208679   25.446581 ^ clkbuf_0_clk_i/X (sky130_fd_sc_hd__clkbuf_16)
                                                         clknet_0_clk_i (net)
                      0.045915    0.000139   25.446720 ^ clkbuf_1_0__f_clk_i/A (sky130_fd_sc_hd__clkbuf_16)
     3    0.007966    0.031577    0.114250   25.560968 ^ clkbuf_1_0__f_clk_i/X (sky130_fd_sc_hd__clkbuf_16)
                                                         clknet_1_0__leaf_clk_i (net)
                      0.031577    0.000082   25.561050 ^ _498_/A (sky130_fd_sc_hd__and2_2)
     3    0.049082    0.252905    0.282418   25.843468 ^ _498_/X (sky130_fd_sc_hd__and2_2)
                                                         u_ibex.clk (net)
                      0.253412    0.009246   25.852715 ^ clkbuf_0_u_ibex.clk/A (sky130_fd_sc_hd__clkbuf_16)
     9    0.077738    0.096883    0.236470   26.089186 ^ clkbuf_0_u_ibex.clk/X (sky130_fd_sc_hd__clkbuf_16)
                                                         clknet_0_u_ibex.clk (net)
                      0.097116    0.003809   26.092993 ^ clkbuf_2_0__f_u_ibex.clk/A (sky130_fd_sc_hd__clkbuf_16)
    31    0.090578    0.108126    0.193445   26.286438 ^ clkbuf_2_0__f_u_ibex.clk/X (sky130_fd_sc_hd__clkbuf_16)
                                                         clknet_2_0__leaf_u_ibex.clk (net)
                      0.108874    0.007232   26.293671 ^ _591_/CLK (sky130_fd_sc_hd__dfrtp_1)
                                 -0.250000   26.043671   clock uncertainty
                                  0.000000   26.043671   clock reconvergence pessimism
                                 -0.102542   25.941130   library setup time
                                             25.941130   data required time
---------------------------------------------------------------------------------------------
                                             25.941130   data required time
                                            -10.793043   data arrival time
---------------------------------------------------------------------------------------------
                                             15.148086   slack (MET)


Startpoint: tl_i[64] (input port clocked by clk_i)
Endpoint: _593_ (rising edge-triggered flip-flop clocked by clk_i)
Path Group: clk_i
Path Type: max

Fanout         Cap        Slew       Delay        Time   Description
---------------------------------------------------------------------------------------------
                                  0.000000    0.000000   clock clk_i (rise edge)
                                  0.000000    0.000000   clock network delay (propagated)
                                  5.000000    5.000000 v input external delay
     2    0.004514    0.012572    0.007284    5.007285 v tl_i[64] (in)
                                                         tl_i[64] (net)
                      0.012572    0.000000    5.007285 v input14/A (sky130_fd_sc_hd__clkbuf_4)
     3    0.042946    0.095138    0.181935    5.189220 v input14/X (sky130_fd_sc_hd__clkbuf_4)
                                                         net14 (net)
                      0.095140    0.000523    5.189743 v _423_/A (sky130_fd_sc_hd__xor2_4)
     3    0.064498    0.178750    0.262135    5.451878 v _423_/X (sky130_fd_sc_hd__xor2_4)
                                                         _176_ (net)
                      0.180085    0.012233    5.464111 v wire85/A (sky130_fd_sc_hd__buf_8)
     3    0.102479    0.080253    0.221316    5.685427 v wire85/X (sky130_fd_sc_hd__buf_8)
                                                         net85 (net)
                      0.099279    0.029526    5.714953 v _426_/B (sky130_fd_sc_hd__or4_4)
     3    0.063345    0.172918    0.658161    6.373114 v _426_/X (sky130_fd_sc_hd__or4_4)
                                                         _179_ (net)
                      0.175296    0.016052    6.389166 v _429_/C (sky130_fd_sc_hd__or4_1)
     1    0.002422    0.081099    0.496696    6.885861 v _429_/X (sky130_fd_sc_hd__or4_1)
                                                         _182_ (net)
                      0.081099    0.000020    6.885881 v _430_/A2 (sky130_fd_sc_hd__a21o_1)
     3    0.011430    0.068117    0.224413    7.110294 v _430_/X (sky130_fd_sc_hd__a21o_1)
                                                         _183_ (net)
                      0.068117    0.000321    7.110615 v _524_/A1 (sky130_fd_sc_hd__o31ai_1)
     1    0.010042    0.385126    0.393679    7.504294 ^ _524_/Y (sky130_fd_sc_hd__o31ai_1)
                                                         _250_ (net)
                      0.385127    0.000422    7.504716 ^ wire66/A (sky130_fd_sc_hd__clkbuf_4)
     3    0.048454    0.155182    0.314331    7.819047 ^ wire66/X (sky130_fd_sc_hd__clkbuf_4)
                                                         net66 (net)
                      0.156414    0.011125    7.830172 ^ fanout65/A (sky130_fd_sc_hd__clkbuf_2)
     7    0.027197    0.152472    0.218423    8.048594 ^ fanout65/X (sky130_fd_sc_hd__clkbuf_2)
                                                         net65 (net)
                      0.152472    0.000105    8.048699 ^ fanout64/A (sky130_fd_sc_hd__buf_2)
    13    0.046816    0.229325    0.274831    8.323530 ^ fanout64/X (sky130_fd_sc_hd__buf_2)
                                                         net64 (net)
                      0.229326    0.000483    8.324014 ^ fanout63/A (sky130_fd_sc_hd__clkbuf_2)
     5    0.030890    0.172001    0.251005    8.575019 ^ fanout63/X (sky130_fd_sc_hd__clkbuf_2)
                                                         net63 (net)
                      0.172001    0.000260    8.575279 ^ fanout62/A (sky130_fd_sc_hd__buf_2)
     6    0.033999    0.169387    0.239216    8.814495 ^ fanout62/X (sky130_fd_sc_hd__buf_2)
                                                         net62 (net)
                      0.169388    0.000757    8.815252 ^ _538_/S (sky130_fd_sc_hd__mux2_1)
     1    0.002250    0.052026    0.331334    9.146586 v _538_/X (sky130_fd_sc_hd__mux2_1)
                                                         _024_ (net)
                      0.052026    0.000023    9.146609 v hold227/A (sky130_fd_sc_hd__dlygate4sd3_1)
     1    0.002163    0.049702    0.545133    9.691742 v hold227/X (sky130_fd_sc_hd__dlygate4sd3_1)
                                                         net398 (net)
                      0.049702    0.000021    9.691763 v hold46/A (sky130_fd_sc_hd__dlygate4sd3_1)
     1    0.001804    0.048927    0.540971   10.232734 v hold46/X (sky130_fd_sc_hd__dlygate4sd3_1)
                                                         net217 (net)
                      0.048927    0.000008   10.232742 v hold228/A (sky130_fd_sc_hd__dlygate4sd3_1)
     1    0.003405    0.056958    0.555159   10.787901 v hold228/X (sky130_fd_sc_hd__dlygate4sd3_1)
                                                         net399 (net)
                      0.056958    0.000043   10.787943 v _593_/D (sky130_fd_sc_hd__dfrtp_1)
                                             10.787943   data arrival time

                                 25.000000   25.000000   clock clk_i (rise edge)
                                  0.000000   25.000000   clock source latency
     2    0.071891    0.327468    0.237902   25.237902 ^ clk_i (in)
                                                         clk_i (net)
                      0.329570    0.000000   25.237902 ^ clkbuf_0_clk_i/A (sky130_fd_sc_hd__clkbuf_16)
     2    0.018366    0.045915    0.208679   25.446581 ^ clkbuf_0_clk_i/X (sky130_fd_sc_hd__clkbuf_16)
                                                         clknet_0_clk_i (net)
                      0.045915    0.000139   25.446720 ^ clkbuf_1_0__f_clk_i/A (sky130_fd_sc_hd__clkbuf_16)
     3    0.007966    0.031577    0.114250   25.560968 ^ clkbuf_1_0__f_clk_i/X (sky130_fd_sc_hd__clkbuf_16)
                                                         clknet_1_0__leaf_clk_i (net)
                      0.031577    0.000082   25.561050 ^ _498_/A (sky130_fd_sc_hd__and2_2)
     3    0.049082    0.252905    0.282418   25.843468 ^ _498_/X (sky130_fd_sc_hd__and2_2)
                                                         u_ibex.clk (net)
                      0.253412    0.009246   25.852715 ^ clkbuf_0_u_ibex.clk/A (sky130_fd_sc_hd__clkbuf_16)
     9    0.077738    0.096883    0.236470   26.089186 ^ clkbuf_0_u_ibex.clk/X (sky130_fd_sc_hd__clkbuf_16)
                                                         clknet_0_u_ibex.clk (net)
                      0.097116    0.003809   26.092993 ^ clkbuf_2_0__f_u_ibex.clk/A (sky130_fd_sc_hd__clkbuf_16)
    31    0.090578    0.108126    0.193445   26.286438 ^ clkbuf_2_0__f_u_ibex.clk/X (sky130_fd_sc_hd__clkbuf_16)
                                                         clknet_2_0__leaf_u_ibex.clk (net)
                      0.108543    0.005487   26.291925 ^ _593_/CLK (sky130_fd_sc_hd__dfrtp_1)
                                 -0.250000   26.041927   clock uncertainty
                                  0.000000   26.041927   clock reconvergence pessimism
                                 -0.104931   25.936996   library setup time
                                             25.936996   data required time
---------------------------------------------------------------------------------------------
                                             25.936996   data required time
                                            -10.787943   data arrival time
---------------------------------------------------------------------------------------------
                                             15.149053   slack (MET)


Startpoint: tl_i[64] (input port clocked by clk_i)
Endpoint: _588_ (rising edge-triggered flip-flop clocked by clk_i)
Path Group: clk_i
Path Type: max

Fanout         Cap        Slew       Delay        Time   Description
---------------------------------------------------------------------------------------------
                                  0.000000    0.000000   clock clk_i (rise edge)
                                  0.000000    0.000000   clock network delay (propagated)
                                  5.000000    5.000000 v input external delay
     2    0.004514    0.012572    0.007284    5.007285 v tl_i[64] (in)
                                                         tl_i[64] (net)
                      0.012572    0.000000    5.007285 v input14/A (sky130_fd_sc_hd__clkbuf_4)
     3    0.042946    0.095138    0.181935    5.189220 v input14/X (sky130_fd_sc_hd__clkbuf_4)
                                                         net14 (net)
                      0.095140    0.000523    5.189743 v _423_/A (sky130_fd_sc_hd__xor2_4)
     3    0.064498    0.178750    0.262135    5.451878 v _423_/X (sky130_fd_sc_hd__xor2_4)
                                                         _176_ (net)
                      0.180085    0.012233    5.464111 v wire85/A (sky130_fd_sc_hd__buf_8)
     3    0.102479    0.080253    0.221316    5.685427 v wire85/X (sky130_fd_sc_hd__buf_8)
                                                         net85 (net)
                      0.099279    0.029526    5.714953 v _426_/B (sky130_fd_sc_hd__or4_4)
     3    0.063345    0.172918    0.658161    6.373114 v _426_/X (sky130_fd_sc_hd__or4_4)
                                                         _179_ (net)
                      0.175296    0.016052    6.389166 v _429_/C (sky130_fd_sc_hd__or4_1)
     1    0.002422    0.081099    0.496696    6.885861 v _429_/X (sky130_fd_sc_hd__or4_1)
                                                         _182_ (net)
                      0.081099    0.000020    6.885881 v _430_/A2 (sky130_fd_sc_hd__a21o_1)
     3    0.011430    0.068117    0.224413    7.110294 v _430_/X (sky130_fd_sc_hd__a21o_1)
                                                         _183_ (net)
                      0.068117    0.000321    7.110615 v _524_/A1 (sky130_fd_sc_hd__o31ai_1)
     1    0.010042    0.385126    0.393679    7.504294 ^ _524_/Y (sky130_fd_sc_hd__o31ai_1)
                                                         _250_ (net)
                      0.385127    0.000422    7.504716 ^ wire66/A (sky130_fd_sc_hd__clkbuf_4)
     3    0.048454    0.155182    0.314331    7.819047 ^ wire66/X (sky130_fd_sc_hd__clkbuf_4)
                                                         net66 (net)
                      0.156414    0.011125    7.830172 ^ fanout65/A (sky130_fd_sc_hd__clkbuf_2)
     7    0.027197    0.152472    0.218423    8.048594 ^ fanout65/X (sky130_fd_sc_hd__clkbuf_2)
                                                         net65 (net)
                      0.152472    0.000105    8.048699 ^ fanout64/A (sky130_fd_sc_hd__buf_2)
    13    0.046816    0.229325    0.274831    8.323530 ^ fanout64/X (sky130_fd_sc_hd__buf_2)
                                                         net64 (net)
                      0.229326    0.000483    8.324014 ^ fanout63/A (sky130_fd_sc_hd__clkbuf_2)
     5    0.030890    0.172001    0.251005    8.575019 ^ fanout63/X (sky130_fd_sc_hd__clkbuf_2)
                                                         net63 (net)
                      0.172001    0.000260    8.575279 ^ fanout62/A (sky130_fd_sc_hd__buf_2)
     6    0.033999    0.169387    0.239216    8.814495 ^ fanout62/X (sky130_fd_sc_hd__buf_2)
                                                         net62 (net)
                      0.169387    0.000281    8.814775 ^ _533_/S (sky130_fd_sc_hd__mux2_1)
     1    0.001794    0.050022    0.327039    9.141814 v _533_/X (sky130_fd_sc_hd__mux2_1)
                                                         _019_ (net)
                      0.050022    0.000015    9.141829 v hold281/A (sky130_fd_sc_hd__dlygate4sd3_1)
     1    0.003064    0.054667    0.552542    9.694372 v hold281/X (sky130_fd_sc_hd__dlygate4sd3_1)
                                                         net452 (net)
                      0.054667    0.000042    9.694413 v hold80/A (sky130_fd_sc_hd__dlygate4sd3_1)
     1    0.002160    0.049683    0.546231   10.240644 v hold80/X (sky130_fd_sc_hd__dlygate4sd3_1)
                                                         net251 (net)
                      0.049683    0.000021   10.240665 v hold282/A (sky130_fd_sc_hd__dlygate4sd3_1)
     1    0.002572    0.051617    0.547939   10.788604 v hold282/X (sky130_fd_sc_hd__dlygate4sd3_1)
                                                         net453 (net)
                      0.051617    0.000024   10.788628 v _588_/D (sky130_fd_sc_hd__dfrtp_1)
                                             10.788628   data arrival time

                                 25.000000   25.000000   clock clk_i (rise edge)
                                  0.000000   25.000000   clock source latency
     2    0.071891    0.327468    0.237902   25.237902 ^ clk_i (in)
                                                         clk_i (net)
                      0.329570    0.000000   25.237902 ^ clkbuf_0_clk_i/A (sky130_fd_sc_hd__clkbuf_16)
     2    0.018366    0.045915    0.208679   25.446581 ^ clkbuf_0_clk_i/X (sky130_fd_sc_hd__clkbuf_16)
                                                         clknet_0_clk_i (net)
                      0.045915    0.000139   25.446720 ^ clkbuf_1_0__f_clk_i/A (sky130_fd_sc_hd__clkbuf_16)
     3    0.007966    0.031577    0.114250   25.560968 ^ clkbuf_1_0__f_clk_i/X (sky130_fd_sc_hd__clkbuf_16)
                                                         clknet_1_0__leaf_clk_i (net)
                      0.031577    0.000082   25.561050 ^ _498_/A (sky130_fd_sc_hd__and2_2)
     3    0.049082    0.252905    0.282418   25.843468 ^ _498_/X (sky130_fd_sc_hd__and2_2)
                                                         u_ibex.clk (net)
                      0.253412    0.009246   25.852715 ^ clkbuf_0_u_ibex.clk/A (sky130_fd_sc_hd__clkbuf_16)
     9    0.077738    0.096883    0.236470   26.089186 ^ clkbuf_0_u_ibex.clk/X (sky130_fd_sc_hd__clkbuf_16)
                                                         clknet_0_u_ibex.clk (net)
                      0.097116    0.003809   26.092993 ^ clkbuf_2_0__f_u_ibex.clk/A (sky130_fd_sc_hd__clkbuf_16)
    31    0.090578    0.108126    0.193445   26.286438 ^ clkbuf_2_0__f_u_ibex.clk/X (sky130_fd_sc_hd__clkbuf_16)
                                                         clknet_2_0__leaf_u_ibex.clk (net)
                      0.109143    0.008376   26.294815 ^ _588_/CLK (sky130_fd_sc_hd__dfrtp_1)
                                 -0.250000   26.044815   clock uncertainty
                                  0.000000   26.044815   clock reconvergence pessimism
                                 -0.102473   25.942343   library setup time
                                             25.942343   data required time
---------------------------------------------------------------------------------------------
                                             25.942343   data required time
                                            -10.788628   data arrival time
---------------------------------------------------------------------------------------------
                                             15.153713   slack (MET)


Startpoint: tl_i[64] (input port clocked by clk_i)
Endpoint: _594_ (rising edge-triggered flip-flop clocked by clk_i)
Path Group: clk_i
Path Type: max

Fanout         Cap        Slew       Delay        Time   Description
---------------------------------------------------------------------------------------------
                                  0.000000    0.000000   clock clk_i (rise edge)
                                  0.000000    0.000000   clock network delay (propagated)
                                  5.000000    5.000000 v input external delay
     2    0.004514    0.012572    0.007284    5.007285 v tl_i[64] (in)
                                                         tl_i[64] (net)
                      0.012572    0.000000    5.007285 v input14/A (sky130_fd_sc_hd__clkbuf_4)
     3    0.042946    0.095138    0.181935    5.189220 v input14/X (sky130_fd_sc_hd__clkbuf_4)
                                                         net14 (net)
                      0.095140    0.000523    5.189743 v _423_/A (sky130_fd_sc_hd__xor2_4)
     3    0.064498    0.178750    0.262135    5.451878 v _423_/X (sky130_fd_sc_hd__xor2_4)
                                                         _176_ (net)
                      0.180085    0.012233    5.464111 v wire85/A (sky130_fd_sc_hd__buf_8)
     3    0.102479    0.080253    0.221316    5.685427 v wire85/X (sky130_fd_sc_hd__buf_8)
                                                         net85 (net)
                      0.099279    0.029526    5.714953 v _426_/B (sky130_fd_sc_hd__or4_4)
     3    0.063345    0.172918    0.658161    6.373114 v _426_/X (sky130_fd_sc_hd__or4_4)
                                                         _179_ (net)
                      0.175296    0.016052    6.389166 v _429_/C (sky130_fd_sc_hd__or4_1)
     1    0.002422    0.081099    0.496696    6.885861 v _429_/X (sky130_fd_sc_hd__or4_1)
                                                         _182_ (net)
                      0.081099    0.000020    6.885881 v _430_/A2 (sky130_fd_sc_hd__a21o_1)
     3    0.011430    0.068117    0.224413    7.110294 v _430_/X (sky130_fd_sc_hd__a21o_1)
                                                         _183_ (net)
                      0.068117    0.000321    7.110615 v _524_/A1 (sky130_fd_sc_hd__o31ai_1)
     1    0.010042    0.385126    0.393679    7.504294 ^ _524_/Y (sky130_fd_sc_hd__o31ai_1)
                                                         _250_ (net)
                      0.385127    0.000422    7.504716 ^ wire66/A (sky130_fd_sc_hd__clkbuf_4)
     3    0.048454    0.155182    0.314331    7.819047 ^ wire66/X (sky130_fd_sc_hd__clkbuf_4)
                                                         net66 (net)
                      0.156414    0.011125    7.830172 ^ fanout65/A (sky130_fd_sc_hd__clkbuf_2)
     7    0.027197    0.152472    0.218423    8.048594 ^ fanout65/X (sky130_fd_sc_hd__clkbuf_2)
                                                         net65 (net)
                      0.152472    0.000105    8.048699 ^ fanout64/A (sky130_fd_sc_hd__buf_2)
    13    0.046816    0.229325    0.274831    8.323530 ^ fanout64/X (sky130_fd_sc_hd__buf_2)
                                                         net64 (net)
                      0.229326    0.000483    8.324014 ^ fanout63/A (sky130_fd_sc_hd__clkbuf_2)
     5    0.030890    0.172001    0.251005    8.575019 ^ fanout63/X (sky130_fd_sc_hd__clkbuf_2)
                                                         net63 (net)
                      0.172001    0.000260    8.575279 ^ fanout62/A (sky130_fd_sc_hd__buf_2)
     6    0.033999    0.169387    0.239216    8.814495 ^ fanout62/X (sky130_fd_sc_hd__buf_2)
                                                         net62 (net)
                      0.169388    0.000796    8.815291 ^ _539_/S (sky130_fd_sc_hd__mux2_1)
     1    0.001862    0.050344    0.327680    9.142971 v _539_/X (sky130_fd_sc_hd__mux2_1)
                                                         _025_ (net)
                      0.050344    0.000016    9.142987 v hold203/A (sky130_fd_sc_hd__dlygate4sd3_1)
     1    0.002632    0.051960    0.548738    9.691725 v hold203/X (sky130_fd_sc_hd__dlygate4sd3_1)
                                                         net374 (net)
                      0.051960    0.000030    9.691755 v hold38/A (sky130_fd_sc_hd__dlygate4sd3_1)
     1    0.001986    0.048894    0.543501   10.235256 v hold38/X (sky130_fd_sc_hd__dlygate4sd3_1)
                                                         net209 (net)
                      0.048894    0.000018   10.235274 v hold204/A (sky130_fd_sc_hd__dlygate4sd3_1)
     1    0.002415    0.050725    0.546206   10.781480 v hold204/X (sky130_fd_sc_hd__dlygate4sd3_1)
                                                         net375 (net)
                      0.050725    0.000022   10.781502 v _594_/D (sky130_fd_sc_hd__dfrtp_1)
                                             10.781502   data arrival time

                                 25.000000   25.000000   clock clk_i (rise edge)
                                  0.000000   25.000000   clock source latency
     2    0.071891    0.327468    0.237902   25.237902 ^ clk_i (in)
                                                         clk_i (net)
                      0.329570    0.000000   25.237902 ^ clkbuf_0_clk_i/A (sky130_fd_sc_hd__clkbuf_16)
     2    0.018366    0.045915    0.208679   25.446581 ^ clkbuf_0_clk_i/X (sky130_fd_sc_hd__clkbuf_16)
                                                         clknet_0_clk_i (net)
                      0.045915    0.000139   25.446720 ^ clkbuf_1_0__f_clk_i/A (sky130_fd_sc_hd__clkbuf_16)
     3    0.007966    0.031577    0.114250   25.560968 ^ clkbuf_1_0__f_clk_i/X (sky130_fd_sc_hd__clkbuf_16)
                                                         clknet_1_0__leaf_clk_i (net)
                      0.031577    0.000082   25.561050 ^ _498_/A (sky130_fd_sc_hd__and2_2)
     3    0.049082    0.252905    0.282418   25.843468 ^ _498_/X (sky130_fd_sc_hd__and2_2)
                                                         u_ibex.clk (net)
                      0.253412    0.009246   25.852715 ^ clkbuf_0_u_ibex.clk/A (sky130_fd_sc_hd__clkbuf_16)
     9    0.077738    0.096883    0.236470   26.089186 ^ clkbuf_0_u_ibex.clk/X (sky130_fd_sc_hd__clkbuf_16)
                                                         clknet_0_u_ibex.clk (net)
                      0.097115    0.003798   26.092983 ^ clkbuf_2_1__f_u_ibex.clk/A (sky130_fd_sc_hd__clkbuf_16)
    33    0.090510    0.107483    0.194202   26.287186 ^ clkbuf_2_1__f_u_ibex.clk/X (sky130_fd_sc_hd__clkbuf_16)
                                                         clknet_2_1__leaf_u_ibex.clk (net)
                      0.107748    0.004398   26.291582 ^ _594_/CLK (sky130_fd_sc_hd__dfrtp_1)
                                 -0.250000   26.041584   clock uncertainty
                                  0.000000   26.041584   clock reconvergence pessimism
                                 -0.102404   25.939180   library setup time
                                             25.939180   data required time
---------------------------------------------------------------------------------------------
                                             25.939180   data required time
                                            -10.781502   data arrival time
---------------------------------------------------------------------------------------------
                                             15.157679   slack (MET)


Startpoint: _574_ (rising edge-triggered flip-flop clocked by clk_i)
Endpoint: _556_ (rising edge-triggered flip-flop clocked by clk_i)
Path Group: clk_i
Path Type: max

Fanout         Cap        Slew       Delay        Time   Description
---------------------------------------------------------------------------------------------
                                  0.000000    0.000000   clock clk_i (rise edge)
                                  0.000000    0.000000   clock source latency
     2    0.071891    0.327468    0.237902    0.237902 ^ clk_i (in)
                                                         clk_i (net)
                      0.329570    0.000000    0.237902 ^ clkbuf_0_clk_i/A (sky130_fd_sc_hd__clkbuf_16)
     2    0.018366    0.045915    0.208680    0.446582 ^ clkbuf_0_clk_i/X (sky130_fd_sc_hd__clkbuf_16)
                                                         clknet_0_clk_i (net)
                      0.045915    0.000137    0.446719 ^ clkbuf_1_0__f_clk_i/A (sky130_fd_sc_hd__clkbuf_16)
     3    0.007966    0.031577    0.114250    0.560970 ^ clkbuf_1_0__f_clk_i/X (sky130_fd_sc_hd__clkbuf_16)
                                                         clknet_1_0__leaf_clk_i (net)
                      0.031577    0.000082    0.561052 ^ _498_/A (sky130_fd_sc_hd__and2_2)
     3    0.049082    0.253215    0.282417    0.843469 ^ _498_/X (sky130_fd_sc_hd__and2_2)
                                                         u_ibex.clk (net)
                      0.253722    0.009246    0.852715 ^ clkbuf_0_u_ibex.clk/A (sky130_fd_sc_hd__clkbuf_16)
     9    0.077738    0.096888    0.236566    1.089280 ^ clkbuf_0_u_ibex.clk/X (sky130_fd_sc_hd__clkbuf_16)
                                                         clknet_0_u_ibex.clk (net)
                      0.097344    0.005283    1.094563 ^ clkbuf_2_3__f_u_ibex.clk/A (sky130_fd_sc_hd__clkbuf_16)
    23    0.077329    0.094713    0.186021    1.280585 ^ clkbuf_2_3__f_u_ibex.clk/X (sky130_fd_sc_hd__clkbuf_16)
                                                         clknet_2_3__leaf_u_ibex.clk (net)
                      0.095409    0.006434    1.287019 ^ _574_/CLK (sky130_fd_sc_hd__dfrtp_1)
     1    0.003433    0.041953    0.375677    1.662696 v _574_/Q (sky130_fd_sc_hd__dfrtp_1)
                                                         u_ibex.u_ibex_core.id_stage_i.controller_i.ctrl_fsm_cs[3] (net)
                      0.041953    0.000053    1.662749 v hold327/A (sky130_fd_sc_hd__dlygate4sd3_1)
     1    0.002536    0.051474    0.544603    2.207352 v hold327/X (sky130_fd_sc_hd__dlygate4sd3_1)
                                                         net498 (net)
                      0.051474    0.000028    2.207379 v hold113/A (sky130_fd_sc_hd__dlygate4sd3_1)
     1    0.002516    0.051276    0.548127    2.755506 v hold113/X (sky130_fd_sc_hd__dlygate4sd3_1)
                                                         net284 (net)
                      0.051276    0.000028    2.755535 v hold328/A (sky130_fd_sc_hd__dlygate4sd3_1)
     2    0.009041    0.082441    0.592417    3.347951 v hold328/X (sky130_fd_sc_hd__dlygate4sd3_1)
                                                         net499 (net)
                      0.082441    0.000063    3.348014 v fanout83/A (sky130_fd_sc_hd__buf_1)
     1    0.005037    0.038431    0.114659    3.462673 v fanout83/X (sky130_fd_sc_hd__buf_1)
                                                         net83 (net)
                      0.038431    0.000101    3.462774 v hold114/A (sky130_fd_sc_hd__dlygate4sd3_1)
     6    0.018881    0.127045    0.633266    4.096040 v hold114/X (sky130_fd_sc_hd__dlygate4sd3_1)
                                                         net285 (net)
                      0.127045    0.000205    4.096245 v _411_/A_N (sky130_fd_sc_hd__and2b_1)
     4    0.017131    0.161925    0.309317    4.405562 ^ _411_/X (sky130_fd_sc_hd__and2b_1)
                                                         _165_ (net)
                      0.161925    0.000506    4.406068 ^ _412_/B (sky130_fd_sc_hd__nand2_1)
     1    0.002893    0.059130    0.073611    4.479679 v _412_/Y (sky130_fd_sc_hd__nand2_1)
                                                         _166_ (net)
                      0.059130    0.000037    4.479716 v hold231/A (sky130_fd_sc_hd__dlygate4sd3_1)
     1    0.002630    0.051933    0.552534    5.032250 v hold231/X (sky130_fd_sc_hd__dlygate4sd3_1)
                                                         net402 (net)
                      0.051933    0.000029    5.032279 v hold52/A (sky130_fd_sc_hd__dlygate4sd3_1)
     2    0.005563    0.066375    0.570426    5.602705 v hold52/X (sky130_fd_sc_hd__dlygate4sd3_1)
                                                         net223 (net)
                      0.066375    0.000066    5.602771 v _413_/B (sky130_fd_sc_hd__nor2_1)
     2    0.010280    0.199221    0.181549    5.784320 ^ _413_/Y (sky130_fd_sc_hd__nor2_1)
                                                         _167_ (net)
                      0.199221    0.000128    5.784448 ^ _435_/B1 (sky130_fd_sc_hd__o21ai_1)
     1    0.002122    0.060959    0.088829    5.873278 v _435_/Y (sky130_fd_sc_hd__o21ai_1)
                                                         _186_ (net)
                      0.060959    0.000013    5.873291 v hold136/A (sky130_fd_sc_hd__dlygate4sd3_1)
     1    0.004579    0.061866    0.568011    6.441302 v hold136/X (sky130_fd_sc_hd__dlygate4sd3_1)
                                                         net307 (net)
                      0.061866    0.000039    6.441341 v _436_/B (sky130_fd_sc_hd__nand2b_2)
     1    0.002882    0.040595    0.064430    6.505771 ^ _436_/Y (sky130_fd_sc_hd__nand2b_2)
                                                         _187_ (net)
                      0.040595    0.000037    6.505808 ^ hold137/A (sky130_fd_sc_hd__dlygate4sd3_1)
     5    0.023703    0.241455    0.682654    7.188463 ^ hold137/X (sky130_fd_sc_hd__dlygate4sd3_1)
                                                         net308 (net)
                      0.241455    0.000402    7.188865 ^ _437_/A (sky130_fd_sc_hd__inv_2)
     1    0.001824    0.037816    0.036468    7.225333 v _437_/Y (sky130_fd_sc_hd__inv_2)
                                                         _188_ (net)
                      0.037816    0.000008    7.225341 v hold138/A (sky130_fd_sc_hd__dlygate4sd3_1)
     5    0.016000    0.113433    0.619614    7.844955 v hold138/X (sky130_fd_sc_hd__dlygate4sd3_1)
                                                         net309 (net)
                      0.113433    0.000059    7.845014 v _438_/B1 (sky130_fd_sc_hd__o211a_1)
     1    0.002998    0.039424    0.151738    7.996752 v _438_/X (sky130_fd_sc_hd__o211a_1)
                                                         _189_ (net)
                      0.039424    0.000039    7.996791 v hold139/A (sky130_fd_sc_hd__dlygate4sd3_1)
     1    0.003224    0.055841    0.549863    8.546655 v hold139/X (sky130_fd_sc_hd__dlygate4sd3_1)
                                                         net310 (net)
                      0.055841    0.000039    8.546694 v _441_/B (sky130_fd_sc_hd__nor4_1)
     1    0.002415    0.207298    0.240349    8.787043 ^ _441_/Y (sky130_fd_sc_hd__nor4_1)
                                                         instr_gnt (net)
                      0.207298    0.000025    8.787067 ^ hold140/A (sky130_fd_sc_hd__dlygate4sd3_1)
     1    0.002437    0.051871    0.572038    9.359106 ^ hold140/X (sky130_fd_sc_hd__dlygate4sd3_1)
                                                         net311 (net)
                      0.051871    0.000011    9.359117 ^ wire56/A (sky130_fd_sc_hd__buf_1)
     1    0.003584    0.052585    0.089294    9.448410 ^ wire56/X (sky130_fd_sc_hd__buf_1)
                                                         net56 (net)
                      0.052585    0.000056    9.448466 ^ hold141/A (sky130_fd_sc_hd__dlygate4sd3_1)
     3    0.013029    0.143728    0.613552   10.062018 ^ hold141/X (sky130_fd_sc_hd__dlygate4sd3_1)
                                                         net312 (net)
                      0.143728    0.000110   10.062128 ^ _556_/D (sky130_fd_sc_hd__dfrtp_2)
                                             10.062128   data arrival time

                                 25.000000   25.000000   clock clk_i (rise edge)
                                  0.000000   25.000000   clock source latency
     2    0.071891    0.327468    0.237902   25.237902 ^ clk_i (in)
                                                         clk_i (net)
                      0.329570    0.000000   25.237902 ^ clkbuf_0_clk_i/A (sky130_fd_sc_hd__clkbuf_16)
     2    0.018366    0.045915    0.208679   25.446581 ^ clkbuf_0_clk_i/X (sky130_fd_sc_hd__clkbuf_16)
                                                         clknet_0_clk_i (net)
                      0.045915    0.000139   25.446720 ^ clkbuf_1_0__f_clk_i/A (sky130_fd_sc_hd__clkbuf_16)
     3    0.007966    0.031577    0.114250   25.560968 ^ clkbuf_1_0__f_clk_i/X (sky130_fd_sc_hd__clkbuf_16)
                                                         clknet_1_0__leaf_clk_i (net)
                      0.031577    0.000083   25.561052 ^ _556_/CLK (sky130_fd_sc_hd__dfrtp_2)
                                 -0.250000   25.311054   clock uncertainty
                                  0.000000   25.311054   clock reconvergence pessimism
                                 -0.088675   25.222378   library setup time
                                             25.222378   data required time
---------------------------------------------------------------------------------------------
                                             25.222378   data required time
                                            -10.062128   data arrival time
---------------------------------------------------------------------------------------------
                                             15.160251   slack (MET)


Startpoint: tl_i[64] (input port clocked by clk_i)
Endpoint: _607_ (rising edge-triggered flip-flop clocked by clk_i)
Path Group: clk_i
Path Type: max

Fanout         Cap        Slew       Delay        Time   Description
---------------------------------------------------------------------------------------------
                                  0.000000    0.000000   clock clk_i (rise edge)
                                  0.000000    0.000000   clock network delay (propagated)
                                  5.000000    5.000000 v input external delay
     2    0.004514    0.012572    0.007284    5.007285 v tl_i[64] (in)
                                                         tl_i[64] (net)
                      0.012572    0.000000    5.007285 v input14/A (sky130_fd_sc_hd__clkbuf_4)
     3    0.042946    0.095138    0.181935    5.189220 v input14/X (sky130_fd_sc_hd__clkbuf_4)
                                                         net14 (net)
                      0.095140    0.000523    5.189743 v _423_/A (sky130_fd_sc_hd__xor2_4)
     3    0.064498    0.178750    0.262135    5.451878 v _423_/X (sky130_fd_sc_hd__xor2_4)
                                                         _176_ (net)
                      0.180085    0.012233    5.464111 v wire85/A (sky130_fd_sc_hd__buf_8)
     3    0.102479    0.080253    0.221316    5.685427 v wire85/X (sky130_fd_sc_hd__buf_8)
                                                         net85 (net)
                      0.099279    0.029526    5.714953 v _426_/B (sky130_fd_sc_hd__or4_4)
     3    0.063345    0.172918    0.658161    6.373114 v _426_/X (sky130_fd_sc_hd__or4_4)
                                                         _179_ (net)
                      0.175296    0.016052    6.389166 v _429_/C (sky130_fd_sc_hd__or4_1)
     1    0.002422    0.081099    0.496696    6.885861 v _429_/X (sky130_fd_sc_hd__or4_1)
                                                         _182_ (net)
                      0.081099    0.000020    6.885881 v _430_/A2 (sky130_fd_sc_hd__a21o_1)
     3    0.011430    0.068117    0.224413    7.110294 v _430_/X (sky130_fd_sc_hd__a21o_1)
                                                         _183_ (net)
                      0.068117    0.000321    7.110615 v _524_/A1 (sky130_fd_sc_hd__o31ai_1)
     1    0.010042    0.385126    0.393679    7.504294 ^ _524_/Y (sky130_fd_sc_hd__o31ai_1)
                                                         _250_ (net)
                      0.385127    0.000422    7.504716 ^ wire66/A (sky130_fd_sc_hd__clkbuf_4)
     3    0.048454    0.155182    0.314331    7.819047 ^ wire66/X (sky130_fd_sc_hd__clkbuf_4)
                                                         net66 (net)
                      0.156414    0.011125    7.830172 ^ fanout65/A (sky130_fd_sc_hd__clkbuf_2)
     7    0.027197    0.152472    0.218423    8.048594 ^ fanout65/X (sky130_fd_sc_hd__clkbuf_2)
                                                         net65 (net)
                      0.152472    0.000682    8.049277 ^ fanout61/A (sky130_fd_sc_hd__dlymetal6s2s_1)
     4    0.022958    0.242647    0.260759    8.310036 ^ fanout61/X (sky130_fd_sc_hd__dlymetal6s2s_1)
                                                         net61 (net)
                      0.242652    0.000877    8.310912 ^ fanout60/A (sky130_fd_sc_hd__buf_2)
     6    0.037268    0.184444    0.268922    8.579834 ^ fanout60/X (sky130_fd_sc_hd__buf_2)
                                                         net60 (net)
                      0.184447    0.001100    8.580935 ^ _552_/S (sky130_fd_sc_hd__mux2_1)
     1    0.003076    0.056854    0.341277    8.922212 v _552_/X (sky130_fd_sc_hd__mux2_1)
                                                         _038_ (net)
                      0.056854    0.000042    8.922254 v hold261/A (sky130_fd_sc_hd__dlygate4sd3_1)
     1    0.001852    0.048223    0.544425    9.466679 v hold261/X (sky130_fd_sc_hd__dlygate4sd3_1)
                                                         net432 (net)
                      0.048223    0.000016    9.466695 v hold70/A (sky130_fd_sc_hd__dlygate4sd3_1)
     1    0.002641    0.052035    0.547997   10.014691 v hold70/X (sky130_fd_sc_hd__dlygate4sd3_1)
                                                         net241 (net)
                      0.052035    0.000032   10.014724 v hold262/A (sky130_fd_sc_hd__dlygate4sd3_1)
     1    0.003047    0.054536    0.553168   10.567892 v hold262/X (sky130_fd_sc_hd__dlygate4sd3_1)
                                                         net433 (net)
                      0.054536    0.000036   10.567927 v _607_/D (sky130_fd_sc_hd__dfrtp_1)
                                             10.567927   data arrival time

                                 25.000000   25.000000   clock clk_i (rise edge)
                                  0.000000   25.000000   clock source latency
     2    0.071891    0.327468    0.237902   25.237902 ^ clk_i (in)
                                                         clk_i (net)
                      0.329570    0.000000   25.237902 ^ clkbuf_0_clk_i/A (sky130_fd_sc_hd__clkbuf_16)
     2    0.018366    0.045915    0.208679   25.446581 ^ clkbuf_0_clk_i/X (sky130_fd_sc_hd__clkbuf_16)
                                                         clknet_0_clk_i (net)
                      0.045915    0.000139   25.446720 ^ clkbuf_1_0__f_clk_i/A (sky130_fd_sc_hd__clkbuf_16)
     3    0.007966    0.031577    0.114250   25.560968 ^ clkbuf_1_0__f_clk_i/X (sky130_fd_sc_hd__clkbuf_16)
                                                         clknet_1_0__leaf_clk_i (net)
                      0.031577    0.000082   25.561050 ^ _498_/A (sky130_fd_sc_hd__and2_2)
     3    0.049082    0.252905    0.282418   25.843468 ^ _498_/X (sky130_fd_sc_hd__and2_2)
                                                         u_ibex.clk (net)
                      0.253412    0.009246   25.852715 ^ clkbuf_0_u_ibex.clk/A (sky130_fd_sc_hd__clkbuf_16)
     9    0.077738    0.096883    0.236470   26.089186 ^ clkbuf_0_u_ibex.clk/X (sky130_fd_sc_hd__clkbuf_16)
                                                         clknet_0_u_ibex.clk (net)
                      0.097115    0.003798   26.092983 ^ clkbuf_2_1__f_u_ibex.clk/A (sky130_fd_sc_hd__clkbuf_16)
    33    0.090510    0.107483    0.194202   26.287186 ^ clkbuf_2_1__f_u_ibex.clk/X (sky130_fd_sc_hd__clkbuf_16)
                                                         clknet_2_1__leaf_u_ibex.clk (net)
                      0.108659    0.008978   26.296162 ^ _607_/CLK (sky130_fd_sc_hd__dfrtp_1)
                                 -0.250000   26.046164   clock uncertainty
                                  0.000000   26.046164   clock reconvergence pessimism
                                 -0.103852   25.942310   library setup time
                                             25.942310   data required time
---------------------------------------------------------------------------------------------
                                             25.942310   data required time
                                            -10.567927   data arrival time
---------------------------------------------------------------------------------------------
                                             15.374383   slack (MET)


Startpoint: tl_i[64] (input port clocked by clk_i)
Endpoint: _605_ (rising edge-triggered flip-flop clocked by clk_i)
Path Group: clk_i
Path Type: max

Fanout         Cap        Slew       Delay        Time   Description
---------------------------------------------------------------------------------------------
                                  0.000000    0.000000   clock clk_i (rise edge)
                                  0.000000    0.000000   clock network delay (propagated)
                                  5.000000    5.000000 v input external delay
     2    0.004514    0.012572    0.007284    5.007285 v tl_i[64] (in)
                                                         tl_i[64] (net)
                      0.012572    0.000000    5.007285 v input14/A (sky130_fd_sc_hd__clkbuf_4)
     3    0.042946    0.095138    0.181935    5.189220 v input14/X (sky130_fd_sc_hd__clkbuf_4)
                                                         net14 (net)
                      0.095140    0.000523    5.189743 v _423_/A (sky130_fd_sc_hd__xor2_4)
     3    0.064498    0.178750    0.262135    5.451878 v _423_/X (sky130_fd_sc_hd__xor2_4)
                                                         _176_ (net)
                      0.180085    0.012233    5.464111 v wire85/A (sky130_fd_sc_hd__buf_8)
     3    0.102479    0.080253    0.221316    5.685427 v wire85/X (sky130_fd_sc_hd__buf_8)
                                                         net85 (net)
                      0.099279    0.029526    5.714953 v _426_/B (sky130_fd_sc_hd__or4_4)
     3    0.063345    0.172918    0.658161    6.373114 v _426_/X (sky130_fd_sc_hd__or4_4)
                                                         _179_ (net)
                      0.175296    0.016052    6.389166 v _429_/C (sky130_fd_sc_hd__or4_1)
     1    0.002422    0.081099    0.496696    6.885861 v _429_/X (sky130_fd_sc_hd__or4_1)
                                                         _182_ (net)
                      0.081099    0.000020    6.885881 v _430_/A2 (sky130_fd_sc_hd__a21o_1)
     3    0.011430    0.068117    0.224413    7.110294 v _430_/X (sky130_fd_sc_hd__a21o_1)
                                                         _183_ (net)
                      0.068117    0.000321    7.110615 v _524_/A1 (sky130_fd_sc_hd__o31ai_1)
     1    0.010042    0.385126    0.393679    7.504294 ^ _524_/Y (sky130_fd_sc_hd__o31ai_1)
                                                         _250_ (net)
                      0.385127    0.000422    7.504716 ^ wire66/A (sky130_fd_sc_hd__clkbuf_4)
     3    0.048454    0.155182    0.314331    7.819047 ^ wire66/X (sky130_fd_sc_hd__clkbuf_4)
                                                         net66 (net)
                      0.156414    0.011125    7.830172 ^ fanout65/A (sky130_fd_sc_hd__clkbuf_2)
     7    0.027197    0.152472    0.218423    8.048594 ^ fanout65/X (sky130_fd_sc_hd__clkbuf_2)
                                                         net65 (net)
                      0.152472    0.000682    8.049277 ^ fanout61/A (sky130_fd_sc_hd__dlymetal6s2s_1)
     4    0.022958    0.242647    0.260759    8.310036 ^ fanout61/X (sky130_fd_sc_hd__dlymetal6s2s_1)
                                                         net61 (net)
                      0.242652    0.000877    8.310912 ^ fanout60/A (sky130_fd_sc_hd__buf_2)
     6    0.037268    0.184444    0.268922    8.579834 ^ fanout60/X (sky130_fd_sc_hd__buf_2)
                                                         net60 (net)
                      0.184444    0.000313    8.580147 ^ _550_/S (sky130_fd_sc_hd__mux2_1)
     1    0.001994    0.050959    0.331084    8.911231 v _550_/X (sky130_fd_sc_hd__mux2_1)
                                                         _036_ (net)
                      0.050959    0.000019    8.911250 v hold237/A (sky130_fd_sc_hd__dlygate4sd3_1)
     1    0.002391    0.050569    0.546788    9.458037 v hold237/X (sky130_fd_sc_hd__dlygate4sd3_1)
                                                         net408 (net)
                      0.050569    0.000024    9.458061 v hold55/A (sky130_fd_sc_hd__dlygate4sd3_1)
     1    0.002969    0.054042    0.551892   10.009953 v hold55/X (sky130_fd_sc_hd__dlygate4sd3_1)
                                                         net226 (net)
                      0.054042    0.000028   10.009981 v hold238/A (sky130_fd_sc_hd__dlygate4sd3_1)
     1    0.003136    0.055124    0.554823   10.564803 v hold238/X (sky130_fd_sc_hd__dlygate4sd3_1)
                                                         net409 (net)
                      0.055124    0.000040   10.564843 v _605_/D (sky130_fd_sc_hd__dfrtp_1)
                                             10.564843   data arrival time

                                 25.000000   25.000000   clock clk_i (rise edge)
                                  0.000000   25.000000   clock source latency
     2    0.071891    0.327468    0.237902   25.237902 ^ clk_i (in)
                                                         clk_i (net)
                      0.329570    0.000000   25.237902 ^ clkbuf_0_clk_i/A (sky130_fd_sc_hd__clkbuf_16)
     2    0.018366    0.045915    0.208679   25.446581 ^ clkbuf_0_clk_i/X (sky130_fd_sc_hd__clkbuf_16)
                                                         clknet_0_clk_i (net)
                      0.045915    0.000139   25.446720 ^ clkbuf_1_0__f_clk_i/A (sky130_fd_sc_hd__clkbuf_16)
     3    0.007966    0.031577    0.114250   25.560968 ^ clkbuf_1_0__f_clk_i/X (sky130_fd_sc_hd__clkbuf_16)
                                                         clknet_1_0__leaf_clk_i (net)
                      0.031577    0.000082   25.561050 ^ _498_/A (sky130_fd_sc_hd__and2_2)
     3    0.049082    0.252905    0.282418   25.843468 ^ _498_/X (sky130_fd_sc_hd__and2_2)
                                                         u_ibex.clk (net)
                      0.253412    0.009246   25.852715 ^ clkbuf_0_u_ibex.clk/A (sky130_fd_sc_hd__clkbuf_16)
     9    0.077738    0.096883    0.236470   26.089186 ^ clkbuf_0_u_ibex.clk/X (sky130_fd_sc_hd__clkbuf_16)
                                                         clknet_0_u_ibex.clk (net)
                      0.097115    0.003798   26.092983 ^ clkbuf_2_1__f_u_ibex.clk/A (sky130_fd_sc_hd__clkbuf_16)
    33    0.090510    0.107483    0.194202   26.287186 ^ clkbuf_2_1__f_u_ibex.clk/X (sky130_fd_sc_hd__clkbuf_16)
                                                         clknet_2_1__leaf_u_ibex.clk (net)
                      0.108393    0.007931   26.295116 ^ _605_/CLK (sky130_fd_sc_hd__dfrtp_1)
                                 -0.250000   26.045116   clock uncertainty
                                  0.000000   26.045116   clock reconvergence pessimism
                                 -0.104169   25.940948   library setup time
                                             25.940948   data required time
---------------------------------------------------------------------------------------------
                                             25.940948   data required time
                                            -10.564843   data arrival time
---------------------------------------------------------------------------------------------
                                             15.376104   slack (MET)


Startpoint: tl_i[64] (input port clocked by clk_i)
Endpoint: _603_ (rising edge-triggered flip-flop clocked by clk_i)
Path Group: clk_i
Path Type: max

Fanout         Cap        Slew       Delay        Time   Description
---------------------------------------------------------------------------------------------
                                  0.000000    0.000000   clock clk_i (rise edge)
                                  0.000000    0.000000   clock network delay (propagated)
                                  5.000000    5.000000 v input external delay
     2    0.004514    0.012572    0.007284    5.007285 v tl_i[64] (in)
                                                         tl_i[64] (net)
                      0.012572    0.000000    5.007285 v input14/A (sky130_fd_sc_hd__clkbuf_4)
     3    0.042946    0.095138    0.181935    5.189220 v input14/X (sky130_fd_sc_hd__clkbuf_4)
                                                         net14 (net)
                      0.095140    0.000523    5.189743 v _423_/A (sky130_fd_sc_hd__xor2_4)
     3    0.064498    0.178750    0.262135    5.451878 v _423_/X (sky130_fd_sc_hd__xor2_4)
                                                         _176_ (net)
                      0.180085    0.012233    5.464111 v wire85/A (sky130_fd_sc_hd__buf_8)
     3    0.102479    0.080253    0.221316    5.685427 v wire85/X (sky130_fd_sc_hd__buf_8)
                                                         net85 (net)
                      0.099279    0.029526    5.714953 v _426_/B (sky130_fd_sc_hd__or4_4)
     3    0.063345    0.172918    0.658161    6.373114 v _426_/X (sky130_fd_sc_hd__or4_4)
                                                         _179_ (net)
                      0.175296    0.016052    6.389166 v _429_/C (sky130_fd_sc_hd__or4_1)
     1    0.002422    0.081099    0.496696    6.885861 v _429_/X (sky130_fd_sc_hd__or4_1)
                                                         _182_ (net)
                      0.081099    0.000020    6.885881 v _430_/A2 (sky130_fd_sc_hd__a21o_1)
     3    0.011430    0.068117    0.224413    7.110294 v _430_/X (sky130_fd_sc_hd__a21o_1)
                                                         _183_ (net)
                      0.068117    0.000321    7.110615 v _524_/A1 (sky130_fd_sc_hd__o31ai_1)
     1    0.010042    0.385126    0.393679    7.504294 ^ _524_/Y (sky130_fd_sc_hd__o31ai_1)
                                                         _250_ (net)
                      0.385127    0.000422    7.504716 ^ wire66/A (sky130_fd_sc_hd__clkbuf_4)
     3    0.048454    0.155182    0.314331    7.819047 ^ wire66/X (sky130_fd_sc_hd__clkbuf_4)
                                                         net66 (net)
                      0.156414    0.011125    7.830172 ^ fanout65/A (sky130_fd_sc_hd__clkbuf_2)
     7    0.027197    0.152472    0.218423    8.048594 ^ fanout65/X (sky130_fd_sc_hd__clkbuf_2)
                                                         net65 (net)
                      0.152472    0.000682    8.049277 ^ fanout61/A (sky130_fd_sc_hd__dlymetal6s2s_1)
     4    0.022958    0.242647    0.260759    8.310036 ^ fanout61/X (sky130_fd_sc_hd__dlymetal6s2s_1)
                                                         net61 (net)
                      0.242652    0.000877    8.310912 ^ fanout60/A (sky130_fd_sc_hd__buf_2)
     6    0.037268    0.184444    0.268922    8.579834 ^ fanout60/X (sky130_fd_sc_hd__buf_2)
                                                         net60 (net)
                      0.184444    0.000148    8.579983 ^ _548_/S (sky130_fd_sc_hd__mux2_1)
     1    0.002421    0.052995    0.335103    8.915085 v _548_/X (sky130_fd_sc_hd__mux2_1)
                                                         _034_ (net)
                      0.052995    0.000028    8.915113 v hold245/A (sky130_fd_sc_hd__dlygate4sd3_1)
     1    0.002912    0.053652    0.552315    9.467428 v hold245/X (sky130_fd_sc_hd__dlygate4sd3_1)
                                                         net416 (net)
                      0.053652    0.000036    9.467463 v hold59/A (sky130_fd_sc_hd__dlygate4sd3_1)
     1    0.002146    0.049633    0.545644   10.013107 v hold59/X (sky130_fd_sc_hd__dlygate4sd3_1)
                                                         net230 (net)
                      0.049633    0.000021   10.013128 v hold246/A (sky130_fd_sc_hd__dlygate4sd3_1)
     1    0.002984    0.054149    0.551666   10.564795 v hold246/X (sky130_fd_sc_hd__dlygate4sd3_1)
                                                         net417 (net)
                      0.054149    0.000033   10.564828 v _603_/D (sky130_fd_sc_hd__dfrtp_1)
                                             10.564828   data arrival time

                                 25.000000   25.000000   clock clk_i (rise edge)
                                  0.000000   25.000000   clock source latency
     2    0.071891    0.327468    0.237902   25.237902 ^ clk_i (in)
                                                         clk_i (net)
                      0.329570    0.000000   25.237902 ^ clkbuf_0_clk_i/A (sky130_fd_sc_hd__clkbuf_16)
     2    0.018366    0.045915    0.208679   25.446581 ^ clkbuf_0_clk_i/X (sky130_fd_sc_hd__clkbuf_16)
                                                         clknet_0_clk_i (net)
                      0.045915    0.000139   25.446720 ^ clkbuf_1_0__f_clk_i/A (sky130_fd_sc_hd__clkbuf_16)
     3    0.007966    0.031577    0.114250   25.560968 ^ clkbuf_1_0__f_clk_i/X (sky130_fd_sc_hd__clkbuf_16)
                                                         clknet_1_0__leaf_clk_i (net)
                      0.031577    0.000082   25.561050 ^ _498_/A (sky130_fd_sc_hd__and2_2)
     3    0.049082    0.252905    0.282418   25.843468 ^ _498_/X (sky130_fd_sc_hd__and2_2)
                                                         u_ibex.clk (net)
                      0.253412    0.009246   25.852715 ^ clkbuf_0_u_ibex.clk/A (sky130_fd_sc_hd__clkbuf_16)
     9    0.077738    0.096883    0.236470   26.089186 ^ clkbuf_0_u_ibex.clk/X (sky130_fd_sc_hd__clkbuf_16)
                                                         clknet_0_u_ibex.clk (net)
                      0.097115    0.003798   26.092983 ^ clkbuf_2_1__f_u_ibex.clk/A (sky130_fd_sc_hd__clkbuf_16)
    33    0.090510    0.107483    0.194202   26.287186 ^ clkbuf_2_1__f_u_ibex.clk/X (sky130_fd_sc_hd__clkbuf_16)
                                                         clknet_2_1__leaf_u_ibex.clk (net)
                      0.108542    0.008535   26.295721 ^ _603_/CLK (sky130_fd_sc_hd__dfrtp_1)
                                 -0.250000   26.045721   clock uncertainty
                                  0.000000   26.045721   clock reconvergence pessimism
                                 -0.103711   25.942011   library setup time
                                             25.942011   data required time
---------------------------------------------------------------------------------------------
                                             25.942011   data required time
                                            -10.564828   data arrival time
---------------------------------------------------------------------------------------------
                                             15.377183   slack (MET)


Startpoint: tl_i[64] (input port clocked by clk_i)
Endpoint: _583_ (rising edge-triggered flip-flop clocked by clk_i)
Path Group: clk_i
Path Type: max

Fanout         Cap        Slew       Delay        Time   Description
---------------------------------------------------------------------------------------------
                                  0.000000    0.000000   clock clk_i (rise edge)
                                  0.000000    0.000000   clock network delay (propagated)
                                  5.000000    5.000000 v input external delay
     2    0.004514    0.012572    0.007284    5.007285 v tl_i[64] (in)
                                                         tl_i[64] (net)
                      0.012572    0.000000    5.007285 v input14/A (sky130_fd_sc_hd__clkbuf_4)
     3    0.042946    0.095138    0.181935    5.189220 v input14/X (sky130_fd_sc_hd__clkbuf_4)
                                                         net14 (net)
                      0.095140    0.000523    5.189743 v _423_/A (sky130_fd_sc_hd__xor2_4)
     3    0.064498    0.178750    0.262135    5.451878 v _423_/X (sky130_fd_sc_hd__xor2_4)
                                                         _176_ (net)
                      0.180085    0.012233    5.464111 v wire85/A (sky130_fd_sc_hd__buf_8)
     3    0.102479    0.080253    0.221316    5.685427 v wire85/X (sky130_fd_sc_hd__buf_8)
                                                         net85 (net)
                      0.099279    0.029526    5.714953 v _426_/B (sky130_fd_sc_hd__or4_4)
     3    0.063345    0.172918    0.658161    6.373114 v _426_/X (sky130_fd_sc_hd__or4_4)
                                                         _179_ (net)
                      0.175296    0.016052    6.389166 v _429_/C (sky130_fd_sc_hd__or4_1)
     1    0.002422    0.081099    0.496696    6.885861 v _429_/X (sky130_fd_sc_hd__or4_1)
                                                         _182_ (net)
                      0.081099    0.000020    6.885881 v _430_/A2 (sky130_fd_sc_hd__a21o_1)
     3    0.011430    0.068117    0.224413    7.110294 v _430_/X (sky130_fd_sc_hd__a21o_1)
                                                         _183_ (net)
                      0.068117    0.000321    7.110615 v _524_/A1 (sky130_fd_sc_hd__o31ai_1)
     1    0.010042    0.385126    0.393679    7.504294 ^ _524_/Y (sky130_fd_sc_hd__o31ai_1)
                                                         _250_ (net)
                      0.385127    0.000422    7.504716 ^ wire66/A (sky130_fd_sc_hd__clkbuf_4)
     3    0.048454    0.155182    0.314331    7.819047 ^ wire66/X (sky130_fd_sc_hd__clkbuf_4)
                                                         net66 (net)
                      0.156414    0.011125    7.830172 ^ fanout65/A (sky130_fd_sc_hd__clkbuf_2)
     7    0.027197    0.152472    0.218423    8.048594 ^ fanout65/X (sky130_fd_sc_hd__clkbuf_2)
                                                         net65 (net)
                      0.152472    0.000682    8.049277 ^ fanout61/A (sky130_fd_sc_hd__dlymetal6s2s_1)
     4    0.022958    0.242647    0.260759    8.310036 ^ fanout61/X (sky130_fd_sc_hd__dlymetal6s2s_1)
                                                         net61 (net)
                      0.242647    0.000066    8.310102 ^ fanout59/A (sky130_fd_sc_hd__buf_2)
     6    0.033647    0.167997    0.256671    8.566772 ^ fanout59/X (sky130_fd_sc_hd__buf_2)
                                                         net59 (net)
                      0.168000    0.001037    8.567810 ^ _528_/S (sky130_fd_sc_hd__mux2_1)
     1    0.002773    0.055018    0.336062    8.903872 v _528_/X (sky130_fd_sc_hd__mux2_1)
                                                         _014_ (net)
                      0.055018    0.000035    8.903906 v hold277/A (sky130_fd_sc_hd__dlygate4sd3_1)
     1    0.002929    0.053763    0.553380    9.457286 v hold277/X (sky130_fd_sc_hd__dlygate4sd3_1)
                                                         net448 (net)
                      0.053763    0.000039    9.457325 v hold78/A (sky130_fd_sc_hd__dlygate4sd3_1)
     1    0.002986    0.054130    0.553330   10.010654 v hold78/X (sky130_fd_sc_hd__dlygate4sd3_1)
                                                         net249 (net)
                      0.054130    0.000039   10.010694 v hold278/A (sky130_fd_sc_hd__dlygate4sd3_1)
     1    0.002954    0.053924    0.553207   10.563901 v hold278/X (sky130_fd_sc_hd__dlygate4sd3_1)
                                                         net449 (net)
                      0.053924    0.000035   10.563936 v _583_/D (sky130_fd_sc_hd__dfrtp_1)
                                             10.563936   data arrival time

                                 25.000000   25.000000   clock clk_i (rise edge)
                                  0.000000   25.000000   clock source latency
     2    0.071891    0.327468    0.237902   25.237902 ^ clk_i (in)
                                                         clk_i (net)
                      0.329570    0.000000   25.237902 ^ clkbuf_0_clk_i/A (sky130_fd_sc_hd__clkbuf_16)
     2    0.018366    0.045915    0.208679   25.446581 ^ clkbuf_0_clk_i/X (sky130_fd_sc_hd__clkbuf_16)
                                                         clknet_0_clk_i (net)
                      0.045915    0.000139   25.446720 ^ clkbuf_1_0__f_clk_i/A (sky130_fd_sc_hd__clkbuf_16)
     3    0.007966    0.031577    0.114250   25.560968 ^ clkbuf_1_0__f_clk_i/X (sky130_fd_sc_hd__clkbuf_16)
                                                         clknet_1_0__leaf_clk_i (net)
                      0.031577    0.000082   25.561050 ^ _498_/A (sky130_fd_sc_hd__and2_2)
     3    0.049082    0.252905    0.282418   25.843468 ^ _498_/X (sky130_fd_sc_hd__and2_2)
                                                         u_ibex.clk (net)
                      0.253412    0.009246   25.852715 ^ clkbuf_0_u_ibex.clk/A (sky130_fd_sc_hd__clkbuf_16)
     9    0.077738    0.096883    0.236470   26.089186 ^ clkbuf_0_u_ibex.clk/X (sky130_fd_sc_hd__clkbuf_16)
                                                         clknet_0_u_ibex.clk (net)
                      0.097116    0.003809   26.092993 ^ clkbuf_2_0__f_u_ibex.clk/A (sky130_fd_sc_hd__clkbuf_16)
    31    0.090578    0.108126    0.193445   26.286438 ^ clkbuf_2_0__f_u_ibex.clk/X (sky130_fd_sc_hd__clkbuf_16)
                                                         clknet_2_0__leaf_u_ibex.clk (net)
                      0.110096    0.011559   26.297997 ^ _583_/CLK (sky130_fd_sc_hd__dfrtp_1)
                                 -0.250000   26.047998   clock uncertainty
                                  0.000000   26.047998   clock reconvergence pessimism
                                 -0.103257   25.944740   library setup time
                                             25.944740   data required time
---------------------------------------------------------------------------------------------
                                             25.944740   data required time
                                            -10.563936   data arrival time
---------------------------------------------------------------------------------------------
                                             15.380805   slack (MET)


Startpoint: tl_i[64] (input port clocked by clk_i)
Endpoint: _586_ (rising edge-triggered flip-flop clocked by clk_i)
Path Group: clk_i
Path Type: max

Fanout         Cap        Slew       Delay        Time   Description
---------------------------------------------------------------------------------------------
                                  0.000000    0.000000   clock clk_i (rise edge)
                                  0.000000    0.000000   clock network delay (propagated)
                                  5.000000    5.000000 v input external delay
     2    0.004514    0.012572    0.007284    5.007285 v tl_i[64] (in)
                                                         tl_i[64] (net)
                      0.012572    0.000000    5.007285 v input14/A (sky130_fd_sc_hd__clkbuf_4)
     3    0.042946    0.095138    0.181935    5.189220 v input14/X (sky130_fd_sc_hd__clkbuf_4)
                                                         net14 (net)
                      0.095140    0.000523    5.189743 v _423_/A (sky130_fd_sc_hd__xor2_4)
     3    0.064498    0.178750    0.262135    5.451878 v _423_/X (sky130_fd_sc_hd__xor2_4)
                                                         _176_ (net)
                      0.180085    0.012233    5.464111 v wire85/A (sky130_fd_sc_hd__buf_8)
     3    0.102479    0.080253    0.221316    5.685427 v wire85/X (sky130_fd_sc_hd__buf_8)
                                                         net85 (net)
                      0.099279    0.029526    5.714953 v _426_/B (sky130_fd_sc_hd__or4_4)
     3    0.063345    0.172918    0.658161    6.373114 v _426_/X (sky130_fd_sc_hd__or4_4)
                                                         _179_ (net)
                      0.175296    0.016052    6.389166 v _429_/C (sky130_fd_sc_hd__or4_1)
     1    0.002422    0.081099    0.496696    6.885861 v _429_/X (sky130_fd_sc_hd__or4_1)
                                                         _182_ (net)
                      0.081099    0.000020    6.885881 v _430_/A2 (sky130_fd_sc_hd__a21o_1)
     3    0.011430    0.068117    0.224413    7.110294 v _430_/X (sky130_fd_sc_hd__a21o_1)
                                                         _183_ (net)
                      0.068117    0.000321    7.110615 v _524_/A1 (sky130_fd_sc_hd__o31ai_1)
     1    0.010042    0.385126    0.393679    7.504294 ^ _524_/Y (sky130_fd_sc_hd__o31ai_1)
                                                         _250_ (net)
                      0.385127    0.000422    7.504716 ^ wire66/A (sky130_fd_sc_hd__clkbuf_4)
     3    0.048454    0.155182    0.314331    7.819047 ^ wire66/X (sky130_fd_sc_hd__clkbuf_4)
                                                         net66 (net)
                      0.156414    0.011125    7.830172 ^ fanout65/A (sky130_fd_sc_hd__clkbuf_2)
     7    0.027197    0.152472    0.218423    8.048594 ^ fanout65/X (sky130_fd_sc_hd__clkbuf_2)
                                                         net65 (net)
                      0.152472    0.000105    8.048699 ^ fanout64/A (sky130_fd_sc_hd__buf_2)
    13    0.046816    0.229325    0.274831    8.323530 ^ fanout64/X (sky130_fd_sc_hd__buf_2)
                                                         net64 (net)
                      0.229326    0.000483    8.324014 ^ fanout63/A (sky130_fd_sc_hd__clkbuf_2)
     5    0.030890    0.172001    0.251005    8.575019 ^ fanout63/X (sky130_fd_sc_hd__clkbuf_2)
                                                         net63 (net)
                      0.172002    0.000832    8.575851 ^ _531_/S (sky130_fd_sc_hd__mux2_1)
     1    0.002450    0.053119    0.333591    8.909442 v _531_/X (sky130_fd_sc_hd__mux2_1)
                                                         _017_ (net)
                      0.053119    0.000026    8.909468 v hold211/A (sky130_fd_sc_hd__dlygate4sd3_1)
     1    0.003593    0.057514    0.558018    9.467485 v hold211/X (sky130_fd_sc_hd__dlygate4sd3_1)
                                                         net382 (net)
                      0.057514    0.000059    9.467545 v hold42/A (sky130_fd_sc_hd__dlygate4sd3_1)
     1    0.002324    0.050284    0.549020   10.016563 v hold42/X (sky130_fd_sc_hd__dlygate4sd3_1)
                                                         net213 (net)
                      0.050284    0.000023   10.016587 v hold212/A (sky130_fd_sc_hd__dlygate4sd3_1)
     1    0.002343    0.052119    0.546096   10.562682 v hold212/X (sky130_fd_sc_hd__dlygate4sd3_1)
                                                         net383 (net)
                      0.052119    0.000012   10.562695 v _586_/D (sky130_fd_sc_hd__dfrtp_1)
                                             10.562695   data arrival time

                                 25.000000   25.000000   clock clk_i (rise edge)
                                  0.000000   25.000000   clock source latency
     2    0.071891    0.327468    0.237902   25.237902 ^ clk_i (in)
                                                         clk_i (net)
                      0.329570    0.000000   25.237902 ^ clkbuf_0_clk_i/A (sky130_fd_sc_hd__clkbuf_16)
     2    0.018366    0.045915    0.208679   25.446581 ^ clkbuf_0_clk_i/X (sky130_fd_sc_hd__clkbuf_16)
                                                         clknet_0_clk_i (net)
                      0.045915    0.000139   25.446720 ^ clkbuf_1_0__f_clk_i/A (sky130_fd_sc_hd__clkbuf_16)
     3    0.007966    0.031577    0.114250   25.560968 ^ clkbuf_1_0__f_clk_i/X (sky130_fd_sc_hd__clkbuf_16)
                                                         clknet_1_0__leaf_clk_i (net)
                      0.031577    0.000082   25.561050 ^ _498_/A (sky130_fd_sc_hd__and2_2)
     3    0.049082    0.252905    0.282418   25.843468 ^ _498_/X (sky130_fd_sc_hd__and2_2)
                                                         u_ibex.clk (net)
                      0.253412    0.009246   25.852715 ^ clkbuf_0_u_ibex.clk/A (sky130_fd_sc_hd__clkbuf_16)
     9    0.077738    0.096883    0.236470   26.089186 ^ clkbuf_0_u_ibex.clk/X (sky130_fd_sc_hd__clkbuf_16)
                                                         clknet_0_u_ibex.clk (net)
                      0.097116    0.003809   26.092993 ^ clkbuf_2_0__f_u_ibex.clk/A (sky130_fd_sc_hd__clkbuf_16)
    31    0.090578    0.108126    0.193445   26.286438 ^ clkbuf_2_0__f_u_ibex.clk/X (sky130_fd_sc_hd__clkbuf_16)
                                                         clknet_2_0__leaf_u_ibex.clk (net)
                      0.109693    0.010328   26.296766 ^ _586_/CLK (sky130_fd_sc_hd__dfrtp_1)
                                 -0.250000   26.046768   clock uncertainty
                                  0.000000   26.046768   clock reconvergence pessimism
                                 -0.102565   25.944202   library setup time
                                             25.944202   data required time
---------------------------------------------------------------------------------------------
                                             25.944202   data required time
                                            -10.562695   data arrival time
---------------------------------------------------------------------------------------------
                                             15.381508   slack (MET)


Startpoint: tl_i[64] (input port clocked by clk_i)
Endpoint: _604_ (rising edge-triggered flip-flop clocked by clk_i)
Path Group: clk_i
Path Type: max

Fanout         Cap        Slew       Delay        Time   Description
---------------------------------------------------------------------------------------------
                                  0.000000    0.000000   clock clk_i (rise edge)
                                  0.000000    0.000000   clock network delay (propagated)
                                  5.000000    5.000000 v input external delay
     2    0.004514    0.012572    0.007284    5.007285 v tl_i[64] (in)
                                                         tl_i[64] (net)
                      0.012572    0.000000    5.007285 v input14/A (sky130_fd_sc_hd__clkbuf_4)
     3    0.042946    0.095138    0.181935    5.189220 v input14/X (sky130_fd_sc_hd__clkbuf_4)
                                                         net14 (net)
                      0.095140    0.000523    5.189743 v _423_/A (sky130_fd_sc_hd__xor2_4)
     3    0.064498    0.178750    0.262135    5.451878 v _423_/X (sky130_fd_sc_hd__xor2_4)
                                                         _176_ (net)
                      0.180085    0.012233    5.464111 v wire85/A (sky130_fd_sc_hd__buf_8)
     3    0.102479    0.080253    0.221316    5.685427 v wire85/X (sky130_fd_sc_hd__buf_8)
                                                         net85 (net)
                      0.099279    0.029526    5.714953 v _426_/B (sky130_fd_sc_hd__or4_4)
     3    0.063345    0.172918    0.658161    6.373114 v _426_/X (sky130_fd_sc_hd__or4_4)
                                                         _179_ (net)
                      0.175296    0.016052    6.389166 v _429_/C (sky130_fd_sc_hd__or4_1)
     1    0.002422    0.081099    0.496696    6.885861 v _429_/X (sky130_fd_sc_hd__or4_1)
                                                         _182_ (net)
                      0.081099    0.000020    6.885881 v _430_/A2 (sky130_fd_sc_hd__a21o_1)
     3    0.011430    0.068117    0.224413    7.110294 v _430_/X (sky130_fd_sc_hd__a21o_1)
                                                         _183_ (net)
                      0.068117    0.000321    7.110615 v _524_/A1 (sky130_fd_sc_hd__o31ai_1)
     1    0.010042    0.385126    0.393679    7.504294 ^ _524_/Y (sky130_fd_sc_hd__o31ai_1)
                                                         _250_ (net)
                      0.385127    0.000422    7.504716 ^ wire66/A (sky130_fd_sc_hd__clkbuf_4)
     3    0.048454    0.155182    0.314331    7.819047 ^ wire66/X (sky130_fd_sc_hd__clkbuf_4)
                                                         net66 (net)
                      0.156414    0.011125    7.830172 ^ fanout65/A (sky130_fd_sc_hd__clkbuf_2)
     7    0.027197    0.152472    0.218423    8.048594 ^ fanout65/X (sky130_fd_sc_hd__clkbuf_2)
                                                         net65 (net)
                      0.152472    0.000682    8.049277 ^ fanout61/A (sky130_fd_sc_hd__dlymetal6s2s_1)
     4    0.022958    0.242647    0.260759    8.310036 ^ fanout61/X (sky130_fd_sc_hd__dlymetal6s2s_1)
                                                         net61 (net)
                      0.242652    0.000877    8.310912 ^ fanout60/A (sky130_fd_sc_hd__buf_2)
     6    0.037268    0.184444    0.268922    8.579834 ^ fanout60/X (sky130_fd_sc_hd__buf_2)
                                                         net60 (net)
                      0.184451    0.001370    8.581203 ^ _549_/S (sky130_fd_sc_hd__mux2_1)
     1    0.002336    0.052576    0.334309    8.915512 v _549_/X (sky130_fd_sc_hd__mux2_1)
                                                         _035_ (net)
                      0.052576    0.000025    8.915537 v hold207/A (sky130_fd_sc_hd__dlygate4sd3_1)
     1    0.002278    0.050112    0.546394    9.461931 v hold207/X (sky130_fd_sc_hd__dlygate4sd3_1)
                                                         net378 (net)
                      0.050112    0.000024    9.461955 v hold36/A (sky130_fd_sc_hd__dlygate4sd3_1)
     1    0.002524    0.051335    0.547671   10.009626 v hold36/X (sky130_fd_sc_hd__dlygate4sd3_1)
                                                         net207 (net)
                      0.051335    0.000028   10.009655 v hold208/A (sky130_fd_sc_hd__dlygate4sd3_1)
     1    0.002817    0.053078    0.550812   10.560467 v hold208/X (sky130_fd_sc_hd__dlygate4sd3_1)
                                                         net379 (net)
                      0.053078    0.000031   10.560497 v _604_/D (sky130_fd_sc_hd__dfrtp_1)
                                             10.560497   data arrival time

                                 25.000000   25.000000   clock clk_i (rise edge)
                                  0.000000   25.000000   clock source latency
     2    0.071891    0.327468    0.237902   25.237902 ^ clk_i (in)
                                                         clk_i (net)
                      0.329570    0.000000   25.237902 ^ clkbuf_0_clk_i/A (sky130_fd_sc_hd__clkbuf_16)
     2    0.018366    0.045915    0.208679   25.446581 ^ clkbuf_0_clk_i/X (sky130_fd_sc_hd__clkbuf_16)
                                                         clknet_0_clk_i (net)
                      0.045915    0.000139   25.446720 ^ clkbuf_1_0__f_clk_i/A (sky130_fd_sc_hd__clkbuf_16)
     3    0.007966    0.031577    0.114250   25.560968 ^ clkbuf_1_0__f_clk_i/X (sky130_fd_sc_hd__clkbuf_16)
                                                         clknet_1_0__leaf_clk_i (net)
                      0.031577    0.000082   25.561050 ^ _498_/A (sky130_fd_sc_hd__and2_2)
     3    0.049082    0.252905    0.282418   25.843468 ^ _498_/X (sky130_fd_sc_hd__and2_2)
                                                         u_ibex.clk (net)
                      0.253412    0.009246   25.852715 ^ clkbuf_0_u_ibex.clk/A (sky130_fd_sc_hd__clkbuf_16)
     9    0.077738    0.096883    0.236470   26.089186 ^ clkbuf_0_u_ibex.clk/X (sky130_fd_sc_hd__clkbuf_16)
                                                         clknet_0_u_ibex.clk (net)
                      0.097115    0.003798   26.092983 ^ clkbuf_2_1__f_u_ibex.clk/A (sky130_fd_sc_hd__clkbuf_16)
    33    0.090510    0.107483    0.194202   26.287186 ^ clkbuf_2_1__f_u_ibex.clk/X (sky130_fd_sc_hd__clkbuf_16)
                                                         clknet_2_1__leaf_u_ibex.clk (net)
                      0.108609    0.008791   26.295977 ^ _604_/CLK (sky130_fd_sc_hd__dfrtp_1)
                                 -0.250000   26.045977   clock uncertainty
                                  0.000000   26.045977   clock reconvergence pessimism
                                 -0.103230   25.942747   library setup time
                                             25.942747   data required time
---------------------------------------------------------------------------------------------
                                             25.942747   data required time
                                            -10.560497   data arrival time
---------------------------------------------------------------------------------------------
                                             15.382249   slack (MET)


Startpoint: tl_i[64] (input port clocked by clk_i)
Endpoint: _595_ (rising edge-triggered flip-flop clocked by clk_i)
Path Group: clk_i
Path Type: max

Fanout         Cap        Slew       Delay        Time   Description
---------------------------------------------------------------------------------------------
                                  0.000000    0.000000   clock clk_i (rise edge)
                                  0.000000    0.000000   clock network delay (propagated)
                                  5.000000    5.000000 v input external delay
     2    0.004514    0.012572    0.007284    5.007285 v tl_i[64] (in)
                                                         tl_i[64] (net)
                      0.012572    0.000000    5.007285 v input14/A (sky130_fd_sc_hd__clkbuf_4)
     3    0.042946    0.095138    0.181935    5.189220 v input14/X (sky130_fd_sc_hd__clkbuf_4)
                                                         net14 (net)
                      0.095140    0.000523    5.189743 v _423_/A (sky130_fd_sc_hd__xor2_4)
     3    0.064498    0.178750    0.262135    5.451878 v _423_/X (sky130_fd_sc_hd__xor2_4)
                                                         _176_ (net)
                      0.180085    0.012233    5.464111 v wire85/A (sky130_fd_sc_hd__buf_8)
     3    0.102479    0.080253    0.221316    5.685427 v wire85/X (sky130_fd_sc_hd__buf_8)
                                                         net85 (net)
                      0.099279    0.029526    5.714953 v _426_/B (sky130_fd_sc_hd__or4_4)
     3    0.063345    0.172918    0.658161    6.373114 v _426_/X (sky130_fd_sc_hd__or4_4)
                                                         _179_ (net)
                      0.175296    0.016052    6.389166 v _429_/C (sky130_fd_sc_hd__or4_1)
     1    0.002422    0.081099    0.496696    6.885861 v _429_/X (sky130_fd_sc_hd__or4_1)
                                                         _182_ (net)
                      0.081099    0.000020    6.885881 v _430_/A2 (sky130_fd_sc_hd__a21o_1)
     3    0.011430    0.068117    0.224413    7.110294 v _430_/X (sky130_fd_sc_hd__a21o_1)
                                                         _183_ (net)
                      0.068117    0.000321    7.110615 v _524_/A1 (sky130_fd_sc_hd__o31ai_1)
     1    0.010042    0.385126    0.393679    7.504294 ^ _524_/Y (sky130_fd_sc_hd__o31ai_1)
                                                         _250_ (net)
                      0.385127    0.000422    7.504716 ^ wire66/A (sky130_fd_sc_hd__clkbuf_4)
     3    0.048454    0.155182    0.314331    7.819047 ^ wire66/X (sky130_fd_sc_hd__clkbuf_4)
                                                         net66 (net)
                      0.156414    0.011125    7.830172 ^ fanout65/A (sky130_fd_sc_hd__clkbuf_2)
     7    0.027197    0.152472    0.218423    8.048594 ^ fanout65/X (sky130_fd_sc_hd__clkbuf_2)
                                                         net65 (net)
                      0.152472    0.000105    8.048699 ^ fanout64/A (sky130_fd_sc_hd__buf_2)
    13    0.046816    0.229325    0.274831    8.323530 ^ fanout64/X (sky130_fd_sc_hd__buf_2)
                                                         net64 (net)
                      0.229326    0.000483    8.324014 ^ fanout63/A (sky130_fd_sc_hd__clkbuf_2)
     5    0.030890    0.172001    0.251005    8.575019 ^ fanout63/X (sky130_fd_sc_hd__clkbuf_2)
                                                         net63 (net)
                      0.172001    0.000313    8.575332 ^ _540_/S (sky130_fd_sc_hd__mux2_1)
     1    0.002233    0.051936    0.331549    8.906880 v _540_/X (sky130_fd_sc_hd__mux2_1)
                                                         _026_ (net)
                      0.051936    0.000023    8.906904 v hold269/A (sky130_fd_sc_hd__dlygate4sd3_1)
     1    0.002675    0.052206    0.549752    9.456656 v hold269/X (sky130_fd_sc_hd__dlygate4sd3_1)
                                                         net440 (net)
                      0.052206    0.000033    9.456689 v hold74/A (sky130_fd_sc_hd__dlygate4sd3_1)
     1    0.002305    0.050214    0.546493   10.003181 v hold74/X (sky130_fd_sc_hd__dlygate4sd3_1)
                                                         net245 (net)
                      0.050214    0.000025   10.003206 v hold270/A (sky130_fd_sc_hd__dlygate4sd3_1)
     1    0.002919    0.053724    0.551296   10.554502 v hold270/X (sky130_fd_sc_hd__dlygate4sd3_1)
                                                         net441 (net)
                      0.053724    0.000034   10.554536 v _595_/D (sky130_fd_sc_hd__dfrtp_1)
                                             10.554536   data arrival time

                                 25.000000   25.000000   clock clk_i (rise edge)
                                  0.000000   25.000000   clock source latency
     2    0.071891    0.327468    0.237902   25.237902 ^ clk_i (in)
                                                         clk_i (net)
                      0.329570    0.000000   25.237902 ^ clkbuf_0_clk_i/A (sky130_fd_sc_hd__clkbuf_16)
     2    0.018366    0.045915    0.208679   25.446581 ^ clkbuf_0_clk_i/X (sky130_fd_sc_hd__clkbuf_16)
                                                         clknet_0_clk_i (net)
                      0.045915    0.000139   25.446720 ^ clkbuf_1_0__f_clk_i/A (sky130_fd_sc_hd__clkbuf_16)
     3    0.007966    0.031577    0.114250   25.560968 ^ clkbuf_1_0__f_clk_i/X (sky130_fd_sc_hd__clkbuf_16)
                                                         clknet_1_0__leaf_clk_i (net)
                      0.031577    0.000082   25.561050 ^ _498_/A (sky130_fd_sc_hd__and2_2)
     3    0.049082    0.252905    0.282418   25.843468 ^ _498_/X (sky130_fd_sc_hd__and2_2)
                                                         u_ibex.clk (net)
                      0.253412    0.009246   25.852715 ^ clkbuf_0_u_ibex.clk/A (sky130_fd_sc_hd__clkbuf_16)
     9    0.077738    0.096883    0.236470   26.089186 ^ clkbuf_0_u_ibex.clk/X (sky130_fd_sc_hd__clkbuf_16)
                                                         clknet_0_u_ibex.clk (net)
                      0.097115    0.003798   26.092983 ^ clkbuf_2_1__f_u_ibex.clk/A (sky130_fd_sc_hd__clkbuf_16)
    33    0.090510    0.107483    0.194202   26.287186 ^ clkbuf_2_1__f_u_ibex.clk/X (sky130_fd_sc_hd__clkbuf_16)
                                                         clknet_2_1__leaf_u_ibex.clk (net)
                      0.107851    0.005146   26.292332 ^ _595_/CLK (sky130_fd_sc_hd__dfrtp_1)
                                 -0.250000   26.042332   clock uncertainty
                                  0.000000   26.042332   clock reconvergence pessimism
                                 -0.103684   25.938648   library setup time
                                             25.938648   data required time
---------------------------------------------------------------------------------------------
                                             25.938648   data required time
                                            -10.554536   data arrival time
---------------------------------------------------------------------------------------------
                                             15.384110   slack (MET)


Startpoint: tl_i[64] (input port clocked by clk_i)
Endpoint: _608_ (rising edge-triggered flip-flop clocked by clk_i)
Path Group: clk_i
Path Type: max

Fanout         Cap        Slew       Delay        Time   Description
---------------------------------------------------------------------------------------------
                                  0.000000    0.000000   clock clk_i (rise edge)
                                  0.000000    0.000000   clock network delay (propagated)
                                  5.000000    5.000000 v input external delay
     2    0.004514    0.012572    0.007284    5.007285 v tl_i[64] (in)
                                                         tl_i[64] (net)
                      0.012572    0.000000    5.007285 v input14/A (sky130_fd_sc_hd__clkbuf_4)
     3    0.042946    0.095138    0.181935    5.189220 v input14/X (sky130_fd_sc_hd__clkbuf_4)
                                                         net14 (net)
                      0.095140    0.000523    5.189743 v _423_/A (sky130_fd_sc_hd__xor2_4)
     3    0.064498    0.178750    0.262135    5.451878 v _423_/X (sky130_fd_sc_hd__xor2_4)
                                                         _176_ (net)
                      0.180085    0.012233    5.464111 v wire85/A (sky130_fd_sc_hd__buf_8)
     3    0.102479    0.080253    0.221316    5.685427 v wire85/X (sky130_fd_sc_hd__buf_8)
                                                         net85 (net)
                      0.099279    0.029526    5.714953 v _426_/B (sky130_fd_sc_hd__or4_4)
     3    0.063345    0.172918    0.658161    6.373114 v _426_/X (sky130_fd_sc_hd__or4_4)
                                                         _179_ (net)
                      0.175296    0.016052    6.389166 v _429_/C (sky130_fd_sc_hd__or4_1)
     1    0.002422    0.081099    0.496696    6.885861 v _429_/X (sky130_fd_sc_hd__or4_1)
                                                         _182_ (net)
                      0.081099    0.000020    6.885881 v _430_/A2 (sky130_fd_sc_hd__a21o_1)
     3    0.011430    0.068117    0.224413    7.110294 v _430_/X (sky130_fd_sc_hd__a21o_1)
                                                         _183_ (net)
                      0.068117    0.000321    7.110615 v _524_/A1 (sky130_fd_sc_hd__o31ai_1)
     1    0.010042    0.385126    0.393679    7.504294 ^ _524_/Y (sky130_fd_sc_hd__o31ai_1)
                                                         _250_ (net)
                      0.385127    0.000422    7.504716 ^ wire66/A (sky130_fd_sc_hd__clkbuf_4)
     3    0.048454    0.155182    0.314331    7.819047 ^ wire66/X (sky130_fd_sc_hd__clkbuf_4)
                                                         net66 (net)
                      0.156414    0.011125    7.830172 ^ fanout65/A (sky130_fd_sc_hd__clkbuf_2)
     7    0.027197    0.152472    0.218423    8.048594 ^ fanout65/X (sky130_fd_sc_hd__clkbuf_2)
                                                         net65 (net)
                      0.152472    0.000682    8.049277 ^ fanout61/A (sky130_fd_sc_hd__dlymetal6s2s_1)
     4    0.022958    0.242647    0.260759    8.310036 ^ fanout61/X (sky130_fd_sc_hd__dlymetal6s2s_1)
                                                         net61 (net)
                      0.242652    0.000877    8.310912 ^ fanout60/A (sky130_fd_sc_hd__buf_2)
     6    0.037268    0.184444    0.268922    8.579834 ^ fanout60/X (sky130_fd_sc_hd__buf_2)
                                                         net60 (net)
                      0.184446    0.000996    8.580830 ^ _553_/S (sky130_fd_sc_hd__mux2_1)
     1    0.001746    0.049787    0.328750    8.909580 v _553_/X (sky130_fd_sc_hd__mux2_1)
                                                         _039_ (net)
                      0.049787    0.000014    8.909595 v hold179/A (sky130_fd_sc_hd__dlygate4sd3_1)
     1    0.002819    0.053102    0.550227    9.459822 v hold179/X (sky130_fd_sc_hd__dlygate4sd3_1)
                                                         net350 (net)
                      0.053102    0.000033    9.459854 v hold28/A (sky130_fd_sc_hd__dlygate4sd3_1)
     1    0.002258    0.050032    0.546414   10.006269 v hold28/X (sky130_fd_sc_hd__dlygate4sd3_1)
                                                         net199 (net)
                      0.050032    0.000022   10.006291 v hold180/A (sky130_fd_sc_hd__dlygate4sd3_1)
     1    0.002563    0.051562    0.547994   10.554285 v hold180/X (sky130_fd_sc_hd__dlygate4sd3_1)
                                                         net351 (net)
                      0.051562    0.000025   10.554310 v _608_/D (sky130_fd_sc_hd__dfrtp_1)
                                             10.554310   data arrival time

                                 25.000000   25.000000   clock clk_i (rise edge)
                                  0.000000   25.000000   clock source latency
     2    0.071891    0.327468    0.237902   25.237902 ^ clk_i (in)
                                                         clk_i (net)
                      0.329570    0.000000   25.237902 ^ clkbuf_0_clk_i/A (sky130_fd_sc_hd__clkbuf_16)
     2    0.018366    0.045915    0.208679   25.446581 ^ clkbuf_0_clk_i/X (sky130_fd_sc_hd__clkbuf_16)
                                                         clknet_0_clk_i (net)
                      0.045915    0.000139   25.446720 ^ clkbuf_1_0__f_clk_i/A (sky130_fd_sc_hd__clkbuf_16)
     3    0.007966    0.031577    0.114250   25.560968 ^ clkbuf_1_0__f_clk_i/X (sky130_fd_sc_hd__clkbuf_16)
                                                         clknet_1_0__leaf_clk_i (net)
                      0.031577    0.000082   25.561050 ^ _498_/A (sky130_fd_sc_hd__and2_2)
     3    0.049082    0.252905    0.282418   25.843468 ^ _498_/X (sky130_fd_sc_hd__and2_2)
                                                         u_ibex.clk (net)
                      0.253412    0.009246   25.852715 ^ clkbuf_0_u_ibex.clk/A (sky130_fd_sc_hd__clkbuf_16)
     9    0.077738    0.096883    0.236470   26.089186 ^ clkbuf_0_u_ibex.clk/X (sky130_fd_sc_hd__clkbuf_16)
                                                         clknet_0_u_ibex.clk (net)
                      0.097115    0.003798   26.092983 ^ clkbuf_2_1__f_u_ibex.clk/A (sky130_fd_sc_hd__clkbuf_16)
    33    0.090510    0.107483    0.194202   26.287186 ^ clkbuf_2_1__f_u_ibex.clk/X (sky130_fd_sc_hd__clkbuf_16)
                                                         clknet_2_1__leaf_u_ibex.clk (net)
                      0.108468    0.008241   26.295425 ^ _608_/CLK (sky130_fd_sc_hd__dfrtp_1)
                                 -0.250000   26.045425   clock uncertainty
                                  0.000000   26.045425   clock reconvergence pessimism
                                 -0.102603   25.942823   library setup time
                                             25.942823   data required time
---------------------------------------------------------------------------------------------
                                             25.942823   data required time
                                            -10.554310   data arrival time
---------------------------------------------------------------------------------------------
                                             15.388514   slack (MET)


Startpoint: tl_i[64] (input port clocked by clk_i)
Endpoint: _606_ (rising edge-triggered flip-flop clocked by clk_i)
Path Group: clk_i
Path Type: max

Fanout         Cap        Slew       Delay        Time   Description
---------------------------------------------------------------------------------------------
                                  0.000000    0.000000   clock clk_i (rise edge)
                                  0.000000    0.000000   clock network delay (propagated)
                                  5.000000    5.000000 v input external delay
     2    0.004514    0.012572    0.007284    5.007285 v tl_i[64] (in)
                                                         tl_i[64] (net)
                      0.012572    0.000000    5.007285 v input14/A (sky130_fd_sc_hd__clkbuf_4)
     3    0.042946    0.095138    0.181935    5.189220 v input14/X (sky130_fd_sc_hd__clkbuf_4)
                                                         net14 (net)
                      0.095140    0.000523    5.189743 v _423_/A (sky130_fd_sc_hd__xor2_4)
     3    0.064498    0.178750    0.262135    5.451878 v _423_/X (sky130_fd_sc_hd__xor2_4)
                                                         _176_ (net)
                      0.180085    0.012233    5.464111 v wire85/A (sky130_fd_sc_hd__buf_8)
     3    0.102479    0.080253    0.221316    5.685427 v wire85/X (sky130_fd_sc_hd__buf_8)
                                                         net85 (net)
                      0.099279    0.029526    5.714953 v _426_/B (sky130_fd_sc_hd__or4_4)
     3    0.063345    0.172918    0.658161    6.373114 v _426_/X (sky130_fd_sc_hd__or4_4)
                                                         _179_ (net)
                      0.175296    0.016052    6.389166 v _429_/C (sky130_fd_sc_hd__or4_1)
     1    0.002422    0.081099    0.496696    6.885861 v _429_/X (sky130_fd_sc_hd__or4_1)
                                                         _182_ (net)
                      0.081099    0.000020    6.885881 v _430_/A2 (sky130_fd_sc_hd__a21o_1)
     3    0.011430    0.068117    0.224413    7.110294 v _430_/X (sky130_fd_sc_hd__a21o_1)
                                                         _183_ (net)
                      0.068117    0.000321    7.110615 v _524_/A1 (sky130_fd_sc_hd__o31ai_1)
     1    0.010042    0.385126    0.393679    7.504294 ^ _524_/Y (sky130_fd_sc_hd__o31ai_1)
                                                         _250_ (net)
                      0.385127    0.000422    7.504716 ^ wire66/A (sky130_fd_sc_hd__clkbuf_4)
     3    0.048454    0.155182    0.314331    7.819047 ^ wire66/X (sky130_fd_sc_hd__clkbuf_4)
                                                         net66 (net)
                      0.156414    0.011125    7.830172 ^ fanout65/A (sky130_fd_sc_hd__clkbuf_2)
     7    0.027197    0.152472    0.218423    8.048594 ^ fanout65/X (sky130_fd_sc_hd__clkbuf_2)
                                                         net65 (net)
                      0.152472    0.000682    8.049277 ^ fanout61/A (sky130_fd_sc_hd__dlymetal6s2s_1)
     4    0.022958    0.242647    0.260759    8.310036 ^ fanout61/X (sky130_fd_sc_hd__dlymetal6s2s_1)
                                                         net61 (net)
                      0.242652    0.000877    8.310912 ^ fanout60/A (sky130_fd_sc_hd__buf_2)
     6    0.037268    0.184444    0.268922    8.579834 ^ fanout60/X (sky130_fd_sc_hd__buf_2)
                                                         net60 (net)
                      0.184449    0.001213    8.581047 ^ _551_/S (sky130_fd_sc_hd__mux2_1)
     1    0.001735    0.049733    0.328644    8.909691 v _551_/X (sky130_fd_sc_hd__mux2_1)
                                                         _037_ (net)
                      0.049733    0.000014    8.909705 v hold195/A (sky130_fd_sc_hd__dlygate4sd3_1)
     1    0.002687    0.052296    0.549004    9.458710 v hold195/X (sky130_fd_sc_hd__dlygate4sd3_1)
                                                         net366 (net)
                      0.052296    0.000034    9.458743 v hold30/A (sky130_fd_sc_hd__dlygate4sd3_1)
     1    0.002224    0.049914    0.545788   10.004532 v hold30/X (sky130_fd_sc_hd__dlygate4sd3_1)
                                                         net201 (net)
                      0.049914    0.000023   10.004555 v hold196/A (sky130_fd_sc_hd__dlygate4sd3_1)
     1    0.002527    0.051351    0.547615   10.552170 v hold196/X (sky130_fd_sc_hd__dlygate4sd3_1)
                                                         net367 (net)
                      0.051351    0.000026   10.552196 v _606_/D (sky130_fd_sc_hd__dfrtp_1)
                                             10.552196   data arrival time

                                 25.000000   25.000000   clock clk_i (rise edge)
                                  0.000000   25.000000   clock source latency
     2    0.071891    0.327468    0.237902   25.237902 ^ clk_i (in)
                                                         clk_i (net)
                      0.329570    0.000000   25.237902 ^ clkbuf_0_clk_i/A (sky130_fd_sc_hd__clkbuf_16)
     2    0.018366    0.045915    0.208679   25.446581 ^ clkbuf_0_clk_i/X (sky130_fd_sc_hd__clkbuf_16)
                                                         clknet_0_clk_i (net)
                      0.045915    0.000139   25.446720 ^ clkbuf_1_0__f_clk_i/A (sky130_fd_sc_hd__clkbuf_16)
     3    0.007966    0.031577    0.114250   25.560968 ^ clkbuf_1_0__f_clk_i/X (sky130_fd_sc_hd__clkbuf_16)
                                                         clknet_1_0__leaf_clk_i (net)
                      0.031577    0.000082   25.561050 ^ _498_/A (sky130_fd_sc_hd__and2_2)
     3    0.049082    0.252905    0.282418   25.843468 ^ _498_/X (sky130_fd_sc_hd__and2_2)
                                                         u_ibex.clk (net)
                      0.253412    0.009246   25.852715 ^ clkbuf_0_u_ibex.clk/A (sky130_fd_sc_hd__clkbuf_16)
     9    0.077738    0.096883    0.236470   26.089186 ^ clkbuf_0_u_ibex.clk/X (sky130_fd_sc_hd__clkbuf_16)
                                                         clknet_0_u_ibex.clk (net)
                      0.097115    0.003798   26.092983 ^ clkbuf_2_1__f_u_ibex.clk/A (sky130_fd_sc_hd__clkbuf_16)
    33    0.090510    0.107483    0.194202   26.287186 ^ clkbuf_2_1__f_u_ibex.clk/X (sky130_fd_sc_hd__clkbuf_16)
                                                         clknet_2_1__leaf_u_ibex.clk (net)
                      0.108651    0.008951   26.296135 ^ _606_/CLK (sky130_fd_sc_hd__dfrtp_1)
                                 -0.250000   26.046137   clock uncertainty
                                  0.000000   26.046137   clock reconvergence pessimism
                                 -0.102469   25.943668   library setup time
                                             25.943668   data required time
---------------------------------------------------------------------------------------------
                                             25.943668   data required time
                                            -10.552196   data arrival time
---------------------------------------------------------------------------------------------
                                             15.391472   slack (MET)


Startpoint: tl_i[64] (input port clocked by clk_i)
Endpoint: _589_ (rising edge-triggered flip-flop clocked by clk_i)
Path Group: clk_i
Path Type: max

Fanout         Cap        Slew       Delay        Time   Description
---------------------------------------------------------------------------------------------
                                  0.000000    0.000000   clock clk_i (rise edge)
                                  0.000000    0.000000   clock network delay (propagated)
                                  5.000000    5.000000 v input external delay
     2    0.004514    0.012572    0.007284    5.007285 v tl_i[64] (in)
                                                         tl_i[64] (net)
                      0.012572    0.000000    5.007285 v input14/A (sky130_fd_sc_hd__clkbuf_4)
     3    0.042946    0.095138    0.181935    5.189220 v input14/X (sky130_fd_sc_hd__clkbuf_4)
                                                         net14 (net)
                      0.095140    0.000523    5.189743 v _423_/A (sky130_fd_sc_hd__xor2_4)
     3    0.064498    0.178750    0.262135    5.451878 v _423_/X (sky130_fd_sc_hd__xor2_4)
                                                         _176_ (net)
                      0.180085    0.012233    5.464111 v wire85/A (sky130_fd_sc_hd__buf_8)
     3    0.102479    0.080253    0.221316    5.685427 v wire85/X (sky130_fd_sc_hd__buf_8)
                                                         net85 (net)
                      0.099279    0.029526    5.714953 v _426_/B (sky130_fd_sc_hd__or4_4)
     3    0.063345    0.172918    0.658161    6.373114 v _426_/X (sky130_fd_sc_hd__or4_4)
                                                         _179_ (net)
                      0.175296    0.016052    6.389166 v _429_/C (sky130_fd_sc_hd__or4_1)
     1    0.002422    0.081099    0.496696    6.885861 v _429_/X (sky130_fd_sc_hd__or4_1)
                                                         _182_ (net)
                      0.081099    0.000020    6.885881 v _430_/A2 (sky130_fd_sc_hd__a21o_1)
     3    0.011430    0.068117    0.224413    7.110294 v _430_/X (sky130_fd_sc_hd__a21o_1)
                                                         _183_ (net)
                      0.068117    0.000321    7.110615 v _524_/A1 (sky130_fd_sc_hd__o31ai_1)
     1    0.010042    0.385126    0.393679    7.504294 ^ _524_/Y (sky130_fd_sc_hd__o31ai_1)
                                                         _250_ (net)
                      0.385127    0.000422    7.504716 ^ wire66/A (sky130_fd_sc_hd__clkbuf_4)
     3    0.048454    0.155182    0.314331    7.819047 ^ wire66/X (sky130_fd_sc_hd__clkbuf_4)
                                                         net66 (net)
                      0.156414    0.011125    7.830172 ^ fanout65/A (sky130_fd_sc_hd__clkbuf_2)
     7    0.027197    0.152472    0.218423    8.048594 ^ fanout65/X (sky130_fd_sc_hd__clkbuf_2)
                                                         net65 (net)
                      0.152472    0.000105    8.048699 ^ fanout64/A (sky130_fd_sc_hd__buf_2)
    13    0.046816    0.229325    0.274831    8.323530 ^ fanout64/X (sky130_fd_sc_hd__buf_2)
                                                         net64 (net)
                      0.229326    0.000483    8.324014 ^ fanout63/A (sky130_fd_sc_hd__clkbuf_2)
     5    0.030890    0.172001    0.251005    8.575019 ^ fanout63/X (sky130_fd_sc_hd__clkbuf_2)
                                                         net63 (net)
                      0.172001    0.000641    8.575661 ^ _534_/S (sky130_fd_sc_hd__mux2_1)
     1    0.002400    0.052885    0.333125    8.908785 v _534_/X (sky130_fd_sc_hd__mux2_1)
                                                         _020_ (net)
                      0.052885    0.000026    8.908811 v hold187/A (sky130_fd_sc_hd__dlygate4sd3_1)
     1    0.002877    0.053432    0.551951    9.460762 v hold187/X (sky130_fd_sc_hd__dlygate4sd3_1)
                                                         net358 (net)
                      0.053432    0.000038    9.460800 v hold34/A (sky130_fd_sc_hd__dlygate4sd3_1)
     1    0.001988    0.048896    0.544112   10.004912 v hold34/X (sky130_fd_sc_hd__dlygate4sd3_1)
                                                         net205 (net)
                      0.048896    0.000020   10.004932 v hold188/A (sky130_fd_sc_hd__dlygate4sd3_1)
     1    0.002220    0.049930    0.544431   10.549363 v hold188/X (sky130_fd_sc_hd__dlygate4sd3_1)
                                                         net359 (net)
                      0.049930    0.000019   10.549382 v _589_/D (sky130_fd_sc_hd__dfrtp_1)
                                             10.549382   data arrival time

                                 25.000000   25.000000   clock clk_i (rise edge)
                                  0.000000   25.000000   clock source latency
     2    0.071891    0.327468    0.237902   25.237902 ^ clk_i (in)
                                                         clk_i (net)
                      0.329570    0.000000   25.237902 ^ clkbuf_0_clk_i/A (sky130_fd_sc_hd__clkbuf_16)
     2    0.018366    0.045915    0.208679   25.446581 ^ clkbuf_0_clk_i/X (sky130_fd_sc_hd__clkbuf_16)
                                                         clknet_0_clk_i (net)
                      0.045915    0.000139   25.446720 ^ clkbuf_1_0__f_clk_i/A (sky130_fd_sc_hd__clkbuf_16)
     3    0.007966    0.031577    0.114250   25.560968 ^ clkbuf_1_0__f_clk_i/X (sky130_fd_sc_hd__clkbuf_16)
                                                         clknet_1_0__leaf_clk_i (net)
                      0.031577    0.000082   25.561050 ^ _498_/A (sky130_fd_sc_hd__and2_2)
     3    0.049082    0.252905    0.282418   25.843468 ^ _498_/X (sky130_fd_sc_hd__and2_2)
                                                         u_ibex.clk (net)
                      0.253412    0.009246   25.852715 ^ clkbuf_0_u_ibex.clk/A (sky130_fd_sc_hd__clkbuf_16)
     9    0.077738    0.096883    0.236470   26.089186 ^ clkbuf_0_u_ibex.clk/X (sky130_fd_sc_hd__clkbuf_16)
                                                         clknet_0_u_ibex.clk (net)
                      0.097116    0.003809   26.092993 ^ clkbuf_2_0__f_u_ibex.clk/A (sky130_fd_sc_hd__clkbuf_16)
    31    0.090578    0.108126    0.193445   26.286438 ^ clkbuf_2_0__f_u_ibex.clk/X (sky130_fd_sc_hd__clkbuf_16)
                                                         clknet_2_0__leaf_u_ibex.clk (net)
                      0.109280    0.008901   26.295340 ^ _589_/CLK (sky130_fd_sc_hd__dfrtp_1)
                                 -0.250000   26.045341   clock uncertainty
                                  0.000000   26.045341   clock reconvergence pessimism
                                 -0.101708   25.943632   library setup time
                                             25.943632   data required time
---------------------------------------------------------------------------------------------
                                             25.943632   data required time
                                            -10.549382   data arrival time
---------------------------------------------------------------------------------------------
                                             15.394250   slack (MET)


Startpoint: tl_i[64] (input port clocked by clk_i)
Endpoint: _584_ (rising edge-triggered flip-flop clocked by clk_i)
Path Group: clk_i
Path Type: max

Fanout         Cap        Slew       Delay        Time   Description
---------------------------------------------------------------------------------------------
                                  0.000000    0.000000   clock clk_i (rise edge)
                                  0.000000    0.000000   clock network delay (propagated)
                                  5.000000    5.000000 v input external delay
     2    0.004514    0.012572    0.007284    5.007285 v tl_i[64] (in)
                                                         tl_i[64] (net)
                      0.012572    0.000000    5.007285 v input14/A (sky130_fd_sc_hd__clkbuf_4)
     3    0.042946    0.095138    0.181935    5.189220 v input14/X (sky130_fd_sc_hd__clkbuf_4)
                                                         net14 (net)
                      0.095140    0.000523    5.189743 v _423_/A (sky130_fd_sc_hd__xor2_4)
     3    0.064498    0.178750    0.262135    5.451878 v _423_/X (sky130_fd_sc_hd__xor2_4)
                                                         _176_ (net)
                      0.180085    0.012233    5.464111 v wire85/A (sky130_fd_sc_hd__buf_8)
     3    0.102479    0.080253    0.221316    5.685427 v wire85/X (sky130_fd_sc_hd__buf_8)
                                                         net85 (net)
                      0.099279    0.029526    5.714953 v _426_/B (sky130_fd_sc_hd__or4_4)
     3    0.063345    0.172918    0.658161    6.373114 v _426_/X (sky130_fd_sc_hd__or4_4)
                                                         _179_ (net)
                      0.175296    0.016052    6.389166 v _429_/C (sky130_fd_sc_hd__or4_1)
     1    0.002422    0.081099    0.496696    6.885861 v _429_/X (sky130_fd_sc_hd__or4_1)
                                                         _182_ (net)
                      0.081099    0.000020    6.885881 v _430_/A2 (sky130_fd_sc_hd__a21o_1)
     3    0.011430    0.068117    0.224413    7.110294 v _430_/X (sky130_fd_sc_hd__a21o_1)
                                                         _183_ (net)
                      0.068117    0.000321    7.110615 v _524_/A1 (sky130_fd_sc_hd__o31ai_1)
     1    0.010042    0.385126    0.393679    7.504294 ^ _524_/Y (sky130_fd_sc_hd__o31ai_1)
                                                         _250_ (net)
                      0.385127    0.000422    7.504716 ^ wire66/A (sky130_fd_sc_hd__clkbuf_4)
     3    0.048454    0.155182    0.314331    7.819047 ^ wire66/X (sky130_fd_sc_hd__clkbuf_4)
                                                         net66 (net)
                      0.156414    0.011125    7.830172 ^ fanout65/A (sky130_fd_sc_hd__clkbuf_2)
     7    0.027197    0.152472    0.218423    8.048594 ^ fanout65/X (sky130_fd_sc_hd__clkbuf_2)
                                                         net65 (net)
                      0.152472    0.000682    8.049277 ^ fanout61/A (sky130_fd_sc_hd__dlymetal6s2s_1)
     4    0.022958    0.242647    0.260759    8.310036 ^ fanout61/X (sky130_fd_sc_hd__dlymetal6s2s_1)
                                                         net61 (net)
                      0.242647    0.000066    8.310102 ^ fanout59/A (sky130_fd_sc_hd__buf_2)
     6    0.033647    0.167997    0.256671    8.566772 ^ fanout59/X (sky130_fd_sc_hd__buf_2)
                                                         net59 (net)
                      0.167997    0.000490    8.567263 ^ _529_/S (sky130_fd_sc_hd__mux2_1)
     1    0.002141    0.051645    0.330107    8.897369 v _529_/X (sky130_fd_sc_hd__mux2_1)
                                                         _015_ (net)
                      0.051645    0.000013    8.897383 v hold257/A (sky130_fd_sc_hd__dlygate4sd3_1)
     1    0.002350    0.050388    0.546679    9.444062 v hold257/X (sky130_fd_sc_hd__dlygate4sd3_1)
                                                         net428 (net)
                      0.050388    0.000026    9.444088 v hold68/A (sky130_fd_sc_hd__dlygate4sd3_1)
     1    0.003002    0.054258    0.552120    9.996207 v hold68/X (sky130_fd_sc_hd__dlygate4sd3_1)
                                                         net239 (net)
                      0.054258    0.000043    9.996250 v hold258/A (sky130_fd_sc_hd__dlygate4sd3_1)
     1    0.002790    0.052894    0.551774   10.548024 v hold258/X (sky130_fd_sc_hd__dlygate4sd3_1)
                                                         net429 (net)
                      0.052894    0.000030   10.548055 v _584_/D (sky130_fd_sc_hd__dfrtp_1)
                                             10.548055   data arrival time

                                 25.000000   25.000000   clock clk_i (rise edge)
                                  0.000000   25.000000   clock source latency
     2    0.071891    0.327468    0.237902   25.237902 ^ clk_i (in)
                                                         clk_i (net)
                      0.329570    0.000000   25.237902 ^ clkbuf_0_clk_i/A (sky130_fd_sc_hd__clkbuf_16)
     2    0.018366    0.045915    0.208679   25.446581 ^ clkbuf_0_clk_i/X (sky130_fd_sc_hd__clkbuf_16)
                                                         clknet_0_clk_i (net)
                      0.045915    0.000139   25.446720 ^ clkbuf_1_0__f_clk_i/A (sky130_fd_sc_hd__clkbuf_16)
     3    0.007966    0.031577    0.114250   25.560968 ^ clkbuf_1_0__f_clk_i/X (sky130_fd_sc_hd__clkbuf_16)
                                                         clknet_1_0__leaf_clk_i (net)
                      0.031577    0.000082   25.561050 ^ _498_/A (sky130_fd_sc_hd__and2_2)
     3    0.049082    0.252905    0.282418   25.843468 ^ _498_/X (sky130_fd_sc_hd__and2_2)
                                                         u_ibex.clk (net)
                      0.253412    0.009246   25.852715 ^ clkbuf_0_u_ibex.clk/A (sky130_fd_sc_hd__clkbuf_16)
     9    0.077738    0.096883    0.236470   26.089186 ^ clkbuf_0_u_ibex.clk/X (sky130_fd_sc_hd__clkbuf_16)
                                                         clknet_0_u_ibex.clk (net)
                      0.097116    0.003809   26.092993 ^ clkbuf_2_0__f_u_ibex.clk/A (sky130_fd_sc_hd__clkbuf_16)
    31    0.090578    0.108126    0.193445   26.286438 ^ clkbuf_2_0__f_u_ibex.clk/X (sky130_fd_sc_hd__clkbuf_16)
                                                         clknet_2_0__leaf_u_ibex.clk (net)
                      0.109855    0.010839   26.297277 ^ _584_/CLK (sky130_fd_sc_hd__dfrtp_1)
                                 -0.250000   26.047279   clock uncertainty
                                  0.000000   26.047279   clock reconvergence pessimism
                                 -0.102864   25.944416   library setup time
                                             25.944416   data required time
---------------------------------------------------------------------------------------------
                                             25.944416   data required time
                                            -10.548055   data arrival time
---------------------------------------------------------------------------------------------
                                             15.396360   slack (MET)


Startpoint: tl_i[64] (input port clocked by clk_i)
Endpoint: _609_ (rising edge-triggered flip-flop clocked by clk_i)
Path Group: clk_i
Path Type: max

Fanout         Cap        Slew       Delay        Time   Description
---------------------------------------------------------------------------------------------
                                  0.000000    0.000000   clock clk_i (rise edge)
                                  0.000000    0.000000   clock network delay (propagated)
                                  5.000000    5.000000 v input external delay
     2    0.004514    0.012572    0.007284    5.007285 v tl_i[64] (in)
                                                         tl_i[64] (net)
                      0.012572    0.000000    5.007285 v input14/A (sky130_fd_sc_hd__clkbuf_4)
     3    0.042946    0.095138    0.181935    5.189220 v input14/X (sky130_fd_sc_hd__clkbuf_4)
                                                         net14 (net)
                      0.095140    0.000523    5.189743 v _423_/A (sky130_fd_sc_hd__xor2_4)
     3    0.064498    0.178750    0.262135    5.451878 v _423_/X (sky130_fd_sc_hd__xor2_4)
                                                         _176_ (net)
                      0.180085    0.012233    5.464111 v wire85/A (sky130_fd_sc_hd__buf_8)
     3    0.102479    0.080253    0.221316    5.685427 v wire85/X (sky130_fd_sc_hd__buf_8)
                                                         net85 (net)
                      0.099279    0.029526    5.714953 v _426_/B (sky130_fd_sc_hd__or4_4)
     3    0.063345    0.172918    0.658161    6.373114 v _426_/X (sky130_fd_sc_hd__or4_4)
                                                         _179_ (net)
                      0.175296    0.016052    6.389166 v _429_/C (sky130_fd_sc_hd__or4_1)
     1    0.002422    0.081099    0.496696    6.885861 v _429_/X (sky130_fd_sc_hd__or4_1)
                                                         _182_ (net)
                      0.081099    0.000020    6.885881 v _430_/A2 (sky130_fd_sc_hd__a21o_1)
     3    0.011430    0.068117    0.224413    7.110294 v _430_/X (sky130_fd_sc_hd__a21o_1)
                                                         _183_ (net)
                      0.068117    0.000321    7.110615 v _524_/A1 (sky130_fd_sc_hd__o31ai_1)
     1    0.010042    0.385126    0.393679    7.504294 ^ _524_/Y (sky130_fd_sc_hd__o31ai_1)
                                                         _250_ (net)
                      0.385127    0.000422    7.504716 ^ wire66/A (sky130_fd_sc_hd__clkbuf_4)
     3    0.048454    0.155182    0.314331    7.819047 ^ wire66/X (sky130_fd_sc_hd__clkbuf_4)
                                                         net66 (net)
                      0.156414    0.011125    7.830172 ^ fanout65/A (sky130_fd_sc_hd__clkbuf_2)
     7    0.027197    0.152472    0.218423    8.048594 ^ fanout65/X (sky130_fd_sc_hd__clkbuf_2)
                                                         net65 (net)
                      0.152472    0.000682    8.049277 ^ fanout61/A (sky130_fd_sc_hd__dlymetal6s2s_1)
     4    0.022958    0.242647    0.260759    8.310036 ^ fanout61/X (sky130_fd_sc_hd__dlymetal6s2s_1)
                                                         net61 (net)
                      0.242647    0.000066    8.310102 ^ fanout59/A (sky130_fd_sc_hd__buf_2)
     6    0.033647    0.167997    0.256671    8.566772 ^ fanout59/X (sky130_fd_sc_hd__buf_2)
                                                         net59 (net)
                      0.168011    0.001641    8.568414 ^ _554_/S (sky130_fd_sc_hd__mux2_1)
     1    0.001747    0.049796    0.326391    8.894805 v _554_/X (sky130_fd_sc_hd__mux2_1)
                                                         _040_ (net)
                      0.049796    0.000014    8.894819 v hold223/A (sky130_fd_sc_hd__dlygate4sd3_1)
     1    0.003188    0.055504    0.553580    9.448400 v hold223/X (sky130_fd_sc_hd__dlygate4sd3_1)
                                                         net394 (net)
                      0.055504    0.000041    9.448441 v hold57/A (sky130_fd_sc_hd__dlygate4sd3_1)
     1    0.002235    0.049951    0.547294    9.995734 v hold57/X (sky130_fd_sc_hd__dlygate4sd3_1)
                                                         net228 (net)
                      0.049951    0.000022    9.995756 v hold224/A (sky130_fd_sc_hd__dlygate4sd3_1)
     1    0.002532    0.051381    0.547678   10.543435 v hold224/X (sky130_fd_sc_hd__dlygate4sd3_1)
                                                         net395 (net)
                      0.051381    0.000024   10.543459 v _609_/D (sky130_fd_sc_hd__dfrtp_1)
                                             10.543459   data arrival time

                                 25.000000   25.000000   clock clk_i (rise edge)
                                  0.000000   25.000000   clock source latency
     2    0.071891    0.327468    0.237902   25.237902 ^ clk_i (in)
                                                         clk_i (net)
                      0.329570    0.000000   25.237902 ^ clkbuf_0_clk_i/A (sky130_fd_sc_hd__clkbuf_16)
     2    0.018366    0.045915    0.208679   25.446581 ^ clkbuf_0_clk_i/X (sky130_fd_sc_hd__clkbuf_16)
                                                         clknet_0_clk_i (net)
                      0.045915    0.000139   25.446720 ^ clkbuf_1_0__f_clk_i/A (sky130_fd_sc_hd__clkbuf_16)
     3    0.007966    0.031577    0.114250   25.560968 ^ clkbuf_1_0__f_clk_i/X (sky130_fd_sc_hd__clkbuf_16)
                                                         clknet_1_0__leaf_clk_i (net)
                      0.031577    0.000082   25.561050 ^ _498_/A (sky130_fd_sc_hd__and2_2)
     3    0.049082    0.252905    0.282418   25.843468 ^ _498_/X (sky130_fd_sc_hd__and2_2)
                                                         u_ibex.clk (net)
                      0.253412    0.009246   25.852715 ^ clkbuf_0_u_ibex.clk/A (sky130_fd_sc_hd__clkbuf_16)
     9    0.077738    0.096883    0.236470   26.089186 ^ clkbuf_0_u_ibex.clk/X (sky130_fd_sc_hd__clkbuf_16)
                                                         clknet_0_u_ibex.clk (net)
                      0.097115    0.003798   26.092983 ^ clkbuf_2_1__f_u_ibex.clk/A (sky130_fd_sc_hd__clkbuf_16)
    33    0.090510    0.107483    0.194202   26.287186 ^ clkbuf_2_1__f_u_ibex.clk/X (sky130_fd_sc_hd__clkbuf_16)
                                                         clknet_2_1__leaf_u_ibex.clk (net)
                      0.108481    0.008292   26.295477 ^ _609_/CLK (sky130_fd_sc_hd__dfrtp_1)
                                 -0.250000   26.045477   clock uncertainty
                                  0.000000   26.045477   clock reconvergence pessimism
                                 -0.102522   25.942955   library setup time
                                             25.942955   data required time
---------------------------------------------------------------------------------------------
                                             25.942955   data required time
                                            -10.543459   data arrival time
---------------------------------------------------------------------------------------------
                                             15.399497   slack (MET)


Startpoint: tl_i[64] (input port clocked by clk_i)
Endpoint: _582_ (rising edge-triggered flip-flop clocked by clk_i)
Path Group: clk_i
Path Type: max

Fanout         Cap        Slew       Delay        Time   Description
---------------------------------------------------------------------------------------------
                                  0.000000    0.000000   clock clk_i (rise edge)
                                  0.000000    0.000000   clock network delay (propagated)
                                  5.000000    5.000000 v input external delay
     2    0.004514    0.012572    0.007284    5.007285 v tl_i[64] (in)
                                                         tl_i[64] (net)
                      0.012572    0.000000    5.007285 v input14/A (sky130_fd_sc_hd__clkbuf_4)
     3    0.042946    0.095138    0.181935    5.189220 v input14/X (sky130_fd_sc_hd__clkbuf_4)
                                                         net14 (net)
                      0.095140    0.000523    5.189743 v _423_/A (sky130_fd_sc_hd__xor2_4)
     3    0.064498    0.178750    0.262135    5.451878 v _423_/X (sky130_fd_sc_hd__xor2_4)
                                                         _176_ (net)
                      0.180085    0.012233    5.464111 v wire85/A (sky130_fd_sc_hd__buf_8)
     3    0.102479    0.080253    0.221316    5.685427 v wire85/X (sky130_fd_sc_hd__buf_8)
                                                         net85 (net)
                      0.099279    0.029526    5.714953 v _426_/B (sky130_fd_sc_hd__or4_4)
     3    0.063345    0.172918    0.658161    6.373114 v _426_/X (sky130_fd_sc_hd__or4_4)
                                                         _179_ (net)
                      0.175296    0.016052    6.389166 v _429_/C (sky130_fd_sc_hd__or4_1)
     1    0.002422    0.081099    0.496696    6.885861 v _429_/X (sky130_fd_sc_hd__or4_1)
                                                         _182_ (net)
                      0.081099    0.000020    6.885881 v _430_/A2 (sky130_fd_sc_hd__a21o_1)
     3    0.011430    0.068117    0.224413    7.110294 v _430_/X (sky130_fd_sc_hd__a21o_1)
                                                         _183_ (net)
                      0.068117    0.000321    7.110615 v _524_/A1 (sky130_fd_sc_hd__o31ai_1)
     1    0.010042    0.385126    0.393679    7.504294 ^ _524_/Y (sky130_fd_sc_hd__o31ai_1)
                                                         _250_ (net)
                      0.385127    0.000422    7.504716 ^ wire66/A (sky130_fd_sc_hd__clkbuf_4)
     3    0.048454    0.155182    0.314331    7.819047 ^ wire66/X (sky130_fd_sc_hd__clkbuf_4)
                                                         net66 (net)
                      0.156414    0.011125    7.830172 ^ fanout65/A (sky130_fd_sc_hd__clkbuf_2)
     7    0.027197    0.152472    0.218423    8.048594 ^ fanout65/X (sky130_fd_sc_hd__clkbuf_2)
                                                         net65 (net)
                      0.152472    0.000682    8.049277 ^ fanout61/A (sky130_fd_sc_hd__dlymetal6s2s_1)
     4    0.022958    0.242647    0.260759    8.310036 ^ fanout61/X (sky130_fd_sc_hd__dlymetal6s2s_1)
                                                         net61 (net)
                      0.242647    0.000066    8.310102 ^ fanout59/A (sky130_fd_sc_hd__buf_2)
     6    0.033647    0.167997    0.256671    8.566772 ^ fanout59/X (sky130_fd_sc_hd__buf_2)
                                                         net59 (net)
                      0.168002    0.001182    8.567955 ^ _527_/S (sky130_fd_sc_hd__mux2_1)
     1    0.002812    0.055263    0.336428    8.904383 v _527_/X (sky130_fd_sc_hd__mux2_1)
                                                         _013_ (net)
                      0.055263    0.000034    8.904416 v hold310/A (sky130_fd_sc_hd__dlygate4sd3_1)
     1    0.002143    0.049625    0.546349    9.450765 v hold310/X (sky130_fd_sc_hd__dlygate4sd3_1)
                                                         net481 (net)
                      0.049625    0.000020    9.450785 v hold98/A (sky130_fd_sc_hd__dlygate4sd3_1)
     1    0.002290    0.050178    0.545350    9.996134 v hold98/X (sky130_fd_sc_hd__dlygate4sd3_1)
                                                         net269 (net)
                      0.050178    0.000025    9.996159 v hold311/A (sky130_fd_sc_hd__dlygate4sd3_1)
     1    0.002730    0.052554    0.549569   10.545728 v hold311/X (sky130_fd_sc_hd__dlygate4sd3_1)
                                                         net482 (net)
                      0.052554    0.000032   10.545760 v _582_/D (sky130_fd_sc_hd__dfrtp_1)
                                             10.545760   data arrival time

                                 25.000000   25.000000   clock clk_i (rise edge)
                                  0.000000   25.000000   clock source latency
     2    0.071891    0.327468    0.237902   25.237902 ^ clk_i (in)
                                                         clk_i (net)
                      0.329570    0.000000   25.237902 ^ clkbuf_0_clk_i/A (sky130_fd_sc_hd__clkbuf_16)
     2    0.018366    0.045915    0.208679   25.446581 ^ clkbuf_0_clk_i/X (sky130_fd_sc_hd__clkbuf_16)
                                                         clknet_0_clk_i (net)
                      0.045915    0.000139   25.446720 ^ clkbuf_1_0__f_clk_i/A (sky130_fd_sc_hd__clkbuf_16)
     3    0.007966    0.031577    0.114250   25.560968 ^ clkbuf_1_0__f_clk_i/X (sky130_fd_sc_hd__clkbuf_16)
                                                         clknet_1_0__leaf_clk_i (net)
                      0.031577    0.000082   25.561050 ^ _498_/A (sky130_fd_sc_hd__and2_2)
     3    0.049082    0.252905    0.282418   25.843468 ^ _498_/X (sky130_fd_sc_hd__and2_2)
                                                         u_ibex.clk (net)
                      0.253412    0.009246   25.852715 ^ clkbuf_0_u_ibex.clk/A (sky130_fd_sc_hd__clkbuf_16)
     9    0.077738    0.096883    0.236470   26.089186 ^ clkbuf_0_u_ibex.clk/X (sky130_fd_sc_hd__clkbuf_16)
                                                         clknet_0_u_ibex.clk (net)
                      0.097116    0.003809   26.092993 ^ clkbuf_2_0__f_u_ibex.clk/A (sky130_fd_sc_hd__clkbuf_16)
    31    0.090578    0.108126    0.193445   26.286438 ^ clkbuf_2_0__f_u_ibex.clk/X (sky130_fd_sc_hd__clkbuf_16)
                                                         clknet_2_0__leaf_u_ibex.clk (net)
                      0.110089    0.011537   26.297976 ^ _582_/CLK (sky130_fd_sc_hd__dfrtp_1)
                                 -0.250000   26.047977   clock uncertainty
                                  0.000000   26.047977   clock reconvergence pessimism
                                 -0.102663   25.945314   library setup time
                                             25.945314   data required time
---------------------------------------------------------------------------------------------
                                             25.945314   data required time
                                            -10.545760   data arrival time
---------------------------------------------------------------------------------------------
                                             15.399554   slack (MET)


Startpoint: tl_i[64] (input port clocked by clk_i)
Endpoint: _581_ (rising edge-triggered flip-flop clocked by clk_i)
Path Group: clk_i
Path Type: max

Fanout         Cap        Slew       Delay        Time   Description
---------------------------------------------------------------------------------------------
                                  0.000000    0.000000   clock clk_i (rise edge)
                                  0.000000    0.000000   clock network delay (propagated)
                                  5.000000    5.000000 v input external delay
     2    0.004514    0.012572    0.007284    5.007285 v tl_i[64] (in)
                                                         tl_i[64] (net)
                      0.012572    0.000000    5.007285 v input14/A (sky130_fd_sc_hd__clkbuf_4)
     3    0.042946    0.095138    0.181935    5.189220 v input14/X (sky130_fd_sc_hd__clkbuf_4)
                                                         net14 (net)
                      0.095140    0.000523    5.189743 v _423_/A (sky130_fd_sc_hd__xor2_4)
     3    0.064498    0.178750    0.262135    5.451878 v _423_/X (sky130_fd_sc_hd__xor2_4)
                                                         _176_ (net)
                      0.180085    0.012233    5.464111 v wire85/A (sky130_fd_sc_hd__buf_8)
     3    0.102479    0.080253    0.221316    5.685427 v wire85/X (sky130_fd_sc_hd__buf_8)
                                                         net85 (net)
                      0.099279    0.029526    5.714953 v _426_/B (sky130_fd_sc_hd__or4_4)
     3    0.063345    0.172918    0.658161    6.373114 v _426_/X (sky130_fd_sc_hd__or4_4)
                                                         _179_ (net)
                      0.175296    0.016052    6.389166 v _429_/C (sky130_fd_sc_hd__or4_1)
     1    0.002422    0.081099    0.496696    6.885861 v _429_/X (sky130_fd_sc_hd__or4_1)
                                                         _182_ (net)
                      0.081099    0.000020    6.885881 v _430_/A2 (sky130_fd_sc_hd__a21o_1)
     3    0.011430    0.068117    0.224413    7.110294 v _430_/X (sky130_fd_sc_hd__a21o_1)
                                                         _183_ (net)
                      0.068117    0.000321    7.110615 v _524_/A1 (sky130_fd_sc_hd__o31ai_1)
     1    0.010042    0.385126    0.393679    7.504294 ^ _524_/Y (sky130_fd_sc_hd__o31ai_1)
                                                         _250_ (net)
                      0.385127    0.000422    7.504716 ^ wire66/A (sky130_fd_sc_hd__clkbuf_4)
     3    0.048454    0.155182    0.314331    7.819047 ^ wire66/X (sky130_fd_sc_hd__clkbuf_4)
                                                         net66 (net)
                      0.156414    0.011125    7.830172 ^ fanout65/A (sky130_fd_sc_hd__clkbuf_2)
     7    0.027197    0.152472    0.218423    8.048594 ^ fanout65/X (sky130_fd_sc_hd__clkbuf_2)
                                                         net65 (net)
                      0.152472    0.000682    8.049277 ^ fanout61/A (sky130_fd_sc_hd__dlymetal6s2s_1)
     4    0.022958    0.242647    0.260759    8.310036 ^ fanout61/X (sky130_fd_sc_hd__dlymetal6s2s_1)
                                                         net61 (net)
                      0.242647    0.000066    8.310102 ^ fanout59/A (sky130_fd_sc_hd__buf_2)
     6    0.033647    0.167997    0.256671    8.566772 ^ fanout59/X (sky130_fd_sc_hd__buf_2)
                                                         net59 (net)
                      0.168011    0.001639    8.568411 ^ _526_/S (sky130_fd_sc_hd__mux2_1)
     1    0.001750    0.049810    0.326420    8.894831 v _526_/X (sky130_fd_sc_hd__mux2_1)
                                                         _012_ (net)
                      0.049810    0.000014    8.894845 v hold302/A (sky130_fd_sc_hd__dlygate4sd3_1)
     1    0.002907    0.053652    0.551034    9.445879 v hold302/X (sky130_fd_sc_hd__dlygate4sd3_1)
                                                         net473 (net)
                      0.053652    0.000038    9.445917 v hold96/A (sky130_fd_sc_hd__dlygate4sd3_1)
     1    0.002471    0.051006    0.548602    9.994519 v hold96/X (sky130_fd_sc_hd__dlygate4sd3_1)
                                                         net267 (net)
                      0.051006    0.000026    9.994545 v hold303/A (sky130_fd_sc_hd__dlygate4sd3_1)
     1    0.002543    0.051437    0.548192   10.542737 v hold303/X (sky130_fd_sc_hd__dlygate4sd3_1)
                                                         net474 (net)
                      0.051437    0.000025   10.542762 v _581_/D (sky130_fd_sc_hd__dfrtp_1)
                                             10.542762   data arrival time

                                 25.000000   25.000000   clock clk_i (rise edge)
                                  0.000000   25.000000   clock source latency
     2    0.071891    0.327468    0.237902   25.237902 ^ clk_i (in)
                                                         clk_i (net)
                      0.329570    0.000000   25.237902 ^ clkbuf_0_clk_i/A (sky130_fd_sc_hd__clkbuf_16)
     2    0.018366    0.045915    0.208679   25.446581 ^ clkbuf_0_clk_i/X (sky130_fd_sc_hd__clkbuf_16)
                                                         clknet_0_clk_i (net)
                      0.045915    0.000139   25.446720 ^ clkbuf_1_0__f_clk_i/A (sky130_fd_sc_hd__clkbuf_16)
     3    0.007966    0.031577    0.114250   25.560968 ^ clkbuf_1_0__f_clk_i/X (sky130_fd_sc_hd__clkbuf_16)
                                                         clknet_1_0__leaf_clk_i (net)
                      0.031577    0.000082   25.561050 ^ _498_/A (sky130_fd_sc_hd__and2_2)
     3    0.049082    0.252905    0.282418   25.843468 ^ _498_/X (sky130_fd_sc_hd__and2_2)
                                                         u_ibex.clk (net)
                      0.253412    0.009246   25.852715 ^ clkbuf_0_u_ibex.clk/A (sky130_fd_sc_hd__clkbuf_16)
     9    0.077738    0.096883    0.236470   26.089186 ^ clkbuf_0_u_ibex.clk/X (sky130_fd_sc_hd__clkbuf_16)
                                                         clknet_0_u_ibex.clk (net)
                      0.097116    0.003809   26.092993 ^ clkbuf_2_0__f_u_ibex.clk/A (sky130_fd_sc_hd__clkbuf_16)
    31    0.090578    0.108126    0.193445   26.286438 ^ clkbuf_2_0__f_u_ibex.clk/X (sky130_fd_sc_hd__clkbuf_16)
                                                         clknet_2_0__leaf_u_ibex.clk (net)
                      0.110107    0.011591   26.298029 ^ _581_/CLK (sky130_fd_sc_hd__dfrtp_1)
                                 -0.250000   26.048031   clock uncertainty
                                  0.000000   26.048031   clock reconvergence pessimism
                                 -0.102174   25.945856   library setup time
                                             25.945856   data required time
---------------------------------------------------------------------------------------------
                                             25.945856   data required time
                                            -10.542762   data arrival time
---------------------------------------------------------------------------------------------
                                             15.403094   slack (MET)


Startpoint: tl_i[64] (input port clocked by clk_i)
Endpoint: _587_ (rising edge-triggered flip-flop clocked by clk_i)
Path Group: clk_i
Path Type: max

Fanout         Cap        Slew       Delay        Time   Description
---------------------------------------------------------------------------------------------
                                  0.000000    0.000000   clock clk_i (rise edge)
                                  0.000000    0.000000   clock network delay (propagated)
                                  5.000000    5.000000 v input external delay
     2    0.004514    0.012572    0.007284    5.007285 v tl_i[64] (in)
                                                         tl_i[64] (net)
                      0.012572    0.000000    5.007285 v input14/A (sky130_fd_sc_hd__clkbuf_4)
     3    0.042946    0.095138    0.181935    5.189220 v input14/X (sky130_fd_sc_hd__clkbuf_4)
                                                         net14 (net)
                      0.095140    0.000523    5.189743 v _423_/A (sky130_fd_sc_hd__xor2_4)
     3    0.064498    0.178750    0.262135    5.451878 v _423_/X (sky130_fd_sc_hd__xor2_4)
                                                         _176_ (net)
                      0.180085    0.012233    5.464111 v wire85/A (sky130_fd_sc_hd__buf_8)
     3    0.102479    0.080253    0.221316    5.685427 v wire85/X (sky130_fd_sc_hd__buf_8)
                                                         net85 (net)
                      0.099279    0.029526    5.714953 v _426_/B (sky130_fd_sc_hd__or4_4)
     3    0.063345    0.172918    0.658161    6.373114 v _426_/X (sky130_fd_sc_hd__or4_4)
                                                         _179_ (net)
                      0.175296    0.016052    6.389166 v _429_/C (sky130_fd_sc_hd__or4_1)
     1    0.002422    0.081099    0.496696    6.885861 v _429_/X (sky130_fd_sc_hd__or4_1)
                                                         _182_ (net)
                      0.081099    0.000020    6.885881 v _430_/A2 (sky130_fd_sc_hd__a21o_1)
     3    0.011430    0.068117    0.224413    7.110294 v _430_/X (sky130_fd_sc_hd__a21o_1)
                                                         _183_ (net)
                      0.068117    0.000321    7.110615 v _524_/A1 (sky130_fd_sc_hd__o31ai_1)
     1    0.010042    0.385126    0.393679    7.504294 ^ _524_/Y (sky130_fd_sc_hd__o31ai_1)
                                                         _250_ (net)
                      0.385127    0.000422    7.504716 ^ wire66/A (sky130_fd_sc_hd__clkbuf_4)
     3    0.048454    0.155182    0.314331    7.819047 ^ wire66/X (sky130_fd_sc_hd__clkbuf_4)
                                                         net66 (net)
                      0.156414    0.011125    7.830172 ^ fanout65/A (sky130_fd_sc_hd__clkbuf_2)
     7    0.027197    0.152472    0.218423    8.048594 ^ fanout65/X (sky130_fd_sc_hd__clkbuf_2)
                                                         net65 (net)
                      0.152472    0.000105    8.048699 ^ fanout64/A (sky130_fd_sc_hd__buf_2)
    13    0.046816    0.229325    0.274831    8.323530 ^ fanout64/X (sky130_fd_sc_hd__buf_2)
                                                         net64 (net)
                      0.229326    0.000483    8.324014 ^ fanout63/A (sky130_fd_sc_hd__clkbuf_2)
     5    0.030890    0.172001    0.251005    8.575019 ^ fanout63/X (sky130_fd_sc_hd__clkbuf_2)
                                                         net63 (net)
                      0.172002    0.000850    8.575870 ^ _532_/S (sky130_fd_sc_hd__mux2_1)
     1    0.001933    0.050678    0.328724    8.904593 v _532_/X (sky130_fd_sc_hd__mux2_1)
                                                         _018_ (net)
                      0.050678    0.000017    8.904610 v hold241/A (sky130_fd_sc_hd__dlygate4sd3_1)
     1    0.002263    0.050072    0.545519    9.450129 v hold241/X (sky130_fd_sc_hd__dlygate4sd3_1)
                                                         net412 (net)
                      0.050072    0.000022    9.450151 v hold50/A (sky130_fd_sc_hd__dlygate4sd3_1)
     1    0.001986    0.048908    0.542766    9.992917 v hold50/X (sky130_fd_sc_hd__dlygate4sd3_1)
                                                         net221 (net)
                      0.048908    0.000019    9.992935 v hold242/A (sky130_fd_sc_hd__dlygate4sd3_1)
     1    0.002361    0.050457    0.545717   10.538653 v hold242/X (sky130_fd_sc_hd__dlygate4sd3_1)
                                                         net413 (net)
                      0.050457    0.000020   10.538673 v _587_/D (sky130_fd_sc_hd__dfrtp_1)
                                             10.538673   data arrival time

                                 25.000000   25.000000   clock clk_i (rise edge)
                                  0.000000   25.000000   clock source latency
     2    0.071891    0.327468    0.237902   25.237902 ^ clk_i (in)
                                                         clk_i (net)
                      0.329570    0.000000   25.237902 ^ clkbuf_0_clk_i/A (sky130_fd_sc_hd__clkbuf_16)
     2    0.018366    0.045915    0.208679   25.446581 ^ clkbuf_0_clk_i/X (sky130_fd_sc_hd__clkbuf_16)
                                                         clknet_0_clk_i (net)
                      0.045915    0.000139   25.446720 ^ clkbuf_1_0__f_clk_i/A (sky130_fd_sc_hd__clkbuf_16)
     3    0.007966    0.031577    0.114250   25.560968 ^ clkbuf_1_0__f_clk_i/X (sky130_fd_sc_hd__clkbuf_16)
                                                         clknet_1_0__leaf_clk_i (net)
                      0.031577    0.000082   25.561050 ^ _498_/A (sky130_fd_sc_hd__and2_2)
     3    0.049082    0.252905    0.282418   25.843468 ^ _498_/X (sky130_fd_sc_hd__and2_2)
                                                         u_ibex.clk (net)
                      0.253412    0.009246   25.852715 ^ clkbuf_0_u_ibex.clk/A (sky130_fd_sc_hd__clkbuf_16)
     9    0.077738    0.096883    0.236470   26.089186 ^ clkbuf_0_u_ibex.clk/X (sky130_fd_sc_hd__clkbuf_16)
                                                         clknet_0_u_ibex.clk (net)
                      0.097116    0.003809   26.092993 ^ clkbuf_2_0__f_u_ibex.clk/A (sky130_fd_sc_hd__clkbuf_16)
    31    0.090578    0.108126    0.193445   26.286438 ^ clkbuf_2_0__f_u_ibex.clk/X (sky130_fd_sc_hd__clkbuf_16)
                                                         clknet_2_0__leaf_u_ibex.clk (net)
                      0.109669    0.010251   26.296690 ^ _587_/CLK (sky130_fd_sc_hd__dfrtp_1)
                                 -0.250000   26.046690   clock uncertainty
                                  0.000000   26.046690   clock reconvergence pessimism
                                 -0.101848   25.944843   library setup time
                                             25.944843   data required time
---------------------------------------------------------------------------------------------
                                             25.944843   data required time
                                            -10.538673   data arrival time
---------------------------------------------------------------------------------------------
                                             15.406169   slack (MET)


Startpoint: tl_i[64] (input port clocked by clk_i)
Endpoint: _574_ (rising edge-triggered flip-flop clocked by clk_i)
Path Group: clk_i
Path Type: max

Fanout         Cap        Slew       Delay        Time   Description
---------------------------------------------------------------------------------------------
                                  0.000000    0.000000   clock clk_i (rise edge)
                                  0.000000    0.000000   clock network delay (propagated)
                                  5.000000    5.000000 v input external delay
     2    0.004514    0.012572    0.007284    5.007285 v tl_i[64] (in)
                                                         tl_i[64] (net)
                      0.012572    0.000000    5.007285 v input14/A (sky130_fd_sc_hd__clkbuf_4)
     3    0.042946    0.095138    0.181935    5.189220 v input14/X (sky130_fd_sc_hd__clkbuf_4)
                                                         net14 (net)
                      0.095140    0.000523    5.189743 v _423_/A (sky130_fd_sc_hd__xor2_4)
     3    0.064498    0.178750    0.262135    5.451878 v _423_/X (sky130_fd_sc_hd__xor2_4)
                                                         _176_ (net)
                      0.180085    0.012233    5.464111 v wire85/A (sky130_fd_sc_hd__buf_8)
     3    0.102479    0.080253    0.221316    5.685427 v wire85/X (sky130_fd_sc_hd__buf_8)
                                                         net85 (net)
                      0.099279    0.029526    5.714953 v _426_/B (sky130_fd_sc_hd__or4_4)
     3    0.063345    0.172918    0.658161    6.373114 v _426_/X (sky130_fd_sc_hd__or4_4)
                                                         _179_ (net)
                      0.175296    0.016052    6.389166 v _429_/C (sky130_fd_sc_hd__or4_1)
     1    0.002422    0.081099    0.496696    6.885861 v _429_/X (sky130_fd_sc_hd__or4_1)
                                                         _182_ (net)
                      0.081099    0.000020    6.885881 v _430_/A2 (sky130_fd_sc_hd__a21o_1)
     3    0.011430    0.068117    0.224413    7.110294 v _430_/X (sky130_fd_sc_hd__a21o_1)
                                                         _183_ (net)
                      0.068117    0.000315    7.110609 v _432_/A2 (sky130_fd_sc_hd__o211a_1)
     1    0.002451    0.036688    0.204829    7.315439 v _432_/X (sky130_fd_sc_hd__o211a_1)
                                                         u_ibex.u_ibex_core.id_stage_i.controller_i.exc_req_lsu (net)
                      0.036688    0.000028    7.315467 v hold316/A (sky130_fd_sc_hd__dlygate4sd3_1)
     1    0.002169    0.049853    0.539216    7.854682 v hold316/X (sky130_fd_sc_hd__dlygate4sd3_1)
                                                         net487 (net)
                      0.049853    0.000022    7.854705 v hold102/A (sky130_fd_sc_hd__dlygate4sd3_1)
     2    0.009154    0.082922    0.592372    8.447076 v hold102/X (sky130_fd_sc_hd__dlygate4sd3_1)
                                                         net273 (net)
                      0.082922    0.000226    8.447303 v _485_/A2 (sky130_fd_sc_hd__o21ai_2)
     4    0.017610    0.229097    0.225469    8.672771 ^ _485_/Y (sky130_fd_sc_hd__o21ai_2)
                                                         _227_ (net)
                      0.229097    0.000250    8.673021 ^ _508_/A3 (sky130_fd_sc_hd__a32o_1)
     1    0.002641    0.052052    0.193276    8.866298 ^ _508_/X (sky130_fd_sc_hd__a32o_1)
                                                         _005_ (net)
                      0.052052    0.000028    8.866324 ^ hold199/A (sky130_fd_sc_hd__dlygate4sd3_1)
     1    0.002511    0.050480    0.534434    9.400759 ^ hold199/X (sky130_fd_sc_hd__dlygate4sd3_1)
                                                         net370 (net)
                      0.050480    0.000027    9.400785 ^ hold40/A (sky130_fd_sc_hd__dlygate4sd3_1)
     1    0.003096    0.055505    0.539444    9.940229 ^ hold40/X (sky130_fd_sc_hd__dlygate4sd3_1)
                                                         net211 (net)
                      0.055505    0.000040    9.940269 ^ hold200/A (sky130_fd_sc_hd__dlygate4sd3_1)
     1    0.002832    0.053213    0.538505   10.478775 ^ hold200/X (sky130_fd_sc_hd__dlygate4sd3_1)
                                                         net371 (net)
                      0.053213    0.000030   10.478805 ^ _574_/D (sky130_fd_sc_hd__dfrtp_1)
                                             10.478805   data arrival time

                                 25.000000   25.000000   clock clk_i (rise edge)
                                  0.000000   25.000000   clock source latency
     2    0.071891    0.327468    0.237902   25.237902 ^ clk_i (in)
                                                         clk_i (net)
                      0.329570    0.000000   25.237902 ^ clkbuf_0_clk_i/A (sky130_fd_sc_hd__clkbuf_16)
     2    0.018366    0.045915    0.208679   25.446581 ^ clkbuf_0_clk_i/X (sky130_fd_sc_hd__clkbuf_16)
                                                         clknet_0_clk_i (net)
                      0.045915    0.000139   25.446720 ^ clkbuf_1_0__f_clk_i/A (sky130_fd_sc_hd__clkbuf_16)
     3    0.007966    0.031577    0.114250   25.560968 ^ clkbuf_1_0__f_clk_i/X (sky130_fd_sc_hd__clkbuf_16)
                                                         clknet_1_0__leaf_clk_i (net)
                      0.031577    0.000082   25.561050 ^ _498_/A (sky130_fd_sc_hd__and2_2)
     3    0.049082    0.252905    0.282418   25.843468 ^ _498_/X (sky130_fd_sc_hd__and2_2)
                                                         u_ibex.clk (net)
                      0.253412    0.009246   25.852715 ^ clkbuf_0_u_ibex.clk/A (sky130_fd_sc_hd__clkbuf_16)
     9    0.077738    0.096883    0.236470   26.089186 ^ clkbuf_0_u_ibex.clk/X (sky130_fd_sc_hd__clkbuf_16)
                                                         clknet_0_u_ibex.clk (net)
                      0.097339    0.005283   26.094467 ^ clkbuf_2_3__f_u_ibex.clk/A (sky130_fd_sc_hd__clkbuf_16)
    23    0.077329    0.094713    0.186020   26.280487 ^ clkbuf_2_3__f_u_ibex.clk/X (sky130_fd_sc_hd__clkbuf_16)
                                                         clknet_2_3__leaf_u_ibex.clk (net)
                      0.095410    0.006434   26.286922 ^ _574_/CLK (sky130_fd_sc_hd__dfrtp_1)
                                 -0.250000   26.036922   clock uncertainty
                                  0.000000   26.036922   clock reconvergence pessimism
                                 -0.054131   25.982792   library setup time
                                             25.982792   data required time
---------------------------------------------------------------------------------------------
                                             25.982792   data required time
                                            -10.478805   data arrival time
---------------------------------------------------------------------------------------------
                                             15.503986   slack (MET)


Startpoint: _578_ (rising edge-triggered flip-flop clocked by clk_i)
Endpoint: tl_o[109] (output port clocked by clk_i)
Path Group: clk_i
Path Type: max

Fanout         Cap        Slew       Delay        Time   Description
---------------------------------------------------------------------------------------------
                                  0.000000    0.000000   clock clk_i (rise edge)
                                  0.000000    0.000000   clock source latency
     2    0.071891    0.327468    0.237902    0.237902 ^ clk_i (in)
                                                         clk_i (net)
                      0.329570    0.000000    0.237902 ^ clkbuf_0_clk_i/A (sky130_fd_sc_hd__clkbuf_16)
     2    0.018366    0.045915    0.208680    0.446582 ^ clkbuf_0_clk_i/X (sky130_fd_sc_hd__clkbuf_16)
                                                         clknet_0_clk_i (net)
                      0.045915    0.000137    0.446719 ^ clkbuf_1_0__f_clk_i/A (sky130_fd_sc_hd__clkbuf_16)
     3    0.007966    0.031577    0.114250    0.560970 ^ clkbuf_1_0__f_clk_i/X (sky130_fd_sc_hd__clkbuf_16)
                                                         clknet_1_0__leaf_clk_i (net)
                      0.031577    0.000082    0.561052 ^ _498_/A (sky130_fd_sc_hd__and2_2)
     3    0.049082    0.253215    0.282417    0.843469 ^ _498_/X (sky130_fd_sc_hd__and2_2)
                                                         u_ibex.clk (net)
                      0.253722    0.009246    0.852715 ^ clkbuf_0_u_ibex.clk/A (sky130_fd_sc_hd__clkbuf_16)
     9    0.077738    0.096888    0.236566    1.089280 ^ clkbuf_0_u_ibex.clk/X (sky130_fd_sc_hd__clkbuf_16)
                                                         clknet_0_u_ibex.clk (net)
                      0.097361    0.005383    1.094663 ^ clkbuf_2_2__f_u_ibex.clk/A (sky130_fd_sc_hd__clkbuf_16)
    31    0.099917    0.117593    0.198356    1.293019 ^ clkbuf_2_2__f_u_ibex.clk/X (sky130_fd_sc_hd__clkbuf_16)
                                                         clknet_2_2__leaf_u_ibex.clk (net)
                      0.118610    0.008838    1.301857 ^ _578_/CLK (sky130_fd_sc_hd__dfrtp_1)
     1    0.005140    0.049639    0.393638    1.695495 v _578_/Q (sky130_fd_sc_hd__dfrtp_1)
                                                         u_ibex.u_ibex_core.load_store_unit_i.ls_fsm_cs[1] (net)
                      0.049639    0.000095    1.695590 v hold126/A (sky130_fd_sc_hd__dlygate4sd3_1)
     1    0.003139    0.055173    0.553077    2.248666 v hold126/X (sky130_fd_sc_hd__dlygate4sd3_1)
                                                         net297 (net)
                      0.055173    0.000039    2.248705 v hold117/A (sky130_fd_sc_hd__dlygate4sd3_1)
     1    0.001892    0.048418    0.544023    2.792727 v hold117/X (sky130_fd_sc_hd__dlygate4sd3_1)
                                                         net288 (net)
                      0.048418    0.000017    2.792744 v hold127/A (sky130_fd_sc_hd__dlygate4sd3_1)
     3    0.010721    0.089486    0.599160    3.391904 v hold127/X (sky130_fd_sc_hd__dlygate4sd3_1)
                                                         net298 (net)
                      0.089486    0.000039    3.391943 v fanout82/A (sky130_fd_sc_hd__dlymetal6s2s_1)
     2    0.006532    0.052787    0.169410    3.561353 v fanout82/X (sky130_fd_sc_hd__dlymetal6s2s_1)
                                                         net82 (net)
                      0.052787    0.000082    3.561435 v _258_/B (sky130_fd_sc_hd__nor2_1)
     2    0.008529    0.169402    0.154890    3.716326 ^ _258_/Y (sky130_fd_sc_hd__nor2_1)
                                                         _048_ (net)
                      0.169403    0.000191    3.716516 ^ _433_/B (sky130_fd_sc_hd__nor2_1)
     1    0.003177    0.057470    0.061445    3.777961 v _433_/Y (sky130_fd_sc_hd__nor2_1)
                                                         data_req (net)
                      0.057470    0.000038    3.777999 v _715_/A (sky130_fd_sc_hd__buf_4)
     3    0.074778    0.101421    0.202343    3.980342 v _715_/X (sky130_fd_sc_hd__buf_4)
                                                         net18 (net)
                      0.112096    0.024984    4.005326 v output18/A (sky130_fd_sc_hd__buf_2)
     1    0.034743    0.090459    0.211461    4.216786 v output18/X (sky130_fd_sc_hd__buf_2)
                                                         tl_o[109] (net)
                      0.090461    0.000481    4.217267 v tl_o[109] (out)
                                              4.217267   data arrival time

                                 25.000000   25.000000   clock clk_i (rise edge)
                                  0.000000   25.000000   clock network delay (propagated)
                                 -0.250000   24.750000   clock uncertainty
                                  0.000000   24.750000   clock reconvergence pessimism
                                 -5.000000   19.750000   output external delay
                                             19.750000   data required time
---------------------------------------------------------------------------------------------
                                             19.750000   data required time
                                             -4.217267   data arrival time
---------------------------------------------------------------------------------------------
                                             15.532733   slack (MET)


Startpoint: tl_i[64] (input port clocked by clk_i)
Endpoint: _596_ (rising edge-triggered flip-flop clocked by clk_i)
Path Group: clk_i
Path Type: max

Fanout         Cap        Slew       Delay        Time   Description
---------------------------------------------------------------------------------------------
                                  0.000000    0.000000   clock clk_i (rise edge)
                                  0.000000    0.000000   clock network delay (propagated)
                                  5.000000    5.000000 v input external delay
     2    0.004514    0.012572    0.007284    5.007285 v tl_i[64] (in)
                                                         tl_i[64] (net)
                      0.012572    0.000000    5.007285 v input14/A (sky130_fd_sc_hd__clkbuf_4)
     3    0.042946    0.095138    0.181935    5.189220 v input14/X (sky130_fd_sc_hd__clkbuf_4)
                                                         net14 (net)
                      0.095140    0.000523    5.189743 v _423_/A (sky130_fd_sc_hd__xor2_4)
     3    0.064498    0.178750    0.262135    5.451878 v _423_/X (sky130_fd_sc_hd__xor2_4)
                                                         _176_ (net)
                      0.180085    0.012233    5.464111 v wire85/A (sky130_fd_sc_hd__buf_8)
     3    0.102479    0.080253    0.221316    5.685427 v wire85/X (sky130_fd_sc_hd__buf_8)
                                                         net85 (net)
                      0.099279    0.029526    5.714953 v _426_/B (sky130_fd_sc_hd__or4_4)
     3    0.063345    0.172918    0.658161    6.373114 v _426_/X (sky130_fd_sc_hd__or4_4)
                                                         _179_ (net)
                      0.175296    0.016052    6.389166 v _429_/C (sky130_fd_sc_hd__or4_1)
     1    0.002422    0.081099    0.496696    6.885861 v _429_/X (sky130_fd_sc_hd__or4_1)
                                                         _182_ (net)
                      0.081099    0.000020    6.885881 v _430_/A2 (sky130_fd_sc_hd__a21o_1)
     3    0.011430    0.068117    0.224413    7.110294 v _430_/X (sky130_fd_sc_hd__a21o_1)
                                                         _183_ (net)
                      0.068117    0.000321    7.110615 v _524_/A1 (sky130_fd_sc_hd__o31ai_1)
     1    0.010042    0.385126    0.393679    7.504294 ^ _524_/Y (sky130_fd_sc_hd__o31ai_1)
                                                         _250_ (net)
                      0.385127    0.000422    7.504716 ^ wire66/A (sky130_fd_sc_hd__clkbuf_4)
     3    0.048454    0.155182    0.314331    7.819047 ^ wire66/X (sky130_fd_sc_hd__clkbuf_4)
                                                         net66 (net)
                      0.156414    0.011125    7.830172 ^ fanout65/A (sky130_fd_sc_hd__clkbuf_2)
     7    0.027197    0.152472    0.218423    8.048594 ^ fanout65/X (sky130_fd_sc_hd__clkbuf_2)
                                                         net65 (net)
                      0.152472    0.000105    8.048699 ^ fanout64/A (sky130_fd_sc_hd__buf_2)
    13    0.046816    0.229325    0.274831    8.323530 ^ fanout64/X (sky130_fd_sc_hd__buf_2)
                                                         net64 (net)
                      0.229355    0.002177    8.325707 ^ _541_/S (sky130_fd_sc_hd__mux2_1)
     1    0.002387    0.052793    0.341239    8.666946 v _541_/X (sky130_fd_sc_hd__mux2_1)
                                                         _027_ (net)
                      0.052793    0.000027    8.666973 v hold191/A (sky130_fd_sc_hd__dlygate4sd3_1)
     1    0.002759    0.052705    0.550849    9.217822 v hold191/X (sky130_fd_sc_hd__dlygate4sd3_1)
                                                         net362 (net)
                      0.052705    0.000036    9.217858 v hold32/A (sky130_fd_sc_hd__dlygate4sd3_1)
     1    0.003150    0.055219    0.554368    9.772227 v hold32/X (sky130_fd_sc_hd__dlygate4sd3_1)
                                                         net203 (net)
                      0.055219    0.000043    9.772269 v hold192/A (sky130_fd_sc_hd__dlygate4sd3_1)
     1    0.002645    0.052017    0.550889   10.323158 v hold192/X (sky130_fd_sc_hd__dlygate4sd3_1)
                                                         net363 (net)
                      0.052017    0.000028   10.323186 v _596_/D (sky130_fd_sc_hd__dfrtp_1)
                                             10.323186   data arrival time

                                 25.000000   25.000000   clock clk_i (rise edge)
                                  0.000000   25.000000   clock source latency
     2    0.071891    0.327468    0.237902   25.237902 ^ clk_i (in)
                                                         clk_i (net)
                      0.329570    0.000000   25.237902 ^ clkbuf_0_clk_i/A (sky130_fd_sc_hd__clkbuf_16)
     2    0.018366    0.045915    0.208679   25.446581 ^ clkbuf_0_clk_i/X (sky130_fd_sc_hd__clkbuf_16)
                                                         clknet_0_clk_i (net)
                      0.045915    0.000139   25.446720 ^ clkbuf_1_0__f_clk_i/A (sky130_fd_sc_hd__clkbuf_16)
     3    0.007966    0.031577    0.114250   25.560968 ^ clkbuf_1_0__f_clk_i/X (sky130_fd_sc_hd__clkbuf_16)
                                                         clknet_1_0__leaf_clk_i (net)
                      0.031577    0.000082   25.561050 ^ _498_/A (sky130_fd_sc_hd__and2_2)
     3    0.049082    0.252905    0.282418   25.843468 ^ _498_/X (sky130_fd_sc_hd__and2_2)
                                                         u_ibex.clk (net)
                      0.253412    0.009246   25.852715 ^ clkbuf_0_u_ibex.clk/A (sky130_fd_sc_hd__clkbuf_16)
     9    0.077738    0.096883    0.236470   26.089186 ^ clkbuf_0_u_ibex.clk/X (sky130_fd_sc_hd__clkbuf_16)
                                                         clknet_0_u_ibex.clk (net)
                      0.097115    0.003798   26.092983 ^ clkbuf_2_1__f_u_ibex.clk/A (sky130_fd_sc_hd__clkbuf_16)
    33    0.090510    0.107483    0.194202   26.287186 ^ clkbuf_2_1__f_u_ibex.clk/X (sky130_fd_sc_hd__clkbuf_16)
                                                         clknet_2_1__leaf_u_ibex.clk (net)
                      0.108012    0.006116   26.293301 ^ _596_/CLK (sky130_fd_sc_hd__dfrtp_1)
                                 -0.250000   26.043303   clock uncertainty
                                  0.000000   26.043303   clock reconvergence pessimism
                                 -0.102905   25.940397   library setup time
                                             25.940397   data required time
---------------------------------------------------------------------------------------------
                                             25.940397   data required time
                                            -10.323186   data arrival time
---------------------------------------------------------------------------------------------
                                             15.617211   slack (MET)


Startpoint: tl_i[64] (input port clocked by clk_i)
Endpoint: _601_ (rising edge-triggered flip-flop clocked by clk_i)
Path Group: clk_i
Path Type: max

Fanout         Cap        Slew       Delay        Time   Description
---------------------------------------------------------------------------------------------
                                  0.000000    0.000000   clock clk_i (rise edge)
                                  0.000000    0.000000   clock network delay (propagated)
                                  5.000000    5.000000 v input external delay
     2    0.004514    0.012572    0.007284    5.007285 v tl_i[64] (in)
                                                         tl_i[64] (net)
                      0.012572    0.000000    5.007285 v input14/A (sky130_fd_sc_hd__clkbuf_4)
     3    0.042946    0.095138    0.181935    5.189220 v input14/X (sky130_fd_sc_hd__clkbuf_4)
                                                         net14 (net)
                      0.095140    0.000523    5.189743 v _423_/A (sky130_fd_sc_hd__xor2_4)
     3    0.064498    0.178750    0.262135    5.451878 v _423_/X (sky130_fd_sc_hd__xor2_4)
                                                         _176_ (net)
                      0.180085    0.012233    5.464111 v wire85/A (sky130_fd_sc_hd__buf_8)
     3    0.102479    0.080253    0.221316    5.685427 v wire85/X (sky130_fd_sc_hd__buf_8)
                                                         net85 (net)
                      0.099279    0.029526    5.714953 v _426_/B (sky130_fd_sc_hd__or4_4)
     3    0.063345    0.172918    0.658161    6.373114 v _426_/X (sky130_fd_sc_hd__or4_4)
                                                         _179_ (net)
                      0.175296    0.016052    6.389166 v _429_/C (sky130_fd_sc_hd__or4_1)
     1    0.002422    0.081099    0.496696    6.885861 v _429_/X (sky130_fd_sc_hd__or4_1)
                                                         _182_ (net)
                      0.081099    0.000020    6.885881 v _430_/A2 (sky130_fd_sc_hd__a21o_1)
     3    0.011430    0.068117    0.224413    7.110294 v _430_/X (sky130_fd_sc_hd__a21o_1)
                                                         _183_ (net)
                      0.068117    0.000321    7.110615 v _524_/A1 (sky130_fd_sc_hd__o31ai_1)
     1    0.010042    0.385126    0.393679    7.504294 ^ _524_/Y (sky130_fd_sc_hd__o31ai_1)
                                                         _250_ (net)
                      0.385127    0.000422    7.504716 ^ wire66/A (sky130_fd_sc_hd__clkbuf_4)
     3    0.048454    0.155182    0.314331    7.819047 ^ wire66/X (sky130_fd_sc_hd__clkbuf_4)
                                                         net66 (net)
                      0.156414    0.011125    7.830172 ^ fanout65/A (sky130_fd_sc_hd__clkbuf_2)
     7    0.027197    0.152472    0.218423    8.048594 ^ fanout65/X (sky130_fd_sc_hd__clkbuf_2)
                                                         net65 (net)
                      0.152472    0.000105    8.048699 ^ fanout64/A (sky130_fd_sc_hd__buf_2)
    13    0.046816    0.229325    0.274831    8.323530 ^ fanout64/X (sky130_fd_sc_hd__buf_2)
                                                         net64 (net)
                      0.229382    0.003000    8.326530 ^ _546_/S (sky130_fd_sc_hd__mux2_1)
     1    0.003005    0.056400    0.347066    8.673596 v _546_/X (sky130_fd_sc_hd__mux2_1)
                                                         _032_ (net)
                      0.056400    0.000037    8.673634 v hold249/A (sky130_fd_sc_hd__dlygate4sd3_1)
     1    0.002388    0.050542    0.549098    9.222732 v hold249/X (sky130_fd_sc_hd__dlygate4sd3_1)
                                                         net420 (net)
                      0.050542    0.000027    9.222758 v hold63/A (sky130_fd_sc_hd__dlygate4sd3_1)
     1    0.002477    0.051062    0.547411    9.770169 v hold63/X (sky130_fd_sc_hd__dlygate4sd3_1)
                                                         net234 (net)
                      0.051062    0.000028    9.770197 v hold250/A (sky130_fd_sc_hd__dlygate4sd3_1)
     1    0.002837    0.053202    0.550884   10.321080 v hold250/X (sky130_fd_sc_hd__dlygate4sd3_1)
                                                         net421 (net)
                      0.053202    0.000032   10.321113 v _601_/D (sky130_fd_sc_hd__dfrtp_1)
                                             10.321113   data arrival time

                                 25.000000   25.000000   clock clk_i (rise edge)
                                  0.000000   25.000000   clock source latency
     2    0.071891    0.327468    0.237902   25.237902 ^ clk_i (in)
                                                         clk_i (net)
                      0.329570    0.000000   25.237902 ^ clkbuf_0_clk_i/A (sky130_fd_sc_hd__clkbuf_16)
     2    0.018366    0.045915    0.208679   25.446581 ^ clkbuf_0_clk_i/X (sky130_fd_sc_hd__clkbuf_16)
                                                         clknet_0_clk_i (net)
                      0.045915    0.000139   25.446720 ^ clkbuf_1_0__f_clk_i/A (sky130_fd_sc_hd__clkbuf_16)
     3    0.007966    0.031577    0.114250   25.560968 ^ clkbuf_1_0__f_clk_i/X (sky130_fd_sc_hd__clkbuf_16)
                                                         clknet_1_0__leaf_clk_i (net)
                      0.031577    0.000082   25.561050 ^ _498_/A (sky130_fd_sc_hd__and2_2)
     3    0.049082    0.252905    0.282418   25.843468 ^ _498_/X (sky130_fd_sc_hd__and2_2)
                                                         u_ibex.clk (net)
                      0.253412    0.009246   25.852715 ^ clkbuf_0_u_ibex.clk/A (sky130_fd_sc_hd__clkbuf_16)
     9    0.077738    0.096883    0.236470   26.089186 ^ clkbuf_0_u_ibex.clk/X (sky130_fd_sc_hd__clkbuf_16)
                                                         clknet_0_u_ibex.clk (net)
                      0.097115    0.003798   26.092983 ^ clkbuf_2_1__f_u_ibex.clk/A (sky130_fd_sc_hd__clkbuf_16)
    33    0.090510    0.107483    0.194202   26.287186 ^ clkbuf_2_1__f_u_ibex.clk/X (sky130_fd_sc_hd__clkbuf_16)
                                                         clknet_2_1__leaf_u_ibex.clk (net)
                      0.108470    0.008249   26.295435 ^ _601_/CLK (sky130_fd_sc_hd__dfrtp_1)
                                 -0.250000   26.045435   clock uncertainty
                                  0.000000   26.045435   clock reconvergence pessimism
                                 -0.103316   25.942118   library setup time
                                             25.942118   data required time
---------------------------------------------------------------------------------------------
                                             25.942118   data required time
                                            -10.321113   data arrival time
---------------------------------------------------------------------------------------------
                                             15.621005   slack (MET)


Startpoint: tl_i[64] (input port clocked by clk_i)
Endpoint: _600_ (rising edge-triggered flip-flop clocked by clk_i)
Path Group: clk_i
Path Type: max

Fanout         Cap        Slew       Delay        Time   Description
---------------------------------------------------------------------------------------------
                                  0.000000    0.000000   clock clk_i (rise edge)
                                  0.000000    0.000000   clock network delay (propagated)
                                  5.000000    5.000000 v input external delay
     2    0.004514    0.012572    0.007284    5.007285 v tl_i[64] (in)
                                                         tl_i[64] (net)
                      0.012572    0.000000    5.007285 v input14/A (sky130_fd_sc_hd__clkbuf_4)
     3    0.042946    0.095138    0.181935    5.189220 v input14/X (sky130_fd_sc_hd__clkbuf_4)
                                                         net14 (net)
                      0.095140    0.000523    5.189743 v _423_/A (sky130_fd_sc_hd__xor2_4)
     3    0.064498    0.178750    0.262135    5.451878 v _423_/X (sky130_fd_sc_hd__xor2_4)
                                                         _176_ (net)
                      0.180085    0.012233    5.464111 v wire85/A (sky130_fd_sc_hd__buf_8)
     3    0.102479    0.080253    0.221316    5.685427 v wire85/X (sky130_fd_sc_hd__buf_8)
                                                         net85 (net)
                      0.099279    0.029526    5.714953 v _426_/B (sky130_fd_sc_hd__or4_4)
     3    0.063345    0.172918    0.658161    6.373114 v _426_/X (sky130_fd_sc_hd__or4_4)
                                                         _179_ (net)
                      0.175296    0.016052    6.389166 v _429_/C (sky130_fd_sc_hd__or4_1)
     1    0.002422    0.081099    0.496696    6.885861 v _429_/X (sky130_fd_sc_hd__or4_1)
                                                         _182_ (net)
                      0.081099    0.000020    6.885881 v _430_/A2 (sky130_fd_sc_hd__a21o_1)
     3    0.011430    0.068117    0.224413    7.110294 v _430_/X (sky130_fd_sc_hd__a21o_1)
                                                         _183_ (net)
                      0.068117    0.000321    7.110615 v _524_/A1 (sky130_fd_sc_hd__o31ai_1)
     1    0.010042    0.385126    0.393679    7.504294 ^ _524_/Y (sky130_fd_sc_hd__o31ai_1)
                                                         _250_ (net)
                      0.385127    0.000422    7.504716 ^ wire66/A (sky130_fd_sc_hd__clkbuf_4)
     3    0.048454    0.155182    0.314331    7.819047 ^ wire66/X (sky130_fd_sc_hd__clkbuf_4)
                                                         net66 (net)
                      0.156414    0.011125    7.830172 ^ fanout65/A (sky130_fd_sc_hd__clkbuf_2)
     7    0.027197    0.152472    0.218423    8.048594 ^ fanout65/X (sky130_fd_sc_hd__clkbuf_2)
                                                         net65 (net)
                      0.152472    0.000105    8.048699 ^ fanout64/A (sky130_fd_sc_hd__buf_2)
    13    0.046816    0.229325    0.274831    8.323530 ^ fanout64/X (sky130_fd_sc_hd__buf_2)
                                                         net64 (net)
                      0.229377    0.002868    8.326399 ^ _545_/S (sky130_fd_sc_hd__mux2_1)
     1    0.002493    0.053294    0.342239    8.668637 v _545_/X (sky130_fd_sc_hd__mux2_1)
                                                         _031_ (net)
                      0.053294    0.000029    8.668667 v hold215/A (sky130_fd_sc_hd__dlygate4sd3_1)
     1    0.002957    0.053943    0.552856    9.221523 v hold215/X (sky130_fd_sc_hd__dlygate4sd3_1)
                                                         net386 (net)
                      0.053943    0.000035    9.221558 v hold44/A (sky130_fd_sc_hd__dlygate4sd3_1)
     1    0.002002    0.048963    0.544470    9.766028 v hold44/X (sky130_fd_sc_hd__dlygate4sd3_1)
                                                         net215 (net)
                      0.048963    0.000012    9.766040 v hold216/A (sky130_fd_sc_hd__dlygate4sd3_1)
     1    0.002934    0.053830    0.550946   10.316986 v hold216/X (sky130_fd_sc_hd__dlygate4sd3_1)
                                                         net387 (net)
                      0.053830    0.000032   10.317018 v _600_/D (sky130_fd_sc_hd__dfrtp_1)
                                             10.317018   data arrival time

                                 25.000000   25.000000   clock clk_i (rise edge)
                                  0.000000   25.000000   clock source latency
     2    0.071891    0.327468    0.237902   25.237902 ^ clk_i (in)
                                                         clk_i (net)
                      0.329570    0.000000   25.237902 ^ clkbuf_0_clk_i/A (sky130_fd_sc_hd__clkbuf_16)
     2    0.018366    0.045915    0.208679   25.446581 ^ clkbuf_0_clk_i/X (sky130_fd_sc_hd__clkbuf_16)
                                                         clknet_0_clk_i (net)
                      0.045915    0.000139   25.446720 ^ clkbuf_1_0__f_clk_i/A (sky130_fd_sc_hd__clkbuf_16)
     3    0.007966    0.031577    0.114250   25.560968 ^ clkbuf_1_0__f_clk_i/X (sky130_fd_sc_hd__clkbuf_16)
                                                         clknet_1_0__leaf_clk_i (net)
                      0.031577    0.000082   25.561050 ^ _498_/A (sky130_fd_sc_hd__and2_2)
     3    0.049082    0.252905    0.282418   25.843468 ^ _498_/X (sky130_fd_sc_hd__and2_2)
                                                         u_ibex.clk (net)
                      0.253412    0.009246   25.852715 ^ clkbuf_0_u_ibex.clk/A (sky130_fd_sc_hd__clkbuf_16)
     9    0.077738    0.096883    0.236470   26.089186 ^ clkbuf_0_u_ibex.clk/X (sky130_fd_sc_hd__clkbuf_16)
                                                         clknet_0_u_ibex.clk (net)
                      0.097115    0.003798   26.092983 ^ clkbuf_2_1__f_u_ibex.clk/A (sky130_fd_sc_hd__clkbuf_16)
    33    0.090510    0.107483    0.194202   26.287186 ^ clkbuf_2_1__f_u_ibex.clk/X (sky130_fd_sc_hd__clkbuf_16)
                                                         clknet_2_1__leaf_u_ibex.clk (net)
                      0.108379    0.007871   26.295055 ^ _600_/CLK (sky130_fd_sc_hd__dfrtp_1)
                                 -0.250000   26.045057   clock uncertainty
                                  0.000000   26.045057   clock reconvergence pessimism
                                 -0.103609   25.941446   library setup time
                                             25.941446   data required time
---------------------------------------------------------------------------------------------
                                             25.941446   data required time
                                            -10.317018   data arrival time
---------------------------------------------------------------------------------------------
                                             15.624431   slack (MET)


Startpoint: tl_i[64] (input port clocked by clk_i)
Endpoint: _585_ (rising edge-triggered flip-flop clocked by clk_i)
Path Group: clk_i
Path Type: max

Fanout         Cap        Slew       Delay        Time   Description
---------------------------------------------------------------------------------------------
                                  0.000000    0.000000   clock clk_i (rise edge)
                                  0.000000    0.000000   clock network delay (propagated)
                                  5.000000    5.000000 v input external delay
     2    0.004514    0.012572    0.007284    5.007285 v tl_i[64] (in)
                                                         tl_i[64] (net)
                      0.012572    0.000000    5.007285 v input14/A (sky130_fd_sc_hd__clkbuf_4)
     3    0.042946    0.095138    0.181935    5.189220 v input14/X (sky130_fd_sc_hd__clkbuf_4)
                                                         net14 (net)
                      0.095140    0.000523    5.189743 v _423_/A (sky130_fd_sc_hd__xor2_4)
     3    0.064498    0.178750    0.262135    5.451878 v _423_/X (sky130_fd_sc_hd__xor2_4)
                                                         _176_ (net)
                      0.180085    0.012233    5.464111 v wire85/A (sky130_fd_sc_hd__buf_8)
     3    0.102479    0.080253    0.221316    5.685427 v wire85/X (sky130_fd_sc_hd__buf_8)
                                                         net85 (net)
                      0.099279    0.029526    5.714953 v _426_/B (sky130_fd_sc_hd__or4_4)
     3    0.063345    0.172918    0.658161    6.373114 v _426_/X (sky130_fd_sc_hd__or4_4)
                                                         _179_ (net)
                      0.175296    0.016052    6.389166 v _429_/C (sky130_fd_sc_hd__or4_1)
     1    0.002422    0.081099    0.496696    6.885861 v _429_/X (sky130_fd_sc_hd__or4_1)
                                                         _182_ (net)
                      0.081099    0.000020    6.885881 v _430_/A2 (sky130_fd_sc_hd__a21o_1)
     3    0.011430    0.068117    0.224413    7.110294 v _430_/X (sky130_fd_sc_hd__a21o_1)
                                                         _183_ (net)
                      0.068117    0.000321    7.110615 v _524_/A1 (sky130_fd_sc_hd__o31ai_1)
     1    0.010042    0.385126    0.393679    7.504294 ^ _524_/Y (sky130_fd_sc_hd__o31ai_1)
                                                         _250_ (net)
                      0.385127    0.000422    7.504716 ^ wire66/A (sky130_fd_sc_hd__clkbuf_4)
     3    0.048454    0.155182    0.314331    7.819047 ^ wire66/X (sky130_fd_sc_hd__clkbuf_4)
                                                         net66 (net)
                      0.156414    0.011125    7.830172 ^ fanout65/A (sky130_fd_sc_hd__clkbuf_2)
     7    0.027197    0.152472    0.218423    8.048594 ^ fanout65/X (sky130_fd_sc_hd__clkbuf_2)
                                                         net65 (net)
                      0.152472    0.000682    8.049277 ^ fanout61/A (sky130_fd_sc_hd__dlymetal6s2s_1)
     4    0.022958    0.242647    0.260759    8.310036 ^ fanout61/X (sky130_fd_sc_hd__dlymetal6s2s_1)
                                                         net61 (net)
                      0.242648    0.000364    8.310400 ^ _530_/S (sky130_fd_sc_hd__mux2_1)
     1    0.002266    0.052007    0.342006    8.652405 v _530_/X (sky130_fd_sc_hd__mux2_1)
                                                         _016_ (net)
                      0.052007    0.000022    8.652428 v hold344/A (sky130_fd_sc_hd__dlygate4sd3_1)
     1    0.002575    0.051615    0.548871    9.201299 v hold344/X (sky130_fd_sc_hd__dlygate4sd3_1)
                                                         net515 (net)
                      0.051615    0.000029    9.201328 v hold132/A (sky130_fd_sc_hd__dlygate4sd3_1)
     1    0.003129    0.055093    0.553759    9.755087 v hold132/X (sky130_fd_sc_hd__dlygate4sd3_1)
                                                         net303 (net)
                      0.055093    0.000030    9.755117 v hold345/A (sky130_fd_sc_hd__dlygate4sd3_1)
     1    0.003165    0.055322    0.555564   10.310680 v hold345/X (sky130_fd_sc_hd__dlygate4sd3_1)
                                                         net516 (net)
                      0.055322    0.000036   10.310716 v _585_/D (sky130_fd_sc_hd__dfrtp_1)
                                             10.310716   data arrival time

                                 25.000000   25.000000   clock clk_i (rise edge)
                                  0.000000   25.000000   clock source latency
     2    0.071891    0.327468    0.237902   25.237902 ^ clk_i (in)
                                                         clk_i (net)
                      0.329570    0.000000   25.237902 ^ clkbuf_0_clk_i/A (sky130_fd_sc_hd__clkbuf_16)
     2    0.018366    0.045915    0.208679   25.446581 ^ clkbuf_0_clk_i/X (sky130_fd_sc_hd__clkbuf_16)
                                                         clknet_0_clk_i (net)
                      0.045915    0.000139   25.446720 ^ clkbuf_1_0__f_clk_i/A (sky130_fd_sc_hd__clkbuf_16)
     3    0.007966    0.031577    0.114250   25.560968 ^ clkbuf_1_0__f_clk_i/X (sky130_fd_sc_hd__clkbuf_16)
                                                         clknet_1_0__leaf_clk_i (net)
                      0.031577    0.000082   25.561050 ^ _498_/A (sky130_fd_sc_hd__and2_2)
     3    0.049082    0.252905    0.282418   25.843468 ^ _498_/X (sky130_fd_sc_hd__and2_2)
                                                         u_ibex.clk (net)
                      0.253412    0.009246   25.852715 ^ clkbuf_0_u_ibex.clk/A (sky130_fd_sc_hd__clkbuf_16)
     9    0.077738    0.096883    0.236470   26.089186 ^ clkbuf_0_u_ibex.clk/X (sky130_fd_sc_hd__clkbuf_16)
                                                         clknet_0_u_ibex.clk (net)
                      0.097116    0.003809   26.092993 ^ clkbuf_2_0__f_u_ibex.clk/A (sky130_fd_sc_hd__clkbuf_16)
    31    0.090578    0.108126    0.193445   26.286438 ^ clkbuf_2_0__f_u_ibex.clk/X (sky130_fd_sc_hd__clkbuf_16)
                                                         clknet_2_0__leaf_u_ibex.clk (net)
                      0.109862    0.010859   26.297298 ^ _585_/CLK (sky130_fd_sc_hd__dfrtp_1)
                                 -0.250000   26.047298   clock uncertainty
                                  0.000000   26.047298   clock reconvergence pessimism
                                 -0.103918   25.943380   library setup time
                                             25.943380   data required time
---------------------------------------------------------------------------------------------
                                             25.943380   data required time
                                            -10.310716   data arrival time
---------------------------------------------------------------------------------------------
                                             15.632664   slack (MET)


Startpoint: tl_i[64] (input port clocked by clk_i)
Endpoint: _598_ (rising edge-triggered flip-flop clocked by clk_i)
Path Group: clk_i
Path Type: max

Fanout         Cap        Slew       Delay        Time   Description
---------------------------------------------------------------------------------------------
                                  0.000000    0.000000   clock clk_i (rise edge)
                                  0.000000    0.000000   clock network delay (propagated)
                                  5.000000    5.000000 v input external delay
     2    0.004514    0.012572    0.007284    5.007285 v tl_i[64] (in)
                                                         tl_i[64] (net)
                      0.012572    0.000000    5.007285 v input14/A (sky130_fd_sc_hd__clkbuf_4)
     3    0.042946    0.095138    0.181935    5.189220 v input14/X (sky130_fd_sc_hd__clkbuf_4)
                                                         net14 (net)
                      0.095140    0.000523    5.189743 v _423_/A (sky130_fd_sc_hd__xor2_4)
     3    0.064498    0.178750    0.262135    5.451878 v _423_/X (sky130_fd_sc_hd__xor2_4)
                                                         _176_ (net)
                      0.180085    0.012233    5.464111 v wire85/A (sky130_fd_sc_hd__buf_8)
     3    0.102479    0.080253    0.221316    5.685427 v wire85/X (sky130_fd_sc_hd__buf_8)
                                                         net85 (net)
                      0.099279    0.029526    5.714953 v _426_/B (sky130_fd_sc_hd__or4_4)
     3    0.063345    0.172918    0.658161    6.373114 v _426_/X (sky130_fd_sc_hd__or4_4)
                                                         _179_ (net)
                      0.175296    0.016052    6.389166 v _429_/C (sky130_fd_sc_hd__or4_1)
     1    0.002422    0.081099    0.496696    6.885861 v _429_/X (sky130_fd_sc_hd__or4_1)
                                                         _182_ (net)
                      0.081099    0.000020    6.885881 v _430_/A2 (sky130_fd_sc_hd__a21o_1)
     3    0.011430    0.068117    0.224413    7.110294 v _430_/X (sky130_fd_sc_hd__a21o_1)
                                                         _183_ (net)
                      0.068117    0.000321    7.110615 v _524_/A1 (sky130_fd_sc_hd__o31ai_1)
     1    0.010042    0.385126    0.393679    7.504294 ^ _524_/Y (sky130_fd_sc_hd__o31ai_1)
                                                         _250_ (net)
                      0.385127    0.000422    7.504716 ^ wire66/A (sky130_fd_sc_hd__clkbuf_4)
     3    0.048454    0.155182    0.314331    7.819047 ^ wire66/X (sky130_fd_sc_hd__clkbuf_4)
                                                         net66 (net)
                      0.156414    0.011125    7.830172 ^ fanout65/A (sky130_fd_sc_hd__clkbuf_2)
     7    0.027197    0.152472    0.218423    8.048594 ^ fanout65/X (sky130_fd_sc_hd__clkbuf_2)
                                                         net65 (net)
                      0.152472    0.000105    8.048699 ^ fanout64/A (sky130_fd_sc_hd__buf_2)
    13    0.046816    0.229325    0.274831    8.323530 ^ fanout64/X (sky130_fd_sc_hd__buf_2)
                                                         net64 (net)
                      0.229355    0.002192    8.325723 ^ _543_/S (sky130_fd_sc_hd__mux2_1)
     1    0.002256    0.052114    0.340004    8.665727 v _543_/X (sky130_fd_sc_hd__mux2_1)
                                                         _029_ (net)
                      0.052114    0.000022    8.665750 v hold285/A (sky130_fd_sc_hd__dlygate4sd3_1)
     1    0.002478    0.051053    0.548029    9.213778 v hold285/X (sky130_fd_sc_hd__dlygate4sd3_1)
                                                         net456 (net)
                      0.051053    0.000029    9.213808 v hold82/A (sky130_fd_sc_hd__dlygate4sd3_1)
     1    0.001996    0.048948    0.543238    9.757046 v hold82/X (sky130_fd_sc_hd__dlygate4sd3_1)
                                                         net253 (net)
                      0.048948    0.000012    9.757057 v hold286/A (sky130_fd_sc_hd__dlygate4sd3_1)
     1    0.002823    0.053134    0.549936   10.306993 v hold286/X (sky130_fd_sc_hd__dlygate4sd3_1)
                                                         net457 (net)
                      0.053134    0.000032   10.307026 v _598_/D (sky130_fd_sc_hd__dfrtp_1)
                                             10.307026   data arrival time

                                 25.000000   25.000000   clock clk_i (rise edge)
                                  0.000000   25.000000   clock source latency
     2    0.071891    0.327468    0.237902   25.237902 ^ clk_i (in)
                                                         clk_i (net)
                      0.329570    0.000000   25.237902 ^ clkbuf_0_clk_i/A (sky130_fd_sc_hd__clkbuf_16)
     2    0.018366    0.045915    0.208679   25.446581 ^ clkbuf_0_clk_i/X (sky130_fd_sc_hd__clkbuf_16)
                                                         clknet_0_clk_i (net)
                      0.045915    0.000139   25.446720 ^ clkbuf_1_0__f_clk_i/A (sky130_fd_sc_hd__clkbuf_16)
     3    0.007966    0.031577    0.114250   25.560968 ^ clkbuf_1_0__f_clk_i/X (sky130_fd_sc_hd__clkbuf_16)
                                                         clknet_1_0__leaf_clk_i (net)
                      0.031577    0.000082   25.561050 ^ _498_/A (sky130_fd_sc_hd__and2_2)
     3    0.049082    0.252905    0.282418   25.843468 ^ _498_/X (sky130_fd_sc_hd__and2_2)
                                                         u_ibex.clk (net)
                      0.253412    0.009246   25.852715 ^ clkbuf_0_u_ibex.clk/A (sky130_fd_sc_hd__clkbuf_16)
     9    0.077738    0.096883    0.236470   26.089186 ^ clkbuf_0_u_ibex.clk/X (sky130_fd_sc_hd__clkbuf_16)
                                                         clknet_0_u_ibex.clk (net)
                      0.097115    0.003798   26.092983 ^ clkbuf_2_1__f_u_ibex.clk/A (sky130_fd_sc_hd__clkbuf_16)
    33    0.090510    0.107483    0.194202   26.287186 ^ clkbuf_2_1__f_u_ibex.clk/X (sky130_fd_sc_hd__clkbuf_16)
                                                         clknet_2_1__leaf_u_ibex.clk (net)
                      0.108198    0.007065   26.294249 ^ _598_/CLK (sky130_fd_sc_hd__dfrtp_1)
                                 -0.250000   26.044250   clock uncertainty
                                  0.000000   26.044250   clock reconvergence pessimism
                                 -0.103348   25.940901   library setup time
                                             25.940901   data required time
---------------------------------------------------------------------------------------------
                                             25.940901   data required time
                                            -10.307026   data arrival time
---------------------------------------------------------------------------------------------
                                             15.633877   slack (MET)


Startpoint: tl_i[64] (input port clocked by clk_i)
Endpoint: _599_ (rising edge-triggered flip-flop clocked by clk_i)
Path Group: clk_i
Path Type: max

Fanout         Cap        Slew       Delay        Time   Description
---------------------------------------------------------------------------------------------
                                  0.000000    0.000000   clock clk_i (rise edge)
                                  0.000000    0.000000   clock network delay (propagated)
                                  5.000000    5.000000 v input external delay
     2    0.004514    0.012572    0.007284    5.007285 v tl_i[64] (in)
                                                         tl_i[64] (net)
                      0.012572    0.000000    5.007285 v input14/A (sky130_fd_sc_hd__clkbuf_4)
     3    0.042946    0.095138    0.181935    5.189220 v input14/X (sky130_fd_sc_hd__clkbuf_4)
                                                         net14 (net)
                      0.095140    0.000523    5.189743 v _423_/A (sky130_fd_sc_hd__xor2_4)
     3    0.064498    0.178750    0.262135    5.451878 v _423_/X (sky130_fd_sc_hd__xor2_4)
                                                         _176_ (net)
                      0.180085    0.012233    5.464111 v wire85/A (sky130_fd_sc_hd__buf_8)
     3    0.102479    0.080253    0.221316    5.685427 v wire85/X (sky130_fd_sc_hd__buf_8)
                                                         net85 (net)
                      0.099279    0.029526    5.714953 v _426_/B (sky130_fd_sc_hd__or4_4)
     3    0.063345    0.172918    0.658161    6.373114 v _426_/X (sky130_fd_sc_hd__or4_4)
                                                         _179_ (net)
                      0.175296    0.016052    6.389166 v _429_/C (sky130_fd_sc_hd__or4_1)
     1    0.002422    0.081099    0.496696    6.885861 v _429_/X (sky130_fd_sc_hd__or4_1)
                                                         _182_ (net)
                      0.081099    0.000020    6.885881 v _430_/A2 (sky130_fd_sc_hd__a21o_1)
     3    0.011430    0.068117    0.224413    7.110294 v _430_/X (sky130_fd_sc_hd__a21o_1)
                                                         _183_ (net)
                      0.068117    0.000321    7.110615 v _524_/A1 (sky130_fd_sc_hd__o31ai_1)
     1    0.010042    0.385126    0.393679    7.504294 ^ _524_/Y (sky130_fd_sc_hd__o31ai_1)
                                                         _250_ (net)
                      0.385127    0.000422    7.504716 ^ wire66/A (sky130_fd_sc_hd__clkbuf_4)
     3    0.048454    0.155182    0.314331    7.819047 ^ wire66/X (sky130_fd_sc_hd__clkbuf_4)
                                                         net66 (net)
                      0.156414    0.011125    7.830172 ^ fanout65/A (sky130_fd_sc_hd__clkbuf_2)
     7    0.027197    0.152472    0.218423    8.048594 ^ fanout65/X (sky130_fd_sc_hd__clkbuf_2)
                                                         net65 (net)
                      0.152472    0.000105    8.048699 ^ fanout64/A (sky130_fd_sc_hd__buf_2)
    13    0.046816    0.229325    0.274831    8.323530 ^ fanout64/X (sky130_fd_sc_hd__buf_2)
                                                         net64 (net)
                      0.229369    0.002656    8.326186 ^ _544_/S (sky130_fd_sc_hd__mux2_1)
     1    0.001812    0.051125    0.335826    8.662013 v _544_/X (sky130_fd_sc_hd__mux2_1)
                                                         _030_ (net)
                      0.051125    0.000008    8.662021 v hold253/A (sky130_fd_sc_hd__dlygate4sd3_1)
     1    0.002783    0.052864    0.550415    9.212436 v hold253/X (sky130_fd_sc_hd__dlygate4sd3_1)
                                                         net424 (net)
                      0.052864    0.000031    9.212466 v hold66/A (sky130_fd_sc_hd__dlygate4sd3_1)
     1    0.001886    0.048389    0.542939    9.755405 v hold66/X (sky130_fd_sc_hd__dlygate4sd3_1)
                                                         net237 (net)
                      0.048389    0.000016    9.755422 v hold254/A (sky130_fd_sc_hd__dlygate4sd3_1)
     1    0.002778    0.052861    0.549306   10.304728 v hold254/X (sky130_fd_sc_hd__dlygate4sd3_1)
                                                         net425 (net)
                      0.052861    0.000031   10.304759 v _599_/D (sky130_fd_sc_hd__dfrtp_1)
                                             10.304759   data arrival time

                                 25.000000   25.000000   clock clk_i (rise edge)
                                  0.000000   25.000000   clock source latency
     2    0.071891    0.327468    0.237902   25.237902 ^ clk_i (in)
                                                         clk_i (net)
                      0.329570    0.000000   25.237902 ^ clkbuf_0_clk_i/A (sky130_fd_sc_hd__clkbuf_16)
     2    0.018366    0.045915    0.208679   25.446581 ^ clkbuf_0_clk_i/X (sky130_fd_sc_hd__clkbuf_16)
                                                         clknet_0_clk_i (net)
                      0.045915    0.000139   25.446720 ^ clkbuf_1_0__f_clk_i/A (sky130_fd_sc_hd__clkbuf_16)
     3    0.007966    0.031577    0.114250   25.560968 ^ clkbuf_1_0__f_clk_i/X (sky130_fd_sc_hd__clkbuf_16)
                                                         clknet_1_0__leaf_clk_i (net)
                      0.031577    0.000082   25.561050 ^ _498_/A (sky130_fd_sc_hd__and2_2)
     3    0.049082    0.252905    0.282418   25.843468 ^ _498_/X (sky130_fd_sc_hd__and2_2)
                                                         u_ibex.clk (net)
                      0.253412    0.009246   25.852715 ^ clkbuf_0_u_ibex.clk/A (sky130_fd_sc_hd__clkbuf_16)
     9    0.077738    0.096883    0.236470   26.089186 ^ clkbuf_0_u_ibex.clk/X (sky130_fd_sc_hd__clkbuf_16)
                                                         clknet_0_u_ibex.clk (net)
                      0.097115    0.003798   26.092983 ^ clkbuf_2_1__f_u_ibex.clk/A (sky130_fd_sc_hd__clkbuf_16)
    33    0.090510    0.107483    0.194202   26.287186 ^ clkbuf_2_1__f_u_ibex.clk/X (sky130_fd_sc_hd__clkbuf_16)
                                                         clknet_2_1__leaf_u_ibex.clk (net)
                      0.108304    0.007546   26.294731 ^ _599_/CLK (sky130_fd_sc_hd__dfrtp_1)
                                 -0.250000   26.044731   clock uncertainty
                                  0.000000   26.044731   clock reconvergence pessimism
                                 -0.103206   25.941525   library setup time
                                             25.941525   data required time
---------------------------------------------------------------------------------------------
                                             25.941525   data required time
                                            -10.304759   data arrival time
---------------------------------------------------------------------------------------------
                                             15.636765   slack (MET)


Startpoint: tl_i[64] (input port clocked by clk_i)
Endpoint: _602_ (rising edge-triggered flip-flop clocked by clk_i)
Path Group: clk_i
Path Type: max

Fanout         Cap        Slew       Delay        Time   Description
---------------------------------------------------------------------------------------------
                                  0.000000    0.000000   clock clk_i (rise edge)
                                  0.000000    0.000000   clock network delay (propagated)
                                  5.000000    5.000000 v input external delay
     2    0.004514    0.012572    0.007284    5.007285 v tl_i[64] (in)
                                                         tl_i[64] (net)
                      0.012572    0.000000    5.007285 v input14/A (sky130_fd_sc_hd__clkbuf_4)
     3    0.042946    0.095138    0.181935    5.189220 v input14/X (sky130_fd_sc_hd__clkbuf_4)
                                                         net14 (net)
                      0.095140    0.000523    5.189743 v _423_/A (sky130_fd_sc_hd__xor2_4)
     3    0.064498    0.178750    0.262135    5.451878 v _423_/X (sky130_fd_sc_hd__xor2_4)
                                                         _176_ (net)
                      0.180085    0.012233    5.464111 v wire85/A (sky130_fd_sc_hd__buf_8)
     3    0.102479    0.080253    0.221316    5.685427 v wire85/X (sky130_fd_sc_hd__buf_8)
                                                         net85 (net)
                      0.099279    0.029526    5.714953 v _426_/B (sky130_fd_sc_hd__or4_4)
     3    0.063345    0.172918    0.658161    6.373114 v _426_/X (sky130_fd_sc_hd__or4_4)
                                                         _179_ (net)
                      0.175296    0.016052    6.389166 v _429_/C (sky130_fd_sc_hd__or4_1)
     1    0.002422    0.081099    0.496696    6.885861 v _429_/X (sky130_fd_sc_hd__or4_1)
                                                         _182_ (net)
                      0.081099    0.000020    6.885881 v _430_/A2 (sky130_fd_sc_hd__a21o_1)
     3    0.011430    0.068117    0.224413    7.110294 v _430_/X (sky130_fd_sc_hd__a21o_1)
                                                         _183_ (net)
                      0.068117    0.000321    7.110615 v _524_/A1 (sky130_fd_sc_hd__o31ai_1)
     1    0.010042    0.385126    0.393679    7.504294 ^ _524_/Y (sky130_fd_sc_hd__o31ai_1)
                                                         _250_ (net)
                      0.385127    0.000422    7.504716 ^ wire66/A (sky130_fd_sc_hd__clkbuf_4)
     3    0.048454    0.155182    0.314331    7.819047 ^ wire66/X (sky130_fd_sc_hd__clkbuf_4)
                                                         net66 (net)
                      0.156414    0.011125    7.830172 ^ fanout65/A (sky130_fd_sc_hd__clkbuf_2)
     7    0.027197    0.152472    0.218423    8.048594 ^ fanout65/X (sky130_fd_sc_hd__clkbuf_2)
                                                         net65 (net)
                      0.152472    0.000682    8.049277 ^ fanout61/A (sky130_fd_sc_hd__dlymetal6s2s_1)
     4    0.022958    0.242647    0.260759    8.310036 ^ fanout61/X (sky130_fd_sc_hd__dlymetal6s2s_1)
                                                         net61 (net)
                      0.242652    0.000871    8.310906 ^ _547_/S (sky130_fd_sc_hd__mux2_1)
     1    0.002122    0.051537    0.340656    8.651564 v _547_/X (sky130_fd_sc_hd__mux2_1)
                                                         _033_ (net)
                      0.051537    0.000020    8.651584 v hold219/A (sky130_fd_sc_hd__dlygate4sd3_1)
     1    0.002189    0.049795    0.545175    9.196759 v hold219/X (sky130_fd_sc_hd__dlygate4sd3_1)
                                                         net390 (net)
                      0.049795    0.000022    9.196781 v hold48/A (sky130_fd_sc_hd__dlygate4sd3_1)
     1    0.002871    0.053429    0.550706    9.747487 v hold48/X (sky130_fd_sc_hd__dlygate4sd3_1)
                                                         net219 (net)
                      0.053429    0.000027    9.747514 v hold220/A (sky130_fd_sc_hd__dlygate4sd3_1)
     1    0.003265    0.056013    0.555717   10.303231 v hold220/X (sky130_fd_sc_hd__dlygate4sd3_1)
                                                         net391 (net)
                      0.056013    0.000044   10.303276 v _602_/D (sky130_fd_sc_hd__dfrtp_1)
                                             10.303276   data arrival time

                                 25.000000   25.000000   clock clk_i (rise edge)
                                  0.000000   25.000000   clock source latency
     2    0.071891    0.327468    0.237902   25.237902 ^ clk_i (in)
                                                         clk_i (net)
                      0.329570    0.000000   25.237902 ^ clkbuf_0_clk_i/A (sky130_fd_sc_hd__clkbuf_16)
     2    0.018366    0.045915    0.208679   25.446581 ^ clkbuf_0_clk_i/X (sky130_fd_sc_hd__clkbuf_16)
                                                         clknet_0_clk_i (net)
                      0.045915    0.000139   25.446720 ^ clkbuf_1_0__f_clk_i/A (sky130_fd_sc_hd__clkbuf_16)
     3    0.007966    0.031577    0.114250   25.560968 ^ clkbuf_1_0__f_clk_i/X (sky130_fd_sc_hd__clkbuf_16)
                                                         clknet_1_0__leaf_clk_i (net)
                      0.031577    0.000082   25.561050 ^ _498_/A (sky130_fd_sc_hd__and2_2)
     3    0.049082    0.252905    0.282418   25.843468 ^ _498_/X (sky130_fd_sc_hd__and2_2)
                                                         u_ibex.clk (net)
                      0.253412    0.009246   25.852715 ^ clkbuf_0_u_ibex.clk/A (sky130_fd_sc_hd__clkbuf_16)
     9    0.077738    0.096883    0.236470   26.089186 ^ clkbuf_0_u_ibex.clk/X (sky130_fd_sc_hd__clkbuf_16)
                                                         clknet_0_u_ibex.clk (net)
                      0.097115    0.003798   26.092983 ^ clkbuf_2_1__f_u_ibex.clk/A (sky130_fd_sc_hd__clkbuf_16)
    33    0.090510    0.107483    0.194202   26.287186 ^ clkbuf_2_1__f_u_ibex.clk/X (sky130_fd_sc_hd__clkbuf_16)
                                                         clknet_2_1__leaf_u_ibex.clk (net)
                      0.108340    0.007704   26.294889 ^ _602_/CLK (sky130_fd_sc_hd__dfrtp_1)
                                 -0.250000   26.044889   clock uncertainty
                                  0.000000   26.044889   clock reconvergence pessimism
                                 -0.104567   25.940323   library setup time
                                             25.940323   data required time
---------------------------------------------------------------------------------------------
                                             25.940323   data required time
                                            -10.303276   data arrival time
---------------------------------------------------------------------------------------------
                                             15.637046   slack (MET)


Startpoint: tl_i[64] (input port clocked by clk_i)
Endpoint: _597_ (rising edge-triggered flip-flop clocked by clk_i)
Path Group: clk_i
Path Type: max

Fanout         Cap        Slew       Delay        Time   Description
---------------------------------------------------------------------------------------------
                                  0.000000    0.000000   clock clk_i (rise edge)
                                  0.000000    0.000000   clock network delay (propagated)
                                  5.000000    5.000000 v input external delay
     2    0.004514    0.012572    0.007284    5.007285 v tl_i[64] (in)
                                                         tl_i[64] (net)
                      0.012572    0.000000    5.007285 v input14/A (sky130_fd_sc_hd__clkbuf_4)
     3    0.042946    0.095138    0.181935    5.189220 v input14/X (sky130_fd_sc_hd__clkbuf_4)
                                                         net14 (net)
                      0.095140    0.000523    5.189743 v _423_/A (sky130_fd_sc_hd__xor2_4)
     3    0.064498    0.178750    0.262135    5.451878 v _423_/X (sky130_fd_sc_hd__xor2_4)
                                                         _176_ (net)
                      0.180085    0.012233    5.464111 v wire85/A (sky130_fd_sc_hd__buf_8)
     3    0.102479    0.080253    0.221316    5.685427 v wire85/X (sky130_fd_sc_hd__buf_8)
                                                         net85 (net)
                      0.099279    0.029526    5.714953 v _426_/B (sky130_fd_sc_hd__or4_4)
     3    0.063345    0.172918    0.658161    6.373114 v _426_/X (sky130_fd_sc_hd__or4_4)
                                                         _179_ (net)
                      0.175296    0.016052    6.389166 v _429_/C (sky130_fd_sc_hd__or4_1)
     1    0.002422    0.081099    0.496696    6.885861 v _429_/X (sky130_fd_sc_hd__or4_1)
                                                         _182_ (net)
                      0.081099    0.000020    6.885881 v _430_/A2 (sky130_fd_sc_hd__a21o_1)
     3    0.011430    0.068117    0.224413    7.110294 v _430_/X (sky130_fd_sc_hd__a21o_1)
                                                         _183_ (net)
                      0.068117    0.000321    7.110615 v _524_/A1 (sky130_fd_sc_hd__o31ai_1)
     1    0.010042    0.385126    0.393679    7.504294 ^ _524_/Y (sky130_fd_sc_hd__o31ai_1)
                                                         _250_ (net)
                      0.385127    0.000422    7.504716 ^ wire66/A (sky130_fd_sc_hd__clkbuf_4)
     3    0.048454    0.155182    0.314331    7.819047 ^ wire66/X (sky130_fd_sc_hd__clkbuf_4)
                                                         net66 (net)
                      0.156414    0.011125    7.830172 ^ fanout65/A (sky130_fd_sc_hd__clkbuf_2)
     7    0.027197    0.152472    0.218423    8.048594 ^ fanout65/X (sky130_fd_sc_hd__clkbuf_2)
                                                         net65 (net)
                      0.152474    0.000834    8.049429 ^ _542_/S (sky130_fd_sc_hd__mux2_1)
     1    0.002126    0.051595    0.327732    8.377160 v _542_/X (sky130_fd_sc_hd__mux2_1)
                                                         _028_ (net)
                      0.051595    0.000013    8.377173 v hold293/A (sky130_fd_sc_hd__dlygate4sd3_1)
     1    0.002237    0.049968    0.545636    8.922810 v hold293/X (sky130_fd_sc_hd__dlygate4sd3_1)
                                                         net464 (net)
                      0.049968    0.000023    8.922832 v hold86/A (sky130_fd_sc_hd__dlygate4sd3_1)
     1    0.002034    0.049142    0.543158    9.465990 v hold86/X (sky130_fd_sc_hd__dlygate4sd3_1)
                                                         net257 (net)
                      0.049142    0.000012    9.466002 v hold294/A (sky130_fd_sc_hd__dlygate4sd3_1)
     1    0.003135    0.055151    0.552847   10.018848 v hold294/X (sky130_fd_sc_hd__dlygate4sd3_1)
                                                         net465 (net)
                      0.055151    0.000037   10.018886 v _597_/D (sky130_fd_sc_hd__dfrtp_1)
                                             10.018886   data arrival time

                                 25.000000   25.000000   clock clk_i (rise edge)
                                  0.000000   25.000000   clock source latency
     2    0.071891    0.327468    0.237902   25.237902 ^ clk_i (in)
                                                         clk_i (net)
                      0.329570    0.000000   25.237902 ^ clkbuf_0_clk_i/A (sky130_fd_sc_hd__clkbuf_16)
     2    0.018366    0.045915    0.208679   25.446581 ^ clkbuf_0_clk_i/X (sky130_fd_sc_hd__clkbuf_16)
                                                         clknet_0_clk_i (net)
                      0.045915    0.000139   25.446720 ^ clkbuf_1_0__f_clk_i/A (sky130_fd_sc_hd__clkbuf_16)
     3    0.007966    0.031577    0.114250   25.560968 ^ clkbuf_1_0__f_clk_i/X (sky130_fd_sc_hd__clkbuf_16)
                                                         clknet_1_0__leaf_clk_i (net)
                      0.031577    0.000082   25.561050 ^ _498_/A (sky130_fd_sc_hd__and2_2)
     3    0.049082    0.252905    0.282418   25.843468 ^ _498_/X (sky130_fd_sc_hd__and2_2)
                                                         u_ibex.clk (net)
                      0.253412    0.009246   25.852715 ^ clkbuf_0_u_ibex.clk/A (sky130_fd_sc_hd__clkbuf_16)
     9    0.077738    0.096883    0.236470   26.089186 ^ clkbuf_0_u_ibex.clk/X (sky130_fd_sc_hd__clkbuf_16)
                                                         clknet_0_u_ibex.clk (net)
                      0.097115    0.003798   26.092983 ^ clkbuf_2_1__f_u_ibex.clk/A (sky130_fd_sc_hd__clkbuf_16)
    33    0.090510    0.107483    0.194202   26.287186 ^ clkbuf_2_1__f_u_ibex.clk/X (sky130_fd_sc_hd__clkbuf_16)
                                                         clknet_2_1__leaf_u_ibex.clk (net)
                      0.108206    0.007100   26.294285 ^ _597_/CLK (sky130_fd_sc_hd__dfrtp_1)
                                 -0.250000   26.044285   clock uncertainty
                                  0.000000   26.044285   clock reconvergence pessimism
                                 -0.104224   25.940062   library setup time
                                             25.940062   data required time
---------------------------------------------------------------------------------------------
                                             25.940062   data required time
                                            -10.018886   data arrival time
---------------------------------------------------------------------------------------------
                                             15.921176   slack (MET)


Startpoint: tl_i[64] (input port clocked by clk_i)
Endpoint: _580_ (rising edge-triggered flip-flop clocked by clk_i)
Path Group: clk_i
Path Type: max

Fanout         Cap        Slew       Delay        Time   Description
---------------------------------------------------------------------------------------------
                                  0.000000    0.000000   clock clk_i (rise edge)
                                  0.000000    0.000000   clock network delay (propagated)
                                  5.000000    5.000000 v input external delay
     2    0.004514    0.012572    0.007284    5.007285 v tl_i[64] (in)
                                                         tl_i[64] (net)
                      0.012572    0.000000    5.007285 v input14/A (sky130_fd_sc_hd__clkbuf_4)
     3    0.042946    0.095138    0.181935    5.189220 v input14/X (sky130_fd_sc_hd__clkbuf_4)
                                                         net14 (net)
                      0.095140    0.000523    5.189743 v _423_/A (sky130_fd_sc_hd__xor2_4)
     3    0.064498    0.178750    0.262135    5.451878 v _423_/X (sky130_fd_sc_hd__xor2_4)
                                                         _176_ (net)
                      0.180085    0.012233    5.464111 v wire85/A (sky130_fd_sc_hd__buf_8)
     3    0.102479    0.080253    0.221316    5.685427 v wire85/X (sky130_fd_sc_hd__buf_8)
                                                         net85 (net)
                      0.099279    0.029526    5.714953 v _426_/B (sky130_fd_sc_hd__or4_4)
     3    0.063345    0.172918    0.658161    6.373114 v _426_/X (sky130_fd_sc_hd__or4_4)
                                                         _179_ (net)
                      0.175296    0.016052    6.389166 v _429_/C (sky130_fd_sc_hd__or4_1)
     1    0.002422    0.081099    0.496696    6.885861 v _429_/X (sky130_fd_sc_hd__or4_1)
                                                         _182_ (net)
                      0.081099    0.000020    6.885881 v _430_/A2 (sky130_fd_sc_hd__a21o_1)
     3    0.011430    0.068117    0.224413    7.110294 v _430_/X (sky130_fd_sc_hd__a21o_1)
                                                         _183_ (net)
                      0.068117    0.000321    7.110615 v _524_/A1 (sky130_fd_sc_hd__o31ai_1)
     1    0.010042    0.385126    0.393679    7.504294 ^ _524_/Y (sky130_fd_sc_hd__o31ai_1)
                                                         _250_ (net)
                      0.385127    0.000422    7.504716 ^ wire66/A (sky130_fd_sc_hd__clkbuf_4)
     3    0.048454    0.155182    0.314331    7.819047 ^ wire66/X (sky130_fd_sc_hd__clkbuf_4)
                                                         net66 (net)
                      0.156414    0.011125    7.830172 ^ fanout65/A (sky130_fd_sc_hd__clkbuf_2)
     7    0.027197    0.152472    0.218423    8.048594 ^ fanout65/X (sky130_fd_sc_hd__clkbuf_2)
                                                         net65 (net)
                      0.152472    0.000682    8.049277 ^ fanout61/A (sky130_fd_sc_hd__dlymetal6s2s_1)
     4    0.022958    0.242647    0.260759    8.310036 ^ fanout61/X (sky130_fd_sc_hd__dlymetal6s2s_1)
                                                         net61 (net)
                      0.242647    0.000066    8.310102 ^ fanout59/A (sky130_fd_sc_hd__buf_2)
     6    0.033647    0.167997    0.256671    8.566772 ^ fanout59/X (sky130_fd_sc_hd__buf_2)
                                                         net59 (net)
                      0.168008    0.001519    8.568292 ^ _525_/S (sky130_fd_sc_hd__mux2_1)
     1    0.002219    0.051891    0.330838    8.899129 v _525_/X (sky130_fd_sc_hd__mux2_1)
                                                         _011_ (net)
                      0.051891    0.000022    8.899151 v hold337/A (sky130_fd_sc_hd__dlygate4sd3_1)
     1    0.001872    0.048326    0.542431    9.441582 v hold337/X (sky130_fd_sc_hd__dlygate4sd3_1)
                                                         net508 (net)
                      0.048326    0.000016    9.441598 v hold112/A (sky130_fd_sc_hd__dlygate4sd3_1)
     1    0.002502    0.051220    0.546770    9.988368 v hold112/X (sky130_fd_sc_hd__dlygate4sd3_1)
                                                         net283 (net)
                      0.051220    0.000023    9.988391 v _580_/D (sky130_fd_sc_hd__dfrtp_1)
                                              9.988391   data arrival time

                                 25.000000   25.000000   clock clk_i (rise edge)
                                  0.000000   25.000000   clock source latency
     2    0.071891    0.327468    0.237902   25.237902 ^ clk_i (in)
                                                         clk_i (net)
                      0.329570    0.000000   25.237902 ^ clkbuf_0_clk_i/A (sky130_fd_sc_hd__clkbuf_16)
     2    0.018366    0.045915    0.208679   25.446581 ^ clkbuf_0_clk_i/X (sky130_fd_sc_hd__clkbuf_16)
                                                         clknet_0_clk_i (net)
                      0.045915    0.000139   25.446720 ^ clkbuf_1_0__f_clk_i/A (sky130_fd_sc_hd__clkbuf_16)
     3    0.007966    0.031577    0.114250   25.560968 ^ clkbuf_1_0__f_clk_i/X (sky130_fd_sc_hd__clkbuf_16)
                                                         clknet_1_0__leaf_clk_i (net)
                      0.031577    0.000082   25.561050 ^ _498_/A (sky130_fd_sc_hd__and2_2)
     3    0.049082    0.252905    0.282418   25.843468 ^ _498_/X (sky130_fd_sc_hd__and2_2)
                                                         u_ibex.clk (net)
                      0.253412    0.009246   25.852715 ^ clkbuf_0_u_ibex.clk/A (sky130_fd_sc_hd__clkbuf_16)
     9    0.077738    0.096883    0.236470   26.089186 ^ clkbuf_0_u_ibex.clk/X (sky130_fd_sc_hd__clkbuf_16)
                                                         clknet_0_u_ibex.clk (net)
                      0.097116    0.003809   26.092993 ^ clkbuf_2_0__f_u_ibex.clk/A (sky130_fd_sc_hd__clkbuf_16)
    31    0.090578    0.108126    0.193445   26.286438 ^ clkbuf_2_0__f_u_ibex.clk/X (sky130_fd_sc_hd__clkbuf_16)
                                                         clknet_2_0__leaf_u_ibex.clk (net)
                      0.110141    0.011687   26.298126 ^ _580_/CLK (sky130_fd_sc_hd__dfrtp_1)
                                 -0.250000   26.048126   clock uncertainty
                                  0.000000   26.048126   clock reconvergence pessimism
                                 -0.102072   25.946054   library setup time
                                             25.946054   data required time
---------------------------------------------------------------------------------------------
                                             25.946054   data required time
                                             -9.988391   data arrival time
---------------------------------------------------------------------------------------------
                                             15.957664   slack (MET)


Startpoint: tl_i[64] (input port clocked by clk_i)
Endpoint: _573_ (rising edge-triggered flip-flop clocked by clk_i)
Path Group: clk_i
Path Type: max

Fanout         Cap        Slew       Delay        Time   Description
---------------------------------------------------------------------------------------------
                                  0.000000    0.000000   clock clk_i (rise edge)
                                  0.000000    0.000000   clock network delay (propagated)
                                  5.000000    5.000000 v input external delay
     2    0.004514    0.012572    0.007284    5.007285 v tl_i[64] (in)
                                                         tl_i[64] (net)
                      0.012572    0.000000    5.007285 v input14/A (sky130_fd_sc_hd__clkbuf_4)
     3    0.042946    0.095138    0.181935    5.189220 v input14/X (sky130_fd_sc_hd__clkbuf_4)
                                                         net14 (net)
                      0.095140    0.000523    5.189743 v _423_/A (sky130_fd_sc_hd__xor2_4)
     3    0.064498    0.178750    0.262135    5.451878 v _423_/X (sky130_fd_sc_hd__xor2_4)
                                                         _176_ (net)
                      0.180085    0.012233    5.464111 v wire85/A (sky130_fd_sc_hd__buf_8)
     3    0.102479    0.080253    0.221316    5.685427 v wire85/X (sky130_fd_sc_hd__buf_8)
                                                         net85 (net)
                      0.099279    0.029526    5.714953 v _426_/B (sky130_fd_sc_hd__or4_4)
     3    0.063345    0.172918    0.658161    6.373114 v _426_/X (sky130_fd_sc_hd__or4_4)
                                                         _179_ (net)
                      0.175296    0.016052    6.389166 v _429_/C (sky130_fd_sc_hd__or4_1)
     1    0.002422    0.081099    0.496696    6.885861 v _429_/X (sky130_fd_sc_hd__or4_1)
                                                         _182_ (net)
                      0.081099    0.000020    6.885881 v _430_/A2 (sky130_fd_sc_hd__a21o_1)
     3    0.011430    0.068117    0.224413    7.110294 v _430_/X (sky130_fd_sc_hd__a21o_1)
                                                         _183_ (net)
                      0.068117    0.000315    7.110609 v _432_/A2 (sky130_fd_sc_hd__o211a_1)
     1    0.002451    0.036688    0.204829    7.315439 v _432_/X (sky130_fd_sc_hd__o211a_1)
                                                         u_ibex.u_ibex_core.id_stage_i.controller_i.exc_req_lsu (net)
                      0.036688    0.000028    7.315467 v hold316/A (sky130_fd_sc_hd__dlygate4sd3_1)
     1    0.002169    0.049853    0.539216    7.854682 v hold316/X (sky130_fd_sc_hd__dlygate4sd3_1)
                                                         net487 (net)
                      0.049853    0.000022    7.854705 v hold102/A (sky130_fd_sc_hd__dlygate4sd3_1)
     2    0.009154    0.082922    0.592372    8.447076 v hold102/X (sky130_fd_sc_hd__dlygate4sd3_1)
                                                         net273 (net)
                      0.082922    0.000226    8.447303 v _485_/A2 (sky130_fd_sc_hd__o21ai_2)
     4    0.017610    0.229097    0.225469    8.672771 ^ _485_/Y (sky130_fd_sc_hd__o21ai_2)
                                                         _227_ (net)
                      0.229097    0.000202    8.672973 ^ _496_/B (sky130_fd_sc_hd__nor2_1)
     3    0.009170    0.078952    0.106655    8.779628 v _496_/Y (sky130_fd_sc_hd__nor2_1)
                                                         _235_ (net)
                      0.078952    0.000049    8.779676 v _506_/B (sky130_fd_sc_hd__or4b_1)
     1    0.005270    0.098493    0.528214    9.307891 v _506_/X (sky130_fd_sc_hd__or4b_1)
                                                         _239_ (net)
                      0.098493    0.000107    9.307999 v _507_/B1 (sky130_fd_sc_hd__o31a_1)
     1    0.002317    0.044300    0.118892    9.426889 v _507_/X (sky130_fd_sc_hd__o31a_1)
                                                         _004_ (net)
                      0.044300    0.000024    9.426914 v hold89/A (sky130_fd_sc_hd__dlygate4sd3_1)
     1    0.002554    0.051558    0.545680    9.972593 v hold89/X (sky130_fd_sc_hd__dlygate4sd3_1)
                                                         net260 (net)
                      0.051558    0.000024    9.972618 v _573_/D (sky130_fd_sc_hd__dfrtp_1)
                                              9.972618   data arrival time

                                 25.000000   25.000000   clock clk_i (rise edge)
                                  0.000000   25.000000   clock source latency
     2    0.071891    0.327468    0.237902   25.237902 ^ clk_i (in)
                                                         clk_i (net)
                      0.329570    0.000000   25.237902 ^ clkbuf_0_clk_i/A (sky130_fd_sc_hd__clkbuf_16)
     2    0.018366    0.045915    0.208679   25.446581 ^ clkbuf_0_clk_i/X (sky130_fd_sc_hd__clkbuf_16)
                                                         clknet_0_clk_i (net)
                      0.045915    0.000139   25.446720 ^ clkbuf_1_0__f_clk_i/A (sky130_fd_sc_hd__clkbuf_16)
     3    0.007966    0.031577    0.114250   25.560968 ^ clkbuf_1_0__f_clk_i/X (sky130_fd_sc_hd__clkbuf_16)
                                                         clknet_1_0__leaf_clk_i (net)
                      0.031577    0.000082   25.561050 ^ _498_/A (sky130_fd_sc_hd__and2_2)
     3    0.049082    0.252905    0.282418   25.843468 ^ _498_/X (sky130_fd_sc_hd__and2_2)
                                                         u_ibex.clk (net)
                      0.253412    0.009246   25.852715 ^ clkbuf_0_u_ibex.clk/A (sky130_fd_sc_hd__clkbuf_16)
     9    0.077738    0.096883    0.236470   26.089186 ^ clkbuf_0_u_ibex.clk/X (sky130_fd_sc_hd__clkbuf_16)
                                                         clknet_0_u_ibex.clk (net)
                      0.097357    0.005382   26.094566 ^ clkbuf_2_2__f_u_ibex.clk/A (sky130_fd_sc_hd__clkbuf_16)
    31    0.099917    0.117594    0.198355   26.292923 ^ clkbuf_2_2__f_u_ibex.clk/X (sky130_fd_sc_hd__clkbuf_16)
                                                         clknet_2_2__leaf_u_ibex.clk (net)
                      0.119607    0.012223   26.305145 ^ _573_/CLK (sky130_fd_sc_hd__dfrtp_1)
                                 -0.250000   26.055147   clock uncertainty
                                  0.000000   26.055147   clock reconvergence pessimism
                                 -0.100051   25.955095   library setup time
                                             25.955095   data required time
---------------------------------------------------------------------------------------------
                                             25.955095   data required time
                                             -9.972618   data arrival time
---------------------------------------------------------------------------------------------
                                             15.982476   slack (MET)


Startpoint: tl_i[64] (input port clocked by clk_i)
Endpoint: _571_ (rising edge-triggered flip-flop clocked by clk_i)
Path Group: clk_i
Path Type: max

Fanout         Cap        Slew       Delay        Time   Description
---------------------------------------------------------------------------------------------
                                  0.000000    0.000000   clock clk_i (rise edge)
                                  0.000000    0.000000   clock network delay (propagated)
                                  5.000000    5.000000 v input external delay
     2    0.004514    0.012572    0.007284    5.007285 v tl_i[64] (in)
                                                         tl_i[64] (net)
                      0.012572    0.000000    5.007285 v input14/A (sky130_fd_sc_hd__clkbuf_4)
     3    0.042946    0.095138    0.181935    5.189220 v input14/X (sky130_fd_sc_hd__clkbuf_4)
                                                         net14 (net)
                      0.095140    0.000523    5.189743 v _423_/A (sky130_fd_sc_hd__xor2_4)
     3    0.064498    0.178750    0.262135    5.451878 v _423_/X (sky130_fd_sc_hd__xor2_4)
                                                         _176_ (net)
                      0.180085    0.012233    5.464111 v wire85/A (sky130_fd_sc_hd__buf_8)
     3    0.102479    0.080253    0.221316    5.685427 v wire85/X (sky130_fd_sc_hd__buf_8)
                                                         net85 (net)
                      0.099279    0.029526    5.714953 v _426_/B (sky130_fd_sc_hd__or4_4)
     3    0.063345    0.172918    0.658161    6.373114 v _426_/X (sky130_fd_sc_hd__or4_4)
                                                         _179_ (net)
                      0.175296    0.016052    6.389166 v _429_/C (sky130_fd_sc_hd__or4_1)
     1    0.002422    0.081099    0.496696    6.885861 v _429_/X (sky130_fd_sc_hd__or4_1)
                                                         _182_ (net)
                      0.081099    0.000020    6.885881 v _430_/A2 (sky130_fd_sc_hd__a21o_1)
     3    0.011430    0.068117    0.224413    7.110294 v _430_/X (sky130_fd_sc_hd__a21o_1)
                                                         _183_ (net)
                      0.068117    0.000315    7.110609 v _432_/A2 (sky130_fd_sc_hd__o211a_1)
     1    0.002451    0.036688    0.204829    7.315439 v _432_/X (sky130_fd_sc_hd__o211a_1)
                                                         u_ibex.u_ibex_core.id_stage_i.controller_i.exc_req_lsu (net)
                      0.036688    0.000028    7.315467 v hold316/A (sky130_fd_sc_hd__dlygate4sd3_1)
     1    0.002169    0.049853    0.539216    7.854682 v hold316/X (sky130_fd_sc_hd__dlygate4sd3_1)
                                                         net487 (net)
                      0.049853    0.000022    7.854705 v hold102/A (sky130_fd_sc_hd__dlygate4sd3_1)
     2    0.009154    0.082922    0.592372    8.447076 v hold102/X (sky130_fd_sc_hd__dlygate4sd3_1)
                                                         net273 (net)
                      0.082922    0.000226    8.447303 v _485_/A2 (sky130_fd_sc_hd__o21ai_2)
     4    0.017610    0.229097    0.225469    8.672771 ^ _485_/Y (sky130_fd_sc_hd__o21ai_2)
                                                         _227_ (net)
                      0.229097    0.000221    8.672993 ^ _503_/A2 (sky130_fd_sc_hd__a2111o_1)
     1    0.001886    0.037952    0.164849    8.837841 ^ _503_/X (sky130_fd_sc_hd__a2111o_1)
                                                         _002_ (net)
                      0.037952    0.000008    8.837849 ^ hold330/A (sky130_fd_sc_hd__dlygate4sd3_1)
     1    0.002670    0.051810    0.531338    9.369186 ^ hold330/X (sky130_fd_sc_hd__dlygate4sd3_1)
                                                         net501 (net)
                      0.051810    0.000030    9.369217 ^ hold116/A (sky130_fd_sc_hd__dlygate4sd3_1)
     1    0.003012    0.054770    0.539088    9.908304 ^ hold116/X (sky130_fd_sc_hd__dlygate4sd3_1)
                                                         net287 (net)
                      0.054770    0.000033    9.908338 ^ _571_/D (sky130_fd_sc_hd__dfrtp_1)
                                              9.908338   data arrival time

                                 25.000000   25.000000   clock clk_i (rise edge)
                                  0.000000   25.000000   clock source latency
     2    0.071891    0.327468    0.237902   25.237902 ^ clk_i (in)
                                                         clk_i (net)
                      0.329570    0.000000   25.237902 ^ clkbuf_0_clk_i/A (sky130_fd_sc_hd__clkbuf_16)
     2    0.018366    0.045915    0.208679   25.446581 ^ clkbuf_0_clk_i/X (sky130_fd_sc_hd__clkbuf_16)
                                                         clknet_0_clk_i (net)
                      0.045915    0.000139   25.446720 ^ clkbuf_1_0__f_clk_i/A (sky130_fd_sc_hd__clkbuf_16)
     3    0.007966    0.031577    0.114250   25.560968 ^ clkbuf_1_0__f_clk_i/X (sky130_fd_sc_hd__clkbuf_16)
                                                         clknet_1_0__leaf_clk_i (net)
                      0.031577    0.000082   25.561050 ^ _498_/A (sky130_fd_sc_hd__and2_2)
     3    0.049082    0.252905    0.282418   25.843468 ^ _498_/X (sky130_fd_sc_hd__and2_2)
                                                         u_ibex.clk (net)
                      0.253412    0.009246   25.852715 ^ clkbuf_0_u_ibex.clk/A (sky130_fd_sc_hd__clkbuf_16)
     9    0.077738    0.096883    0.236470   26.089186 ^ clkbuf_0_u_ibex.clk/X (sky130_fd_sc_hd__clkbuf_16)
                                                         clknet_0_u_ibex.clk (net)
                      0.097357    0.005382   26.094566 ^ clkbuf_2_2__f_u_ibex.clk/A (sky130_fd_sc_hd__clkbuf_16)
    31    0.099917    0.117594    0.198355   26.292923 ^ clkbuf_2_2__f_u_ibex.clk/X (sky130_fd_sc_hd__clkbuf_16)
                                                         clknet_2_2__leaf_u_ibex.clk (net)
                      0.120079    0.013532   26.306454 ^ _571_/CLK (sky130_fd_sc_hd__dfrtp_1)
                                 -0.250000   26.056456   clock uncertainty
                                  0.000000   26.056456   clock reconvergence pessimism
                                 -0.050769   26.005688   library setup time
                                             26.005688   data required time
---------------------------------------------------------------------------------------------
                                             26.005688   data required time
                                             -9.908338   data arrival time
---------------------------------------------------------------------------------------------
                                             16.097349   slack (MET)


Startpoint: _574_ (rising edge-triggered flip-flop clocked by clk_i)
Endpoint: _557_ (rising edge-triggered flip-flop clocked by clk_i)
Path Group: clk_i
Path Type: max

Fanout         Cap        Slew       Delay        Time   Description
---------------------------------------------------------------------------------------------
                                  0.000000    0.000000   clock clk_i (rise edge)
                                  0.000000    0.000000   clock source latency
     2    0.071891    0.327468    0.237902    0.237902 ^ clk_i (in)
                                                         clk_i (net)
                      0.329570    0.000000    0.237902 ^ clkbuf_0_clk_i/A (sky130_fd_sc_hd__clkbuf_16)
     2    0.018366    0.045915    0.208680    0.446582 ^ clkbuf_0_clk_i/X (sky130_fd_sc_hd__clkbuf_16)
                                                         clknet_0_clk_i (net)
                      0.045915    0.000137    0.446719 ^ clkbuf_1_0__f_clk_i/A (sky130_fd_sc_hd__clkbuf_16)
     3    0.007966    0.031577    0.114250    0.560970 ^ clkbuf_1_0__f_clk_i/X (sky130_fd_sc_hd__clkbuf_16)
                                                         clknet_1_0__leaf_clk_i (net)
                      0.031577    0.000082    0.561052 ^ _498_/A (sky130_fd_sc_hd__and2_2)
     3    0.049082    0.253215    0.282417    0.843469 ^ _498_/X (sky130_fd_sc_hd__and2_2)
                                                         u_ibex.clk (net)
                      0.253722    0.009246    0.852715 ^ clkbuf_0_u_ibex.clk/A (sky130_fd_sc_hd__clkbuf_16)
     9    0.077738    0.096888    0.236566    1.089280 ^ clkbuf_0_u_ibex.clk/X (sky130_fd_sc_hd__clkbuf_16)
                                                         clknet_0_u_ibex.clk (net)
                      0.097344    0.005283    1.094563 ^ clkbuf_2_3__f_u_ibex.clk/A (sky130_fd_sc_hd__clkbuf_16)
    23    0.077329    0.094713    0.186021    1.280585 ^ clkbuf_2_3__f_u_ibex.clk/X (sky130_fd_sc_hd__clkbuf_16)
                                                         clknet_2_3__leaf_u_ibex.clk (net)
                      0.095409    0.006434    1.287019 ^ _574_/CLK (sky130_fd_sc_hd__dfrtp_1)
     1    0.003598    0.051279    0.339240    1.626258 ^ _574_/Q (sky130_fd_sc_hd__dfrtp_1)
                                                         u_ibex.u_ibex_core.id_stage_i.controller_i.ctrl_fsm_cs[3] (net)
                      0.051279    0.000056    1.626314 ^ hold327/A (sky130_fd_sc_hd__dlygate4sd3_1)
     1    0.002701    0.052086    0.535977    2.162291 ^ hold327/X (sky130_fd_sc_hd__dlygate4sd3_1)
                                                         net498 (net)
                      0.052086    0.000030    2.162321 ^ hold113/A (sky130_fd_sc_hd__dlygate4sd3_1)
     1    0.002681    0.051915    0.536051    2.698372 ^ hold113/X (sky130_fd_sc_hd__dlygate4sd3_1)
                                                         net284 (net)
                      0.051915    0.000031    2.698402 ^ hold328/A (sky130_fd_sc_hd__dlygate4sd3_1)
     2    0.009393    0.110324    0.588321    3.286724 ^ hold328/X (sky130_fd_sc_hd__dlygate4sd3_1)
                                                         net499 (net)
                      0.110324    0.000066    3.286790 ^ fanout83/A (sky130_fd_sc_hd__buf_1)
     1    0.005202    0.070958    0.117820    3.404610 ^ fanout83/X (sky130_fd_sc_hd__buf_1)
                                                         net83 (net)
                      0.070958    0.000105    3.404715 ^ hold114/A (sky130_fd_sc_hd__dlygate4sd3_1)
     6    0.020190    0.210056    0.668069    4.072783 ^ hold114/X (sky130_fd_sc_hd__dlygate4sd3_1)
                                                         net285 (net)
                      0.210056    0.000218    4.073001 ^ _411_/A_N (sky130_fd_sc_hd__and2b_1)
     4    0.016373    0.090467    0.263665    4.336667 v _411_/X (sky130_fd_sc_hd__and2b_1)
                                                         _165_ (net)
                      0.090468    0.000484    4.337150 v _412_/B (sky130_fd_sc_hd__nand2_1)
     1    0.003058    0.052901    0.082930    4.420080 ^ _412_/Y (sky130_fd_sc_hd__nand2_1)
                                                         _166_ (net)
                      0.052901    0.000040    4.420119 ^ hold231/A (sky130_fd_sc_hd__dlygate4sd3_1)
     1    0.002795    0.052888    0.537393    4.957513 ^ hold231/X (sky130_fd_sc_hd__dlygate4sd3_1)
                                                         net402 (net)
                      0.052888    0.000032    4.957544 ^ hold52/A (sky130_fd_sc_hd__dlygate4sd3_1)
     2    0.006023    0.080995    0.563243    5.520787 ^ hold52/X (sky130_fd_sc_hd__dlygate4sd3_1)
                                                         net223 (net)
                      0.080995    0.000072    5.520860 ^ _413_/B (sky130_fd_sc_hd__nor2_1)
     2    0.009954    0.089243    0.072338    5.593197 v _413_/Y (sky130_fd_sc_hd__nor2_1)
                                                         _167_ (net)
                      0.089243    0.000126    5.593323 v _435_/B1 (sky130_fd_sc_hd__o21ai_1)
     1    0.002287    0.091531    0.083057    5.676380 ^ _435_/Y (sky130_fd_sc_hd__o21ai_1)
                                                         _186_ (net)
                      0.091531    0.000014    5.676394 ^ hold136/A (sky130_fd_sc_hd__dlygate4sd3_1)
     1    0.005009    0.072152    0.566561    6.242955 ^ hold136/X (sky130_fd_sc_hd__dlygate4sd3_1)
                                                         net307 (net)
                      0.072152    0.000043    6.242997 ^ _436_/B (sky130_fd_sc_hd__nand2b_2)
     1    0.002717    0.039876    0.052481    6.295478 v _436_/Y (sky130_fd_sc_hd__nand2b_2)
                                                         _187_ (net)
                      0.039876    0.000035    6.295513 v hold137/A (sky130_fd_sc_hd__dlygate4sd3_1)
     5    0.022527    0.140654    0.650575    6.946088 v hold137/X (sky130_fd_sc_hd__dlygate4sd3_1)
                                                         net308 (net)
                      0.140654    0.000316    6.946404 v _450_/A2 (sky130_fd_sc_hd__a21o_1)
     1    0.001891    0.029118    0.202065    7.148468 v _450_/X (sky130_fd_sc_hd__a21o_1)
                                                         _197_ (net)
                      0.029118    0.000017    7.148486 v hold9/A (sky130_fd_sc_hd__dlygate4sd3_1)
     2    0.008703    0.081068    0.582097    7.730583 v hold9/X (sky130_fd_sc_hd__dlygate4sd3_1)
                                                         net180 (net)
                      0.081068    0.000131    7.730713 v _451_/A1 (sky130_fd_sc_hd__mux2_1)
     1    0.002574    0.053758    0.297513    8.028226 v _451_/X (sky130_fd_sc_hd__mux2_1)
                                                         u_ibex.u_ibex_core.if_stage_i.gen_prefetch_buffer.prefetch_buffer_i.branch_discard_s[0] (net)
                      0.053758    0.000029    8.028255 v hold146/A (sky130_fd_sc_hd__dlygate4sd3_1)
     1    0.002009    0.048997    0.544450    8.572705 v hold146/X (sky130_fd_sc_hd__dlygate4sd3_1)
                                                         net317 (net)
                      0.048997    0.000012    8.572717 v hold5/A (sky130_fd_sc_hd__dlygate4sd3_1)
     1    0.002170    0.049753    0.544021    9.116738 v hold5/X (sky130_fd_sc_hd__dlygate4sd3_1)
                                                         net176 (net)
                      0.049753    0.000020    9.116758 v hold147/A (sky130_fd_sc_hd__dlygate4sd3_1)
     1    0.002381    0.050528    0.546230    9.662988 v hold147/X (sky130_fd_sc_hd__dlygate4sd3_1)
                                                         net318 (net)
                      0.050528    0.000021    9.663010 v _557_/D (sky130_fd_sc_hd__dfrtp_1)
                                              9.663010   data arrival time

                                 25.000000   25.000000   clock clk_i (rise edge)
                                  0.000000   25.000000   clock source latency
     2    0.071891    0.327468    0.237902   25.237902 ^ clk_i (in)
                                                         clk_i (net)
                      0.329570    0.000000   25.237902 ^ clkbuf_0_clk_i/A (sky130_fd_sc_hd__clkbuf_16)
     2    0.018366    0.045915    0.208679   25.446581 ^ clkbuf_0_clk_i/X (sky130_fd_sc_hd__clkbuf_16)
                                                         clknet_0_clk_i (net)
                      0.045915    0.000139   25.446720 ^ clkbuf_1_0__f_clk_i/A (sky130_fd_sc_hd__clkbuf_16)
     3    0.007966    0.031577    0.114250   25.560968 ^ clkbuf_1_0__f_clk_i/X (sky130_fd_sc_hd__clkbuf_16)
                                                         clknet_1_0__leaf_clk_i (net)
                      0.031577    0.000082   25.561050 ^ _498_/A (sky130_fd_sc_hd__and2_2)
     3    0.049082    0.252905    0.282418   25.843468 ^ _498_/X (sky130_fd_sc_hd__and2_2)
                                                         u_ibex.clk (net)
                      0.253412    0.009246   25.852715 ^ clkbuf_0_u_ibex.clk/A (sky130_fd_sc_hd__clkbuf_16)
     9    0.077738    0.096883    0.236470   26.089186 ^ clkbuf_0_u_ibex.clk/X (sky130_fd_sc_hd__clkbuf_16)
                                                         clknet_0_u_ibex.clk (net)
                      0.097357    0.005382   26.094566 ^ clkbuf_2_2__f_u_ibex.clk/A (sky130_fd_sc_hd__clkbuf_16)
    31    0.099917    0.117594    0.198355   26.292923 ^ clkbuf_2_2__f_u_ibex.clk/X (sky130_fd_sc_hd__clkbuf_16)
                                                         clknet_2_2__leaf_u_ibex.clk (net)
                      0.120503    0.014614   26.307537 ^ _557_/CLK (sky130_fd_sc_hd__dfrtp_1)
                                 -0.250000   26.057537   clock uncertainty
                                  0.000095   26.057631   clock reconvergence pessimism
                                 -0.099398   25.958233   library setup time
                                             25.958233   data required time
---------------------------------------------------------------------------------------------
                                             25.958233   data required time
                                             -9.663010   data arrival time
---------------------------------------------------------------------------------------------
                                             16.295225   slack (MET)


Startpoint: _574_ (rising edge-triggered flip-flop clocked by clk_i)
Endpoint: _558_ (rising edge-triggered flip-flop clocked by clk_i)
Path Group: clk_i
Path Type: max

Fanout         Cap        Slew       Delay        Time   Description
---------------------------------------------------------------------------------------------
                                  0.000000    0.000000   clock clk_i (rise edge)
                                  0.000000    0.000000   clock source latency
     2    0.071891    0.327468    0.237902    0.237902 ^ clk_i (in)
                                                         clk_i (net)
                      0.329570    0.000000    0.237902 ^ clkbuf_0_clk_i/A (sky130_fd_sc_hd__clkbuf_16)
     2    0.018366    0.045915    0.208680    0.446582 ^ clkbuf_0_clk_i/X (sky130_fd_sc_hd__clkbuf_16)
                                                         clknet_0_clk_i (net)
                      0.045915    0.000137    0.446719 ^ clkbuf_1_0__f_clk_i/A (sky130_fd_sc_hd__clkbuf_16)
     3    0.007966    0.031577    0.114250    0.560970 ^ clkbuf_1_0__f_clk_i/X (sky130_fd_sc_hd__clkbuf_16)
                                                         clknet_1_0__leaf_clk_i (net)
                      0.031577    0.000082    0.561052 ^ _498_/A (sky130_fd_sc_hd__and2_2)
     3    0.049082    0.253215    0.282417    0.843469 ^ _498_/X (sky130_fd_sc_hd__and2_2)
                                                         u_ibex.clk (net)
                      0.253722    0.009246    0.852715 ^ clkbuf_0_u_ibex.clk/A (sky130_fd_sc_hd__clkbuf_16)
     9    0.077738    0.096888    0.236566    1.089280 ^ clkbuf_0_u_ibex.clk/X (sky130_fd_sc_hd__clkbuf_16)
                                                         clknet_0_u_ibex.clk (net)
                      0.097344    0.005283    1.094563 ^ clkbuf_2_3__f_u_ibex.clk/A (sky130_fd_sc_hd__clkbuf_16)
    23    0.077329    0.094713    0.186021    1.280585 ^ clkbuf_2_3__f_u_ibex.clk/X (sky130_fd_sc_hd__clkbuf_16)
                                                         clknet_2_3__leaf_u_ibex.clk (net)
                      0.095409    0.006434    1.287019 ^ _574_/CLK (sky130_fd_sc_hd__dfrtp_1)
     1    0.003433    0.041953    0.375677    1.662696 v _574_/Q (sky130_fd_sc_hd__dfrtp_1)
                                                         u_ibex.u_ibex_core.id_stage_i.controller_i.ctrl_fsm_cs[3] (net)
                      0.041953    0.000053    1.662749 v hold327/A (sky130_fd_sc_hd__dlygate4sd3_1)
     1    0.002536    0.051474    0.544603    2.207352 v hold327/X (sky130_fd_sc_hd__dlygate4sd3_1)
                                                         net498 (net)
                      0.051474    0.000028    2.207379 v hold113/A (sky130_fd_sc_hd__dlygate4sd3_1)
     1    0.002516    0.051276    0.548127    2.755506 v hold113/X (sky130_fd_sc_hd__dlygate4sd3_1)
                                                         net284 (net)
                      0.051276    0.000028    2.755535 v hold328/A (sky130_fd_sc_hd__dlygate4sd3_1)
     2    0.009041    0.082441    0.592417    3.347951 v hold328/X (sky130_fd_sc_hd__dlygate4sd3_1)
                                                         net499 (net)
                      0.082441    0.000063    3.348014 v fanout83/A (sky130_fd_sc_hd__buf_1)
     1    0.005037    0.038431    0.114659    3.462673 v fanout83/X (sky130_fd_sc_hd__buf_1)
                                                         net83 (net)
                      0.038431    0.000101    3.462774 v hold114/A (sky130_fd_sc_hd__dlygate4sd3_1)
     6    0.018881    0.127045    0.633266    4.096040 v hold114/X (sky130_fd_sc_hd__dlygate4sd3_1)
                                                         net285 (net)
                      0.127045    0.000205    4.096245 v _411_/A_N (sky130_fd_sc_hd__and2b_1)
     4    0.017131    0.161925    0.309317    4.405562 ^ _411_/X (sky130_fd_sc_hd__and2b_1)
                                                         _165_ (net)
                      0.161925    0.000506    4.406068 ^ _412_/B (sky130_fd_sc_hd__nand2_1)
     1    0.002893    0.059130    0.073611    4.479679 v _412_/Y (sky130_fd_sc_hd__nand2_1)
                                                         _166_ (net)
                      0.059130    0.000037    4.479716 v hold231/A (sky130_fd_sc_hd__dlygate4sd3_1)
     1    0.002630    0.051933    0.552534    5.032250 v hold231/X (sky130_fd_sc_hd__dlygate4sd3_1)
                                                         net402 (net)
                      0.051933    0.000029    5.032279 v hold52/A (sky130_fd_sc_hd__dlygate4sd3_1)
     2    0.005563    0.066375    0.570426    5.602705 v hold52/X (sky130_fd_sc_hd__dlygate4sd3_1)
                                                         net223 (net)
                      0.066375    0.000066    5.602771 v _413_/B (sky130_fd_sc_hd__nor2_1)
     2    0.010280    0.199221    0.181549    5.784320 ^ _413_/Y (sky130_fd_sc_hd__nor2_1)
                                                         _167_ (net)
                      0.199221    0.000128    5.784448 ^ _435_/B1 (sky130_fd_sc_hd__o21ai_1)
     1    0.002122    0.060959    0.088829    5.873278 v _435_/Y (sky130_fd_sc_hd__o21ai_1)
                                                         _186_ (net)
                      0.060959    0.000013    5.873291 v hold136/A (sky130_fd_sc_hd__dlygate4sd3_1)
     1    0.004579    0.061866    0.568011    6.441302 v hold136/X (sky130_fd_sc_hd__dlygate4sd3_1)
                                                         net307 (net)
                      0.061866    0.000039    6.441341 v _436_/B (sky130_fd_sc_hd__nand2b_2)
     1    0.002882    0.040595    0.064430    6.505771 ^ _436_/Y (sky130_fd_sc_hd__nand2b_2)
                                                         _187_ (net)
                      0.040595    0.000037    6.505808 ^ hold137/A (sky130_fd_sc_hd__dlygate4sd3_1)
     5    0.023703    0.241455    0.682654    7.188463 ^ hold137/X (sky130_fd_sc_hd__dlygate4sd3_1)
                                                         net308 (net)
                      0.241455    0.000333    7.188796 ^ _450_/A2 (sky130_fd_sc_hd__a21o_1)
     1    0.002056    0.034070    0.146656    7.335453 ^ _450_/X (sky130_fd_sc_hd__a21o_1)
                                                         _197_ (net)
                      0.034070    0.000018    7.335471 ^ hold9/A (sky130_fd_sc_hd__dlygate4sd3_1)
     2    0.009000    0.106616    0.579813    7.915284 ^ hold9/X (sky130_fd_sc_hd__dlygate4sd3_1)
                                                         net180 (net)
                      0.106616    0.000133    7.915417 ^ _452_/B (sky130_fd_sc_hd__and2b_1)
     1    0.002319    0.037971    0.125589    8.041006 ^ _452_/X (sky130_fd_sc_hd__and2b_1)
                                                         u_ibex.u_ibex_core.if_stage_i.gen_prefetch_buffer.prefetch_buffer_i.branch_discard_s[1] (net)
                      0.037971    0.000014    8.041020 ^ hold350/A (sky130_fd_sc_hd__dlygate4sd3_1)
     1    0.002681    0.051903    0.531447    8.572468 ^ hold350/X (sky130_fd_sc_hd__dlygate4sd3_1)
                                                         net521 (net)
                      0.051903    0.000033    8.572500 ^ hold10/A (sky130_fd_sc_hd__dlygate4sd3_1)
     1    0.003180    0.056257    0.540711    9.113212 ^ hold10/X (sky130_fd_sc_hd__dlygate4sd3_1)
                                                         net181 (net)
                      0.056257    0.000040    9.113252 ^ hold351/A (sky130_fd_sc_hd__dlygate4sd3_1)
     1    0.002401    0.049561    0.534645    9.647897 ^ hold351/X (sky130_fd_sc_hd__dlygate4sd3_1)
                                                         net522 (net)
                      0.049561    0.000021    9.647919 ^ _558_/D (sky130_fd_sc_hd__dfrtp_1)
                                              9.647919   data arrival time

                                 25.000000   25.000000   clock clk_i (rise edge)
                                  0.000000   25.000000   clock source latency
     2    0.071891    0.327468    0.237902   25.237902 ^ clk_i (in)
                                                         clk_i (net)
                      0.329570    0.000000   25.237902 ^ clkbuf_0_clk_i/A (sky130_fd_sc_hd__clkbuf_16)
     2    0.018366    0.045915    0.208679   25.446581 ^ clkbuf_0_clk_i/X (sky130_fd_sc_hd__clkbuf_16)
                                                         clknet_0_clk_i (net)
                      0.045915    0.000139   25.446720 ^ clkbuf_1_0__f_clk_i/A (sky130_fd_sc_hd__clkbuf_16)
     3    0.007966    0.031577    0.114250   25.560968 ^ clkbuf_1_0__f_clk_i/X (sky130_fd_sc_hd__clkbuf_16)
                                                         clknet_1_0__leaf_clk_i (net)
                      0.031577    0.000082   25.561050 ^ _498_/A (sky130_fd_sc_hd__and2_2)
     3    0.049082    0.252905    0.282418   25.843468 ^ _498_/X (sky130_fd_sc_hd__and2_2)
                                                         u_ibex.clk (net)
                      0.253412    0.009246   25.852715 ^ clkbuf_0_u_ibex.clk/A (sky130_fd_sc_hd__clkbuf_16)
     9    0.077738    0.096883    0.236470   26.089186 ^ clkbuf_0_u_ibex.clk/X (sky130_fd_sc_hd__clkbuf_16)
                                                         clknet_0_u_ibex.clk (net)
                      0.097357    0.005382   26.094566 ^ clkbuf_2_2__f_u_ibex.clk/A (sky130_fd_sc_hd__clkbuf_16)
    31    0.099917    0.117594    0.198355   26.292923 ^ clkbuf_2_2__f_u_ibex.clk/X (sky130_fd_sc_hd__clkbuf_16)
                                                         clknet_2_2__leaf_u_ibex.clk (net)
                      0.120435    0.014447   26.307369 ^ _558_/CLK (sky130_fd_sc_hd__dfrtp_1)
                                 -0.250000   26.057371   clock uncertainty
                                  0.000095   26.057465   clock reconvergence pessimism
                                 -0.049534   26.007931   library setup time
                                             26.007931   data required time
---------------------------------------------------------------------------------------------
                                             26.007931   data required time
                                             -9.647919   data arrival time
---------------------------------------------------------------------------------------------
                                             16.360012   slack (MET)


Startpoint: tl_i[64] (input port clocked by clk_i)
Endpoint: _572_ (rising edge-triggered flip-flop clocked by clk_i)
Path Group: clk_i
Path Type: max

Fanout         Cap        Slew       Delay        Time   Description
---------------------------------------------------------------------------------------------
                                  0.000000    0.000000   clock clk_i (rise edge)
                                  0.000000    0.000000   clock network delay (propagated)
                                  5.000000    5.000000 v input external delay
     2    0.004514    0.012572    0.007284    5.007285 v tl_i[64] (in)
                                                         tl_i[64] (net)
                      0.012572    0.000000    5.007285 v input14/A (sky130_fd_sc_hd__clkbuf_4)
     3    0.042946    0.095138    0.181935    5.189220 v input14/X (sky130_fd_sc_hd__clkbuf_4)
                                                         net14 (net)
                      0.095140    0.000523    5.189743 v _423_/A (sky130_fd_sc_hd__xor2_4)
     3    0.064498    0.178750    0.262135    5.451878 v _423_/X (sky130_fd_sc_hd__xor2_4)
                                                         _176_ (net)
                      0.180085    0.012233    5.464111 v wire85/A (sky130_fd_sc_hd__buf_8)
     3    0.102479    0.080253    0.221316    5.685427 v wire85/X (sky130_fd_sc_hd__buf_8)
                                                         net85 (net)
                      0.099279    0.029526    5.714953 v _426_/B (sky130_fd_sc_hd__or4_4)
     3    0.063345    0.172918    0.658161    6.373114 v _426_/X (sky130_fd_sc_hd__or4_4)
                                                         _179_ (net)
                      0.175296    0.016052    6.389166 v _429_/C (sky130_fd_sc_hd__or4_1)
     1    0.002422    0.081099    0.496696    6.885861 v _429_/X (sky130_fd_sc_hd__or4_1)
                                                         _182_ (net)
                      0.081099    0.000020    6.885881 v _430_/A2 (sky130_fd_sc_hd__a21o_1)
     3    0.011430    0.068117    0.224413    7.110294 v _430_/X (sky130_fd_sc_hd__a21o_1)
                                                         _183_ (net)
                      0.068117    0.000315    7.110609 v _432_/A2 (sky130_fd_sc_hd__o211a_1)
     1    0.002451    0.036688    0.204829    7.315439 v _432_/X (sky130_fd_sc_hd__o211a_1)
                                                         u_ibex.u_ibex_core.id_stage_i.controller_i.exc_req_lsu (net)
                      0.036688    0.000028    7.315467 v hold316/A (sky130_fd_sc_hd__dlygate4sd3_1)
     1    0.002169    0.049853    0.539216    7.854682 v hold316/X (sky130_fd_sc_hd__dlygate4sd3_1)
                                                         net487 (net)
                      0.049853    0.000022    7.854705 v hold102/A (sky130_fd_sc_hd__dlygate4sd3_1)
     2    0.009154    0.082922    0.592372    8.447076 v hold102/X (sky130_fd_sc_hd__dlygate4sd3_1)
                                                         net273 (net)
                      0.082922    0.000226    8.447303 v _485_/A2 (sky130_fd_sc_hd__o21ai_2)
     4    0.017610    0.229097    0.225469    8.672771 ^ _485_/Y (sky130_fd_sc_hd__o21ai_2)
                                                         _227_ (net)
                      0.229097    0.000202    8.672973 ^ _496_/B (sky130_fd_sc_hd__nor2_1)
     3    0.009170    0.078952    0.106655    8.779628 v _496_/Y (sky130_fd_sc_hd__nor2_1)
                                                         _235_ (net)
                      0.078952    0.000135    8.779763 v _504_/B (sky130_fd_sc_hd__or2_1)
     1    0.001870    0.043720    0.206631    8.986394 v _504_/X (sky130_fd_sc_hd__or2_1)
                                                         _003_ (net)
                      0.043720    0.000009    8.986403 v hold125/A (sky130_fd_sc_hd__dlygate4sd3_1)
     1    0.002310    0.050309    0.543240    9.529643 v hold125/X (sky130_fd_sc_hd__dlygate4sd3_1)
                                                         net296 (net)
                      0.050309    0.000020    9.529663 v _572_/D (sky130_fd_sc_hd__dfrtp_1)
                                              9.529663   data arrival time

                                 25.000000   25.000000   clock clk_i (rise edge)
                                  0.000000   25.000000   clock source latency
     2    0.071891    0.327468    0.237902   25.237902 ^ clk_i (in)
                                                         clk_i (net)
                      0.329570    0.000000   25.237902 ^ clkbuf_0_clk_i/A (sky130_fd_sc_hd__clkbuf_16)
     2    0.018366    0.045915    0.208679   25.446581 ^ clkbuf_0_clk_i/X (sky130_fd_sc_hd__clkbuf_16)
                                                         clknet_0_clk_i (net)
                      0.045915    0.000139   25.446720 ^ clkbuf_1_0__f_clk_i/A (sky130_fd_sc_hd__clkbuf_16)
     3    0.007966    0.031577    0.114250   25.560968 ^ clkbuf_1_0__f_clk_i/X (sky130_fd_sc_hd__clkbuf_16)
                                                         clknet_1_0__leaf_clk_i (net)
                      0.031577    0.000082   25.561050 ^ _498_/A (sky130_fd_sc_hd__and2_2)
     3    0.049082    0.252905    0.282418   25.843468 ^ _498_/X (sky130_fd_sc_hd__and2_2)
                                                         u_ibex.clk (net)
                      0.253412    0.009246   25.852715 ^ clkbuf_0_u_ibex.clk/A (sky130_fd_sc_hd__clkbuf_16)
     9    0.077738    0.096883    0.236470   26.089186 ^ clkbuf_0_u_ibex.clk/X (sky130_fd_sc_hd__clkbuf_16)
                                                         clknet_0_u_ibex.clk (net)
                      0.097357    0.005382   26.094566 ^ clkbuf_2_2__f_u_ibex.clk/A (sky130_fd_sc_hd__clkbuf_16)
    31    0.099917    0.117594    0.198355   26.292923 ^ clkbuf_2_2__f_u_ibex.clk/X (sky130_fd_sc_hd__clkbuf_16)
                                                         clknet_2_2__leaf_u_ibex.clk (net)
                      0.120249    0.013975   26.306896 ^ _572_/CLK (sky130_fd_sc_hd__dfrtp_1)
                                 -0.250000   26.056898   clock uncertainty
                                  0.000000   26.056898   clock reconvergence pessimism
                                 -0.099361   25.957537   library setup time
                                             25.957537   data required time
---------------------------------------------------------------------------------------------
                                             25.957537   data required time
                                             -9.529663   data arrival time
---------------------------------------------------------------------------------------------
                                             16.427874   slack (MET)


Startpoint: tl_i[64] (input port clocked by clk_i)
Endpoint: _575_ (rising edge-triggered flip-flop clocked by clk_i)
Path Group: clk_i
Path Type: max

Fanout         Cap        Slew       Delay        Time   Description
---------------------------------------------------------------------------------------------
                                  0.000000    0.000000   clock clk_i (rise edge)
                                  0.000000    0.000000   clock network delay (propagated)
                                  5.000000    5.000000 v input external delay
     2    0.004514    0.012572    0.007284    5.007285 v tl_i[64] (in)
                                                         tl_i[64] (net)
                      0.012572    0.000000    5.007285 v input14/A (sky130_fd_sc_hd__clkbuf_4)
     3    0.042946    0.095138    0.181935    5.189220 v input14/X (sky130_fd_sc_hd__clkbuf_4)
                                                         net14 (net)
                      0.095140    0.000523    5.189743 v _423_/A (sky130_fd_sc_hd__xor2_4)
     3    0.064498    0.178750    0.262135    5.451878 v _423_/X (sky130_fd_sc_hd__xor2_4)
                                                         _176_ (net)
                      0.180085    0.012233    5.464111 v wire85/A (sky130_fd_sc_hd__buf_8)
     3    0.102479    0.080253    0.221316    5.685427 v wire85/X (sky130_fd_sc_hd__buf_8)
                                                         net85 (net)
                      0.099279    0.029526    5.714953 v _426_/B (sky130_fd_sc_hd__or4_4)
     3    0.063345    0.172918    0.658161    6.373114 v _426_/X (sky130_fd_sc_hd__or4_4)
                                                         _179_ (net)
                      0.175296    0.016052    6.389166 v _429_/C (sky130_fd_sc_hd__or4_1)
     1    0.002422    0.081099    0.496696    6.885861 v _429_/X (sky130_fd_sc_hd__or4_1)
                                                         _182_ (net)
                      0.081099    0.000020    6.885881 v _430_/A2 (sky130_fd_sc_hd__a21o_1)
     3    0.011430    0.068117    0.224413    7.110294 v _430_/X (sky130_fd_sc_hd__a21o_1)
                                                         _183_ (net)
                      0.068117    0.000242    7.110536 v _510_/A0 (sky130_fd_sc_hd__mux2_1)
     1    0.002171    0.051718    0.278724    7.389260 v _510_/X (sky130_fd_sc_hd__mux2_1)
                                                         _006_ (net)
                      0.051718    0.000020    7.389280 v hold265/A (sky130_fd_sc_hd__dlygate4sd3_1)
     1    0.002776    0.052815    0.550579    7.939860 v hold265/X (sky130_fd_sc_hd__dlygate4sd3_1)
                                                         net436 (net)
                      0.052815    0.000036    7.939895 v hold72/A (sky130_fd_sc_hd__dlygate4sd3_1)
     1    0.002166    0.049706    0.545467    8.485362 v hold72/X (sky130_fd_sc_hd__dlygate4sd3_1)
                                                         net243 (net)
                      0.049706    0.000013    8.485375 v hold266/A (sky130_fd_sc_hd__dlygate4sd3_1)
     1    0.002579    0.051658    0.548012    9.033387 v hold266/X (sky130_fd_sc_hd__dlygate4sd3_1)
                                                         net437 (net)
                      0.051658    0.000025    9.033413 v _575_/D (sky130_fd_sc_hd__dfrtp_1)
                                              9.033413   data arrival time

                                 25.000000   25.000000   clock clk_i (rise edge)
                                  0.000000   25.000000   clock source latency
     2    0.071891    0.327468    0.237902   25.237902 ^ clk_i (in)
                                                         clk_i (net)
                      0.329570    0.000000   25.237902 ^ clkbuf_0_clk_i/A (sky130_fd_sc_hd__clkbuf_16)
     2    0.018366    0.045915    0.208679   25.446581 ^ clkbuf_0_clk_i/X (sky130_fd_sc_hd__clkbuf_16)
                                                         clknet_0_clk_i (net)
                      0.045915    0.000139   25.446720 ^ clkbuf_1_0__f_clk_i/A (sky130_fd_sc_hd__clkbuf_16)
     3    0.007966    0.031577    0.114250   25.560968 ^ clkbuf_1_0__f_clk_i/X (sky130_fd_sc_hd__clkbuf_16)
                                                         clknet_1_0__leaf_clk_i (net)
                      0.031577    0.000082   25.561050 ^ _498_/A (sky130_fd_sc_hd__and2_2)
     3    0.049082    0.252905    0.282418   25.843468 ^ _498_/X (sky130_fd_sc_hd__and2_2)
                                                         u_ibex.clk (net)
                      0.253412    0.009246   25.852715 ^ clkbuf_0_u_ibex.clk/A (sky130_fd_sc_hd__clkbuf_16)
     9    0.077738    0.096883    0.236470   26.089186 ^ clkbuf_0_u_ibex.clk/X (sky130_fd_sc_hd__clkbuf_16)
                                                         clknet_0_u_ibex.clk (net)
                      0.097357    0.005382   26.094566 ^ clkbuf_2_2__f_u_ibex.clk/A (sky130_fd_sc_hd__clkbuf_16)
    31    0.099917    0.117594    0.198355   26.292923 ^ clkbuf_2_2__f_u_ibex.clk/X (sky130_fd_sc_hd__clkbuf_16)
                                                         clknet_2_2__leaf_u_ibex.clk (net)
                      0.119222    0.011042   26.303965 ^ _575_/CLK (sky130_fd_sc_hd__dfrtp_1)
                                 -0.250000   26.053965   clock uncertainty
                                  0.000000   26.053965   clock reconvergence pessimism
                                 -0.100182   25.953781   library setup time
                                             25.953781   data required time
---------------------------------------------------------------------------------------------
                                             25.953781   data required time
                                             -9.033413   data arrival time
---------------------------------------------------------------------------------------------
                                             16.920370   slack (MET)


Startpoint: tl_i[64] (input port clocked by clk_i)
Endpoint: _568_ (rising edge-triggered flip-flop clocked by clk_i)
Path Group: clk_i
Path Type: max

Fanout         Cap        Slew       Delay        Time   Description
---------------------------------------------------------------------------------------------
                                  0.000000    0.000000   clock clk_i (rise edge)
                                  0.000000    0.000000   clock network delay (propagated)
                                  5.000000    5.000000 v input external delay
     2    0.004514    0.012572    0.007284    5.007285 v tl_i[64] (in)
                                                         tl_i[64] (net)
                      0.012572    0.000000    5.007285 v input14/A (sky130_fd_sc_hd__clkbuf_4)
     3    0.042946    0.095138    0.181935    5.189220 v input14/X (sky130_fd_sc_hd__clkbuf_4)
                                                         net14 (net)
                      0.095140    0.000523    5.189743 v _423_/A (sky130_fd_sc_hd__xor2_4)
     3    0.064498    0.178750    0.262135    5.451878 v _423_/X (sky130_fd_sc_hd__xor2_4)
                                                         _176_ (net)
                      0.180085    0.012233    5.464111 v wire85/A (sky130_fd_sc_hd__buf_8)
     3    0.102479    0.080253    0.221316    5.685427 v wire85/X (sky130_fd_sc_hd__buf_8)
                                                         net85 (net)
                      0.099279    0.029526    5.714953 v _426_/B (sky130_fd_sc_hd__or4_4)
     3    0.063345    0.172918    0.658161    6.373114 v _426_/X (sky130_fd_sc_hd__or4_4)
                                                         _179_ (net)
                      0.175296    0.016052    6.389166 v _429_/C (sky130_fd_sc_hd__or4_1)
     1    0.002422    0.081099    0.496696    6.885861 v _429_/X (sky130_fd_sc_hd__or4_1)
                                                         _182_ (net)
                      0.081099    0.000020    6.885881 v _430_/A2 (sky130_fd_sc_hd__a21o_1)
     3    0.011430    0.068117    0.224413    7.110294 v _430_/X (sky130_fd_sc_hd__a21o_1)
                                                         _183_ (net)
                      0.068117    0.000315    7.110609 v _432_/A2 (sky130_fd_sc_hd__o211a_1)
     1    0.002451    0.036688    0.204829    7.315439 v _432_/X (sky130_fd_sc_hd__o211a_1)
                                                         u_ibex.u_ibex_core.id_stage_i.controller_i.exc_req_lsu (net)
                      0.036688    0.000028    7.315467 v hold316/A (sky130_fd_sc_hd__dlygate4sd3_1)
     1    0.002169    0.049853    0.539216    7.854682 v hold316/X (sky130_fd_sc_hd__dlygate4sd3_1)
                                                         net487 (net)
                      0.049853    0.000022    7.854705 v hold102/A (sky130_fd_sc_hd__dlygate4sd3_1)
     2    0.009154    0.082922    0.592372    8.447076 v hold102/X (sky130_fd_sc_hd__dlygate4sd3_1)
                                                         net273 (net)
                      0.082922    0.000088    8.447165 v hold317/A (sky130_fd_sc_hd__dlygate4sd3_1)
     1    0.002971    0.054068    0.566446    9.013610 v hold317/X (sky130_fd_sc_hd__dlygate4sd3_1)
                                                         net488 (net)
                      0.054068    0.000036    9.013645 v _568_/D (sky130_fd_sc_hd__dfrtp_1)
                                              9.013645   data arrival time

                                 25.000000   25.000000   clock clk_i (rise edge)
                                  0.000000   25.000000   clock source latency
     2    0.071891    0.327468    0.237902   25.237902 ^ clk_i (in)
                                                         clk_i (net)
                      0.329570    0.000000   25.237902 ^ clkbuf_0_clk_i/A (sky130_fd_sc_hd__clkbuf_16)
     2    0.018366    0.045915    0.208679   25.446581 ^ clkbuf_0_clk_i/X (sky130_fd_sc_hd__clkbuf_16)
                                                         clknet_0_clk_i (net)
                      0.045915    0.000139   25.446720 ^ clkbuf_1_0__f_clk_i/A (sky130_fd_sc_hd__clkbuf_16)
     3    0.007966    0.031577    0.114250   25.560968 ^ clkbuf_1_0__f_clk_i/X (sky130_fd_sc_hd__clkbuf_16)
                                                         clknet_1_0__leaf_clk_i (net)
                      0.031577    0.000082   25.561050 ^ _498_/A (sky130_fd_sc_hd__and2_2)
     3    0.049082    0.252905    0.282418   25.843468 ^ _498_/X (sky130_fd_sc_hd__and2_2)
                                                         u_ibex.clk (net)
                      0.253412    0.009246   25.852715 ^ clkbuf_0_u_ibex.clk/A (sky130_fd_sc_hd__clkbuf_16)
     9    0.077738    0.096883    0.236470   26.089186 ^ clkbuf_0_u_ibex.clk/X (sky130_fd_sc_hd__clkbuf_16)
                                                         clknet_0_u_ibex.clk (net)
                      0.097357    0.005382   26.094566 ^ clkbuf_2_2__f_u_ibex.clk/A (sky130_fd_sc_hd__clkbuf_16)
    31    0.099917    0.117594    0.198355   26.292923 ^ clkbuf_2_2__f_u_ibex.clk/X (sky130_fd_sc_hd__clkbuf_16)
                                                         clknet_2_2__leaf_u_ibex.clk (net)
                      0.120078    0.013529   26.306452 ^ _568_/CLK (sky130_fd_sc_hd__dfrtp_1)
                                 -0.250000   26.056452   clock uncertainty
                                  0.000000   26.056452   clock reconvergence pessimism
                                 -0.101034   25.955418   library setup time
                                             25.955418   data required time
---------------------------------------------------------------------------------------------
                                             25.955418   data required time
                                             -9.013645   data arrival time
---------------------------------------------------------------------------------------------
                                             16.941772   slack (MET)


Startpoint: tl_i[0] (input port clocked by clk_i)
Endpoint: _576_ (rising edge-triggered flip-flop clocked by clk_i)
Path Group: clk_i
Path Type: max

Fanout         Cap        Slew       Delay        Time   Description
---------------------------------------------------------------------------------------------
                                  0.000000    0.000000   clock clk_i (rise edge)
                                  0.000000    0.000000   clock network delay (propagated)
                                  5.000000    5.000000 ^ input external delay
     2    0.006387    0.035382    0.022329    5.022329 ^ tl_i[0] (in)
                                                         tl_i[0] (net)
                      0.035382    0.000000    5.022329 ^ input2/A (sky130_fd_sc_hd__clkbuf_8)
    11    0.098466    0.174326    0.206415    5.228744 ^ input2/X (sky130_fd_sc_hd__clkbuf_8)
                                                         net2 (net)
                      0.186725    0.035559    5.264303 ^ _254_/A (sky130_fd_sc_hd__inv_2)
     2    0.006656    0.045123    0.057114    5.321417 v _254_/Y (sky130_fd_sc_hd__inv_2)
                                                         _045_ (net)
                      0.045123    0.000069    5.321486 v _511_/A1 (sky130_fd_sc_hd__a21oi_1)
     1    0.002537    0.108243    0.113251    5.434737 ^ _511_/Y (sky130_fd_sc_hd__a21oi_1)
                                                         _241_ (net)
                      0.108243    0.000027    5.434764 ^ hold119/A (sky130_fd_sc_hd__dlygate4sd3_1)
     1    0.004657    0.069148    0.568650    6.003414 ^ hold119/X (sky130_fd_sc_hd__dlygate4sd3_1)
                                                         net290 (net)
                      0.069148    0.000040    6.003455 ^ _512_/B1 (sky130_fd_sc_hd__o22ai_2)
     1    0.002174    0.059351    0.067421    6.070876 v _512_/Y (sky130_fd_sc_hd__o22ai_2)
                                                         _242_ (net)
                      0.059351    0.000012    6.070888 v hold120/A (sky130_fd_sc_hd__dlygate4sd3_1)
     5    0.015931    0.113209    0.627921    6.698809 v hold120/X (sky130_fd_sc_hd__dlygate4sd3_1)
                                                         net291 (net)
                      0.113209    0.000300    6.699109 v _516_/A3 (sky130_fd_sc_hd__o31a_1)
     1    0.004785    0.055873    0.267949    6.967057 v _516_/X (sky130_fd_sc_hd__o31a_1)
                                                         _246_ (net)
                      0.055873    0.000099    6.967157 v hold93/A (sky130_fd_sc_hd__dlygate4sd3_1)
     1    0.002369    0.050456    0.548683    7.515840 v hold93/X (sky130_fd_sc_hd__dlygate4sd3_1)
                                                         net264 (net)
                      0.050456    0.000017    7.515857 v _517_/B (sky130_fd_sc_hd__or2_1)
     1    0.002419    0.045633    0.199925    7.715781 v _517_/X (sky130_fd_sc_hd__or2_1)
                                                         _007_ (net)
                      0.045633    0.000027    7.715808 v hold94/A (sky130_fd_sc_hd__dlygate4sd3_1)
     1    0.002197    0.049876    0.542950    8.258758 v hold94/X (sky130_fd_sc_hd__dlygate4sd3_1)
                                                         net265 (net)
                      0.049876    0.000018    8.258775 v _576_/D (sky130_fd_sc_hd__dfrtp_1)
                                              8.258775   data arrival time

                                 25.000000   25.000000   clock clk_i (rise edge)
                                  0.000000   25.000000   clock source latency
     2    0.071891    0.327468    0.237902   25.237902 ^ clk_i (in)
                                                         clk_i (net)
                      0.329570    0.000000   25.237902 ^ clkbuf_0_clk_i/A (sky130_fd_sc_hd__clkbuf_16)
     2    0.018366    0.045915    0.208679   25.446581 ^ clkbuf_0_clk_i/X (sky130_fd_sc_hd__clkbuf_16)
                                                         clknet_0_clk_i (net)
                      0.045915    0.000139   25.446720 ^ clkbuf_1_0__f_clk_i/A (sky130_fd_sc_hd__clkbuf_16)
     3    0.007966    0.031577    0.114250   25.560968 ^ clkbuf_1_0__f_clk_i/X (sky130_fd_sc_hd__clkbuf_16)
                                                         clknet_1_0__leaf_clk_i (net)
                      0.031577    0.000082   25.561050 ^ _498_/A (sky130_fd_sc_hd__and2_2)
     3    0.049082    0.252905    0.282418   25.843468 ^ _498_/X (sky130_fd_sc_hd__and2_2)
                                                         u_ibex.clk (net)
                      0.253412    0.009246   25.852715 ^ clkbuf_0_u_ibex.clk/A (sky130_fd_sc_hd__clkbuf_16)
     9    0.077738    0.096883    0.236470   26.089186 ^ clkbuf_0_u_ibex.clk/X (sky130_fd_sc_hd__clkbuf_16)
                                                         clknet_0_u_ibex.clk (net)
                      0.097339    0.005283   26.094467 ^ clkbuf_2_3__f_u_ibex.clk/A (sky130_fd_sc_hd__clkbuf_16)
    23    0.077329    0.094713    0.186020   26.280487 ^ clkbuf_2_3__f_u_ibex.clk/X (sky130_fd_sc_hd__clkbuf_16)
                                                         clknet_2_3__leaf_u_ibex.clk (net)
                      0.095056    0.004565   26.285053 ^ _576_/CLK (sky130_fd_sc_hd__dfrtp_1)
                                 -0.250000   26.035053   clock uncertainty
                                  0.000000   26.035053   clock reconvergence pessimism
                                 -0.104941   25.930115   library setup time
                                             25.930115   data required time
---------------------------------------------------------------------------------------------
                                             25.930115   data required time
                                             -8.258775   data arrival time
---------------------------------------------------------------------------------------------
                                             17.671339   slack (MET)


Startpoint: _574_ (rising edge-triggered flip-flop clocked by clk_i)
Endpoint: _567_ (rising edge-triggered flip-flop clocked by clk_i)
Path Group: clk_i
Path Type: max

Fanout         Cap        Slew       Delay        Time   Description
---------------------------------------------------------------------------------------------
                                  0.000000    0.000000   clock clk_i (rise edge)
                                  0.000000    0.000000   clock source latency
     2    0.071891    0.327468    0.237902    0.237902 ^ clk_i (in)
                                                         clk_i (net)
                      0.329570    0.000000    0.237902 ^ clkbuf_0_clk_i/A (sky130_fd_sc_hd__clkbuf_16)
     2    0.018366    0.045915    0.208680    0.446582 ^ clkbuf_0_clk_i/X (sky130_fd_sc_hd__clkbuf_16)
                                                         clknet_0_clk_i (net)
                      0.045915    0.000137    0.446719 ^ clkbuf_1_0__f_clk_i/A (sky130_fd_sc_hd__clkbuf_16)
     3    0.007966    0.031577    0.114250    0.560970 ^ clkbuf_1_0__f_clk_i/X (sky130_fd_sc_hd__clkbuf_16)
                                                         clknet_1_0__leaf_clk_i (net)
                      0.031577    0.000082    0.561052 ^ _498_/A (sky130_fd_sc_hd__and2_2)
     3    0.049082    0.253215    0.282417    0.843469 ^ _498_/X (sky130_fd_sc_hd__and2_2)
                                                         u_ibex.clk (net)
                      0.253722    0.009246    0.852715 ^ clkbuf_0_u_ibex.clk/A (sky130_fd_sc_hd__clkbuf_16)
     9    0.077738    0.096888    0.236566    1.089280 ^ clkbuf_0_u_ibex.clk/X (sky130_fd_sc_hd__clkbuf_16)
                                                         clknet_0_u_ibex.clk (net)
                      0.097344    0.005283    1.094563 ^ clkbuf_2_3__f_u_ibex.clk/A (sky130_fd_sc_hd__clkbuf_16)
    23    0.077329    0.094713    0.186021    1.280585 ^ clkbuf_2_3__f_u_ibex.clk/X (sky130_fd_sc_hd__clkbuf_16)
                                                         clknet_2_3__leaf_u_ibex.clk (net)
                      0.095409    0.006434    1.287019 ^ _574_/CLK (sky130_fd_sc_hd__dfrtp_1)
     1    0.003433    0.041953    0.375677    1.662696 v _574_/Q (sky130_fd_sc_hd__dfrtp_1)
                                                         u_ibex.u_ibex_core.id_stage_i.controller_i.ctrl_fsm_cs[3] (net)
                      0.041953    0.000053    1.662749 v hold327/A (sky130_fd_sc_hd__dlygate4sd3_1)
     1    0.002536    0.051474    0.544603    2.207352 v hold327/X (sky130_fd_sc_hd__dlygate4sd3_1)
                                                         net498 (net)
                      0.051474    0.000028    2.207379 v hold113/A (sky130_fd_sc_hd__dlygate4sd3_1)
     1    0.002516    0.051276    0.548127    2.755506 v hold113/X (sky130_fd_sc_hd__dlygate4sd3_1)
                                                         net284 (net)
                      0.051276    0.000028    2.755535 v hold328/A (sky130_fd_sc_hd__dlygate4sd3_1)
     2    0.009041    0.082441    0.592417    3.347951 v hold328/X (sky130_fd_sc_hd__dlygate4sd3_1)
                                                         net499 (net)
                      0.082441    0.000063    3.348014 v fanout83/A (sky130_fd_sc_hd__buf_1)
     1    0.005037    0.038431    0.114659    3.462673 v fanout83/X (sky130_fd_sc_hd__buf_1)
                                                         net83 (net)
                      0.038431    0.000101    3.462774 v hold114/A (sky130_fd_sc_hd__dlygate4sd3_1)
     6    0.018881    0.127045    0.633266    4.096040 v hold114/X (sky130_fd_sc_hd__dlygate4sd3_1)
                                                         net285 (net)
                      0.127045    0.000205    4.096245 v _411_/A_N (sky130_fd_sc_hd__and2b_1)
     4    0.017131    0.161925    0.309317    4.405562 ^ _411_/X (sky130_fd_sc_hd__and2b_1)
                                                         _165_ (net)
                      0.161925    0.000506    4.406068 ^ _412_/B (sky130_fd_sc_hd__nand2_1)
     1    0.002893    0.059130    0.073611    4.479679 v _412_/Y (sky130_fd_sc_hd__nand2_1)
                                                         _166_ (net)
                      0.059130    0.000037    4.479716 v hold231/A (sky130_fd_sc_hd__dlygate4sd3_1)
     1    0.002630    0.051933    0.552534    5.032250 v hold231/X (sky130_fd_sc_hd__dlygate4sd3_1)
                                                         net402 (net)
                      0.051933    0.000029    5.032279 v hold52/A (sky130_fd_sc_hd__dlygate4sd3_1)
     2    0.005563    0.066375    0.570426    5.602705 v hold52/X (sky130_fd_sc_hd__dlygate4sd3_1)
                                                         net223 (net)
                      0.066375    0.000052    5.602757 v hold232/A (sky130_fd_sc_hd__dlygate4sd3_1)
     1    0.002733    0.052565    0.556770    6.159527 v hold232/X (sky130_fd_sc_hd__dlygate4sd3_1)
                                                         net403 (net)
                      0.052565    0.000016    6.159543 v _414_/A2 (sky130_fd_sc_hd__o211a_1)
     1    0.001756    0.033839    0.193659    6.353201 v _414_/X (sky130_fd_sc_hd__o211a_1)
                                                         u_ibex.u_ibex_core.id_stage_i.controller_i.exc_req_d (net)
                      0.033839    0.000015    6.353216 v hold233/A (sky130_fd_sc_hd__dlygate4sd3_1)
     1    0.001966    0.050001    0.536269    6.889485 v hold233/X (sky130_fd_sc_hd__dlygate4sd3_1)
                                                         net404 (net)
                      0.050001    0.000011    6.889495 v hold53/A (sky130_fd_sc_hd__dlygate4sd3_1)
     2    0.006841    0.072849    0.578033    7.467528 v hold53/X (sky130_fd_sc_hd__dlygate4sd3_1)
                                                         net224 (net)
                      0.072849    0.000017    7.467545 v hold234/A (sky130_fd_sc_hd__dlygate4sd3_1)
     1    0.003812    0.058299    0.568400    8.035946 v hold234/X (sky130_fd_sc_hd__dlygate4sd3_1)
                                                         net405 (net)
                      0.058299    0.000053    8.035998 v _567_/D (sky130_fd_sc_hd__dfrtp_1)
                                              8.035998   data arrival time

                                 25.000000   25.000000   clock clk_i (rise edge)
                                  0.000000   25.000000   clock source latency
     2    0.071891    0.327468    0.237902   25.237902 ^ clk_i (in)
                                                         clk_i (net)
                      0.329570    0.000000   25.237902 ^ clkbuf_0_clk_i/A (sky130_fd_sc_hd__clkbuf_16)
     2    0.018366    0.045915    0.208679   25.446581 ^ clkbuf_0_clk_i/X (sky130_fd_sc_hd__clkbuf_16)
                                                         clknet_0_clk_i (net)
                      0.045915    0.000139   25.446720 ^ clkbuf_1_0__f_clk_i/A (sky130_fd_sc_hd__clkbuf_16)
     3    0.007966    0.031577    0.114250   25.560968 ^ clkbuf_1_0__f_clk_i/X (sky130_fd_sc_hd__clkbuf_16)
                                                         clknet_1_0__leaf_clk_i (net)
                      0.031577    0.000082   25.561050 ^ _498_/A (sky130_fd_sc_hd__and2_2)
     3    0.049082    0.252905    0.282418   25.843468 ^ _498_/X (sky130_fd_sc_hd__and2_2)
                                                         u_ibex.clk (net)
                      0.253412    0.009246   25.852715 ^ clkbuf_0_u_ibex.clk/A (sky130_fd_sc_hd__clkbuf_16)
     9    0.077738    0.096883    0.236470   26.089186 ^ clkbuf_0_u_ibex.clk/X (sky130_fd_sc_hd__clkbuf_16)
                                                         clknet_0_u_ibex.clk (net)
                      0.097357    0.005382   26.094566 ^ clkbuf_2_2__f_u_ibex.clk/A (sky130_fd_sc_hd__clkbuf_16)
    31    0.099917    0.117594    0.198355   26.292923 ^ clkbuf_2_2__f_u_ibex.clk/X (sky130_fd_sc_hd__clkbuf_16)
                                                         clknet_2_2__leaf_u_ibex.clk (net)
                      0.120067    0.013502   26.306425 ^ _567_/CLK (sky130_fd_sc_hd__dfrtp_1)
                                 -0.250000   26.056425   clock uncertainty
                                  0.000095   26.056519   clock reconvergence pessimism
                                 -0.102874   25.953646   library setup time
                                             25.953646   data required time
---------------------------------------------------------------------------------------------
                                             25.953646   data required time
                                             -8.035998   data arrival time
---------------------------------------------------------------------------------------------
                                             17.917646   slack (MET)


Startpoint: tl_i[0] (input port clocked by clk_i)
Endpoint: _579_ (rising edge-triggered flip-flop clocked by clk_i)
Path Group: clk_i
Path Type: max

Fanout         Cap        Slew       Delay        Time   Description
---------------------------------------------------------------------------------------------
                                  0.000000    0.000000   clock clk_i (rise edge)
                                  0.000000    0.000000   clock network delay (propagated)
                                  5.000000    5.000000 ^ input external delay
     2    0.006387    0.035382    0.022329    5.022329 ^ tl_i[0] (in)
                                                         tl_i[0] (net)
                      0.035382    0.000000    5.022329 ^ input2/A (sky130_fd_sc_hd__clkbuf_8)
    11    0.098466    0.174326    0.206415    5.228744 ^ input2/X (sky130_fd_sc_hd__clkbuf_8)
                                                         net2 (net)
                      0.186725    0.035559    5.264303 ^ _254_/A (sky130_fd_sc_hd__inv_2)
     2    0.006656    0.045123    0.057114    5.321417 v _254_/Y (sky130_fd_sc_hd__inv_2)
                                                         _045_ (net)
                      0.045123    0.000069    5.321486 v _511_/A1 (sky130_fd_sc_hd__a21oi_1)
     1    0.002537    0.108243    0.113251    5.434737 ^ _511_/Y (sky130_fd_sc_hd__a21oi_1)
                                                         _241_ (net)
                      0.108243    0.000027    5.434764 ^ hold119/A (sky130_fd_sc_hd__dlygate4sd3_1)
     1    0.004657    0.069148    0.568650    6.003414 ^ hold119/X (sky130_fd_sc_hd__dlygate4sd3_1)
                                                         net290 (net)
                      0.069148    0.000040    6.003455 ^ _512_/B1 (sky130_fd_sc_hd__o22ai_2)
     1    0.002174    0.059351    0.067421    6.070876 v _512_/Y (sky130_fd_sc_hd__o22ai_2)
                                                         _242_ (net)
                      0.059351    0.000012    6.070888 v hold120/A (sky130_fd_sc_hd__dlygate4sd3_1)
     5    0.015931    0.113209    0.627921    6.698809 v hold120/X (sky130_fd_sc_hd__dlygate4sd3_1)
                                                         net291 (net)
                      0.113209    0.000245    6.699054 v _520_/C (sky130_fd_sc_hd__or3_1)
     1    0.002269    0.060777    0.316815    7.015869 v _520_/X (sky130_fd_sc_hd__or3_1)
                                                         _247_ (net)
                      0.060777    0.000026    7.015895 v _521_/A2_N (sky130_fd_sc_hd__a2bb2o_1)
     1    0.001977    0.039456    0.232750    7.248645 ^ _521_/X (sky130_fd_sc_hd__a2bb2o_1)
                                                         _010_ (net)
                      0.039456    0.000009    7.248654 ^ hold121/A (sky130_fd_sc_hd__dlygate4sd3_1)
     1    0.002420    0.049708    0.529476    7.778131 ^ hold121/X (sky130_fd_sc_hd__dlygate4sd3_1)
                                                         net292 (net)
                      0.049708    0.000024    7.778154 ^ _579_/D (sky130_fd_sc_hd__dfrtp_1)
                                              7.778154   data arrival time

                                 25.000000   25.000000   clock clk_i (rise edge)
                                  0.000000   25.000000   clock source latency
     2    0.071891    0.327468    0.237902   25.237902 ^ clk_i (in)
                                                         clk_i (net)
                      0.329570    0.000000   25.237902 ^ clkbuf_0_clk_i/A (sky130_fd_sc_hd__clkbuf_16)
     2    0.018366    0.045915    0.208679   25.446581 ^ clkbuf_0_clk_i/X (sky130_fd_sc_hd__clkbuf_16)
                                                         clknet_0_clk_i (net)
                      0.045915    0.000139   25.446720 ^ clkbuf_1_0__f_clk_i/A (sky130_fd_sc_hd__clkbuf_16)
     3    0.007966    0.031577    0.114250   25.560968 ^ clkbuf_1_0__f_clk_i/X (sky130_fd_sc_hd__clkbuf_16)
                                                         clknet_1_0__leaf_clk_i (net)
                      0.031577    0.000082   25.561050 ^ _498_/A (sky130_fd_sc_hd__and2_2)
     3    0.049082    0.252905    0.282418   25.843468 ^ _498_/X (sky130_fd_sc_hd__and2_2)
                                                         u_ibex.clk (net)
                      0.253412    0.009246   25.852715 ^ clkbuf_0_u_ibex.clk/A (sky130_fd_sc_hd__clkbuf_16)
     9    0.077738    0.096883    0.236470   26.089186 ^ clkbuf_0_u_ibex.clk/X (sky130_fd_sc_hd__clkbuf_16)
                                                         clknet_0_u_ibex.clk (net)
                      0.097357    0.005382   26.094566 ^ clkbuf_2_2__f_u_ibex.clk/A (sky130_fd_sc_hd__clkbuf_16)
    31    0.099917    0.117594    0.198355   26.292923 ^ clkbuf_2_2__f_u_ibex.clk/X (sky130_fd_sc_hd__clkbuf_16)
                                                         clknet_2_2__leaf_u_ibex.clk (net)
                      0.118873    0.009846   26.302769 ^ _579_/CLK (sky130_fd_sc_hd__dfrtp_1)
                                 -0.250000   26.052769   clock uncertainty
                                  0.000000   26.052769   clock reconvergence pessimism
                                 -0.049802   26.002968   library setup time
                                             26.002968   data required time
---------------------------------------------------------------------------------------------
                                             26.002968   data required time
                                             -7.778154   data arrival time
---------------------------------------------------------------------------------------------
                                             18.224813   slack (MET)


Startpoint: _574_ (rising edge-triggered flip-flop clocked by clk_i)
Endpoint: _611_ (rising edge-triggered flip-flop clocked by clk_i)
Path Group: clk_i
Path Type: max

Fanout         Cap        Slew       Delay        Time   Description
---------------------------------------------------------------------------------------------
                                  0.000000    0.000000   clock clk_i (rise edge)
                                  0.000000    0.000000   clock source latency
     2    0.071891    0.327468    0.237902    0.237902 ^ clk_i (in)
                                                         clk_i (net)
                      0.329570    0.000000    0.237902 ^ clkbuf_0_clk_i/A (sky130_fd_sc_hd__clkbuf_16)
     2    0.018366    0.045915    0.208680    0.446582 ^ clkbuf_0_clk_i/X (sky130_fd_sc_hd__clkbuf_16)
                                                         clknet_0_clk_i (net)
                      0.045915    0.000137    0.446719 ^ clkbuf_1_0__f_clk_i/A (sky130_fd_sc_hd__clkbuf_16)
     3    0.007966    0.031577    0.114250    0.560970 ^ clkbuf_1_0__f_clk_i/X (sky130_fd_sc_hd__clkbuf_16)
                                                         clknet_1_0__leaf_clk_i (net)
                      0.031577    0.000082    0.561052 ^ _498_/A (sky130_fd_sc_hd__and2_2)
     3    0.049082    0.253215    0.282417    0.843469 ^ _498_/X (sky130_fd_sc_hd__and2_2)
                                                         u_ibex.clk (net)
                      0.253722    0.009246    0.852715 ^ clkbuf_0_u_ibex.clk/A (sky130_fd_sc_hd__clkbuf_16)
     9    0.077738    0.096888    0.236566    1.089280 ^ clkbuf_0_u_ibex.clk/X (sky130_fd_sc_hd__clkbuf_16)
                                                         clknet_0_u_ibex.clk (net)
                      0.097344    0.005283    1.094563 ^ clkbuf_2_3__f_u_ibex.clk/A (sky130_fd_sc_hd__clkbuf_16)
    23    0.077329    0.094713    0.186021    1.280585 ^ clkbuf_2_3__f_u_ibex.clk/X (sky130_fd_sc_hd__clkbuf_16)
                                                         clknet_2_3__leaf_u_ibex.clk (net)
                      0.095409    0.006434    1.287019 ^ _574_/CLK (sky130_fd_sc_hd__dfrtp_1)
     1    0.003433    0.041953    0.375677    1.662696 v _574_/Q (sky130_fd_sc_hd__dfrtp_1)
                                                         u_ibex.u_ibex_core.id_stage_i.controller_i.ctrl_fsm_cs[3] (net)
                      0.041953    0.000053    1.662749 v hold327/A (sky130_fd_sc_hd__dlygate4sd3_1)
     1    0.002536    0.051474    0.544603    2.207352 v hold327/X (sky130_fd_sc_hd__dlygate4sd3_1)
                                                         net498 (net)
                      0.051474    0.000028    2.207379 v hold113/A (sky130_fd_sc_hd__dlygate4sd3_1)
     1    0.002516    0.051276    0.548127    2.755506 v hold113/X (sky130_fd_sc_hd__dlygate4sd3_1)
                                                         net284 (net)
                      0.051276    0.000028    2.755535 v hold328/A (sky130_fd_sc_hd__dlygate4sd3_1)
     2    0.009041    0.082441    0.592417    3.347951 v hold328/X (sky130_fd_sc_hd__dlygate4sd3_1)
                                                         net499 (net)
                      0.082441    0.000063    3.348014 v fanout83/A (sky130_fd_sc_hd__buf_1)
     1    0.005037    0.038431    0.114659    3.462673 v fanout83/X (sky130_fd_sc_hd__buf_1)
                                                         net83 (net)
                      0.038431    0.000101    3.462774 v hold114/A (sky130_fd_sc_hd__dlygate4sd3_1)
     6    0.018881    0.127045    0.633266    4.096040 v hold114/X (sky130_fd_sc_hd__dlygate4sd3_1)
                                                         net285 (net)
                      0.127045    0.000149    4.096189 v _442_/B (sky130_fd_sc_hd__or3b_1)
     1    0.003377    0.069924    0.375483    4.471672 v _442_/X (sky130_fd_sc_hd__or3b_1)
                                                         _192_ (net)
                      0.069924    0.000047    4.471718 v hold88/A (sky130_fd_sc_hd__dlygate4sd3_1)
     3    0.011282    0.092153    0.611113    5.082832 v hold88/X (sky130_fd_sc_hd__dlygate4sd3_1)
                                                         net259 (net)
                      0.092153    0.000118    5.082950 v _443_/B1 (sky130_fd_sc_hd__a21oi_1)
     1    0.002818    0.106214    0.127341    5.210291 ^ _443_/Y (sky130_fd_sc_hd__a21oi_1)
                                                         _193_ (net)
                      0.106214    0.000034    5.210325 ^ hold124/A (sky130_fd_sc_hd__dlygate4sd3_1)
     3    0.011457    0.129117    0.618184    5.828509 ^ hold124/X (sky130_fd_sc_hd__dlygate4sd3_1)
                                                         net295 (net)
                      0.129117    0.000127    5.828636 ^ _444_/D_N (sky130_fd_sc_hd__or4bb_1)
     1    0.004567    0.091153    0.420208    6.248844 v _444_/X (sky130_fd_sc_hd__or4bb_1)
                                                         u_ibex.core_busy_d[0] (net)
                      0.091153    0.000089    6.248933 v hold134/A (sky130_fd_sc_hd__dlygate4sd3_1)
     1    0.003933    0.058785    0.577491    6.826425 v hold134/X (sky130_fd_sc_hd__dlygate4sd3_1)
                                                         net305 (net)
                      0.058785    0.000068    6.826492 v _611_/D (sky130_fd_sc_hd__dfrtp_1)
                                              6.826492   data arrival time

                                 25.000000   25.000000   clock clk_i (rise edge)
                                  0.000000   25.000000   clock source latency
     2    0.071891    0.327468    0.237902   25.237902 ^ clk_i (in)
                                                         clk_i (net)
                      0.329570    0.000000   25.237902 ^ clkbuf_0_clk_i/A (sky130_fd_sc_hd__clkbuf_16)
     2    0.018366    0.045915    0.208679   25.446581 ^ clkbuf_0_clk_i/X (sky130_fd_sc_hd__clkbuf_16)
                                                         clknet_0_clk_i (net)
                      0.045915    0.000185   25.446766 ^ clkbuf_1_1__f_clk_i/A (sky130_fd_sc_hd__clkbuf_16)
     2    0.006278    0.029915    0.112390   25.559156 ^ clkbuf_1_1__f_clk_i/X (sky130_fd_sc_hd__clkbuf_16)
                                                         clknet_1_1__leaf_clk_i (net)
                      0.029915    0.000089   25.559244 ^ _611_/CLK (sky130_fd_sc_hd__dfrtp_1)
                                 -0.250000   25.309246   clock uncertainty
                                  0.000000   25.309246   clock reconvergence pessimism
                                 -0.123745   25.185501   library setup time
                                             25.185501   data required time
---------------------------------------------------------------------------------------------
                                             25.185501   data required time
                                             -6.826492   data arrival time
---------------------------------------------------------------------------------------------
                                             18.359009   slack (MET)


Startpoint: tl_i[0] (input port clocked by clk_i)
Endpoint: _578_ (rising edge-triggered flip-flop clocked by clk_i)
Path Group: clk_i
Path Type: max

Fanout         Cap        Slew       Delay        Time   Description
---------------------------------------------------------------------------------------------
                                  0.000000    0.000000   clock clk_i (rise edge)
                                  0.000000    0.000000   clock network delay (propagated)
                                  5.000000    5.000000 ^ input external delay
     2    0.006387    0.035382    0.022329    5.022329 ^ tl_i[0] (in)
                                                         tl_i[0] (net)
                      0.035382    0.000000    5.022329 ^ input2/A (sky130_fd_sc_hd__clkbuf_8)
    11    0.098466    0.174326    0.206415    5.228744 ^ input2/X (sky130_fd_sc_hd__clkbuf_8)
                                                         net2 (net)
                      0.186725    0.035559    5.264303 ^ _254_/A (sky130_fd_sc_hd__inv_2)
     2    0.006656    0.045123    0.057114    5.321417 v _254_/Y (sky130_fd_sc_hd__inv_2)
                                                         _045_ (net)
                      0.045123    0.000069    5.321486 v _511_/A1 (sky130_fd_sc_hd__a21oi_1)
     1    0.002537    0.108243    0.113251    5.434737 ^ _511_/Y (sky130_fd_sc_hd__a21oi_1)
                                                         _241_ (net)
                      0.108243    0.000027    5.434764 ^ hold119/A (sky130_fd_sc_hd__dlygate4sd3_1)
     1    0.004657    0.069148    0.568650    6.003414 ^ hold119/X (sky130_fd_sc_hd__dlygate4sd3_1)
                                                         net290 (net)
                      0.069148    0.000040    6.003455 ^ _512_/B1 (sky130_fd_sc_hd__o22ai_2)
     1    0.002174    0.059351    0.067421    6.070876 v _512_/Y (sky130_fd_sc_hd__o22ai_2)
                                                         _242_ (net)
                      0.059351    0.000012    6.070888 v hold120/A (sky130_fd_sc_hd__dlygate4sd3_1)
     5    0.015931    0.113209    0.627921    6.698809 v hold120/X (sky130_fd_sc_hd__dlygate4sd3_1)
                                                         net291 (net)
                      0.113209    0.000118    6.698926 v _515_/B (sky130_fd_sc_hd__nor3_1)
     2    0.007440    0.263508    0.278346    6.977273 ^ _515_/Y (sky130_fd_sc_hd__nor3_1)
                                                         _245_ (net)
                      0.263508    0.000111    6.977384 ^ _519_/B1 (sky130_fd_sc_hd__a21o_1)
     1    0.002610    0.038339    0.116177    7.093561 ^ _519_/X (sky130_fd_sc_hd__a21o_1)
                                                         _009_ (net)
                      0.038339    0.000020    7.093580 ^ hold129/A (sky130_fd_sc_hd__dlygate4sd3_1)
     1    0.002400    0.049541    0.528924    7.622504 ^ hold129/X (sky130_fd_sc_hd__dlygate4sd3_1)
                                                         net300 (net)
                      0.049541    0.000023    7.622527 ^ _578_/D (sky130_fd_sc_hd__dfrtp_1)
                                              7.622527   data arrival time

                                 25.000000   25.000000   clock clk_i (rise edge)
                                  0.000000   25.000000   clock source latency
     2    0.071891    0.327468    0.237902   25.237902 ^ clk_i (in)
                                                         clk_i (net)
                      0.329570    0.000000   25.237902 ^ clkbuf_0_clk_i/A (sky130_fd_sc_hd__clkbuf_16)
     2    0.018366    0.045915    0.208679   25.446581 ^ clkbuf_0_clk_i/X (sky130_fd_sc_hd__clkbuf_16)
                                                         clknet_0_clk_i (net)
                      0.045915    0.000139   25.446720 ^ clkbuf_1_0__f_clk_i/A (sky130_fd_sc_hd__clkbuf_16)
     3    0.007966    0.031577    0.114250   25.560968 ^ clkbuf_1_0__f_clk_i/X (sky130_fd_sc_hd__clkbuf_16)
                                                         clknet_1_0__leaf_clk_i (net)
                      0.031577    0.000082   25.561050 ^ _498_/A (sky130_fd_sc_hd__and2_2)
     3    0.049082    0.252905    0.282418   25.843468 ^ _498_/X (sky130_fd_sc_hd__and2_2)
                                                         u_ibex.clk (net)
                      0.253412    0.009246   25.852715 ^ clkbuf_0_u_ibex.clk/A (sky130_fd_sc_hd__clkbuf_16)
     9    0.077738    0.096883    0.236470   26.089186 ^ clkbuf_0_u_ibex.clk/X (sky130_fd_sc_hd__clkbuf_16)
                                                         clknet_0_u_ibex.clk (net)
                      0.097357    0.005382   26.094566 ^ clkbuf_2_2__f_u_ibex.clk/A (sky130_fd_sc_hd__clkbuf_16)
    31    0.099917    0.117594    0.198355   26.292923 ^ clkbuf_2_2__f_u_ibex.clk/X (sky130_fd_sc_hd__clkbuf_16)
                                                         clknet_2_2__leaf_u_ibex.clk (net)
                      0.118611    0.008837   26.301760 ^ _578_/CLK (sky130_fd_sc_hd__dfrtp_1)
                                 -0.250000   26.051760   clock uncertainty
                                  0.000000   26.051760   clock reconvergence pessimism
                                 -0.049804   26.001957   library setup time
                                             26.001957   data required time
---------------------------------------------------------------------------------------------
                                             26.001957   data required time
                                             -7.622527   data arrival time
---------------------------------------------------------------------------------------------
                                             18.379431   slack (MET)


Startpoint: _611_ (rising edge-triggered flip-flop clocked by clk_i)
Endpoint: core_sleep_o (output port clocked by clk_i)
Path Group: clk_i
Path Type: max

Fanout         Cap        Slew       Delay        Time   Description
---------------------------------------------------------------------------------------------
                                  0.000000    0.000000   clock clk_i (rise edge)
                                  0.000000    0.000000   clock source latency
     2    0.071891    0.327468    0.237902    0.237902 ^ clk_i (in)
                                                         clk_i (net)
                      0.329570    0.000000    0.237902 ^ clkbuf_0_clk_i/A (sky130_fd_sc_hd__clkbuf_16)
     2    0.018366    0.045915    0.208680    0.446582 ^ clkbuf_0_clk_i/X (sky130_fd_sc_hd__clkbuf_16)
                                                         clknet_0_clk_i (net)
                      0.045915    0.000184    0.446766 ^ clkbuf_1_1__f_clk_i/A (sky130_fd_sc_hd__clkbuf_16)
     2    0.006278    0.029915    0.112390    0.559156 ^ clkbuf_1_1__f_clk_i/X (sky130_fd_sc_hd__clkbuf_16)
                                                         clknet_1_1__leaf_clk_i (net)
                      0.029915    0.000089    0.559245 ^ _611_/CLK (sky130_fd_sc_hd__dfrtp_1)
     2    0.012261    0.080547    0.395288    0.954533 v _611_/Q (sky130_fd_sc_hd__dfrtp_1)
                                                         u_ibex.clock_en (net)
                      0.080547    0.000168    0.954701 v _255_/A (sky130_fd_sc_hd__clkinv_4)
     3    0.068456    0.135761    0.129956    1.084657 ^ _255_/Y (sky130_fd_sc_hd__clkinv_4)
                                                         net17 (net)
                      0.140618    0.020146    1.104803 ^ output17/A (sky130_fd_sc_hd__buf_2)
     1    0.034793    0.173029    0.233418    1.338221 ^ output17/X (sky130_fd_sc_hd__buf_2)
                                                         core_sleep_o (net)
                      0.173029    0.000470    1.338691 ^ core_sleep_o (out)
                                              1.338691   data arrival time

                                 25.000000   25.000000   clock clk_i (rise edge)
                                  0.000000   25.000000   clock network delay (propagated)
                                 -0.250000   24.750000   clock uncertainty
                                  0.000000   24.750000   clock reconvergence pessimism
                                 -5.000000   19.750000   output external delay
                                             19.750000   data required time
---------------------------------------------------------------------------------------------
                                             19.750000   data required time
                                             -1.338691   data arrival time
---------------------------------------------------------------------------------------------
                                             18.411308   slack (MET)


Startpoint: rst_ni (input port clocked by clk_i)
Endpoint: _556_ (recovery check against rising-edge clock clk_i)
Path Group: asynchronous
Path Type: max

Fanout         Cap        Slew       Delay        Time   Description
---------------------------------------------------------------------------------------------
                                  0.000000    0.000000   clock clk_i (rise edge)
                                  0.000000    0.000000   clock network delay (propagated)
                                  5.000000    5.000000 ^ input external delay
     2    0.009382    0.048660    0.032007    5.032007 ^ rst_ni (in)
                                                         rst_ni (net)
                      0.048660    0.000000    5.032007 ^ input1/A (sky130_fd_sc_hd__buf_8)
     5    0.128799    0.207057    0.190278    5.222286 ^ input1/X (sky130_fd_sc_hd__buf_8)
                                                         net1 (net)
                      0.226426    0.047790    5.270076 ^ fanout99/A (sky130_fd_sc_hd__clkbuf_2)
     7    0.031689    0.176244    0.252490    5.522566 ^ fanout99/X (sky130_fd_sc_hd__clkbuf_2)
                                                         net99 (net)
                      0.176244    0.000179    5.522744 ^ fanout98/A (sky130_fd_sc_hd__buf_1)
     4    0.019096    0.228780    0.239214    5.761958 ^ fanout98/X (sky130_fd_sc_hd__buf_1)
                                                         net98 (net)
                      0.228780    0.000128    5.762086 ^ fanout97/A (sky130_fd_sc_hd__buf_2)
     6    0.033647    0.167826    0.253482    6.015568 ^ fanout97/X (sky130_fd_sc_hd__buf_2)
                                                         net97 (net)
                      0.167826    0.000551    6.016119 ^ fanout96/A (sky130_fd_sc_hd__clkbuf_2)
     6    0.029549    0.164780    0.229835    6.245955 ^ fanout96/X (sky130_fd_sc_hd__clkbuf_2)
                                                         net96 (net)
                      0.164781    0.000774    6.246729 ^ _556_/RESET_B (sky130_fd_sc_hd__dfrtp_2)
                                              6.246729   data arrival time

                                 25.000000   25.000000   clock clk_i (rise edge)
                                  0.000000   25.000000   clock source latency
     2    0.071891    0.327468    0.237902   25.237902 ^ clk_i (in)
                                                         clk_i (net)
                      0.329570    0.000000   25.237902 ^ clkbuf_0_clk_i/A (sky130_fd_sc_hd__clkbuf_16)
     2    0.018366    0.045915    0.208679   25.446581 ^ clkbuf_0_clk_i/X (sky130_fd_sc_hd__clkbuf_16)
                                                         clknet_0_clk_i (net)
                      0.045915    0.000139   25.446720 ^ clkbuf_1_0__f_clk_i/A (sky130_fd_sc_hd__clkbuf_16)
     3    0.007966    0.031577    0.114250   25.560968 ^ clkbuf_1_0__f_clk_i/X (sky130_fd_sc_hd__clkbuf_16)
                                                         clknet_1_0__leaf_clk_i (net)
                      0.031577    0.000083   25.561052 ^ _556_/CLK (sky130_fd_sc_hd__dfrtp_2)
                                 -0.250000   25.311054   clock uncertainty
                                  0.000000   25.311054   clock reconvergence pessimism
                                  0.179240   25.490294   library recovery time
                                             25.490294   data required time
---------------------------------------------------------------------------------------------
                                             25.490294   data required time
                                             -6.246729   data arrival time
---------------------------------------------------------------------------------------------
                                             19.243565   slack (MET)


Startpoint: _573_ (rising edge-triggered flip-flop clocked by clk_i)
Endpoint: _564_ (rising edge-triggered flip-flop clocked by clk_i)
Path Group: clk_i
Path Type: max

Fanout         Cap        Slew       Delay        Time   Description
---------------------------------------------------------------------------------------------
                                  0.000000    0.000000   clock clk_i (rise edge)
                                  0.000000    0.000000   clock source latency
     2    0.071891    0.327468    0.237902    0.237902 ^ clk_i (in)
                                                         clk_i (net)
                      0.329570    0.000000    0.237902 ^ clkbuf_0_clk_i/A (sky130_fd_sc_hd__clkbuf_16)
     2    0.018366    0.045915    0.208680    0.446582 ^ clkbuf_0_clk_i/X (sky130_fd_sc_hd__clkbuf_16)
                                                         clknet_0_clk_i (net)
                      0.045915    0.000137    0.446719 ^ clkbuf_1_0__f_clk_i/A (sky130_fd_sc_hd__clkbuf_16)
     3    0.007966    0.031577    0.114250    0.560970 ^ clkbuf_1_0__f_clk_i/X (sky130_fd_sc_hd__clkbuf_16)
                                                         clknet_1_0__leaf_clk_i (net)
                      0.031577    0.000082    0.561052 ^ _498_/A (sky130_fd_sc_hd__and2_2)
     3    0.049082    0.253215    0.282417    0.843469 ^ _498_/X (sky130_fd_sc_hd__and2_2)
                                                         u_ibex.clk (net)
                      0.253722    0.009246    0.852715 ^ clkbuf_0_u_ibex.clk/A (sky130_fd_sc_hd__clkbuf_16)
     9    0.077738    0.096888    0.236566    1.089280 ^ clkbuf_0_u_ibex.clk/X (sky130_fd_sc_hd__clkbuf_16)
                                                         clknet_0_u_ibex.clk (net)
                      0.097361    0.005383    1.094663 ^ clkbuf_2_2__f_u_ibex.clk/A (sky130_fd_sc_hd__clkbuf_16)
    31    0.099917    0.117593    0.198356    1.293019 ^ clkbuf_2_2__f_u_ibex.clk/X (sky130_fd_sc_hd__clkbuf_16)
                                                         clknet_2_2__leaf_u_ibex.clk (net)
                      0.119607    0.012224    1.305243 ^ _573_/CLK (sky130_fd_sc_hd__dfrtp_1)
     1    0.001925    0.034992    0.373367    1.678610 v _573_/Q (sky130_fd_sc_hd__dfrtp_1)
                                                         u_ibex.u_ibex_core.id_stage_i.controller_i.ctrl_fsm_cs[2] (net)
                      0.034992    0.000017    1.678627 v hold346/A (sky130_fd_sc_hd__dlygate4sd3_1)
     1    0.001876    0.048472    0.535894    2.214521 v hold346/X (sky130_fd_sc_hd__dlygate4sd3_1)
                                                         net517 (net)
                      0.048472    0.000016    2.214537 v hold322/A (sky130_fd_sc_hd__dlygate4sd3_1)
     1    0.002153    0.049699    0.543661    2.758198 v hold322/X (sky130_fd_sc_hd__dlygate4sd3_1)
                                                         net493 (net)
                      0.049699    0.000021    2.758219 v hold87/A (sky130_fd_sc_hd__dlygate4sd3_1)
     1    0.001927    0.048615    0.542078    3.300297 v hold87/X (sky130_fd_sc_hd__dlygate4sd3_1)
                                                         net258 (net)
                      0.048615    0.000017    3.300313 v hold323/A (sky130_fd_sc_hd__dlygate4sd3_1)
     6    0.017268    0.119403    0.629624    3.929937 v hold323/X (sky130_fd_sc_hd__dlygate4sd3_1)
                                                         net494 (net)
                      0.119403    0.000216    3.930153 v _434_/B (sky130_fd_sc_hd__nor2_1)
     4    0.014831    0.274842    0.257798    4.187951 ^ _434_/Y (sky130_fd_sc_hd__nor2_1)
                                                         _185_ (net)
                      0.274842    0.000256    4.188207 ^ hold324/A (sky130_fd_sc_hd__dlygate4sd3_1)
     1    0.004289    0.065938    0.602197    4.790405 ^ hold324/X (sky130_fd_sc_hd__dlygate4sd3_1)
                                                         net495 (net)
                      0.065938    0.000059    4.790464 ^ _499_/A2 (sky130_fd_sc_hd__a21o_1)
     1    0.003564    0.044638    0.114384    4.904848 ^ _499_/X (sky130_fd_sc_hd__a21o_1)
                                                         _000_ (net)
                      0.044638    0.000055    4.904903 ^ hold325/A (sky130_fd_sc_hd__dlygate4sd3_1)
     1    0.002129    0.047576    0.528418    5.433321 ^ hold325/X (sky130_fd_sc_hd__dlygate4sd3_1)
                                                         net496 (net)
                      0.047576    0.000019    5.433340 ^ hold61/A (sky130_fd_sc_hd__dlygate4sd3_1)
     1    0.003014    0.054785    0.537721    5.971061 ^ hold61/X (sky130_fd_sc_hd__dlygate4sd3_1)
                                                         net232 (net)
                      0.054785    0.000038    5.971098 ^ hold326/A (sky130_fd_sc_hd__dlygate4sd3_1)
     1    0.003845    0.062354    0.547054    6.518152 ^ hold326/X (sky130_fd_sc_hd__dlygate4sd3_1)
                                                         net497 (net)
                      0.062354    0.000052    6.518204 ^ _564_/D (sky130_fd_sc_hd__dfrtp_1)
                                              6.518204   data arrival time

                                 25.000000   25.000000   clock clk_i (rise edge)
                                  0.000000   25.000000   clock source latency
     2    0.071891    0.327468    0.237902   25.237902 ^ clk_i (in)
                                                         clk_i (net)
                      0.329570    0.000000   25.237902 ^ clkbuf_0_clk_i/A (sky130_fd_sc_hd__clkbuf_16)
     2    0.018366    0.045915    0.208679   25.446581 ^ clkbuf_0_clk_i/X (sky130_fd_sc_hd__clkbuf_16)
                                                         clknet_0_clk_i (net)
                      0.045915    0.000139   25.446720 ^ clkbuf_1_0__f_clk_i/A (sky130_fd_sc_hd__clkbuf_16)
     3    0.007966    0.031577    0.114250   25.560968 ^ clkbuf_1_0__f_clk_i/X (sky130_fd_sc_hd__clkbuf_16)
                                                         clknet_1_0__leaf_clk_i (net)
                      0.031577    0.000082   25.561050 ^ _498_/A (sky130_fd_sc_hd__and2_2)
     3    0.049082    0.252905    0.282418   25.843468 ^ _498_/X (sky130_fd_sc_hd__and2_2)
                                                         u_ibex.clk (net)
                      0.253412    0.009246   25.852715 ^ clkbuf_0_u_ibex.clk/A (sky130_fd_sc_hd__clkbuf_16)
     9    0.077738    0.096883    0.236470   26.089186 ^ clkbuf_0_u_ibex.clk/X (sky130_fd_sc_hd__clkbuf_16)
                                                         clknet_0_u_ibex.clk (net)
                      0.097339    0.005283   26.094467 ^ clkbuf_2_3__f_u_ibex.clk/A (sky130_fd_sc_hd__clkbuf_16)
    23    0.077329    0.094713    0.186020   26.280487 ^ clkbuf_2_3__f_u_ibex.clk/X (sky130_fd_sc_hd__clkbuf_16)
                                                         clknet_2_3__leaf_u_ibex.clk (net)
                      0.095407    0.006423   26.286911 ^ _564_/CLK (sky130_fd_sc_hd__dfrtp_1)
                                 -0.250000   26.036913   clock uncertainty
                                  0.000095   26.037006   clock reconvergence pessimism
                                 -0.056217   25.980789   library setup time
                                             25.980789   data required time
---------------------------------------------------------------------------------------------
                                             25.980789   data required time
                                             -6.518204   data arrival time
---------------------------------------------------------------------------------------------
                                             19.462585   slack (MET)


Startpoint: rst_ni (input port clocked by clk_i)
Endpoint: _611_ (recovery check against rising-edge clock clk_i)
Path Group: asynchronous
Path Type: max

Fanout         Cap        Slew       Delay        Time   Description
---------------------------------------------------------------------------------------------
                                  0.000000    0.000000   clock clk_i (rise edge)
                                  0.000000    0.000000   clock network delay (propagated)
                                  5.000000    5.000000 ^ input external delay
     2    0.009382    0.048660    0.032007    5.032007 ^ rst_ni (in)
                                                         rst_ni (net)
                      0.048660    0.000000    5.032007 ^ input1/A (sky130_fd_sc_hd__buf_8)
     5    0.128799    0.207057    0.190278    5.222286 ^ input1/X (sky130_fd_sc_hd__buf_8)
                                                         net1 (net)
                      0.226426    0.047790    5.270076 ^ fanout99/A (sky130_fd_sc_hd__clkbuf_2)
     7    0.031689    0.176244    0.252490    5.522566 ^ fanout99/X (sky130_fd_sc_hd__clkbuf_2)
                                                         net99 (net)
                      0.176244    0.000179    5.522744 ^ fanout98/A (sky130_fd_sc_hd__buf_1)
     4    0.019096    0.228780    0.239214    5.761958 ^ fanout98/X (sky130_fd_sc_hd__buf_1)
                                                         net98 (net)
                      0.228780    0.000128    5.762086 ^ fanout97/A (sky130_fd_sc_hd__buf_2)
     6    0.033647    0.167826    0.253482    6.015568 ^ fanout97/X (sky130_fd_sc_hd__buf_2)
                                                         net97 (net)
                      0.167827    0.000690    6.016258 ^ _611_/RESET_B (sky130_fd_sc_hd__dfrtp_1)
                                              6.016258   data arrival time

                                 25.000000   25.000000   clock clk_i (rise edge)
                                  0.000000   25.000000   clock source latency
     2    0.071891    0.327468    0.237902   25.237902 ^ clk_i (in)
                                                         clk_i (net)
                      0.329570    0.000000   25.237902 ^ clkbuf_0_clk_i/A (sky130_fd_sc_hd__clkbuf_16)
     2    0.018366    0.045915    0.208679   25.446581 ^ clkbuf_0_clk_i/X (sky130_fd_sc_hd__clkbuf_16)
                                                         clknet_0_clk_i (net)
                      0.045915    0.000185   25.446766 ^ clkbuf_1_1__f_clk_i/A (sky130_fd_sc_hd__clkbuf_16)
     2    0.006278    0.029915    0.112390   25.559156 ^ clkbuf_1_1__f_clk_i/X (sky130_fd_sc_hd__clkbuf_16)
                                                         clknet_1_1__leaf_clk_i (net)
                      0.029915    0.000089   25.559244 ^ _611_/CLK (sky130_fd_sc_hd__dfrtp_1)
                                 -0.250000   25.309246   clock uncertainty
                                  0.000000   25.309246   clock reconvergence pessimism
                                  0.193833   25.503078   library recovery time
                                             25.503078   data required time
---------------------------------------------------------------------------------------------
                                             25.503078   data required time
                                             -6.016258   data arrival time
---------------------------------------------------------------------------------------------
                                             19.486820   slack (MET)


Startpoint: tl_i[65] (input port clocked by clk_i)
Endpoint: _577_ (rising edge-triggered flip-flop clocked by clk_i)
Path Group: clk_i
Path Type: max

Fanout         Cap        Slew       Delay        Time   Description
---------------------------------------------------------------------------------------------
                                  0.000000    0.000000   clock clk_i (rise edge)
                                  0.000000    0.000000   clock network delay (propagated)
                                  5.000000    5.000000 ^ input external delay
     2    0.006002    0.033685    0.021064    5.021065 ^ tl_i[65] (in)
                                                         tl_i[65] (net)
                      0.033685    0.000000    5.021065 ^ input15/A (sky130_fd_sc_hd__clkbuf_8)
    13    0.121089    0.212143    0.232168    5.253232 ^ input15/X (sky130_fd_sc_hd__clkbuf_8)
                                                         net15 (net)
                      0.223312    0.037526    5.290758 ^ _513_/C_N (sky130_fd_sc_hd__or3b_1)
     2    0.006516    0.086494    0.398842    5.689600 v _513_/X (sky130_fd_sc_hd__or3b_1)
                                                         _243_ (net)
                      0.086494    0.000056    5.689656 v _518_/B1 (sky130_fd_sc_hd__o21ai_1)
     1    0.002200    0.089856    0.080953    5.770609 ^ _518_/Y (sky130_fd_sc_hd__o21ai_1)
                                                         _008_ (net)
                      0.089856    0.000020    5.770628 ^ hold109/A (sky130_fd_sc_hd__dlygate4sd3_1)
     1    0.002558    0.050880    0.545814    6.316442 ^ hold109/X (sky130_fd_sc_hd__dlygate4sd3_1)
                                                         net280 (net)
                      0.050880    0.000024    6.316466 ^ _577_/D (sky130_fd_sc_hd__dfrtp_2)
                                              6.316466   data arrival time

                                 25.000000   25.000000   clock clk_i (rise edge)
                                  0.000000   25.000000   clock source latency
     2    0.071891    0.327468    0.237902   25.237902 ^ clk_i (in)
                                                         clk_i (net)
                      0.329570    0.000000   25.237902 ^ clkbuf_0_clk_i/A (sky130_fd_sc_hd__clkbuf_16)
     2    0.018366    0.045915    0.208679   25.446581 ^ clkbuf_0_clk_i/X (sky130_fd_sc_hd__clkbuf_16)
                                                         clknet_0_clk_i (net)
                      0.045915    0.000139   25.446720 ^ clkbuf_1_0__f_clk_i/A (sky130_fd_sc_hd__clkbuf_16)
     3    0.007966    0.031577    0.114250   25.560968 ^ clkbuf_1_0__f_clk_i/X (sky130_fd_sc_hd__clkbuf_16)
                                                         clknet_1_0__leaf_clk_i (net)
                      0.031577    0.000082   25.561050 ^ _498_/A (sky130_fd_sc_hd__and2_2)
     3    0.049082    0.252905    0.282418   25.843468 ^ _498_/X (sky130_fd_sc_hd__and2_2)
                                                         u_ibex.clk (net)
                      0.253412    0.009246   25.852715 ^ clkbuf_0_u_ibex.clk/A (sky130_fd_sc_hd__clkbuf_16)
     9    0.077738    0.096883    0.236470   26.089186 ^ clkbuf_0_u_ibex.clk/X (sky130_fd_sc_hd__clkbuf_16)
                                                         clknet_0_u_ibex.clk (net)
                      0.097339    0.005283   26.094467 ^ clkbuf_2_3__f_u_ibex.clk/A (sky130_fd_sc_hd__clkbuf_16)
    23    0.077329    0.094713    0.186020   26.280487 ^ clkbuf_2_3__f_u_ibex.clk/X (sky130_fd_sc_hd__clkbuf_16)
                                                         clknet_2_3__leaf_u_ibex.clk (net)
                      0.095155    0.005159   26.285646 ^ _577_/CLK (sky130_fd_sc_hd__dfrtp_2)
                                 -0.250000   26.035646   clock uncertainty
                                  0.000000   26.035646   clock reconvergence pessimism
                                 -0.057207   25.978439   library setup time
                                             25.978439   data required time
---------------------------------------------------------------------------------------------
                                             25.978439   data required time
                                             -6.316466   data arrival time
---------------------------------------------------------------------------------------------
                                             19.661974   slack (MET)


Startpoint: rst_ni (input port clocked by clk_i)
Endpoint: _560_ (recovery check against rising-edge clock clk_i)
Path Group: asynchronous
Path Type: max

Fanout         Cap        Slew       Delay        Time   Description
---------------------------------------------------------------------------------------------
                                  0.000000    0.000000   clock clk_i (rise edge)
                                  0.000000    0.000000   clock network delay (propagated)
                                  5.000000    5.000000 ^ input external delay
     2    0.009382    0.048660    0.032007    5.032007 ^ rst_ni (in)
                                                         rst_ni (net)
                      0.048660    0.000000    5.032007 ^ input1/A (sky130_fd_sc_hd__buf_8)
     5    0.128799    0.207057    0.190278    5.222286 ^ input1/X (sky130_fd_sc_hd__buf_8)
                                                         net1 (net)
                      0.226426    0.047790    5.270076 ^ fanout99/A (sky130_fd_sc_hd__clkbuf_2)
     7    0.031689    0.176244    0.252490    5.522566 ^ fanout99/X (sky130_fd_sc_hd__clkbuf_2)
                                                         net99 (net)
                      0.176244    0.000179    5.522744 ^ fanout98/A (sky130_fd_sc_hd__buf_1)
     4    0.019096    0.228780    0.239214    5.761958 ^ fanout98/X (sky130_fd_sc_hd__buf_1)
                                                         net98 (net)
                      0.228780    0.000128    5.762086 ^ fanout97/A (sky130_fd_sc_hd__buf_2)
     6    0.033647    0.167826    0.253482    6.015568 ^ fanout97/X (sky130_fd_sc_hd__buf_2)
                                                         net97 (net)
                      0.167826    0.000551    6.016119 ^ fanout96/A (sky130_fd_sc_hd__clkbuf_2)
     6    0.029549    0.164780    0.229835    6.245955 ^ fanout96/X (sky130_fd_sc_hd__clkbuf_2)
                                                         net96 (net)
                      0.164783    0.000975    6.246929 ^ _560_/RESET_B (sky130_fd_sc_hd__dfrtp_1)
                                              6.246929   data arrival time

                                 25.000000   25.000000   clock clk_i (rise edge)
                                  0.000000   25.000000   clock source latency
     2    0.071891    0.327468    0.237902   25.237902 ^ clk_i (in)
                                                         clk_i (net)
                      0.329570    0.000000   25.237902 ^ clkbuf_0_clk_i/A (sky130_fd_sc_hd__clkbuf_16)
     2    0.018366    0.045915    0.208679   25.446581 ^ clkbuf_0_clk_i/X (sky130_fd_sc_hd__clkbuf_16)
                                                         clknet_0_clk_i (net)
                      0.045915    0.000139   25.446720 ^ clkbuf_1_0__f_clk_i/A (sky130_fd_sc_hd__clkbuf_16)
     3    0.007966    0.031577    0.114250   25.560968 ^ clkbuf_1_0__f_clk_i/X (sky130_fd_sc_hd__clkbuf_16)
                                                         clknet_1_0__leaf_clk_i (net)
                      0.031577    0.000082   25.561050 ^ _498_/A (sky130_fd_sc_hd__and2_2)
     3    0.049082    0.252905    0.282418   25.843468 ^ _498_/X (sky130_fd_sc_hd__and2_2)
                                                         u_ibex.clk (net)
                      0.253412    0.009246   25.852715 ^ clkbuf_0_u_ibex.clk/A (sky130_fd_sc_hd__clkbuf_16)
     9    0.077738    0.096883    0.236470   26.089186 ^ clkbuf_0_u_ibex.clk/X (sky130_fd_sc_hd__clkbuf_16)
                                                         clknet_0_u_ibex.clk (net)
                      0.097357    0.005382   26.094566 ^ clkbuf_2_2__f_u_ibex.clk/A (sky130_fd_sc_hd__clkbuf_16)
    31    0.099917    0.117594    0.198355   26.292923 ^ clkbuf_2_2__f_u_ibex.clk/X (sky130_fd_sc_hd__clkbuf_16)
                                                         clknet_2_2__leaf_u_ibex.clk (net)
                      0.120332    0.014190   26.307112 ^ _560_/CLK (sky130_fd_sc_hd__dfrtp_1)
                                 -0.250000   26.057114   clock uncertainty
                                  0.000000   26.057114   clock reconvergence pessimism
                                  0.222784   26.279896   library recovery time
                                             26.279896   data required time
---------------------------------------------------------------------------------------------
                                             26.279896   data required time
                                             -6.246929   data arrival time
---------------------------------------------------------------------------------------------
                                             20.032969   slack (MET)


Startpoint: rst_ni (input port clocked by clk_i)
Endpoint: _559_ (recovery check against rising-edge clock clk_i)
Path Group: asynchronous
Path Type: max

Fanout         Cap        Slew       Delay        Time   Description
---------------------------------------------------------------------------------------------
                                  0.000000    0.000000   clock clk_i (rise edge)
                                  0.000000    0.000000   clock network delay (propagated)
                                  5.000000    5.000000 ^ input external delay
     2    0.009382    0.048660    0.032007    5.032007 ^ rst_ni (in)
                                                         rst_ni (net)
                      0.048660    0.000000    5.032007 ^ input1/A (sky130_fd_sc_hd__buf_8)
     5    0.128799    0.207057    0.190278    5.222286 ^ input1/X (sky130_fd_sc_hd__buf_8)
                                                         net1 (net)
                      0.226426    0.047790    5.270076 ^ fanout99/A (sky130_fd_sc_hd__clkbuf_2)
     7    0.031689    0.176244    0.252490    5.522566 ^ fanout99/X (sky130_fd_sc_hd__clkbuf_2)
                                                         net99 (net)
                      0.176244    0.000179    5.522744 ^ fanout98/A (sky130_fd_sc_hd__buf_1)
     4    0.019096    0.228780    0.239214    5.761958 ^ fanout98/X (sky130_fd_sc_hd__buf_1)
                                                         net98 (net)
                      0.228780    0.000128    5.762086 ^ fanout97/A (sky130_fd_sc_hd__buf_2)
     6    0.033647    0.167826    0.253482    6.015568 ^ fanout97/X (sky130_fd_sc_hd__buf_2)
                                                         net97 (net)
                      0.167826    0.000551    6.016119 ^ fanout96/A (sky130_fd_sc_hd__clkbuf_2)
     6    0.029549    0.164780    0.229835    6.245955 ^ fanout96/X (sky130_fd_sc_hd__clkbuf_2)
                                                         net96 (net)
                      0.164782    0.000948    6.246903 ^ _559_/RESET_B (sky130_fd_sc_hd__dfrtp_1)
                                              6.246903   data arrival time

                                 25.000000   25.000000   clock clk_i (rise edge)
                                  0.000000   25.000000   clock source latency
     2    0.071891    0.327468    0.237902   25.237902 ^ clk_i (in)
                                                         clk_i (net)
                      0.329570    0.000000   25.237902 ^ clkbuf_0_clk_i/A (sky130_fd_sc_hd__clkbuf_16)
     2    0.018366    0.045915    0.208679   25.446581 ^ clkbuf_0_clk_i/X (sky130_fd_sc_hd__clkbuf_16)
                                                         clknet_0_clk_i (net)
                      0.045915    0.000139   25.446720 ^ clkbuf_1_0__f_clk_i/A (sky130_fd_sc_hd__clkbuf_16)
     3    0.007966    0.031577    0.114250   25.560968 ^ clkbuf_1_0__f_clk_i/X (sky130_fd_sc_hd__clkbuf_16)
                                                         clknet_1_0__leaf_clk_i (net)
                      0.031577    0.000082   25.561050 ^ _498_/A (sky130_fd_sc_hd__and2_2)
     3    0.049082    0.252905    0.282418   25.843468 ^ _498_/X (sky130_fd_sc_hd__and2_2)
                                                         u_ibex.clk (net)
                      0.253412    0.009246   25.852715 ^ clkbuf_0_u_ibex.clk/A (sky130_fd_sc_hd__clkbuf_16)
     9    0.077738    0.096883    0.236470   26.089186 ^ clkbuf_0_u_ibex.clk/X (sky130_fd_sc_hd__clkbuf_16)
                                                         clknet_0_u_ibex.clk (net)
                      0.097357    0.005382   26.094566 ^ clkbuf_2_2__f_u_ibex.clk/A (sky130_fd_sc_hd__clkbuf_16)
    31    0.099917    0.117594    0.198355   26.292923 ^ clkbuf_2_2__f_u_ibex.clk/X (sky130_fd_sc_hd__clkbuf_16)
                                                         clknet_2_2__leaf_u_ibex.clk (net)
                      0.120366    0.014273   26.307196 ^ _559_/CLK (sky130_fd_sc_hd__dfrtp_1)
                                 -0.250000   26.057196   clock uncertainty
                                  0.000000   26.057196   clock reconvergence pessimism
                                  0.222794   26.279991   library recovery time
                                             26.279991   data required time
---------------------------------------------------------------------------------------------
                                             26.279991   data required time
                                             -6.246903   data arrival time
---------------------------------------------------------------------------------------------
                                             20.033089   slack (MET)


Startpoint: rst_ni (input port clocked by clk_i)
Endpoint: _558_ (recovery check against rising-edge clock clk_i)
Path Group: asynchronous
Path Type: max

Fanout         Cap        Slew       Delay        Time   Description
---------------------------------------------------------------------------------------------
                                  0.000000    0.000000   clock clk_i (rise edge)
                                  0.000000    0.000000   clock network delay (propagated)
                                  5.000000    5.000000 ^ input external delay
     2    0.009382    0.048660    0.032007    5.032007 ^ rst_ni (in)
                                                         rst_ni (net)
                      0.048660    0.000000    5.032007 ^ input1/A (sky130_fd_sc_hd__buf_8)
     5    0.128799    0.207057    0.190278    5.222286 ^ input1/X (sky130_fd_sc_hd__buf_8)
                                                         net1 (net)
                      0.226426    0.047790    5.270076 ^ fanout99/A (sky130_fd_sc_hd__clkbuf_2)
     7    0.031689    0.176244    0.252490    5.522566 ^ fanout99/X (sky130_fd_sc_hd__clkbuf_2)
                                                         net99 (net)
                      0.176244    0.000179    5.522744 ^ fanout98/A (sky130_fd_sc_hd__buf_1)
     4    0.019096    0.228780    0.239214    5.761958 ^ fanout98/X (sky130_fd_sc_hd__buf_1)
                                                         net98 (net)
                      0.228780    0.000128    5.762086 ^ fanout97/A (sky130_fd_sc_hd__buf_2)
     6    0.033647    0.167826    0.253482    6.015568 ^ fanout97/X (sky130_fd_sc_hd__buf_2)
                                                         net97 (net)
                      0.167826    0.000551    6.016119 ^ fanout96/A (sky130_fd_sc_hd__clkbuf_2)
     6    0.029549    0.164780    0.229835    6.245955 ^ fanout96/X (sky130_fd_sc_hd__clkbuf_2)
                                                         net96 (net)
                      0.164783    0.000971    6.246925 ^ _558_/RESET_B (sky130_fd_sc_hd__dfrtp_1)
                                              6.246925   data arrival time

                                 25.000000   25.000000   clock clk_i (rise edge)
                                  0.000000   25.000000   clock source latency
     2    0.071891    0.327468    0.237902   25.237902 ^ clk_i (in)
                                                         clk_i (net)
                      0.329570    0.000000   25.237902 ^ clkbuf_0_clk_i/A (sky130_fd_sc_hd__clkbuf_16)
     2    0.018366    0.045915    0.208679   25.446581 ^ clkbuf_0_clk_i/X (sky130_fd_sc_hd__clkbuf_16)
                                                         clknet_0_clk_i (net)
                      0.045915    0.000139   25.446720 ^ clkbuf_1_0__f_clk_i/A (sky130_fd_sc_hd__clkbuf_16)
     3    0.007966    0.031577    0.114250   25.560968 ^ clkbuf_1_0__f_clk_i/X (sky130_fd_sc_hd__clkbuf_16)
                                                         clknet_1_0__leaf_clk_i (net)
                      0.031577    0.000082   25.561050 ^ _498_/A (sky130_fd_sc_hd__and2_2)
     3    0.049082    0.252905    0.282418   25.843468 ^ _498_/X (sky130_fd_sc_hd__and2_2)
                                                         u_ibex.clk (net)
                      0.253412    0.009246   25.852715 ^ clkbuf_0_u_ibex.clk/A (sky130_fd_sc_hd__clkbuf_16)
     9    0.077738    0.096883    0.236470   26.089186 ^ clkbuf_0_u_ibex.clk/X (sky130_fd_sc_hd__clkbuf_16)
                                                         clknet_0_u_ibex.clk (net)
                      0.097357    0.005382   26.094566 ^ clkbuf_2_2__f_u_ibex.clk/A (sky130_fd_sc_hd__clkbuf_16)
    31    0.099917    0.117594    0.198355   26.292923 ^ clkbuf_2_2__f_u_ibex.clk/X (sky130_fd_sc_hd__clkbuf_16)
                                                         clknet_2_2__leaf_u_ibex.clk (net)
                      0.120435    0.014447   26.307369 ^ _558_/CLK (sky130_fd_sc_hd__dfrtp_1)
                                 -0.250000   26.057371   clock uncertainty
                                  0.000000   26.057371   clock reconvergence pessimism
                                  0.222816   26.280186   library recovery time
                                             26.280186   data required time
---------------------------------------------------------------------------------------------
                                             26.280186   data required time
                                             -6.246925   data arrival time
---------------------------------------------------------------------------------------------
                                             20.033260   slack (MET)


Startpoint: rst_ni (input port clocked by clk_i)
Endpoint: _557_ (recovery check against rising-edge clock clk_i)
Path Group: asynchronous
Path Type: max

Fanout         Cap        Slew       Delay        Time   Description
---------------------------------------------------------------------------------------------
                                  0.000000    0.000000   clock clk_i (rise edge)
                                  0.000000    0.000000   clock network delay (propagated)
                                  5.000000    5.000000 ^ input external delay
     2    0.009382    0.048660    0.032007    5.032007 ^ rst_ni (in)
                                                         rst_ni (net)
                      0.048660    0.000000    5.032007 ^ input1/A (sky130_fd_sc_hd__buf_8)
     5    0.128799    0.207057    0.190278    5.222286 ^ input1/X (sky130_fd_sc_hd__buf_8)
                                                         net1 (net)
                      0.226426    0.047790    5.270076 ^ fanout99/A (sky130_fd_sc_hd__clkbuf_2)
     7    0.031689    0.176244    0.252490    5.522566 ^ fanout99/X (sky130_fd_sc_hd__clkbuf_2)
                                                         net99 (net)
                      0.176244    0.000179    5.522744 ^ fanout98/A (sky130_fd_sc_hd__buf_1)
     4    0.019096    0.228780    0.239214    5.761958 ^ fanout98/X (sky130_fd_sc_hd__buf_1)
                                                         net98 (net)
                      0.228780    0.000128    5.762086 ^ fanout97/A (sky130_fd_sc_hd__buf_2)
     6    0.033647    0.167826    0.253482    6.015568 ^ fanout97/X (sky130_fd_sc_hd__buf_2)
                                                         net97 (net)
                      0.167826    0.000551    6.016119 ^ fanout96/A (sky130_fd_sc_hd__clkbuf_2)
     6    0.029549    0.164780    0.229835    6.245955 ^ fanout96/X (sky130_fd_sc_hd__clkbuf_2)
                                                         net96 (net)
                      0.164781    0.000851    6.246806 ^ _557_/RESET_B (sky130_fd_sc_hd__dfrtp_1)
                                              6.246806   data arrival time

                                 25.000000   25.000000   clock clk_i (rise edge)
                                  0.000000   25.000000   clock source latency
     2    0.071891    0.327468    0.237902   25.237902 ^ clk_i (in)
                                                         clk_i (net)
                      0.329570    0.000000   25.237902 ^ clkbuf_0_clk_i/A (sky130_fd_sc_hd__clkbuf_16)
     2    0.018366    0.045915    0.208679   25.446581 ^ clkbuf_0_clk_i/X (sky130_fd_sc_hd__clkbuf_16)
                                                         clknet_0_clk_i (net)
                      0.045915    0.000139   25.446720 ^ clkbuf_1_0__f_clk_i/A (sky130_fd_sc_hd__clkbuf_16)
     3    0.007966    0.031577    0.114250   25.560968 ^ clkbuf_1_0__f_clk_i/X (sky130_fd_sc_hd__clkbuf_16)
                                                         clknet_1_0__leaf_clk_i (net)
                      0.031577    0.000082   25.561050 ^ _498_/A (sky130_fd_sc_hd__and2_2)
     3    0.049082    0.252905    0.282418   25.843468 ^ _498_/X (sky130_fd_sc_hd__and2_2)
                                                         u_ibex.clk (net)
                      0.253412    0.009246   25.852715 ^ clkbuf_0_u_ibex.clk/A (sky130_fd_sc_hd__clkbuf_16)
     9    0.077738    0.096883    0.236470   26.089186 ^ clkbuf_0_u_ibex.clk/X (sky130_fd_sc_hd__clkbuf_16)
                                                         clknet_0_u_ibex.clk (net)
                      0.097357    0.005382   26.094566 ^ clkbuf_2_2__f_u_ibex.clk/A (sky130_fd_sc_hd__clkbuf_16)
    31    0.099917    0.117594    0.198355   26.292923 ^ clkbuf_2_2__f_u_ibex.clk/X (sky130_fd_sc_hd__clkbuf_16)
                                                         clknet_2_2__leaf_u_ibex.clk (net)
                      0.120503    0.014614   26.307537 ^ _557_/CLK (sky130_fd_sc_hd__dfrtp_1)
                                 -0.250000   26.057537   clock uncertainty
                                  0.000000   26.057537   clock reconvergence pessimism
                                  0.222837   26.280375   library recovery time
                                             26.280375   data required time
---------------------------------------------------------------------------------------------
                                             26.280375   data required time
                                             -6.246806   data arrival time
---------------------------------------------------------------------------------------------
                                             20.033567   slack (MET)


Startpoint: rst_ni (input port clocked by clk_i)
Endpoint: _562_ (recovery check against rising-edge clock clk_i)
Path Group: asynchronous
Path Type: max

Fanout         Cap        Slew       Delay        Time   Description
---------------------------------------------------------------------------------------------
                                  0.000000    0.000000   clock clk_i (rise edge)
                                  0.000000    0.000000   clock network delay (propagated)
                                  5.000000    5.000000 ^ input external delay
     2    0.009382    0.048660    0.032007    5.032007 ^ rst_ni (in)
                                                         rst_ni (net)
                      0.048660    0.000000    5.032007 ^ input1/A (sky130_fd_sc_hd__buf_8)
     5    0.128799    0.207057    0.190278    5.222286 ^ input1/X (sky130_fd_sc_hd__buf_8)
                                                         net1 (net)
                      0.226426    0.047790    5.270076 ^ fanout99/A (sky130_fd_sc_hd__clkbuf_2)
     7    0.031689    0.176244    0.252490    5.522566 ^ fanout99/X (sky130_fd_sc_hd__clkbuf_2)
                                                         net99 (net)
                      0.176244    0.000179    5.522744 ^ fanout98/A (sky130_fd_sc_hd__buf_1)
     4    0.019096    0.228780    0.239214    5.761958 ^ fanout98/X (sky130_fd_sc_hd__buf_1)
                                                         net98 (net)
                      0.228780    0.000128    5.762086 ^ fanout97/A (sky130_fd_sc_hd__buf_2)
     6    0.033647    0.167826    0.253482    6.015568 ^ fanout97/X (sky130_fd_sc_hd__buf_2)
                                                         net97 (net)
                      0.167826    0.000551    6.016119 ^ fanout96/A (sky130_fd_sc_hd__clkbuf_2)
     6    0.029549    0.164780    0.229835    6.245955 ^ fanout96/X (sky130_fd_sc_hd__clkbuf_2)
                                                         net96 (net)
                      0.164780    0.000312    6.246267 ^ _562_/RESET_B (sky130_fd_sc_hd__dfrtp_1)
                                              6.246267   data arrival time

                                 25.000000   25.000000   clock clk_i (rise edge)
                                  0.000000   25.000000   clock source latency
     2    0.071891    0.327468    0.237902   25.237902 ^ clk_i (in)
                                                         clk_i (net)
                      0.329570    0.000000   25.237902 ^ clkbuf_0_clk_i/A (sky130_fd_sc_hd__clkbuf_16)
     2    0.018366    0.045915    0.208679   25.446581 ^ clkbuf_0_clk_i/X (sky130_fd_sc_hd__clkbuf_16)
                                                         clknet_0_clk_i (net)
                      0.045915    0.000139   25.446720 ^ clkbuf_1_0__f_clk_i/A (sky130_fd_sc_hd__clkbuf_16)
     3    0.007966    0.031577    0.114250   25.560968 ^ clkbuf_1_0__f_clk_i/X (sky130_fd_sc_hd__clkbuf_16)
                                                         clknet_1_0__leaf_clk_i (net)
                      0.031577    0.000082   25.561050 ^ _498_/A (sky130_fd_sc_hd__and2_2)
     3    0.049082    0.252905    0.282418   25.843468 ^ _498_/X (sky130_fd_sc_hd__and2_2)
                                                         u_ibex.clk (net)
                      0.253412    0.009246   25.852715 ^ clkbuf_0_u_ibex.clk/A (sky130_fd_sc_hd__clkbuf_16)
     9    0.077738    0.096883    0.236470   26.089186 ^ clkbuf_0_u_ibex.clk/X (sky130_fd_sc_hd__clkbuf_16)
                                                         clknet_0_u_ibex.clk (net)
                      0.097357    0.005382   26.094566 ^ clkbuf_2_2__f_u_ibex.clk/A (sky130_fd_sc_hd__clkbuf_16)
    31    0.099917    0.117594    0.198355   26.292923 ^ clkbuf_2_2__f_u_ibex.clk/X (sky130_fd_sc_hd__clkbuf_16)
                                                         clknet_2_2__leaf_u_ibex.clk (net)
                      0.120624    0.014909   26.307831 ^ _562_/CLK (sky130_fd_sc_hd__dfrtp_1)
                                 -0.250000   26.057833   clock uncertainty
                                  0.000000   26.057833   clock reconvergence pessimism
                                  0.222875   26.280708   library recovery time
                                             26.280708   data required time
---------------------------------------------------------------------------------------------
                                             26.280708   data required time
                                             -6.246267   data arrival time
---------------------------------------------------------------------------------------------
                                             20.034443   slack (MET)


Startpoint: rst_ni (input port clocked by clk_i)
Endpoint: _570_ (recovery check against rising-edge clock clk_i)
Path Group: asynchronous
Path Type: max

Fanout         Cap        Slew       Delay        Time   Description
---------------------------------------------------------------------------------------------
                                  0.000000    0.000000   clock clk_i (rise edge)
                                  0.000000    0.000000   clock network delay (propagated)
                                  5.000000    5.000000 ^ input external delay
     2    0.009382    0.048660    0.032007    5.032007 ^ rst_ni (in)
                                                         rst_ni (net)
                      0.048660    0.000000    5.032007 ^ input1/A (sky130_fd_sc_hd__buf_8)
     5    0.128799    0.207057    0.190278    5.222286 ^ input1/X (sky130_fd_sc_hd__buf_8)
                                                         net1 (net)
                      0.226426    0.047790    5.270076 ^ fanout99/A (sky130_fd_sc_hd__clkbuf_2)
     7    0.031689    0.176244    0.252490    5.522566 ^ fanout99/X (sky130_fd_sc_hd__clkbuf_2)
                                                         net99 (net)
                      0.176244    0.000179    5.522744 ^ fanout98/A (sky130_fd_sc_hd__buf_1)
     4    0.019096    0.228780    0.239214    5.761958 ^ fanout98/X (sky130_fd_sc_hd__buf_1)
                                                         net98 (net)
                      0.228780    0.000128    5.762086 ^ fanout97/A (sky130_fd_sc_hd__buf_2)
     6    0.033647    0.167826    0.253482    6.015568 ^ fanout97/X (sky130_fd_sc_hd__buf_2)
                                                         net97 (net)
                      0.167826    0.000347    6.015915 ^ _570_/RESET_B (sky130_fd_sc_hd__dfrtp_1)
                                              6.015915   data arrival time

                                 25.000000   25.000000   clock clk_i (rise edge)
                                  0.000000   25.000000   clock source latency
     2    0.071891    0.327468    0.237902   25.237902 ^ clk_i (in)
                                                         clk_i (net)
                      0.329570    0.000000   25.237902 ^ clkbuf_0_clk_i/A (sky130_fd_sc_hd__clkbuf_16)
     2    0.018366    0.045915    0.208679   25.446581 ^ clkbuf_0_clk_i/X (sky130_fd_sc_hd__clkbuf_16)
                                                         clknet_0_clk_i (net)
                      0.045915    0.000139   25.446720 ^ clkbuf_1_0__f_clk_i/A (sky130_fd_sc_hd__clkbuf_16)
     3    0.007966    0.031577    0.114250   25.560968 ^ clkbuf_1_0__f_clk_i/X (sky130_fd_sc_hd__clkbuf_16)
                                                         clknet_1_0__leaf_clk_i (net)
                      0.031577    0.000082   25.561050 ^ _498_/A (sky130_fd_sc_hd__and2_2)
     3    0.049082    0.252905    0.282418   25.843468 ^ _498_/X (sky130_fd_sc_hd__and2_2)
                                                         u_ibex.clk (net)
                      0.253412    0.009246   25.852715 ^ clkbuf_0_u_ibex.clk/A (sky130_fd_sc_hd__clkbuf_16)
     9    0.077738    0.096883    0.236470   26.089186 ^ clkbuf_0_u_ibex.clk/X (sky130_fd_sc_hd__clkbuf_16)
                                                         clknet_0_u_ibex.clk (net)
                      0.097339    0.005283   26.094467 ^ clkbuf_2_3__f_u_ibex.clk/A (sky130_fd_sc_hd__clkbuf_16)
    23    0.077329    0.094713    0.186020   26.280487 ^ clkbuf_2_3__f_u_ibex.clk/X (sky130_fd_sc_hd__clkbuf_16)
                                                         clknet_2_3__leaf_u_ibex.clk (net)
                      0.095679    0.007566   26.288054 ^ _570_/CLK (sky130_fd_sc_hd__dfrtp_1)
                                 -0.250000   26.038054   clock uncertainty
                                  0.000000   26.038054   clock reconvergence pessimism
                                  0.214324   26.252378   library recovery time
                                             26.252378   data required time
---------------------------------------------------------------------------------------------
                                             26.252378   data required time
                                             -6.015915   data arrival time
---------------------------------------------------------------------------------------------
                                             20.236464   slack (MET)


Startpoint: rst_ni (input port clocked by clk_i)
Endpoint: _565_ (recovery check against rising-edge clock clk_i)
Path Group: asynchronous
Path Type: max

Fanout         Cap        Slew       Delay        Time   Description
---------------------------------------------------------------------------------------------
                                  0.000000    0.000000   clock clk_i (rise edge)
                                  0.000000    0.000000   clock network delay (propagated)
                                  5.000000    5.000000 ^ input external delay
     2    0.009382    0.048660    0.032007    5.032007 ^ rst_ni (in)
                                                         rst_ni (net)
                      0.048660    0.000000    5.032007 ^ input1/A (sky130_fd_sc_hd__buf_8)
     5    0.128799    0.207057    0.190278    5.222286 ^ input1/X (sky130_fd_sc_hd__buf_8)
                                                         net1 (net)
                      0.226426    0.047790    5.270076 ^ fanout99/A (sky130_fd_sc_hd__clkbuf_2)
     7    0.031689    0.176244    0.252490    5.522566 ^ fanout99/X (sky130_fd_sc_hd__clkbuf_2)
                                                         net99 (net)
                      0.176244    0.000179    5.522744 ^ fanout98/A (sky130_fd_sc_hd__buf_1)
     4    0.019096    0.228780    0.239214    5.761958 ^ fanout98/X (sky130_fd_sc_hd__buf_1)
                                                         net98 (net)
                      0.228780    0.000128    5.762086 ^ fanout97/A (sky130_fd_sc_hd__buf_2)
     6    0.033647    0.167826    0.253482    6.015568 ^ fanout97/X (sky130_fd_sc_hd__buf_2)
                                                         net97 (net)
                      0.167826    0.000281    6.015849 ^ _565_/RESET_B (sky130_fd_sc_hd__dfrtp_1)
                                              6.015849   data arrival time

                                 25.000000   25.000000   clock clk_i (rise edge)
                                  0.000000   25.000000   clock source latency
     2    0.071891    0.327468    0.237902   25.237902 ^ clk_i (in)
                                                         clk_i (net)
                      0.329570    0.000000   25.237902 ^ clkbuf_0_clk_i/A (sky130_fd_sc_hd__clkbuf_16)
     2    0.018366    0.045915    0.208679   25.446581 ^ clkbuf_0_clk_i/X (sky130_fd_sc_hd__clkbuf_16)
                                                         clknet_0_clk_i (net)
                      0.045915    0.000139   25.446720 ^ clkbuf_1_0__f_clk_i/A (sky130_fd_sc_hd__clkbuf_16)
     3    0.007966    0.031577    0.114250   25.560968 ^ clkbuf_1_0__f_clk_i/X (sky130_fd_sc_hd__clkbuf_16)
                                                         clknet_1_0__leaf_clk_i (net)
                      0.031577    0.000082   25.561050 ^ _498_/A (sky130_fd_sc_hd__and2_2)
     3    0.049082    0.252905    0.282418   25.843468 ^ _498_/X (sky130_fd_sc_hd__and2_2)
                                                         u_ibex.clk (net)
                      0.253412    0.009246   25.852715 ^ clkbuf_0_u_ibex.clk/A (sky130_fd_sc_hd__clkbuf_16)
     9    0.077738    0.096883    0.236470   26.089186 ^ clkbuf_0_u_ibex.clk/X (sky130_fd_sc_hd__clkbuf_16)
                                                         clknet_0_u_ibex.clk (net)
                      0.097339    0.005283   26.094467 ^ clkbuf_2_3__f_u_ibex.clk/A (sky130_fd_sc_hd__clkbuf_16)
    23    0.077329    0.094713    0.186020   26.280487 ^ clkbuf_2_3__f_u_ibex.clk/X (sky130_fd_sc_hd__clkbuf_16)
                                                         clknet_2_3__leaf_u_ibex.clk (net)
                      0.095742    0.007805   26.288294 ^ _565_/CLK (sky130_fd_sc_hd__dfrtp_1)
                                 -0.250000   26.038294   clock uncertainty
                                  0.000000   26.038294   clock reconvergence pessimism
                                  0.214343   26.252638   library recovery time
                                             26.252638   data required time
---------------------------------------------------------------------------------------------
                                             26.252638   data required time
                                             -6.015849   data arrival time
---------------------------------------------------------------------------------------------
                                             20.236790   slack (MET)


Startpoint: rst_ni (input port clocked by clk_i)
Endpoint: _561_ (recovery check against rising-edge clock clk_i)
Path Group: asynchronous
Path Type: max

Fanout         Cap        Slew       Delay        Time   Description
---------------------------------------------------------------------------------------------
                                  0.000000    0.000000   clock clk_i (rise edge)
                                  0.000000    0.000000   clock network delay (propagated)
                                  5.000000    5.000000 ^ input external delay
     2    0.009382    0.048660    0.032007    5.032007 ^ rst_ni (in)
                                                         rst_ni (net)
                      0.048660    0.000000    5.032007 ^ input1/A (sky130_fd_sc_hd__buf_8)
     5    0.128799    0.207057    0.190278    5.222286 ^ input1/X (sky130_fd_sc_hd__buf_8)
                                                         net1 (net)
                      0.226426    0.047790    5.270076 ^ fanout99/A (sky130_fd_sc_hd__clkbuf_2)
     7    0.031689    0.176244    0.252490    5.522566 ^ fanout99/X (sky130_fd_sc_hd__clkbuf_2)
                                                         net99 (net)
                      0.176244    0.000179    5.522744 ^ fanout98/A (sky130_fd_sc_hd__buf_1)
     4    0.019096    0.228780    0.239214    5.761958 ^ fanout98/X (sky130_fd_sc_hd__buf_1)
                                                         net98 (net)
                      0.228780    0.000128    5.762086 ^ fanout97/A (sky130_fd_sc_hd__buf_2)
     6    0.033647    0.167826    0.253482    6.015568 ^ fanout97/X (sky130_fd_sc_hd__buf_2)
                                                         net97 (net)
                      0.167826    0.000399    6.015967 ^ _561_/RESET_B (sky130_fd_sc_hd__dfrtp_1)
                                              6.015967   data arrival time

                                 25.000000   25.000000   clock clk_i (rise edge)
                                  0.000000   25.000000   clock source latency
     2    0.071891    0.327468    0.237902   25.237902 ^ clk_i (in)
                                                         clk_i (net)
                      0.329570    0.000000   25.237902 ^ clkbuf_0_clk_i/A (sky130_fd_sc_hd__clkbuf_16)
     2    0.018366    0.045915    0.208679   25.446581 ^ clkbuf_0_clk_i/X (sky130_fd_sc_hd__clkbuf_16)
                                                         clknet_0_clk_i (net)
                      0.045915    0.000139   25.446720 ^ clkbuf_1_0__f_clk_i/A (sky130_fd_sc_hd__clkbuf_16)
     3    0.007966    0.031577    0.114250   25.560968 ^ clkbuf_1_0__f_clk_i/X (sky130_fd_sc_hd__clkbuf_16)
                                                         clknet_1_0__leaf_clk_i (net)
                      0.031577    0.000082   25.561050 ^ _498_/A (sky130_fd_sc_hd__and2_2)
     3    0.049082    0.252905    0.282418   25.843468 ^ _498_/X (sky130_fd_sc_hd__and2_2)
                                                         u_ibex.clk (net)
                      0.253412    0.009246   25.852715 ^ clkbuf_0_u_ibex.clk/A (sky130_fd_sc_hd__clkbuf_16)
     9    0.077738    0.096883    0.236470   26.089186 ^ clkbuf_0_u_ibex.clk/X (sky130_fd_sc_hd__clkbuf_16)
                                                         clknet_0_u_ibex.clk (net)
                      0.097339    0.005283   26.094467 ^ clkbuf_2_3__f_u_ibex.clk/A (sky130_fd_sc_hd__clkbuf_16)
    23    0.077329    0.094713    0.186020   26.280487 ^ clkbuf_2_3__f_u_ibex.clk/X (sky130_fd_sc_hd__clkbuf_16)
                                                         clknet_2_3__leaf_u_ibex.clk (net)
                      0.095782    0.007956   26.288445 ^ _561_/CLK (sky130_fd_sc_hd__dfrtp_1)
                                 -0.250000   26.038445   clock uncertainty
                                  0.000000   26.038445   clock reconvergence pessimism
                                  0.214356   26.252802   library recovery time
                                             26.252802   data required time
---------------------------------------------------------------------------------------------
                                             26.252802   data required time
                                             -6.015967   data arrival time
---------------------------------------------------------------------------------------------
                                             20.236835   slack (MET)


Startpoint: rst_ni (input port clocked by clk_i)
Endpoint: _564_ (recovery check against rising-edge clock clk_i)
Path Group: asynchronous
Path Type: max

Fanout         Cap        Slew       Delay        Time   Description
---------------------------------------------------------------------------------------------
                                  0.000000    0.000000   clock clk_i (rise edge)
                                  0.000000    0.000000   clock network delay (propagated)
                                  5.000000    5.000000 ^ input external delay
     2    0.009382    0.048660    0.032007    5.032007 ^ rst_ni (in)
                                                         rst_ni (net)
                      0.048660    0.000000    5.032007 ^ input1/A (sky130_fd_sc_hd__buf_8)
     5    0.128799    0.207057    0.190278    5.222286 ^ input1/X (sky130_fd_sc_hd__buf_8)
                                                         net1 (net)
                      0.226426    0.047790    5.270076 ^ fanout99/A (sky130_fd_sc_hd__clkbuf_2)
     7    0.031689    0.176244    0.252490    5.522566 ^ fanout99/X (sky130_fd_sc_hd__clkbuf_2)
                                                         net99 (net)
                      0.176244    0.000179    5.522744 ^ fanout98/A (sky130_fd_sc_hd__buf_1)
     4    0.019096    0.228780    0.239214    5.761958 ^ fanout98/X (sky130_fd_sc_hd__buf_1)
                                                         net98 (net)
                      0.228783    0.000672    5.762630 ^ fanout94/A (sky130_fd_sc_hd__buf_2)
     6    0.032448    0.162401    0.249111    6.011742 ^ fanout94/X (sky130_fd_sc_hd__buf_2)
                                                         net94 (net)
                      0.162401    0.000134    6.011876 ^ _564_/RESET_B (sky130_fd_sc_hd__dfrtp_1)
                                              6.011876   data arrival time

                                 25.000000   25.000000   clock clk_i (rise edge)
                                  0.000000   25.000000   clock source latency
     2    0.071891    0.327468    0.237902   25.237902 ^ clk_i (in)
                                                         clk_i (net)
                      0.329570    0.000000   25.237902 ^ clkbuf_0_clk_i/A (sky130_fd_sc_hd__clkbuf_16)
     2    0.018366    0.045915    0.208679   25.446581 ^ clkbuf_0_clk_i/X (sky130_fd_sc_hd__clkbuf_16)
                                                         clknet_0_clk_i (net)
                      0.045915    0.000139   25.446720 ^ clkbuf_1_0__f_clk_i/A (sky130_fd_sc_hd__clkbuf_16)
     3    0.007966    0.031577    0.114250   25.560968 ^ clkbuf_1_0__f_clk_i/X (sky130_fd_sc_hd__clkbuf_16)
                                                         clknet_1_0__leaf_clk_i (net)
                      0.031577    0.000082   25.561050 ^ _498_/A (sky130_fd_sc_hd__and2_2)
     3    0.049082    0.252905    0.282418   25.843468 ^ _498_/X (sky130_fd_sc_hd__and2_2)
                                                         u_ibex.clk (net)
                      0.253412    0.009246   25.852715 ^ clkbuf_0_u_ibex.clk/A (sky130_fd_sc_hd__clkbuf_16)
     9    0.077738    0.096883    0.236470   26.089186 ^ clkbuf_0_u_ibex.clk/X (sky130_fd_sc_hd__clkbuf_16)
                                                         clknet_0_u_ibex.clk (net)
                      0.097339    0.005283   26.094467 ^ clkbuf_2_3__f_u_ibex.clk/A (sky130_fd_sc_hd__clkbuf_16)
    23    0.077329    0.094713    0.186020   26.280487 ^ clkbuf_2_3__f_u_ibex.clk/X (sky130_fd_sc_hd__clkbuf_16)
                                                         clknet_2_3__leaf_u_ibex.clk (net)
                      0.095407    0.006423   26.286911 ^ _564_/CLK (sky130_fd_sc_hd__dfrtp_1)
                                 -0.250000   26.036913   clock uncertainty
                                  0.000000   26.036913   clock reconvergence pessimism
                                  0.215632   26.252544   library recovery time
                                             26.252544   data required time
---------------------------------------------------------------------------------------------
                                             26.252544   data required time
                                             -6.011876   data arrival time
---------------------------------------------------------------------------------------------
                                             20.240669   slack (MET)


Startpoint: rst_ni (input port clocked by clk_i)
Endpoint: _577_ (recovery check against rising-edge clock clk_i)
Path Group: asynchronous
Path Type: max

Fanout         Cap        Slew       Delay        Time   Description
---------------------------------------------------------------------------------------------
                                  0.000000    0.000000   clock clk_i (rise edge)
                                  0.000000    0.000000   clock network delay (propagated)
                                  5.000000    5.000000 ^ input external delay
     2    0.009382    0.048660    0.032007    5.032007 ^ rst_ni (in)
                                                         rst_ni (net)
                      0.048660    0.000000    5.032007 ^ input1/A (sky130_fd_sc_hd__buf_8)
     5    0.128799    0.207057    0.190278    5.222286 ^ input1/X (sky130_fd_sc_hd__buf_8)
                                                         net1 (net)
                      0.226426    0.047790    5.270076 ^ fanout99/A (sky130_fd_sc_hd__clkbuf_2)
     7    0.031689    0.176244    0.252490    5.522566 ^ fanout99/X (sky130_fd_sc_hd__clkbuf_2)
                                                         net99 (net)
                      0.176244    0.000179    5.522744 ^ fanout98/A (sky130_fd_sc_hd__buf_1)
     4    0.019096    0.228780    0.239214    5.761958 ^ fanout98/X (sky130_fd_sc_hd__buf_1)
                                                         net98 (net)
                      0.228782    0.000646    5.762604 ^ fanout95/A (sky130_fd_sc_hd__clkbuf_2)
     4    0.024661    0.139889    0.228111    5.990715 ^ fanout95/X (sky130_fd_sc_hd__clkbuf_2)
                                                         net95 (net)
                      0.139893    0.000923    5.991639 ^ _577_/RESET_B (sky130_fd_sc_hd__dfrtp_2)
                                              5.991639   data arrival time

                                 25.000000   25.000000   clock clk_i (rise edge)
                                  0.000000   25.000000   clock source latency
     2    0.071891    0.327468    0.237902   25.237902 ^ clk_i (in)
                                                         clk_i (net)
                      0.329570    0.000000   25.237902 ^ clkbuf_0_clk_i/A (sky130_fd_sc_hd__clkbuf_16)
     2    0.018366    0.045915    0.208679   25.446581 ^ clkbuf_0_clk_i/X (sky130_fd_sc_hd__clkbuf_16)
                                                         clknet_0_clk_i (net)
                      0.045915    0.000139   25.446720 ^ clkbuf_1_0__f_clk_i/A (sky130_fd_sc_hd__clkbuf_16)
     3    0.007966    0.031577    0.114250   25.560968 ^ clkbuf_1_0__f_clk_i/X (sky130_fd_sc_hd__clkbuf_16)
                                                         clknet_1_0__leaf_clk_i (net)
                      0.031577    0.000082   25.561050 ^ _498_/A (sky130_fd_sc_hd__and2_2)
     3    0.049082    0.252905    0.282418   25.843468 ^ _498_/X (sky130_fd_sc_hd__and2_2)
                                                         u_ibex.clk (net)
                      0.253412    0.009246   25.852715 ^ clkbuf_0_u_ibex.clk/A (sky130_fd_sc_hd__clkbuf_16)
     9    0.077738    0.096883    0.236470   26.089186 ^ clkbuf_0_u_ibex.clk/X (sky130_fd_sc_hd__clkbuf_16)
                                                         clknet_0_u_ibex.clk (net)
                      0.097339    0.005283   26.094467 ^ clkbuf_2_3__f_u_ibex.clk/A (sky130_fd_sc_hd__clkbuf_16)
    23    0.077329    0.094713    0.186020   26.280487 ^ clkbuf_2_3__f_u_ibex.clk/X (sky130_fd_sc_hd__clkbuf_16)
                                                         clknet_2_3__leaf_u_ibex.clk (net)
                      0.095155    0.005159   26.285646 ^ _577_/CLK (sky130_fd_sc_hd__dfrtp_2)
                                 -0.250000   26.035646   clock uncertainty
                                  0.000000   26.035646   clock reconvergence pessimism
                                  0.206505   26.242153   library recovery time
                                             26.242153   data required time
---------------------------------------------------------------------------------------------
                                             26.242153   data required time
                                             -5.991639   data arrival time
---------------------------------------------------------------------------------------------
                                             20.250515   slack (MET)


Startpoint: rst_ni (input port clocked by clk_i)
Endpoint: _579_ (recovery check against rising-edge clock clk_i)
Path Group: asynchronous
Path Type: max

Fanout         Cap        Slew       Delay        Time   Description
---------------------------------------------------------------------------------------------
                                  0.000000    0.000000   clock clk_i (rise edge)
                                  0.000000    0.000000   clock network delay (propagated)
                                  5.000000    5.000000 ^ input external delay
     2    0.009382    0.048660    0.032007    5.032007 ^ rst_ni (in)
                                                         rst_ni (net)
                      0.048660    0.000000    5.032007 ^ input1/A (sky130_fd_sc_hd__buf_8)
     5    0.128799    0.207057    0.190278    5.222286 ^ input1/X (sky130_fd_sc_hd__buf_8)
                                                         net1 (net)
                      0.226426    0.047790    5.270076 ^ fanout99/A (sky130_fd_sc_hd__clkbuf_2)
     7    0.031689    0.176244    0.252490    5.522566 ^ fanout99/X (sky130_fd_sc_hd__clkbuf_2)
                                                         net99 (net)
                      0.176244    0.000179    5.522744 ^ fanout98/A (sky130_fd_sc_hd__buf_1)
     4    0.019096    0.228780    0.239214    5.761958 ^ fanout98/X (sky130_fd_sc_hd__buf_1)
                                                         net98 (net)
                      0.228783    0.000672    5.762630 ^ fanout94/A (sky130_fd_sc_hd__buf_2)
     6    0.032448    0.162401    0.249111    6.011742 ^ fanout94/X (sky130_fd_sc_hd__buf_2)
                                                         net94 (net)
                      0.162408    0.001203    6.012945 ^ _579_/RESET_B (sky130_fd_sc_hd__dfrtp_1)
                                              6.012945   data arrival time

                                 25.000000   25.000000   clock clk_i (rise edge)
                                  0.000000   25.000000   clock source latency
     2    0.071891    0.327468    0.237902   25.237902 ^ clk_i (in)
                                                         clk_i (net)
                      0.329570    0.000000   25.237902 ^ clkbuf_0_clk_i/A (sky130_fd_sc_hd__clkbuf_16)
     2    0.018366    0.045915    0.208679   25.446581 ^ clkbuf_0_clk_i/X (sky130_fd_sc_hd__clkbuf_16)
                                                         clknet_0_clk_i (net)
                      0.045915    0.000139   25.446720 ^ clkbuf_1_0__f_clk_i/A (sky130_fd_sc_hd__clkbuf_16)
     3    0.007966    0.031577    0.114250   25.560968 ^ clkbuf_1_0__f_clk_i/X (sky130_fd_sc_hd__clkbuf_16)
                                                         clknet_1_0__leaf_clk_i (net)
                      0.031577    0.000082   25.561050 ^ _498_/A (sky130_fd_sc_hd__and2_2)
     3    0.049082    0.252905    0.282418   25.843468 ^ _498_/X (sky130_fd_sc_hd__and2_2)
                                                         u_ibex.clk (net)
                      0.253412    0.009246   25.852715 ^ clkbuf_0_u_ibex.clk/A (sky130_fd_sc_hd__clkbuf_16)
     9    0.077738    0.096883    0.236470   26.089186 ^ clkbuf_0_u_ibex.clk/X (sky130_fd_sc_hd__clkbuf_16)
                                                         clknet_0_u_ibex.clk (net)
                      0.097357    0.005382   26.094566 ^ clkbuf_2_2__f_u_ibex.clk/A (sky130_fd_sc_hd__clkbuf_16)
    31    0.099917    0.117594    0.198355   26.292923 ^ clkbuf_2_2__f_u_ibex.clk/X (sky130_fd_sc_hd__clkbuf_16)
                                                         clknet_2_2__leaf_u_ibex.clk (net)
                      0.118873    0.009846   26.302769 ^ _579_/CLK (sky130_fd_sc_hd__dfrtp_1)
                                 -0.250000   26.052769   clock uncertainty
                                  0.000000   26.052769   clock reconvergence pessimism
                                  0.222937   26.275705   library recovery time
                                             26.275705   data required time
---------------------------------------------------------------------------------------------
                                             26.275705   data required time
                                             -6.012945   data arrival time
---------------------------------------------------------------------------------------------
                                             20.262760   slack (MET)


Startpoint: rst_ni (input port clocked by clk_i)
Endpoint: _563_ (recovery check against rising-edge clock clk_i)
Path Group: asynchronous
Path Type: max

Fanout         Cap        Slew       Delay        Time   Description
---------------------------------------------------------------------------------------------
                                  0.000000    0.000000   clock clk_i (rise edge)
                                  0.000000    0.000000   clock network delay (propagated)
                                  5.000000    5.000000 ^ input external delay
     2    0.009382    0.048660    0.032007    5.032007 ^ rst_ni (in)
                                                         rst_ni (net)
                      0.048660    0.000000    5.032007 ^ input1/A (sky130_fd_sc_hd__buf_8)
     5    0.128799    0.207057    0.190278    5.222286 ^ input1/X (sky130_fd_sc_hd__buf_8)
                                                         net1 (net)
                      0.226426    0.047790    5.270076 ^ fanout99/A (sky130_fd_sc_hd__clkbuf_2)
     7    0.031689    0.176244    0.252490    5.522566 ^ fanout99/X (sky130_fd_sc_hd__clkbuf_2)
                                                         net99 (net)
                      0.176244    0.000179    5.522744 ^ fanout98/A (sky130_fd_sc_hd__buf_1)
     4    0.019096    0.228780    0.239214    5.761958 ^ fanout98/X (sky130_fd_sc_hd__buf_1)
                                                         net98 (net)
                      0.228780    0.000128    5.762086 ^ fanout97/A (sky130_fd_sc_hd__buf_2)
     6    0.033647    0.167826    0.253482    6.015568 ^ fanout97/X (sky130_fd_sc_hd__buf_2)
                                                         net97 (net)
                      0.167826    0.000481    6.016049 ^ _563_/RESET_B (sky130_fd_sc_hd__dfrtp_1)
                                              6.016049   data arrival time

                                 25.000000   25.000000   clock clk_i (rise edge)
                                  0.000000   25.000000   clock source latency
     2    0.071891    0.327468    0.237902   25.237902 ^ clk_i (in)
                                                         clk_i (net)
                      0.329570    0.000000   25.237902 ^ clkbuf_0_clk_i/A (sky130_fd_sc_hd__clkbuf_16)
     2    0.018366    0.045915    0.208679   25.446581 ^ clkbuf_0_clk_i/X (sky130_fd_sc_hd__clkbuf_16)
                                                         clknet_0_clk_i (net)
                      0.045915    0.000139   25.446720 ^ clkbuf_1_0__f_clk_i/A (sky130_fd_sc_hd__clkbuf_16)
     3    0.007966    0.031577    0.114250   25.560968 ^ clkbuf_1_0__f_clk_i/X (sky130_fd_sc_hd__clkbuf_16)
                                                         clknet_1_0__leaf_clk_i (net)
                      0.031577    0.000082   25.561050 ^ _498_/A (sky130_fd_sc_hd__and2_2)
     3    0.049082    0.252905    0.282418   25.843468 ^ _498_/X (sky130_fd_sc_hd__and2_2)
                                                         u_ibex.clk (net)
                      0.253412    0.009246   25.852715 ^ clkbuf_0_u_ibex.clk/A (sky130_fd_sc_hd__clkbuf_16)
     9    0.077738    0.096883    0.236470   26.089186 ^ clkbuf_0_u_ibex.clk/X (sky130_fd_sc_hd__clkbuf_16)
                                                         clknet_0_u_ibex.clk (net)
                      0.097357    0.005382   26.094566 ^ clkbuf_2_2__f_u_ibex.clk/A (sky130_fd_sc_hd__clkbuf_16)
    31    0.099917    0.117594    0.198355   26.292923 ^ clkbuf_2_2__f_u_ibex.clk/X (sky130_fd_sc_hd__clkbuf_16)
                                                         clknet_2_2__leaf_u_ibex.clk (net)
                      0.120585    0.014815   26.307737 ^ _563_/CLK (sky130_fd_sc_hd__dfrtp_1)
                                 -0.250000   26.057737   clock uncertainty
                                  0.000000   26.057737   clock reconvergence pessimism
                                  0.222084   26.279821   library recovery time
                                             26.279821   data required time
---------------------------------------------------------------------------------------------
                                             26.279821   data required time
                                             -6.016049   data arrival time
---------------------------------------------------------------------------------------------
                                             20.263773   slack (MET)


Startpoint: rst_ni (input port clocked by clk_i)
Endpoint: _575_ (recovery check against rising-edge clock clk_i)
Path Group: asynchronous
Path Type: max

Fanout         Cap        Slew       Delay        Time   Description
---------------------------------------------------------------------------------------------
                                  0.000000    0.000000   clock clk_i (rise edge)
                                  0.000000    0.000000   clock network delay (propagated)
                                  5.000000    5.000000 ^ input external delay
     2    0.009382    0.048660    0.032007    5.032007 ^ rst_ni (in)
                                                         rst_ni (net)
                      0.048660    0.000000    5.032007 ^ input1/A (sky130_fd_sc_hd__buf_8)
     5    0.128799    0.207057    0.190278    5.222286 ^ input1/X (sky130_fd_sc_hd__buf_8)
                                                         net1 (net)
                      0.226426    0.047790    5.270076 ^ fanout99/A (sky130_fd_sc_hd__clkbuf_2)
     7    0.031689    0.176244    0.252490    5.522566 ^ fanout99/X (sky130_fd_sc_hd__clkbuf_2)
                                                         net99 (net)
                      0.176244    0.000179    5.522744 ^ fanout98/A (sky130_fd_sc_hd__buf_1)
     4    0.019096    0.228780    0.239214    5.761958 ^ fanout98/X (sky130_fd_sc_hd__buf_1)
                                                         net98 (net)
                      0.228783    0.000672    5.762630 ^ fanout94/A (sky130_fd_sc_hd__buf_2)
     6    0.032448    0.162401    0.249111    6.011742 ^ fanout94/X (sky130_fd_sc_hd__buf_2)
                                                         net94 (net)
                      0.162406    0.001100    6.012842 ^ _575_/RESET_B (sky130_fd_sc_hd__dfrtp_1)
                                              6.012842   data arrival time

                                 25.000000   25.000000   clock clk_i (rise edge)
                                  0.000000   25.000000   clock source latency
     2    0.071891    0.327468    0.237902   25.237902 ^ clk_i (in)
                                                         clk_i (net)
                      0.329570    0.000000   25.237902 ^ clkbuf_0_clk_i/A (sky130_fd_sc_hd__clkbuf_16)
     2    0.018366    0.045915    0.208679   25.446581 ^ clkbuf_0_clk_i/X (sky130_fd_sc_hd__clkbuf_16)
                                                         clknet_0_clk_i (net)
                      0.045915    0.000139   25.446720 ^ clkbuf_1_0__f_clk_i/A (sky130_fd_sc_hd__clkbuf_16)
     3    0.007966    0.031577    0.114250   25.560968 ^ clkbuf_1_0__f_clk_i/X (sky130_fd_sc_hd__clkbuf_16)
                                                         clknet_1_0__leaf_clk_i (net)
                      0.031577    0.000082   25.561050 ^ _498_/A (sky130_fd_sc_hd__and2_2)
     3    0.049082    0.252905    0.282418   25.843468 ^ _498_/X (sky130_fd_sc_hd__and2_2)
                                                         u_ibex.clk (net)
                      0.253412    0.009246   25.852715 ^ clkbuf_0_u_ibex.clk/A (sky130_fd_sc_hd__clkbuf_16)
     9    0.077738    0.096883    0.236470   26.089186 ^ clkbuf_0_u_ibex.clk/X (sky130_fd_sc_hd__clkbuf_16)
                                                         clknet_0_u_ibex.clk (net)
                      0.097357    0.005382   26.094566 ^ clkbuf_2_2__f_u_ibex.clk/A (sky130_fd_sc_hd__clkbuf_16)
    31    0.099917    0.117594    0.198355   26.292923 ^ clkbuf_2_2__f_u_ibex.clk/X (sky130_fd_sc_hd__clkbuf_16)
                                                         clknet_2_2__leaf_u_ibex.clk (net)
                      0.119222    0.011042   26.303965 ^ _575_/CLK (sky130_fd_sc_hd__dfrtp_1)
                                 -0.250000   26.053965   clock uncertainty
                                  0.000000   26.053965   clock reconvergence pessimism
                                  0.223046   26.277012   library recovery time
                                             26.277012   data required time
---------------------------------------------------------------------------------------------
                                             26.277012   data required time
                                             -6.012842   data arrival time
---------------------------------------------------------------------------------------------
                                             20.264170   slack (MET)


Startpoint: rst_ni (input port clocked by clk_i)
Endpoint: _567_ (recovery check against rising-edge clock clk_i)
Path Group: asynchronous
Path Type: max

Fanout         Cap        Slew       Delay        Time   Description
---------------------------------------------------------------------------------------------
                                  0.000000    0.000000   clock clk_i (rise edge)
                                  0.000000    0.000000   clock network delay (propagated)
                                  5.000000    5.000000 ^ input external delay
     2    0.009382    0.048660    0.032007    5.032007 ^ rst_ni (in)
                                                         rst_ni (net)
                      0.048660    0.000000    5.032007 ^ input1/A (sky130_fd_sc_hd__buf_8)
     5    0.128799    0.207057    0.190278    5.222286 ^ input1/X (sky130_fd_sc_hd__buf_8)
                                                         net1 (net)
                      0.226426    0.047790    5.270076 ^ fanout99/A (sky130_fd_sc_hd__clkbuf_2)
     7    0.031689    0.176244    0.252490    5.522566 ^ fanout99/X (sky130_fd_sc_hd__clkbuf_2)
                                                         net99 (net)
                      0.176244    0.000179    5.522744 ^ fanout98/A (sky130_fd_sc_hd__buf_1)
     4    0.019096    0.228780    0.239214    5.761958 ^ fanout98/X (sky130_fd_sc_hd__buf_1)
                                                         net98 (net)
                      0.228783    0.000672    5.762630 ^ fanout94/A (sky130_fd_sc_hd__buf_2)
     6    0.032448    0.162401    0.249111    6.011742 ^ fanout94/X (sky130_fd_sc_hd__buf_2)
                                                         net94 (net)
                      0.162409    0.001295    6.013037 ^ _567_/RESET_B (sky130_fd_sc_hd__dfrtp_1)
                                              6.013037   data arrival time

                                 25.000000   25.000000   clock clk_i (rise edge)
                                  0.000000   25.000000   clock source latency
     2    0.071891    0.327468    0.237902   25.237902 ^ clk_i (in)
                                                         clk_i (net)
                      0.329570    0.000000   25.237902 ^ clkbuf_0_clk_i/A (sky130_fd_sc_hd__clkbuf_16)
     2    0.018366    0.045915    0.208679   25.446581 ^ clkbuf_0_clk_i/X (sky130_fd_sc_hd__clkbuf_16)
                                                         clknet_0_clk_i (net)
                      0.045915    0.000139   25.446720 ^ clkbuf_1_0__f_clk_i/A (sky130_fd_sc_hd__clkbuf_16)
     3    0.007966    0.031577    0.114250   25.560968 ^ clkbuf_1_0__f_clk_i/X (sky130_fd_sc_hd__clkbuf_16)
                                                         clknet_1_0__leaf_clk_i (net)
                      0.031577    0.000082   25.561050 ^ _498_/A (sky130_fd_sc_hd__and2_2)
     3    0.049082    0.252905    0.282418   25.843468 ^ _498_/X (sky130_fd_sc_hd__and2_2)
                                                         u_ibex.clk (net)
                      0.253412    0.009246   25.852715 ^ clkbuf_0_u_ibex.clk/A (sky130_fd_sc_hd__clkbuf_16)
     9    0.077738    0.096883    0.236470   26.089186 ^ clkbuf_0_u_ibex.clk/X (sky130_fd_sc_hd__clkbuf_16)
                                                         clknet_0_u_ibex.clk (net)
                      0.097357    0.005382   26.094566 ^ clkbuf_2_2__f_u_ibex.clk/A (sky130_fd_sc_hd__clkbuf_16)
    31    0.099917    0.117594    0.198355   26.292923 ^ clkbuf_2_2__f_u_ibex.clk/X (sky130_fd_sc_hd__clkbuf_16)
                                                         clknet_2_2__leaf_u_ibex.clk (net)
                      0.120067    0.013502   26.306425 ^ _567_/CLK (sky130_fd_sc_hd__dfrtp_1)
                                 -0.250000   26.056425   clock uncertainty
                                  0.000000   26.056425   clock reconvergence pessimism
                                  0.223309   26.279736   library recovery time
                                             26.279736   data required time
---------------------------------------------------------------------------------------------
                                             26.279736   data required time
                                             -6.013037   data arrival time
---------------------------------------------------------------------------------------------
                                             20.266697   slack (MET)


Startpoint: rst_ni (input port clocked by clk_i)
Endpoint: _568_ (recovery check against rising-edge clock clk_i)
Path Group: asynchronous
Path Type: max

Fanout         Cap        Slew       Delay        Time   Description
---------------------------------------------------------------------------------------------
                                  0.000000    0.000000   clock clk_i (rise edge)
                                  0.000000    0.000000   clock network delay (propagated)
                                  5.000000    5.000000 ^ input external delay
     2    0.009382    0.048660    0.032007    5.032007 ^ rst_ni (in)
                                                         rst_ni (net)
                      0.048660    0.000000    5.032007 ^ input1/A (sky130_fd_sc_hd__buf_8)
     5    0.128799    0.207057    0.190278    5.222286 ^ input1/X (sky130_fd_sc_hd__buf_8)
                                                         net1 (net)
                      0.226426    0.047790    5.270076 ^ fanout99/A (sky130_fd_sc_hd__clkbuf_2)
     7    0.031689    0.176244    0.252490    5.522566 ^ fanout99/X (sky130_fd_sc_hd__clkbuf_2)
                                                         net99 (net)
                      0.176244    0.000179    5.522744 ^ fanout98/A (sky130_fd_sc_hd__buf_1)
     4    0.019096    0.228780    0.239214    5.761958 ^ fanout98/X (sky130_fd_sc_hd__buf_1)
                                                         net98 (net)
                      0.228783    0.000672    5.762630 ^ fanout94/A (sky130_fd_sc_hd__buf_2)
     6    0.032448    0.162401    0.249111    6.011742 ^ fanout94/X (sky130_fd_sc_hd__buf_2)
                                                         net94 (net)
                      0.162409    0.001277    6.013019 ^ _568_/RESET_B (sky130_fd_sc_hd__dfrtp_1)
                                              6.013019   data arrival time

                                 25.000000   25.000000   clock clk_i (rise edge)
                                  0.000000   25.000000   clock source latency
     2    0.071891    0.327468    0.237902   25.237902 ^ clk_i (in)
                                                         clk_i (net)
                      0.329570    0.000000   25.237902 ^ clkbuf_0_clk_i/A (sky130_fd_sc_hd__clkbuf_16)
     2    0.018366    0.045915    0.208679   25.446581 ^ clkbuf_0_clk_i/X (sky130_fd_sc_hd__clkbuf_16)
                                                         clknet_0_clk_i (net)
                      0.045915    0.000139   25.446720 ^ clkbuf_1_0__f_clk_i/A (sky130_fd_sc_hd__clkbuf_16)
     3    0.007966    0.031577    0.114250   25.560968 ^ clkbuf_1_0__f_clk_i/X (sky130_fd_sc_hd__clkbuf_16)
                                                         clknet_1_0__leaf_clk_i (net)
                      0.031577    0.000082   25.561050 ^ _498_/A (sky130_fd_sc_hd__and2_2)
     3    0.049082    0.252905    0.282418   25.843468 ^ _498_/X (sky130_fd_sc_hd__and2_2)
                                                         u_ibex.clk (net)
                      0.253412    0.009246   25.852715 ^ clkbuf_0_u_ibex.clk/A (sky130_fd_sc_hd__clkbuf_16)
     9    0.077738    0.096883    0.236470   26.089186 ^ clkbuf_0_u_ibex.clk/X (sky130_fd_sc_hd__clkbuf_16)
                                                         clknet_0_u_ibex.clk (net)
                      0.097357    0.005382   26.094566 ^ clkbuf_2_2__f_u_ibex.clk/A (sky130_fd_sc_hd__clkbuf_16)
    31    0.099917    0.117594    0.198355   26.292923 ^ clkbuf_2_2__f_u_ibex.clk/X (sky130_fd_sc_hd__clkbuf_16)
                                                         clknet_2_2__leaf_u_ibex.clk (net)
                      0.120078    0.013529   26.306452 ^ _568_/CLK (sky130_fd_sc_hd__dfrtp_1)
                                 -0.250000   26.056452   clock uncertainty
                                  0.000000   26.056452   clock reconvergence pessimism
                                  0.223312   26.279762   library recovery time
                                             26.279762   data required time
---------------------------------------------------------------------------------------------
                                             26.279762   data required time
                                             -6.013019   data arrival time
---------------------------------------------------------------------------------------------
                                             20.266743   slack (MET)


Startpoint: rst_ni (input port clocked by clk_i)
Endpoint: _571_ (recovery check against rising-edge clock clk_i)
Path Group: asynchronous
Path Type: max

Fanout         Cap        Slew       Delay        Time   Description
---------------------------------------------------------------------------------------------
                                  0.000000    0.000000   clock clk_i (rise edge)
                                  0.000000    0.000000   clock network delay (propagated)
                                  5.000000    5.000000 ^ input external delay
     2    0.009382    0.048660    0.032007    5.032007 ^ rst_ni (in)
                                                         rst_ni (net)
                      0.048660    0.000000    5.032007 ^ input1/A (sky130_fd_sc_hd__buf_8)
     5    0.128799    0.207057    0.190278    5.222286 ^ input1/X (sky130_fd_sc_hd__buf_8)
                                                         net1 (net)
                      0.226426    0.047790    5.270076 ^ fanout99/A (sky130_fd_sc_hd__clkbuf_2)
     7    0.031689    0.176244    0.252490    5.522566 ^ fanout99/X (sky130_fd_sc_hd__clkbuf_2)
                                                         net99 (net)
                      0.176244    0.000179    5.522744 ^ fanout98/A (sky130_fd_sc_hd__buf_1)
     4    0.019096    0.228780    0.239214    5.761958 ^ fanout98/X (sky130_fd_sc_hd__buf_1)
                                                         net98 (net)
                      0.228783    0.000672    5.762630 ^ fanout94/A (sky130_fd_sc_hd__buf_2)
     6    0.032448    0.162401    0.249111    6.011742 ^ fanout94/X (sky130_fd_sc_hd__buf_2)
                                                         net94 (net)
                      0.162408    0.001238    6.012980 ^ _571_/RESET_B (sky130_fd_sc_hd__dfrtp_1)
                                              6.012980   data arrival time

                                 25.000000   25.000000   clock clk_i (rise edge)
                                  0.000000   25.000000   clock source latency
     2    0.071891    0.327468    0.237902   25.237902 ^ clk_i (in)
                                                         clk_i (net)
                      0.329570    0.000000   25.237902 ^ clkbuf_0_clk_i/A (sky130_fd_sc_hd__clkbuf_16)
     2    0.018366    0.045915    0.208679   25.446581 ^ clkbuf_0_clk_i/X (sky130_fd_sc_hd__clkbuf_16)
                                                         clknet_0_clk_i (net)
                      0.045915    0.000139   25.446720 ^ clkbuf_1_0__f_clk_i/A (sky130_fd_sc_hd__clkbuf_16)
     3    0.007966    0.031577    0.114250   25.560968 ^ clkbuf_1_0__f_clk_i/X (sky130_fd_sc_hd__clkbuf_16)
                                                         clknet_1_0__leaf_clk_i (net)
                      0.031577    0.000082   25.561050 ^ _498_/A (sky130_fd_sc_hd__and2_2)
     3    0.049082    0.252905    0.282418   25.843468 ^ _498_/X (sky130_fd_sc_hd__and2_2)
                                                         u_ibex.clk (net)
                      0.253412    0.009246   25.852715 ^ clkbuf_0_u_ibex.clk/A (sky130_fd_sc_hd__clkbuf_16)
     9    0.077738    0.096883    0.236470   26.089186 ^ clkbuf_0_u_ibex.clk/X (sky130_fd_sc_hd__clkbuf_16)
                                                         clknet_0_u_ibex.clk (net)
                      0.097357    0.005382   26.094566 ^ clkbuf_2_2__f_u_ibex.clk/A (sky130_fd_sc_hd__clkbuf_16)
    31    0.099917    0.117594    0.198355   26.292923 ^ clkbuf_2_2__f_u_ibex.clk/X (sky130_fd_sc_hd__clkbuf_16)
                                                         clknet_2_2__leaf_u_ibex.clk (net)
                      0.120079    0.013532   26.306454 ^ _571_/CLK (sky130_fd_sc_hd__dfrtp_1)
                                 -0.250000   26.056456   clock uncertainty
                                  0.000000   26.056456   clock reconvergence pessimism
                                  0.223312   26.279768   library recovery time
                                             26.279768   data required time
---------------------------------------------------------------------------------------------
                                             26.279768   data required time
                                             -6.012980   data arrival time
---------------------------------------------------------------------------------------------
                                             20.266790   slack (MET)


Startpoint: rst_ni (input port clocked by clk_i)
Endpoint: _574_ (recovery check against rising-edge clock clk_i)
Path Group: asynchronous
Path Type: max

Fanout         Cap        Slew       Delay        Time   Description
---------------------------------------------------------------------------------------------
                                  0.000000    0.000000   clock clk_i (rise edge)
                                  0.000000    0.000000   clock network delay (propagated)
                                  5.000000    5.000000 ^ input external delay
     2    0.009382    0.048660    0.032007    5.032007 ^ rst_ni (in)
                                                         rst_ni (net)
                      0.048660    0.000000    5.032007 ^ input1/A (sky130_fd_sc_hd__buf_8)
     5    0.128799    0.207057    0.190278    5.222286 ^ input1/X (sky130_fd_sc_hd__buf_8)
                                                         net1 (net)
                      0.226426    0.047790    5.270076 ^ fanout99/A (sky130_fd_sc_hd__clkbuf_2)
     7    0.031689    0.176244    0.252490    5.522566 ^ fanout99/X (sky130_fd_sc_hd__clkbuf_2)
                                                         net99 (net)
                      0.176244    0.000179    5.522744 ^ fanout98/A (sky130_fd_sc_hd__buf_1)
     4    0.019096    0.228780    0.239214    5.761958 ^ fanout98/X (sky130_fd_sc_hd__buf_1)
                                                         net98 (net)
                      0.228782    0.000646    5.762604 ^ fanout95/A (sky130_fd_sc_hd__clkbuf_2)
     4    0.024661    0.139889    0.228111    5.990715 ^ fanout95/X (sky130_fd_sc_hd__clkbuf_2)
                                                         net95 (net)
                      0.139890    0.000584    5.991299 ^ _574_/RESET_B (sky130_fd_sc_hd__dfrtp_1)
                                              5.991299   data arrival time

                                 25.000000   25.000000   clock clk_i (rise edge)
                                  0.000000   25.000000   clock source latency
     2    0.071891    0.327468    0.237902   25.237902 ^ clk_i (in)
                                                         clk_i (net)
                      0.329570    0.000000   25.237902 ^ clkbuf_0_clk_i/A (sky130_fd_sc_hd__clkbuf_16)
     2    0.018366    0.045915    0.208679   25.446581 ^ clkbuf_0_clk_i/X (sky130_fd_sc_hd__clkbuf_16)
                                                         clknet_0_clk_i (net)
                      0.045915    0.000139   25.446720 ^ clkbuf_1_0__f_clk_i/A (sky130_fd_sc_hd__clkbuf_16)
     3    0.007966    0.031577    0.114250   25.560968 ^ clkbuf_1_0__f_clk_i/X (sky130_fd_sc_hd__clkbuf_16)
                                                         clknet_1_0__leaf_clk_i (net)
                      0.031577    0.000082   25.561050 ^ _498_/A (sky130_fd_sc_hd__and2_2)
     3    0.049082    0.252905    0.282418   25.843468 ^ _498_/X (sky130_fd_sc_hd__and2_2)
                                                         u_ibex.clk (net)
                      0.253412    0.009246   25.852715 ^ clkbuf_0_u_ibex.clk/A (sky130_fd_sc_hd__clkbuf_16)
     9    0.077738    0.096883    0.236470   26.089186 ^ clkbuf_0_u_ibex.clk/X (sky130_fd_sc_hd__clkbuf_16)
                                                         clknet_0_u_ibex.clk (net)
                      0.097339    0.005283   26.094467 ^ clkbuf_2_3__f_u_ibex.clk/A (sky130_fd_sc_hd__clkbuf_16)
    23    0.077329    0.094713    0.186020   26.280487 ^ clkbuf_2_3__f_u_ibex.clk/X (sky130_fd_sc_hd__clkbuf_16)
                                                         clknet_2_3__leaf_u_ibex.clk (net)
                      0.095410    0.006434   26.286922 ^ _574_/CLK (sky130_fd_sc_hd__dfrtp_1)
                                 -0.250000   26.036922   clock uncertainty
                                  0.000000   26.036922   clock reconvergence pessimism
                                  0.221415   26.258339   library recovery time
                                             26.258339   data required time
---------------------------------------------------------------------------------------------
                                             26.258339   data required time
                                             -5.991299   data arrival time
---------------------------------------------------------------------------------------------
                                             20.267040   slack (MET)


Startpoint: rst_ni (input port clocked by clk_i)
Endpoint: _608_ (recovery check against rising-edge clock clk_i)
Path Group: asynchronous
Path Type: max

Fanout         Cap        Slew       Delay        Time   Description
---------------------------------------------------------------------------------------------
                                  0.000000    0.000000   clock clk_i (rise edge)
                                  0.000000    0.000000   clock network delay (propagated)
                                  5.000000    5.000000 ^ input external delay
     2    0.009382    0.048660    0.032007    5.032007 ^ rst_ni (in)
                                                         rst_ni (net)
                      0.048660    0.000000    5.032007 ^ input1/A (sky130_fd_sc_hd__buf_8)
     5    0.128799    0.207057    0.190278    5.222286 ^ input1/X (sky130_fd_sc_hd__buf_8)
                                                         net1 (net)
                      0.236474    0.059234    5.281520 ^ fanout93/A (sky130_fd_sc_hd__buf_1)
     3    0.014303    0.173915    0.209943    5.491463 ^ fanout93/X (sky130_fd_sc_hd__buf_1)
                                                         net93 (net)
                      0.173915    0.000243    5.491706 ^ fanout90/A (sky130_fd_sc_hd__clkbuf_2)
     9    0.034611    0.190893    0.249304    5.741010 ^ fanout90/X (sky130_fd_sc_hd__clkbuf_2)
                                                         net90 (net)
                      0.191000    0.002290    5.743300 ^ fanout88/A (sky130_fd_sc_hd__buf_2)
     6    0.035568    0.176761    0.249289    5.992589 ^ fanout88/X (sky130_fd_sc_hd__buf_2)
                                                         net88 (net)
                      0.176765    0.001127    5.993716 ^ _608_/RESET_B (sky130_fd_sc_hd__dfrtp_1)
                                              5.993716   data arrival time

                                 25.000000   25.000000   clock clk_i (rise edge)
                                  0.000000   25.000000   clock source latency
     2    0.071891    0.327468    0.237902   25.237902 ^ clk_i (in)
                                                         clk_i (net)
                      0.329570    0.000000   25.237902 ^ clkbuf_0_clk_i/A (sky130_fd_sc_hd__clkbuf_16)
     2    0.018366    0.045915    0.208679   25.446581 ^ clkbuf_0_clk_i/X (sky130_fd_sc_hd__clkbuf_16)
                                                         clknet_0_clk_i (net)
                      0.045915    0.000139   25.446720 ^ clkbuf_1_0__f_clk_i/A (sky130_fd_sc_hd__clkbuf_16)
     3    0.007966    0.031577    0.114250   25.560968 ^ clkbuf_1_0__f_clk_i/X (sky130_fd_sc_hd__clkbuf_16)
                                                         clknet_1_0__leaf_clk_i (net)
                      0.031577    0.000082   25.561050 ^ _498_/A (sky130_fd_sc_hd__and2_2)
     3    0.049082    0.252905    0.282418   25.843468 ^ _498_/X (sky130_fd_sc_hd__and2_2)
                                                         u_ibex.clk (net)
                      0.253412    0.009246   25.852715 ^ clkbuf_0_u_ibex.clk/A (sky130_fd_sc_hd__clkbuf_16)
     9    0.077738    0.096883    0.236470   26.089186 ^ clkbuf_0_u_ibex.clk/X (sky130_fd_sc_hd__clkbuf_16)
                                                         clknet_0_u_ibex.clk (net)
                      0.097115    0.003798   26.092983 ^ clkbuf_2_1__f_u_ibex.clk/A (sky130_fd_sc_hd__clkbuf_16)
    33    0.090510    0.107483    0.194202   26.287186 ^ clkbuf_2_1__f_u_ibex.clk/X (sky130_fd_sc_hd__clkbuf_16)
                                                         clknet_2_1__leaf_u_ibex.clk (net)
                      0.108468    0.008241   26.295425 ^ _608_/CLK (sky130_fd_sc_hd__dfrtp_1)
                                 -0.250000   26.045425   clock uncertainty
                                  0.000000   26.045425   clock reconvergence pessimism
                                  0.216018   26.261444   library recovery time
                                             26.261444   data required time
---------------------------------------------------------------------------------------------
                                             26.261444   data required time
                                             -5.993716   data arrival time
---------------------------------------------------------------------------------------------
                                             20.267727   slack (MET)


Startpoint: rst_ni (input port clocked by clk_i)
Endpoint: _609_ (recovery check against rising-edge clock clk_i)
Path Group: asynchronous
Path Type: max

Fanout         Cap        Slew       Delay        Time   Description
---------------------------------------------------------------------------------------------
                                  0.000000    0.000000   clock clk_i (rise edge)
                                  0.000000    0.000000   clock network delay (propagated)
                                  5.000000    5.000000 ^ input external delay
     2    0.009382    0.048660    0.032007    5.032007 ^ rst_ni (in)
                                                         rst_ni (net)
                      0.048660    0.000000    5.032007 ^ input1/A (sky130_fd_sc_hd__buf_8)
     5    0.128799    0.207057    0.190278    5.222286 ^ input1/X (sky130_fd_sc_hd__buf_8)
                                                         net1 (net)
                      0.236474    0.059234    5.281520 ^ fanout93/A (sky130_fd_sc_hd__buf_1)
     3    0.014303    0.173915    0.209943    5.491463 ^ fanout93/X (sky130_fd_sc_hd__buf_1)
                                                         net93 (net)
                      0.173915    0.000243    5.491706 ^ fanout90/A (sky130_fd_sc_hd__clkbuf_2)
     9    0.034611    0.190893    0.249304    5.741010 ^ fanout90/X (sky130_fd_sc_hd__clkbuf_2)
                                                         net90 (net)
                      0.191000    0.002290    5.743300 ^ fanout88/A (sky130_fd_sc_hd__buf_2)
     6    0.035568    0.176761    0.249289    5.992589 ^ fanout88/X (sky130_fd_sc_hd__buf_2)
                                                         net88 (net)
                      0.176766    0.001174    5.993763 ^ _609_/RESET_B (sky130_fd_sc_hd__dfrtp_1)
                                              5.993763   data arrival time

                                 25.000000   25.000000   clock clk_i (rise edge)
                                  0.000000   25.000000   clock source latency
     2    0.071891    0.327468    0.237902   25.237902 ^ clk_i (in)
                                                         clk_i (net)
                      0.329570    0.000000   25.237902 ^ clkbuf_0_clk_i/A (sky130_fd_sc_hd__clkbuf_16)
     2    0.018366    0.045915    0.208679   25.446581 ^ clkbuf_0_clk_i/X (sky130_fd_sc_hd__clkbuf_16)
                                                         clknet_0_clk_i (net)
                      0.045915    0.000139   25.446720 ^ clkbuf_1_0__f_clk_i/A (sky130_fd_sc_hd__clkbuf_16)
     3    0.007966    0.031577    0.114250   25.560968 ^ clkbuf_1_0__f_clk_i/X (sky130_fd_sc_hd__clkbuf_16)
                                                         clknet_1_0__leaf_clk_i (net)
                      0.031577    0.000082   25.561050 ^ _498_/A (sky130_fd_sc_hd__and2_2)
     3    0.049082    0.252905    0.282418   25.843468 ^ _498_/X (sky130_fd_sc_hd__and2_2)
                                                         u_ibex.clk (net)
                      0.253412    0.009246   25.852715 ^ clkbuf_0_u_ibex.clk/A (sky130_fd_sc_hd__clkbuf_16)
     9    0.077738    0.096883    0.236470   26.089186 ^ clkbuf_0_u_ibex.clk/X (sky130_fd_sc_hd__clkbuf_16)
                                                         clknet_0_u_ibex.clk (net)
                      0.097115    0.003798   26.092983 ^ clkbuf_2_1__f_u_ibex.clk/A (sky130_fd_sc_hd__clkbuf_16)
    33    0.090510    0.107483    0.194202   26.287186 ^ clkbuf_2_1__f_u_ibex.clk/X (sky130_fd_sc_hd__clkbuf_16)
                                                         clknet_2_1__leaf_u_ibex.clk (net)
                      0.108481    0.008292   26.295477 ^ _609_/CLK (sky130_fd_sc_hd__dfrtp_1)
                                 -0.250000   26.045477   clock uncertainty
                                  0.000000   26.045477   clock reconvergence pessimism
                                  0.216021   26.261499   library recovery time
                                             26.261499   data required time
---------------------------------------------------------------------------------------------
                                             26.261499   data required time
                                             -5.993763   data arrival time
---------------------------------------------------------------------------------------------
                                             20.267735   slack (MET)


Startpoint: rst_ni (input port clocked by clk_i)
Endpoint: _605_ (recovery check against rising-edge clock clk_i)
Path Group: asynchronous
Path Type: max

Fanout         Cap        Slew       Delay        Time   Description
---------------------------------------------------------------------------------------------
                                  0.000000    0.000000   clock clk_i (rise edge)
                                  0.000000    0.000000   clock network delay (propagated)
                                  5.000000    5.000000 ^ input external delay
     2    0.009382    0.048660    0.032007    5.032007 ^ rst_ni (in)
                                                         rst_ni (net)
                      0.048660    0.000000    5.032007 ^ input1/A (sky130_fd_sc_hd__buf_8)
     5    0.128799    0.207057    0.190278    5.222286 ^ input1/X (sky130_fd_sc_hd__buf_8)
                                                         net1 (net)
                      0.236474    0.059234    5.281520 ^ fanout93/A (sky130_fd_sc_hd__buf_1)
     3    0.014303    0.173915    0.209943    5.491463 ^ fanout93/X (sky130_fd_sc_hd__buf_1)
                                                         net93 (net)
                      0.173915    0.000243    5.491706 ^ fanout90/A (sky130_fd_sc_hd__clkbuf_2)
     9    0.034611    0.190893    0.249304    5.741010 ^ fanout90/X (sky130_fd_sc_hd__clkbuf_2)
                                                         net90 (net)
                      0.191000    0.002290    5.743300 ^ fanout88/A (sky130_fd_sc_hd__buf_2)
     6    0.035568    0.176761    0.249289    5.992589 ^ fanout88/X (sky130_fd_sc_hd__buf_2)
                                                         net88 (net)
                      0.176761    0.000487    5.993076 ^ _605_/RESET_B (sky130_fd_sc_hd__dfrtp_1)
                                              5.993076   data arrival time

                                 25.000000   25.000000   clock clk_i (rise edge)
                                  0.000000   25.000000   clock source latency
     2    0.071891    0.327468    0.237902   25.237902 ^ clk_i (in)
                                                         clk_i (net)
                      0.329570    0.000000   25.237902 ^ clkbuf_0_clk_i/A (sky130_fd_sc_hd__clkbuf_16)
     2    0.018366    0.045915    0.208679   25.446581 ^ clkbuf_0_clk_i/X (sky130_fd_sc_hd__clkbuf_16)
                                                         clknet_0_clk_i (net)
                      0.045915    0.000139   25.446720 ^ clkbuf_1_0__f_clk_i/A (sky130_fd_sc_hd__clkbuf_16)
     3    0.007966    0.031577    0.114250   25.560968 ^ clkbuf_1_0__f_clk_i/X (sky130_fd_sc_hd__clkbuf_16)
                                                         clknet_1_0__leaf_clk_i (net)
                      0.031577    0.000082   25.561050 ^ _498_/A (sky130_fd_sc_hd__and2_2)
     3    0.049082    0.252905    0.282418   25.843468 ^ _498_/X (sky130_fd_sc_hd__and2_2)
                                                         u_ibex.clk (net)
                      0.253412    0.009246   25.852715 ^ clkbuf_0_u_ibex.clk/A (sky130_fd_sc_hd__clkbuf_16)
     9    0.077738    0.096883    0.236470   26.089186 ^ clkbuf_0_u_ibex.clk/X (sky130_fd_sc_hd__clkbuf_16)
                                                         clknet_0_u_ibex.clk (net)
                      0.097115    0.003798   26.092983 ^ clkbuf_2_1__f_u_ibex.clk/A (sky130_fd_sc_hd__clkbuf_16)
    33    0.090510    0.107483    0.194202   26.287186 ^ clkbuf_2_1__f_u_ibex.clk/X (sky130_fd_sc_hd__clkbuf_16)
                                                         clknet_2_1__leaf_u_ibex.clk (net)
                      0.108393    0.007931   26.295116 ^ _605_/CLK (sky130_fd_sc_hd__dfrtp_1)
                                 -0.250000   26.045116   clock uncertainty
                                  0.000000   26.045116   clock reconvergence pessimism
                                  0.215995   26.261112   library recovery time
                                             26.261112   data required time
---------------------------------------------------------------------------------------------
                                             26.261112   data required time
                                             -5.993076   data arrival time
---------------------------------------------------------------------------------------------
                                             20.268036   slack (MET)


Startpoint: rst_ni (input port clocked by clk_i)
Endpoint: _566_ (recovery check against rising-edge clock clk_i)
Path Group: asynchronous
Path Type: max

Fanout         Cap        Slew       Delay        Time   Description
---------------------------------------------------------------------------------------------
                                  0.000000    0.000000   clock clk_i (rise edge)
                                  0.000000    0.000000   clock network delay (propagated)
                                  5.000000    5.000000 ^ input external delay
     2    0.009382    0.048660    0.032007    5.032007 ^ rst_ni (in)
                                                         rst_ni (net)
                      0.048660    0.000000    5.032007 ^ input1/A (sky130_fd_sc_hd__buf_8)
     5    0.128799    0.207057    0.190278    5.222286 ^ input1/X (sky130_fd_sc_hd__buf_8)
                                                         net1 (net)
                      0.226426    0.047790    5.270076 ^ fanout99/A (sky130_fd_sc_hd__clkbuf_2)
     7    0.031689    0.176244    0.252490    5.522566 ^ fanout99/X (sky130_fd_sc_hd__clkbuf_2)
                                                         net99 (net)
                      0.176244    0.000179    5.522744 ^ fanout98/A (sky130_fd_sc_hd__buf_1)
     4    0.019096    0.228780    0.239214    5.761958 ^ fanout98/X (sky130_fd_sc_hd__buf_1)
                                                         net98 (net)
                      0.228782    0.000646    5.762604 ^ fanout95/A (sky130_fd_sc_hd__clkbuf_2)
     4    0.024661    0.139889    0.228111    5.990715 ^ fanout95/X (sky130_fd_sc_hd__clkbuf_2)
                                                         net95 (net)
                      0.139889    0.000273    5.990988 ^ _566_/RESET_B (sky130_fd_sc_hd__dfrtp_1)
                                              5.990988   data arrival time

                                 25.000000   25.000000   clock clk_i (rise edge)
                                  0.000000   25.000000   clock source latency
     2    0.071891    0.327468    0.237902   25.237902 ^ clk_i (in)
                                                         clk_i (net)
                      0.329570    0.000000   25.237902 ^ clkbuf_0_clk_i/A (sky130_fd_sc_hd__clkbuf_16)
     2    0.018366    0.045915    0.208679   25.446581 ^ clkbuf_0_clk_i/X (sky130_fd_sc_hd__clkbuf_16)
                                                         clknet_0_clk_i (net)
                      0.045915    0.000139   25.446720 ^ clkbuf_1_0__f_clk_i/A (sky130_fd_sc_hd__clkbuf_16)
     3    0.007966    0.031577    0.114250   25.560968 ^ clkbuf_1_0__f_clk_i/X (sky130_fd_sc_hd__clkbuf_16)
                                                         clknet_1_0__leaf_clk_i (net)
                      0.031577    0.000082   25.561050 ^ _498_/A (sky130_fd_sc_hd__and2_2)
     3    0.049082    0.252905    0.282418   25.843468 ^ _498_/X (sky130_fd_sc_hd__and2_2)
                                                         u_ibex.clk (net)
                      0.253412    0.009246   25.852715 ^ clkbuf_0_u_ibex.clk/A (sky130_fd_sc_hd__clkbuf_16)
     9    0.077738    0.096883    0.236470   26.089186 ^ clkbuf_0_u_ibex.clk/X (sky130_fd_sc_hd__clkbuf_16)
                                                         clknet_0_u_ibex.clk (net)
                      0.097339    0.005283   26.094467 ^ clkbuf_2_3__f_u_ibex.clk/A (sky130_fd_sc_hd__clkbuf_16)
    23    0.077329    0.094713    0.186020   26.280487 ^ clkbuf_2_3__f_u_ibex.clk/X (sky130_fd_sc_hd__clkbuf_16)
                                                         clknet_2_3__leaf_u_ibex.clk (net)
                      0.095574    0.007145   26.287632 ^ _566_/CLK (sky130_fd_sc_hd__dfrtp_1)
                                 -0.250000   26.037634   clock uncertainty
                                  0.000000   26.037634   clock reconvergence pessimism
                                  0.221466   26.259098   library recovery time
                                             26.259098   data required time
---------------------------------------------------------------------------------------------
                                             26.259098   data required time
                                             -5.990988   data arrival time
---------------------------------------------------------------------------------------------
                                             20.268112   slack (MET)


Startpoint: rst_ni (input port clocked by clk_i)
Endpoint: _606_ (recovery check against rising-edge clock clk_i)
Path Group: asynchronous
Path Type: max

Fanout         Cap        Slew       Delay        Time   Description
---------------------------------------------------------------------------------------------
                                  0.000000    0.000000   clock clk_i (rise edge)
                                  0.000000    0.000000   clock network delay (propagated)
                                  5.000000    5.000000 ^ input external delay
     2    0.009382    0.048660    0.032007    5.032007 ^ rst_ni (in)
                                                         rst_ni (net)
                      0.048660    0.000000    5.032007 ^ input1/A (sky130_fd_sc_hd__buf_8)
     5    0.128799    0.207057    0.190278    5.222286 ^ input1/X (sky130_fd_sc_hd__buf_8)
                                                         net1 (net)
                      0.236474    0.059234    5.281520 ^ fanout93/A (sky130_fd_sc_hd__buf_1)
     3    0.014303    0.173915    0.209943    5.491463 ^ fanout93/X (sky130_fd_sc_hd__buf_1)
                                                         net93 (net)
                      0.173915    0.000243    5.491706 ^ fanout90/A (sky130_fd_sc_hd__clkbuf_2)
     9    0.034611    0.190893    0.249304    5.741010 ^ fanout90/X (sky130_fd_sc_hd__clkbuf_2)
                                                         net90 (net)
                      0.191000    0.002290    5.743300 ^ fanout88/A (sky130_fd_sc_hd__buf_2)
     6    0.035568    0.176761    0.249289    5.992589 ^ fanout88/X (sky130_fd_sc_hd__buf_2)
                                                         net88 (net)
                      0.176765    0.001102    5.993691 ^ _606_/RESET_B (sky130_fd_sc_hd__dfrtp_1)
                                              5.993691   data arrival time

                                 25.000000   25.000000   clock clk_i (rise edge)
                                  0.000000   25.000000   clock source latency
     2    0.071891    0.327468    0.237902   25.237902 ^ clk_i (in)
                                                         clk_i (net)
                      0.329570    0.000000   25.237902 ^ clkbuf_0_clk_i/A (sky130_fd_sc_hd__clkbuf_16)
     2    0.018366    0.045915    0.208679   25.446581 ^ clkbuf_0_clk_i/X (sky130_fd_sc_hd__clkbuf_16)
                                                         clknet_0_clk_i (net)
                      0.045915    0.000139   25.446720 ^ clkbuf_1_0__f_clk_i/A (sky130_fd_sc_hd__clkbuf_16)
     3    0.007966    0.031577    0.114250   25.560968 ^ clkbuf_1_0__f_clk_i/X (sky130_fd_sc_hd__clkbuf_16)
                                                         clknet_1_0__leaf_clk_i (net)
                      0.031577    0.000082   25.561050 ^ _498_/A (sky130_fd_sc_hd__and2_2)
     3    0.049082    0.252905    0.282418   25.843468 ^ _498_/X (sky130_fd_sc_hd__and2_2)
                                                         u_ibex.clk (net)
                      0.253412    0.009246   25.852715 ^ clkbuf_0_u_ibex.clk/A (sky130_fd_sc_hd__clkbuf_16)
     9    0.077738    0.096883    0.236470   26.089186 ^ clkbuf_0_u_ibex.clk/X (sky130_fd_sc_hd__clkbuf_16)
                                                         clknet_0_u_ibex.clk (net)
                      0.097115    0.003798   26.092983 ^ clkbuf_2_1__f_u_ibex.clk/A (sky130_fd_sc_hd__clkbuf_16)
    33    0.090510    0.107483    0.194202   26.287186 ^ clkbuf_2_1__f_u_ibex.clk/X (sky130_fd_sc_hd__clkbuf_16)
                                                         clknet_2_1__leaf_u_ibex.clk (net)
                      0.108651    0.008951   26.296135 ^ _606_/CLK (sky130_fd_sc_hd__dfrtp_1)
                                 -0.250000   26.046137   clock uncertainty
                                  0.000000   26.046137   clock reconvergence pessimism
                                  0.216075   26.262211   library recovery time
                                             26.262211   data required time
---------------------------------------------------------------------------------------------
                                             26.262211   data required time
                                             -5.993691   data arrival time
---------------------------------------------------------------------------------------------
                                             20.268520   slack (MET)


Startpoint: rst_ni (input port clocked by clk_i)
Endpoint: _607_ (recovery check against rising-edge clock clk_i)
Path Group: asynchronous
Path Type: max

Fanout         Cap        Slew       Delay        Time   Description
---------------------------------------------------------------------------------------------
                                  0.000000    0.000000   clock clk_i (rise edge)
                                  0.000000    0.000000   clock network delay (propagated)
                                  5.000000    5.000000 ^ input external delay
     2    0.009382    0.048660    0.032007    5.032007 ^ rst_ni (in)
                                                         rst_ni (net)
                      0.048660    0.000000    5.032007 ^ input1/A (sky130_fd_sc_hd__buf_8)
     5    0.128799    0.207057    0.190278    5.222286 ^ input1/X (sky130_fd_sc_hd__buf_8)
                                                         net1 (net)
                      0.236474    0.059234    5.281520 ^ fanout93/A (sky130_fd_sc_hd__buf_1)
     3    0.014303    0.173915    0.209943    5.491463 ^ fanout93/X (sky130_fd_sc_hd__buf_1)
                                                         net93 (net)
                      0.173915    0.000243    5.491706 ^ fanout90/A (sky130_fd_sc_hd__clkbuf_2)
     9    0.034611    0.190893    0.249304    5.741010 ^ fanout90/X (sky130_fd_sc_hd__clkbuf_2)
                                                         net90 (net)
                      0.191000    0.002290    5.743300 ^ fanout88/A (sky130_fd_sc_hd__buf_2)
     6    0.035568    0.176761    0.249289    5.992589 ^ fanout88/X (sky130_fd_sc_hd__buf_2)
                                                         net88 (net)
                      0.176764    0.001056    5.993645 ^ _607_/RESET_B (sky130_fd_sc_hd__dfrtp_1)
                                              5.993645   data arrival time

                                 25.000000   25.000000   clock clk_i (rise edge)
                                  0.000000   25.000000   clock source latency
     2    0.071891    0.327468    0.237902   25.237902 ^ clk_i (in)
                                                         clk_i (net)
                      0.329570    0.000000   25.237902 ^ clkbuf_0_clk_i/A (sky130_fd_sc_hd__clkbuf_16)
     2    0.018366    0.045915    0.208679   25.446581 ^ clkbuf_0_clk_i/X (sky130_fd_sc_hd__clkbuf_16)
                                                         clknet_0_clk_i (net)
                      0.045915    0.000139   25.446720 ^ clkbuf_1_0__f_clk_i/A (sky130_fd_sc_hd__clkbuf_16)
     3    0.007966    0.031577    0.114250   25.560968 ^ clkbuf_1_0__f_clk_i/X (sky130_fd_sc_hd__clkbuf_16)
                                                         clknet_1_0__leaf_clk_i (net)
                      0.031577    0.000082   25.561050 ^ _498_/A (sky130_fd_sc_hd__and2_2)
     3    0.049082    0.252905    0.282418   25.843468 ^ _498_/X (sky130_fd_sc_hd__and2_2)
                                                         u_ibex.clk (net)
                      0.253412    0.009246   25.852715 ^ clkbuf_0_u_ibex.clk/A (sky130_fd_sc_hd__clkbuf_16)
     9    0.077738    0.096883    0.236470   26.089186 ^ clkbuf_0_u_ibex.clk/X (sky130_fd_sc_hd__clkbuf_16)
                                                         clknet_0_u_ibex.clk (net)
                      0.097115    0.003798   26.092983 ^ clkbuf_2_1__f_u_ibex.clk/A (sky130_fd_sc_hd__clkbuf_16)
    33    0.090510    0.107483    0.194202   26.287186 ^ clkbuf_2_1__f_u_ibex.clk/X (sky130_fd_sc_hd__clkbuf_16)
                                                         clknet_2_1__leaf_u_ibex.clk (net)
                      0.108659    0.008978   26.296162 ^ _607_/CLK (sky130_fd_sc_hd__dfrtp_1)
                                 -0.250000   26.046164   clock uncertainty
                                  0.000000   26.046164   clock reconvergence pessimism
                                  0.216077   26.262241   library recovery time
                                             26.262241   data required time
---------------------------------------------------------------------------------------------
                                             26.262241   data required time
                                             -5.993645   data arrival time
---------------------------------------------------------------------------------------------
                                             20.268597   slack (MET)


Startpoint: rst_ni (input port clocked by clk_i)
Endpoint: _604_ (recovery check against rising-edge clock clk_i)
Path Group: asynchronous
Path Type: max

Fanout         Cap        Slew       Delay        Time   Description
---------------------------------------------------------------------------------------------
                                  0.000000    0.000000   clock clk_i (rise edge)
                                  0.000000    0.000000   clock network delay (propagated)
                                  5.000000    5.000000 ^ input external delay
     2    0.009382    0.048660    0.032007    5.032007 ^ rst_ni (in)
                                                         rst_ni (net)
                      0.048660    0.000000    5.032007 ^ input1/A (sky130_fd_sc_hd__buf_8)
     5    0.128799    0.207057    0.190278    5.222286 ^ input1/X (sky130_fd_sc_hd__buf_8)
                                                         net1 (net)
                      0.236474    0.059234    5.281520 ^ fanout93/A (sky130_fd_sc_hd__buf_1)
     3    0.014303    0.173915    0.209943    5.491463 ^ fanout93/X (sky130_fd_sc_hd__buf_1)
                                                         net93 (net)
                      0.173915    0.000243    5.491706 ^ fanout90/A (sky130_fd_sc_hd__clkbuf_2)
     9    0.034611    0.190893    0.249304    5.741010 ^ fanout90/X (sky130_fd_sc_hd__clkbuf_2)
                                                         net90 (net)
                      0.191000    0.002290    5.743300 ^ fanout88/A (sky130_fd_sc_hd__buf_2)
     6    0.035568    0.176761    0.249289    5.992589 ^ fanout88/X (sky130_fd_sc_hd__buf_2)
                                                         net88 (net)
                      0.176761    0.000745    5.993334 ^ _604_/RESET_B (sky130_fd_sc_hd__dfrtp_1)
                                              5.993334   data arrival time

                                 25.000000   25.000000   clock clk_i (rise edge)
                                  0.000000   25.000000   clock source latency
     2    0.071891    0.327468    0.237902   25.237902 ^ clk_i (in)
                                                         clk_i (net)
                      0.329570    0.000000   25.237902 ^ clkbuf_0_clk_i/A (sky130_fd_sc_hd__clkbuf_16)
     2    0.018366    0.045915    0.208679   25.446581 ^ clkbuf_0_clk_i/X (sky130_fd_sc_hd__clkbuf_16)
                                                         clknet_0_clk_i (net)
                      0.045915    0.000139   25.446720 ^ clkbuf_1_0__f_clk_i/A (sky130_fd_sc_hd__clkbuf_16)
     3    0.007966    0.031577    0.114250   25.560968 ^ clkbuf_1_0__f_clk_i/X (sky130_fd_sc_hd__clkbuf_16)
                                                         clknet_1_0__leaf_clk_i (net)
                      0.031577    0.000082   25.561050 ^ _498_/A (sky130_fd_sc_hd__and2_2)
     3    0.049082    0.252905    0.282418   25.843468 ^ _498_/X (sky130_fd_sc_hd__and2_2)
                                                         u_ibex.clk (net)
                      0.253412    0.009246   25.852715 ^ clkbuf_0_u_ibex.clk/A (sky130_fd_sc_hd__clkbuf_16)
     9    0.077738    0.096883    0.236470   26.089186 ^ clkbuf_0_u_ibex.clk/X (sky130_fd_sc_hd__clkbuf_16)
                                                         clknet_0_u_ibex.clk (net)
                      0.097115    0.003798   26.092983 ^ clkbuf_2_1__f_u_ibex.clk/A (sky130_fd_sc_hd__clkbuf_16)
    33    0.090510    0.107483    0.194202   26.287186 ^ clkbuf_2_1__f_u_ibex.clk/X (sky130_fd_sc_hd__clkbuf_16)
                                                         clknet_2_1__leaf_u_ibex.clk (net)
                      0.108609    0.008791   26.295977 ^ _604_/CLK (sky130_fd_sc_hd__dfrtp_1)
                                 -0.250000   26.045977   clock uncertainty
                                  0.000000   26.045977   clock reconvergence pessimism
                                  0.216062   26.262039   library recovery time
                                             26.262039   data required time
---------------------------------------------------------------------------------------------
                                             26.262039   data required time
                                             -5.993334   data arrival time
---------------------------------------------------------------------------------------------
                                             20.268705   slack (MET)


Startpoint: rst_ni (input port clocked by clk_i)
Endpoint: _598_ (recovery check against rising-edge clock clk_i)
Path Group: asynchronous
Path Type: max

Fanout         Cap        Slew       Delay        Time   Description
---------------------------------------------------------------------------------------------
                                  0.000000    0.000000   clock clk_i (rise edge)
                                  0.000000    0.000000   clock network delay (propagated)
                                  5.000000    5.000000 ^ input external delay
     2    0.009382    0.048660    0.032007    5.032007 ^ rst_ni (in)
                                                         rst_ni (net)
                      0.048660    0.000000    5.032007 ^ input1/A (sky130_fd_sc_hd__buf_8)
     5    0.128799    0.207057    0.190278    5.222286 ^ input1/X (sky130_fd_sc_hd__buf_8)
                                                         net1 (net)
                      0.236474    0.059234    5.281520 ^ fanout93/A (sky130_fd_sc_hd__buf_1)
     3    0.014303    0.173915    0.209943    5.491463 ^ fanout93/X (sky130_fd_sc_hd__buf_1)
                                                         net93 (net)
                      0.173915    0.000243    5.491706 ^ fanout90/A (sky130_fd_sc_hd__clkbuf_2)
     9    0.034611    0.190893    0.249304    5.741010 ^ fanout90/X (sky130_fd_sc_hd__clkbuf_2)
                                                         net90 (net)
                      0.190961    0.000404    5.741413 ^ fanout89/A (sky130_fd_sc_hd__clkbuf_2)
     5    0.031464    0.174783    0.243055    5.984468 ^ fanout89/X (sky130_fd_sc_hd__clkbuf_2)
                                                         net89 (net)
                      0.174783    0.000499    5.984968 ^ _598_/RESET_B (sky130_fd_sc_hd__dfrtp_1)
                                              5.984968   data arrival time

                                 25.000000   25.000000   clock clk_i (rise edge)
                                  0.000000   25.000000   clock source latency
     2    0.071891    0.327468    0.237902   25.237902 ^ clk_i (in)
                                                         clk_i (net)
                      0.329570    0.000000   25.237902 ^ clkbuf_0_clk_i/A (sky130_fd_sc_hd__clkbuf_16)
     2    0.018366    0.045915    0.208679   25.446581 ^ clkbuf_0_clk_i/X (sky130_fd_sc_hd__clkbuf_16)
                                                         clknet_0_clk_i (net)
                      0.045915    0.000139   25.446720 ^ clkbuf_1_0__f_clk_i/A (sky130_fd_sc_hd__clkbuf_16)
     3    0.007966    0.031577    0.114250   25.560968 ^ clkbuf_1_0__f_clk_i/X (sky130_fd_sc_hd__clkbuf_16)
                                                         clknet_1_0__leaf_clk_i (net)
                      0.031577    0.000082   25.561050 ^ _498_/A (sky130_fd_sc_hd__and2_2)
     3    0.049082    0.252905    0.282418   25.843468 ^ _498_/X (sky130_fd_sc_hd__and2_2)
                                                         u_ibex.clk (net)
                      0.253412    0.009246   25.852715 ^ clkbuf_0_u_ibex.clk/A (sky130_fd_sc_hd__clkbuf_16)
     9    0.077738    0.096883    0.236470   26.089186 ^ clkbuf_0_u_ibex.clk/X (sky130_fd_sc_hd__clkbuf_16)
                                                         clknet_0_u_ibex.clk (net)
                      0.097115    0.003798   26.092983 ^ clkbuf_2_1__f_u_ibex.clk/A (sky130_fd_sc_hd__clkbuf_16)
    33    0.090510    0.107483    0.194202   26.287186 ^ clkbuf_2_1__f_u_ibex.clk/X (sky130_fd_sc_hd__clkbuf_16)
                                                         clknet_2_1__leaf_u_ibex.clk (net)
                      0.108198    0.007065   26.294249 ^ _598_/CLK (sky130_fd_sc_hd__dfrtp_1)
                                 -0.250000   26.044250   clock uncertainty
                                  0.000000   26.044250   clock reconvergence pessimism
                                  0.216442   26.260693   library recovery time
                                             26.260693   data required time
---------------------------------------------------------------------------------------------
                                             26.260693   data required time
                                             -5.984968   data arrival time
---------------------------------------------------------------------------------------------
                                             20.275724   slack (MET)


Startpoint: rst_ni (input port clocked by clk_i)
Endpoint: _602_ (recovery check against rising-edge clock clk_i)
Path Group: asynchronous
Path Type: max

Fanout         Cap        Slew       Delay        Time   Description
---------------------------------------------------------------------------------------------
                                  0.000000    0.000000   clock clk_i (rise edge)
                                  0.000000    0.000000   clock network delay (propagated)
                                  5.000000    5.000000 ^ input external delay
     2    0.009382    0.048660    0.032007    5.032007 ^ rst_ni (in)
                                                         rst_ni (net)
                      0.048660    0.000000    5.032007 ^ input1/A (sky130_fd_sc_hd__buf_8)
     5    0.128799    0.207057    0.190278    5.222286 ^ input1/X (sky130_fd_sc_hd__buf_8)
                                                         net1 (net)
                      0.236474    0.059234    5.281520 ^ fanout93/A (sky130_fd_sc_hd__buf_1)
     3    0.014303    0.173915    0.209943    5.491463 ^ fanout93/X (sky130_fd_sc_hd__buf_1)
                                                         net93 (net)
                      0.173915    0.000243    5.491706 ^ fanout90/A (sky130_fd_sc_hd__clkbuf_2)
     9    0.034611    0.190893    0.249304    5.741010 ^ fanout90/X (sky130_fd_sc_hd__clkbuf_2)
                                                         net90 (net)
                      0.190961    0.000404    5.741413 ^ fanout89/A (sky130_fd_sc_hd__clkbuf_2)
     5    0.031464    0.174783    0.243055    5.984468 ^ fanout89/X (sky130_fd_sc_hd__clkbuf_2)
                                                         net89 (net)
                      0.174783    0.000699    5.985167 ^ _602_/RESET_B (sky130_fd_sc_hd__dfrtp_1)
                                              5.985167   data arrival time

                                 25.000000   25.000000   clock clk_i (rise edge)
                                  0.000000   25.000000   clock source latency
     2    0.071891    0.327468    0.237902   25.237902 ^ clk_i (in)
                                                         clk_i (net)
                      0.329570    0.000000   25.237902 ^ clkbuf_0_clk_i/A (sky130_fd_sc_hd__clkbuf_16)
     2    0.018366    0.045915    0.208679   25.446581 ^ clkbuf_0_clk_i/X (sky130_fd_sc_hd__clkbuf_16)
                                                         clknet_0_clk_i (net)
                      0.045915    0.000139   25.446720 ^ clkbuf_1_0__f_clk_i/A (sky130_fd_sc_hd__clkbuf_16)
     3    0.007966    0.031577    0.114250   25.560968 ^ clkbuf_1_0__f_clk_i/X (sky130_fd_sc_hd__clkbuf_16)
                                                         clknet_1_0__leaf_clk_i (net)
                      0.031577    0.000082   25.561050 ^ _498_/A (sky130_fd_sc_hd__and2_2)
     3    0.049082    0.252905    0.282418   25.843468 ^ _498_/X (sky130_fd_sc_hd__and2_2)
                                                         u_ibex.clk (net)
                      0.253412    0.009246   25.852715 ^ clkbuf_0_u_ibex.clk/A (sky130_fd_sc_hd__clkbuf_16)
     9    0.077738    0.096883    0.236470   26.089186 ^ clkbuf_0_u_ibex.clk/X (sky130_fd_sc_hd__clkbuf_16)
                                                         clknet_0_u_ibex.clk (net)
                      0.097115    0.003798   26.092983 ^ clkbuf_2_1__f_u_ibex.clk/A (sky130_fd_sc_hd__clkbuf_16)
    33    0.090510    0.107483    0.194202   26.287186 ^ clkbuf_2_1__f_u_ibex.clk/X (sky130_fd_sc_hd__clkbuf_16)
                                                         clknet_2_1__leaf_u_ibex.clk (net)
                      0.108340    0.007704   26.294889 ^ _602_/CLK (sky130_fd_sc_hd__dfrtp_1)
                                 -0.250000   26.044889   clock uncertainty
                                  0.000000   26.044889   clock reconvergence pessimism
                                  0.216486   26.261375   library recovery time
                                             26.261375   data required time
---------------------------------------------------------------------------------------------
                                             26.261375   data required time
                                             -5.985167   data arrival time
---------------------------------------------------------------------------------------------
                                             20.276209   slack (MET)


Startpoint: rst_ni (input port clocked by clk_i)
Endpoint: _600_ (recovery check against rising-edge clock clk_i)
Path Group: asynchronous
Path Type: max

Fanout         Cap        Slew       Delay        Time   Description
---------------------------------------------------------------------------------------------
                                  0.000000    0.000000   clock clk_i (rise edge)
                                  0.000000    0.000000   clock network delay (propagated)
                                  5.000000    5.000000 ^ input external delay
     2    0.009382    0.048660    0.032007    5.032007 ^ rst_ni (in)
                                                         rst_ni (net)
                      0.048660    0.000000    5.032007 ^ input1/A (sky130_fd_sc_hd__buf_8)
     5    0.128799    0.207057    0.190278    5.222286 ^ input1/X (sky130_fd_sc_hd__buf_8)
                                                         net1 (net)
                      0.236474    0.059234    5.281520 ^ fanout93/A (sky130_fd_sc_hd__buf_1)
     3    0.014303    0.173915    0.209943    5.491463 ^ fanout93/X (sky130_fd_sc_hd__buf_1)
                                                         net93 (net)
                      0.173915    0.000243    5.491706 ^ fanout90/A (sky130_fd_sc_hd__clkbuf_2)
     9    0.034611    0.190893    0.249304    5.741010 ^ fanout90/X (sky130_fd_sc_hd__clkbuf_2)
                                                         net90 (net)
                      0.190961    0.000404    5.741413 ^ fanout89/A (sky130_fd_sc_hd__clkbuf_2)
     5    0.031464    0.174783    0.243055    5.984468 ^ fanout89/X (sky130_fd_sc_hd__clkbuf_2)
                                                         net89 (net)
                      0.174783    0.000272    5.984741 ^ _600_/RESET_B (sky130_fd_sc_hd__dfrtp_1)
                                              5.984741   data arrival time

                                 25.000000   25.000000   clock clk_i (rise edge)
                                  0.000000   25.000000   clock source latency
     2    0.071891    0.327468    0.237902   25.237902 ^ clk_i (in)
                                                         clk_i (net)
                      0.329570    0.000000   25.237902 ^ clkbuf_0_clk_i/A (sky130_fd_sc_hd__clkbuf_16)
     2    0.018366    0.045915    0.208679   25.446581 ^ clkbuf_0_clk_i/X (sky130_fd_sc_hd__clkbuf_16)
                                                         clknet_0_clk_i (net)
                      0.045915    0.000139   25.446720 ^ clkbuf_1_0__f_clk_i/A (sky130_fd_sc_hd__clkbuf_16)
     3    0.007966    0.031577    0.114250   25.560968 ^ clkbuf_1_0__f_clk_i/X (sky130_fd_sc_hd__clkbuf_16)
                                                         clknet_1_0__leaf_clk_i (net)
                      0.031577    0.000082   25.561050 ^ _498_/A (sky130_fd_sc_hd__and2_2)
     3    0.049082    0.252905    0.282418   25.843468 ^ _498_/X (sky130_fd_sc_hd__and2_2)
                                                         u_ibex.clk (net)
                      0.253412    0.009246   25.852715 ^ clkbuf_0_u_ibex.clk/A (sky130_fd_sc_hd__clkbuf_16)
     9    0.077738    0.096883    0.236470   26.089186 ^ clkbuf_0_u_ibex.clk/X (sky130_fd_sc_hd__clkbuf_16)
                                                         clknet_0_u_ibex.clk (net)
                      0.097115    0.003798   26.092983 ^ clkbuf_2_1__f_u_ibex.clk/A (sky130_fd_sc_hd__clkbuf_16)
    33    0.090510    0.107483    0.194202   26.287186 ^ clkbuf_2_1__f_u_ibex.clk/X (sky130_fd_sc_hd__clkbuf_16)
                                                         clknet_2_1__leaf_u_ibex.clk (net)
                      0.108379    0.007871   26.295055 ^ _600_/CLK (sky130_fd_sc_hd__dfrtp_1)
                                 -0.250000   26.045057   clock uncertainty
                                  0.000000   26.045057   clock reconvergence pessimism
                                  0.216498   26.261553   library recovery time
                                             26.261553   data required time
---------------------------------------------------------------------------------------------
                                             26.261553   data required time
                                             -5.984741   data arrival time
---------------------------------------------------------------------------------------------
                                             20.276812   slack (MET)


Startpoint: rst_ni (input port clocked by clk_i)
Endpoint: _601_ (recovery check against rising-edge clock clk_i)
Path Group: asynchronous
Path Type: max

Fanout         Cap        Slew       Delay        Time   Description
---------------------------------------------------------------------------------------------
                                  0.000000    0.000000   clock clk_i (rise edge)
                                  0.000000    0.000000   clock network delay (propagated)
                                  5.000000    5.000000 ^ input external delay
     2    0.009382    0.048660    0.032007    5.032007 ^ rst_ni (in)
                                                         rst_ni (net)
                      0.048660    0.000000    5.032007 ^ input1/A (sky130_fd_sc_hd__buf_8)
     5    0.128799    0.207057    0.190278    5.222286 ^ input1/X (sky130_fd_sc_hd__buf_8)
                                                         net1 (net)
                      0.236474    0.059234    5.281520 ^ fanout93/A (sky130_fd_sc_hd__buf_1)
     3    0.014303    0.173915    0.209943    5.491463 ^ fanout93/X (sky130_fd_sc_hd__buf_1)
                                                         net93 (net)
                      0.173915    0.000243    5.491706 ^ fanout90/A (sky130_fd_sc_hd__clkbuf_2)
     9    0.034611    0.190893    0.249304    5.741010 ^ fanout90/X (sky130_fd_sc_hd__clkbuf_2)
                                                         net90 (net)
                      0.190961    0.000404    5.741413 ^ fanout89/A (sky130_fd_sc_hd__clkbuf_2)
     5    0.031464    0.174783    0.243055    5.984468 ^ fanout89/X (sky130_fd_sc_hd__clkbuf_2)
                                                         net89 (net)
                      0.174783    0.000462    5.984931 ^ _601_/RESET_B (sky130_fd_sc_hd__dfrtp_1)
                                              5.984931   data arrival time

                                 25.000000   25.000000   clock clk_i (rise edge)
                                  0.000000   25.000000   clock source latency
     2    0.071891    0.327468    0.237902   25.237902 ^ clk_i (in)
                                                         clk_i (net)
                      0.329570    0.000000   25.237902 ^ clkbuf_0_clk_i/A (sky130_fd_sc_hd__clkbuf_16)
     2    0.018366    0.045915    0.208679   25.446581 ^ clkbuf_0_clk_i/X (sky130_fd_sc_hd__clkbuf_16)
                                                         clknet_0_clk_i (net)
                      0.045915    0.000139   25.446720 ^ clkbuf_1_0__f_clk_i/A (sky130_fd_sc_hd__clkbuf_16)
     3    0.007966    0.031577    0.114250   25.560968 ^ clkbuf_1_0__f_clk_i/X (sky130_fd_sc_hd__clkbuf_16)
                                                         clknet_1_0__leaf_clk_i (net)
                      0.031577    0.000082   25.561050 ^ _498_/A (sky130_fd_sc_hd__and2_2)
     3    0.049082    0.252905    0.282418   25.843468 ^ _498_/X (sky130_fd_sc_hd__and2_2)
                                                         u_ibex.clk (net)
                      0.253412    0.009246   25.852715 ^ clkbuf_0_u_ibex.clk/A (sky130_fd_sc_hd__clkbuf_16)
     9    0.077738    0.096883    0.236470   26.089186 ^ clkbuf_0_u_ibex.clk/X (sky130_fd_sc_hd__clkbuf_16)
                                                         clknet_0_u_ibex.clk (net)
                      0.097115    0.003798   26.092983 ^ clkbuf_2_1__f_u_ibex.clk/A (sky130_fd_sc_hd__clkbuf_16)
    33    0.090510    0.107483    0.194202   26.287186 ^ clkbuf_2_1__f_u_ibex.clk/X (sky130_fd_sc_hd__clkbuf_16)
                                                         clknet_2_1__leaf_u_ibex.clk (net)
                      0.108470    0.008249   26.295435 ^ _601_/CLK (sky130_fd_sc_hd__dfrtp_1)
                                 -0.250000   26.045435   clock uncertainty
                                  0.000000   26.045435   clock reconvergence pessimism
                                  0.216526   26.261961   library recovery time
                                             26.261961   data required time
---------------------------------------------------------------------------------------------
                                             26.261961   data required time
                                             -5.984931   data arrival time
---------------------------------------------------------------------------------------------
                                             20.277029   slack (MET)


Startpoint: rst_ni (input port clocked by clk_i)
Endpoint: _603_ (recovery check against rising-edge clock clk_i)
Path Group: asynchronous
Path Type: max

Fanout         Cap        Slew       Delay        Time   Description
---------------------------------------------------------------------------------------------
                                  0.000000    0.000000   clock clk_i (rise edge)
                                  0.000000    0.000000   clock network delay (propagated)
                                  5.000000    5.000000 ^ input external delay
     2    0.009382    0.048660    0.032007    5.032007 ^ rst_ni (in)
                                                         rst_ni (net)
                      0.048660    0.000000    5.032007 ^ input1/A (sky130_fd_sc_hd__buf_8)
     5    0.128799    0.207057    0.190278    5.222286 ^ input1/X (sky130_fd_sc_hd__buf_8)
                                                         net1 (net)
                      0.236474    0.059234    5.281520 ^ fanout93/A (sky130_fd_sc_hd__buf_1)
     3    0.014303    0.173915    0.209943    5.491463 ^ fanout93/X (sky130_fd_sc_hd__buf_1)
                                                         net93 (net)
                      0.173915    0.000243    5.491706 ^ fanout90/A (sky130_fd_sc_hd__clkbuf_2)
     9    0.034611    0.190893    0.249304    5.741010 ^ fanout90/X (sky130_fd_sc_hd__clkbuf_2)
                                                         net90 (net)
                      0.190961    0.000404    5.741413 ^ fanout89/A (sky130_fd_sc_hd__clkbuf_2)
     5    0.031464    0.174783    0.243055    5.984468 ^ fanout89/X (sky130_fd_sc_hd__clkbuf_2)
                                                         net89 (net)
                      0.174783    0.000615    5.985084 ^ _603_/RESET_B (sky130_fd_sc_hd__dfrtp_1)
                                              5.985084   data arrival time

                                 25.000000   25.000000   clock clk_i (rise edge)
                                  0.000000   25.000000   clock source latency
     2    0.071891    0.327468    0.237902   25.237902 ^ clk_i (in)
                                                         clk_i (net)
                      0.329570    0.000000   25.237902 ^ clkbuf_0_clk_i/A (sky130_fd_sc_hd__clkbuf_16)
     2    0.018366    0.045915    0.208679   25.446581 ^ clkbuf_0_clk_i/X (sky130_fd_sc_hd__clkbuf_16)
                                                         clknet_0_clk_i (net)
                      0.045915    0.000139   25.446720 ^ clkbuf_1_0__f_clk_i/A (sky130_fd_sc_hd__clkbuf_16)
     3    0.007966    0.031577    0.114250   25.560968 ^ clkbuf_1_0__f_clk_i/X (sky130_fd_sc_hd__clkbuf_16)
                                                         clknet_1_0__leaf_clk_i (net)
                      0.031577    0.000082   25.561050 ^ _498_/A (sky130_fd_sc_hd__and2_2)
     3    0.049082    0.252905    0.282418   25.843468 ^ _498_/X (sky130_fd_sc_hd__and2_2)
                                                         u_ibex.clk (net)
                      0.253412    0.009246   25.852715 ^ clkbuf_0_u_ibex.clk/A (sky130_fd_sc_hd__clkbuf_16)
     9    0.077738    0.096883    0.236470   26.089186 ^ clkbuf_0_u_ibex.clk/X (sky130_fd_sc_hd__clkbuf_16)
                                                         clknet_0_u_ibex.clk (net)
                      0.097115    0.003798   26.092983 ^ clkbuf_2_1__f_u_ibex.clk/A (sky130_fd_sc_hd__clkbuf_16)
    33    0.090510    0.107483    0.194202   26.287186 ^ clkbuf_2_1__f_u_ibex.clk/X (sky130_fd_sc_hd__clkbuf_16)
                                                         clknet_2_1__leaf_u_ibex.clk (net)
                      0.108542    0.008535   26.295721 ^ _603_/CLK (sky130_fd_sc_hd__dfrtp_1)
                                 -0.250000   26.045721   clock uncertainty
                                  0.000000   26.045721   clock reconvergence pessimism
                                  0.216549   26.262270   library recovery time
                                             26.262270   data required time
---------------------------------------------------------------------------------------------
                                             26.262270   data required time
                                             -5.985084   data arrival time
---------------------------------------------------------------------------------------------
                                             20.277185   slack (MET)


Startpoint: rst_ni (input port clocked by clk_i)
Endpoint: _584_ (recovery check against rising-edge clock clk_i)
Path Group: asynchronous
Path Type: max

Fanout         Cap        Slew       Delay        Time   Description
---------------------------------------------------------------------------------------------
                                  0.000000    0.000000   clock clk_i (rise edge)
                                  0.000000    0.000000   clock network delay (propagated)
                                  5.000000    5.000000 ^ input external delay
     2    0.009382    0.048660    0.032007    5.032007 ^ rst_ni (in)
                                                         rst_ni (net)
                      0.048660    0.000000    5.032007 ^ input1/A (sky130_fd_sc_hd__buf_8)
     5    0.128799    0.207057    0.190278    5.222286 ^ input1/X (sky130_fd_sc_hd__buf_8)
                                                         net1 (net)
                      0.236474    0.059234    5.281520 ^ fanout93/A (sky130_fd_sc_hd__buf_1)
     3    0.014303    0.173915    0.209943    5.491463 ^ fanout93/X (sky130_fd_sc_hd__buf_1)
                                                         net93 (net)
                      0.173915    0.000243    5.491706 ^ fanout90/A (sky130_fd_sc_hd__clkbuf_2)
     9    0.034611    0.190893    0.249304    5.741010 ^ fanout90/X (sky130_fd_sc_hd__clkbuf_2)
                                                         net90 (net)
                      0.190994    0.002108    5.743118 ^ fanout86/A (sky130_fd_sc_hd__buf_2)
     6    0.033453    0.166991    0.242138    5.985256 ^ fanout86/X (sky130_fd_sc_hd__buf_2)
                                                         net86 (net)
                      0.166992    0.000803    5.986059 ^ _584_/RESET_B (sky130_fd_sc_hd__dfrtp_1)
                                              5.986059   data arrival time

                                 25.000000   25.000000   clock clk_i (rise edge)
                                  0.000000   25.000000   clock source latency
     2    0.071891    0.327468    0.237902   25.237902 ^ clk_i (in)
                                                         clk_i (net)
                      0.329570    0.000000   25.237902 ^ clkbuf_0_clk_i/A (sky130_fd_sc_hd__clkbuf_16)
     2    0.018366    0.045915    0.208679   25.446581 ^ clkbuf_0_clk_i/X (sky130_fd_sc_hd__clkbuf_16)
                                                         clknet_0_clk_i (net)
                      0.045915    0.000139   25.446720 ^ clkbuf_1_0__f_clk_i/A (sky130_fd_sc_hd__clkbuf_16)
     3    0.007966    0.031577    0.114250   25.560968 ^ clkbuf_1_0__f_clk_i/X (sky130_fd_sc_hd__clkbuf_16)
                                                         clknet_1_0__leaf_clk_i (net)
                      0.031577    0.000082   25.561050 ^ _498_/A (sky130_fd_sc_hd__and2_2)
     3    0.049082    0.252905    0.282418   25.843468 ^ _498_/X (sky130_fd_sc_hd__and2_2)
                                                         u_ibex.clk (net)
                      0.253412    0.009246   25.852715 ^ clkbuf_0_u_ibex.clk/A (sky130_fd_sc_hd__clkbuf_16)
     9    0.077738    0.096883    0.236470   26.089186 ^ clkbuf_0_u_ibex.clk/X (sky130_fd_sc_hd__clkbuf_16)
                                                         clknet_0_u_ibex.clk (net)
                      0.097116    0.003809   26.092993 ^ clkbuf_2_0__f_u_ibex.clk/A (sky130_fd_sc_hd__clkbuf_16)
    31    0.090578    0.108126    0.193445   26.286438 ^ clkbuf_2_0__f_u_ibex.clk/X (sky130_fd_sc_hd__clkbuf_16)
                                                         clknet_2_0__leaf_u_ibex.clk (net)
                      0.109855    0.010839   26.297277 ^ _584_/CLK (sky130_fd_sc_hd__dfrtp_1)
                                 -0.250000   26.047279   clock uncertainty
                                  0.000000   26.047279   clock reconvergence pessimism
                                  0.218955   26.266233   library recovery time
                                             26.266233   data required time
---------------------------------------------------------------------------------------------
                                             26.266233   data required time
                                             -5.986059   data arrival time
---------------------------------------------------------------------------------------------
                                             20.280176   slack (MET)


Startpoint: rst_ni (input port clocked by clk_i)
Endpoint: _581_ (recovery check against rising-edge clock clk_i)
Path Group: asynchronous
Path Type: max

Fanout         Cap        Slew       Delay        Time   Description
---------------------------------------------------------------------------------------------
                                  0.000000    0.000000   clock clk_i (rise edge)
                                  0.000000    0.000000   clock network delay (propagated)
                                  5.000000    5.000000 ^ input external delay
     2    0.009382    0.048660    0.032007    5.032007 ^ rst_ni (in)
                                                         rst_ni (net)
                      0.048660    0.000000    5.032007 ^ input1/A (sky130_fd_sc_hd__buf_8)
     5    0.128799    0.207057    0.190278    5.222286 ^ input1/X (sky130_fd_sc_hd__buf_8)
                                                         net1 (net)
                      0.236474    0.059234    5.281520 ^ fanout93/A (sky130_fd_sc_hd__buf_1)
     3    0.014303    0.173915    0.209943    5.491463 ^ fanout93/X (sky130_fd_sc_hd__buf_1)
                                                         net93 (net)
                      0.173915    0.000243    5.491706 ^ fanout90/A (sky130_fd_sc_hd__clkbuf_2)
     9    0.034611    0.190893    0.249304    5.741010 ^ fanout90/X (sky130_fd_sc_hd__clkbuf_2)
                                                         net90 (net)
                      0.190994    0.002108    5.743118 ^ fanout86/A (sky130_fd_sc_hd__buf_2)
     6    0.033453    0.166991    0.242138    5.985256 ^ fanout86/X (sky130_fd_sc_hd__buf_2)
                                                         net86 (net)
                      0.167002    0.001503    5.986758 ^ _581_/RESET_B (sky130_fd_sc_hd__dfrtp_1)
                                              5.986758   data arrival time

                                 25.000000   25.000000   clock clk_i (rise edge)
                                  0.000000   25.000000   clock source latency
     2    0.071891    0.327468    0.237902   25.237902 ^ clk_i (in)
                                                         clk_i (net)
                      0.329570    0.000000   25.237902 ^ clkbuf_0_clk_i/A (sky130_fd_sc_hd__clkbuf_16)
     2    0.018366    0.045915    0.208679   25.446581 ^ clkbuf_0_clk_i/X (sky130_fd_sc_hd__clkbuf_16)
                                                         clknet_0_clk_i (net)
                      0.045915    0.000139   25.446720 ^ clkbuf_1_0__f_clk_i/A (sky130_fd_sc_hd__clkbuf_16)
     3    0.007966    0.031577    0.114250   25.560968 ^ clkbuf_1_0__f_clk_i/X (sky130_fd_sc_hd__clkbuf_16)
                                                         clknet_1_0__leaf_clk_i (net)
                      0.031577    0.000082   25.561050 ^ _498_/A (sky130_fd_sc_hd__and2_2)
     3    0.049082    0.252905    0.282418   25.843468 ^ _498_/X (sky130_fd_sc_hd__and2_2)
                                                         u_ibex.clk (net)
                      0.253412    0.009246   25.852715 ^ clkbuf_0_u_ibex.clk/A (sky130_fd_sc_hd__clkbuf_16)
     9    0.077738    0.096883    0.236470   26.089186 ^ clkbuf_0_u_ibex.clk/X (sky130_fd_sc_hd__clkbuf_16)
                                                         clknet_0_u_ibex.clk (net)
                      0.097116    0.003809   26.092993 ^ clkbuf_2_0__f_u_ibex.clk/A (sky130_fd_sc_hd__clkbuf_16)
    31    0.090578    0.108126    0.193445   26.286438 ^ clkbuf_2_0__f_u_ibex.clk/X (sky130_fd_sc_hd__clkbuf_16)
                                                         clknet_2_0__leaf_u_ibex.clk (net)
                      0.110107    0.011591   26.298029 ^ _581_/CLK (sky130_fd_sc_hd__dfrtp_1)
                                 -0.250000   26.048031   clock uncertainty
                                  0.000000   26.048031   clock reconvergence pessimism
                                  0.219031   26.267061   library recovery time
                                             26.267061   data required time
---------------------------------------------------------------------------------------------
                                             26.267061   data required time
                                             -5.986758   data arrival time
---------------------------------------------------------------------------------------------
                                             20.280302   slack (MET)


Startpoint: rst_ni (input port clocked by clk_i)
Endpoint: _580_ (recovery check against rising-edge clock clk_i)
Path Group: asynchronous
Path Type: max

Fanout         Cap        Slew       Delay        Time   Description
---------------------------------------------------------------------------------------------
                                  0.000000    0.000000   clock clk_i (rise edge)
                                  0.000000    0.000000   clock network delay (propagated)
                                  5.000000    5.000000 ^ input external delay
     2    0.009382    0.048660    0.032007    5.032007 ^ rst_ni (in)
                                                         rst_ni (net)
                      0.048660    0.000000    5.032007 ^ input1/A (sky130_fd_sc_hd__buf_8)
     5    0.128799    0.207057    0.190278    5.222286 ^ input1/X (sky130_fd_sc_hd__buf_8)
                                                         net1 (net)
                      0.236474    0.059234    5.281520 ^ fanout93/A (sky130_fd_sc_hd__buf_1)
     3    0.014303    0.173915    0.209943    5.491463 ^ fanout93/X (sky130_fd_sc_hd__buf_1)
                                                         net93 (net)
                      0.173915    0.000243    5.491706 ^ fanout90/A (sky130_fd_sc_hd__clkbuf_2)
     9    0.034611    0.190893    0.249304    5.741010 ^ fanout90/X (sky130_fd_sc_hd__clkbuf_2)
                                                         net90 (net)
                      0.190994    0.002108    5.743118 ^ fanout86/A (sky130_fd_sc_hd__buf_2)
     6    0.033453    0.166991    0.242138    5.985256 ^ fanout86/X (sky130_fd_sc_hd__buf_2)
                                                         net86 (net)
                      0.167003    0.001536    5.986791 ^ _580_/RESET_B (sky130_fd_sc_hd__dfrtp_1)
                                              5.986791   data arrival time

                                 25.000000   25.000000   clock clk_i (rise edge)
                                  0.000000   25.000000   clock source latency
     2    0.071891    0.327468    0.237902   25.237902 ^ clk_i (in)
                                                         clk_i (net)
                      0.329570    0.000000   25.237902 ^ clkbuf_0_clk_i/A (sky130_fd_sc_hd__clkbuf_16)
     2    0.018366    0.045915    0.208679   25.446581 ^ clkbuf_0_clk_i/X (sky130_fd_sc_hd__clkbuf_16)
                                                         clknet_0_clk_i (net)
                      0.045915    0.000139   25.446720 ^ clkbuf_1_0__f_clk_i/A (sky130_fd_sc_hd__clkbuf_16)
     3    0.007966    0.031577    0.114250   25.560968 ^ clkbuf_1_0__f_clk_i/X (sky130_fd_sc_hd__clkbuf_16)
                                                         clknet_1_0__leaf_clk_i (net)
                      0.031577    0.000082   25.561050 ^ _498_/A (sky130_fd_sc_hd__and2_2)
     3    0.049082    0.252905    0.282418   25.843468 ^ _498_/X (sky130_fd_sc_hd__and2_2)
                                                         u_ibex.clk (net)
                      0.253412    0.009246   25.852715 ^ clkbuf_0_u_ibex.clk/A (sky130_fd_sc_hd__clkbuf_16)
     9    0.077738    0.096883    0.236470   26.089186 ^ clkbuf_0_u_ibex.clk/X (sky130_fd_sc_hd__clkbuf_16)
                                                         clknet_0_u_ibex.clk (net)
                      0.097116    0.003809   26.092993 ^ clkbuf_2_0__f_u_ibex.clk/A (sky130_fd_sc_hd__clkbuf_16)
    31    0.090578    0.108126    0.193445   26.286438 ^ clkbuf_2_0__f_u_ibex.clk/X (sky130_fd_sc_hd__clkbuf_16)
                                                         clknet_2_0__leaf_u_ibex.clk (net)
                      0.110141    0.011687   26.298126 ^ _580_/CLK (sky130_fd_sc_hd__dfrtp_1)
                                 -0.250000   26.048126   clock uncertainty
                                  0.000000   26.048126   clock reconvergence pessimism
                                  0.219041   26.267166   library recovery time
                                             26.267166   data required time
---------------------------------------------------------------------------------------------
                                             26.267166   data required time
                                             -5.986791   data arrival time
---------------------------------------------------------------------------------------------
                                             20.280375   slack (MET)


Startpoint: rst_ni (input port clocked by clk_i)
Endpoint: _582_ (recovery check against rising-edge clock clk_i)
Path Group: asynchronous
Path Type: max

Fanout         Cap        Slew       Delay        Time   Description
---------------------------------------------------------------------------------------------
                                  0.000000    0.000000   clock clk_i (rise edge)
                                  0.000000    0.000000   clock network delay (propagated)
                                  5.000000    5.000000 ^ input external delay
     2    0.009382    0.048660    0.032007    5.032007 ^ rst_ni (in)
                                                         rst_ni (net)
                      0.048660    0.000000    5.032007 ^ input1/A (sky130_fd_sc_hd__buf_8)
     5    0.128799    0.207057    0.190278    5.222286 ^ input1/X (sky130_fd_sc_hd__buf_8)
                                                         net1 (net)
                      0.236474    0.059234    5.281520 ^ fanout93/A (sky130_fd_sc_hd__buf_1)
     3    0.014303    0.173915    0.209943    5.491463 ^ fanout93/X (sky130_fd_sc_hd__buf_1)
                                                         net93 (net)
                      0.173915    0.000243    5.491706 ^ fanout90/A (sky130_fd_sc_hd__clkbuf_2)
     9    0.034611    0.190893    0.249304    5.741010 ^ fanout90/X (sky130_fd_sc_hd__clkbuf_2)
                                                         net90 (net)
                      0.190994    0.002108    5.743118 ^ fanout86/A (sky130_fd_sc_hd__buf_2)
     6    0.033453    0.166991    0.242138    5.985256 ^ fanout86/X (sky130_fd_sc_hd__buf_2)
                                                         net86 (net)
                      0.166998    0.001280    5.986536 ^ _582_/RESET_B (sky130_fd_sc_hd__dfrtp_1)
                                              5.986536   data arrival time

                                 25.000000   25.000000   clock clk_i (rise edge)
                                  0.000000   25.000000   clock source latency
     2    0.071891    0.327468    0.237902   25.237902 ^ clk_i (in)
                                                         clk_i (net)
                      0.329570    0.000000   25.237902 ^ clkbuf_0_clk_i/A (sky130_fd_sc_hd__clkbuf_16)
     2    0.018366    0.045915    0.208679   25.446581 ^ clkbuf_0_clk_i/X (sky130_fd_sc_hd__clkbuf_16)
                                                         clknet_0_clk_i (net)
                      0.045915    0.000139   25.446720 ^ clkbuf_1_0__f_clk_i/A (sky130_fd_sc_hd__clkbuf_16)
     3    0.007966    0.031577    0.114250   25.560968 ^ clkbuf_1_0__f_clk_i/X (sky130_fd_sc_hd__clkbuf_16)
                                                         clknet_1_0__leaf_clk_i (net)
                      0.031577    0.000082   25.561050 ^ _498_/A (sky130_fd_sc_hd__and2_2)
     3    0.049082    0.252905    0.282418   25.843468 ^ _498_/X (sky130_fd_sc_hd__and2_2)
                                                         u_ibex.clk (net)
                      0.253412    0.009246   25.852715 ^ clkbuf_0_u_ibex.clk/A (sky130_fd_sc_hd__clkbuf_16)
     9    0.077738    0.096883    0.236470   26.089186 ^ clkbuf_0_u_ibex.clk/X (sky130_fd_sc_hd__clkbuf_16)
                                                         clknet_0_u_ibex.clk (net)
                      0.097116    0.003809   26.092993 ^ clkbuf_2_0__f_u_ibex.clk/A (sky130_fd_sc_hd__clkbuf_16)
    31    0.090578    0.108126    0.193445   26.286438 ^ clkbuf_2_0__f_u_ibex.clk/X (sky130_fd_sc_hd__clkbuf_16)
                                                         clknet_2_0__leaf_u_ibex.clk (net)
                      0.110089    0.011537   26.297976 ^ _582_/CLK (sky130_fd_sc_hd__dfrtp_1)
                                 -0.250000   26.047977   clock uncertainty
                                  0.000000   26.047977   clock reconvergence pessimism
                                  0.219026   26.267004   library recovery time
                                             26.267004   data required time
---------------------------------------------------------------------------------------------
                                             26.267004   data required time
                                             -5.986536   data arrival time
---------------------------------------------------------------------------------------------
                                             20.280468   slack (MET)


Startpoint: rst_ni (input port clocked by clk_i)
Endpoint: _583_ (recovery check against rising-edge clock clk_i)
Path Group: asynchronous
Path Type: max

Fanout         Cap        Slew       Delay        Time   Description
---------------------------------------------------------------------------------------------
                                  0.000000    0.000000   clock clk_i (rise edge)
                                  0.000000    0.000000   clock network delay (propagated)
                                  5.000000    5.000000 ^ input external delay
     2    0.009382    0.048660    0.032007    5.032007 ^ rst_ni (in)
                                                         rst_ni (net)
                      0.048660    0.000000    5.032007 ^ input1/A (sky130_fd_sc_hd__buf_8)
     5    0.128799    0.207057    0.190278    5.222286 ^ input1/X (sky130_fd_sc_hd__buf_8)
                                                         net1 (net)
                      0.236474    0.059234    5.281520 ^ fanout93/A (sky130_fd_sc_hd__buf_1)
     3    0.014303    0.173915    0.209943    5.491463 ^ fanout93/X (sky130_fd_sc_hd__buf_1)
                                                         net93 (net)
                      0.173915    0.000243    5.491706 ^ fanout90/A (sky130_fd_sc_hd__clkbuf_2)
     9    0.034611    0.190893    0.249304    5.741010 ^ fanout90/X (sky130_fd_sc_hd__clkbuf_2)
                                                         net90 (net)
                      0.190994    0.002108    5.743118 ^ fanout86/A (sky130_fd_sc_hd__buf_2)
     6    0.033453    0.166991    0.242138    5.985256 ^ fanout86/X (sky130_fd_sc_hd__buf_2)
                                                         net86 (net)
                      0.166997    0.001217    5.986473 ^ _583_/RESET_B (sky130_fd_sc_hd__dfrtp_1)
                                              5.986473   data arrival time

                                 25.000000   25.000000   clock clk_i (rise edge)
                                  0.000000   25.000000   clock source latency
     2    0.071891    0.327468    0.237902   25.237902 ^ clk_i (in)
                                                         clk_i (net)
                      0.329570    0.000000   25.237902 ^ clkbuf_0_clk_i/A (sky130_fd_sc_hd__clkbuf_16)
     2    0.018366    0.045915    0.208679   25.446581 ^ clkbuf_0_clk_i/X (sky130_fd_sc_hd__clkbuf_16)
                                                         clknet_0_clk_i (net)
                      0.045915    0.000139   25.446720 ^ clkbuf_1_0__f_clk_i/A (sky130_fd_sc_hd__clkbuf_16)
     3    0.007966    0.031577    0.114250   25.560968 ^ clkbuf_1_0__f_clk_i/X (sky130_fd_sc_hd__clkbuf_16)
                                                         clknet_1_0__leaf_clk_i (net)
                      0.031577    0.000082   25.561050 ^ _498_/A (sky130_fd_sc_hd__and2_2)
     3    0.049082    0.252905    0.282418   25.843468 ^ _498_/X (sky130_fd_sc_hd__and2_2)
                                                         u_ibex.clk (net)
                      0.253412    0.009246   25.852715 ^ clkbuf_0_u_ibex.clk/A (sky130_fd_sc_hd__clkbuf_16)
     9    0.077738    0.096883    0.236470   26.089186 ^ clkbuf_0_u_ibex.clk/X (sky130_fd_sc_hd__clkbuf_16)
                                                         clknet_0_u_ibex.clk (net)
                      0.097116    0.003809   26.092993 ^ clkbuf_2_0__f_u_ibex.clk/A (sky130_fd_sc_hd__clkbuf_16)
    31    0.090578    0.108126    0.193445   26.286438 ^ clkbuf_2_0__f_u_ibex.clk/X (sky130_fd_sc_hd__clkbuf_16)
                                                         clknet_2_0__leaf_u_ibex.clk (net)
                      0.110096    0.011559   26.297997 ^ _583_/CLK (sky130_fd_sc_hd__dfrtp_1)
                                 -0.250000   26.047998   clock uncertainty
                                  0.000000   26.047998   clock reconvergence pessimism
                                  0.219028   26.267027   library recovery time
                                             26.267027   data required time
---------------------------------------------------------------------------------------------
                                             26.267027   data required time
                                             -5.986473   data arrival time
---------------------------------------------------------------------------------------------
                                             20.280554   slack (MET)


Startpoint: rst_ni (input port clocked by clk_i)
Endpoint: _585_ (recovery check against rising-edge clock clk_i)
Path Group: asynchronous
Path Type: max

Fanout         Cap        Slew       Delay        Time   Description
---------------------------------------------------------------------------------------------
                                  0.000000    0.000000   clock clk_i (rise edge)
                                  0.000000    0.000000   clock network delay (propagated)
                                  5.000000    5.000000 ^ input external delay
     2    0.009382    0.048660    0.032007    5.032007 ^ rst_ni (in)
                                                         rst_ni (net)
                      0.048660    0.000000    5.032007 ^ input1/A (sky130_fd_sc_hd__buf_8)
     5    0.128799    0.207057    0.190278    5.222286 ^ input1/X (sky130_fd_sc_hd__buf_8)
                                                         net1 (net)
                      0.236474    0.059234    5.281520 ^ fanout93/A (sky130_fd_sc_hd__buf_1)
     3    0.014303    0.173915    0.209943    5.491463 ^ fanout93/X (sky130_fd_sc_hd__buf_1)
                                                         net93 (net)
                      0.173915    0.000243    5.491706 ^ fanout90/A (sky130_fd_sc_hd__clkbuf_2)
     9    0.034611    0.190893    0.249304    5.741010 ^ fanout90/X (sky130_fd_sc_hd__clkbuf_2)
                                                         net90 (net)
                      0.190994    0.002108    5.743118 ^ fanout86/A (sky130_fd_sc_hd__buf_2)
     6    0.033453    0.166991    0.242138    5.985256 ^ fanout86/X (sky130_fd_sc_hd__buf_2)
                                                         net86 (net)
                      0.166991    0.000373    5.985629 ^ _585_/RESET_B (sky130_fd_sc_hd__dfrtp_1)
                                              5.985629   data arrival time

                                 25.000000   25.000000   clock clk_i (rise edge)
                                  0.000000   25.000000   clock source latency
     2    0.071891    0.327468    0.237902   25.237902 ^ clk_i (in)
                                                         clk_i (net)
                      0.329570    0.000000   25.237902 ^ clkbuf_0_clk_i/A (sky130_fd_sc_hd__clkbuf_16)
     2    0.018366    0.045915    0.208679   25.446581 ^ clkbuf_0_clk_i/X (sky130_fd_sc_hd__clkbuf_16)
                                                         clknet_0_clk_i (net)
                      0.045915    0.000139   25.446720 ^ clkbuf_1_0__f_clk_i/A (sky130_fd_sc_hd__clkbuf_16)
     3    0.007966    0.031577    0.114250   25.560968 ^ clkbuf_1_0__f_clk_i/X (sky130_fd_sc_hd__clkbuf_16)
                                                         clknet_1_0__leaf_clk_i (net)
                      0.031577    0.000082   25.561050 ^ _498_/A (sky130_fd_sc_hd__and2_2)
     3    0.049082    0.252905    0.282418   25.843468 ^ _498_/X (sky130_fd_sc_hd__and2_2)
                                                         u_ibex.clk (net)
                      0.253412    0.009246   25.852715 ^ clkbuf_0_u_ibex.clk/A (sky130_fd_sc_hd__clkbuf_16)
     9    0.077738    0.096883    0.236470   26.089186 ^ clkbuf_0_u_ibex.clk/X (sky130_fd_sc_hd__clkbuf_16)
                                                         clknet_0_u_ibex.clk (net)
                      0.097116    0.003809   26.092993 ^ clkbuf_2_0__f_u_ibex.clk/A (sky130_fd_sc_hd__clkbuf_16)
    31    0.090578    0.108126    0.193445   26.286438 ^ clkbuf_2_0__f_u_ibex.clk/X (sky130_fd_sc_hd__clkbuf_16)
                                                         clknet_2_0__leaf_u_ibex.clk (net)
                      0.109862    0.010859   26.297298 ^ _585_/CLK (sky130_fd_sc_hd__dfrtp_1)
                                 -0.250000   26.047298   clock uncertainty
                                  0.000000   26.047298   clock reconvergence pessimism
                                  0.218957   26.266256   library recovery time
                                             26.266256   data required time
---------------------------------------------------------------------------------------------
                                             26.266256   data required time
                                             -5.985629   data arrival time
---------------------------------------------------------------------------------------------
                                             20.280628   slack (MET)


Startpoint: rst_ni (input port clocked by clk_i)
Endpoint: _589_ (recovery check against rising-edge clock clk_i)
Path Group: asynchronous
Path Type: max

Fanout         Cap        Slew       Delay        Time   Description
---------------------------------------------------------------------------------------------
                                  0.000000    0.000000   clock clk_i (rise edge)
                                  0.000000    0.000000   clock network delay (propagated)
                                  5.000000    5.000000 ^ input external delay
     2    0.009382    0.048660    0.032007    5.032007 ^ rst_ni (in)
                                                         rst_ni (net)
                      0.048660    0.000000    5.032007 ^ input1/A (sky130_fd_sc_hd__buf_8)
     5    0.128799    0.207057    0.190278    5.222286 ^ input1/X (sky130_fd_sc_hd__buf_8)
                                                         net1 (net)
                      0.236474    0.059234    5.281520 ^ fanout93/A (sky130_fd_sc_hd__buf_1)
     3    0.014303    0.173915    0.209943    5.491463 ^ fanout93/X (sky130_fd_sc_hd__buf_1)
                                                         net93 (net)
                      0.173915    0.000243    5.491706 ^ fanout90/A (sky130_fd_sc_hd__clkbuf_2)
     9    0.034611    0.190893    0.249304    5.741010 ^ fanout90/X (sky130_fd_sc_hd__clkbuf_2)
                                                         net90 (net)
                      0.190986    0.001849    5.742859 ^ fanout87/A (sky130_fd_sc_hd__buf_1)
     3    0.017255    0.207684    0.226756    5.969615 ^ fanout87/X (sky130_fd_sc_hd__buf_1)
                                                         net87 (net)
                      0.207685    0.000470    5.970086 ^ _589_/RESET_B (sky130_fd_sc_hd__dfrtp_1)
                                              5.970086   data arrival time

                                 25.000000   25.000000   clock clk_i (rise edge)
                                  0.000000   25.000000   clock source latency
     2    0.071891    0.327468    0.237902   25.237902 ^ clk_i (in)
                                                         clk_i (net)
                      0.329570    0.000000   25.237902 ^ clkbuf_0_clk_i/A (sky130_fd_sc_hd__clkbuf_16)
     2    0.018366    0.045915    0.208679   25.446581 ^ clkbuf_0_clk_i/X (sky130_fd_sc_hd__clkbuf_16)
                                                         clknet_0_clk_i (net)
                      0.045915    0.000139   25.446720 ^ clkbuf_1_0__f_clk_i/A (sky130_fd_sc_hd__clkbuf_16)
     3    0.007966    0.031577    0.114250   25.560968 ^ clkbuf_1_0__f_clk_i/X (sky130_fd_sc_hd__clkbuf_16)
                                                         clknet_1_0__leaf_clk_i (net)
                      0.031577    0.000082   25.561050 ^ _498_/A (sky130_fd_sc_hd__and2_2)
     3    0.049082    0.252905    0.282418   25.843468 ^ _498_/X (sky130_fd_sc_hd__and2_2)
                                                         u_ibex.clk (net)
                      0.253412    0.009246   25.852715 ^ clkbuf_0_u_ibex.clk/A (sky130_fd_sc_hd__clkbuf_16)
     9    0.077738    0.096883    0.236470   26.089186 ^ clkbuf_0_u_ibex.clk/X (sky130_fd_sc_hd__clkbuf_16)
                                                         clknet_0_u_ibex.clk (net)
                      0.097116    0.003809   26.092993 ^ clkbuf_2_0__f_u_ibex.clk/A (sky130_fd_sc_hd__clkbuf_16)
    31    0.090578    0.108126    0.193445   26.286438 ^ clkbuf_2_0__f_u_ibex.clk/X (sky130_fd_sc_hd__clkbuf_16)
                                                         clknet_2_0__leaf_u_ibex.clk (net)
                      0.109280    0.008901   26.295340 ^ _589_/CLK (sky130_fd_sc_hd__dfrtp_1)
                                 -0.250000   26.045341   clock uncertainty
                                  0.000000   26.045341   clock reconvergence pessimism
                                  0.208346   26.253689   library recovery time
                                             26.253689   data required time
---------------------------------------------------------------------------------------------
                                             26.253689   data required time
                                             -5.970086   data arrival time
---------------------------------------------------------------------------------------------
                                             20.283604   slack (MET)


Startpoint: rst_ni (input port clocked by clk_i)
Endpoint: _586_ (recovery check against rising-edge clock clk_i)
Path Group: asynchronous
Path Type: max

Fanout         Cap        Slew       Delay        Time   Description
---------------------------------------------------------------------------------------------
                                  0.000000    0.000000   clock clk_i (rise edge)
                                  0.000000    0.000000   clock network delay (propagated)
                                  5.000000    5.000000 ^ input external delay
     2    0.009382    0.048660    0.032007    5.032007 ^ rst_ni (in)
                                                         rst_ni (net)
                      0.048660    0.000000    5.032007 ^ input1/A (sky130_fd_sc_hd__buf_8)
     5    0.128799    0.207057    0.190278    5.222286 ^ input1/X (sky130_fd_sc_hd__buf_8)
                                                         net1 (net)
                      0.236474    0.059234    5.281520 ^ fanout93/A (sky130_fd_sc_hd__buf_1)
     3    0.014303    0.173915    0.209943    5.491463 ^ fanout93/X (sky130_fd_sc_hd__buf_1)
                                                         net93 (net)
                      0.173915    0.000243    5.491706 ^ fanout90/A (sky130_fd_sc_hd__clkbuf_2)
     9    0.034611    0.190893    0.249304    5.741010 ^ fanout90/X (sky130_fd_sc_hd__clkbuf_2)
                                                         net90 (net)
                      0.190986    0.001849    5.742859 ^ fanout87/A (sky130_fd_sc_hd__buf_1)
     3    0.017255    0.207684    0.226756    5.969615 ^ fanout87/X (sky130_fd_sc_hd__buf_1)
                                                         net87 (net)
                      0.207685    0.000392    5.970007 ^ _586_/RESET_B (sky130_fd_sc_hd__dfrtp_1)
                                              5.970007   data arrival time

                                 25.000000   25.000000   clock clk_i (rise edge)
                                  0.000000   25.000000   clock source latency
     2    0.071891    0.327468    0.237902   25.237902 ^ clk_i (in)
                                                         clk_i (net)
                      0.329570    0.000000   25.237902 ^ clkbuf_0_clk_i/A (sky130_fd_sc_hd__clkbuf_16)
     2    0.018366    0.045915    0.208679   25.446581 ^ clkbuf_0_clk_i/X (sky130_fd_sc_hd__clkbuf_16)
                                                         clknet_0_clk_i (net)
                      0.045915    0.000139   25.446720 ^ clkbuf_1_0__f_clk_i/A (sky130_fd_sc_hd__clkbuf_16)
     3    0.007966    0.031577    0.114250   25.560968 ^ clkbuf_1_0__f_clk_i/X (sky130_fd_sc_hd__clkbuf_16)
                                                         clknet_1_0__leaf_clk_i (net)
                      0.031577    0.000082   25.561050 ^ _498_/A (sky130_fd_sc_hd__and2_2)
     3    0.049082    0.252905    0.282418   25.843468 ^ _498_/X (sky130_fd_sc_hd__and2_2)
                                                         u_ibex.clk (net)
                      0.253412    0.009246   25.852715 ^ clkbuf_0_u_ibex.clk/A (sky130_fd_sc_hd__clkbuf_16)
     9    0.077738    0.096883    0.236470   26.089186 ^ clkbuf_0_u_ibex.clk/X (sky130_fd_sc_hd__clkbuf_16)
                                                         clknet_0_u_ibex.clk (net)
                      0.097116    0.003809   26.092993 ^ clkbuf_2_0__f_u_ibex.clk/A (sky130_fd_sc_hd__clkbuf_16)
    31    0.090578    0.108126    0.193445   26.286438 ^ clkbuf_2_0__f_u_ibex.clk/X (sky130_fd_sc_hd__clkbuf_16)
                                                         clknet_2_0__leaf_u_ibex.clk (net)
                      0.109693    0.010328   26.296766 ^ _586_/CLK (sky130_fd_sc_hd__dfrtp_1)
                                 -0.250000   26.046768   clock uncertainty
                                  0.000000   26.046768   clock reconvergence pessimism
                                  0.208476   26.255243   library recovery time
                                             26.255243   data required time
---------------------------------------------------------------------------------------------
                                             26.255243   data required time
                                             -5.970007   data arrival time
---------------------------------------------------------------------------------------------
                                             20.285236   slack (MET)


Startpoint: rst_ni (input port clocked by clk_i)
Endpoint: _587_ (recovery check against rising-edge clock clk_i)
Path Group: asynchronous
Path Type: max

Fanout         Cap        Slew       Delay        Time   Description
---------------------------------------------------------------------------------------------
                                  0.000000    0.000000   clock clk_i (rise edge)
                                  0.000000    0.000000   clock network delay (propagated)
                                  5.000000    5.000000 ^ input external delay
     2    0.009382    0.048660    0.032007    5.032007 ^ rst_ni (in)
                                                         rst_ni (net)
                      0.048660    0.000000    5.032007 ^ input1/A (sky130_fd_sc_hd__buf_8)
     5    0.128799    0.207057    0.190278    5.222286 ^ input1/X (sky130_fd_sc_hd__buf_8)
                                                         net1 (net)
                      0.236474    0.059234    5.281520 ^ fanout93/A (sky130_fd_sc_hd__buf_1)
     3    0.014303    0.173915    0.209943    5.491463 ^ fanout93/X (sky130_fd_sc_hd__buf_1)
                                                         net93 (net)
                      0.173915    0.000243    5.491706 ^ fanout90/A (sky130_fd_sc_hd__clkbuf_2)
     9    0.034611    0.190893    0.249304    5.741010 ^ fanout90/X (sky130_fd_sc_hd__clkbuf_2)
                                                         net90 (net)
                      0.190986    0.001849    5.742859 ^ fanout87/A (sky130_fd_sc_hd__buf_1)
     3    0.017255    0.207684    0.226756    5.969615 ^ fanout87/X (sky130_fd_sc_hd__buf_1)
                                                         net87 (net)
                      0.207684    0.000258    5.969873 ^ _587_/RESET_B (sky130_fd_sc_hd__dfrtp_1)
                                              5.969873   data arrival time

                                 25.000000   25.000000   clock clk_i (rise edge)
                                  0.000000   25.000000   clock source latency
     2    0.071891    0.327468    0.237902   25.237902 ^ clk_i (in)
                                                         clk_i (net)
                      0.329570    0.000000   25.237902 ^ clkbuf_0_clk_i/A (sky130_fd_sc_hd__clkbuf_16)
     2    0.018366    0.045915    0.208679   25.446581 ^ clkbuf_0_clk_i/X (sky130_fd_sc_hd__clkbuf_16)
                                                         clknet_0_clk_i (net)
                      0.045915    0.000139   25.446720 ^ clkbuf_1_0__f_clk_i/A (sky130_fd_sc_hd__clkbuf_16)
     3    0.007966    0.031577    0.114250   25.560968 ^ clkbuf_1_0__f_clk_i/X (sky130_fd_sc_hd__clkbuf_16)
                                                         clknet_1_0__leaf_clk_i (net)
                      0.031577    0.000082   25.561050 ^ _498_/A (sky130_fd_sc_hd__and2_2)
     3    0.049082    0.252905    0.282418   25.843468 ^ _498_/X (sky130_fd_sc_hd__and2_2)
                                                         u_ibex.clk (net)
                      0.253412    0.009246   25.852715 ^ clkbuf_0_u_ibex.clk/A (sky130_fd_sc_hd__clkbuf_16)
     9    0.077738    0.096883    0.236470   26.089186 ^ clkbuf_0_u_ibex.clk/X (sky130_fd_sc_hd__clkbuf_16)
                                                         clknet_0_u_ibex.clk (net)
                      0.097116    0.003809   26.092993 ^ clkbuf_2_0__f_u_ibex.clk/A (sky130_fd_sc_hd__clkbuf_16)
    31    0.090578    0.108126    0.193445   26.286438 ^ clkbuf_2_0__f_u_ibex.clk/X (sky130_fd_sc_hd__clkbuf_16)
                                                         clknet_2_0__leaf_u_ibex.clk (net)
                      0.109669    0.010251   26.296690 ^ _587_/CLK (sky130_fd_sc_hd__dfrtp_1)
                                 -0.250000   26.046690   clock uncertainty
                                  0.000000   26.046690   clock reconvergence pessimism
                                  0.208469   26.255159   library recovery time
                                             26.255159   data required time
---------------------------------------------------------------------------------------------
                                             26.255159   data required time
                                             -5.969873   data arrival time
---------------------------------------------------------------------------------------------
                                             20.285286   slack (MET)


Startpoint: rst_ni (input port clocked by clk_i)
Endpoint: _573_ (recovery check against rising-edge clock clk_i)
Path Group: asynchronous
Path Type: max

Fanout         Cap        Slew       Delay        Time   Description
---------------------------------------------------------------------------------------------
                                  0.000000    0.000000   clock clk_i (rise edge)
                                  0.000000    0.000000   clock network delay (propagated)
                                  5.000000    5.000000 ^ input external delay
     2    0.009382    0.048660    0.032007    5.032007 ^ rst_ni (in)
                                                         rst_ni (net)
                      0.048660    0.000000    5.032007 ^ input1/A (sky130_fd_sc_hd__buf_8)
     5    0.128799    0.207057    0.190278    5.222286 ^ input1/X (sky130_fd_sc_hd__buf_8)
                                                         net1 (net)
                      0.226426    0.047790    5.270076 ^ fanout99/A (sky130_fd_sc_hd__clkbuf_2)
     7    0.031689    0.176244    0.252490    5.522566 ^ fanout99/X (sky130_fd_sc_hd__clkbuf_2)
                                                         net99 (net)
                      0.176244    0.000179    5.522744 ^ fanout98/A (sky130_fd_sc_hd__buf_1)
     4    0.019096    0.228780    0.239214    5.761958 ^ fanout98/X (sky130_fd_sc_hd__buf_1)
                                                         net98 (net)
                      0.228782    0.000646    5.762604 ^ fanout95/A (sky130_fd_sc_hd__clkbuf_2)
     4    0.024661    0.139889    0.228111    5.990715 ^ fanout95/X (sky130_fd_sc_hd__clkbuf_2)
                                                         net95 (net)
                      0.139892    0.000813    5.991529 ^ _573_/RESET_B (sky130_fd_sc_hd__dfrtp_1)
                                              5.991529   data arrival time

                                 25.000000   25.000000   clock clk_i (rise edge)
                                  0.000000   25.000000   clock source latency
     2    0.071891    0.327468    0.237902   25.237902 ^ clk_i (in)
                                                         clk_i (net)
                      0.329570    0.000000   25.237902 ^ clkbuf_0_clk_i/A (sky130_fd_sc_hd__clkbuf_16)
     2    0.018366    0.045915    0.208679   25.446581 ^ clkbuf_0_clk_i/X (sky130_fd_sc_hd__clkbuf_16)
                                                         clknet_0_clk_i (net)
                      0.045915    0.000139   25.446720 ^ clkbuf_1_0__f_clk_i/A (sky130_fd_sc_hd__clkbuf_16)
     3    0.007966    0.031577    0.114250   25.560968 ^ clkbuf_1_0__f_clk_i/X (sky130_fd_sc_hd__clkbuf_16)
                                                         clknet_1_0__leaf_clk_i (net)
                      0.031577    0.000082   25.561050 ^ _498_/A (sky130_fd_sc_hd__and2_2)
     3    0.049082    0.252905    0.282418   25.843468 ^ _498_/X (sky130_fd_sc_hd__and2_2)
                                                         u_ibex.clk (net)
                      0.253412    0.009246   25.852715 ^ clkbuf_0_u_ibex.clk/A (sky130_fd_sc_hd__clkbuf_16)
     9    0.077738    0.096883    0.236470   26.089186 ^ clkbuf_0_u_ibex.clk/X (sky130_fd_sc_hd__clkbuf_16)
                                                         clknet_0_u_ibex.clk (net)
                      0.097357    0.005382   26.094566 ^ clkbuf_2_2__f_u_ibex.clk/A (sky130_fd_sc_hd__clkbuf_16)
    31    0.099917    0.117594    0.198355   26.292923 ^ clkbuf_2_2__f_u_ibex.clk/X (sky130_fd_sc_hd__clkbuf_16)
                                                         clknet_2_2__leaf_u_ibex.clk (net)
                      0.119607    0.012223   26.305145 ^ _573_/CLK (sky130_fd_sc_hd__dfrtp_1)
                                 -0.250000   26.055147   clock uncertainty
                                  0.000000   26.055147   clock reconvergence pessimism
                                  0.228927   26.284073   library recovery time
                                             26.284073   data required time
---------------------------------------------------------------------------------------------
                                             26.284073   data required time
                                             -5.991529   data arrival time
---------------------------------------------------------------------------------------------
                                             20.292543   slack (MET)


Startpoint: rst_ni (input port clocked by clk_i)
Endpoint: _590_ (recovery check against rising-edge clock clk_i)
Path Group: asynchronous
Path Type: max

Fanout         Cap        Slew       Delay        Time   Description
---------------------------------------------------------------------------------------------
                                  0.000000    0.000000   clock clk_i (rise edge)
                                  0.000000    0.000000   clock network delay (propagated)
                                  5.000000    5.000000 ^ input external delay
     2    0.009382    0.048660    0.032007    5.032007 ^ rst_ni (in)
                                                         rst_ni (net)
                      0.048660    0.000000    5.032007 ^ input1/A (sky130_fd_sc_hd__buf_8)
     5    0.128799    0.207057    0.190278    5.222286 ^ input1/X (sky130_fd_sc_hd__buf_8)
                                                         net1 (net)
                      0.236474    0.059234    5.281520 ^ fanout93/A (sky130_fd_sc_hd__buf_1)
     3    0.014303    0.173915    0.209943    5.491463 ^ fanout93/X (sky130_fd_sc_hd__buf_1)
                                                         net93 (net)
                      0.173915    0.000179    5.491642 ^ fanout91/A (sky130_fd_sc_hd__clkbuf_2)
     6    0.034234    0.188848    0.248374    5.740016 ^ fanout91/X (sky130_fd_sc_hd__clkbuf_2)
                                                         net91 (net)
                      0.188849    0.000953    5.740969 ^ _590_/RESET_B (sky130_fd_sc_hd__dfrtp_2)
                                              5.740969   data arrival time

                                 25.000000   25.000000   clock clk_i (rise edge)
                                  0.000000   25.000000   clock source latency
     2    0.071891    0.327468    0.237902   25.237902 ^ clk_i (in)
                                                         clk_i (net)
                      0.329570    0.000000   25.237902 ^ clkbuf_0_clk_i/A (sky130_fd_sc_hd__clkbuf_16)
     2    0.018366    0.045915    0.208679   25.446581 ^ clkbuf_0_clk_i/X (sky130_fd_sc_hd__clkbuf_16)
                                                         clknet_0_clk_i (net)
                      0.045915    0.000139   25.446720 ^ clkbuf_1_0__f_clk_i/A (sky130_fd_sc_hd__clkbuf_16)
     3    0.007966    0.031577    0.114250   25.560968 ^ clkbuf_1_0__f_clk_i/X (sky130_fd_sc_hd__clkbuf_16)
                                                         clknet_1_0__leaf_clk_i (net)
                      0.031577    0.000082   25.561050 ^ _498_/A (sky130_fd_sc_hd__and2_2)
     3    0.049082    0.252905    0.282418   25.843468 ^ _498_/X (sky130_fd_sc_hd__and2_2)
                                                         u_ibex.clk (net)
                      0.253412    0.009246   25.852715 ^ clkbuf_0_u_ibex.clk/A (sky130_fd_sc_hd__clkbuf_16)
     9    0.077738    0.096883    0.236470   26.089186 ^ clkbuf_0_u_ibex.clk/X (sky130_fd_sc_hd__clkbuf_16)
                                                         clknet_0_u_ibex.clk (net)
                      0.097116    0.003809   26.092993 ^ clkbuf_2_0__f_u_ibex.clk/A (sky130_fd_sc_hd__clkbuf_16)
    31    0.090578    0.108126    0.193445   26.286438 ^ clkbuf_2_0__f_u_ibex.clk/X (sky130_fd_sc_hd__clkbuf_16)
                                                         clknet_2_0__leaf_u_ibex.clk (net)
                      0.108611    0.005889   26.292328 ^ _590_/CLK (sky130_fd_sc_hd__dfrtp_2)
                                 -0.250000   26.042328   clock uncertainty
                                  0.000000   26.042328   clock reconvergence pessimism
                                  0.196249   26.238579   library recovery time
                                             26.238579   data required time
---------------------------------------------------------------------------------------------
                                             26.238579   data required time
                                             -5.740969   data arrival time
---------------------------------------------------------------------------------------------
                                             20.497610   slack (MET)


Startpoint: rst_ni (input port clocked by clk_i)
Endpoint: _572_ (recovery check against rising-edge clock clk_i)
Path Group: asynchronous
Path Type: max

Fanout         Cap        Slew       Delay        Time   Description
---------------------------------------------------------------------------------------------
                                  0.000000    0.000000   clock clk_i (rise edge)
                                  0.000000    0.000000   clock network delay (propagated)
                                  5.000000    5.000000 ^ input external delay
     2    0.009382    0.048660    0.032007    5.032007 ^ rst_ni (in)
                                                         rst_ni (net)
                      0.048660    0.000000    5.032007 ^ input1/A (sky130_fd_sc_hd__buf_8)
     5    0.128799    0.207057    0.190278    5.222286 ^ input1/X (sky130_fd_sc_hd__buf_8)
                                                         net1 (net)
                      0.226426    0.047790    5.270076 ^ fanout99/A (sky130_fd_sc_hd__clkbuf_2)
     7    0.031689    0.176244    0.252490    5.522566 ^ fanout99/X (sky130_fd_sc_hd__clkbuf_2)
                                                         net99 (net)
                      0.176244    0.000179    5.522744 ^ fanout98/A (sky130_fd_sc_hd__buf_1)
     4    0.019096    0.228780    0.239214    5.761958 ^ fanout98/X (sky130_fd_sc_hd__buf_1)
                                                         net98 (net)
                      0.228781    0.000492    5.762450 ^ _572_/RESET_B (sky130_fd_sc_hd__dfrtp_1)
                                              5.762450   data arrival time

                                 25.000000   25.000000   clock clk_i (rise edge)
                                  0.000000   25.000000   clock source latency
     2    0.071891    0.327468    0.237902   25.237902 ^ clk_i (in)
                                                         clk_i (net)
                      0.329570    0.000000   25.237902 ^ clkbuf_0_clk_i/A (sky130_fd_sc_hd__clkbuf_16)
     2    0.018366    0.045915    0.208679   25.446581 ^ clkbuf_0_clk_i/X (sky130_fd_sc_hd__clkbuf_16)
                                                         clknet_0_clk_i (net)
                      0.045915    0.000139   25.446720 ^ clkbuf_1_0__f_clk_i/A (sky130_fd_sc_hd__clkbuf_16)
     3    0.007966    0.031577    0.114250   25.560968 ^ clkbuf_1_0__f_clk_i/X (sky130_fd_sc_hd__clkbuf_16)
                                                         clknet_1_0__leaf_clk_i (net)
                      0.031577    0.000082   25.561050 ^ _498_/A (sky130_fd_sc_hd__and2_2)
     3    0.049082    0.252905    0.282418   25.843468 ^ _498_/X (sky130_fd_sc_hd__and2_2)
                                                         u_ibex.clk (net)
                      0.253412    0.009246   25.852715 ^ clkbuf_0_u_ibex.clk/A (sky130_fd_sc_hd__clkbuf_16)
     9    0.077738    0.096883    0.236470   26.089186 ^ clkbuf_0_u_ibex.clk/X (sky130_fd_sc_hd__clkbuf_16)
                                                         clknet_0_u_ibex.clk (net)
                      0.097357    0.005382   26.094566 ^ clkbuf_2_2__f_u_ibex.clk/A (sky130_fd_sc_hd__clkbuf_16)
    31    0.099917    0.117594    0.198355   26.292923 ^ clkbuf_2_2__f_u_ibex.clk/X (sky130_fd_sc_hd__clkbuf_16)
                                                         clknet_2_2__leaf_u_ibex.clk (net)
                      0.120249    0.013975   26.306896 ^ _572_/CLK (sky130_fd_sc_hd__dfrtp_1)
                                 -0.250000   26.056898   clock uncertainty
                                  0.000000   26.056898   clock reconvergence pessimism
                                  0.206385   26.263283   library recovery time
                                             26.263283   data required time
---------------------------------------------------------------------------------------------
                                             26.263283   data required time
                                             -5.762450   data arrival time
---------------------------------------------------------------------------------------------
                                             20.500832   slack (MET)


Startpoint: rst_ni (input port clocked by clk_i)
Endpoint: _592_ (recovery check against rising-edge clock clk_i)
Path Group: asynchronous
Path Type: max

Fanout         Cap        Slew       Delay        Time   Description
---------------------------------------------------------------------------------------------
                                  0.000000    0.000000   clock clk_i (rise edge)
                                  0.000000    0.000000   clock network delay (propagated)
                                  5.000000    5.000000 ^ input external delay
     2    0.009382    0.048660    0.032007    5.032007 ^ rst_ni (in)
                                                         rst_ni (net)
                      0.048660    0.000000    5.032007 ^ input1/A (sky130_fd_sc_hd__buf_8)
     5    0.128799    0.207057    0.190278    5.222286 ^ input1/X (sky130_fd_sc_hd__buf_8)
                                                         net1 (net)
                      0.236474    0.059234    5.281520 ^ fanout93/A (sky130_fd_sc_hd__buf_1)
     3    0.014303    0.173915    0.209943    5.491463 ^ fanout93/X (sky130_fd_sc_hd__buf_1)
                                                         net93 (net)
                      0.173915    0.000179    5.491642 ^ fanout91/A (sky130_fd_sc_hd__clkbuf_2)
     6    0.034234    0.188848    0.248374    5.740016 ^ fanout91/X (sky130_fd_sc_hd__clkbuf_2)
                                                         net91 (net)
                      0.188848    0.000811    5.740827 ^ _592_/RESET_B (sky130_fd_sc_hd__dfrtp_1)
                                              5.740827   data arrival time

                                 25.000000   25.000000   clock clk_i (rise edge)
                                  0.000000   25.000000   clock source latency
     2    0.071891    0.327468    0.237902   25.237902 ^ clk_i (in)
                                                         clk_i (net)
                      0.329570    0.000000   25.237902 ^ clkbuf_0_clk_i/A (sky130_fd_sc_hd__clkbuf_16)
     2    0.018366    0.045915    0.208679   25.446581 ^ clkbuf_0_clk_i/X (sky130_fd_sc_hd__clkbuf_16)
                                                         clknet_0_clk_i (net)
                      0.045915    0.000139   25.446720 ^ clkbuf_1_0__f_clk_i/A (sky130_fd_sc_hd__clkbuf_16)
     3    0.007966    0.031577    0.114250   25.560968 ^ clkbuf_1_0__f_clk_i/X (sky130_fd_sc_hd__clkbuf_16)
                                                         clknet_1_0__leaf_clk_i (net)
                      0.031577    0.000082   25.561050 ^ _498_/A (sky130_fd_sc_hd__and2_2)
     3    0.049082    0.252905    0.282418   25.843468 ^ _498_/X (sky130_fd_sc_hd__and2_2)
                                                         u_ibex.clk (net)
                      0.253412    0.009246   25.852715 ^ clkbuf_0_u_ibex.clk/A (sky130_fd_sc_hd__clkbuf_16)
     9    0.077738    0.096883    0.236470   26.089186 ^ clkbuf_0_u_ibex.clk/X (sky130_fd_sc_hd__clkbuf_16)
                                                         clknet_0_u_ibex.clk (net)
                      0.097116    0.003809   26.092993 ^ clkbuf_2_0__f_u_ibex.clk/A (sky130_fd_sc_hd__clkbuf_16)
    31    0.090578    0.108126    0.193445   26.286438 ^ clkbuf_2_0__f_u_ibex.clk/X (sky130_fd_sc_hd__clkbuf_16)
                                                         clknet_2_0__leaf_u_ibex.clk (net)
                      0.108466    0.004983   26.291422 ^ _592_/CLK (sky130_fd_sc_hd__dfrtp_1)
                                 -0.250000   26.041422   clock uncertainty
                                  0.000000   26.041422   clock reconvergence pessimism
                                  0.212920   26.254341   library recovery time
                                             26.254341   data required time
---------------------------------------------------------------------------------------------
                                             26.254341   data required time
                                             -5.740827   data arrival time
---------------------------------------------------------------------------------------------
                                             20.513515   slack (MET)


Startpoint: rst_ni (input port clocked by clk_i)
Endpoint: _594_ (recovery check against rising-edge clock clk_i)
Path Group: asynchronous
Path Type: max

Fanout         Cap        Slew       Delay        Time   Description
---------------------------------------------------------------------------------------------
                                  0.000000    0.000000   clock clk_i (rise edge)
                                  0.000000    0.000000   clock network delay (propagated)
                                  5.000000    5.000000 ^ input external delay
     2    0.009382    0.048660    0.032007    5.032007 ^ rst_ni (in)
                                                         rst_ni (net)
                      0.048660    0.000000    5.032007 ^ input1/A (sky130_fd_sc_hd__buf_8)
     5    0.128799    0.207057    0.190278    5.222286 ^ input1/X (sky130_fd_sc_hd__buf_8)
                                                         net1 (net)
                      0.236474    0.059234    5.281520 ^ fanout93/A (sky130_fd_sc_hd__buf_1)
     3    0.014303    0.173915    0.209943    5.491463 ^ fanout93/X (sky130_fd_sc_hd__buf_1)
                                                         net93 (net)
                      0.173915    0.000179    5.491642 ^ fanout91/A (sky130_fd_sc_hd__clkbuf_2)
     6    0.034234    0.188848    0.248374    5.740016 ^ fanout91/X (sky130_fd_sc_hd__clkbuf_2)
                                                         net91 (net)
                      0.188848    0.000418    5.740434 ^ _594_/RESET_B (sky130_fd_sc_hd__dfrtp_1)
                                              5.740434   data arrival time

                                 25.000000   25.000000   clock clk_i (rise edge)
                                  0.000000   25.000000   clock source latency
     2    0.071891    0.327468    0.237902   25.237902 ^ clk_i (in)
                                                         clk_i (net)
                      0.329570    0.000000   25.237902 ^ clkbuf_0_clk_i/A (sky130_fd_sc_hd__clkbuf_16)
     2    0.018366    0.045915    0.208679   25.446581 ^ clkbuf_0_clk_i/X (sky130_fd_sc_hd__clkbuf_16)
                                                         clknet_0_clk_i (net)
                      0.045915    0.000139   25.446720 ^ clkbuf_1_0__f_clk_i/A (sky130_fd_sc_hd__clkbuf_16)
     3    0.007966    0.031577    0.114250   25.560968 ^ clkbuf_1_0__f_clk_i/X (sky130_fd_sc_hd__clkbuf_16)
                                                         clknet_1_0__leaf_clk_i (net)
                      0.031577    0.000082   25.561050 ^ _498_/A (sky130_fd_sc_hd__and2_2)
     3    0.049082    0.252905    0.282418   25.843468 ^ _498_/X (sky130_fd_sc_hd__and2_2)
                                                         u_ibex.clk (net)
                      0.253412    0.009246   25.852715 ^ clkbuf_0_u_ibex.clk/A (sky130_fd_sc_hd__clkbuf_16)
     9    0.077738    0.096883    0.236470   26.089186 ^ clkbuf_0_u_ibex.clk/X (sky130_fd_sc_hd__clkbuf_16)
                                                         clknet_0_u_ibex.clk (net)
                      0.097115    0.003798   26.092983 ^ clkbuf_2_1__f_u_ibex.clk/A (sky130_fd_sc_hd__clkbuf_16)
    33    0.090510    0.107483    0.194202   26.287186 ^ clkbuf_2_1__f_u_ibex.clk/X (sky130_fd_sc_hd__clkbuf_16)
                                                         clknet_2_1__leaf_u_ibex.clk (net)
                      0.107748    0.004398   26.291582 ^ _594_/CLK (sky130_fd_sc_hd__dfrtp_1)
                                 -0.250000   26.041584   clock uncertainty
                                  0.000000   26.041584   clock reconvergence pessimism
                                  0.212696   26.254280   library recovery time
                                             26.254280   data required time
---------------------------------------------------------------------------------------------
                                             26.254280   data required time
                                             -5.740434   data arrival time
---------------------------------------------------------------------------------------------
                                             20.513845   slack (MET)


Startpoint: rst_ni (input port clocked by clk_i)
Endpoint: _593_ (recovery check against rising-edge clock clk_i)
Path Group: asynchronous
Path Type: max

Fanout         Cap        Slew       Delay        Time   Description
---------------------------------------------------------------------------------------------
                                  0.000000    0.000000   clock clk_i (rise edge)
                                  0.000000    0.000000   clock network delay (propagated)
                                  5.000000    5.000000 ^ input external delay
     2    0.009382    0.048660    0.032007    5.032007 ^ rst_ni (in)
                                                         rst_ni (net)
                      0.048660    0.000000    5.032007 ^ input1/A (sky130_fd_sc_hd__buf_8)
     5    0.128799    0.207057    0.190278    5.222286 ^ input1/X (sky130_fd_sc_hd__buf_8)
                                                         net1 (net)
                      0.236474    0.059234    5.281520 ^ fanout93/A (sky130_fd_sc_hd__buf_1)
     3    0.014303    0.173915    0.209943    5.491463 ^ fanout93/X (sky130_fd_sc_hd__buf_1)
                                                         net93 (net)
                      0.173915    0.000179    5.491642 ^ fanout91/A (sky130_fd_sc_hd__clkbuf_2)
     6    0.034234    0.188848    0.248374    5.740016 ^ fanout91/X (sky130_fd_sc_hd__clkbuf_2)
                                                         net91 (net)
                      0.188850    0.000982    5.740998 ^ _593_/RESET_B (sky130_fd_sc_hd__dfrtp_1)
                                              5.740998   data arrival time

                                 25.000000   25.000000   clock clk_i (rise edge)
                                  0.000000   25.000000   clock source latency
     2    0.071891    0.327468    0.237902   25.237902 ^ clk_i (in)
                                                         clk_i (net)
                      0.329570    0.000000   25.237902 ^ clkbuf_0_clk_i/A (sky130_fd_sc_hd__clkbuf_16)
     2    0.018366    0.045915    0.208679   25.446581 ^ clkbuf_0_clk_i/X (sky130_fd_sc_hd__clkbuf_16)
                                                         clknet_0_clk_i (net)
                      0.045915    0.000139   25.446720 ^ clkbuf_1_0__f_clk_i/A (sky130_fd_sc_hd__clkbuf_16)
     3    0.007966    0.031577    0.114250   25.560968 ^ clkbuf_1_0__f_clk_i/X (sky130_fd_sc_hd__clkbuf_16)
                                                         clknet_1_0__leaf_clk_i (net)
                      0.031577    0.000082   25.561050 ^ _498_/A (sky130_fd_sc_hd__and2_2)
     3    0.049082    0.252905    0.282418   25.843468 ^ _498_/X (sky130_fd_sc_hd__and2_2)
                                                         u_ibex.clk (net)
                      0.253412    0.009246   25.852715 ^ clkbuf_0_u_ibex.clk/A (sky130_fd_sc_hd__clkbuf_16)
     9    0.077738    0.096883    0.236470   26.089186 ^ clkbuf_0_u_ibex.clk/X (sky130_fd_sc_hd__clkbuf_16)
                                                         clknet_0_u_ibex.clk (net)
                      0.097116    0.003809   26.092993 ^ clkbuf_2_0__f_u_ibex.clk/A (sky130_fd_sc_hd__clkbuf_16)
    31    0.090578    0.108126    0.193445   26.286438 ^ clkbuf_2_0__f_u_ibex.clk/X (sky130_fd_sc_hd__clkbuf_16)
                                                         clknet_2_0__leaf_u_ibex.clk (net)
                      0.108543    0.005487   26.291925 ^ _593_/CLK (sky130_fd_sc_hd__dfrtp_1)
                                 -0.250000   26.041927   clock uncertainty
                                  0.000000   26.041927   clock reconvergence pessimism
                                  0.212943   26.254871   library recovery time
                                             26.254871   data required time
---------------------------------------------------------------------------------------------
                                             26.254871   data required time
                                             -5.740998   data arrival time
---------------------------------------------------------------------------------------------
                                             20.513872   slack (MET)


Startpoint: rst_ni (input port clocked by clk_i)
Endpoint: _595_ (recovery check against rising-edge clock clk_i)
Path Group: asynchronous
Path Type: max

Fanout         Cap        Slew       Delay        Time   Description
---------------------------------------------------------------------------------------------
                                  0.000000    0.000000   clock clk_i (rise edge)
                                  0.000000    0.000000   clock network delay (propagated)
                                  5.000000    5.000000 ^ input external delay
     2    0.009382    0.048660    0.032007    5.032007 ^ rst_ni (in)
                                                         rst_ni (net)
                      0.048660    0.000000    5.032007 ^ input1/A (sky130_fd_sc_hd__buf_8)
     5    0.128799    0.207057    0.190278    5.222286 ^ input1/X (sky130_fd_sc_hd__buf_8)
                                                         net1 (net)
                      0.236474    0.059234    5.281520 ^ fanout93/A (sky130_fd_sc_hd__buf_1)
     3    0.014303    0.173915    0.209943    5.491463 ^ fanout93/X (sky130_fd_sc_hd__buf_1)
                                                         net93 (net)
                      0.173915    0.000101    5.491564 ^ fanout92/A (sky130_fd_sc_hd__dlymetal6s2s_1)
     4    0.019566    0.211089    0.243082    5.734646 ^ fanout92/X (sky130_fd_sc_hd__dlymetal6s2s_1)
                                                         net92 (net)
                      0.211158    0.000378    5.735023 ^ _595_/RESET_B (sky130_fd_sc_hd__dfrtp_1)
                                              5.735023   data arrival time

                                 25.000000   25.000000   clock clk_i (rise edge)
                                  0.000000   25.000000   clock source latency
     2    0.071891    0.327468    0.237902   25.237902 ^ clk_i (in)
                                                         clk_i (net)
                      0.329570    0.000000   25.237902 ^ clkbuf_0_clk_i/A (sky130_fd_sc_hd__clkbuf_16)
     2    0.018366    0.045915    0.208679   25.446581 ^ clkbuf_0_clk_i/X (sky130_fd_sc_hd__clkbuf_16)
                                                         clknet_0_clk_i (net)
                      0.045915    0.000139   25.446720 ^ clkbuf_1_0__f_clk_i/A (sky130_fd_sc_hd__clkbuf_16)
     3    0.007966    0.031577    0.114250   25.560968 ^ clkbuf_1_0__f_clk_i/X (sky130_fd_sc_hd__clkbuf_16)
                                                         clknet_1_0__leaf_clk_i (net)
                      0.031577    0.000082   25.561050 ^ _498_/A (sky130_fd_sc_hd__and2_2)
     3    0.049082    0.252905    0.282418   25.843468 ^ _498_/X (sky130_fd_sc_hd__and2_2)
                                                         u_ibex.clk (net)
                      0.253412    0.009246   25.852715 ^ clkbuf_0_u_ibex.clk/A (sky130_fd_sc_hd__clkbuf_16)
     9    0.077738    0.096883    0.236470   26.089186 ^ clkbuf_0_u_ibex.clk/X (sky130_fd_sc_hd__clkbuf_16)
                                                         clknet_0_u_ibex.clk (net)
                      0.097115    0.003798   26.092983 ^ clkbuf_2_1__f_u_ibex.clk/A (sky130_fd_sc_hd__clkbuf_16)
    33    0.090510    0.107483    0.194202   26.287186 ^ clkbuf_2_1__f_u_ibex.clk/X (sky130_fd_sc_hd__clkbuf_16)
                                                         clknet_2_1__leaf_u_ibex.clk (net)
                      0.107851    0.005146   26.292332 ^ _595_/CLK (sky130_fd_sc_hd__dfrtp_1)
                                 -0.250000   26.042332   clock uncertainty
                                  0.000000   26.042332   clock reconvergence pessimism
                                  0.207009   26.249342   library recovery time
                                             26.249342   data required time
---------------------------------------------------------------------------------------------
                                             26.249342   data required time
                                             -5.735023   data arrival time
---------------------------------------------------------------------------------------------
                                             20.514318   slack (MET)


Startpoint: rst_ni (input port clocked by clk_i)
Endpoint: _596_ (recovery check against rising-edge clock clk_i)
Path Group: asynchronous
Path Type: max

Fanout         Cap        Slew       Delay        Time   Description
---------------------------------------------------------------------------------------------
                                  0.000000    0.000000   clock clk_i (rise edge)
                                  0.000000    0.000000   clock network delay (propagated)
                                  5.000000    5.000000 ^ input external delay
     2    0.009382    0.048660    0.032007    5.032007 ^ rst_ni (in)
                                                         rst_ni (net)
                      0.048660    0.000000    5.032007 ^ input1/A (sky130_fd_sc_hd__buf_8)
     5    0.128799    0.207057    0.190278    5.222286 ^ input1/X (sky130_fd_sc_hd__buf_8)
                                                         net1 (net)
                      0.236474    0.059234    5.281520 ^ fanout93/A (sky130_fd_sc_hd__buf_1)
     3    0.014303    0.173915    0.209943    5.491463 ^ fanout93/X (sky130_fd_sc_hd__buf_1)
                                                         net93 (net)
                      0.173915    0.000101    5.491564 ^ fanout92/A (sky130_fd_sc_hd__dlymetal6s2s_1)
     4    0.019566    0.211089    0.243082    5.734646 ^ fanout92/X (sky130_fd_sc_hd__dlymetal6s2s_1)
                                                         net92 (net)
                      0.211158    0.000347    5.734993 ^ _596_/RESET_B (sky130_fd_sc_hd__dfrtp_1)
                                              5.734993   data arrival time

                                 25.000000   25.000000   clock clk_i (rise edge)
                                  0.000000   25.000000   clock source latency
     2    0.071891    0.327468    0.237902   25.237902 ^ clk_i (in)
                                                         clk_i (net)
                      0.329570    0.000000   25.237902 ^ clkbuf_0_clk_i/A (sky130_fd_sc_hd__clkbuf_16)
     2    0.018366    0.045915    0.208679   25.446581 ^ clkbuf_0_clk_i/X (sky130_fd_sc_hd__clkbuf_16)
                                                         clknet_0_clk_i (net)
                      0.045915    0.000139   25.446720 ^ clkbuf_1_0__f_clk_i/A (sky130_fd_sc_hd__clkbuf_16)
     3    0.007966    0.031577    0.114250   25.560968 ^ clkbuf_1_0__f_clk_i/X (sky130_fd_sc_hd__clkbuf_16)
                                                         clknet_1_0__leaf_clk_i (net)
                      0.031577    0.000082   25.561050 ^ _498_/A (sky130_fd_sc_hd__and2_2)
     3    0.049082    0.252905    0.282418   25.843468 ^ _498_/X (sky130_fd_sc_hd__and2_2)
                                                         u_ibex.clk (net)
                      0.253412    0.009246   25.852715 ^ clkbuf_0_u_ibex.clk/A (sky130_fd_sc_hd__clkbuf_16)
     9    0.077738    0.096883    0.236470   26.089186 ^ clkbuf_0_u_ibex.clk/X (sky130_fd_sc_hd__clkbuf_16)
                                                         clknet_0_u_ibex.clk (net)
                      0.097115    0.003798   26.092983 ^ clkbuf_2_1__f_u_ibex.clk/A (sky130_fd_sc_hd__clkbuf_16)
    33    0.090510    0.107483    0.194202   26.287186 ^ clkbuf_2_1__f_u_ibex.clk/X (sky130_fd_sc_hd__clkbuf_16)
                                                         clknet_2_1__leaf_u_ibex.clk (net)
                      0.108012    0.006116   26.293301 ^ _596_/CLK (sky130_fd_sc_hd__dfrtp_1)
                                 -0.250000   26.043303   clock uncertainty
                                  0.000000   26.043303   clock reconvergence pessimism
                                  0.207059   26.250360   library recovery time
                                             26.250360   data required time
---------------------------------------------------------------------------------------------
                                             26.250360   data required time
                                             -5.734993   data arrival time
---------------------------------------------------------------------------------------------
                                             20.515368   slack (MET)


Startpoint: rst_ni (input port clocked by clk_i)
Endpoint: _591_ (recovery check against rising-edge clock clk_i)
Path Group: asynchronous
Path Type: max

Fanout         Cap        Slew       Delay        Time   Description
---------------------------------------------------------------------------------------------
                                  0.000000    0.000000   clock clk_i (rise edge)
                                  0.000000    0.000000   clock network delay (propagated)
                                  5.000000    5.000000 ^ input external delay
     2    0.009382    0.048660    0.032007    5.032007 ^ rst_ni (in)
                                                         rst_ni (net)
                      0.048660    0.000000    5.032007 ^ input1/A (sky130_fd_sc_hd__buf_8)
     5    0.128799    0.207057    0.190278    5.222286 ^ input1/X (sky130_fd_sc_hd__buf_8)
                                                         net1 (net)
                      0.236474    0.059234    5.281520 ^ fanout93/A (sky130_fd_sc_hd__buf_1)
     3    0.014303    0.173915    0.209943    5.491463 ^ fanout93/X (sky130_fd_sc_hd__buf_1)
                                                         net93 (net)
                      0.173915    0.000179    5.491642 ^ fanout91/A (sky130_fd_sc_hd__clkbuf_2)
     6    0.034234    0.188848    0.248374    5.740016 ^ fanout91/X (sky130_fd_sc_hd__clkbuf_2)
                                                         net91 (net)
                      0.188852    0.001208    5.741224 ^ _591_/RESET_B (sky130_fd_sc_hd__dfrtp_1)
                                              5.741224   data arrival time

                                 25.000000   25.000000   clock clk_i (rise edge)
                                  0.000000   25.000000   clock source latency
     2    0.071891    0.327468    0.237902   25.237902 ^ clk_i (in)
                                                         clk_i (net)
                      0.329570    0.000000   25.237902 ^ clkbuf_0_clk_i/A (sky130_fd_sc_hd__clkbuf_16)
     2    0.018366    0.045915    0.208679   25.446581 ^ clkbuf_0_clk_i/X (sky130_fd_sc_hd__clkbuf_16)
                                                         clknet_0_clk_i (net)
                      0.045915    0.000139   25.446720 ^ clkbuf_1_0__f_clk_i/A (sky130_fd_sc_hd__clkbuf_16)
     3    0.007966    0.031577    0.114250   25.560968 ^ clkbuf_1_0__f_clk_i/X (sky130_fd_sc_hd__clkbuf_16)
                                                         clknet_1_0__leaf_clk_i (net)
                      0.031577    0.000082   25.561050 ^ _498_/A (sky130_fd_sc_hd__and2_2)
     3    0.049082    0.252905    0.282418   25.843468 ^ _498_/X (sky130_fd_sc_hd__and2_2)
                                                         u_ibex.clk (net)
                      0.253412    0.009246   25.852715 ^ clkbuf_0_u_ibex.clk/A (sky130_fd_sc_hd__clkbuf_16)
     9    0.077738    0.096883    0.236470   26.089186 ^ clkbuf_0_u_ibex.clk/X (sky130_fd_sc_hd__clkbuf_16)
                                                         clknet_0_u_ibex.clk (net)
                      0.097116    0.003809   26.092993 ^ clkbuf_2_0__f_u_ibex.clk/A (sky130_fd_sc_hd__clkbuf_16)
    31    0.090578    0.108126    0.193445   26.286438 ^ clkbuf_2_0__f_u_ibex.clk/X (sky130_fd_sc_hd__clkbuf_16)
                                                         clknet_2_0__leaf_u_ibex.clk (net)
                      0.108874    0.007232   26.293671 ^ _591_/CLK (sky130_fd_sc_hd__dfrtp_1)
                                 -0.250000   26.043671   clock uncertainty
                                  0.000000   26.043671   clock reconvergence pessimism
                                  0.213046   26.256716   library recovery time
                                             26.256716   data required time
---------------------------------------------------------------------------------------------
                                             26.256716   data required time
                                             -5.741224   data arrival time
---------------------------------------------------------------------------------------------
                                             20.515491   slack (MET)


Startpoint: rst_ni (input port clocked by clk_i)
Endpoint: _597_ (recovery check against rising-edge clock clk_i)
Path Group: asynchronous
Path Type: max

Fanout         Cap        Slew       Delay        Time   Description
---------------------------------------------------------------------------------------------
                                  0.000000    0.000000   clock clk_i (rise edge)
                                  0.000000    0.000000   clock network delay (propagated)
                                  5.000000    5.000000 ^ input external delay
     2    0.009382    0.048660    0.032007    5.032007 ^ rst_ni (in)
                                                         rst_ni (net)
                      0.048660    0.000000    5.032007 ^ input1/A (sky130_fd_sc_hd__buf_8)
     5    0.128799    0.207057    0.190278    5.222286 ^ input1/X (sky130_fd_sc_hd__buf_8)
                                                         net1 (net)
                      0.236474    0.059234    5.281520 ^ fanout93/A (sky130_fd_sc_hd__buf_1)
     3    0.014303    0.173915    0.209943    5.491463 ^ fanout93/X (sky130_fd_sc_hd__buf_1)
                                                         net93 (net)
                      0.173915    0.000101    5.491564 ^ fanout92/A (sky130_fd_sc_hd__dlymetal6s2s_1)
     4    0.019566    0.211089    0.243082    5.734646 ^ fanout92/X (sky130_fd_sc_hd__dlymetal6s2s_1)
                                                         net92 (net)
                      0.211089    0.000169    5.734815 ^ _597_/RESET_B (sky130_fd_sc_hd__dfrtp_1)
                                              5.734815   data arrival time

                                 25.000000   25.000000   clock clk_i (rise edge)
                                  0.000000   25.000000   clock source latency
     2    0.071891    0.327468    0.237902   25.237902 ^ clk_i (in)
                                                         clk_i (net)
                      0.329570    0.000000   25.237902 ^ clkbuf_0_clk_i/A (sky130_fd_sc_hd__clkbuf_16)
     2    0.018366    0.045915    0.208679   25.446581 ^ clkbuf_0_clk_i/X (sky130_fd_sc_hd__clkbuf_16)
                                                         clknet_0_clk_i (net)
                      0.045915    0.000139   25.446720 ^ clkbuf_1_0__f_clk_i/A (sky130_fd_sc_hd__clkbuf_16)
     3    0.007966    0.031577    0.114250   25.560968 ^ clkbuf_1_0__f_clk_i/X (sky130_fd_sc_hd__clkbuf_16)
                                                         clknet_1_0__leaf_clk_i (net)
                      0.031577    0.000082   25.561050 ^ _498_/A (sky130_fd_sc_hd__and2_2)
     3    0.049082    0.252905    0.282418   25.843468 ^ _498_/X (sky130_fd_sc_hd__and2_2)
                                                         u_ibex.clk (net)
                      0.253412    0.009246   25.852715 ^ clkbuf_0_u_ibex.clk/A (sky130_fd_sc_hd__clkbuf_16)
     9    0.077738    0.096883    0.236470   26.089186 ^ clkbuf_0_u_ibex.clk/X (sky130_fd_sc_hd__clkbuf_16)
                                                         clknet_0_u_ibex.clk (net)
                      0.097115    0.003798   26.092983 ^ clkbuf_2_1__f_u_ibex.clk/A (sky130_fd_sc_hd__clkbuf_16)
    33    0.090510    0.107483    0.194202   26.287186 ^ clkbuf_2_1__f_u_ibex.clk/X (sky130_fd_sc_hd__clkbuf_16)
                                                         clknet_2_1__leaf_u_ibex.clk (net)
                      0.108206    0.007100   26.294285 ^ _597_/CLK (sky130_fd_sc_hd__dfrtp_1)
                                 -0.250000   26.044285   clock uncertainty
                                  0.000000   26.044285   clock reconvergence pessimism
                                  0.207138   26.251423   library recovery time
                                             26.251423   data required time
---------------------------------------------------------------------------------------------
                                             26.251423   data required time
                                             -5.734815   data arrival time
---------------------------------------------------------------------------------------------
                                             20.516607   slack (MET)


Startpoint: rst_ni (input port clocked by clk_i)
Endpoint: _588_ (recovery check against rising-edge clock clk_i)
Path Group: asynchronous
Path Type: max

Fanout         Cap        Slew       Delay        Time   Description
---------------------------------------------------------------------------------------------
                                  0.000000    0.000000   clock clk_i (rise edge)
                                  0.000000    0.000000   clock network delay (propagated)
                                  5.000000    5.000000 ^ input external delay
     2    0.009382    0.048660    0.032007    5.032007 ^ rst_ni (in)
                                                         rst_ni (net)
                      0.048660    0.000000    5.032007 ^ input1/A (sky130_fd_sc_hd__buf_8)
     5    0.128799    0.207057    0.190278    5.222286 ^ input1/X (sky130_fd_sc_hd__buf_8)
                                                         net1 (net)
                      0.236474    0.059234    5.281520 ^ fanout93/A (sky130_fd_sc_hd__buf_1)
     3    0.014303    0.173915    0.209943    5.491463 ^ fanout93/X (sky130_fd_sc_hd__buf_1)
                                                         net93 (net)
                      0.173915    0.000179    5.491642 ^ fanout91/A (sky130_fd_sc_hd__clkbuf_2)
     6    0.034234    0.188848    0.248374    5.740016 ^ fanout91/X (sky130_fd_sc_hd__clkbuf_2)
                                                         net91 (net)
                      0.188853    0.001298    5.741314 ^ _588_/RESET_B (sky130_fd_sc_hd__dfrtp_1)
                                              5.741314   data arrival time

                                 25.000000   25.000000   clock clk_i (rise edge)
                                  0.000000   25.000000   clock source latency
     2    0.071891    0.327468    0.237902   25.237902 ^ clk_i (in)
                                                         clk_i (net)
                      0.329570    0.000000   25.237902 ^ clkbuf_0_clk_i/A (sky130_fd_sc_hd__clkbuf_16)
     2    0.018366    0.045915    0.208679   25.446581 ^ clkbuf_0_clk_i/X (sky130_fd_sc_hd__clkbuf_16)
                                                         clknet_0_clk_i (net)
                      0.045915    0.000139   25.446720 ^ clkbuf_1_0__f_clk_i/A (sky130_fd_sc_hd__clkbuf_16)
     3    0.007966    0.031577    0.114250   25.560968 ^ clkbuf_1_0__f_clk_i/X (sky130_fd_sc_hd__clkbuf_16)
                                                         clknet_1_0__leaf_clk_i (net)
                      0.031577    0.000082   25.561050 ^ _498_/A (sky130_fd_sc_hd__and2_2)
     3    0.049082    0.252905    0.282418   25.843468 ^ _498_/X (sky130_fd_sc_hd__and2_2)
                                                         u_ibex.clk (net)
                      0.253412    0.009246   25.852715 ^ clkbuf_0_u_ibex.clk/A (sky130_fd_sc_hd__clkbuf_16)
     9    0.077738    0.096883    0.236470   26.089186 ^ clkbuf_0_u_ibex.clk/X (sky130_fd_sc_hd__clkbuf_16)
                                                         clknet_0_u_ibex.clk (net)
                      0.097116    0.003809   26.092993 ^ clkbuf_2_0__f_u_ibex.clk/A (sky130_fd_sc_hd__clkbuf_16)
    31    0.090578    0.108126    0.193445   26.286438 ^ clkbuf_2_0__f_u_ibex.clk/X (sky130_fd_sc_hd__clkbuf_16)
                                                         clknet_2_0__leaf_u_ibex.clk (net)
                      0.109143    0.008376   26.294815 ^ _588_/CLK (sky130_fd_sc_hd__dfrtp_1)
                                 -0.250000   26.044815   clock uncertainty
                                  0.000000   26.044815   clock reconvergence pessimism
                                  0.213130   26.257944   library recovery time
                                             26.257944   data required time
---------------------------------------------------------------------------------------------
                                             26.257944   data required time
                                             -5.741314   data arrival time
---------------------------------------------------------------------------------------------
                                             20.516630   slack (MET)


Startpoint: rst_ni (input port clocked by clk_i)
Endpoint: _599_ (recovery check against rising-edge clock clk_i)
Path Group: asynchronous
Path Type: max

Fanout         Cap        Slew       Delay        Time   Description
---------------------------------------------------------------------------------------------
                                  0.000000    0.000000   clock clk_i (rise edge)
                                  0.000000    0.000000   clock network delay (propagated)
                                  5.000000    5.000000 ^ input external delay
     2    0.009382    0.048660    0.032007    5.032007 ^ rst_ni (in)
                                                         rst_ni (net)
                      0.048660    0.000000    5.032007 ^ input1/A (sky130_fd_sc_hd__buf_8)
     5    0.128799    0.207057    0.190278    5.222286 ^ input1/X (sky130_fd_sc_hd__buf_8)
                                                         net1 (net)
                      0.236474    0.059234    5.281520 ^ fanout93/A (sky130_fd_sc_hd__buf_1)
     3    0.014303    0.173915    0.209943    5.491463 ^ fanout93/X (sky130_fd_sc_hd__buf_1)
                                                         net93 (net)
                      0.173915    0.000101    5.491564 ^ fanout92/A (sky130_fd_sc_hd__dlymetal6s2s_1)
     4    0.019566    0.211089    0.243082    5.734646 ^ fanout92/X (sky130_fd_sc_hd__dlymetal6s2s_1)
                                                         net92 (net)
                      0.211089    0.000164    5.734810 ^ _599_/RESET_B (sky130_fd_sc_hd__dfrtp_1)
                                              5.734810   data arrival time

                                 25.000000   25.000000   clock clk_i (rise edge)
                                  0.000000   25.000000   clock source latency
     2    0.071891    0.327468    0.237902   25.237902 ^ clk_i (in)
                                                         clk_i (net)
                      0.329570    0.000000   25.237902 ^ clkbuf_0_clk_i/A (sky130_fd_sc_hd__clkbuf_16)
     2    0.018366    0.045915    0.208679   25.446581 ^ clkbuf_0_clk_i/X (sky130_fd_sc_hd__clkbuf_16)
                                                         clknet_0_clk_i (net)
                      0.045915    0.000139   25.446720 ^ clkbuf_1_0__f_clk_i/A (sky130_fd_sc_hd__clkbuf_16)
     3    0.007966    0.031577    0.114250   25.560968 ^ clkbuf_1_0__f_clk_i/X (sky130_fd_sc_hd__clkbuf_16)
                                                         clknet_1_0__leaf_clk_i (net)
                      0.031577    0.000082   25.561050 ^ _498_/A (sky130_fd_sc_hd__and2_2)
     3    0.049082    0.252905    0.282418   25.843468 ^ _498_/X (sky130_fd_sc_hd__and2_2)
                                                         u_ibex.clk (net)
                      0.253412    0.009246   25.852715 ^ clkbuf_0_u_ibex.clk/A (sky130_fd_sc_hd__clkbuf_16)
     9    0.077738    0.096883    0.236470   26.089186 ^ clkbuf_0_u_ibex.clk/X (sky130_fd_sc_hd__clkbuf_16)
                                                         clknet_0_u_ibex.clk (net)
                      0.097115    0.003798   26.092983 ^ clkbuf_2_1__f_u_ibex.clk/A (sky130_fd_sc_hd__clkbuf_16)
    33    0.090510    0.107483    0.194202   26.287186 ^ clkbuf_2_1__f_u_ibex.clk/X (sky130_fd_sc_hd__clkbuf_16)
                                                         clknet_2_1__leaf_u_ibex.clk (net)
                      0.108304    0.007546   26.294731 ^ _599_/CLK (sky130_fd_sc_hd__dfrtp_1)
                                 -0.250000   26.044731   clock uncertainty
                                  0.000000   26.044731   clock reconvergence pessimism
                                  0.207168   26.251900   library recovery time
                                             26.251900   data required time
---------------------------------------------------------------------------------------------
                                             26.251900   data required time
                                             -5.734810   data arrival time
---------------------------------------------------------------------------------------------
                                             20.517090   slack (MET)


Startpoint: _565_ (rising edge-triggered flip-flop clocked by clk_i)
Endpoint: _566_ (rising edge-triggered flip-flop clocked by clk_i)
Path Group: clk_i
Path Type: max

Fanout         Cap        Slew       Delay        Time   Description
---------------------------------------------------------------------------------------------
                                  0.000000    0.000000   clock clk_i (rise edge)
                                  0.000000    0.000000   clock source latency
     2    0.071891    0.327468    0.237902    0.237902 ^ clk_i (in)
                                                         clk_i (net)
                      0.329570    0.000000    0.237902 ^ clkbuf_0_clk_i/A (sky130_fd_sc_hd__clkbuf_16)
     2    0.018366    0.045915    0.208680    0.446582 ^ clkbuf_0_clk_i/X (sky130_fd_sc_hd__clkbuf_16)
                                                         clknet_0_clk_i (net)
                      0.045915    0.000137    0.446719 ^ clkbuf_1_0__f_clk_i/A (sky130_fd_sc_hd__clkbuf_16)
     3    0.007966    0.031577    0.114250    0.560970 ^ clkbuf_1_0__f_clk_i/X (sky130_fd_sc_hd__clkbuf_16)
                                                         clknet_1_0__leaf_clk_i (net)
                      0.031577    0.000082    0.561052 ^ _498_/A (sky130_fd_sc_hd__and2_2)
     3    0.049082    0.253215    0.282417    0.843469 ^ _498_/X (sky130_fd_sc_hd__and2_2)
                                                         u_ibex.clk (net)
                      0.253722    0.009246    0.852715 ^ clkbuf_0_u_ibex.clk/A (sky130_fd_sc_hd__clkbuf_16)
     9    0.077738    0.096888    0.236566    1.089280 ^ clkbuf_0_u_ibex.clk/X (sky130_fd_sc_hd__clkbuf_16)
                                                         clknet_0_u_ibex.clk (net)
                      0.097344    0.005283    1.094563 ^ clkbuf_2_3__f_u_ibex.clk/A (sky130_fd_sc_hd__clkbuf_16)
    23    0.077329    0.094713    0.186021    1.280585 ^ clkbuf_2_3__f_u_ibex.clk/X (sky130_fd_sc_hd__clkbuf_16)
                                                         clknet_2_3__leaf_u_ibex.clk (net)
                      0.095741    0.007806    1.288391 ^ _565_/CLK (sky130_fd_sc_hd__dfrtp_1)
     1    0.001949    0.040055    0.325833    1.614224 ^ _565_/Q (sky130_fd_sc_hd__dfrtp_1)
                                                         u_ibex.u_ibex_core.id_stage_i.controller_i.id_wb_pending (net)
                      0.040055    0.000008    1.614232 ^ hold163/A (sky130_fd_sc_hd__dlygate4sd3_1)
     1    0.001893    0.045950    0.524708    2.138941 ^ hold163/X (sky130_fd_sc_hd__dlygate4sd3_1)
                                                         net334 (net)
                      0.045950    0.000016    2.138956 ^ hold21/A (sky130_fd_sc_hd__dlygate4sd3_1)
     1    0.003420    0.058350    0.540958    2.679914 ^ hold21/X (sky130_fd_sc_hd__dlygate4sd3_1)
                                                         net192 (net)
                      0.058350    0.000051    2.679966 ^ hold164/A (sky130_fd_sc_hd__dlygate4sd3_1)
     3    0.012836    0.141942    0.613897    3.293863 ^ hold164/X (sky130_fd_sc_hd__dlygate4sd3_1)
                                                         net335 (net)
                      0.141942    0.000212    3.294074 ^ _409_/A_N (sky130_fd_sc_hd__and2b_1)
     1    0.003383    0.036318    0.197635    3.491709 v _409_/X (sky130_fd_sc_hd__and2b_1)
                                                         u_ibex.u_ibex_core.id_stage_i.controller_i.do_single_step_d (net)
                      0.036318    0.000047    3.491756 v hold183/A (sky130_fd_sc_hd__dlygate4sd3_1)
     1    0.001721    0.048531    0.535014    4.026770 v hold183/X (sky130_fd_sc_hd__dlygate4sd3_1)
                                                         net354 (net)
                      0.048531    0.000007    4.026777 v hold26/A (sky130_fd_sc_hd__dlygate4sd3_1)
     2    0.004583    0.061884    0.562704    4.589481 v hold26/X (sky130_fd_sc_hd__dlygate4sd3_1)
                                                         net197 (net)
                      0.061884    0.000052    4.589533 v _410_/B (sky130_fd_sc_hd__and2b_1)
     1    0.002230    0.031082    0.154144    4.743677 v _410_/X (sky130_fd_sc_hd__and2b_1)
                                                         u_ibex.u_ibex_core.id_stage_i.controller_i.enter_debug_mode (net)
                      0.031082    0.000021    4.743698 v hold105/A (sky130_fd_sc_hd__dlygate4sd3_1)
     3    0.009959    0.086325    0.588889    5.332587 v hold105/X (sky130_fd_sc_hd__dlygate4sd3_1)
                                                         net276 (net)
                      0.086325    0.000075    5.332662 v _566_/D (sky130_fd_sc_hd__dfrtp_1)
                                              5.332662   data arrival time

                                 25.000000   25.000000   clock clk_i (rise edge)
                                  0.000000   25.000000   clock source latency
     2    0.071891    0.327468    0.237902   25.237902 ^ clk_i (in)
                                                         clk_i (net)
                      0.329570    0.000000   25.237902 ^ clkbuf_0_clk_i/A (sky130_fd_sc_hd__clkbuf_16)
     2    0.018366    0.045915    0.208679   25.446581 ^ clkbuf_0_clk_i/X (sky130_fd_sc_hd__clkbuf_16)
                                                         clknet_0_clk_i (net)
                      0.045915    0.000139   25.446720 ^ clkbuf_1_0__f_clk_i/A (sky130_fd_sc_hd__clkbuf_16)
     3    0.007966    0.031577    0.114250   25.560968 ^ clkbuf_1_0__f_clk_i/X (sky130_fd_sc_hd__clkbuf_16)
                                                         clknet_1_0__leaf_clk_i (net)
                      0.031577    0.000082   25.561050 ^ _498_/A (sky130_fd_sc_hd__and2_2)
     3    0.049082    0.252905    0.282418   25.843468 ^ _498_/X (sky130_fd_sc_hd__and2_2)
                                                         u_ibex.clk (net)
                      0.253412    0.009246   25.852715 ^ clkbuf_0_u_ibex.clk/A (sky130_fd_sc_hd__clkbuf_16)
     9    0.077738    0.096883    0.236470   26.089186 ^ clkbuf_0_u_ibex.clk/X (sky130_fd_sc_hd__clkbuf_16)
                                                         clknet_0_u_ibex.clk (net)
                      0.097339    0.005283   26.094467 ^ clkbuf_2_3__f_u_ibex.clk/A (sky130_fd_sc_hd__clkbuf_16)
    23    0.077329    0.094713    0.186020   26.280487 ^ clkbuf_2_3__f_u_ibex.clk/X (sky130_fd_sc_hd__clkbuf_16)
                                                         clknet_2_3__leaf_u_ibex.clk (net)
                      0.095574    0.007145   26.287632 ^ _566_/CLK (sky130_fd_sc_hd__dfrtp_1)
                                 -0.250000   26.037634   clock uncertainty
                                  0.000096   26.037729   clock reconvergence pessimism
                                 -0.120678   25.917051   library setup time
                                             25.917051   data required time
---------------------------------------------------------------------------------------------
                                             25.917051   data required time
                                             -5.332662   data arrival time
---------------------------------------------------------------------------------------------
                                             20.584389   slack (MET)


Startpoint: rst_ni (input port clocked by clk_i)
Endpoint: _576_ (recovery check against rising-edge clock clk_i)
Path Group: asynchronous
Path Type: max

Fanout         Cap        Slew       Delay        Time   Description
---------------------------------------------------------------------------------------------
                                  0.000000    0.000000   clock clk_i (rise edge)
                                  0.000000    0.000000   clock network delay (propagated)
                                  5.000000    5.000000 ^ input external delay
     2    0.009382    0.048660    0.032007    5.032007 ^ rst_ni (in)
                                                         rst_ni (net)
                      0.048660    0.000000    5.032007 ^ input1/A (sky130_fd_sc_hd__buf_8)
     5    0.128799    0.207057    0.190278    5.222286 ^ input1/X (sky130_fd_sc_hd__buf_8)
                                                         net1 (net)
                      0.226426    0.047790    5.270076 ^ fanout99/A (sky130_fd_sc_hd__clkbuf_2)
     7    0.031689    0.176244    0.252490    5.522566 ^ fanout99/X (sky130_fd_sc_hd__clkbuf_2)
                                                         net99 (net)
                      0.176352    0.002201    5.524767 ^ _576_/RESET_B (sky130_fd_sc_hd__dfrtp_1)
                                              5.524767   data arrival time

                                 25.000000   25.000000   clock clk_i (rise edge)
                                  0.000000   25.000000   clock source latency
     2    0.071891    0.327468    0.237902   25.237902 ^ clk_i (in)
                                                         clk_i (net)
                      0.329570    0.000000   25.237902 ^ clkbuf_0_clk_i/A (sky130_fd_sc_hd__clkbuf_16)
     2    0.018366    0.045915    0.208679   25.446581 ^ clkbuf_0_clk_i/X (sky130_fd_sc_hd__clkbuf_16)
                                                         clknet_0_clk_i (net)
                      0.045915    0.000139   25.446720 ^ clkbuf_1_0__f_clk_i/A (sky130_fd_sc_hd__clkbuf_16)
     3    0.007966    0.031577    0.114250   25.560968 ^ clkbuf_1_0__f_clk_i/X (sky130_fd_sc_hd__clkbuf_16)
                                                         clknet_1_0__leaf_clk_i (net)
                      0.031577    0.000082   25.561050 ^ _498_/A (sky130_fd_sc_hd__and2_2)
     3    0.049082    0.252905    0.282418   25.843468 ^ _498_/X (sky130_fd_sc_hd__and2_2)
                                                         u_ibex.clk (net)
                      0.253412    0.009246   25.852715 ^ clkbuf_0_u_ibex.clk/A (sky130_fd_sc_hd__clkbuf_16)
     9    0.077738    0.096883    0.236470   26.089186 ^ clkbuf_0_u_ibex.clk/X (sky130_fd_sc_hd__clkbuf_16)
                                                         clknet_0_u_ibex.clk (net)
                      0.097339    0.005283   26.094467 ^ clkbuf_2_3__f_u_ibex.clk/A (sky130_fd_sc_hd__clkbuf_16)
    23    0.077329    0.094713    0.186020   26.280487 ^ clkbuf_2_3__f_u_ibex.clk/X (sky130_fd_sc_hd__clkbuf_16)
                                                         clknet_2_3__leaf_u_ibex.clk (net)
                      0.095056    0.004565   26.285053 ^ _576_/CLK (sky130_fd_sc_hd__dfrtp_1)
                                 -0.250000   26.035053   clock uncertainty
                                  0.000000   26.035053   clock reconvergence pessimism
                                  0.211940   26.246992   library recovery time
                                             26.246992   data required time
---------------------------------------------------------------------------------------------
                                             26.246992   data required time
                                             -5.524767   data arrival time
---------------------------------------------------------------------------------------------
                                             20.722227   slack (MET)


Startpoint: rst_ni (input port clocked by clk_i)
Endpoint: _578_ (recovery check against rising-edge clock clk_i)
Path Group: asynchronous
Path Type: max

Fanout         Cap        Slew       Delay        Time   Description
---------------------------------------------------------------------------------------------
                                  0.000000    0.000000   clock clk_i (rise edge)
                                  0.000000    0.000000   clock network delay (propagated)
                                  5.000000    5.000000 ^ input external delay
     2    0.009382    0.048660    0.032007    5.032007 ^ rst_ni (in)
                                                         rst_ni (net)
                      0.048660    0.000000    5.032007 ^ input1/A (sky130_fd_sc_hd__buf_8)
     5    0.128799    0.207057    0.190278    5.222286 ^ input1/X (sky130_fd_sc_hd__buf_8)
                                                         net1 (net)
                      0.226426    0.047790    5.270076 ^ fanout99/A (sky130_fd_sc_hd__clkbuf_2)
     7    0.031689    0.176244    0.252490    5.522566 ^ fanout99/X (sky130_fd_sc_hd__clkbuf_2)
                                                         net99 (net)
                      0.176353    0.002220    5.524785 ^ _578_/RESET_B (sky130_fd_sc_hd__dfrtp_1)
                                              5.524785   data arrival time

                                 25.000000   25.000000   clock clk_i (rise edge)
                                  0.000000   25.000000   clock source latency
     2    0.071891    0.327468    0.237902   25.237902 ^ clk_i (in)
                                                         clk_i (net)
                      0.329570    0.000000   25.237902 ^ clkbuf_0_clk_i/A (sky130_fd_sc_hd__clkbuf_16)
     2    0.018366    0.045915    0.208679   25.446581 ^ clkbuf_0_clk_i/X (sky130_fd_sc_hd__clkbuf_16)
                                                         clknet_0_clk_i (net)
                      0.045915    0.000139   25.446720 ^ clkbuf_1_0__f_clk_i/A (sky130_fd_sc_hd__clkbuf_16)
     3    0.007966    0.031577    0.114250   25.560968 ^ clkbuf_1_0__f_clk_i/X (sky130_fd_sc_hd__clkbuf_16)
                                                         clknet_1_0__leaf_clk_i (net)
                      0.031577    0.000082   25.561050 ^ _498_/A (sky130_fd_sc_hd__and2_2)
     3    0.049082    0.252905    0.282418   25.843468 ^ _498_/X (sky130_fd_sc_hd__and2_2)
                                                         u_ibex.clk (net)
                      0.253412    0.009246   25.852715 ^ clkbuf_0_u_ibex.clk/A (sky130_fd_sc_hd__clkbuf_16)
     9    0.077738    0.096883    0.236470   26.089186 ^ clkbuf_0_u_ibex.clk/X (sky130_fd_sc_hd__clkbuf_16)
                                                         clknet_0_u_ibex.clk (net)
                      0.097357    0.005382   26.094566 ^ clkbuf_2_2__f_u_ibex.clk/A (sky130_fd_sc_hd__clkbuf_16)
    31    0.099917    0.117594    0.198355   26.292923 ^ clkbuf_2_2__f_u_ibex.clk/X (sky130_fd_sc_hd__clkbuf_16)
                                                         clknet_2_2__leaf_u_ibex.clk (net)
                      0.118611    0.008837   26.301760 ^ _578_/CLK (sky130_fd_sc_hd__dfrtp_1)
                                 -0.250000   26.051760   clock uncertainty
                                  0.000000   26.051760   clock reconvergence pessimism
                                  0.219287   26.271048   library recovery time
                                             26.271048   data required time
---------------------------------------------------------------------------------------------
                                             26.271048   data required time
                                             -5.524785   data arrival time
---------------------------------------------------------------------------------------------
                                             20.746264   slack (MET)


Startpoint: _565_ (rising edge-triggered flip-flop clocked by clk_i)
Endpoint: _570_ (rising edge-triggered flip-flop clocked by clk_i)
Path Group: clk_i
Path Type: max

Fanout         Cap        Slew       Delay        Time   Description
---------------------------------------------------------------------------------------------
                                  0.000000    0.000000   clock clk_i (rise edge)
                                  0.000000    0.000000   clock source latency
     2    0.071891    0.327468    0.237902    0.237902 ^ clk_i (in)
                                                         clk_i (net)
                      0.329570    0.000000    0.237902 ^ clkbuf_0_clk_i/A (sky130_fd_sc_hd__clkbuf_16)
     2    0.018366    0.045915    0.208680    0.446582 ^ clkbuf_0_clk_i/X (sky130_fd_sc_hd__clkbuf_16)
                                                         clknet_0_clk_i (net)
                      0.045915    0.000137    0.446719 ^ clkbuf_1_0__f_clk_i/A (sky130_fd_sc_hd__clkbuf_16)
     3    0.007966    0.031577    0.114250    0.560970 ^ clkbuf_1_0__f_clk_i/X (sky130_fd_sc_hd__clkbuf_16)
                                                         clknet_1_0__leaf_clk_i (net)
                      0.031577    0.000082    0.561052 ^ _498_/A (sky130_fd_sc_hd__and2_2)
     3    0.049082    0.253215    0.282417    0.843469 ^ _498_/X (sky130_fd_sc_hd__and2_2)
                                                         u_ibex.clk (net)
                      0.253722    0.009246    0.852715 ^ clkbuf_0_u_ibex.clk/A (sky130_fd_sc_hd__clkbuf_16)
     9    0.077738    0.096888    0.236566    1.089280 ^ clkbuf_0_u_ibex.clk/X (sky130_fd_sc_hd__clkbuf_16)
                                                         clknet_0_u_ibex.clk (net)
                      0.097344    0.005283    1.094563 ^ clkbuf_2_3__f_u_ibex.clk/A (sky130_fd_sc_hd__clkbuf_16)
    23    0.077329    0.094713    0.186021    1.280585 ^ clkbuf_2_3__f_u_ibex.clk/X (sky130_fd_sc_hd__clkbuf_16)
                                                         clknet_2_3__leaf_u_ibex.clk (net)
                      0.095741    0.007806    1.288391 ^ _565_/CLK (sky130_fd_sc_hd__dfrtp_1)
     1    0.001949    0.040055    0.325833    1.614224 ^ _565_/Q (sky130_fd_sc_hd__dfrtp_1)
                                                         u_ibex.u_ibex_core.id_stage_i.controller_i.id_wb_pending (net)
                      0.040055    0.000008    1.614232 ^ hold163/A (sky130_fd_sc_hd__dlygate4sd3_1)
     1    0.001893    0.045950    0.524708    2.138941 ^ hold163/X (sky130_fd_sc_hd__dlygate4sd3_1)
                                                         net334 (net)
                      0.045950    0.000016    2.138956 ^ hold21/A (sky130_fd_sc_hd__dlygate4sd3_1)
     1    0.003420    0.058350    0.540958    2.679914 ^ hold21/X (sky130_fd_sc_hd__dlygate4sd3_1)
                                                         net192 (net)
                      0.058350    0.000051    2.679966 ^ hold164/A (sky130_fd_sc_hd__dlygate4sd3_1)
     3    0.012836    0.141942    0.613897    3.293863 ^ hold164/X (sky130_fd_sc_hd__dlygate4sd3_1)
                                                         net335 (net)
                      0.141942    0.000212    3.294074 ^ _409_/A_N (sky130_fd_sc_hd__and2b_1)
     1    0.003383    0.036318    0.197635    3.491709 v _409_/X (sky130_fd_sc_hd__and2b_1)
                                                         u_ibex.u_ibex_core.id_stage_i.controller_i.do_single_step_d (net)
                      0.036318    0.000047    3.491756 v hold183/A (sky130_fd_sc_hd__dlygate4sd3_1)
     1    0.001721    0.048531    0.535014    4.026770 v hold183/X (sky130_fd_sc_hd__dlygate4sd3_1)
                                                         net354 (net)
                      0.048531    0.000007    4.026777 v hold26/A (sky130_fd_sc_hd__dlygate4sd3_1)
     2    0.004583    0.061884    0.562704    4.589481 v hold26/X (sky130_fd_sc_hd__dlygate4sd3_1)
                                                         net197 (net)
                      0.061884    0.000047    4.589528 v hold184/A (sky130_fd_sc_hd__dlygate4sd3_1)
     1    0.002545    0.051438    0.553012    5.142540 v hold184/X (sky130_fd_sc_hd__dlygate4sd3_1)
                                                         net355 (net)
                      0.051438    0.000024    5.142565 v _570_/D (sky130_fd_sc_hd__dfrtp_1)
                                              5.142565   data arrival time

                                 25.000000   25.000000   clock clk_i (rise edge)
                                  0.000000   25.000000   clock source latency
     2    0.071891    0.327468    0.237902   25.237902 ^ clk_i (in)
                                                         clk_i (net)
                      0.329570    0.000000   25.237902 ^ clkbuf_0_clk_i/A (sky130_fd_sc_hd__clkbuf_16)
     2    0.018366    0.045915    0.208679   25.446581 ^ clkbuf_0_clk_i/X (sky130_fd_sc_hd__clkbuf_16)
                                                         clknet_0_clk_i (net)
                      0.045915    0.000139   25.446720 ^ clkbuf_1_0__f_clk_i/A (sky130_fd_sc_hd__clkbuf_16)
     3    0.007966    0.031577    0.114250   25.560968 ^ clkbuf_1_0__f_clk_i/X (sky130_fd_sc_hd__clkbuf_16)
                                                         clknet_1_0__leaf_clk_i (net)
                      0.031577    0.000082   25.561050 ^ _498_/A (sky130_fd_sc_hd__and2_2)
     3    0.049082    0.252905    0.282418   25.843468 ^ _498_/X (sky130_fd_sc_hd__and2_2)
                                                         u_ibex.clk (net)
                      0.253412    0.009246   25.852715 ^ clkbuf_0_u_ibex.clk/A (sky130_fd_sc_hd__clkbuf_16)
     9    0.077738    0.096883    0.236470   26.089186 ^ clkbuf_0_u_ibex.clk/X (sky130_fd_sc_hd__clkbuf_16)
                                                         clknet_0_u_ibex.clk (net)
                      0.097339    0.005283   26.094467 ^ clkbuf_2_3__f_u_ibex.clk/A (sky130_fd_sc_hd__clkbuf_16)
    23    0.077329    0.094713    0.186020   26.280487 ^ clkbuf_2_3__f_u_ibex.clk/X (sky130_fd_sc_hd__clkbuf_16)
                                                         clknet_2_3__leaf_u_ibex.clk (net)
                      0.095679    0.007566   26.288054 ^ _570_/CLK (sky130_fd_sc_hd__dfrtp_1)
                                 -0.250000   26.038054   clock uncertainty
                                  0.000096   26.038151   clock reconvergence pessimism
                                 -0.105478   25.932673   library setup time
                                             25.932673   data required time
---------------------------------------------------------------------------------------------
                                             25.932673   data required time
                                             -5.142565   data arrival time
---------------------------------------------------------------------------------------------
                                             20.790108   slack (MET)



